# This file was produced by bcftools stats (1.21+htslib-1.21) and can be plotted using plot-vcfstats.
# The command line was:	bcftools stats  /project/cphg-millerlab/software/MonopogenLite/resources/1kGP_high_coverage_Illumina.SNVonly_poly.filtered_AF_5e-04.norm.fixvariantid.chr21.vcf.gz
#
# Definition of sets:
# ID	[2]id	[3]tab-separated file names
ID	0	/project/cphg-millerlab/software/MonopogenLite/resources/1kGP_high_coverage_Illumina.SNVonly_poly.filtered_AF_5e-04.norm.fixvariantid.chr21.vcf.gz
# SN, Summary numbers:
#   number of records   .. number of data rows in the VCF
#   number of no-ALTs   .. reference-only sites, ALT is either "." or identical to REF
#   number of SNPs      .. number of rows with a SNP
#   number of MNPs      .. number of rows with a MNP, such as CC>TT
#   number of indels    .. number of rows with an indel
#   number of others    .. number of rows with other type, for example a symbolic allele or
#                          a complex substitution, such as ACT>TCGA
#   number of multiallelic sites     .. number of rows with multiple alternate alleles
#   number of multiallelic SNP sites .. number of rows with multiple alternate alleles, all SNPs
# 
#   Note that rows containing multiple types will be counted multiple times, in each
#   counter. For example, a row with a SNP and an indel increments both the SNP and
#   the indel counter.
# 
# SN	[2]id	[3]key	[4]value
SN	0	number of samples:	3202
SN	0	number of records:	534447
SN	0	number of no-ALTs:	0
SN	0	number of SNPs:	534447
SN	0	number of MNPs:	0
SN	0	number of indels:	0
SN	0	number of others:	0
SN	0	number of multiallelic sites:	0
SN	0	number of multiallelic SNP sites:	0
# TSTV, transitions/transversions
#   - transitions, see https://en.wikipedia.org/wiki/Transition_(genetics)
#   - transversions, see https://en.wikipedia.org/wiki/Transversion
# TSTV	[2]id	[3]ts	[4]tv	[5]ts/tv	[6]ts (1st ALT)	[7]tv (1st ALT)	[8]ts/tv (1st ALT)
TSTV	0	362539	171908	2.11	362539	171908	2.11
# SiS, Singleton stats:
#   - allele count, i.e. the number of singleton genotypes (AC=1)
#   - number of transitions, see above
#   - number of transversions, see above
#   - repeat-consistent, inconsistent and n/a: experimental and useless stats [DEPRECATED]
# SiS	[2]id	[3]allele count	[4]number of SNPs	[5]number of transitions	[6]number of transversions	[7]number of indels	[8]repeat-consistent	[9]repeat-inconsistent	[10]not applicable
SiS	0	1	0	0	0	0	0	0	0
# AF, Stats by non-reference allele frequency:
# AF	[2]id	[3]allele frequency	[4]number of SNPs	[5]number of transitions	[6]number of transversions	[7]number of indels	[8]repeat-consistent	[9]repeat-inconsistent	[10]not applicable
AF	0	0.000312	53543	36704	16839	0	0	0	0
AF	0	0.000625	62010	42423	19587	0	0	0	0
AF	0	0.000937	38499	26256	12243	0	0	0	0
AF	0	0.001249	26920	18417	8503	0	0	0	0
AF	0	0.001562	20426	13884	6542	0	0	0	0
AF	0	0.001874	16357	11033	5324	0	0	0	0
AF	0	0.002186	13849	9414	4435	0	0	0	0
AF	0	0.002498	12047	8093	3954	0	0	0	0
AF	0	0.002811	10575	7072	3503	0	0	0	0
AF	0	0.003123	8994	6119	2875	0	0	0	0
AF	0	0.003435	8009	5433	2576	0	0	0	0
AF	0	0.003748	7358	4922	2436	0	0	0	0
AF	0	0.004060	6821	4522	2299	0	0	0	0
AF	0	0.004372	5874	3998	1876	0	0	0	0
AF	0	0.004685	5466	3732	1734	0	0	0	0
AF	0	0.004997	4939	3321	1618	0	0	0	0
AF	0	0.005309	4592	3122	1470	0	0	0	0
AF	0	0.005621	4300	2907	1393	0	0	0	0
AF	0	0.005934	4198	2816	1382	0	0	0	0
AF	0	0.006246	4032	2774	1258	0	0	0	0
AF	0	0.006558	3666	2439	1227	0	0	0	0
AF	0	0.006871	3343	2240	1103	0	0	0	0
AF	0	0.007183	3084	2020	1064	0	0	0	0
AF	0	0.007495	3084	2053	1031	0	0	0	0
AF	0	0.007808	2903	1964	939	0	0	0	0
AF	0	0.008120	2767	1866	901	0	0	0	0
AF	0	0.008432	2541	1742	799	0	0	0	0
AF	0	0.008745	2534	1702	832	0	0	0	0
AF	0	0.009057	2391	1592	799	0	0	0	0
AF	0	0.009369	2146	1443	703	0	0	0	0
AF	0	0.009681	2081	1412	669	0	0	0	0
AF	0	0.009994	2086	1384	702	0	0	0	0
AF	0	0.010306	1880	1294	586	0	0	0	0
AF	0	0.010618	1983	1338	645	0	0	0	0
AF	0	0.010931	1811	1214	597	0	0	0	0
AF	0	0.011243	1705	1137	568	0	0	0	0
AF	0	0.011555	1722	1158	564	0	0	0	0
AF	0	0.011868	1624	1093	531	0	0	0	0
AF	0	0.012180	1594	1080	514	0	0	0	0
AF	0	0.012492	1589	1074	515	0	0	0	0
AF	0	0.012804	1513	1014	499	0	0	0	0
AF	0	0.013117	1419	961	458	0	0	0	0
AF	0	0.013429	1416	956	460	0	0	0	0
AF	0	0.013741	1301	865	436	0	0	0	0
AF	0	0.014054	1287	844	443	0	0	0	0
AF	0	0.014366	1195	794	401	0	0	0	0
AF	0	0.014678	1142	756	386	0	0	0	0
AF	0	0.014991	1114	755	359	0	0	0	0
AF	0	0.015303	1198	809	389	0	0	0	0
AF	0	0.015615	1110	727	383	0	0	0	0
AF	0	0.015928	1006	668	338	0	0	0	0
AF	0	0.016240	1037	705	332	0	0	0	0
AF	0	0.016552	1033	672	361	0	0	0	0
AF	0	0.016864	989	673	316	0	0	0	0
AF	0	0.017177	1038	688	350	0	0	0	0
AF	0	0.017489	1023	720	303	0	0	0	0
AF	0	0.017801	923	617	306	0	0	0	0
AF	0	0.018114	972	652	320	0	0	0	0
AF	0	0.018426	1073	737	336	0	0	0	0
AF	0	0.018738	877	590	287	0	0	0	0
AF	0	0.019051	896	595	301	0	0	0	0
AF	0	0.019363	857	561	296	0	0	0	0
AF	0	0.019675	825	531	294	0	0	0	0
AF	0	0.019988	918	621	297	0	0	0	0
AF	0	0.020300	816	545	271	0	0	0	0
AF	0	0.020612	887	587	300	0	0	0	0
AF	0	0.020924	706	495	211	0	0	0	0
AF	0	0.021237	794	549	245	0	0	0	0
AF	0	0.021549	707	468	239	0	0	0	0
AF	0	0.021861	683	469	214	0	0	0	0
AF	0	0.022174	740	494	246	0	0	0	0
AF	0	0.022486	659	447	212	0	0	0	0
AF	0	0.022798	680	469	211	0	0	0	0
AF	0	0.023111	618	396	222	0	0	0	0
AF	0	0.023423	607	417	190	0	0	0	0
AF	0	0.023735	675	464	211	0	0	0	0
AF	0	0.024047	670	432	238	0	0	0	0
AF	0	0.024360	729	514	215	0	0	0	0
AF	0	0.024672	637	418	219	0	0	0	0
AF	0	0.024984	566	370	196	0	0	0	0
AF	0	0.025297	618	434	184	0	0	0	0
AF	0	0.025609	609	418	191	0	0	0	0
AF	0	0.025921	518	361	157	0	0	0	0
AF	0	0.026234	614	410	204	0	0	0	0
AF	0	0.026546	495	315	180	0	0	0	0
AF	0	0.026858	479	307	172	0	0	0	0
AF	0	0.027171	570	394	176	0	0	0	0
AF	0	0.027483	584	398	186	0	0	0	0
AF	0	0.027795	530	360	170	0	0	0	0
AF	0	0.028107	429	293	136	0	0	0	0
AF	0	0.028420	486	325	161	0	0	0	0
AF	0	0.028732	485	310	175	0	0	0	0
AF	0	0.029044	524	360	164	0	0	0	0
AF	0	0.029357	458	307	151	0	0	0	0
AF	0	0.029669	429	281	148	0	0	0	0
AF	0	0.029981	374	254	120	0	0	0	0
AF	0	0.030294	516	364	152	0	0	0	0
AF	0	0.030606	427	303	124	0	0	0	0
AF	0	0.030918	375	261	114	0	0	0	0
AF	0	0.031230	465	329	136	0	0	0	0
AF	0	0.031543	430	291	139	0	0	0	0
AF	0	0.031855	395	269	126	0	0	0	0
AF	0	0.032167	350	237	113	0	0	0	0
AF	0	0.032480	473	319	154	0	0	0	0
AF	0	0.032792	533	366	167	0	0	0	0
AF	0	0.033104	356	226	130	0	0	0	0
AF	0	0.033417	339	226	113	0	0	0	0
AF	0	0.033729	333	230	103	0	0	0	0
AF	0	0.034041	362	244	118	0	0	0	0
AF	0	0.034354	339	241	98	0	0	0	0
AF	0	0.034666	340	243	97	0	0	0	0
AF	0	0.034978	399	268	131	0	0	0	0
AF	0	0.035290	303	206	97	0	0	0	0
AF	0	0.035603	309	219	90	0	0	0	0
AF	0	0.035915	348	230	118	0	0	0	0
AF	0	0.036227	336	211	125	0	0	0	0
AF	0	0.036540	371	253	118	0	0	0	0
AF	0	0.036852	348	237	111	0	0	0	0
AF	0	0.037164	352	231	121	0	0	0	0
AF	0	0.037477	318	211	107	0	0	0	0
AF	0	0.037789	310	200	110	0	0	0	0
AF	0	0.038101	309	209	100	0	0	0	0
AF	0	0.038413	298	197	101	0	0	0	0
AF	0	0.038726	278	189	89	0	0	0	0
AF	0	0.039038	295	185	110	0	0	0	0
AF	0	0.039350	285	192	93	0	0	0	0
AF	0	0.039663	331	231	100	0	0	0	0
AF	0	0.039975	265	180	85	0	0	0	0
AF	0	0.040287	230	148	82	0	0	0	0
AF	0	0.040600	248	163	85	0	0	0	0
AF	0	0.040912	295	213	82	0	0	0	0
AF	0	0.041224	267	173	94	0	0	0	0
AF	0	0.041537	307	224	83	0	0	0	0
AF	0	0.041849	254	170	84	0	0	0	0
AF	0	0.042161	252	175	77	0	0	0	0
AF	0	0.042473	242	157	85	0	0	0	0
AF	0	0.042786	276	198	78	0	0	0	0
AF	0	0.043098	289	186	103	0	0	0	0
AF	0	0.043410	277	181	96	0	0	0	0
AF	0	0.043723	213	149	64	0	0	0	0
AF	0	0.044035	220	150	70	0	0	0	0
AF	0	0.044347	321	217	104	0	0	0	0
AF	0	0.044660	257	165	92	0	0	0	0
AF	0	0.044972	221	147	74	0	0	0	0
AF	0	0.045284	263	176	87	0	0	0	0
AF	0	0.045597	242	155	87	0	0	0	0
AF	0	0.045909	249	173	76	0	0	0	0
AF	0	0.046221	276	189	87	0	0	0	0
AF	0	0.046533	242	170	72	0	0	0	0
AF	0	0.046846	240	169	71	0	0	0	0
AF	0	0.047158	210	149	61	0	0	0	0
AF	0	0.047470	204	140	64	0	0	0	0
AF	0	0.047783	181	129	52	0	0	0	0
AF	0	0.048095	203	142	61	0	0	0	0
AF	0	0.048407	242	158	84	0	0	0	0
AF	0	0.048720	241	161	80	0	0	0	0
AF	0	0.049032	194	121	73	0	0	0	0
AF	0	0.049344	241	166	75	0	0	0	0
AF	0	0.049656	212	168	44	0	0	0	0
AF	0	0.049969	208	145	63	0	0	0	0
AF	0	0.050281	182	113	69	0	0	0	0
AF	0	0.050593	192	124	68	0	0	0	0
AF	0	0.050906	237	159	78	0	0	0	0
AF	0	0.051218	214	136	78	0	0	0	0
AF	0	0.051530	229	168	61	0	0	0	0
AF	0	0.051843	151	99	52	0	0	0	0
AF	0	0.052155	174	108	66	0	0	0	0
AF	0	0.052467	187	131	56	0	0	0	0
AF	0	0.052780	209	143	66	0	0	0	0
AF	0	0.053092	221	146	75	0	0	0	0
AF	0	0.053404	203	138	65	0	0	0	0
AF	0	0.053716	188	128	60	0	0	0	0
AF	0	0.054029	200	137	63	0	0	0	0
AF	0	0.054341	205	131	74	0	0	0	0
AF	0	0.054653	179	118	61	0	0	0	0
AF	0	0.054966	223	159	64	0	0	0	0
AF	0	0.055278	199	129	70	0	0	0	0
AF	0	0.055590	230	159	71	0	0	0	0
AF	0	0.055903	192	122	70	0	0	0	0
AF	0	0.056215	191	121	70	0	0	0	0
AF	0	0.056527	178	127	51	0	0	0	0
AF	0	0.056839	187	136	51	0	0	0	0
AF	0	0.057152	216	142	74	0	0	0	0
AF	0	0.057464	195	130	65	0	0	0	0
AF	0	0.057776	205	130	75	0	0	0	0
AF	0	0.058089	174	114	60	0	0	0	0
AF	0	0.058401	174	114	60	0	0	0	0
AF	0	0.058713	173	115	58	0	0	0	0
AF	0	0.059026	199	132	67	0	0	0	0
AF	0	0.059338	175	118	57	0	0	0	0
AF	0	0.059650	191	124	67	0	0	0	0
AF	0	0.059963	180	107	73	0	0	0	0
AF	0	0.060275	171	123	48	0	0	0	0
AF	0	0.060587	179	124	55	0	0	0	0
AF	0	0.060899	147	104	43	0	0	0	0
AF	0	0.061212	175	118	57	0	0	0	0
AF	0	0.061524	187	138	49	0	0	0	0
AF	0	0.061836	231	157	74	0	0	0	0
AF	0	0.062149	193	126	67	0	0	0	0
AF	0	0.062461	180	124	56	0	0	0	0
AF	0	0.062773	137	96	41	0	0	0	0
AF	0	0.063086	169	130	39	0	0	0	0
AF	0	0.063398	152	96	56	0	0	0	0
AF	0	0.063710	168	116	52	0	0	0	0
AF	0	0.064022	184	129	55	0	0	0	0
AF	0	0.064335	145	99	46	0	0	0	0
AF	0	0.064647	140	94	46	0	0	0	0
AF	0	0.064959	146	95	51	0	0	0	0
AF	0	0.065272	169	125	44	0	0	0	0
AF	0	0.065584	192	139	53	0	0	0	0
AF	0	0.065896	141	90	51	0	0	0	0
AF	0	0.066209	150	98	52	0	0	0	0
AF	0	0.066521	133	84	49	0	0	0	0
AF	0	0.066833	161	111	50	0	0	0	0
AF	0	0.067146	136	89	47	0	0	0	0
AF	0	0.067458	163	107	56	0	0	0	0
AF	0	0.067770	137	102	35	0	0	0	0
AF	0	0.068082	157	96	61	0	0	0	0
AF	0	0.068395	158	103	55	0	0	0	0
AF	0	0.068707	159	97	62	0	0	0	0
AF	0	0.069019	161	114	47	0	0	0	0
AF	0	0.069332	122	85	37	0	0	0	0
AF	0	0.069644	142	98	44	0	0	0	0
AF	0	0.069956	154	99	55	0	0	0	0
AF	0	0.070269	141	94	47	0	0	0	0
AF	0	0.070581	132	96	36	0	0	0	0
AF	0	0.070893	154	96	58	0	0	0	0
AF	0	0.071205	167	113	54	0	0	0	0
AF	0	0.071518	123	74	49	0	0	0	0
AF	0	0.071830	152	105	47	0	0	0	0
AF	0	0.072142	133	87	46	0	0	0	0
AF	0	0.072455	153	97	56	0	0	0	0
AF	0	0.072767	142	88	54	0	0	0	0
AF	0	0.073079	108	69	39	0	0	0	0
AF	0	0.073392	133	83	50	0	0	0	0
AF	0	0.073704	130	96	34	0	0	0	0
AF	0	0.074016	116	76	40	0	0	0	0
AF	0	0.074329	122	84	38	0	0	0	0
AF	0	0.074641	129	85	44	0	0	0	0
AF	0	0.074953	105	71	34	0	0	0	0
AF	0	0.075265	128	94	34	0	0	0	0
AF	0	0.075578	111	71	40	0	0	0	0
AF	0	0.075890	131	81	50	0	0	0	0
AF	0	0.076202	126	85	41	0	0	0	0
AF	0	0.076515	114	72	42	0	0	0	0
AF	0	0.076827	111	79	32	0	0	0	0
AF	0	0.077139	100	73	27	0	0	0	0
AF	0	0.077452	117	83	34	0	0	0	0
AF	0	0.077764	90	58	32	0	0	0	0
AF	0	0.078076	120	91	29	0	0	0	0
AF	0	0.078389	114	78	36	0	0	0	0
AF	0	0.078701	143	96	47	0	0	0	0
AF	0	0.079013	99	64	35	0	0	0	0
AF	0	0.079325	99	62	37	0	0	0	0
AF	0	0.079638	109	78	31	0	0	0	0
AF	0	0.079950	96	69	27	0	0	0	0
AF	0	0.080262	119	83	36	0	0	0	0
AF	0	0.080575	115	77	38	0	0	0	0
AF	0	0.080887	127	83	44	0	0	0	0
AF	0	0.081199	148	109	39	0	0	0	0
AF	0	0.081512	112	74	38	0	0	0	0
AF	0	0.081824	117	85	32	0	0	0	0
AF	0	0.082136	107	67	40	0	0	0	0
AF	0	0.082448	134	92	42	0	0	0	0
AF	0	0.082761	105	79	26	0	0	0	0
AF	0	0.083073	137	84	53	0	0	0	0
AF	0	0.083385	89	53	36	0	0	0	0
AF	0	0.083698	127	82	45	0	0	0	0
AF	0	0.084010	136	87	49	0	0	0	0
AF	0	0.084322	136	85	51	0	0	0	0
AF	0	0.084635	123	75	48	0	0	0	0
AF	0	0.084947	83	57	26	0	0	0	0
AF	0	0.085259	131	95	36	0	0	0	0
AF	0	0.085572	117	73	44	0	0	0	0
AF	0	0.085884	130	95	35	0	0	0	0
AF	0	0.086196	156	109	47	0	0	0	0
AF	0	0.086508	119	82	37	0	0	0	0
AF	0	0.086821	139	97	42	0	0	0	0
AF	0	0.087133	146	104	42	0	0	0	0
AF	0	0.087445	96	68	28	0	0	0	0
AF	0	0.087758	97	70	27	0	0	0	0
AF	0	0.088070	91	58	33	0	0	0	0
AF	0	0.088382	99	65	34	0	0	0	0
AF	0	0.088695	130	85	45	0	0	0	0
AF	0	0.089007	152	108	44	0	0	0	0
AF	0	0.089319	136	89	47	0	0	0	0
AF	0	0.089631	120	75	45	0	0	0	0
AF	0	0.089944	119	85	34	0	0	0	0
AF	0	0.090256	105	74	31	0	0	0	0
AF	0	0.090568	89	60	29	0	0	0	0
AF	0	0.090881	79	53	26	0	0	0	0
AF	0	0.091193	113	76	37	0	0	0	0
AF	0	0.091505	91	64	27	0	0	0	0
AF	0	0.091818	117	77	40	0	0	0	0
AF	0	0.092130	108	68	40	0	0	0	0
AF	0	0.092442	109	81	28	0	0	0	0
AF	0	0.092755	117	86	31	0	0	0	0
AF	0	0.093067	106	71	35	0	0	0	0
AF	0	0.093379	108	77	31	0	0	0	0
AF	0	0.093691	120	85	35	0	0	0	0
AF	0	0.094004	89	65	24	0	0	0	0
AF	0	0.094316	125	74	51	0	0	0	0
AF	0	0.094628	103	66	37	0	0	0	0
AF	0	0.094941	103	62	41	0	0	0	0
AF	0	0.095253	95	63	32	0	0	0	0
AF	0	0.095565	119	83	36	0	0	0	0
AF	0	0.095878	105	74	31	0	0	0	0
AF	0	0.096190	107	68	39	0	0	0	0
AF	0	0.096502	83	62	21	0	0	0	0
AF	0	0.096814	109	79	30	0	0	0	0
AF	0	0.097127	107	74	33	0	0	0	0
AF	0	0.097439	106	76	30	0	0	0	0
AF	0	0.097751	98	73	25	0	0	0	0
AF	0	0.098064	112	74	38	0	0	0	0
AF	0	0.098376	127	82	45	0	0	0	0
AF	0	0.098688	106	68	38	0	0	0	0
AF	0	0.099001	108	70	38	0	0	0	0
AF	0	0.099313	123	80	43	0	0	0	0
AF	0	0.099625	90	58	32	0	0	0	0
AF	0	0.099938	93	71	22	0	0	0	0
AF	0	0.100250	95	57	38	0	0	0	0
AF	0	0.100562	122	87	35	0	0	0	0
AF	0	0.100874	86	58	28	0	0	0	0
AF	0	0.101187	83	54	29	0	0	0	0
AF	0	0.101499	89	61	28	0	0	0	0
AF	0	0.101811	71	47	24	0	0	0	0
AF	0	0.102124	91	65	26	0	0	0	0
AF	0	0.102436	114	73	41	0	0	0	0
AF	0	0.102748	102	71	31	0	0	0	0
AF	0	0.103061	107	71	36	0	0	0	0
AF	0	0.103373	115	76	39	0	0	0	0
AF	0	0.103685	104	70	34	0	0	0	0
AF	0	0.103998	113	74	39	0	0	0	0
AF	0	0.104310	92	65	27	0	0	0	0
AF	0	0.104622	108	63	45	0	0	0	0
AF	0	0.104934	117	71	46	0	0	0	0
AF	0	0.105247	81	51	30	0	0	0	0
AF	0	0.105559	141	100	41	0	0	0	0
AF	0	0.105871	74	46	28	0	0	0	0
AF	0	0.106184	101	64	37	0	0	0	0
AF	0	0.106496	95	60	35	0	0	0	0
AF	0	0.106808	83	54	29	0	0	0	0
AF	0	0.107121	99	66	33	0	0	0	0
AF	0	0.107433	83	60	23	0	0	0	0
AF	0	0.107745	98	65	33	0	0	0	0
AF	0	0.108057	87	63	24	0	0	0	0
AF	0	0.108370	77	49	28	0	0	0	0
AF	0	0.108682	98	71	27	0	0	0	0
AF	0	0.108994	203	142	61	0	0	0	0
AF	0	0.109307	93	59	34	0	0	0	0
AF	0	0.109619	97	54	43	0	0	0	0
AF	0	0.109931	96	69	27	0	0	0	0
AF	0	0.110244	91	59	32	0	0	0	0
AF	0	0.110556	85	65	20	0	0	0	0
AF	0	0.110868	80	52	28	0	0	0	0
AF	0	0.111181	97	66	31	0	0	0	0
AF	0	0.111493	99	64	35	0	0	0	0
AF	0	0.111805	86	57	29	0	0	0	0
AF	0	0.112117	77	42	35	0	0	0	0
AF	0	0.112430	90	58	32	0	0	0	0
AF	0	0.112742	87	64	23	0	0	0	0
AF	0	0.113054	96	74	22	0	0	0	0
AF	0	0.113367	74	44	30	0	0	0	0
AF	0	0.113679	91	62	29	0	0	0	0
AF	0	0.113991	100	63	37	0	0	0	0
AF	0	0.114304	85	51	34	0	0	0	0
AF	0	0.114616	80	51	29	0	0	0	0
AF	0	0.114928	118	82	36	0	0	0	0
AF	0	0.115240	109	71	38	0	0	0	0
AF	0	0.115553	119	80	39	0	0	0	0
AF	0	0.115865	146	95	51	0	0	0	0
AF	0	0.116177	110	74	36	0	0	0	0
AF	0	0.116490	107	75	32	0	0	0	0
AF	0	0.116802	89	58	31	0	0	0	0
AF	0	0.117114	130	75	55	0	0	0	0
AF	0	0.117427	65	46	19	0	0	0	0
AF	0	0.117739	89	66	23	0	0	0	0
AF	0	0.118051	75	40	35	0	0	0	0
AF	0	0.118364	84	46	38	0	0	0	0
AF	0	0.118676	110	69	41	0	0	0	0
AF	0	0.118988	104	77	27	0	0	0	0
AF	0	0.119300	85	62	23	0	0	0	0
AF	0	0.119613	81	53	28	0	0	0	0
AF	0	0.119925	88	65	23	0	0	0	0
AF	0	0.120237	114	80	34	0	0	0	0
AF	0	0.120550	96	64	32	0	0	0	0
AF	0	0.120862	68	45	23	0	0	0	0
AF	0	0.121174	87	56	31	0	0	0	0
AF	0	0.121487	77	58	19	0	0	0	0
AF	0	0.121799	91	62	29	0	0	0	0
AF	0	0.122111	108	75	33	0	0	0	0
AF	0	0.122423	109	74	35	0	0	0	0
AF	0	0.122736	121	79	42	0	0	0	0
AF	0	0.123048	123	81	42	0	0	0	0
AF	0	0.123360	82	57	25	0	0	0	0
AF	0	0.123673	78	52	26	0	0	0	0
AF	0	0.123985	94	60	34	0	0	0	0
AF	0	0.124297	90	60	30	0	0	0	0
AF	0	0.124610	93	59	34	0	0	0	0
AF	0	0.124922	96	71	25	0	0	0	0
AF	0	0.125234	84	61	23	0	0	0	0
AF	0	0.125547	64	41	23	0	0	0	0
AF	0	0.125859	102	75	27	0	0	0	0
AF	0	0.126171	119	76	43	0	0	0	0
AF	0	0.126483	93	59	34	0	0	0	0
AF	0	0.126796	92	60	32	0	0	0	0
AF	0	0.127108	93	67	26	0	0	0	0
AF	0	0.127420	88	59	29	0	0	0	0
AF	0	0.127733	80	57	23	0	0	0	0
AF	0	0.128045	99	71	28	0	0	0	0
AF	0	0.128357	107	73	34	0	0	0	0
AF	0	0.128670	88	60	28	0	0	0	0
AF	0	0.128982	104	67	37	0	0	0	0
AF	0	0.129294	83	66	17	0	0	0	0
AF	0	0.129606	74	54	20	0	0	0	0
AF	0	0.129919	62	46	16	0	0	0	0
AF	0	0.130231	90	62	28	0	0	0	0
AF	0	0.130543	75	55	20	0	0	0	0
AF	0	0.130856	81	57	24	0	0	0	0
AF	0	0.131168	65	47	18	0	0	0	0
AF	0	0.131480	68	49	19	0	0	0	0
AF	0	0.131793	78	52	26	0	0	0	0
AF	0	0.132105	81	54	27	0	0	0	0
AF	0	0.132417	92	69	23	0	0	0	0
AF	0	0.132730	83	55	28	0	0	0	0
AF	0	0.133042	76	49	27	0	0	0	0
AF	0	0.133354	86	65	21	0	0	0	0
AF	0	0.133666	76	49	27	0	0	0	0
AF	0	0.133979	59	43	16	0	0	0	0
AF	0	0.134291	86	60	26	0	0	0	0
AF	0	0.134603	97	68	29	0	0	0	0
AF	0	0.134916	69	49	20	0	0	0	0
AF	0	0.135228	65	40	25	0	0	0	0
AF	0	0.135540	95	68	27	0	0	0	0
AF	0	0.135853	82	49	33	0	0	0	0
AF	0	0.136165	105	68	37	0	0	0	0
AF	0	0.136477	120	80	40	0	0	0	0
AF	0	0.136790	95	62	33	0	0	0	0
AF	0	0.137102	96	60	36	0	0	0	0
AF	0	0.137414	75	52	23	0	0	0	0
AF	0	0.137726	74	42	32	0	0	0	0
AF	0	0.138039	86	63	23	0	0	0	0
AF	0	0.138351	93	62	31	0	0	0	0
AF	0	0.138663	107	80	27	0	0	0	0
AF	0	0.138976	69	53	16	0	0	0	0
AF	0	0.139288	90	68	22	0	0	0	0
AF	0	0.139600	93	63	30	0	0	0	0
AF	0	0.139913	71	49	22	0	0	0	0
AF	0	0.140225	90	52	38	0	0	0	0
AF	0	0.140537	82	55	27	0	0	0	0
AF	0	0.140849	66	46	20	0	0	0	0
AF	0	0.141162	76	45	31	0	0	0	0
AF	0	0.141474	82	56	26	0	0	0	0
AF	0	0.141786	84	63	21	0	0	0	0
AF	0	0.142099	106	74	32	0	0	0	0
AF	0	0.142411	97	65	32	0	0	0	0
AF	0	0.142723	64	38	26	0	0	0	0
AF	0	0.143036	79	63	16	0	0	0	0
AF	0	0.143348	69	49	20	0	0	0	0
AF	0	0.143660	79	48	31	0	0	0	0
AF	0	0.143973	93	63	30	0	0	0	0
AF	0	0.144285	79	57	22	0	0	0	0
AF	0	0.144597	96	63	33	0	0	0	0
AF	0	0.144909	65	44	21	0	0	0	0
AF	0	0.145222	70	54	16	0	0	0	0
AF	0	0.145534	79	58	21	0	0	0	0
AF	0	0.145846	87	70	17	0	0	0	0
AF	0	0.146159	108	82	26	0	0	0	0
AF	0	0.146471	79	59	20	0	0	0	0
AF	0	0.146783	67	38	29	0	0	0	0
AF	0	0.147096	82	51	31	0	0	0	0
AF	0	0.147408	82	52	30	0	0	0	0
AF	0	0.147720	75	52	23	0	0	0	0
AF	0	0.148032	71	52	19	0	0	0	0
AF	0	0.148345	102	72	30	0	0	0	0
AF	0	0.148657	68	46	22	0	0	0	0
AF	0	0.148969	68	41	27	0	0	0	0
AF	0	0.149282	69	43	26	0	0	0	0
AF	0	0.149594	78	56	22	0	0	0	0
AF	0	0.149906	61	46	15	0	0	0	0
AF	0	0.150219	83	54	29	0	0	0	0
AF	0	0.150531	56	40	16	0	0	0	0
AF	0	0.150843	66	42	24	0	0	0	0
AF	0	0.151156	69	47	22	0	0	0	0
AF	0	0.151468	64	43	21	0	0	0	0
AF	0	0.151780	71	51	20	0	0	0	0
AF	0	0.152092	83	55	28	0	0	0	0
AF	0	0.152405	61	43	18	0	0	0	0
AF	0	0.152717	57	41	16	0	0	0	0
AF	0	0.153029	61	42	19	0	0	0	0
AF	0	0.153342	54	38	16	0	0	0	0
AF	0	0.153654	105	73	32	0	0	0	0
AF	0	0.153966	64	43	21	0	0	0	0
AF	0	0.154279	53	41	12	0	0	0	0
AF	0	0.154591	72	49	23	0	0	0	0
AF	0	0.154903	68	48	20	0	0	0	0
AF	0	0.155215	61	40	21	0	0	0	0
AF	0	0.155528	57	36	21	0	0	0	0
AF	0	0.155840	62	41	21	0	0	0	0
AF	0	0.156152	77	57	20	0	0	0	0
AF	0	0.156465	71	51	20	0	0	0	0
AF	0	0.156777	67	47	20	0	0	0	0
AF	0	0.157089	78	55	23	0	0	0	0
AF	0	0.157402	63	40	23	0	0	0	0
AF	0	0.157714	58	41	17	0	0	0	0
AF	0	0.158026	55	35	20	0	0	0	0
AF	0	0.158339	57	32	25	0	0	0	0
AF	0	0.158651	76	54	22	0	0	0	0
AF	0	0.158963	49	30	19	0	0	0	0
AF	0	0.159275	72	45	27	0	0	0	0
AF	0	0.159588	55	36	19	0	0	0	0
AF	0	0.159900	56	40	16	0	0	0	0
AF	0	0.160212	55	44	11	0	0	0	0
AF	0	0.160525	64	43	21	0	0	0	0
AF	0	0.160837	64	50	14	0	0	0	0
AF	0	0.161149	65	42	23	0	0	0	0
AF	0	0.161462	69	48	21	0	0	0	0
AF	0	0.161774	63	47	16	0	0	0	0
AF	0	0.162086	111	70	41	0	0	0	0
AF	0	0.162399	63	42	21	0	0	0	0
AF	0	0.162711	45	35	10	0	0	0	0
AF	0	0.163023	59	43	16	0	0	0	0
AF	0	0.163335	64	40	24	0	0	0	0
AF	0	0.163648	53	42	11	0	0	0	0
AF	0	0.163960	62	48	14	0	0	0	0
AF	0	0.164272	69	46	23	0	0	0	0
AF	0	0.164585	61	36	25	0	0	0	0
AF	0	0.164897	73	52	21	0	0	0	0
AF	0	0.165209	57	33	24	0	0	0	0
AF	0	0.165522	59	39	20	0	0	0	0
AF	0	0.165834	71	46	25	0	0	0	0
AF	0	0.166146	51	37	14	0	0	0	0
AF	0	0.166458	50	31	19	0	0	0	0
AF	0	0.166771	71	52	19	0	0	0	0
AF	0	0.167083	84	56	28	0	0	0	0
AF	0	0.167395	53	35	18	0	0	0	0
AF	0	0.167708	66	35	31	0	0	0	0
AF	0	0.168020	79	50	29	0	0	0	0
AF	0	0.168332	71	47	24	0	0	0	0
AF	0	0.168645	68	51	17	0	0	0	0
AF	0	0.168957	48	30	18	0	0	0	0
AF	0	0.169269	40	31	9	0	0	0	0
AF	0	0.169582	49	36	13	0	0	0	0
AF	0	0.169894	68	49	19	0	0	0	0
AF	0	0.170206	57	38	19	0	0	0	0
AF	0	0.170518	68	44	24	0	0	0	0
AF	0	0.170831	57	43	14	0	0	0	0
AF	0	0.171143	63	40	23	0	0	0	0
AF	0	0.171455	79	52	27	0	0	0	0
AF	0	0.171768	77	53	24	0	0	0	0
AF	0	0.172080	61	45	16	0	0	0	0
AF	0	0.172392	79	60	19	0	0	0	0
AF	0	0.172705	70	39	31	0	0	0	0
AF	0	0.173017	70	46	24	0	0	0	0
AF	0	0.173329	57	35	22	0	0	0	0
AF	0	0.173641	71	47	24	0	0	0	0
AF	0	0.173954	74	53	21	0	0	0	0
AF	0	0.174266	88	67	21	0	0	0	0
AF	0	0.174578	97	69	28	0	0	0	0
AF	0	0.174891	57	32	25	0	0	0	0
AF	0	0.175203	73	44	29	0	0	0	0
AF	0	0.175515	58	37	21	0	0	0	0
AF	0	0.175828	52	38	14	0	0	0	0
AF	0	0.176140	37	22	15	0	0	0	0
AF	0	0.176452	78	56	22	0	0	0	0
AF	0	0.176765	49	27	22	0	0	0	0
AF	0	0.177077	60	36	24	0	0	0	0
AF	0	0.177389	50	32	18	0	0	0	0
AF	0	0.177701	45	36	9	0	0	0	0
AF	0	0.178014	63	45	18	0	0	0	0
AF	0	0.178326	51	34	17	0	0	0	0
AF	0	0.178638	42	28	14	0	0	0	0
AF	0	0.178951	50	35	15	0	0	0	0
AF	0	0.179263	56	40	16	0	0	0	0
AF	0	0.179575	44	28	16	0	0	0	0
AF	0	0.179888	67	41	26	0	0	0	0
AF	0	0.180200	52	37	15	0	0	0	0
AF	0	0.180512	62	41	21	0	0	0	0
AF	0	0.180824	65	48	17	0	0	0	0
AF	0	0.181137	60	40	20	0	0	0	0
AF	0	0.181449	77	43	34	0	0	0	0
AF	0	0.181761	54	37	17	0	0	0	0
AF	0	0.182074	62	43	19	0	0	0	0
AF	0	0.182386	57	38	19	0	0	0	0
AF	0	0.182698	50	35	15	0	0	0	0
AF	0	0.183011	39	31	8	0	0	0	0
AF	0	0.183323	50	31	19	0	0	0	0
AF	0	0.183635	58	40	18	0	0	0	0
AF	0	0.183948	56	35	21	0	0	0	0
AF	0	0.184260	58	31	27	0	0	0	0
AF	0	0.184572	63	44	19	0	0	0	0
AF	0	0.184884	100	73	27	0	0	0	0
AF	0	0.185197	62	42	20	0	0	0	0
AF	0	0.185509	53	41	12	0	0	0	0
AF	0	0.185821	44	33	11	0	0	0	0
AF	0	0.186134	75	53	22	0	0	0	0
AF	0	0.186446	54	37	17	0	0	0	0
AF	0	0.186758	51	32	19	0	0	0	0
AF	0	0.187071	41	23	18	0	0	0	0
AF	0	0.187383	51	31	20	0	0	0	0
AF	0	0.187695	64	44	20	0	0	0	0
AF	0	0.188007	47	36	11	0	0	0	0
AF	0	0.188320	57	41	16	0	0	0	0
AF	0	0.188632	52	33	19	0	0	0	0
AF	0	0.188944	60	39	21	0	0	0	0
AF	0	0.189257	68	46	22	0	0	0	0
AF	0	0.189569	52	29	23	0	0	0	0
AF	0	0.189881	64	43	21	0	0	0	0
AF	0	0.190194	74	48	26	0	0	0	0
AF	0	0.190506	72	49	23	0	0	0	0
AF	0	0.190818	56	38	18	0	0	0	0
AF	0	0.191131	51	37	14	0	0	0	0
AF	0	0.191443	47	38	9	0	0	0	0
AF	0	0.191755	67	47	20	0	0	0	0
AF	0	0.192067	56	35	21	0	0	0	0
AF	0	0.192380	47	30	17	0	0	0	0
AF	0	0.192692	56	38	18	0	0	0	0
AF	0	0.193004	50	34	16	0	0	0	0
AF	0	0.193317	78	50	28	0	0	0	0
AF	0	0.193629	85	56	29	0	0	0	0
AF	0	0.193941	53	37	16	0	0	0	0
AF	0	0.194254	50	39	11	0	0	0	0
AF	0	0.194566	52	32	20	0	0	0	0
AF	0	0.194878	61	34	27	0	0	0	0
AF	0	0.195191	60	43	17	0	0	0	0
AF	0	0.195503	61	35	26	0	0	0	0
AF	0	0.195815	59	43	16	0	0	0	0
AF	0	0.196127	53	39	14	0	0	0	0
AF	0	0.196440	52	31	21	0	0	0	0
AF	0	0.196752	79	52	27	0	0	0	0
AF	0	0.197064	61	44	17	0	0	0	0
AF	0	0.197377	43	30	13	0	0	0	0
AF	0	0.197689	34	20	14	0	0	0	0
AF	0	0.198001	65	45	20	0	0	0	0
AF	0	0.198314	41	27	14	0	0	0	0
AF	0	0.198626	74	46	28	0	0	0	0
AF	0	0.198938	41	22	19	0	0	0	0
AF	0	0.199250	46	33	13	0	0	0	0
AF	0	0.199563	48	36	12	0	0	0	0
AF	0	0.199875	62	37	25	0	0	0	0
AF	0	0.200187	54	32	22	0	0	0	0
AF	0	0.200500	38	23	15	0	0	0	0
AF	0	0.200812	36	22	14	0	0	0	0
AF	0	0.201124	55	35	20	0	0	0	0
AF	0	0.201437	34	21	13	0	0	0	0
AF	0	0.201749	34	21	13	0	0	0	0
AF	0	0.202061	45	28	17	0	0	0	0
AF	0	0.202374	38	22	16	0	0	0	0
AF	0	0.202686	47	31	16	0	0	0	0
AF	0	0.202998	40	27	13	0	0	0	0
AF	0	0.203310	39	29	10	0	0	0	0
AF	0	0.203623	101	69	32	0	0	0	0
AF	0	0.203935	69	46	23	0	0	0	0
AF	0	0.204247	57	34	23	0	0	0	0
AF	0	0.204560	57	40	17	0	0	0	0
AF	0	0.204872	54	35	19	0	0	0	0
AF	0	0.205184	57	38	19	0	0	0	0
AF	0	0.205497	55	31	24	0	0	0	0
AF	0	0.205809	49	30	19	0	0	0	0
AF	0	0.206121	89	58	31	0	0	0	0
AF	0	0.206433	59	38	21	0	0	0	0
AF	0	0.206746	53	31	22	0	0	0	0
AF	0	0.207058	46	31	15	0	0	0	0
AF	0	0.207370	41	29	12	0	0	0	0
AF	0	0.207683	39	23	16	0	0	0	0
AF	0	0.207995	45	32	13	0	0	0	0
AF	0	0.208307	65	37	28	0	0	0	0
AF	0	0.208620	54	38	16	0	0	0	0
AF	0	0.208932	56	34	22	0	0	0	0
AF	0	0.209244	46	29	17	0	0	0	0
AF	0	0.209557	35	26	9	0	0	0	0
AF	0	0.209869	41	24	17	0	0	0	0
AF	0	0.210181	32	27	5	0	0	0	0
AF	0	0.210493	42	28	14	0	0	0	0
AF	0	0.210806	58	38	20	0	0	0	0
AF	0	0.211118	52	33	19	0	0	0	0
AF	0	0.211430	86	65	21	0	0	0	0
AF	0	0.211743	68	53	15	0	0	0	0
AF	0	0.212055	43	32	11	0	0	0	0
AF	0	0.212367	67	48	19	0	0	0	0
AF	0	0.212680	57	39	18	0	0	0	0
AF	0	0.212992	59	48	11	0	0	0	0
AF	0	0.213304	57	36	21	0	0	0	0
AF	0	0.213616	58	39	19	0	0	0	0
AF	0	0.213929	40	25	15	0	0	0	0
AF	0	0.214241	54	37	17	0	0	0	0
AF	0	0.214553	50	34	16	0	0	0	0
AF	0	0.214866	54	33	21	0	0	0	0
AF	0	0.215178	52	39	13	0	0	0	0
AF	0	0.215490	51	29	22	0	0	0	0
AF	0	0.215803	50	33	17	0	0	0	0
AF	0	0.216115	46	33	13	0	0	0	0
AF	0	0.216427	49	30	19	0	0	0	0
AF	0	0.216740	35	26	9	0	0	0	0
AF	0	0.217052	41	25	16	0	0	0	0
AF	0	0.217364	45	31	14	0	0	0	0
AF	0	0.217676	58	41	17	0	0	0	0
AF	0	0.217989	48	33	15	0	0	0	0
AF	0	0.218301	54	40	14	0	0	0	0
AF	0	0.218613	64	39	25	0	0	0	0
AF	0	0.218926	51	36	15	0	0	0	0
AF	0	0.219238	58	35	23	0	0	0	0
AF	0	0.219550	42	31	11	0	0	0	0
AF	0	0.219863	55	36	19	0	0	0	0
AF	0	0.220175	38	21	17	0	0	0	0
AF	0	0.220487	47	33	14	0	0	0	0
AF	0	0.220800	37	25	12	0	0	0	0
AF	0	0.221112	53	37	16	0	0	0	0
AF	0	0.221424	57	36	21	0	0	0	0
AF	0	0.221736	38	21	17	0	0	0	0
AF	0	0.222049	41	24	17	0	0	0	0
AF	0	0.222361	35	22	13	0	0	0	0
AF	0	0.222673	43	31	12	0	0	0	0
AF	0	0.222986	47	32	15	0	0	0	0
AF	0	0.223298	54	39	15	0	0	0	0
AF	0	0.223610	38	22	16	0	0	0	0
AF	0	0.223923	42	31	11	0	0	0	0
AF	0	0.224235	61	39	22	0	0	0	0
AF	0	0.224547	39	31	8	0	0	0	0
AF	0	0.224859	30	19	11	0	0	0	0
AF	0	0.225172	40	24	16	0	0	0	0
AF	0	0.225484	50	31	19	0	0	0	0
AF	0	0.225796	47	33	14	0	0	0	0
AF	0	0.226109	27	17	10	0	0	0	0
AF	0	0.226421	36	22	14	0	0	0	0
AF	0	0.226733	41	30	11	0	0	0	0
AF	0	0.227046	38	20	18	0	0	0	0
AF	0	0.227358	35	23	12	0	0	0	0
AF	0	0.227670	42	31	11	0	0	0	0
AF	0	0.227983	27	17	10	0	0	0	0
AF	0	0.228295	44	25	19	0	0	0	0
AF	0	0.228607	38	28	10	0	0	0	0
AF	0	0.228919	39	25	14	0	0	0	0
AF	0	0.229232	47	27	20	0	0	0	0
AF	0	0.229544	35	26	9	0	0	0	0
AF	0	0.229856	29	14	15	0	0	0	0
AF	0	0.230169	41	26	15	0	0	0	0
AF	0	0.230481	35	21	14	0	0	0	0
AF	0	0.230793	58	36	22	0	0	0	0
AF	0	0.231106	55	30	25	0	0	0	0
AF	0	0.231418	67	46	21	0	0	0	0
AF	0	0.231730	62	35	27	0	0	0	0
AF	0	0.232042	71	49	22	0	0	0	0
AF	0	0.232355	40	29	11	0	0	0	0
AF	0	0.232667	45	28	17	0	0	0	0
AF	0	0.232979	36	27	9	0	0	0	0
AF	0	0.233292	36	18	18	0	0	0	0
AF	0	0.233604	38	24	14	0	0	0	0
AF	0	0.233916	43	28	15	0	0	0	0
AF	0	0.234229	39	26	13	0	0	0	0
AF	0	0.234541	48	33	15	0	0	0	0
AF	0	0.234853	39	23	16	0	0	0	0
AF	0	0.235166	33	21	12	0	0	0	0
AF	0	0.235478	33	21	12	0	0	0	0
AF	0	0.235790	44	28	16	0	0	0	0
AF	0	0.236102	34	22	12	0	0	0	0
AF	0	0.236415	25	18	7	0	0	0	0
AF	0	0.236727	57	37	20	0	0	0	0
AF	0	0.237039	44	23	21	0	0	0	0
AF	0	0.237352	43	28	15	0	0	0	0
AF	0	0.237664	43	27	16	0	0	0	0
AF	0	0.237976	34	23	11	0	0	0	0
AF	0	0.238289	55	39	16	0	0	0	0
AF	0	0.238601	59	39	20	0	0	0	0
AF	0	0.238913	51	34	17	0	0	0	0
AF	0	0.239225	48	35	13	0	0	0	0
AF	0	0.239538	46	33	13	0	0	0	0
AF	0	0.239850	38	28	10	0	0	0	0
AF	0	0.240162	35	23	12	0	0	0	0
AF	0	0.240475	50	37	13	0	0	0	0
AF	0	0.240787	45	38	7	0	0	0	0
AF	0	0.241099	42	22	20	0	0	0	0
AF	0	0.241412	31	17	14	0	0	0	0
AF	0	0.241724	51	35	16	0	0	0	0
AF	0	0.242036	48	34	14	0	0	0	0
AF	0	0.242349	51	30	21	0	0	0	0
AF	0	0.242661	37	24	13	0	0	0	0
AF	0	0.242973	44	30	14	0	0	0	0
AF	0	0.243285	56	42	14	0	0	0	0
AF	0	0.243598	43	31	12	0	0	0	0
AF	0	0.243910	52	36	16	0	0	0	0
AF	0	0.244222	37	25	12	0	0	0	0
AF	0	0.244535	44	27	17	0	0	0	0
AF	0	0.244847	39	30	9	0	0	0	0
AF	0	0.245159	32	21	11	0	0	0	0
AF	0	0.245472	35	25	10	0	0	0	0
AF	0	0.245784	38	28	10	0	0	0	0
AF	0	0.246096	43	27	16	0	0	0	0
AF	0	0.246408	41	31	10	0	0	0	0
AF	0	0.246721	47	36	11	0	0	0	0
AF	0	0.247033	35	25	10	0	0	0	0
AF	0	0.247345	43	30	13	0	0	0	0
AF	0	0.247658	51	31	20	0	0	0	0
AF	0	0.247970	48	45	3	0	0	0	0
AF	0	0.248282	39	30	9	0	0	0	0
AF	0	0.248595	43	29	14	0	0	0	0
AF	0	0.248907	52	32	20	0	0	0	0
AF	0	0.249219	36	21	15	0	0	0	0
AF	0	0.249532	27	19	8	0	0	0	0
AF	0	0.249844	40	31	9	0	0	0	0
AF	0	0.250156	31	16	15	0	0	0	0
AF	0	0.250468	42	28	14	0	0	0	0
AF	0	0.250781	38	27	11	0	0	0	0
AF	0	0.251093	42	31	11	0	0	0	0
AF	0	0.251405	41	30	11	0	0	0	0
AF	0	0.251718	29	21	8	0	0	0	0
AF	0	0.252030	30	27	3	0	0	0	0
AF	0	0.252342	51	35	16	0	0	0	0
AF	0	0.252655	53	38	15	0	0	0	0
AF	0	0.252967	62	34	28	0	0	0	0
AF	0	0.253279	64	41	23	0	0	0	0
AF	0	0.253592	108	74	34	0	0	0	0
AF	0	0.253904	30	21	9	0	0	0	0
AF	0	0.254216	28	22	6	0	0	0	0
AF	0	0.254528	30	17	13	0	0	0	0
AF	0	0.254841	42	29	13	0	0	0	0
AF	0	0.255153	33	24	9	0	0	0	0
AF	0	0.255465	47	38	9	0	0	0	0
AF	0	0.255778	40	23	17	0	0	0	0
AF	0	0.256090	35	25	10	0	0	0	0
AF	0	0.256402	41	28	13	0	0	0	0
AF	0	0.256715	39	19	20	0	0	0	0
AF	0	0.257027	37	30	7	0	0	0	0
AF	0	0.257339	46	29	17	0	0	0	0
AF	0	0.257651	44	27	17	0	0	0	0
AF	0	0.257964	41	31	10	0	0	0	0
AF	0	0.258276	44	27	17	0	0	0	0
AF	0	0.258588	40	26	14	0	0	0	0
AF	0	0.258901	41	30	11	0	0	0	0
AF	0	0.259213	48	35	13	0	0	0	0
AF	0	0.259525	27	19	8	0	0	0	0
AF	0	0.259838	71	51	20	0	0	0	0
AF	0	0.260150	38	27	11	0	0	0	0
AF	0	0.260462	38	32	6	0	0	0	0
AF	0	0.260775	39	19	20	0	0	0	0
AF	0	0.261087	41	25	16	0	0	0	0
AF	0	0.261399	45	29	16	0	0	0	0
AF	0	0.261711	40	30	10	0	0	0	0
AF	0	0.262024	33	24	9	0	0	0	0
AF	0	0.262336	40	30	10	0	0	0	0
AF	0	0.262648	34	23	11	0	0	0	0
AF	0	0.262961	51	33	18	0	0	0	0
AF	0	0.263273	33	18	15	0	0	0	0
AF	0	0.263585	32	19	13	0	0	0	0
AF	0	0.263898	29	20	9	0	0	0	0
AF	0	0.264210	34	28	6	0	0	0	0
AF	0	0.264522	22	15	7	0	0	0	0
AF	0	0.264834	28	22	6	0	0	0	0
AF	0	0.265147	51	40	11	0	0	0	0
AF	0	0.265459	50	34	16	0	0	0	0
AF	0	0.265771	36	25	11	0	0	0	0
AF	0	0.266084	39	29	10	0	0	0	0
AF	0	0.266396	42	26	16	0	0	0	0
AF	0	0.266708	51	41	10	0	0	0	0
AF	0	0.267021	45	23	22	0	0	0	0
AF	0	0.267333	43	30	13	0	0	0	0
AF	0	0.267645	24	17	7	0	0	0	0
AF	0	0.267958	42	30	12	0	0	0	0
AF	0	0.268270	42	29	13	0	0	0	0
AF	0	0.268582	32	25	7	0	0	0	0
AF	0	0.268894	42	29	13	0	0	0	0
AF	0	0.269207	37	20	17	0	0	0	0
AF	0	0.269519	36	25	11	0	0	0	0
AF	0	0.269831	39	28	11	0	0	0	0
AF	0	0.270144	35	20	15	0	0	0	0
AF	0	0.270456	43	30	13	0	0	0	0
AF	0	0.270768	34	24	10	0	0	0	0
AF	0	0.271081	31	22	9	0	0	0	0
AF	0	0.271393	34	18	16	0	0	0	0
AF	0	0.271705	56	36	20	0	0	0	0
AF	0	0.272017	49	35	14	0	0	0	0
AF	0	0.272330	41	26	15	0	0	0	0
AF	0	0.272642	46	28	18	0	0	0	0
AF	0	0.272954	44	30	14	0	0	0	0
AF	0	0.273267	61	43	18	0	0	0	0
AF	0	0.273579	46	31	15	0	0	0	0
AF	0	0.273891	64	49	15	0	0	0	0
AF	0	0.274204	43	29	14	0	0	0	0
AF	0	0.274516	36	28	8	0	0	0	0
AF	0	0.274828	35	26	9	0	0	0	0
AF	0	0.275141	34	24	10	0	0	0	0
AF	0	0.275453	34	28	6	0	0	0	0
AF	0	0.275765	38	21	17	0	0	0	0
AF	0	0.276077	27	21	6	0	0	0	0
AF	0	0.276390	39	28	11	0	0	0	0
AF	0	0.276702	38	29	9	0	0	0	0
AF	0	0.277014	27	21	6	0	0	0	0
AF	0	0.277327	33	16	17	0	0	0	0
AF	0	0.277639	41	30	11	0	0	0	0
AF	0	0.277951	41	29	12	0	0	0	0
AF	0	0.278264	40	23	17	0	0	0	0
AF	0	0.278576	42	33	9	0	0	0	0
AF	0	0.278888	41	26	15	0	0	0	0
AF	0	0.279200	27	17	10	0	0	0	0
AF	0	0.279513	38	23	15	0	0	0	0
AF	0	0.279825	34	26	8	0	0	0	0
AF	0	0.280137	38	26	12	0	0	0	0
AF	0	0.280450	40	26	14	0	0	0	0
AF	0	0.280762	30	19	11	0	0	0	0
AF	0	0.281074	33	25	8	0	0	0	0
AF	0	0.281387	52	38	14	0	0	0	0
AF	0	0.281699	39	25	14	0	0	0	0
AF	0	0.282011	44	26	18	0	0	0	0
AF	0	0.282324	45	27	18	0	0	0	0
AF	0	0.282636	44	31	13	0	0	0	0
AF	0	0.282948	50	31	19	0	0	0	0
AF	0	0.283260	60	38	22	0	0	0	0
AF	0	0.283573	59	36	23	0	0	0	0
AF	0	0.283885	61	42	19	0	0	0	0
AF	0	0.284197	60	42	18	0	0	0	0
AF	0	0.284510	44	32	12	0	0	0	0
AF	0	0.284822	45	31	14	0	0	0	0
AF	0	0.285134	34	24	10	0	0	0	0
AF	0	0.285447	46	29	17	0	0	0	0
AF	0	0.285759	67	49	18	0	0	0	0
AF	0	0.286071	41	26	15	0	0	0	0
AF	0	0.286384	76	50	26	0	0	0	0
AF	0	0.286696	84	54	30	0	0	0	0
AF	0	0.287008	29	19	10	0	0	0	0
AF	0	0.287320	77	47	30	0	0	0	0
AF	0	0.287633	46	30	16	0	0	0	0
AF	0	0.287945	36	28	8	0	0	0	0
AF	0	0.288257	47	32	15	0	0	0	0
AF	0	0.288570	34	24	10	0	0	0	0
AF	0	0.288882	34	22	12	0	0	0	0
AF	0	0.289194	31	22	9	0	0	0	0
AF	0	0.289507	44	32	12	0	0	0	0
AF	0	0.289819	46	33	13	0	0	0	0
AF	0	0.290131	36	27	9	0	0	0	0
AF	0	0.290443	21	16	5	0	0	0	0
AF	0	0.290756	29	23	6	0	0	0	0
AF	0	0.291068	52	30	22	0	0	0	0
AF	0	0.291380	48	33	15	0	0	0	0
AF	0	0.291693	33	20	13	0	0	0	0
AF	0	0.292005	38	25	13	0	0	0	0
AF	0	0.292317	45	29	16	0	0	0	0
AF	0	0.292630	23	18	5	0	0	0	0
AF	0	0.292942	33	21	12	0	0	0	0
AF	0	0.293254	28	20	8	0	0	0	0
AF	0	0.293567	25	18	7	0	0	0	0
AF	0	0.293879	40	32	8	0	0	0	0
AF	0	0.294191	36	21	15	0	0	0	0
AF	0	0.294503	24	17	7	0	0	0	0
AF	0	0.294816	28	19	9	0	0	0	0
AF	0	0.295128	39	29	10	0	0	0	0
AF	0	0.295440	28	18	10	0	0	0	0
AF	0	0.295753	37	23	14	0	0	0	0
AF	0	0.296065	42	28	14	0	0	0	0
AF	0	0.296377	59	40	19	0	0	0	0
AF	0	0.296690	31	21	10	0	0	0	0
AF	0	0.297002	34	23	11	0	0	0	0
AF	0	0.297314	27	20	7	0	0	0	0
AF	0	0.297626	37	27	10	0	0	0	0
AF	0	0.297939	43	25	18	0	0	0	0
AF	0	0.298251	37	26	11	0	0	0	0
AF	0	0.298563	39	25	14	0	0	0	0
AF	0	0.298876	42	34	8	0	0	0	0
AF	0	0.299188	47	30	17	0	0	0	0
AF	0	0.299500	38	28	10	0	0	0	0
AF	0	0.299813	38	28	10	0	0	0	0
AF	0	0.300125	34	23	11	0	0	0	0
AF	0	0.300437	51	38	13	0	0	0	0
AF	0	0.300750	39	23	16	0	0	0	0
AF	0	0.301062	41	25	16	0	0	0	0
AF	0	0.301374	46	30	16	0	0	0	0
AF	0	0.301686	29	20	9	0	0	0	0
AF	0	0.301999	39	26	13	0	0	0	0
AF	0	0.302311	41	24	17	0	0	0	0
AF	0	0.302623	35	24	11	0	0	0	0
AF	0	0.302936	35	23	12	0	0	0	0
AF	0	0.303248	45	31	14	0	0	0	0
AF	0	0.303560	29	23	6	0	0	0	0
AF	0	0.303873	25	17	8	0	0	0	0
AF	0	0.304185	34	26	8	0	0	0	0
AF	0	0.304497	30	20	10	0	0	0	0
AF	0	0.304809	26	14	12	0	0	0	0
AF	0	0.305122	26	19	7	0	0	0	0
AF	0	0.305434	43	36	7	0	0	0	0
AF	0	0.305746	50	38	12	0	0	0	0
AF	0	0.306059	51	40	11	0	0	0	0
AF	0	0.306371	29	17	12	0	0	0	0
AF	0	0.306683	34	23	11	0	0	0	0
AF	0	0.306996	61	50	11	0	0	0	0
AF	0	0.307308	39	30	9	0	0	0	0
AF	0	0.307620	39	29	10	0	0	0	0
AF	0	0.307933	40	32	8	0	0	0	0
AF	0	0.308245	38	27	11	0	0	0	0
AF	0	0.308557	39	29	10	0	0	0	0
AF	0	0.308869	40	26	14	0	0	0	0
AF	0	0.309182	36	24	12	0	0	0	0
AF	0	0.309494	28	22	6	0	0	0	0
AF	0	0.309806	48	31	17	0	0	0	0
AF	0	0.310119	26	15	11	0	0	0	0
AF	0	0.310431	36	28	8	0	0	0	0
AF	0	0.310743	34	22	12	0	0	0	0
AF	0	0.311056	35	23	12	0	0	0	0
AF	0	0.311368	40	23	17	0	0	0	0
AF	0	0.311680	40	29	11	0	0	0	0
AF	0	0.311993	43	30	13	0	0	0	0
AF	0	0.312305	36	22	14	0	0	0	0
AF	0	0.312617	34	25	9	0	0	0	0
AF	0	0.312929	34	24	10	0	0	0	0
AF	0	0.313242	29	22	7	0	0	0	0
AF	0	0.313554	35	19	16	0	0	0	0
AF	0	0.313866	31	20	11	0	0	0	0
AF	0	0.314179	31	19	12	0	0	0	0
AF	0	0.314491	41	28	13	0	0	0	0
AF	0	0.314803	26	17	9	0	0	0	0
AF	0	0.315116	31	15	16	0	0	0	0
AF	0	0.315428	37	24	13	0	0	0	0
AF	0	0.315740	33	26	7	0	0	0	0
AF	0	0.316052	48	27	21	0	0	0	0
AF	0	0.316365	29	20	9	0	0	0	0
AF	0	0.316677	26	19	7	0	0	0	0
AF	0	0.316989	29	21	8	0	0	0	0
AF	0	0.317302	41	29	12	0	0	0	0
AF	0	0.317614	41	32	9	0	0	0	0
AF	0	0.317926	40	27	13	0	0	0	0
AF	0	0.318239	31	21	10	0	0	0	0
AF	0	0.318551	55	37	18	0	0	0	0
AF	0	0.318863	46	32	14	0	0	0	0
AF	0	0.319176	32	20	12	0	0	0	0
AF	0	0.319488	32	20	12	0	0	0	0
AF	0	0.319800	48	34	14	0	0	0	0
AF	0	0.320112	20	13	7	0	0	0	0
AF	0	0.320425	26	20	6	0	0	0	0
AF	0	0.320737	39	26	13	0	0	0	0
AF	0	0.321049	23	17	6	0	0	0	0
AF	0	0.321362	30	22	8	0	0	0	0
AF	0	0.321674	34	21	13	0	0	0	0
AF	0	0.321986	31	19	12	0	0	0	0
AF	0	0.322299	25	17	8	0	0	0	0
AF	0	0.322611	39	24	15	0	0	0	0
AF	0	0.322923	31	20	11	0	0	0	0
AF	0	0.323235	33	23	10	0	0	0	0
AF	0	0.323548	34	29	5	0	0	0	0
AF	0	0.323860	35	27	8	0	0	0	0
AF	0	0.324172	30	16	14	0	0	0	0
AF	0	0.324485	45	34	11	0	0	0	0
AF	0	0.324797	29	21	8	0	0	0	0
AF	0	0.325109	30	23	7	0	0	0	0
AF	0	0.325422	23	15	8	0	0	0	0
AF	0	0.325734	41	27	14	0	0	0	0
AF	0	0.326046	46	30	16	0	0	0	0
AF	0	0.326359	48	32	16	0	0	0	0
AF	0	0.326671	43	26	17	0	0	0	0
AF	0	0.326983	27	16	11	0	0	0	0
AF	0	0.327295	36	15	21	0	0	0	0
AF	0	0.327608	49	28	21	0	0	0	0
AF	0	0.327920	40	25	15	0	0	0	0
AF	0	0.328232	29	21	8	0	0	0	0
AF	0	0.328545	30	20	10	0	0	0	0
AF	0	0.328857	30	18	12	0	0	0	0
AF	0	0.329169	28	20	8	0	0	0	0
AF	0	0.329482	31	18	13	0	0	0	0
AF	0	0.329794	30	25	5	0	0	0	0
AF	0	0.330106	40	28	12	0	0	0	0
AF	0	0.330418	27	15	12	0	0	0	0
AF	0	0.330731	38	25	13	0	0	0	0
AF	0	0.331043	32	23	9	0	0	0	0
AF	0	0.331355	38	27	11	0	0	0	0
AF	0	0.331668	31	25	6	0	0	0	0
AF	0	0.331980	27	17	10	0	0	0	0
AF	0	0.332292	26	15	11	0	0	0	0
AF	0	0.332605	37	24	13	0	0	0	0
AF	0	0.332917	32	25	7	0	0	0	0
AF	0	0.333229	29	24	5	0	0	0	0
AF	0	0.333542	29	21	8	0	0	0	0
AF	0	0.333854	33	22	11	0	0	0	0
AF	0	0.334166	30	21	9	0	0	0	0
AF	0	0.334478	24	23	1	0	0	0	0
AF	0	0.334791	32	25	7	0	0	0	0
AF	0	0.335103	54	40	14	0	0	0	0
AF	0	0.335415	33	19	14	0	0	0	0
AF	0	0.335728	26	18	8	0	0	0	0
AF	0	0.336040	34	22	12	0	0	0	0
AF	0	0.336352	37	24	13	0	0	0	0
AF	0	0.336665	37	22	15	0	0	0	0
AF	0	0.336977	23	11	12	0	0	0	0
AF	0	0.337289	31	19	12	0	0	0	0
AF	0	0.337601	29	19	10	0	0	0	0
AF	0	0.337914	26	17	9	0	0	0	0
AF	0	0.338226	33	25	8	0	0	0	0
AF	0	0.338538	24	20	4	0	0	0	0
AF	0	0.338851	34	26	8	0	0	0	0
AF	0	0.339163	28	22	6	0	0	0	0
AF	0	0.339475	30	18	12	0	0	0	0
AF	0	0.339788	36	29	7	0	0	0	0
AF	0	0.340100	40	32	8	0	0	0	0
AF	0	0.340412	29	23	6	0	0	0	0
AF	0	0.340725	29	20	9	0	0	0	0
AF	0	0.341037	28	19	9	0	0	0	0
AF	0	0.341349	18	12	6	0	0	0	0
AF	0	0.341661	17	10	7	0	0	0	0
AF	0	0.341974	26	17	9	0	0	0	0
AF	0	0.342286	30	17	13	0	0	0	0
AF	0	0.342598	25	16	9	0	0	0	0
AF	0	0.342911	26	21	5	0	0	0	0
AF	0	0.343223	23	17	6	0	0	0	0
AF	0	0.343535	26	19	7	0	0	0	0
AF	0	0.343848	32	23	9	0	0	0	0
AF	0	0.344160	24	16	8	0	0	0	0
AF	0	0.344472	42	28	14	0	0	0	0
AF	0	0.344785	27	22	5	0	0	0	0
AF	0	0.345097	39	28	11	0	0	0	0
AF	0	0.345409	27	22	5	0	0	0	0
AF	0	0.345721	22	15	7	0	0	0	0
AF	0	0.346034	31	19	12	0	0	0	0
AF	0	0.346346	29	24	5	0	0	0	0
AF	0	0.346658	30	24	6	0	0	0	0
AF	0	0.346971	16	10	6	0	0	0	0
AF	0	0.347283	27	18	9	0	0	0	0
AF	0	0.347595	33	21	12	0	0	0	0
AF	0	0.347908	33	19	14	0	0	0	0
AF	0	0.348220	38	26	12	0	0	0	0
AF	0	0.348532	28	16	12	0	0	0	0
AF	0	0.348844	36	25	11	0	0	0	0
AF	0	0.349157	19	14	5	0	0	0	0
AF	0	0.349469	33	22	11	0	0	0	0
AF	0	0.349781	31	19	12	0	0	0	0
AF	0	0.350094	36	26	10	0	0	0	0
AF	0	0.350406	48	31	17	0	0	0	0
AF	0	0.350718	40	24	16	0	0	0	0
AF	0	0.351031	36	21	15	0	0	0	0
AF	0	0.351343	32	23	9	0	0	0	0
AF	0	0.351655	33	21	12	0	0	0	0
AF	0	0.351968	24	19	5	0	0	0	0
AF	0	0.352280	29	23	6	0	0	0	0
AF	0	0.352592	34	22	12	0	0	0	0
AF	0	0.352904	29	20	9	0	0	0	0
AF	0	0.353217	28	20	8	0	0	0	0
AF	0	0.353529	26	17	9	0	0	0	0
AF	0	0.353841	30	23	7	0	0	0	0
AF	0	0.354154	19	14	5	0	0	0	0
AF	0	0.354466	26	14	12	0	0	0	0
AF	0	0.354778	29	26	3	0	0	0	0
AF	0	0.355091	18	12	6	0	0	0	0
AF	0	0.355403	19	12	7	0	0	0	0
AF	0	0.355715	35	21	14	0	0	0	0
AF	0	0.356027	30	26	4	0	0	0	0
AF	0	0.356340	31	26	5	0	0	0	0
AF	0	0.356652	44	29	15	0	0	0	0
AF	0	0.356964	26	16	10	0	0	0	0
AF	0	0.357277	35	24	11	0	0	0	0
AF	0	0.357589	36	24	12	0	0	0	0
AF	0	0.357901	33	22	11	0	0	0	0
AF	0	0.358214	35	24	11	0	0	0	0
AF	0	0.358526	27	12	15	0	0	0	0
AF	0	0.358838	36	22	14	0	0	0	0
AF	0	0.359151	36	23	13	0	0	0	0
AF	0	0.359463	36	23	13	0	0	0	0
AF	0	0.359775	57	35	22	0	0	0	0
AF	0	0.360087	49	32	17	0	0	0	0
AF	0	0.360400	33	18	15	0	0	0	0
AF	0	0.360712	37	22	15	0	0	0	0
AF	0	0.361024	24	15	9	0	0	0	0
AF	0	0.361337	22	15	7	0	0	0	0
AF	0	0.361649	41	27	14	0	0	0	0
AF	0	0.361961	37	21	16	0	0	0	0
AF	0	0.362274	16	14	2	0	0	0	0
AF	0	0.362586	28	17	11	0	0	0	0
AF	0	0.362898	25	18	7	0	0	0	0
AF	0	0.363210	28	19	9	0	0	0	0
AF	0	0.363523	24	17	7	0	0	0	0
AF	0	0.363835	31	26	5	0	0	0	0
AF	0	0.364147	20	11	9	0	0	0	0
AF	0	0.364460	23	15	8	0	0	0	0
AF	0	0.364772	27	19	8	0	0	0	0
AF	0	0.365084	38	27	11	0	0	0	0
AF	0	0.365397	38	22	16	0	0	0	0
AF	0	0.365709	35	30	5	0	0	0	0
AF	0	0.366021	29	18	11	0	0	0	0
AF	0	0.366334	30	16	14	0	0	0	0
AF	0	0.366646	41	33	8	0	0	0	0
AF	0	0.366958	22	16	6	0	0	0	0
AF	0	0.367270	38	23	15	0	0	0	0
AF	0	0.367583	24	13	11	0	0	0	0
AF	0	0.367895	24	16	8	0	0	0	0
AF	0	0.368207	23	14	9	0	0	0	0
AF	0	0.368520	27	21	6	0	0	0	0
AF	0	0.368832	38	29	9	0	0	0	0
AF	0	0.369144	30	16	14	0	0	0	0
AF	0	0.369457	20	14	6	0	0	0	0
AF	0	0.369769	22	16	6	0	0	0	0
AF	0	0.370081	19	13	6	0	0	0	0
AF	0	0.370394	11	7	4	0	0	0	0
AF	0	0.370706	41	26	15	0	0	0	0
AF	0	0.371018	38	30	8	0	0	0	0
AF	0	0.371330	40	26	14	0	0	0	0
AF	0	0.371643	14	10	4	0	0	0	0
AF	0	0.371955	36	20	16	0	0	0	0
AF	0	0.372267	28	22	6	0	0	0	0
AF	0	0.372580	41	28	13	0	0	0	0
AF	0	0.372892	32	22	10	0	0	0	0
AF	0	0.373204	28	21	7	0	0	0	0
AF	0	0.373517	18	8	10	0	0	0	0
AF	0	0.373829	31	27	4	0	0	0	0
AF	0	0.374141	26	15	11	0	0	0	0
AF	0	0.374453	26	20	6	0	0	0	0
AF	0	0.374766	25	22	3	0	0	0	0
AF	0	0.375078	28	13	15	0	0	0	0
AF	0	0.375390	38	32	6	0	0	0	0
AF	0	0.375703	33	23	10	0	0	0	0
AF	0	0.376015	27	18	9	0	0	0	0
AF	0	0.376327	21	15	6	0	0	0	0
AF	0	0.376640	21	16	5	0	0	0	0
AF	0	0.376952	32	20	12	0	0	0	0
AF	0	0.377264	18	13	5	0	0	0	0
AF	0	0.377577	23	16	7	0	0	0	0
AF	0	0.377889	24	15	9	0	0	0	0
AF	0	0.378201	22	14	8	0	0	0	0
AF	0	0.378513	35	21	14	0	0	0	0
AF	0	0.378826	27	23	4	0	0	0	0
AF	0	0.379138	19	15	4	0	0	0	0
AF	0	0.379450	35	22	13	0	0	0	0
AF	0	0.379763	24	15	9	0	0	0	0
AF	0	0.380075	21	12	9	0	0	0	0
AF	0	0.380387	33	27	6	0	0	0	0
AF	0	0.380700	20	12	8	0	0	0	0
AF	0	0.381012	30	22	8	0	0	0	0
AF	0	0.381324	28	21	7	0	0	0	0
AF	0	0.381636	26	17	9	0	0	0	0
AF	0	0.381949	42	28	14	0	0	0	0
AF	0	0.382261	39	29	10	0	0	0	0
AF	0	0.382573	37	22	15	0	0	0	0
AF	0	0.382886	50	38	12	0	0	0	0
AF	0	0.383198	31	18	13	0	0	0	0
AF	0	0.383510	22	16	6	0	0	0	0
AF	0	0.383823	36	29	7	0	0	0	0
AF	0	0.384135	32	27	5	0	0	0	0
AF	0	0.384447	38	20	18	0	0	0	0
AF	0	0.384760	28	21	7	0	0	0	0
AF	0	0.385072	22	11	11	0	0	0	0
AF	0	0.385384	29	19	10	0	0	0	0
AF	0	0.385696	44	30	14	0	0	0	0
AF	0	0.386009	39	27	12	0	0	0	0
AF	0	0.386321	24	15	9	0	0	0	0
AF	0	0.386633	19	11	8	0	0	0	0
AF	0	0.386946	17	14	3	0	0	0	0
AF	0	0.387258	24	17	7	0	0	0	0
AF	0	0.387570	21	12	9	0	0	0	0
AF	0	0.387883	33	22	11	0	0	0	0
AF	0	0.388195	22	13	9	0	0	0	0
AF	0	0.388507	18	8	10	0	0	0	0
AF	0	0.388819	19	16	3	0	0	0	0
AF	0	0.389132	25	14	11	0	0	0	0
AF	0	0.389444	31	16	15	0	0	0	0
AF	0	0.389756	20	13	7	0	0	0	0
AF	0	0.390069	27	18	9	0	0	0	0
AF	0	0.390381	24	16	8	0	0	0	0
AF	0	0.390693	28	18	10	0	0	0	0
AF	0	0.391006	35	24	11	0	0	0	0
AF	0	0.391318	33	22	11	0	0	0	0
AF	0	0.391630	38	26	12	0	0	0	0
AF	0	0.391943	33	24	9	0	0	0	0
AF	0	0.392255	26	21	5	0	0	0	0
AF	0	0.392567	21	13	8	0	0	0	0
AF	0	0.392879	30	21	9	0	0	0	0
AF	0	0.393192	24	19	5	0	0	0	0
AF	0	0.393504	32	29	3	0	0	0	0
AF	0	0.393816	33	23	10	0	0	0	0
AF	0	0.394129	39	22	17	0	0	0	0
AF	0	0.394441	25	18	7	0	0	0	0
AF	0	0.394753	23	19	4	0	0	0	0
AF	0	0.395066	32	18	14	0	0	0	0
AF	0	0.395378	26	17	9	0	0	0	0
AF	0	0.395690	17	7	10	0	0	0	0
AF	0	0.396002	20	14	6	0	0	0	0
AF	0	0.396315	32	25	7	0	0	0	0
AF	0	0.396627	32	21	11	0	0	0	0
AF	0	0.396939	35	24	11	0	0	0	0
AF	0	0.397252	55	39	16	0	0	0	0
AF	0	0.397564	32	22	10	0	0	0	0
AF	0	0.397876	41	29	12	0	0	0	0
AF	0	0.398189	35	22	13	0	0	0	0
AF	0	0.398501	20	14	6	0	0	0	0
AF	0	0.398813	28	22	6	0	0	0	0
AF	0	0.399126	24	19	5	0	0	0	0
AF	0	0.399438	32	22	10	0	0	0	0
AF	0	0.399750	37	22	15	0	0	0	0
AF	0	0.400062	25	14	11	0	0	0	0
AF	0	0.400375	28	22	6	0	0	0	0
AF	0	0.400687	17	9	8	0	0	0	0
AF	0	0.400999	36	26	10	0	0	0	0
AF	0	0.401312	39	24	15	0	0	0	0
AF	0	0.401624	30	22	8	0	0	0	0
AF	0	0.401936	27	19	8	0	0	0	0
AF	0	0.402249	47	32	15	0	0	0	0
AF	0	0.402561	42	33	9	0	0	0	0
AF	0	0.402873	29	16	13	0	0	0	0
AF	0	0.403186	27	22	5	0	0	0	0
AF	0	0.403498	46	30	16	0	0	0	0
AF	0	0.403810	56	44	12	0	0	0	0
AF	0	0.404122	56	40	16	0	0	0	0
AF	0	0.404435	34	27	7	0	0	0	0
AF	0	0.404747	22	13	9	0	0	0	0
AF	0	0.405059	40	24	16	0	0	0	0
AF	0	0.405372	25	18	7	0	0	0	0
AF	0	0.405684	24	16	8	0	0	0	0
AF	0	0.405996	24	14	10	0	0	0	0
AF	0	0.406309	19	13	6	0	0	0	0
AF	0	0.406621	21	12	9	0	0	0	0
AF	0	0.406933	29	19	10	0	0	0	0
AF	0	0.407245	22	16	6	0	0	0	0
AF	0	0.407558	21	15	6	0	0	0	0
AF	0	0.407870	25	17	8	0	0	0	0
AF	0	0.408182	29	26	3	0	0	0	0
AF	0	0.408495	29	23	6	0	0	0	0
AF	0	0.408807	27	16	11	0	0	0	0
AF	0	0.409119	23	15	8	0	0	0	0
AF	0	0.409432	19	13	6	0	0	0	0
AF	0	0.409744	22	13	9	0	0	0	0
AF	0	0.410056	30	21	9	0	0	0	0
AF	0	0.410369	71	51	20	0	0	0	0
AF	0	0.410681	28	22	6	0	0	0	0
AF	0	0.410993	26	21	5	0	0	0	0
AF	0	0.411305	21	13	8	0	0	0	0
AF	0	0.411618	25	18	7	0	0	0	0
AF	0	0.411930	20	14	6	0	0	0	0
AF	0	0.412242	32	21	11	0	0	0	0
AF	0	0.412555	29	14	15	0	0	0	0
AF	0	0.412867	20	16	4	0	0	0	0
AF	0	0.413179	27	19	8	0	0	0	0
AF	0	0.413492	12	8	4	0	0	0	0
AF	0	0.413804	21	16	5	0	0	0	0
AF	0	0.414116	15	8	7	0	0	0	0
AF	0	0.414428	21	16	5	0	0	0	0
AF	0	0.414741	15	11	4	0	0	0	0
AF	0	0.415053	16	11	5	0	0	0	0
AF	0	0.415365	20	18	2	0	0	0	0
AF	0	0.415678	53	36	17	0	0	0	0
AF	0	0.415990	30	24	6	0	0	0	0
AF	0	0.416302	28	19	9	0	0	0	0
AF	0	0.416615	33	20	13	0	0	0	0
AF	0	0.416927	28	19	9	0	0	0	0
AF	0	0.417239	18	9	9	0	0	0	0
AF	0	0.417552	26	14	12	0	0	0	0
AF	0	0.417864	30	18	12	0	0	0	0
AF	0	0.418176	30	22	8	0	0	0	0
AF	0	0.418488	26	17	9	0	0	0	0
AF	0	0.418801	22	17	5	0	0	0	0
AF	0	0.419113	47	31	16	0	0	0	0
AF	0	0.419425	20	14	6	0	0	0	0
AF	0	0.419738	31	19	12	0	0	0	0
AF	0	0.420050	27	20	7	0	0	0	0
AF	0	0.420362	28	19	9	0	0	0	0
AF	0	0.420675	34	18	16	0	0	0	0
AF	0	0.420987	33	23	10	0	0	0	0
AF	0	0.421299	27	20	7	0	0	0	0
AF	0	0.421611	34	21	13	0	0	0	0
AF	0	0.421924	29	18	11	0	0	0	0
AF	0	0.422236	24	17	7	0	0	0	0
AF	0	0.422548	21	14	7	0	0	0	0
AF	0	0.422861	17	14	3	0	0	0	0
AF	0	0.423173	29	18	11	0	0	0	0
AF	0	0.423485	32	25	7	0	0	0	0
AF	0	0.423798	21	16	5	0	0	0	0
AF	0	0.424110	20	15	5	0	0	0	0
AF	0	0.424422	30	21	9	0	0	0	0
AF	0	0.424735	47	25	22	0	0	0	0
AF	0	0.425047	31	18	13	0	0	0	0
AF	0	0.425359	27	15	12	0	0	0	0
AF	0	0.425671	22	17	5	0	0	0	0
AF	0	0.425984	39	28	11	0	0	0	0
AF	0	0.426296	31	18	13	0	0	0	0
AF	0	0.426608	28	18	10	0	0	0	0
AF	0	0.426921	19	13	6	0	0	0	0
AF	0	0.427233	27	14	13	0	0	0	0
AF	0	0.427545	23	18	5	0	0	0	0
AF	0	0.427858	22	14	8	0	0	0	0
AF	0	0.428170	31	19	12	0	0	0	0
AF	0	0.428482	10	7	3	0	0	0	0
AF	0	0.428795	35	21	14	0	0	0	0
AF	0	0.429107	32	27	5	0	0	0	0
AF	0	0.429419	34	25	9	0	0	0	0
AF	0	0.429731	31	21	10	0	0	0	0
AF	0	0.430044	29	17	12	0	0	0	0
AF	0	0.430356	23	17	6	0	0	0	0
AF	0	0.430668	20	15	5	0	0	0	0
AF	0	0.430981	29	20	9	0	0	0	0
AF	0	0.431293	39	30	9	0	0	0	0
AF	0	0.431605	19	11	8	0	0	0	0
AF	0	0.431918	22	13	9	0	0	0	0
AF	0	0.432230	21	12	9	0	0	0	0
AF	0	0.432542	22	13	9	0	0	0	0
AF	0	0.432854	25	14	11	0	0	0	0
AF	0	0.433167	24	19	5	0	0	0	0
AF	0	0.433479	27	18	9	0	0	0	0
AF	0	0.433791	23	17	6	0	0	0	0
AF	0	0.434104	19	12	7	0	0	0	0
AF	0	0.434416	28	21	7	0	0	0	0
AF	0	0.434728	27	24	3	0	0	0	0
AF	0	0.435041	26	19	7	0	0	0	0
AF	0	0.435353	20	17	3	0	0	0	0
AF	0	0.435665	32	23	9	0	0	0	0
AF	0	0.435978	22	15	7	0	0	0	0
AF	0	0.436290	26	23	3	0	0	0	0
AF	0	0.436602	16	13	3	0	0	0	0
AF	0	0.436914	13	6	7	0	0	0	0
AF	0	0.437227	33	28	5	0	0	0	0
AF	0	0.437539	23	14	9	0	0	0	0
AF	0	0.437851	26	19	7	0	0	0	0
AF	0	0.438164	16	10	6	0	0	0	0
AF	0	0.438476	19	12	7	0	0	0	0
AF	0	0.438788	20	16	4	0	0	0	0
AF	0	0.439101	11	7	4	0	0	0	0
AF	0	0.439413	17	11	6	0	0	0	0
AF	0	0.439725	22	14	8	0	0	0	0
AF	0	0.440037	21	12	9	0	0	0	0
AF	0	0.440350	17	9	8	0	0	0	0
AF	0	0.440662	28	19	9	0	0	0	0
AF	0	0.440974	27	14	13	0	0	0	0
AF	0	0.441287	18	10	8	0	0	0	0
AF	0	0.441599	16	9	7	0	0	0	0
AF	0	0.441911	25	18	7	0	0	0	0
AF	0	0.442224	22	14	8	0	0	0	0
AF	0	0.442536	35	30	5	0	0	0	0
AF	0	0.442848	44	33	11	0	0	0	0
AF	0	0.443161	25	17	8	0	0	0	0
AF	0	0.443473	16	13	3	0	0	0	0
AF	0	0.443785	20	15	5	0	0	0	0
AF	0	0.444097	26	21	5	0	0	0	0
AF	0	0.444410	13	8	5	0	0	0	0
AF	0	0.444722	21	12	9	0	0	0	0
AF	0	0.445034	22	13	9	0	0	0	0
AF	0	0.445347	26	17	9	0	0	0	0
AF	0	0.445659	28	19	9	0	0	0	0
AF	0	0.445971	21	13	8	0	0	0	0
AF	0	0.446284	15	10	5	0	0	0	0
AF	0	0.446596	21	12	9	0	0	0	0
AF	0	0.446908	19	13	6	0	0	0	0
AF	0	0.447220	16	9	7	0	0	0	0
AF	0	0.447533	19	16	3	0	0	0	0
AF	0	0.447845	16	9	7	0	0	0	0
AF	0	0.448157	28	19	9	0	0	0	0
AF	0	0.448470	22	13	9	0	0	0	0
AF	0	0.448782	46	33	13	0	0	0	0
AF	0	0.449094	28	13	15	0	0	0	0
AF	0	0.449407	24	14	10	0	0	0	0
AF	0	0.449719	20	12	8	0	0	0	0
AF	0	0.450031	24	18	6	0	0	0	0
AF	0	0.450344	30	22	8	0	0	0	0
AF	0	0.450656	23	15	8	0	0	0	0
AF	0	0.450968	20	14	6	0	0	0	0
AF	0	0.451280	26	14	12	0	0	0	0
AF	0	0.451593	19	14	5	0	0	0	0
AF	0	0.451905	16	11	5	0	0	0	0
AF	0	0.452217	15	7	8	0	0	0	0
AF	0	0.452530	26	19	7	0	0	0	0
AF	0	0.452842	32	22	10	0	0	0	0
AF	0	0.453154	17	9	8	0	0	0	0
AF	0	0.453467	21	15	6	0	0	0	0
AF	0	0.453779	15	7	8	0	0	0	0
AF	0	0.454091	22	12	10	0	0	0	0
AF	0	0.454403	17	14	3	0	0	0	0
AF	0	0.454716	25	20	5	0	0	0	0
AF	0	0.455028	24	20	4	0	0	0	0
AF	0	0.455340	20	10	10	0	0	0	0
AF	0	0.455653	24	17	7	0	0	0	0
AF	0	0.455965	19	10	9	0	0	0	0
AF	0	0.456277	17	17	0	0	0	0	0
AF	0	0.456590	20	14	6	0	0	0	0
AF	0	0.456902	21	13	8	0	0	0	0
AF	0	0.457214	14	11	3	0	0	0	0
AF	0	0.457527	20	10	10	0	0	0	0
AF	0	0.457839	19	15	4	0	0	0	0
AF	0	0.458151	18	12	6	0	0	0	0
AF	0	0.458463	18	12	6	0	0	0	0
AF	0	0.458776	21	11	10	0	0	0	0
AF	0	0.459088	16	9	7	0	0	0	0
AF	0	0.459400	22	13	9	0	0	0	0
AF	0	0.459713	24	11	13	0	0	0	0
AF	0	0.460025	27	19	8	0	0	0	0
AF	0	0.460337	25	14	11	0	0	0	0
AF	0	0.460650	18	15	3	0	0	0	0
AF	0	0.460962	11	8	3	0	0	0	0
AF	0	0.461274	20	12	8	0	0	0	0
AF	0	0.461587	16	6	10	0	0	0	0
AF	0	0.461899	17	13	4	0	0	0	0
AF	0	0.462211	17	7	10	0	0	0	0
AF	0	0.462523	15	8	7	0	0	0	0
AF	0	0.462836	18	13	5	0	0	0	0
AF	0	0.463148	25	18	7	0	0	0	0
AF	0	0.463460	22	16	6	0	0	0	0
AF	0	0.463773	14	11	3	0	0	0	0
AF	0	0.464085	22	15	7	0	0	0	0
AF	0	0.464397	17	14	3	0	0	0	0
AF	0	0.464710	29	20	9	0	0	0	0
AF	0	0.465022	17	10	7	0	0	0	0
AF	0	0.465334	19	17	2	0	0	0	0
AF	0	0.465646	34	21	13	0	0	0	0
AF	0	0.465959	25	16	9	0	0	0	0
AF	0	0.466271	42	25	17	0	0	0	0
AF	0	0.466583	61	41	20	0	0	0	0
AF	0	0.466896	17	12	5	0	0	0	0
AF	0	0.467208	15	13	2	0	0	0	0
AF	0	0.467520	18	12	6	0	0	0	0
AF	0	0.467833	26	16	10	0	0	0	0
AF	0	0.468145	26	14	12	0	0	0	0
AF	0	0.468457	13	11	2	0	0	0	0
AF	0	0.468770	21	18	3	0	0	0	0
AF	0	0.469082	20	14	6	0	0	0	0
AF	0	0.469394	17	14	3	0	0	0	0
AF	0	0.469706	21	16	5	0	0	0	0
AF	0	0.470019	19	14	5	0	0	0	0
AF	0	0.470331	19	14	5	0	0	0	0
AF	0	0.470643	18	13	5	0	0	0	0
AF	0	0.470956	27	13	14	0	0	0	0
AF	0	0.471268	15	10	5	0	0	0	0
AF	0	0.471580	29	19	10	0	0	0	0
AF	0	0.471893	49	35	14	0	0	0	0
AF	0	0.472205	21	14	7	0	0	0	0
AF	0	0.472517	22	13	9	0	0	0	0
AF	0	0.472829	14	9	5	0	0	0	0
AF	0	0.473142	21	19	2	0	0	0	0
AF	0	0.473454	23	16	7	0	0	0	0
AF	0	0.473766	24	17	7	0	0	0	0
AF	0	0.474079	28	19	9	0	0	0	0
AF	0	0.474391	23	13	10	0	0	0	0
AF	0	0.474703	22	16	6	0	0	0	0
AF	0	0.475016	27	23	4	0	0	0	0
AF	0	0.475328	27	21	6	0	0	0	0
AF	0	0.475640	19	14	5	0	0	0	0
AF	0	0.475953	25	19	6	0	0	0	0
AF	0	0.476265	29	18	11	0	0	0	0
AF	0	0.476577	15	7	8	0	0	0	0
AF	0	0.476889	16	10	6	0	0	0	0
AF	0	0.477202	17	14	3	0	0	0	0
AF	0	0.477514	37	31	6	0	0	0	0
AF	0	0.477826	42	30	12	0	0	0	0
AF	0	0.478139	19	13	6	0	0	0	0
AF	0	0.478451	16	9	7	0	0	0	0
AF	0	0.478763	10	7	3	0	0	0	0
AF	0	0.479076	13	8	5	0	0	0	0
AF	0	0.479388	17	15	2	0	0	0	0
AF	0	0.479700	22	16	6	0	0	0	0
AF	0	0.480012	22	15	7	0	0	0	0
AF	0	0.480325	26	20	6	0	0	0	0
AF	0	0.480637	22	18	4	0	0	0	0
AF	0	0.480949	27	12	15	0	0	0	0
AF	0	0.481262	19	12	7	0	0	0	0
AF	0	0.481574	20	15	5	0	0	0	0
AF	0	0.481886	18	9	9	0	0	0	0
AF	0	0.482199	19	16	3	0	0	0	0
AF	0	0.482511	14	13	1	0	0	0	0
AF	0	0.482823	25	18	7	0	0	0	0
AF	0	0.483136	23	18	5	0	0	0	0
AF	0	0.483448	45	29	16	0	0	0	0
AF	0	0.483760	48	35	13	0	0	0	0
AF	0	0.484072	18	11	7	0	0	0	0
AF	0	0.484385	28	17	11	0	0	0	0
AF	0	0.484697	22	18	4	0	0	0	0
AF	0	0.485009	13	8	5	0	0	0	0
AF	0	0.485322	17	12	5	0	0	0	0
AF	0	0.485634	28	20	8	0	0	0	0
AF	0	0.485946	25	18	7	0	0	0	0
AF	0	0.486259	23	16	7	0	0	0	0
AF	0	0.486571	26	14	12	0	0	0	0
AF	0	0.486883	25	17	8	0	0	0	0
AF	0	0.487196	19	15	4	0	0	0	0
AF	0	0.487508	20	13	7	0	0	0	0
AF	0	0.487820	16	9	7	0	0	0	0
AF	0	0.488132	10	7	3	0	0	0	0
AF	0	0.488445	18	14	4	0	0	0	0
AF	0	0.488757	23	16	7	0	0	0	0
AF	0	0.489069	29	18	11	0	0	0	0
AF	0	0.489382	21	12	9	0	0	0	0
AF	0	0.489694	25	21	4	0	0	0	0
AF	0	0.490006	23	19	4	0	0	0	0
AF	0	0.490319	17	11	6	0	0	0	0
AF	0	0.490631	20	16	4	0	0	0	0
AF	0	0.490943	15	12	3	0	0	0	0
AF	0	0.491255	14	14	0	0	0	0	0
AF	0	0.491568	14	12	2	0	0	0	0
AF	0	0.491880	33	22	11	0	0	0	0
AF	0	0.492192	13	8	5	0	0	0	0
AF	0	0.492505	20	10	10	0	0	0	0
AF	0	0.492817	13	10	3	0	0	0	0
AF	0	0.493129	18	9	9	0	0	0	0
AF	0	0.493442	15	8	7	0	0	0	0
AF	0	0.493754	20	13	7	0	0	0	0
AF	0	0.494066	16	10	6	0	0	0	0
AF	0	0.494379	28	20	8	0	0	0	0
AF	0	0.494691	26	18	8	0	0	0	0
AF	0	0.495003	17	10	7	0	0	0	0
AF	0	0.495315	21	13	8	0	0	0	0
AF	0	0.495628	23	13	10	0	0	0	0
AF	0	0.495940	26	19	7	0	0	0	0
AF	0	0.496252	27	18	9	0	0	0	0
AF	0	0.496565	19	18	1	0	0	0	0
AF	0	0.496877	27	17	10	0	0	0	0
AF	0	0.497189	22	15	7	0	0	0	0
AF	0	0.497502	12	10	2	0	0	0	0
AF	0	0.497814	13	5	8	0	0	0	0
AF	0	0.498126	22	17	5	0	0	0	0
AF	0	0.498438	22	11	11	0	0	0	0
AF	0	0.498751	17	11	6	0	0	0	0
AF	0	0.499063	28	23	5	0	0	0	0
AF	0	0.499375	53	39	14	0	0	0	0
AF	0	0.499688	30	19	11	0	0	0	0
AF	0	0.500000	15	7	8	0	0	0	0
AF	0	0.500312	15	9	6	0	0	0	0
AF	0	0.500625	16	10	6	0	0	0	0
AF	0	0.500937	16	11	5	0	0	0	0
AF	0	0.501249	27	18	9	0	0	0	0
AF	0	0.501562	14	11	3	0	0	0	0
AF	0	0.501874	20	11	9	0	0	0	0
AF	0	0.502186	21	13	8	0	0	0	0
AF	0	0.502498	13	7	6	0	0	0	0
AF	0	0.502811	16	10	6	0	0	0	0
AF	0	0.503123	22	14	8	0	0	0	0
AF	0	0.503435	16	13	3	0	0	0	0
AF	0	0.503748	32	23	9	0	0	0	0
AF	0	0.504060	18	13	5	0	0	0	0
AF	0	0.504372	16	10	6	0	0	0	0
AF	0	0.504685	16	10	6	0	0	0	0
AF	0	0.504997	17	10	7	0	0	0	0
AF	0	0.505309	22	13	9	0	0	0	0
AF	0	0.505621	19	9	10	0	0	0	0
AF	0	0.505934	19	13	6	0	0	0	0
AF	0	0.506246	18	12	6	0	0	0	0
AF	0	0.506558	20	15	5	0	0	0	0
AF	0	0.506871	18	9	9	0	0	0	0
AF	0	0.507183	20	16	4	0	0	0	0
AF	0	0.507495	15	9	6	0	0	0	0
AF	0	0.507808	18	10	8	0	0	0	0
AF	0	0.508120	7	3	4	0	0	0	0
AF	0	0.508432	23	16	7	0	0	0	0
AF	0	0.508745	20	9	11	0	0	0	0
AF	0	0.509057	22	16	6	0	0	0	0
AF	0	0.509369	19	14	5	0	0	0	0
AF	0	0.509681	23	13	10	0	0	0	0
AF	0	0.509994	22	15	7	0	0	0	0
AF	0	0.510306	28	18	10	0	0	0	0
AF	0	0.510618	40	17	23	0	0	0	0
AF	0	0.510931	35	24	11	0	0	0	0
AF	0	0.511243	36	29	7	0	0	0	0
AF	0	0.511555	29	16	13	0	0	0	0
AF	0	0.511868	24	14	10	0	0	0	0
AF	0	0.512180	18	14	4	0	0	0	0
AF	0	0.512492	14	12	2	0	0	0	0
AF	0	0.512804	35	22	13	0	0	0	0
AF	0	0.513117	24	13	11	0	0	0	0
AF	0	0.513429	24	13	11	0	0	0	0
AF	0	0.513741	31	23	8	0	0	0	0
AF	0	0.514054	25	15	10	0	0	0	0
AF	0	0.514366	32	27	5	0	0	0	0
AF	0	0.514678	22	14	8	0	0	0	0
AF	0	0.514991	25	14	11	0	0	0	0
AF	0	0.515303	14	7	7	0	0	0	0
AF	0	0.515615	17	13	4	0	0	0	0
AF	0	0.515928	14	11	3	0	0	0	0
AF	0	0.516240	34	24	10	0	0	0	0
AF	0	0.516552	36	22	14	0	0	0	0
AF	0	0.516864	21	17	4	0	0	0	0
AF	0	0.517177	22	17	5	0	0	0	0
AF	0	0.517489	17	11	6	0	0	0	0
AF	0	0.517801	21	13	8	0	0	0	0
AF	0	0.518114	22	18	4	0	0	0	0
AF	0	0.518426	23	14	9	0	0	0	0
AF	0	0.518738	27	18	9	0	0	0	0
AF	0	0.519051	21	13	8	0	0	0	0
AF	0	0.519363	37	19	18	0	0	0	0
AF	0	0.519675	27	19	8	0	0	0	0
AF	0	0.519988	19	14	5	0	0	0	0
AF	0	0.520300	21	18	3	0	0	0	0
AF	0	0.520612	17	11	6	0	0	0	0
AF	0	0.520924	22	14	8	0	0	0	0
AF	0	0.521237	22	13	9	0	0	0	0
AF	0	0.521549	25	18	7	0	0	0	0
AF	0	0.521861	22	13	9	0	0	0	0
AF	0	0.522174	19	14	5	0	0	0	0
AF	0	0.522486	26	21	5	0	0	0	0
AF	0	0.522798	24	18	6	0	0	0	0
AF	0	0.523111	21	12	9	0	0	0	0
AF	0	0.523423	22	17	5	0	0	0	0
AF	0	0.523735	26	18	8	0	0	0	0
AF	0	0.524047	38	30	8	0	0	0	0
AF	0	0.524360	16	10	6	0	0	0	0
AF	0	0.524672	23	14	9	0	0	0	0
AF	0	0.524984	22	16	6	0	0	0	0
AF	0	0.525297	29	23	6	0	0	0	0
AF	0	0.525609	23	18	5	0	0	0	0
AF	0	0.525921	24	12	12	0	0	0	0
AF	0	0.526234	24	16	8	0	0	0	0
AF	0	0.526546	28	22	6	0	0	0	0
AF	0	0.526858	23	19	4	0	0	0	0
AF	0	0.527171	30	25	5	0	0	0	0
AF	0	0.527483	30	19	11	0	0	0	0
AF	0	0.527795	13	10	3	0	0	0	0
AF	0	0.528107	21	14	7	0	0	0	0
AF	0	0.528420	36	23	13	0	0	0	0
AF	0	0.528732	33	26	7	0	0	0	0
AF	0	0.529044	36	24	12	0	0	0	0
AF	0	0.529357	37	20	17	0	0	0	0
AF	0	0.529669	25	16	9	0	0	0	0
AF	0	0.529981	19	12	7	0	0	0	0
AF	0	0.530294	28	19	9	0	0	0	0
AF	0	0.530606	14	9	5	0	0	0	0
AF	0	0.530918	27	21	6	0	0	0	0
AF	0	0.531230	23	18	5	0	0	0	0
AF	0	0.531543	35	20	15	0	0	0	0
AF	0	0.531855	14	10	4	0	0	0	0
AF	0	0.532167	31	19	12	0	0	0	0
AF	0	0.532480	25	18	7	0	0	0	0
AF	0	0.532792	28	17	11	0	0	0	0
AF	0	0.533104	40	30	10	0	0	0	0
AF	0	0.533417	22	16	6	0	0	0	0
AF	0	0.533729	22	17	5	0	0	0	0
AF	0	0.534041	20	16	4	0	0	0	0
AF	0	0.534354	17	12	5	0	0	0	0
AF	0	0.534666	17	9	8	0	0	0	0
AF	0	0.534978	11	7	4	0	0	0	0
AF	0	0.535290	16	9	7	0	0	0	0
AF	0	0.535603	13	9	4	0	0	0	0
AF	0	0.535915	20	16	4	0	0	0	0
AF	0	0.536227	12	7	5	0	0	0	0
AF	0	0.536540	17	9	8	0	0	0	0
AF	0	0.536852	13	9	4	0	0	0	0
AF	0	0.537164	22	10	12	0	0	0	0
AF	0	0.537477	14	11	3	0	0	0	0
AF	0	0.537789	17	11	6	0	0	0	0
AF	0	0.538101	28	23	5	0	0	0	0
AF	0	0.538413	25	17	8	0	0	0	0
AF	0	0.538726	22	18	4	0	0	0	0
AF	0	0.539038	22	20	2	0	0	0	0
AF	0	0.539350	25	17	8	0	0	0	0
AF	0	0.539663	16	10	6	0	0	0	0
AF	0	0.539975	26	21	5	0	0	0	0
AF	0	0.540287	17	13	4	0	0	0	0
AF	0	0.540600	24	17	7	0	0	0	0
AF	0	0.540912	24	16	8	0	0	0	0
AF	0	0.541224	17	12	5	0	0	0	0
AF	0	0.541537	21	13	8	0	0	0	0
AF	0	0.541849	17	12	5	0	0	0	0
AF	0	0.542161	18	9	9	0	0	0	0
AF	0	0.542473	12	7	5	0	0	0	0
AF	0	0.542786	17	12	5	0	0	0	0
AF	0	0.543098	31	26	5	0	0	0	0
AF	0	0.543410	15	10	5	0	0	0	0
AF	0	0.543723	26	18	8	0	0	0	0
AF	0	0.544035	21	16	5	0	0	0	0
AF	0	0.544347	17	7	10	0	0	0	0
AF	0	0.544660	33	25	8	0	0	0	0
AF	0	0.544972	18	11	7	0	0	0	0
AF	0	0.545284	17	9	8	0	0	0	0
AF	0	0.545597	30	20	10	0	0	0	0
AF	0	0.545909	19	15	4	0	0	0	0
AF	0	0.546221	14	10	4	0	0	0	0
AF	0	0.546533	26	17	9	0	0	0	0
AF	0	0.546846	18	10	8	0	0	0	0
AF	0	0.547158	19	13	6	0	0	0	0
AF	0	0.547470	13	8	5	0	0	0	0
AF	0	0.547783	16	9	7	0	0	0	0
AF	0	0.548095	19	13	6	0	0	0	0
AF	0	0.548407	19	14	5	0	0	0	0
AF	0	0.548720	25	20	5	0	0	0	0
AF	0	0.549032	15	9	6	0	0	0	0
AF	0	0.549344	38	22	16	0	0	0	0
AF	0	0.549656	26	17	9	0	0	0	0
AF	0	0.549969	33	20	13	0	0	0	0
AF	0	0.550281	19	13	6	0	0	0	0
AF	0	0.550593	29	24	5	0	0	0	0
AF	0	0.550906	36	21	15	0	0	0	0
AF	0	0.551218	27	19	8	0	0	0	0
AF	0	0.551530	12	7	5	0	0	0	0
AF	0	0.551843	39	26	13	0	0	0	0
AF	0	0.552155	48	25	23	0	0	0	0
AF	0	0.552467	17	12	5	0	0	0	0
AF	0	0.552780	10	5	5	0	0	0	0
AF	0	0.553092	19	12	7	0	0	0	0
AF	0	0.553404	15	9	6	0	0	0	0
AF	0	0.553716	12	5	7	0	0	0	0
AF	0	0.554029	23	16	7	0	0	0	0
AF	0	0.554341	17	15	2	0	0	0	0
AF	0	0.554653	16	10	6	0	0	0	0
AF	0	0.554966	11	9	2	0	0	0	0
AF	0	0.555278	14	8	6	0	0	0	0
AF	0	0.555590	11	6	5	0	0	0	0
AF	0	0.555903	14	11	3	0	0	0	0
AF	0	0.556215	14	10	4	0	0	0	0
AF	0	0.556527	18	14	4	0	0	0	0
AF	0	0.556839	20	16	4	0	0	0	0
AF	0	0.557152	20	11	9	0	0	0	0
AF	0	0.557464	14	11	3	0	0	0	0
AF	0	0.557776	21	15	6	0	0	0	0
AF	0	0.558089	15	12	3	0	0	0	0
AF	0	0.558401	16	12	4	0	0	0	0
AF	0	0.558713	18	8	10	0	0	0	0
AF	0	0.559026	14	8	6	0	0	0	0
AF	0	0.559338	22	14	8	0	0	0	0
AF	0	0.559650	21	15	6	0	0	0	0
AF	0	0.559963	44	30	14	0	0	0	0
AF	0	0.560275	20	14	6	0	0	0	0
AF	0	0.560587	15	13	2	0	0	0	0
AF	0	0.560899	23	18	5	0	0	0	0
AF	0	0.561212	21	15	6	0	0	0	0
AF	0	0.561524	13	9	4	0	0	0	0
AF	0	0.561836	35	23	12	0	0	0	0
AF	0	0.562149	24	18	6	0	0	0	0
AF	0	0.562461	22	15	7	0	0	0	0
AF	0	0.562773	37	24	13	0	0	0	0
AF	0	0.563086	13	8	5	0	0	0	0
AF	0	0.563398	19	11	8	0	0	0	0
AF	0	0.563710	16	11	5	0	0	0	0
AF	0	0.564022	17	10	7	0	0	0	0
AF	0	0.564335	28	18	10	0	0	0	0
AF	0	0.564647	15	12	3	0	0	0	0
AF	0	0.564959	24	17	7	0	0	0	0
AF	0	0.565272	18	13	5	0	0	0	0
AF	0	0.565584	10	8	2	0	0	0	0
AF	0	0.565896	23	14	9	0	0	0	0
AF	0	0.566209	21	15	6	0	0	0	0
AF	0	0.566521	22	17	5	0	0	0	0
AF	0	0.566833	21	15	6	0	0	0	0
AF	0	0.567146	23	15	8	0	0	0	0
AF	0	0.567458	14	11	3	0	0	0	0
AF	0	0.567770	15	12	3	0	0	0	0
AF	0	0.568082	17	11	6	0	0	0	0
AF	0	0.568395	15	9	6	0	0	0	0
AF	0	0.568707	11	8	3	0	0	0	0
AF	0	0.569019	16	10	6	0	0	0	0
AF	0	0.569332	13	10	3	0	0	0	0
AF	0	0.569644	23	14	9	0	0	0	0
AF	0	0.569956	17	13	4	0	0	0	0
AF	0	0.570269	28	19	9	0	0	0	0
AF	0	0.570581	26	20	6	0	0	0	0
AF	0	0.570893	20	14	6	0	0	0	0
AF	0	0.571205	26	16	10	0	0	0	0
AF	0	0.571518	22	14	8	0	0	0	0
AF	0	0.571830	19	15	4	0	0	0	0
AF	0	0.572142	24	15	9	0	0	0	0
AF	0	0.572455	29	20	9	0	0	0	0
AF	0	0.572767	28	17	11	0	0	0	0
AF	0	0.573079	22	17	5	0	0	0	0
AF	0	0.573392	25	19	6	0	0	0	0
AF	0	0.573704	17	9	8	0	0	0	0
AF	0	0.574016	20	9	11	0	0	0	0
AF	0	0.574329	35	22	13	0	0	0	0
AF	0	0.574641	12	10	2	0	0	0	0
AF	0	0.574953	30	24	6	0	0	0	0
AF	0	0.575265	35	18	17	0	0	0	0
AF	0	0.575578	19	9	10	0	0	0	0
AF	0	0.575890	14	7	7	0	0	0	0
AF	0	0.576202	21	15	6	0	0	0	0
AF	0	0.576515	17	11	6	0	0	0	0
AF	0	0.576827	12	10	2	0	0	0	0
AF	0	0.577139	16	7	9	0	0	0	0
AF	0	0.577452	14	9	5	0	0	0	0
AF	0	0.577764	22	14	8	0	0	0	0
AF	0	0.578076	32	26	6	0	0	0	0
AF	0	0.578389	9	7	2	0	0	0	0
AF	0	0.578701	13	10	3	0	0	0	0
AF	0	0.579013	21	15	6	0	0	0	0
AF	0	0.579325	22	19	3	0	0	0	0
AF	0	0.579638	19	13	6	0	0	0	0
AF	0	0.579950	34	27	7	0	0	0	0
AF	0	0.580262	22	15	7	0	0	0	0
AF	0	0.580575	17	13	4	0	0	0	0
AF	0	0.580887	19	11	8	0	0	0	0
AF	0	0.581199	13	8	5	0	0	0	0
AF	0	0.581512	16	14	2	0	0	0	0
AF	0	0.581824	17	11	6	0	0	0	0
AF	0	0.582136	13	7	6	0	0	0	0
AF	0	0.582448	23	19	4	0	0	0	0
AF	0	0.582761	20	11	9	0	0	0	0
AF	0	0.583073	21	13	8	0	0	0	0
AF	0	0.583385	25	17	8	0	0	0	0
AF	0	0.583698	26	22	4	0	0	0	0
AF	0	0.584010	38	29	9	0	0	0	0
AF	0	0.584322	19	15	4	0	0	0	0
AF	0	0.584635	31	16	15	0	0	0	0
AF	0	0.584947	27	20	7	0	0	0	0
AF	0	0.585259	20	11	9	0	0	0	0
AF	0	0.585572	21	13	8	0	0	0	0
AF	0	0.585884	23	11	12	0	0	0	0
AF	0	0.586196	32	22	10	0	0	0	0
AF	0	0.586508	19	13	6	0	0	0	0
AF	0	0.586821	18	12	6	0	0	0	0
AF	0	0.587133	17	10	7	0	0	0	0
AF	0	0.587445	13	11	2	0	0	0	0
AF	0	0.587758	13	8	5	0	0	0	0
AF	0	0.588070	21	15	6	0	0	0	0
AF	0	0.588382	15	11	4	0	0	0	0
AF	0	0.588695	15	9	6	0	0	0	0
AF	0	0.589007	15	7	8	0	0	0	0
AF	0	0.589319	15	10	5	0	0	0	0
AF	0	0.589631	18	11	7	0	0	0	0
AF	0	0.589944	27	17	10	0	0	0	0
AF	0	0.590256	15	12	3	0	0	0	0
AF	0	0.590568	10	7	3	0	0	0	0
AF	0	0.590881	22	15	7	0	0	0	0
AF	0	0.591193	23	18	5	0	0	0	0
AF	0	0.591505	19	12	7	0	0	0	0
AF	0	0.591818	34	27	7	0	0	0	0
AF	0	0.592130	21	18	3	0	0	0	0
AF	0	0.592442	24	17	7	0	0	0	0
AF	0	0.592755	16	13	3	0	0	0	0
AF	0	0.593067	36	23	13	0	0	0	0
AF	0	0.593379	39	26	13	0	0	0	0
AF	0	0.593691	21	16	5	0	0	0	0
AF	0	0.594004	25	14	11	0	0	0	0
AF	0	0.594316	20	14	6	0	0	0	0
AF	0	0.594628	30	23	7	0	0	0	0
AF	0	0.594941	21	18	3	0	0	0	0
AF	0	0.595253	21	12	9	0	0	0	0
AF	0	0.595565	23	16	7	0	0	0	0
AF	0	0.595878	14	9	5	0	0	0	0
AF	0	0.596190	16	9	7	0	0	0	0
AF	0	0.596502	15	8	7	0	0	0	0
AF	0	0.596814	13	10	3	0	0	0	0
AF	0	0.597127	17	13	4	0	0	0	0
AF	0	0.597439	23	11	12	0	0	0	0
AF	0	0.597751	20	15	5	0	0	0	0
AF	0	0.598064	20	15	5	0	0	0	0
AF	0	0.598376	16	9	7	0	0	0	0
AF	0	0.598688	20	15	5	0	0	0	0
AF	0	0.599001	19	11	8	0	0	0	0
AF	0	0.599313	22	14	8	0	0	0	0
AF	0	0.599625	17	9	8	0	0	0	0
AF	0	0.599938	15	12	3	0	0	0	0
AF	0	0.600250	17	12	5	0	0	0	0
AF	0	0.600562	20	18	2	0	0	0	0
AF	0	0.600874	13	10	3	0	0	0	0
AF	0	0.601187	14	8	6	0	0	0	0
AF	0	0.601499	20	13	7	0	0	0	0
AF	0	0.601811	10	5	5	0	0	0	0
AF	0	0.602124	19	15	4	0	0	0	0
AF	0	0.602436	24	14	10	0	0	0	0
AF	0	0.602748	19	7	12	0	0	0	0
AF	0	0.603061	25	19	6	0	0	0	0
AF	0	0.603373	18	12	6	0	0	0	0
AF	0	0.603685	23	14	9	0	0	0	0
AF	0	0.603998	13	5	8	0	0	0	0
AF	0	0.604310	67	44	23	0	0	0	0
AF	0	0.604622	44	27	17	0	0	0	0
AF	0	0.604934	35	20	15	0	0	0	0
AF	0	0.605247	20	11	9	0	0	0	0
AF	0	0.605559	18	12	6	0	0	0	0
AF	0	0.605871	23	13	10	0	0	0	0
AF	0	0.606184	23	14	9	0	0	0	0
AF	0	0.606496	23	15	8	0	0	0	0
AF	0	0.606808	22	15	7	0	0	0	0
AF	0	0.607121	19	13	6	0	0	0	0
AF	0	0.607433	7	4	3	0	0	0	0
AF	0	0.607745	15	11	4	0	0	0	0
AF	0	0.608057	16	13	3	0	0	0	0
AF	0	0.608370	20	11	9	0	0	0	0
AF	0	0.608682	20	10	10	0	0	0	0
AF	0	0.608994	8	7	1	0	0	0	0
AF	0	0.609307	15	9	6	0	0	0	0
AF	0	0.609619	16	11	5	0	0	0	0
AF	0	0.609931	15	15	0	0	0	0	0
AF	0	0.610244	19	15	4	0	0	0	0
AF	0	0.610556	11	10	1	0	0	0	0
AF	0	0.610868	21	16	5	0	0	0	0
AF	0	0.611181	28	19	9	0	0	0	0
AF	0	0.611493	18	8	10	0	0	0	0
AF	0	0.611805	28	14	14	0	0	0	0
AF	0	0.612117	15	8	7	0	0	0	0
AF	0	0.612430	18	10	8	0	0	0	0
AF	0	0.612742	31	18	13	0	0	0	0
AF	0	0.613054	13	8	5	0	0	0	0
AF	0	0.613367	26	18	8	0	0	0	0
AF	0	0.613679	18	14	4	0	0	0	0
AF	0	0.613991	18	11	7	0	0	0	0
AF	0	0.614304	22	13	9	0	0	0	0
AF	0	0.614616	26	18	8	0	0	0	0
AF	0	0.614928	14	12	2	0	0	0	0
AF	0	0.615240	17	12	5	0	0	0	0
AF	0	0.615553	21	13	8	0	0	0	0
AF	0	0.615865	19	10	9	0	0	0	0
AF	0	0.616177	21	13	8	0	0	0	0
AF	0	0.616490	20	13	7	0	0	0	0
AF	0	0.616802	21	16	5	0	0	0	0
AF	0	0.617114	15	10	5	0	0	0	0
AF	0	0.617427	17	15	2	0	0	0	0
AF	0	0.617739	20	13	7	0	0	0	0
AF	0	0.618051	36	25	11	0	0	0	0
AF	0	0.618364	18	13	5	0	0	0	0
AF	0	0.618676	14	8	6	0	0	0	0
AF	0	0.618988	25	19	6	0	0	0	0
AF	0	0.619300	12	8	4	0	0	0	0
AF	0	0.619613	18	11	7	0	0	0	0
AF	0	0.619925	13	5	8	0	0	0	0
AF	0	0.620237	17	11	6	0	0	0	0
AF	0	0.620550	16	12	4	0	0	0	0
AF	0	0.620862	18	13	5	0	0	0	0
AF	0	0.621174	42	28	14	0	0	0	0
AF	0	0.621487	35	25	10	0	0	0	0
AF	0	0.621799	22	16	6	0	0	0	0
AF	0	0.622111	12	8	4	0	0	0	0
AF	0	0.622423	13	9	4	0	0	0	0
AF	0	0.622736	22	15	7	0	0	0	0
AF	0	0.623048	22	12	10	0	0	0	0
AF	0	0.623360	30	19	11	0	0	0	0
AF	0	0.623673	22	13	9	0	0	0	0
AF	0	0.623985	17	8	9	0	0	0	0
AF	0	0.624297	27	19	8	0	0	0	0
AF	0	0.624610	17	13	4	0	0	0	0
AF	0	0.624922	13	10	3	0	0	0	0
AF	0	0.625234	13	7	6	0	0	0	0
AF	0	0.625547	28	23	5	0	0	0	0
AF	0	0.625859	15	8	7	0	0	0	0
AF	0	0.626171	15	13	2	0	0	0	0
AF	0	0.626483	14	8	6	0	0	0	0
AF	0	0.626796	25	15	10	0	0	0	0
AF	0	0.627108	15	8	7	0	0	0	0
AF	0	0.627420	22	11	11	0	0	0	0
AF	0	0.627733	9	6	3	0	0	0	0
AF	0	0.628045	11	9	2	0	0	0	0
AF	0	0.628357	21	15	6	0	0	0	0
AF	0	0.628670	10	7	3	0	0	0	0
AF	0	0.628982	18	13	5	0	0	0	0
AF	0	0.629294	18	14	4	0	0	0	0
AF	0	0.629606	28	15	13	0	0	0	0
AF	0	0.629919	24	14	10	0	0	0	0
AF	0	0.630231	11	7	4	0	0	0	0
AF	0	0.630543	10	6	4	0	0	0	0
AF	0	0.630856	13	6	7	0	0	0	0
AF	0	0.631168	26	15	11	0	0	0	0
AF	0	0.631480	14	11	3	0	0	0	0
AF	0	0.631793	14	8	6	0	0	0	0
AF	0	0.632105	17	9	8	0	0	0	0
AF	0	0.632417	14	12	2	0	0	0	0
AF	0	0.632730	15	10	5	0	0	0	0
AF	0	0.633042	16	12	4	0	0	0	0
AF	0	0.633354	18	11	7	0	0	0	0
AF	0	0.633666	22	17	5	0	0	0	0
AF	0	0.633979	16	10	6	0	0	0	0
AF	0	0.634291	15	8	7	0	0	0	0
AF	0	0.634603	9	4	5	0	0	0	0
AF	0	0.634916	22	16	6	0	0	0	0
AF	0	0.635228	21	15	6	0	0	0	0
AF	0	0.635540	14	8	6	0	0	0	0
AF	0	0.635853	25	18	7	0	0	0	0
AF	0	0.636165	18	12	6	0	0	0	0
AF	0	0.636477	20	15	5	0	0	0	0
AF	0	0.636790	30	19	11	0	0	0	0
AF	0	0.637102	21	16	5	0	0	0	0
AF	0	0.637414	29	23	6	0	0	0	0
AF	0	0.637726	31	18	13	0	0	0	0
AF	0	0.638039	24	20	4	0	0	0	0
AF	0	0.638351	22	14	8	0	0	0	0
AF	0	0.638663	21	16	5	0	0	0	0
AF	0	0.638976	53	39	14	0	0	0	0
AF	0	0.639288	24	17	7	0	0	0	0
AF	0	0.639600	30	20	10	0	0	0	0
AF	0	0.639913	28	23	5	0	0	0	0
AF	0	0.640225	14	11	3	0	0	0	0
AF	0	0.640537	14	9	5	0	0	0	0
AF	0	0.640849	16	11	5	0	0	0	0
AF	0	0.641162	13	8	5	0	0	0	0
AF	0	0.641474	13	8	5	0	0	0	0
AF	0	0.641786	9	7	2	0	0	0	0
AF	0	0.642099	18	12	6	0	0	0	0
AF	0	0.642411	19	12	7	0	0	0	0
AF	0	0.642723	18	15	3	0	0	0	0
AF	0	0.643036	19	12	7	0	0	0	0
AF	0	0.643348	14	11	3	0	0	0	0
AF	0	0.643660	15	10	5	0	0	0	0
AF	0	0.643973	14	11	3	0	0	0	0
AF	0	0.644285	11	6	5	0	0	0	0
AF	0	0.644597	23	15	8	0	0	0	0
AF	0	0.644909	20	14	6	0	0	0	0
AF	0	0.645222	21	19	2	0	0	0	0
AF	0	0.645534	16	9	7	0	0	0	0
AF	0	0.645846	8	7	1	0	0	0	0
AF	0	0.646159	13	9	4	0	0	0	0
AF	0	0.646471	19	10	9	0	0	0	0
AF	0	0.646783	22	15	7	0	0	0	0
AF	0	0.647096	13	7	6	0	0	0	0
AF	0	0.647408	11	6	5	0	0	0	0
AF	0	0.647720	23	18	5	0	0	0	0
AF	0	0.648032	23	10	13	0	0	0	0
AF	0	0.648345	16	12	4	0	0	0	0
AF	0	0.648657	28	22	6	0	0	0	0
AF	0	0.648969	23	18	5	0	0	0	0
AF	0	0.649282	16	12	4	0	0	0	0
AF	0	0.649594	12	9	3	0	0	0	0
AF	0	0.649906	17	13	4	0	0	0	0
AF	0	0.650219	31	25	6	0	0	0	0
AF	0	0.650531	33	19	14	0	0	0	0
AF	0	0.650843	25	14	11	0	0	0	0
AF	0	0.651156	28	21	7	0	0	0	0
AF	0	0.651468	17	11	6	0	0	0	0
AF	0	0.651780	27	21	6	0	0	0	0
AF	0	0.652092	22	18	4	0	0	0	0
AF	0	0.652405	18	13	5	0	0	0	0
AF	0	0.652717	19	13	6	0	0	0	0
AF	0	0.653029	11	8	3	0	0	0	0
AF	0	0.653342	20	13	7	0	0	0	0
AF	0	0.653654	15	10	5	0	0	0	0
AF	0	0.653966	17	13	4	0	0	0	0
AF	0	0.654279	11	6	5	0	0	0	0
AF	0	0.654591	10	7	3	0	0	0	0
AF	0	0.654903	17	15	2	0	0	0	0
AF	0	0.655215	19	14	5	0	0	0	0
AF	0	0.655528	17	9	8	0	0	0	0
AF	0	0.655840	22	14	8	0	0	0	0
AF	0	0.656152	19	14	5	0	0	0	0
AF	0	0.656465	19	14	5	0	0	0	0
AF	0	0.656777	20	17	3	0	0	0	0
AF	0	0.657089	28	20	8	0	0	0	0
AF	0	0.657402	32	28	4	0	0	0	0
AF	0	0.657714	21	12	9	0	0	0	0
AF	0	0.658026	22	16	6	0	0	0	0
AF	0	0.658339	17	9	8	0	0	0	0
AF	0	0.658651	17	12	5	0	0	0	0
AF	0	0.658963	8	6	2	0	0	0	0
AF	0	0.659275	12	8	4	0	0	0	0
AF	0	0.659588	17	14	3	0	0	0	0
AF	0	0.659900	6	4	2	0	0	0	0
AF	0	0.660212	18	14	4	0	0	0	0
AF	0	0.660525	13	9	4	0	0	0	0
AF	0	0.660837	25	17	8	0	0	0	0
AF	0	0.661149	22	12	10	0	0	0	0
AF	0	0.661462	19	12	7	0	0	0	0
AF	0	0.661774	16	13	3	0	0	0	0
AF	0	0.662086	16	10	6	0	0	0	0
AF	0	0.662399	18	11	7	0	0	0	0
AF	0	0.662711	20	16	4	0	0	0	0
AF	0	0.663023	17	10	7	0	0	0	0
AF	0	0.663335	17	11	6	0	0	0	0
AF	0	0.663648	22	14	8	0	0	0	0
AF	0	0.663960	14	11	3	0	0	0	0
AF	0	0.664272	15	12	3	0	0	0	0
AF	0	0.664585	29	22	7	0	0	0	0
AF	0	0.664897	35	21	14	0	0	0	0
AF	0	0.665209	21	14	7	0	0	0	0
AF	0	0.665522	15	8	7	0	0	0	0
AF	0	0.665834	14	10	4	0	0	0	0
AF	0	0.666146	10	7	3	0	0	0	0
AF	0	0.666458	17	11	6	0	0	0	0
AF	0	0.666771	10	8	2	0	0	0	0
AF	0	0.667083	15	8	7	0	0	0	0
AF	0	0.667395	17	11	6	0	0	0	0
AF	0	0.667708	24	16	8	0	0	0	0
AF	0	0.668020	57	43	14	0	0	0	0
AF	0	0.668332	18	11	7	0	0	0	0
AF	0	0.668645	12	7	5	0	0	0	0
AF	0	0.668957	14	9	5	0	0	0	0
AF	0	0.669269	15	11	4	0	0	0	0
AF	0	0.669582	15	10	5	0	0	0	0
AF	0	0.669894	19	12	7	0	0	0	0
AF	0	0.670206	24	17	7	0	0	0	0
AF	0	0.670518	22	16	6	0	0	0	0
AF	0	0.670831	17	16	1	0	0	0	0
AF	0	0.671143	29	20	9	0	0	0	0
AF	0	0.671455	15	10	5	0	0	0	0
AF	0	0.671768	17	9	8	0	0	0	0
AF	0	0.672080	16	9	7	0	0	0	0
AF	0	0.672392	13	6	7	0	0	0	0
AF	0	0.672705	21	14	7	0	0	0	0
AF	0	0.673017	15	10	5	0	0	0	0
AF	0	0.673329	21	19	2	0	0	0	0
AF	0	0.673641	28	20	8	0	0	0	0
AF	0	0.673954	12	8	4	0	0	0	0
AF	0	0.674266	14	9	5	0	0	0	0
AF	0	0.674578	11	6	5	0	0	0	0
AF	0	0.674891	10	7	3	0	0	0	0
AF	0	0.675203	30	19	11	0	0	0	0
AF	0	0.675515	26	21	5	0	0	0	0
AF	0	0.675828	12	7	5	0	0	0	0
AF	0	0.676140	13	8	5	0	0	0	0
AF	0	0.676452	15	13	2	0	0	0	0
AF	0	0.676765	12	8	4	0	0	0	0
AF	0	0.677077	15	12	3	0	0	0	0
AF	0	0.677389	15	6	9	0	0	0	0
AF	0	0.677701	21	16	5	0	0	0	0
AF	0	0.678014	16	9	7	0	0	0	0
AF	0	0.678326	6	5	1	0	0	0	0
AF	0	0.678638	22	19	3	0	0	0	0
AF	0	0.678951	9	8	1	0	0	0	0
AF	0	0.679263	13	6	7	0	0	0	0
AF	0	0.679575	16	11	5	0	0	0	0
AF	0	0.679888	12	8	4	0	0	0	0
AF	0	0.680200	16	10	6	0	0	0	0
AF	0	0.680512	18	14	4	0	0	0	0
AF	0	0.680824	18	14	4	0	0	0	0
AF	0	0.681137	14	12	2	0	0	0	0
AF	0	0.681449	13	9	4	0	0	0	0
AF	0	0.681761	14	10	4	0	0	0	0
AF	0	0.682074	9	6	3	0	0	0	0
AF	0	0.682386	9	6	3	0	0	0	0
AF	0	0.682698	11	7	4	0	0	0	0
AF	0	0.683011	17	14	3	0	0	0	0
AF	0	0.683323	13	8	5	0	0	0	0
AF	0	0.683635	15	7	8	0	0	0	0
AF	0	0.683948	11	7	4	0	0	0	0
AF	0	0.684260	11	8	3	0	0	0	0
AF	0	0.684572	12	11	1	0	0	0	0
AF	0	0.684884	22	17	5	0	0	0	0
AF	0	0.685197	23	17	6	0	0	0	0
AF	0	0.685509	11	7	4	0	0	0	0
AF	0	0.685821	15	9	6	0	0	0	0
AF	0	0.686134	17	14	3	0	0	0	0
AF	0	0.686446	18	9	9	0	0	0	0
AF	0	0.686758	13	10	3	0	0	0	0
AF	0	0.687071	13	9	4	0	0	0	0
AF	0	0.687383	34	23	11	0	0	0	0
AF	0	0.687695	15	13	2	0	0	0	0
AF	0	0.688007	11	9	2	0	0	0	0
AF	0	0.688320	13	10	3	0	0	0	0
AF	0	0.688632	15	9	6	0	0	0	0
AF	0	0.688944	7	6	1	0	0	0	0
AF	0	0.689257	12	9	3	0	0	0	0
AF	0	0.689569	11	8	3	0	0	0	0
AF	0	0.689881	14	11	3	0	0	0	0
AF	0	0.690194	26	17	9	0	0	0	0
AF	0	0.690506	17	9	8	0	0	0	0
AF	0	0.690818	8	6	2	0	0	0	0
AF	0	0.691131	9	6	3	0	0	0	0
AF	0	0.691443	12	7	5	0	0	0	0
AF	0	0.691755	11	6	5	0	0	0	0
AF	0	0.692067	12	8	4	0	0	0	0
AF	0	0.692380	12	9	3	0	0	0	0
AF	0	0.692692	18	13	5	0	0	0	0
AF	0	0.693004	6	5	1	0	0	0	0
AF	0	0.693317	9	7	2	0	0	0	0
AF	0	0.693629	14	13	1	0	0	0	0
AF	0	0.693941	13	6	7	0	0	0	0
AF	0	0.694254	10	5	5	0	0	0	0
AF	0	0.694566	15	10	5	0	0	0	0
AF	0	0.694878	22	14	8	0	0	0	0
AF	0	0.695191	29	18	11	0	0	0	0
AF	0	0.695503	13	6	7	0	0	0	0
AF	0	0.695815	10	6	4	0	0	0	0
AF	0	0.696127	14	10	4	0	0	0	0
AF	0	0.696440	11	8	3	0	0	0	0
AF	0	0.696752	13	5	8	0	0	0	0
AF	0	0.697064	13	10	3	0	0	0	0
AF	0	0.697377	16	13	3	0	0	0	0
AF	0	0.697689	10	7	3	0	0	0	0
AF	0	0.698001	12	7	5	0	0	0	0
AF	0	0.698314	18	11	7	0	0	0	0
AF	0	0.698626	11	8	3	0	0	0	0
AF	0	0.698938	12	10	2	0	0	0	0
AF	0	0.699250	20	14	6	0	0	0	0
AF	0	0.699563	37	24	13	0	0	0	0
AF	0	0.699875	20	14	6	0	0	0	0
AF	0	0.700187	10	8	2	0	0	0	0
AF	0	0.700500	16	11	5	0	0	0	0
AF	0	0.700812	15	14	1	0	0	0	0
AF	0	0.701124	18	15	3	0	0	0	0
AF	0	0.701437	16	12	4	0	0	0	0
AF	0	0.701749	14	8	6	0	0	0	0
AF	0	0.702061	10	8	2	0	0	0	0
AF	0	0.702374	16	11	5	0	0	0	0
AF	0	0.702686	19	14	5	0	0	0	0
AF	0	0.702998	17	12	5	0	0	0	0
AF	0	0.703310	16	15	1	0	0	0	0
AF	0	0.703623	16	11	5	0	0	0	0
AF	0	0.703935	10	7	3	0	0	0	0
AF	0	0.704247	12	10	2	0	0	0	0
AF	0	0.704560	9	5	4	0	0	0	0
AF	0	0.704872	14	9	5	0	0	0	0
AF	0	0.705184	16	7	9	0	0	0	0
AF	0	0.705497	11	5	6	0	0	0	0
AF	0	0.705809	8	7	1	0	0	0	0
AF	0	0.706121	11	9	2	0	0	0	0
AF	0	0.706433	18	15	3	0	0	0	0
AF	0	0.706746	16	13	3	0	0	0	0
AF	0	0.707058	15	8	7	0	0	0	0
AF	0	0.707370	10	6	4	0	0	0	0
AF	0	0.707683	14	10	4	0	0	0	0
AF	0	0.707995	32	18	14	0	0	0	0
AF	0	0.708307	16	6	10	0	0	0	0
AF	0	0.708620	18	14	4	0	0	0	0
AF	0	0.708932	12	6	6	0	0	0	0
AF	0	0.709244	11	7	4	0	0	0	0
AF	0	0.709557	13	8	5	0	0	0	0
AF	0	0.709869	14	6	8	0	0	0	0
AF	0	0.710181	13	9	4	0	0	0	0
AF	0	0.710493	13	9	4	0	0	0	0
AF	0	0.710806	20	13	7	0	0	0	0
AF	0	0.711118	12	8	4	0	0	0	0
AF	0	0.711430	10	5	5	0	0	0	0
AF	0	0.711743	8	7	1	0	0	0	0
AF	0	0.712055	23	13	10	0	0	0	0
AF	0	0.712367	12	7	5	0	0	0	0
AF	0	0.712680	21	15	6	0	0	0	0
AF	0	0.712992	16	11	5	0	0	0	0
AF	0	0.713304	20	11	9	0	0	0	0
AF	0	0.713616	23	18	5	0	0	0	0
AF	0	0.713929	16	13	3	0	0	0	0
AF	0	0.714241	26	22	4	0	0	0	0
AF	0	0.714553	22	14	8	0	0	0	0
AF	0	0.714866	18	10	8	0	0	0	0
AF	0	0.715178	12	9	3	0	0	0	0
AF	0	0.715490	15	10	5	0	0	0	0
AF	0	0.715803	14	7	7	0	0	0	0
AF	0	0.716115	16	11	5	0	0	0	0
AF	0	0.716427	11	6	5	0	0	0	0
AF	0	0.716740	10	5	5	0	0	0	0
AF	0	0.717052	19	17	2	0	0	0	0
AF	0	0.717364	12	9	3	0	0	0	0
AF	0	0.717676	19	12	7	0	0	0	0
AF	0	0.717989	12	7	5	0	0	0	0
AF	0	0.718301	18	14	4	0	0	0	0
AF	0	0.718613	14	8	6	0	0	0	0
AF	0	0.718926	14	11	3	0	0	0	0
AF	0	0.719238	13	10	3	0	0	0	0
AF	0	0.719550	16	9	7	0	0	0	0
AF	0	0.719863	14	8	6	0	0	0	0
AF	0	0.720175	13	9	4	0	0	0	0
AF	0	0.720487	17	10	7	0	0	0	0
AF	0	0.720800	9	8	1	0	0	0	0
AF	0	0.721112	19	14	5	0	0	0	0
AF	0	0.721424	18	14	4	0	0	0	0
AF	0	0.721736	17	15	2	0	0	0	0
AF	0	0.722049	16	11	5	0	0	0	0
AF	0	0.722361	15	10	5	0	0	0	0
AF	0	0.722673	11	9	2	0	0	0	0
AF	0	0.722986	11	9	2	0	0	0	0
AF	0	0.723298	19	9	10	0	0	0	0
AF	0	0.723610	14	8	6	0	0	0	0
AF	0	0.723923	11	8	3	0	0	0	0
AF	0	0.724235	21	14	7	0	0	0	0
AF	0	0.724547	24	17	7	0	0	0	0
AF	0	0.724859	22	17	5	0	0	0	0
AF	0	0.725172	24	17	7	0	0	0	0
AF	0	0.725484	22	15	7	0	0	0	0
AF	0	0.725796	8	6	2	0	0	0	0
AF	0	0.726109	10	6	4	0	0	0	0
AF	0	0.726421	12	7	5	0	0	0	0
AF	0	0.726733	9	6	3	0	0	0	0
AF	0	0.727046	9	5	4	0	0	0	0
AF	0	0.727358	13	10	3	0	0	0	0
AF	0	0.727670	17	7	10	0	0	0	0
AF	0	0.727983	9	8	1	0	0	0	0
AF	0	0.728295	20	16	4	0	0	0	0
AF	0	0.728607	6	4	2	0	0	0	0
AF	0	0.728919	19	12	7	0	0	0	0
AF	0	0.729232	20	8	12	0	0	0	0
AF	0	0.729544	14	8	6	0	0	0	0
AF	0	0.729856	15	11	4	0	0	0	0
AF	0	0.730169	15	11	4	0	0	0	0
AF	0	0.730481	10	8	2	0	0	0	0
AF	0	0.730793	15	14	1	0	0	0	0
AF	0	0.731106	16	12	4	0	0	0	0
AF	0	0.731418	12	9	3	0	0	0	0
AF	0	0.731730	9	7	2	0	0	0	0
AF	0	0.732042	16	11	5	0	0	0	0
AF	0	0.732355	15	12	3	0	0	0	0
AF	0	0.732667	11	8	3	0	0	0	0
AF	0	0.732979	5	4	1	0	0	0	0
AF	0	0.733292	10	8	2	0	0	0	0
AF	0	0.733604	16	14	2	0	0	0	0
AF	0	0.733916	11	8	3	0	0	0	0
AF	0	0.734229	13	8	5	0	0	0	0
AF	0	0.734541	13	8	5	0	0	0	0
AF	0	0.734853	20	12	8	0	0	0	0
AF	0	0.735166	11	9	2	0	0	0	0
AF	0	0.735478	26	16	10	0	0	0	0
AF	0	0.735790	15	12	3	0	0	0	0
AF	0	0.736102	20	12	8	0	0	0	0
AF	0	0.736415	15	6	9	0	0	0	0
AF	0	0.736727	17	10	7	0	0	0	0
AF	0	0.737039	18	12	6	0	0	0	0
AF	0	0.737352	13	7	6	0	0	0	0
AF	0	0.737664	23	19	4	0	0	0	0
AF	0	0.737976	21	14	7	0	0	0	0
AF	0	0.738289	20	12	8	0	0	0	0
AF	0	0.738601	15	9	6	0	0	0	0
AF	0	0.738913	12	6	6	0	0	0	0
AF	0	0.739225	7	7	0	0	0	0	0
AF	0	0.739538	17	16	1	0	0	0	0
AF	0	0.739850	16	10	6	0	0	0	0
AF	0	0.740162	15	14	1	0	0	0	0
AF	0	0.740475	23	18	5	0	0	0	0
AF	0	0.740787	9	6	3	0	0	0	0
AF	0	0.741099	20	13	7	0	0	0	0
AF	0	0.741412	7	5	2	0	0	0	0
AF	0	0.741724	16	8	8	0	0	0	0
AF	0	0.742036	15	12	3	0	0	0	0
AF	0	0.742349	23	17	6	0	0	0	0
AF	0	0.742661	15	8	7	0	0	0	0
AF	0	0.742973	11	9	2	0	0	0	0
AF	0	0.743285	24	15	9	0	0	0	0
AF	0	0.743598	20	15	5	0	0	0	0
AF	0	0.743910	14	8	6	0	0	0	0
AF	0	0.744222	19	15	4	0	0	0	0
AF	0	0.744535	15	7	8	0	0	0	0
AF	0	0.744847	21	15	6	0	0	0	0
AF	0	0.745159	20	11	9	0	0	0	0
AF	0	0.745472	17	13	4	0	0	0	0
AF	0	0.745784	20	13	7	0	0	0	0
AF	0	0.746096	15	13	2	0	0	0	0
AF	0	0.746408	21	12	9	0	0	0	0
AF	0	0.746721	16	12	4	0	0	0	0
AF	0	0.747033	23	17	6	0	0	0	0
AF	0	0.747345	21	15	6	0	0	0	0
AF	0	0.747658	14	10	4	0	0	0	0
AF	0	0.747970	12	8	4	0	0	0	0
AF	0	0.748282	17	14	3	0	0	0	0
AF	0	0.748595	12	10	2	0	0	0	0
AF	0	0.748907	13	9	4	0	0	0	0
AF	0	0.749219	23	16	7	0	0	0	0
AF	0	0.749532	15	9	6	0	0	0	0
AF	0	0.749844	21	15	6	0	0	0	0
AF	0	0.750156	15	11	4	0	0	0	0
AF	0	0.750468	33	24	9	0	0	0	0
AF	0	0.750781	16	6	10	0	0	0	0
AF	0	0.751093	17	13	4	0	0	0	0
AF	0	0.751405	13	7	6	0	0	0	0
AF	0	0.751718	16	9	7	0	0	0	0
AF	0	0.752030	13	9	4	0	0	0	0
AF	0	0.752342	13	9	4	0	0	0	0
AF	0	0.752655	11	9	2	0	0	0	0
AF	0	0.752967	7	4	3	0	0	0	0
AF	0	0.753279	9	5	4	0	0	0	0
AF	0	0.753592	10	6	4	0	0	0	0
AF	0	0.753904	17	12	5	0	0	0	0
AF	0	0.754216	15	8	7	0	0	0	0
AF	0	0.754528	21	16	5	0	0	0	0
AF	0	0.754841	19	13	6	0	0	0	0
AF	0	0.755153	22	15	7	0	0	0	0
AF	0	0.755465	19	16	3	0	0	0	0
AF	0	0.755778	23	15	8	0	0	0	0
AF	0	0.756090	11	9	2	0	0	0	0
AF	0	0.756402	11	8	3	0	0	0	0
AF	0	0.756715	25	20	5	0	0	0	0
AF	0	0.757027	13	9	4	0	0	0	0
AF	0	0.757339	16	11	5	0	0	0	0
AF	0	0.757651	18	13	5	0	0	0	0
AF	0	0.757964	15	11	4	0	0	0	0
AF	0	0.758276	10	8	2	0	0	0	0
AF	0	0.758588	17	12	5	0	0	0	0
AF	0	0.758901	17	16	1	0	0	0	0
AF	0	0.759213	22	11	11	0	0	0	0
AF	0	0.759525	17	12	5	0	0	0	0
AF	0	0.759838	7	4	3	0	0	0	0
AF	0	0.760150	19	14	5	0	0	0	0
AF	0	0.760462	12	8	4	0	0	0	0
AF	0	0.760775	9	5	4	0	0	0	0
AF	0	0.761087	27	17	10	0	0	0	0
AF	0	0.761399	35	25	10	0	0	0	0
AF	0	0.761711	19	12	7	0	0	0	0
AF	0	0.762024	15	12	3	0	0	0	0
AF	0	0.762336	14	8	6	0	0	0	0
AF	0	0.762648	17	10	7	0	0	0	0
AF	0	0.762961	7	5	2	0	0	0	0
AF	0	0.763273	12	7	5	0	0	0	0
AF	0	0.763585	12	9	3	0	0	0	0
AF	0	0.763898	18	13	5	0	0	0	0
AF	0	0.764210	10	6	4	0	0	0	0
AF	0	0.764522	16	8	8	0	0	0	0
AF	0	0.764834	8	6	2	0	0	0	0
AF	0	0.765147	12	8	4	0	0	0	0
AF	0	0.765459	12	5	7	0	0	0	0
AF	0	0.765771	15	11	4	0	0	0	0
AF	0	0.766084	8	7	1	0	0	0	0
AF	0	0.766396	18	11	7	0	0	0	0
AF	0	0.766708	9	5	4	0	0	0	0
AF	0	0.767021	18	12	6	0	0	0	0
AF	0	0.767333	11	9	2	0	0	0	0
AF	0	0.767645	15	11	4	0	0	0	0
AF	0	0.767958	7	4	3	0	0	0	0
AF	0	0.768270	10	6	4	0	0	0	0
AF	0	0.768582	13	10	3	0	0	0	0
AF	0	0.768894	17	11	6	0	0	0	0
AF	0	0.769207	21	15	6	0	0	0	0
AF	0	0.769519	13	7	6	0	0	0	0
AF	0	0.769831	16	12	4	0	0	0	0
AF	0	0.770144	16	9	7	0	0	0	0
AF	0	0.770456	21	15	6	0	0	0	0
AF	0	0.770768	21	14	7	0	0	0	0
AF	0	0.771081	23	15	8	0	0	0	0
AF	0	0.771393	13	11	2	0	0	0	0
AF	0	0.771705	12	6	6	0	0	0	0
AF	0	0.772017	17	13	4	0	0	0	0
AF	0	0.772330	19	14	5	0	0	0	0
AF	0	0.772642	18	11	7	0	0	0	0
AF	0	0.772954	16	11	5	0	0	0	0
AF	0	0.773267	9	5	4	0	0	0	0
AF	0	0.773579	9	6	3	0	0	0	0
AF	0	0.773891	17	13	4	0	0	0	0
AF	0	0.774204	14	11	3	0	0	0	0
AF	0	0.774516	9	7	2	0	0	0	0
AF	0	0.774828	26	22	4	0	0	0	0
AF	0	0.775141	11	9	2	0	0	0	0
AF	0	0.775453	12	9	3	0	0	0	0
AF	0	0.775765	4	3	1	0	0	0	0
AF	0	0.776077	10	9	1	0	0	0	0
AF	0	0.776390	19	12	7	0	0	0	0
AF	0	0.776702	47	35	12	0	0	0	0
AF	0	0.777014	16	13	3	0	0	0	0
AF	0	0.777327	15	14	1	0	0	0	0
AF	0	0.777639	18	13	5	0	0	0	0
AF	0	0.777951	12	9	3	0	0	0	0
AF	0	0.778264	14	8	6	0	0	0	0
AF	0	0.778576	15	9	6	0	0	0	0
AF	0	0.778888	18	11	7	0	0	0	0
AF	0	0.779200	13	8	5	0	0	0	0
AF	0	0.779513	11	9	2	0	0	0	0
AF	0	0.779825	25	16	9	0	0	0	0
AF	0	0.780137	9	7	2	0	0	0	0
AF	0	0.780450	16	12	4	0	0	0	0
AF	0	0.780762	25	16	9	0	0	0	0
AF	0	0.781074	40	31	9	0	0	0	0
AF	0	0.781387	26	20	6	0	0	0	0
AF	0	0.781699	26	15	11	0	0	0	0
AF	0	0.782011	29	20	9	0	0	0	0
AF	0	0.782324	15	5	10	0	0	0	0
AF	0	0.782636	23	15	8	0	0	0	0
AF	0	0.782948	11	6	5	0	0	0	0
AF	0	0.783260	21	15	6	0	0	0	0
AF	0	0.783573	34	24	10	0	0	0	0
AF	0	0.783885	29	20	9	0	0	0	0
AF	0	0.784197	24	18	6	0	0	0	0
AF	0	0.784510	17	14	3	0	0	0	0
AF	0	0.784822	20	13	7	0	0	0	0
AF	0	0.785134	25	19	6	0	0	0	0
AF	0	0.785447	13	9	4	0	0	0	0
AF	0	0.785759	26	17	9	0	0	0	0
AF	0	0.786071	10	6	4	0	0	0	0
AF	0	0.786384	22	19	3	0	0	0	0
AF	0	0.786696	23	19	4	0	0	0	0
AF	0	0.787008	18	13	5	0	0	0	0
AF	0	0.787320	12	10	2	0	0	0	0
AF	0	0.787633	9	3	6	0	0	0	0
AF	0	0.787945	16	11	5	0	0	0	0
AF	0	0.788257	5	4	1	0	0	0	0
AF	0	0.788570	13	13	0	0	0	0	0
AF	0	0.788882	19	13	6	0	0	0	0
AF	0	0.789194	15	9	6	0	0	0	0
AF	0	0.789507	19	15	4	0	0	0	0
AF	0	0.789819	17	14	3	0	0	0	0
AF	0	0.790131	19	8	11	0	0	0	0
AF	0	0.790443	18	11	7	0	0	0	0
AF	0	0.790756	13	8	5	0	0	0	0
AF	0	0.791068	31	25	6	0	0	0	0
AF	0	0.791380	11	10	1	0	0	0	0
AF	0	0.791693	7	4	3	0	0	0	0
AF	0	0.792005	8	6	2	0	0	0	0
AF	0	0.792317	14	12	2	0	0	0	0
AF	0	0.792630	10	7	3	0	0	0	0
AF	0	0.792942	22	14	8	0	0	0	0
AF	0	0.793254	38	27	11	0	0	0	0
AF	0	0.793567	18	15	3	0	0	0	0
AF	0	0.793879	18	14	4	0	0	0	0
AF	0	0.794191	19	15	4	0	0	0	0
AF	0	0.794503	23	19	4	0	0	0	0
AF	0	0.794816	23	17	6	0	0	0	0
AF	0	0.795128	13	8	5	0	0	0	0
AF	0	0.795440	15	11	4	0	0	0	0
AF	0	0.795753	7	6	1	0	0	0	0
AF	0	0.796065	10	6	4	0	0	0	0
AF	0	0.796377	15	7	8	0	0	0	0
AF	0	0.796690	25	15	10	0	0	0	0
AF	0	0.797002	11	10	1	0	0	0	0
AF	0	0.797314	25	17	8	0	0	0	0
AF	0	0.797626	19	11	8	0	0	0	0
AF	0	0.797939	13	9	4	0	0	0	0
AF	0	0.798251	27	22	5	0	0	0	0
AF	0	0.798563	15	13	2	0	0	0	0
AF	0	0.798876	14	10	4	0	0	0	0
AF	0	0.799188	9	4	5	0	0	0	0
AF	0	0.799500	10	6	4	0	0	0	0
AF	0	0.799813	15	12	3	0	0	0	0
AF	0	0.800125	20	13	7	0	0	0	0
AF	0	0.800437	6	3	3	0	0	0	0
AF	0	0.800750	10	6	4	0	0	0	0
AF	0	0.801062	30	22	8	0	0	0	0
AF	0	0.801374	27	17	10	0	0	0	0
AF	0	0.801686	19	12	7	0	0	0	0
AF	0	0.801999	38	21	17	0	0	0	0
AF	0	0.802311	15	10	5	0	0	0	0
AF	0	0.802623	14	13	1	0	0	0	0
AF	0	0.802936	12	5	7	0	0	0	0
AF	0	0.803248	15	9	6	0	0	0	0
AF	0	0.803560	17	7	10	0	0	0	0
AF	0	0.803873	12	9	3	0	0	0	0
AF	0	0.804185	27	15	12	0	0	0	0
AF	0	0.804497	23	15	8	0	0	0	0
AF	0	0.804809	13	7	6	0	0	0	0
AF	0	0.805122	56	36	20	0	0	0	0
AF	0	0.805434	16	9	7	0	0	0	0
AF	0	0.805746	17	13	4	0	0	0	0
AF	0	0.806059	10	8	2	0	0	0	0
AF	0	0.806371	15	7	8	0	0	0	0
AF	0	0.806683	15	13	2	0	0	0	0
AF	0	0.806996	9	8	1	0	0	0	0
AF	0	0.807308	24	13	11	0	0	0	0
AF	0	0.807620	12	8	4	0	0	0	0
AF	0	0.807933	14	9	5	0	0	0	0
AF	0	0.808245	14	9	5	0	0	0	0
AF	0	0.808557	15	11	4	0	0	0	0
AF	0	0.808869	18	14	4	0	0	0	0
AF	0	0.809182	20	15	5	0	0	0	0
AF	0	0.809494	11	7	4	0	0	0	0
AF	0	0.809806	15	10	5	0	0	0	0
AF	0	0.810119	19	13	6	0	0	0	0
AF	0	0.810431	9	7	2	0	0	0	0
AF	0	0.810743	10	8	2	0	0	0	0
AF	0	0.811056	15	8	7	0	0	0	0
AF	0	0.811368	4	3	1	0	0	0	0
AF	0	0.811680	10	5	5	0	0	0	0
AF	0	0.811993	20	12	8	0	0	0	0
AF	0	0.812305	18	13	5	0	0	0	0
AF	0	0.812617	10	7	3	0	0	0	0
AF	0	0.812929	17	10	7	0	0	0	0
AF	0	0.813242	15	11	4	0	0	0	0
AF	0	0.813554	18	11	7	0	0	0	0
AF	0	0.813866	20	14	6	0	0	0	0
AF	0	0.814179	11	8	3	0	0	0	0
AF	0	0.814491	26	14	12	0	0	0	0
AF	0	0.814803	25	18	7	0	0	0	0
AF	0	0.815116	14	11	3	0	0	0	0
AF	0	0.815428	22	17	5	0	0	0	0
AF	0	0.815740	43	32	11	0	0	0	0
AF	0	0.816052	23	20	3	0	0	0	0
AF	0	0.816365	24	17	7	0	0	0	0
AF	0	0.816677	30	19	11	0	0	0	0
AF	0	0.816989	17	10	7	0	0	0	0
AF	0	0.817302	28	19	9	0	0	0	0
AF	0	0.817614	20	15	5	0	0	0	0
AF	0	0.817926	17	13	4	0	0	0	0
AF	0	0.818239	9	5	4	0	0	0	0
AF	0	0.818551	13	9	4	0	0	0	0
AF	0	0.818863	11	10	1	0	0	0	0
AF	0	0.819176	18	12	6	0	0	0	0
AF	0	0.819488	7	3	4	0	0	0	0
AF	0	0.819800	11	7	4	0	0	0	0
AF	0	0.820112	14	8	6	0	0	0	0
AF	0	0.820425	13	10	3	0	0	0	0
AF	0	0.820737	13	13	0	0	0	0	0
AF	0	0.821049	11	5	6	0	0	0	0
AF	0	0.821362	16	9	7	0	0	0	0
AF	0	0.821674	18	13	5	0	0	0	0
AF	0	0.821986	8	6	2	0	0	0	0
AF	0	0.822299	15	12	3	0	0	0	0
AF	0	0.822611	14	11	3	0	0	0	0
AF	0	0.822923	8	7	1	0	0	0	0
AF	0	0.823235	13	12	1	0	0	0	0
AF	0	0.823548	20	13	7	0	0	0	0
AF	0	0.823860	25	18	7	0	0	0	0
AF	0	0.824172	19	15	4	0	0	0	0
AF	0	0.824485	15	6	9	0	0	0	0
AF	0	0.824797	23	15	8	0	0	0	0
AF	0	0.825109	19	15	4	0	0	0	0
AF	0	0.825422	9	7	2	0	0	0	0
AF	0	0.825734	20	13	7	0	0	0	0
AF	0	0.826046	20	12	8	0	0	0	0
AF	0	0.826359	29	18	11	0	0	0	0
AF	0	0.826671	17	14	3	0	0	0	0
AF	0	0.826983	29	21	8	0	0	0	0
AF	0	0.827295	15	10	5	0	0	0	0
AF	0	0.827608	12	7	5	0	0	0	0
AF	0	0.827920	10	4	6	0	0	0	0
AF	0	0.828232	26	18	8	0	0	0	0
AF	0	0.828545	24	16	8	0	0	0	0
AF	0	0.828857	10	7	3	0	0	0	0
AF	0	0.829169	13	9	4	0	0	0	0
AF	0	0.829482	18	10	8	0	0	0	0
AF	0	0.829794	16	12	4	0	0	0	0
AF	0	0.830106	12	9	3	0	0	0	0
AF	0	0.830418	18	10	8	0	0	0	0
AF	0	0.830731	15	10	5	0	0	0	0
AF	0	0.831043	13	6	7	0	0	0	0
AF	0	0.831355	15	9	6	0	0	0	0
AF	0	0.831668	17	11	6	0	0	0	0
AF	0	0.831980	16	10	6	0	0	0	0
AF	0	0.832292	9	5	4	0	0	0	0
AF	0	0.832605	11	7	4	0	0	0	0
AF	0	0.832917	15	10	5	0	0	0	0
AF	0	0.833229	18	14	4	0	0	0	0
AF	0	0.833542	10	9	1	0	0	0	0
AF	0	0.833854	8	2	6	0	0	0	0
AF	0	0.834166	9	7	2	0	0	0	0
AF	0	0.834478	10	8	2	0	0	0	0
AF	0	0.834791	12	5	7	0	0	0	0
AF	0	0.835103	11	6	5	0	0	0	0
AF	0	0.835415	8	7	1	0	0	0	0
AF	0	0.835728	14	12	2	0	0	0	0
AF	0	0.836040	11	7	4	0	0	0	0
AF	0	0.836352	6	4	2	0	0	0	0
AF	0	0.836665	14	13	1	0	0	0	0
AF	0	0.836977	16	11	5	0	0	0	0
AF	0	0.837289	13	8	5	0	0	0	0
AF	0	0.837601	11	7	4	0	0	0	0
AF	0	0.837914	13	9	4	0	0	0	0
AF	0	0.838226	10	8	2	0	0	0	0
AF	0	0.838538	11	7	4	0	0	0	0
AF	0	0.838851	15	12	3	0	0	0	0
AF	0	0.839163	10	5	5	0	0	0	0
AF	0	0.839475	12	9	3	0	0	0	0
AF	0	0.839788	6	6	0	0	0	0	0
AF	0	0.840100	7	6	1	0	0	0	0
AF	0	0.840412	12	10	2	0	0	0	0
AF	0	0.840725	17	10	7	0	0	0	0
AF	0	0.841037	14	12	2	0	0	0	0
AF	0	0.841349	9	4	5	0	0	0	0
AF	0	0.841661	10	7	3	0	0	0	0
AF	0	0.841974	13	10	3	0	0	0	0
AF	0	0.842286	11	7	4	0	0	0	0
AF	0	0.842598	20	12	8	0	0	0	0
AF	0	0.842911	18	9	9	0	0	0	0
AF	0	0.843223	9	6	3	0	0	0	0
AF	0	0.843535	12	9	3	0	0	0	0
AF	0	0.843848	15	9	6	0	0	0	0
AF	0	0.844160	6	3	3	0	0	0	0
AF	0	0.844472	11	5	6	0	0	0	0
AF	0	0.844785	15	13	2	0	0	0	0
AF	0	0.845097	19	11	8	0	0	0	0
AF	0	0.845409	15	13	2	0	0	0	0
AF	0	0.845721	10	8	2	0	0	0	0
AF	0	0.846034	9	5	4	0	0	0	0
AF	0	0.846346	9	3	6	0	0	0	0
AF	0	0.846658	21	12	9	0	0	0	0
AF	0	0.846971	22	16	6	0	0	0	0
AF	0	0.847283	12	11	1	0	0	0	0
AF	0	0.847595	16	11	5	0	0	0	0
AF	0	0.847908	8	7	1	0	0	0	0
AF	0	0.848220	12	9	3	0	0	0	0
AF	0	0.848532	20	15	5	0	0	0	0
AF	0	0.848844	15	13	2	0	0	0	0
AF	0	0.849157	13	12	1	0	0	0	0
AF	0	0.849469	18	14	4	0	0	0	0
AF	0	0.849781	13	6	7	0	0	0	0
AF	0	0.850094	21	15	6	0	0	0	0
AF	0	0.850406	13	8	5	0	0	0	0
AF	0	0.850718	30	25	5	0	0	0	0
AF	0	0.851031	22	15	7	0	0	0	0
AF	0	0.851343	14	7	7	0	0	0	0
AF	0	0.851655	21	13	8	0	0	0	0
AF	0	0.851968	24	15	9	0	0	0	0
AF	0	0.852280	19	9	10	0	0	0	0
AF	0	0.852592	16	11	5	0	0	0	0
AF	0	0.852904	17	15	2	0	0	0	0
AF	0	0.853217	11	8	3	0	0	0	0
AF	0	0.853529	17	12	5	0	0	0	0
AF	0	0.853841	28	21	7	0	0	0	0
AF	0	0.854154	25	19	6	0	0	0	0
AF	0	0.854466	13	9	4	0	0	0	0
AF	0	0.854778	13	8	5	0	0	0	0
AF	0	0.855091	13	10	3	0	0	0	0
AF	0	0.855403	13	10	3	0	0	0	0
AF	0	0.855715	5	3	2	0	0	0	0
AF	0	0.856027	16	10	6	0	0	0	0
AF	0	0.856340	8	6	2	0	0	0	0
AF	0	0.856652	21	15	6	0	0	0	0
AF	0	0.856964	27	18	9	0	0	0	0
AF	0	0.857277	17	15	2	0	0	0	0
AF	0	0.857589	23	17	6	0	0	0	0
AF	0	0.857901	15	11	4	0	0	0	0
AF	0	0.858214	13	10	3	0	0	0	0
AF	0	0.858526	22	16	6	0	0	0	0
AF	0	0.858838	11	9	2	0	0	0	0
AF	0	0.859151	9	7	2	0	0	0	0
AF	0	0.859463	4	3	1	0	0	0	0
AF	0	0.859775	8	7	1	0	0	0	0
AF	0	0.860087	15	10	5	0	0	0	0
AF	0	0.860400	9	7	2	0	0	0	0
AF	0	0.860712	18	10	8	0	0	0	0
AF	0	0.861024	26	17	9	0	0	0	0
AF	0	0.861337	31	21	10	0	0	0	0
AF	0	0.861649	28	17	11	0	0	0	0
AF	0	0.861961	21	11	10	0	0	0	0
AF	0	0.862274	15	10	5	0	0	0	0
AF	0	0.862586	12	9	3	0	0	0	0
AF	0	0.862898	11	8	3	0	0	0	0
AF	0	0.863210	14	12	2	0	0	0	0
AF	0	0.863523	12	8	4	0	0	0	0
AF	0	0.863835	6	3	3	0	0	0	0
AF	0	0.864147	8	4	4	0	0	0	0
AF	0	0.864460	9	9	0	0	0	0	0
AF	0	0.864772	9	5	4	0	0	0	0
AF	0	0.865084	10	7	3	0	0	0	0
AF	0	0.865397	14	9	5	0	0	0	0
AF	0	0.865709	16	13	3	0	0	0	0
AF	0	0.866021	8	6	2	0	0	0	0
AF	0	0.866334	11	9	2	0	0	0	0
AF	0	0.866646	6	2	4	0	0	0	0
AF	0	0.866958	16	12	4	0	0	0	0
AF	0	0.867270	3	0	3	0	0	0	0
AF	0	0.867583	7	5	2	0	0	0	0
AF	0	0.867895	15	12	3	0	0	0	0
AF	0	0.868207	13	9	4	0	0	0	0
AF	0	0.868520	18	9	9	0	0	0	0
AF	0	0.868832	21	13	8	0	0	0	0
AF	0	0.869144	25	16	9	0	0	0	0
AF	0	0.869457	7	6	1	0	0	0	0
AF	0	0.869769	9	8	1	0	0	0	0
AF	0	0.870081	8	6	2	0	0	0	0
AF	0	0.870394	13	9	4	0	0	0	0
AF	0	0.870706	16	10	6	0	0	0	0
AF	0	0.871018	9	5	4	0	0	0	0
AF	0	0.871330	9	6	3	0	0	0	0
AF	0	0.871643	10	9	1	0	0	0	0
AF	0	0.871955	16	14	2	0	0	0	0
AF	0	0.872267	15	9	6	0	0	0	0
AF	0	0.872580	14	8	6	0	0	0	0
AF	0	0.872892	11	8	3	0	0	0	0
AF	0	0.873204	15	7	8	0	0	0	0
AF	0	0.873517	17	12	5	0	0	0	0
AF	0	0.873829	17	13	4	0	0	0	0
AF	0	0.874141	12	9	3	0	0	0	0
AF	0	0.874453	9	6	3	0	0	0	0
AF	0	0.874766	17	8	9	0	0	0	0
AF	0	0.875078	15	5	10	0	0	0	0
AF	0	0.875390	7	6	1	0	0	0	0
AF	0	0.875703	11	5	6	0	0	0	0
AF	0	0.876015	10	7	3	0	0	0	0
AF	0	0.876327	16	10	6	0	0	0	0
AF	0	0.876640	12	9	3	0	0	0	0
AF	0	0.876952	9	9	0	0	0	0	0
AF	0	0.877264	12	7	5	0	0	0	0
AF	0	0.877577	6	4	2	0	0	0	0
AF	0	0.877889	11	8	3	0	0	0	0
AF	0	0.878201	12	8	4	0	0	0	0
AF	0	0.878513	12	10	2	0	0	0	0
AF	0	0.878826	21	16	5	0	0	0	0
AF	0	0.879138	13	9	4	0	0	0	0
AF	0	0.879450	28	22	6	0	0	0	0
AF	0	0.879763	10	5	5	0	0	0	0
AF	0	0.880075	12	7	5	0	0	0	0
AF	0	0.880387	11	9	2	0	0	0	0
AF	0	0.880700	17	11	6	0	0	0	0
AF	0	0.881012	15	12	3	0	0	0	0
AF	0	0.881324	11	9	2	0	0	0	0
AF	0	0.881636	9	7	2	0	0	0	0
AF	0	0.881949	10	6	4	0	0	0	0
AF	0	0.882261	13	11	2	0	0	0	0
AF	0	0.882573	11	5	6	0	0	0	0
AF	0	0.882886	7	4	3	0	0	0	0
AF	0	0.883198	10	7	3	0	0	0	0
AF	0	0.883510	5	5	0	0	0	0	0
AF	0	0.883823	8	5	3	0	0	0	0
AF	0	0.884135	9	9	0	0	0	0	0
AF	0	0.884447	11	6	5	0	0	0	0
AF	0	0.884760	11	7	4	0	0	0	0
AF	0	0.885072	5	4	1	0	0	0	0
AF	0	0.885384	12	9	3	0	0	0	0
AF	0	0.885696	14	10	4	0	0	0	0
AF	0	0.886009	3	2	1	0	0	0	0
AF	0	0.886321	9	5	4	0	0	0	0
AF	0	0.886633	9	6	3	0	0	0	0
AF	0	0.886946	15	10	5	0	0	0	0
AF	0	0.887258	11	7	4	0	0	0	0
AF	0	0.887570	18	15	3	0	0	0	0
AF	0	0.887883	9	6	3	0	0	0	0
AF	0	0.888195	11	6	5	0	0	0	0
AF	0	0.888507	12	7	5	0	0	0	0
AF	0	0.888819	12	9	3	0	0	0	0
AF	0	0.889132	15	11	4	0	0	0	0
AF	0	0.889444	16	10	6	0	0	0	0
AF	0	0.889756	14	5	9	0	0	0	0
AF	0	0.890069	10	6	4	0	0	0	0
AF	0	0.890381	8	5	3	0	0	0	0
AF	0	0.890693	14	11	3	0	0	0	0
AF	0	0.891006	5	4	1	0	0	0	0
AF	0	0.891318	6	4	2	0	0	0	0
AF	0	0.891630	15	10	5	0	0	0	0
AF	0	0.891943	10	7	3	0	0	0	0
AF	0	0.892255	7	5	2	0	0	0	0
AF	0	0.892567	7	7	0	0	0	0	0
AF	0	0.892879	15	7	8	0	0	0	0
AF	0	0.893192	11	7	4	0	0	0	0
AF	0	0.893504	8	6	2	0	0	0	0
AF	0	0.893816	9	6	3	0	0	0	0
AF	0	0.894129	3	3	0	0	0	0	0
AF	0	0.894441	6	5	1	0	0	0	0
AF	0	0.894753	11	9	2	0	0	0	0
AF	0	0.895066	12	6	6	0	0	0	0
AF	0	0.895378	13	11	2	0	0	0	0
AF	0	0.895690	10	7	3	0	0	0	0
AF	0	0.896002	10	7	3	0	0	0	0
AF	0	0.896315	5	3	2	0	0	0	0
AF	0	0.896627	18	12	6	0	0	0	0
AF	0	0.896939	16	13	3	0	0	0	0
AF	0	0.897252	14	12	2	0	0	0	0
AF	0	0.897564	9	7	2	0	0	0	0
AF	0	0.897876	12	8	4	0	0	0	0
AF	0	0.898189	4	4	0	0	0	0	0
AF	0	0.898501	8	6	2	0	0	0	0
AF	0	0.898813	10	7	3	0	0	0	0
AF	0	0.899126	15	13	2	0	0	0	0
AF	0	0.899438	8	4	4	0	0	0	0
AF	0	0.899750	7	6	1	0	0	0	0
AF	0	0.900062	6	3	3	0	0	0	0
AF	0	0.900375	6	3	3	0	0	0	0
AF	0	0.900687	6	3	3	0	0	0	0
AF	0	0.900999	9	5	4	0	0	0	0
AF	0	0.901312	15	12	3	0	0	0	0
AF	0	0.901624	10	9	1	0	0	0	0
AF	0	0.901936	4	2	2	0	0	0	0
AF	0	0.902249	15	12	3	0	0	0	0
AF	0	0.902561	10	7	3	0	0	0	0
AF	0	0.902873	11	9	2	0	0	0	0
AF	0	0.903186	5	4	1	0	0	0	0
AF	0	0.903498	6	5	1	0	0	0	0
AF	0	0.903810	14	5	9	0	0	0	0
AF	0	0.904122	5	4	1	0	0	0	0
AF	0	0.904435	7	7	0	0	0	0	0
AF	0	0.904747	8	5	3	0	0	0	0
AF	0	0.905059	12	9	3	0	0	0	0
AF	0	0.905372	9	7	2	0	0	0	0
AF	0	0.905684	14	8	6	0	0	0	0
AF	0	0.905996	12	6	6	0	0	0	0
AF	0	0.906309	6	4	2	0	0	0	0
AF	0	0.906621	10	8	2	0	0	0	0
AF	0	0.906933	13	7	6	0	0	0	0
AF	0	0.907245	43	31	12	0	0	0	0
AF	0	0.907558	10	8	2	0	0	0	0
AF	0	0.907870	6	5	1	0	0	0	0
AF	0	0.908182	6	4	2	0	0	0	0
AF	0	0.908495	11	6	5	0	0	0	0
AF	0	0.908807	8	6	2	0	0	0	0
AF	0	0.909119	6	5	1	0	0	0	0
AF	0	0.909432	9	6	3	0	0	0	0
AF	0	0.909744	10	8	2	0	0	0	0
AF	0	0.910056	3	3	0	0	0	0	0
AF	0	0.910369	5	4	1	0	0	0	0
AF	0	0.910681	14	10	4	0	0	0	0
AF	0	0.910993	12	9	3	0	0	0	0
AF	0	0.911305	10	6	4	0	0	0	0
AF	0	0.911618	11	8	3	0	0	0	0
AF	0	0.911930	9	7	2	0	0	0	0
AF	0	0.912242	7	5	2	0	0	0	0
AF	0	0.912555	6	5	1	0	0	0	0
AF	0	0.912867	5	5	0	0	0	0	0
AF	0	0.913179	2	2	0	0	0	0	0
AF	0	0.913492	6	4	2	0	0	0	0
AF	0	0.913804	7	4	3	0	0	0	0
AF	0	0.914116	11	10	1	0	0	0	0
AF	0	0.914428	6	5	1	0	0	0	0
AF	0	0.914741	9	7	2	0	0	0	0
AF	0	0.915053	6	4	2	0	0	0	0
AF	0	0.915365	8	7	1	0	0	0	0
AF	0	0.915678	8	4	4	0	0	0	0
AF	0	0.915990	10	8	2	0	0	0	0
AF	0	0.916302	7	5	2	0	0	0	0
AF	0	0.916615	13	11	2	0	0	0	0
AF	0	0.916927	14	10	4	0	0	0	0
AF	0	0.917239	6	5	1	0	0	0	0
AF	0	0.917552	7	2	5	0	0	0	0
AF	0	0.917864	4	4	0	0	0	0	0
AF	0	0.918176	6	6	0	0	0	0	0
AF	0	0.918488	10	5	5	0	0	0	0
AF	0	0.918801	11	10	1	0	0	0	0
AF	0	0.919113	8	2	6	0	0	0	0
AF	0	0.919425	4	2	2	0	0	0	0
AF	0	0.919738	18	12	6	0	0	0	0
AF	0	0.920050	11	5	6	0	0	0	0
AF	0	0.920362	2	2	0	0	0	0	0
AF	0	0.920675	5	3	2	0	0	0	0
AF	0	0.920987	9	6	3	0	0	0	0
AF	0	0.921299	10	9	1	0	0	0	0
AF	0	0.921611	7	5	2	0	0	0	0
AF	0	0.921924	8	4	4	0	0	0	0
AF	0	0.922236	10	9	1	0	0	0	0
AF	0	0.922548	7	6	1	0	0	0	0
AF	0	0.922861	11	8	3	0	0	0	0
AF	0	0.923173	8	3	5	0	0	0	0
AF	0	0.923485	8	6	2	0	0	0	0
AF	0	0.923798	13	6	7	0	0	0	0
AF	0	0.924110	28	25	3	0	0	0	0
AF	0	0.924422	9	6	3	0	0	0	0
AF	0	0.924735	4	4	0	0	0	0	0
AF	0	0.925047	10	5	5	0	0	0	0
AF	0	0.925359	8	5	3	0	0	0	0
AF	0	0.925671	5	3	2	0	0	0	0
AF	0	0.925984	4	4	0	0	0	0	0
AF	0	0.926296	12	10	2	0	0	0	0
AF	0	0.926608	18	15	3	0	0	0	0
AF	0	0.926921	14	12	2	0	0	0	0
AF	0	0.927233	6	3	3	0	0	0	0
AF	0	0.927545	8	5	3	0	0	0	0
AF	0	0.927858	19	14	5	0	0	0	0
AF	0	0.928170	10	8	2	0	0	0	0
AF	0	0.928482	18	10	8	0	0	0	0
AF	0	0.928795	5	3	2	0	0	0	0
AF	0	0.929107	6	4	2	0	0	0	0
AF	0	0.929419	6	4	2	0	0	0	0
AF	0	0.929731	4	4	0	0	0	0	0
AF	0	0.930044	6	5	1	0	0	0	0
AF	0	0.930356	4	3	1	0	0	0	0
AF	0	0.930668	5	5	0	0	0	0	0
AF	0	0.930981	8	6	2	0	0	0	0
AF	0	0.931293	8	5	3	0	0	0	0
AF	0	0.931605	7	5	2	0	0	0	0
AF	0	0.931918	3	1	2	0	0	0	0
AF	0	0.932230	2	2	0	0	0	0	0
AF	0	0.932854	3	3	0	0	0	0	0
AF	0	0.933167	6	4	2	0	0	0	0
AF	0	0.933479	5	5	0	0	0	0	0
AF	0	0.933791	8	5	3	0	0	0	0
AF	0	0.934104	7	4	3	0	0	0	0
AF	0	0.934416	5	3	2	0	0	0	0
AF	0	0.934728	12	10	2	0	0	0	0
AF	0	0.935041	5	4	1	0	0	0	0
AF	0	0.935353	5	4	1	0	0	0	0
AF	0	0.935665	4	2	2	0	0	0	0
AF	0	0.935978	3	0	3	0	0	0	0
AF	0	0.936290	8	8	0	0	0	0	0
AF	0	0.936602	7	5	2	0	0	0	0
AF	0	0.936914	5	3	2	0	0	0	0
AF	0	0.937227	11	7	4	0	0	0	0
AF	0	0.937539	6	4	2	0	0	0	0
AF	0	0.937851	7	7	0	0	0	0	0
AF	0	0.938164	6	6	0	0	0	0	0
AF	0	0.938476	7	6	1	0	0	0	0
AF	0	0.938788	22	16	6	0	0	0	0
AF	0	0.939101	11	6	5	0	0	0	0
AF	0	0.939413	5	5	0	0	0	0	0
AF	0	0.939725	6	4	2	0	0	0	0
AF	0	0.940037	9	4	5	0	0	0	0
AF	0	0.940350	6	4	2	0	0	0	0
AF	0	0.940662	6	5	1	0	0	0	0
AF	0	0.940974	19	16	3	0	0	0	0
AF	0	0.941287	6	5	1	0	0	0	0
AF	0	0.941599	3	0	3	0	0	0	0
AF	0	0.941911	7	6	1	0	0	0	0
AF	0	0.942224	9	7	2	0	0	0	0
AF	0	0.942536	8	5	3	0	0	0	0
AF	0	0.942848	5	4	1	0	0	0	0
AF	0	0.943161	6	6	0	0	0	0	0
AF	0	0.943473	5	2	3	0	0	0	0
AF	0	0.943785	5	3	2	0	0	0	0
AF	0	0.944097	5	4	1	0	0	0	0
AF	0	0.944722	6	5	1	0	0	0	0
AF	0	0.945034	5	2	3	0	0	0	0
AF	0	0.945347	3	1	2	0	0	0	0
AF	0	0.945659	6	4	2	0	0	0	0
AF	0	0.945971	4	2	2	0	0	0	0
AF	0	0.946284	4	1	3	0	0	0	0
AF	0	0.946596	7	3	4	0	0	0	0
AF	0	0.946908	4	1	3	0	0	0	0
AF	0	0.947220	13	9	4	0	0	0	0
AF	0	0.947533	3	2	1	0	0	0	0
AF	0	0.947845	2	1	1	0	0	0	0
AF	0	0.948157	2	2	0	0	0	0	0
AF	0	0.948470	7	7	0	0	0	0	0
AF	0	0.948782	6	4	2	0	0	0	0
AF	0	0.949094	2	2	0	0	0	0	0
AF	0	0.949407	4	3	1	0	0	0	0
AF	0	0.949719	2	1	1	0	0	0	0
AF	0	0.950031	8	4	4	0	0	0	0
AF	0	0.950344	5	4	1	0	0	0	0
AF	0	0.950656	5	4	1	0	0	0	0
AF	0	0.950968	5	4	1	0	0	0	0
AF	0	0.951280	11	8	3	0	0	0	0
AF	0	0.951593	7	4	3	0	0	0	0
AF	0	0.951905	5	3	2	0	0	0	0
AF	0	0.952217	12	10	2	0	0	0	0
AF	0	0.952530	6	4	2	0	0	0	0
AF	0	0.953154	9	6	3	0	0	0	0
AF	0	0.953467	9	5	4	0	0	0	0
AF	0	0.953779	6	3	3	0	0	0	0
AF	0	0.954091	1	0	1	0	0	0	0
AF	0	0.954403	7	7	0	0	0	0	0
AF	0	0.954716	6	3	3	0	0	0	0
AF	0	0.955028	2	1	1	0	0	0	0
AF	0	0.955340	1	1	0	0	0	0	0
AF	0	0.955653	3	2	1	0	0	0	0
AF	0	0.955965	12	6	6	0	0	0	0
AF	0	0.956277	13	6	7	0	0	0	0
AF	0	0.956590	15	11	4	0	0	0	0
AF	0	0.956902	7	4	3	0	0	0	0
AF	0	0.957214	8	6	2	0	0	0	0
AF	0	0.957527	5	2	3	0	0	0	0
AF	0	0.957839	3	2	1	0	0	0	0
AF	0	0.958151	6	4	2	0	0	0	0
AF	0	0.958463	4	3	1	0	0	0	0
AF	0	0.958776	4	2	2	0	0	0	0
AF	0	0.959088	8	3	5	0	0	0	0
AF	0	0.959400	8	4	4	0	0	0	0
AF	0	0.959713	5	3	2	0	0	0	0
AF	0	0.960025	7	6	1	0	0	0	0
AF	0	0.960337	6	5	1	0	0	0	0
AF	0	0.960650	4	1	3	0	0	0	0
AF	0	0.960962	5	5	0	0	0	0	0
AF	0	0.961274	9	8	1	0	0	0	0
AF	0	0.961587	5	4	1	0	0	0	0
AF	0	0.961899	7	5	2	0	0	0	0
AF	0	0.962211	5	5	0	0	0	0	0
AF	0	0.962523	5	3	2	0	0	0	0
AF	0	0.962836	4	2	2	0	0	0	0
AF	0	0.963148	7	5	2	0	0	0	0
AF	0	0.963460	8	5	3	0	0	0	0
AF	0	0.963773	6	3	3	0	0	0	0
AF	0	0.964085	9	4	5	0	0	0	0
AF	0	0.964397	3	2	1	0	0	0	0
AF	0	0.964710	14	10	4	0	0	0	0
AF	0	0.965022	9	6	3	0	0	0	0
AF	0	0.965334	6	3	3	0	0	0	0
AF	0	0.965646	7	6	1	0	0	0	0
AF	0	0.965959	12	8	4	0	0	0	0
AF	0	0.966271	14	9	5	0	0	0	0
AF	0	0.966583	22	14	8	0	0	0	0
AF	0	0.966896	17	8	9	0	0	0	0
AF	0	0.967208	2	1	1	0	0	0	0
AF	0	0.967520	5	5	0	0	0	0	0
AF	0	0.967833	5	4	1	0	0	0	0
AF	0	0.968145	5	5	0	0	0	0	0
AF	0	0.968457	9	3	6	0	0	0	0
AF	0	0.968770	6	5	1	0	0	0	0
AF	0	0.969082	4	3	1	0	0	0	0
AF	0	0.969394	4	3	1	0	0	0	0
AF	0	0.969706	17	9	8	0	0	0	0
AF	0	0.970019	11	10	1	0	0	0	0
AF	0	0.970331	13	6	7	0	0	0	0
AF	0	0.970643	17	9	8	0	0	0	0
AF	0	0.970956	14	11	3	0	0	0	0
AF	0	0.971268	18	10	8	0	0	0	0
AF	0	0.971580	5	5	0	0	0	0	0
AF	0	0.971893	9	3	6	0	0	0	0
AF	0	0.972205	15	11	4	0	0	0	0
AF	0	0.972517	18	15	3	0	0	0	0
AF	0	0.972829	9	6	3	0	0	0	0
AF	0	0.973142	12	9	3	0	0	0	0
AF	0	0.973454	10	7	3	0	0	0	0
AF	0	0.973766	11	7	4	0	0	0	0
AF	0	0.974079	7	5	2	0	0	0	0
AF	0	0.974391	7	4	3	0	0	0	0
AF	0	0.974703	9	6	3	0	0	0	0
AF	0	0.975016	17	11	6	0	0	0	0
AF	0	0.975328	8	6	2	0	0	0	0
AF	0	0.975640	13	9	4	0	0	0	0
AF	0	0.975953	9	4	5	0	0	0	0
AF	0	0.976265	16	11	5	0	0	0	0
AF	0	0.976577	9	5	4	0	0	0	0
AF	0	0.976889	13	8	5	0	0	0	0
AF	0	0.977202	12	10	2	0	0	0	0
AF	0	0.977514	17	10	7	0	0	0	0
AF	0	0.977826	7	5	2	0	0	0	0
AF	0	0.978139	11	8	3	0	0	0	0
AF	0	0.978451	13	7	6	0	0	0	0
AF	0	0.978763	9	5	4	0	0	0	0
AF	0	0.979076	11	7	4	0	0	0	0
AF	0	0.979388	6	4	2	0	0	0	0
AF	0	0.979700	13	7	6	0	0	0	0
AF	0	0.980012	16	10	6	0	0	0	0
AF	0	0.980325	7	5	2	0	0	0	0
AF	0	0.980637	11	6	5	0	0	0	0
AF	0	0.980949	17	7	10	0	0	0	0
AF	0	0.981262	13	10	3	0	0	0	0
AF	0	0.981574	21	15	6	0	0	0	0
AF	0	0.981886	9	7	2	0	0	0	0
AF	0	0.982199	8	5	3	0	0	0	0
AF	0	0.982511	15	10	5	0	0	0	0
AF	0	0.982823	13	7	6	0	0	0	0
AF	0	0.983136	9	7	2	0	0	0	0
AF	0	0.983448	11	7	4	0	0	0	0
AF	0	0.983760	10	9	1	0	0	0	0
AF	0	0.984072	6	4	2	0	0	0	0
AF	0	0.984385	9	5	4	0	0	0	0
AF	0	0.984697	10	8	2	0	0	0	0
AF	0	0.985009	16	11	5	0	0	0	0
AF	0	0.985322	17	11	6	0	0	0	0
AF	0	0.985634	9	8	1	0	0	0	0
AF	0	0.985946	5	4	1	0	0	0	0
AF	0	0.986259	15	10	5	0	0	0	0
AF	0	0.986571	18	14	4	0	0	0	0
AF	0	0.986883	8	5	3	0	0	0	0
AF	0	0.987196	6	5	1	0	0	0	0
AF	0	0.987508	14	9	5	0	0	0	0
AF	0	0.987820	14	8	6	0	0	0	0
AF	0	0.988132	15	11	4	0	0	0	0
AF	0	0.988445	22	14	8	0	0	0	0
AF	0	0.988757	13	6	7	0	0	0	0
AF	0	0.989069	9	7	2	0	0	0	0
AF	0	0.989382	7	6	1	0	0	0	0
AF	0	0.989694	12	9	3	0	0	0	0
AF	0	0.990006	10	5	5	0	0	0	0
AF	0	0.990319	40	31	9	0	0	0	0
AF	0	0.990631	7	5	2	0	0	0	0
AF	0	0.990943	12	7	5	0	0	0	0
AF	0	0.991255	11	8	3	0	0	0	0
AF	0	0.991568	19	12	7	0	0	0	0
AF	0	0.991880	12	8	4	0	0	0	0
AF	0	0.992192	19	14	5	0	0	0	0
AF	0	0.992505	19	12	7	0	0	0	0
AF	0	0.992817	20	13	7	0	0	0	0
AF	0	0.993129	37	29	8	0	0	0	0
AF	0	0.993442	20	13	7	0	0	0	0
AF	0	0.993754	23	16	7	0	0	0	0
AF	0	0.994066	12	7	5	0	0	0	0
AF	0	0.994379	21	8	13	0	0	0	0
AF	0	0.994691	28	20	8	0	0	0	0
AF	0	0.995003	34	19	15	0	0	0	0
AF	0	0.995315	23	16	7	0	0	0	0
AF	0	0.995628	19	13	6	0	0	0	0
AF	0	0.995940	23	17	6	0	0	0	0
AF	0	0.996252	15	9	6	0	0	0	0
AF	0	0.996565	27	17	10	0	0	0	0
AF	0	0.996877	22	16	6	0	0	0	0
AF	0	0.997189	25	19	6	0	0	0	0
AF	0	0.997502	18	10	8	0	0	0	0
AF	0	0.997814	36	24	12	0	0	0	0
AF	0	0.998126	29	24	5	0	0	0	0
AF	0	0.998438	31	17	14	0	0	0	0
AF	0	0.998751	36	22	14	0	0	0	0
AF	0	0.999063	65	38	27	0	0	0	0
AF	0	0.999375	37	18	19	0	0	0	0
# QUAL, Stats by quality
# QUAL	[2]id	[3]Quality	[4]number of SNPs	[5]number of transitions (1st ALT)	[6]number of transversions (1st ALT)	[7]number of indels
QUAL	0	.	534447	362539	171908	0
# IDD, InDel distribution:
# IDD	[2]id	[3]length (deletions negative)	[4]number of sites	[5]number of genotypes	[6]mean VAF
# ST, Substitution types:
# ST	[2]id	[3]type	[4]count
ST	0	A>C	19254
ST	0	A>G	70944
ST	0	A>T	19274
ST	0	C>A	26656
ST	0	C>G	21614
ST	0	C>T	108874
ST	0	G>A	109999
ST	0	G>C	21406
ST	0	G>T	24514
ST	0	T>A	20173
ST	0	T>C	72722
ST	0	T>G	19017
# DP, depth:
#   - set id, see above
#   - the depth bin, corresponds to the depth (unless --depth was given)
#   - number of genotypes with this depth (zero unless -s/-S was given)
#   - fraction of genotypes with this depth (zero unless -s/-S was given)
#   - number of sites with this depth
#   - fraction of sites with this depth
# DP, Depth distribution
# DP	[2]id	[3]bin	[4]number of genotypes	[5]fraction of genotypes (%)	[6]number of sites	[7]fraction of sites (%)
