# This file was produced by bcftools stats (1.21+htslib-1.21) and can be plotted using plot-vcfstats.
# The command line was:	bcftools stats  /hpc/local/Rocky8/dhl_ec/software/MonopogenLite/resources/1kGP_high_coverage_Illumina.SNVonly_poly.filtered_AF_5e-04.norm.fixvariantid.chr16.vcf.gz
#
# Definition of sets:
# ID	[2]id	[3]tab-separated file names
ID	0	/hpc/local/Rocky8/dhl_ec/software/MonopogenLite/resources/1kGP_high_coverage_Illumina.SNVonly_poly.filtered_AF_5e-04.norm.fixvariantid.chr16.vcf.gz
# SN, Summary numbers:
#   number of records   .. number of data rows in the VCF
#   number of no-ALTs   .. reference-only sites, ALT is either "." or identical to REF
#   number of SNPs      .. number of rows with a SNP
#   number of MNPs      .. number of rows with a MNP, such as CC>TT
#   number of indels    .. number of rows with an indel
#   number of others    .. number of rows with other type, for example a symbolic allele or
#                          a complex substitution, such as ACT>TCGA
#   number of multiallelic sites     .. number of rows with multiple alternate alleles
#   number of multiallelic SNP sites .. number of rows with multiple alternate alleles, all SNPs
# 
#   Note that rows containing multiple types will be counted multiple times, in each
#   counter. For example, a row with a SNP and an indel increments both the SNP and
#   the indel counter.
# 
# SN	[2]id	[3]key	[4]value
SN	0	number of samples:	3202
SN	0	number of records:	1213906
SN	0	number of no-ALTs:	0
SN	0	number of SNPs:	1213906
SN	0	number of MNPs:	0
SN	0	number of indels:	0
SN	0	number of others:	0
SN	0	number of multiallelic sites:	0
SN	0	number of multiallelic SNP sites:	0
# TSTV, transitions/transversions
#   - transitions, see https://en.wikipedia.org/wiki/Transition_(genetics)
#   - transversions, see https://en.wikipedia.org/wiki/Transversion
# TSTV	[2]id	[3]ts	[4]tv	[5]ts/tv	[6]ts (1st ALT)	[7]tv (1st ALT)	[8]ts/tv (1st ALT)
TSTV	0	801701	412205	1.94	801701	412205	1.94
# SiS, Singleton stats:
#   - allele count, i.e. the number of singleton genotypes (AC=1)
#   - number of transitions, see above
#   - number of transversions, see above
#   - repeat-consistent, inconsistent and n/a: experimental and useless stats [DEPRECATED]
# SiS	[2]id	[3]allele count	[4]number of SNPs	[5]number of transitions	[6]number of transversions	[7]number of indels	[8]repeat-consistent	[9]repeat-inconsistent	[10]not applicable
SiS	0	1	0	0	0	0	0	0	0
# AF, Stats by non-reference allele frequency:
# AF	[2]id	[3]allele frequency	[4]number of SNPs	[5]number of transitions	[6]number of transversions	[7]number of indels	[8]repeat-consistent	[9]repeat-inconsistent	[10]not applicable
AF	0	0.000312	131976	88742	43234	0	0	0	0
AF	0	0.000625	151783	101406	50377	0	0	0	0
AF	0	0.000937	90562	60386	30176	0	0	0	0
AF	0	0.001249	61861	41165	20696	0	0	0	0
AF	0	0.001562	47694	31793	15901	0	0	0	0
AF	0	0.001874	37849	24940	12909	0	0	0	0
AF	0	0.002186	30804	20317	10487	0	0	0	0
AF	0	0.002498	26162	17274	8888	0	0	0	0
AF	0	0.002811	23417	15506	7911	0	0	0	0
AF	0	0.003123	20856	13751	7105	0	0	0	0
AF	0	0.003435	18882	12477	6405	0	0	0	0
AF	0	0.003748	16438	10784	5654	0	0	0	0
AF	0	0.004060	14809	9667	5142	0	0	0	0
AF	0	0.004372	13544	8903	4641	0	0	0	0
AF	0	0.004685	12541	8169	4372	0	0	0	0
AF	0	0.004997	11447	7556	3891	0	0	0	0
AF	0	0.005309	10634	6896	3738	0	0	0	0
AF	0	0.005621	9443	6219	3224	0	0	0	0
AF	0	0.005934	9462	6130	3332	0	0	0	0
AF	0	0.006246	8558	5591	2967	0	0	0	0
AF	0	0.006558	8045	5266	2779	0	0	0	0
AF	0	0.006871	7761	5125	2636	0	0	0	0
AF	0	0.007183	6909	4486	2423	0	0	0	0
AF	0	0.007495	6594	4280	2314	0	0	0	0
AF	0	0.007808	6452	4236	2216	0	0	0	0
AF	0	0.008120	6098	4031	2067	0	0	0	0
AF	0	0.008432	5844	3785	2059	0	0	0	0
AF	0	0.008745	5721	3725	1996	0	0	0	0
AF	0	0.009057	5461	3555	1906	0	0	0	0
AF	0	0.009369	5038	3288	1750	0	0	0	0
AF	0	0.009681	5075	3329	1746	0	0	0	0
AF	0	0.009994	4559	2933	1626	0	0	0	0
AF	0	0.010306	4072	2646	1426	0	0	0	0
AF	0	0.010618	4208	2764	1444	0	0	0	0
AF	0	0.010931	3838	2482	1356	0	0	0	0
AF	0	0.011243	3630	2330	1300	0	0	0	0
AF	0	0.011555	3692	2470	1222	0	0	0	0
AF	0	0.011868	3656	2378	1278	0	0	0	0
AF	0	0.012180	3434	2227	1207	0	0	0	0
AF	0	0.012492	3251	2128	1123	0	0	0	0
AF	0	0.012804	3094	1998	1096	0	0	0	0
AF	0	0.013117	2974	1929	1045	0	0	0	0
AF	0	0.013429	2974	1925	1049	0	0	0	0
AF	0	0.013741	2821	1859	962	0	0	0	0
AF	0	0.014054	2825	1861	964	0	0	0	0
AF	0	0.014366	2643	1713	930	0	0	0	0
AF	0	0.014678	2620	1722	898	0	0	0	0
AF	0	0.014991	2576	1727	849	0	0	0	0
AF	0	0.015303	2538	1642	896	0	0	0	0
AF	0	0.015615	2454	1564	890	0	0	0	0
AF	0	0.015928	2437	1542	895	0	0	0	0
AF	0	0.016240	2293	1521	772	0	0	0	0
AF	0	0.016552	2233	1467	766	0	0	0	0
AF	0	0.016864	2199	1428	771	0	0	0	0
AF	0	0.017177	2038	1323	715	0	0	0	0
AF	0	0.017489	2131	1409	722	0	0	0	0
AF	0	0.017801	2148	1451	697	0	0	0	0
AF	0	0.018114	1831	1186	645	0	0	0	0
AF	0	0.018426	1867	1223	644	0	0	0	0
AF	0	0.018738	1788	1173	615	0	0	0	0
AF	0	0.019051	1763	1146	617	0	0	0	0
AF	0	0.019363	1710	1095	615	0	0	0	0
AF	0	0.019675	1729	1138	591	0	0	0	0
AF	0	0.019988	1680	1081	599	0	0	0	0
AF	0	0.020300	1716	1147	569	0	0	0	0
AF	0	0.020612	1517	981	536	0	0	0	0
AF	0	0.020924	1487	973	514	0	0	0	0
AF	0	0.021237	1543	977	566	0	0	0	0
AF	0	0.021549	1560	1047	513	0	0	0	0
AF	0	0.021861	1489	972	517	0	0	0	0
AF	0	0.022174	1416	944	472	0	0	0	0
AF	0	0.022486	1455	967	488	0	0	0	0
AF	0	0.022798	1293	847	446	0	0	0	0
AF	0	0.023111	1277	833	444	0	0	0	0
AF	0	0.023423	1327	880	447	0	0	0	0
AF	0	0.023735	1367	864	503	0	0	0	0
AF	0	0.024047	1366	884	482	0	0	0	0
AF	0	0.024360	1333	851	482	0	0	0	0
AF	0	0.024672	1202	808	394	0	0	0	0
AF	0	0.024984	1140	748	392	0	0	0	0
AF	0	0.025297	1146	721	425	0	0	0	0
AF	0	0.025609	1174	781	393	0	0	0	0
AF	0	0.025921	1161	786	375	0	0	0	0
AF	0	0.026234	1117	732	385	0	0	0	0
AF	0	0.026546	1134	748	386	0	0	0	0
AF	0	0.026858	1084	741	343	0	0	0	0
AF	0	0.027171	978	641	337	0	0	0	0
AF	0	0.027483	1013	659	354	0	0	0	0
AF	0	0.027795	1043	663	380	0	0	0	0
AF	0	0.028107	1049	694	355	0	0	0	0
AF	0	0.028420	1032	654	378	0	0	0	0
AF	0	0.028732	1008	647	361	0	0	0	0
AF	0	0.029044	859	521	338	0	0	0	0
AF	0	0.029357	960	640	320	0	0	0	0
AF	0	0.029669	965	644	321	0	0	0	0
AF	0	0.029981	948	596	352	0	0	0	0
AF	0	0.030294	947	607	340	0	0	0	0
AF	0	0.030606	854	545	309	0	0	0	0
AF	0	0.030918	879	563	316	0	0	0	0
AF	0	0.031230	926	604	322	0	0	0	0
AF	0	0.031543	838	555	283	0	0	0	0
AF	0	0.031855	810	520	290	0	0	0	0
AF	0	0.032167	784	501	283	0	0	0	0
AF	0	0.032480	841	529	312	0	0	0	0
AF	0	0.032792	917	585	332	0	0	0	0
AF	0	0.033104	772	503	269	0	0	0	0
AF	0	0.033417	829	529	300	0	0	0	0
AF	0	0.033729	829	553	276	0	0	0	0
AF	0	0.034041	791	519	272	0	0	0	0
AF	0	0.034354	761	480	281	0	0	0	0
AF	0	0.034666	781	518	263	0	0	0	0
AF	0	0.034978	757	495	262	0	0	0	0
AF	0	0.035290	726	487	239	0	0	0	0
AF	0	0.035603	693	453	240	0	0	0	0
AF	0	0.035915	720	482	238	0	0	0	0
AF	0	0.036227	749	495	254	0	0	0	0
AF	0	0.036540	681	434	247	0	0	0	0
AF	0	0.036852	772	503	269	0	0	0	0
AF	0	0.037164	667	443	224	0	0	0	0
AF	0	0.037477	676	464	212	0	0	0	0
AF	0	0.037789	812	539	273	0	0	0	0
AF	0	0.038101	705	472	233	0	0	0	0
AF	0	0.038413	704	462	242	0	0	0	0
AF	0	0.038726	703	467	236	0	0	0	0
AF	0	0.039038	593	392	201	0	0	0	0
AF	0	0.039350	691	437	254	0	0	0	0
AF	0	0.039663	598	388	210	0	0	0	0
AF	0	0.039975	676	442	234	0	0	0	0
AF	0	0.040287	716	470	246	0	0	0	0
AF	0	0.040600	719	469	250	0	0	0	0
AF	0	0.040912	628	388	240	0	0	0	0
AF	0	0.041224	620	381	239	0	0	0	0
AF	0	0.041537	590	389	201	0	0	0	0
AF	0	0.041849	633	422	211	0	0	0	0
AF	0	0.042161	606	388	218	0	0	0	0
AF	0	0.042473	595	385	210	0	0	0	0
AF	0	0.042786	542	344	198	0	0	0	0
AF	0	0.043098	670	425	245	0	0	0	0
AF	0	0.043410	580	376	204	0	0	0	0
AF	0	0.043723	534	350	184	0	0	0	0
AF	0	0.044035	522	335	187	0	0	0	0
AF	0	0.044347	543	359	184	0	0	0	0
AF	0	0.044660	549	351	198	0	0	0	0
AF	0	0.044972	530	355	175	0	0	0	0
AF	0	0.045284	578	379	199	0	0	0	0
AF	0	0.045597	768	498	270	0	0	0	0
AF	0	0.045909	867	558	309	0	0	0	0
AF	0	0.046221	651	446	205	0	0	0	0
AF	0	0.046533	672	434	238	0	0	0	0
AF	0	0.046846	587	411	176	0	0	0	0
AF	0	0.047158	601	410	191	0	0	0	0
AF	0	0.047470	562	381	181	0	0	0	0
AF	0	0.047783	505	345	160	0	0	0	0
AF	0	0.048095	480	304	176	0	0	0	0
AF	0	0.048407	457	288	169	0	0	0	0
AF	0	0.048720	475	322	153	0	0	0	0
AF	0	0.049032	457	290	167	0	0	0	0
AF	0	0.049344	458	301	157	0	0	0	0
AF	0	0.049656	443	277	166	0	0	0	0
AF	0	0.049969	407	263	144	0	0	0	0
AF	0	0.050281	463	304	159	0	0	0	0
AF	0	0.050593	492	326	166	0	0	0	0
AF	0	0.050906	506	318	188	0	0	0	0
AF	0	0.051218	560	345	215	0	0	0	0
AF	0	0.051530	474	313	161	0	0	0	0
AF	0	0.051843	444	289	155	0	0	0	0
AF	0	0.052155	442	287	155	0	0	0	0
AF	0	0.052467	426	269	157	0	0	0	0
AF	0	0.052780	452	280	172	0	0	0	0
AF	0	0.053092	391	245	146	0	0	0	0
AF	0	0.053404	443	291	152	0	0	0	0
AF	0	0.053716	450	313	137	0	0	0	0
AF	0	0.054029	391	263	128	0	0	0	0
AF	0	0.054341	424	284	140	0	0	0	0
AF	0	0.054653	464	307	157	0	0	0	0
AF	0	0.054966	453	303	150	0	0	0	0
AF	0	0.055278	409	270	139	0	0	0	0
AF	0	0.055590	407	268	139	0	0	0	0
AF	0	0.055903	359	237	122	0	0	0	0
AF	0	0.056215	373	224	149	0	0	0	0
AF	0	0.056527	347	216	131	0	0	0	0
AF	0	0.056839	459	281	178	0	0	0	0
AF	0	0.057152	444	297	147	0	0	0	0
AF	0	0.057464	396	258	138	0	0	0	0
AF	0	0.057776	364	240	124	0	0	0	0
AF	0	0.058089	404	265	139	0	0	0	0
AF	0	0.058401	455	318	137	0	0	0	0
AF	0	0.058713	402	247	155	0	0	0	0
AF	0	0.059026	410	270	140	0	0	0	0
AF	0	0.059338	417	262	155	0	0	0	0
AF	0	0.059650	407	273	134	0	0	0	0
AF	0	0.059963	495	333	162	0	0	0	0
AF	0	0.060275	417	263	154	0	0	0	0
AF	0	0.060587	409	251	158	0	0	0	0
AF	0	0.060899	338	219	119	0	0	0	0
AF	0	0.061212	391	255	136	0	0	0	0
AF	0	0.061524	360	251	109	0	0	0	0
AF	0	0.061836	442	277	165	0	0	0	0
AF	0	0.062149	352	217	135	0	0	0	0
AF	0	0.062461	348	219	129	0	0	0	0
AF	0	0.062773	308	198	110	0	0	0	0
AF	0	0.063086	345	213	132	0	0	0	0
AF	0	0.063398	342	234	108	0	0	0	0
AF	0	0.063710	310	184	126	0	0	0	0
AF	0	0.064022	378	240	138	0	0	0	0
AF	0	0.064335	352	209	143	0	0	0	0
AF	0	0.064647	335	215	120	0	0	0	0
AF	0	0.064959	303	208	95	0	0	0	0
AF	0	0.065272	362	218	144	0	0	0	0
AF	0	0.065584	372	245	127	0	0	0	0
AF	0	0.065896	362	235	127	0	0	0	0
AF	0	0.066209	366	242	124	0	0	0	0
AF	0	0.066521	344	225	119	0	0	0	0
AF	0	0.066833	333	214	119	0	0	0	0
AF	0	0.067146	326	215	111	0	0	0	0
AF	0	0.067458	329	221	108	0	0	0	0
AF	0	0.067770	341	218	123	0	0	0	0
AF	0	0.068082	321	204	117	0	0	0	0
AF	0	0.068395	340	220	120	0	0	0	0
AF	0	0.068707	338	230	108	0	0	0	0
AF	0	0.069019	331	221	110	0	0	0	0
AF	0	0.069332	336	212	124	0	0	0	0
AF	0	0.069644	326	216	110	0	0	0	0
AF	0	0.069956	320	215	105	0	0	0	0
AF	0	0.070269	289	196	93	0	0	0	0
AF	0	0.070581	366	228	138	0	0	0	0
AF	0	0.070893	463	297	166	0	0	0	0
AF	0	0.071205	392	258	134	0	0	0	0
AF	0	0.071518	429	279	150	0	0	0	0
AF	0	0.071830	327	221	106	0	0	0	0
AF	0	0.072142	341	232	109	0	0	0	0
AF	0	0.072455	353	235	118	0	0	0	0
AF	0	0.072767	311	208	103	0	0	0	0
AF	0	0.073079	311	200	111	0	0	0	0
AF	0	0.073392	316	215	101	0	0	0	0
AF	0	0.073704	338	234	104	0	0	0	0
AF	0	0.074016	299	205	94	0	0	0	0
AF	0	0.074329	365	237	128	0	0	0	0
AF	0	0.074641	323	195	128	0	0	0	0
AF	0	0.074953	320	204	116	0	0	0	0
AF	0	0.075265	309	211	98	0	0	0	0
AF	0	0.075578	289	192	97	0	0	0	0
AF	0	0.075890	298	203	95	0	0	0	0
AF	0	0.076202	293	206	87	0	0	0	0
AF	0	0.076515	310	221	89	0	0	0	0
AF	0	0.076827	296	202	94	0	0	0	0
AF	0	0.077139	301	185	116	0	0	0	0
AF	0	0.077452	283	180	103	0	0	0	0
AF	0	0.077764	277	186	91	0	0	0	0
AF	0	0.078076	322	215	107	0	0	0	0
AF	0	0.078389	296	184	112	0	0	0	0
AF	0	0.078701	297	202	95	0	0	0	0
AF	0	0.079013	269	177	92	0	0	0	0
AF	0	0.079325	275	180	95	0	0	0	0
AF	0	0.079638	272	177	95	0	0	0	0
AF	0	0.079950	252	170	82	0	0	0	0
AF	0	0.080262	259	165	94	0	0	0	0
AF	0	0.080575	262	174	88	0	0	0	0
AF	0	0.080887	288	184	104	0	0	0	0
AF	0	0.081199	285	193	92	0	0	0	0
AF	0	0.081512	247	150	97	0	0	0	0
AF	0	0.081824	253	165	88	0	0	0	0
AF	0	0.082136	236	152	84	0	0	0	0
AF	0	0.082448	276	179	97	0	0	0	0
AF	0	0.082761	254	163	91	0	0	0	0
AF	0	0.083073	272	181	91	0	0	0	0
AF	0	0.083385	274	184	90	0	0	0	0
AF	0	0.083698	255	151	104	0	0	0	0
AF	0	0.084010	249	165	84	0	0	0	0
AF	0	0.084322	239	140	99	0	0	0	0
AF	0	0.084635	337	213	124	0	0	0	0
AF	0	0.084947	286	182	104	0	0	0	0
AF	0	0.085259	309	209	100	0	0	0	0
AF	0	0.085572	290	196	94	0	0	0	0
AF	0	0.085884	274	175	99	0	0	0	0
AF	0	0.086196	267	184	83	0	0	0	0
AF	0	0.086508	294	190	104	0	0	0	0
AF	0	0.086821	310	199	111	0	0	0	0
AF	0	0.087133	292	194	98	0	0	0	0
AF	0	0.087445	257	164	93	0	0	0	0
AF	0	0.087758	262	174	88	0	0	0	0
AF	0	0.088070	222	158	64	0	0	0	0
AF	0	0.088382	302	194	108	0	0	0	0
AF	0	0.088695	313	219	94	0	0	0	0
AF	0	0.089007	249	168	81	0	0	0	0
AF	0	0.089319	269	188	81	0	0	0	0
AF	0	0.089631	290	192	98	0	0	0	0
AF	0	0.089944	221	152	69	0	0	0	0
AF	0	0.090256	240	161	79	0	0	0	0
AF	0	0.090568	214	144	70	0	0	0	0
AF	0	0.090881	250	181	69	0	0	0	0
AF	0	0.091193	218	150	68	0	0	0	0
AF	0	0.091505	241	144	97	0	0	0	0
AF	0	0.091818	245	147	98	0	0	0	0
AF	0	0.092130	211	133	78	0	0	0	0
AF	0	0.092442	262	179	83	0	0	0	0
AF	0	0.092755	248	158	90	0	0	0	0
AF	0	0.093067	251	154	97	0	0	0	0
AF	0	0.093379	237	157	80	0	0	0	0
AF	0	0.093691	220	145	75	0	0	0	0
AF	0	0.094004	241	156	85	0	0	0	0
AF	0	0.094316	252	168	84	0	0	0	0
AF	0	0.094628	232	148	84	0	0	0	0
AF	0	0.094941	301	208	93	0	0	0	0
AF	0	0.095253	249	165	84	0	0	0	0
AF	0	0.095565	270	187	83	0	0	0	0
AF	0	0.095878	279	202	77	0	0	0	0
AF	0	0.096190	281	191	90	0	0	0	0
AF	0	0.096502	262	174	88	0	0	0	0
AF	0	0.096814	299	203	96	0	0	0	0
AF	0	0.097127	257	154	103	0	0	0	0
AF	0	0.097439	244	166	78	0	0	0	0
AF	0	0.097751	265	189	76	0	0	0	0
AF	0	0.098064	231	160	71	0	0	0	0
AF	0	0.098376	225	138	87	0	0	0	0
AF	0	0.098688	221	151	70	0	0	0	0
AF	0	0.099001	251	171	80	0	0	0	0
AF	0	0.099313	218	145	73	0	0	0	0
AF	0	0.099625	252	158	94	0	0	0	0
AF	0	0.099938	254	157	97	0	0	0	0
AF	0	0.100250	243	157	86	0	0	0	0
AF	0	0.100562	238	154	84	0	0	0	0
AF	0	0.100874	220	145	75	0	0	0	0
AF	0	0.101187	240	153	87	0	0	0	0
AF	0	0.101499	224	150	74	0	0	0	0
AF	0	0.101811	267	184	83	0	0	0	0
AF	0	0.102124	198	132	66	0	0	0	0
AF	0	0.102436	246	170	76	0	0	0	0
AF	0	0.102748	232	156	76	0	0	0	0
AF	0	0.103061	195	131	64	0	0	0	0
AF	0	0.103373	216	140	76	0	0	0	0
AF	0	0.103685	219	142	77	0	0	0	0
AF	0	0.103998	207	140	67	0	0	0	0
AF	0	0.104310	180	114	66	0	0	0	0
AF	0	0.104622	212	131	81	0	0	0	0
AF	0	0.104934	183	111	72	0	0	0	0
AF	0	0.105247	226	146	80	0	0	0	0
AF	0	0.105559	241	157	84	0	0	0	0
AF	0	0.105871	255	160	95	0	0	0	0
AF	0	0.106184	215	143	72	0	0	0	0
AF	0	0.106496	157	108	49	0	0	0	0
AF	0	0.106808	195	124	71	0	0	0	0
AF	0	0.107121	175	112	63	0	0	0	0
AF	0	0.107433	208	139	69	0	0	0	0
AF	0	0.107745	188	104	84	0	0	0	0
AF	0	0.108057	201	130	71	0	0	0	0
AF	0	0.108370	203	126	77	0	0	0	0
AF	0	0.108682	219	138	81	0	0	0	0
AF	0	0.108994	202	128	74	0	0	0	0
AF	0	0.109307	190	131	59	0	0	0	0
AF	0	0.109619	224	136	88	0	0	0	0
AF	0	0.109931	224	136	88	0	0	0	0
AF	0	0.110244	176	115	61	0	0	0	0
AF	0	0.110556	212	138	74	0	0	0	0
AF	0	0.110868	188	122	66	0	0	0	0
AF	0	0.111181	188	135	53	0	0	0	0
AF	0	0.111493	186	129	57	0	0	0	0
AF	0	0.111805	206	127	79	0	0	0	0
AF	0	0.112117	179	113	66	0	0	0	0
AF	0	0.112430	153	90	63	0	0	0	0
AF	0	0.112742	182	127	55	0	0	0	0
AF	0	0.113054	210	145	65	0	0	0	0
AF	0	0.113367	174	122	52	0	0	0	0
AF	0	0.113679	188	128	60	0	0	0	0
AF	0	0.113991	249	158	91	0	0	0	0
AF	0	0.114304	214	143	71	0	0	0	0
AF	0	0.114616	211	142	69	0	0	0	0
AF	0	0.114928	190	128	62	0	0	0	0
AF	0	0.115240	211	139	72	0	0	0	0
AF	0	0.115553	187	130	57	0	0	0	0
AF	0	0.115865	169	112	57	0	0	0	0
AF	0	0.116177	170	109	61	0	0	0	0
AF	0	0.116490	188	124	64	0	0	0	0
AF	0	0.116802	166	99	67	0	0	0	0
AF	0	0.117114	158	112	46	0	0	0	0
AF	0	0.117427	172	112	60	0	0	0	0
AF	0	0.117739	183	121	62	0	0	0	0
AF	0	0.118051	197	157	40	0	0	0	0
AF	0	0.118364	226	157	69	0	0	0	0
AF	0	0.118676	186	113	73	0	0	0	0
AF	0	0.118988	206	136	70	0	0	0	0
AF	0	0.119300	229	158	71	0	0	0	0
AF	0	0.119613	181	124	57	0	0	0	0
AF	0	0.119925	202	133	69	0	0	0	0
AF	0	0.120237	213	127	86	0	0	0	0
AF	0	0.120550	204	122	82	0	0	0	0
AF	0	0.120862	190	131	59	0	0	0	0
AF	0	0.121174	166	110	56	0	0	0	0
AF	0	0.121487	183	121	62	0	0	0	0
AF	0	0.121799	163	105	58	0	0	0	0
AF	0	0.122111	164	108	56	0	0	0	0
AF	0	0.122423	130	83	47	0	0	0	0
AF	0	0.122736	183	121	62	0	0	0	0
AF	0	0.123048	184	119	65	0	0	0	0
AF	0	0.123360	189	117	72	0	0	0	0
AF	0	0.123673	173	122	51	0	0	0	0
AF	0	0.123985	154	106	48	0	0	0	0
AF	0	0.124297	179	120	59	0	0	0	0
AF	0	0.124610	179	117	62	0	0	0	0
AF	0	0.124922	182	119	63	0	0	0	0
AF	0	0.125234	171	115	56	0	0	0	0
AF	0	0.125547	155	108	47	0	0	0	0
AF	0	0.125859	193	132	61	0	0	0	0
AF	0	0.126171	164	110	54	0	0	0	0
AF	0	0.126483	164	103	61	0	0	0	0
AF	0	0.126796	158	105	53	0	0	0	0
AF	0	0.127108	143	95	48	0	0	0	0
AF	0	0.127420	173	122	51	0	0	0	0
AF	0	0.127733	138	86	52	0	0	0	0
AF	0	0.128045	164	117	47	0	0	0	0
AF	0	0.128357	150	95	55	0	0	0	0
AF	0	0.128670	199	139	60	0	0	0	0
AF	0	0.128982	169	115	54	0	0	0	0
AF	0	0.129294	172	114	58	0	0	0	0
AF	0	0.129606	172	104	68	0	0	0	0
AF	0	0.129919	203	127	76	0	0	0	0
AF	0	0.130231	201	138	63	0	0	0	0
AF	0	0.130543	170	115	55	0	0	0	0
AF	0	0.130856	188	122	66	0	0	0	0
AF	0	0.131168	194	119	75	0	0	0	0
AF	0	0.131480	147	91	56	0	0	0	0
AF	0	0.131793	168	104	64	0	0	0	0
AF	0	0.132105	162	98	64	0	0	0	0
AF	0	0.132417	175	122	53	0	0	0	0
AF	0	0.132730	146	100	46	0	0	0	0
AF	0	0.133042	206	121	85	0	0	0	0
AF	0	0.133354	167	117	50	0	0	0	0
AF	0	0.133666	166	101	65	0	0	0	0
AF	0	0.133979	189	131	58	0	0	0	0
AF	0	0.134291	167	113	54	0	0	0	0
AF	0	0.134603	181	118	63	0	0	0	0
AF	0	0.134916	192	134	58	0	0	0	0
AF	0	0.135228	181	128	53	0	0	0	0
AF	0	0.135540	162	115	47	0	0	0	0
AF	0	0.135853	191	126	65	0	0	0	0
AF	0	0.136165	173	124	49	0	0	0	0
AF	0	0.136477	147	96	51	0	0	0	0
AF	0	0.136790	193	125	68	0	0	0	0
AF	0	0.137102	169	112	57	0	0	0	0
AF	0	0.137414	150	86	64	0	0	0	0
AF	0	0.137726	153	94	59	0	0	0	0
AF	0	0.138039	152	105	47	0	0	0	0
AF	0	0.138351	144	101	43	0	0	0	0
AF	0	0.138663	158	113	45	0	0	0	0
AF	0	0.138976	156	98	58	0	0	0	0
AF	0	0.139288	180	112	68	0	0	0	0
AF	0	0.139600	141	95	46	0	0	0	0
AF	0	0.139913	186	123	63	0	0	0	0
AF	0	0.140225	125	77	48	0	0	0	0
AF	0	0.140537	129	87	42	0	0	0	0
AF	0	0.140849	182	113	69	0	0	0	0
AF	0	0.141162	164	103	61	0	0	0	0
AF	0	0.141474	161	102	59	0	0	0	0
AF	0	0.141786	164	104	60	0	0	0	0
AF	0	0.142099	161	119	42	0	0	0	0
AF	0	0.142411	133	86	47	0	0	0	0
AF	0	0.142723	156	97	59	0	0	0	0
AF	0	0.143036	164	104	60	0	0	0	0
AF	0	0.143348	158	101	57	0	0	0	0
AF	0	0.143660	142	92	50	0	0	0	0
AF	0	0.143973	148	92	56	0	0	0	0
AF	0	0.144285	137	84	53	0	0	0	0
AF	0	0.144597	141	94	47	0	0	0	0
AF	0	0.144909	139	95	44	0	0	0	0
AF	0	0.145222	165	111	54	0	0	0	0
AF	0	0.145534	155	97	58	0	0	0	0
AF	0	0.145846	179	112	67	0	0	0	0
AF	0	0.146159	194	122	72	0	0	0	0
AF	0	0.146471	157	101	56	0	0	0	0
AF	0	0.146783	152	103	49	0	0	0	0
AF	0	0.147096	165	109	56	0	0	0	0
AF	0	0.147408	114	73	41	0	0	0	0
AF	0	0.147720	149	109	40	0	0	0	0
AF	0	0.148032	139	86	53	0	0	0	0
AF	0	0.148345	145	104	41	0	0	0	0
AF	0	0.148657	151	102	49	0	0	0	0
AF	0	0.148969	157	106	51	0	0	0	0
AF	0	0.149282	186	126	60	0	0	0	0
AF	0	0.149594	204	143	61	0	0	0	0
AF	0	0.149906	166	111	55	0	0	0	0
AF	0	0.150219	157	112	45	0	0	0	0
AF	0	0.150531	159	103	56	0	0	0	0
AF	0	0.150843	144	98	46	0	0	0	0
AF	0	0.151156	133	91	42	0	0	0	0
AF	0	0.151468	141	95	46	0	0	0	0
AF	0	0.151780	136	88	48	0	0	0	0
AF	0	0.152092	131	91	40	0	0	0	0
AF	0	0.152405	137	80	57	0	0	0	0
AF	0	0.152717	162	99	63	0	0	0	0
AF	0	0.153029	143	98	45	0	0	0	0
AF	0	0.153342	138	94	44	0	0	0	0
AF	0	0.153654	145	96	49	0	0	0	0
AF	0	0.153966	139	92	47	0	0	0	0
AF	0	0.154279	129	94	35	0	0	0	0
AF	0	0.154591	127	87	40	0	0	0	0
AF	0	0.154903	166	101	65	0	0	0	0
AF	0	0.155215	131	78	53	0	0	0	0
AF	0	0.155528	153	95	58	0	0	0	0
AF	0	0.155840	144	82	62	0	0	0	0
AF	0	0.156152	162	109	53	0	0	0	0
AF	0	0.156465	157	94	63	0	0	0	0
AF	0	0.156777	170	114	56	0	0	0	0
AF	0	0.157089	152	100	52	0	0	0	0
AF	0	0.157402	179	120	59	0	0	0	0
AF	0	0.157714	137	92	45	0	0	0	0
AF	0	0.158026	157	106	51	0	0	0	0
AF	0	0.158339	138	96	42	0	0	0	0
AF	0	0.158651	165	99	66	0	0	0	0
AF	0	0.158963	189	130	59	0	0	0	0
AF	0	0.159275	109	76	33	0	0	0	0
AF	0	0.159588	117	66	51	0	0	0	0
AF	0	0.159900	151	99	52	0	0	0	0
AF	0	0.160212	139	93	46	0	0	0	0
AF	0	0.160525	143	96	47	0	0	0	0
AF	0	0.160837	129	83	46	0	0	0	0
AF	0	0.161149	131	86	45	0	0	0	0
AF	0	0.161462	138	101	37	0	0	0	0
AF	0	0.161774	141	95	46	0	0	0	0
AF	0	0.162086	126	82	44	0	0	0	0
AF	0	0.162399	158	104	54	0	0	0	0
AF	0	0.162711	126	77	49	0	0	0	0
AF	0	0.163023	138	86	52	0	0	0	0
AF	0	0.163335	119	80	39	0	0	0	0
AF	0	0.163648	129	86	43	0	0	0	0
AF	0	0.163960	109	73	36	0	0	0	0
AF	0	0.164272	147	100	47	0	0	0	0
AF	0	0.164585	121	78	43	0	0	0	0
AF	0	0.164897	122	83	39	0	0	0	0
AF	0	0.165209	103	63	40	0	0	0	0
AF	0	0.165522	135	80	55	0	0	0	0
AF	0	0.165834	178	121	57	0	0	0	0
AF	0	0.166146	142	95	47	0	0	0	0
AF	0	0.166458	136	96	40	0	0	0	0
AF	0	0.166771	136	82	54	0	0	0	0
AF	0	0.167083	147	93	54	0	0	0	0
AF	0	0.167395	148	95	53	0	0	0	0
AF	0	0.167708	130	93	37	0	0	0	0
AF	0	0.168020	144	105	39	0	0	0	0
AF	0	0.168332	145	81	64	0	0	0	0
AF	0	0.168645	129	86	43	0	0	0	0
AF	0	0.168957	134	101	33	0	0	0	0
AF	0	0.169269	135	88	47	0	0	0	0
AF	0	0.169582	152	101	51	0	0	0	0
AF	0	0.169894	145	94	51	0	0	0	0
AF	0	0.170206	124	89	35	0	0	0	0
AF	0	0.170518	121	82	39	0	0	0	0
AF	0	0.170831	120	84	36	0	0	0	0
AF	0	0.171143	140	94	46	0	0	0	0
AF	0	0.171455	125	89	36	0	0	0	0
AF	0	0.171768	132	72	60	0	0	0	0
AF	0	0.172080	125	77	48	0	0	0	0
AF	0	0.172392	175	127	48	0	0	0	0
AF	0	0.172705	121	85	36	0	0	0	0
AF	0	0.173017	138	90	48	0	0	0	0
AF	0	0.173329	129	78	51	0	0	0	0
AF	0	0.173641	119	79	40	0	0	0	0
AF	0	0.173954	112	70	42	0	0	0	0
AF	0	0.174266	114	72	42	0	0	0	0
AF	0	0.174578	125	91	34	0	0	0	0
AF	0	0.174891	111	76	35	0	0	0	0
AF	0	0.175203	135	87	48	0	0	0	0
AF	0	0.175515	131	91	40	0	0	0	0
AF	0	0.175828	119	72	47	0	0	0	0
AF	0	0.176140	139	100	39	0	0	0	0
AF	0	0.176452	116	81	35	0	0	0	0
AF	0	0.176765	120	78	42	0	0	0	0
AF	0	0.177077	157	112	45	0	0	0	0
AF	0	0.177389	116	80	36	0	0	0	0
AF	0	0.177701	117	75	42	0	0	0	0
AF	0	0.178014	129	79	50	0	0	0	0
AF	0	0.178326	121	77	44	0	0	0	0
AF	0	0.178638	110	74	36	0	0	0	0
AF	0	0.178951	137	81	56	0	0	0	0
AF	0	0.179263	133	80	53	0	0	0	0
AF	0	0.179575	146	104	42	0	0	0	0
AF	0	0.179888	128	87	41	0	0	0	0
AF	0	0.180200	115	74	41	0	0	0	0
AF	0	0.180512	107	66	41	0	0	0	0
AF	0	0.180824	103	72	31	0	0	0	0
AF	0	0.181137	110	75	35	0	0	0	0
AF	0	0.181449	132	84	48	0	0	0	0
AF	0	0.181761	109	68	41	0	0	0	0
AF	0	0.182074	131	88	43	0	0	0	0
AF	0	0.182386	121	82	39	0	0	0	0
AF	0	0.182698	115	70	45	0	0	0	0
AF	0	0.183011	97	62	35	0	0	0	0
AF	0	0.183323	114	82	32	0	0	0	0
AF	0	0.183635	131	85	46	0	0	0	0
AF	0	0.183948	125	76	49	0	0	0	0
AF	0	0.184260	134	91	43	0	0	0	0
AF	0	0.184572	124	85	39	0	0	0	0
AF	0	0.184884	103	69	34	0	0	0	0
AF	0	0.185197	128	78	50	0	0	0	0
AF	0	0.185509	142	92	50	0	0	0	0
AF	0	0.185821	104	70	34	0	0	0	0
AF	0	0.186134	134	92	42	0	0	0	0
AF	0	0.186446	135	86	49	0	0	0	0
AF	0	0.186758	110	77	33	0	0	0	0
AF	0	0.187071	113	71	42	0	0	0	0
AF	0	0.187383	109	73	36	0	0	0	0
AF	0	0.187695	106	72	34	0	0	0	0
AF	0	0.188007	127	83	44	0	0	0	0
AF	0	0.188320	165	106	59	0	0	0	0
AF	0	0.188632	175	125	50	0	0	0	0
AF	0	0.188944	134	81	53	0	0	0	0
AF	0	0.189257	120	80	40	0	0	0	0
AF	0	0.189569	103	66	37	0	0	0	0
AF	0	0.189881	107	69	38	0	0	0	0
AF	0	0.190194	131	82	49	0	0	0	0
AF	0	0.190506	136	95	41	0	0	0	0
AF	0	0.190818	126	90	36	0	0	0	0
AF	0	0.191131	129	93	36	0	0	0	0
AF	0	0.191443	129	84	45	0	0	0	0
AF	0	0.191755	110	70	40	0	0	0	0
AF	0	0.192067	137	82	55	0	0	0	0
AF	0	0.192380	118	80	38	0	0	0	0
AF	0	0.192692	138	85	53	0	0	0	0
AF	0	0.193004	121	81	40	0	0	0	0
AF	0	0.193317	123	84	39	0	0	0	0
AF	0	0.193629	126	82	44	0	0	0	0
AF	0	0.193941	133	84	49	0	0	0	0
AF	0	0.194254	117	81	36	0	0	0	0
AF	0	0.194566	103	58	45	0	0	0	0
AF	0	0.194878	130	80	50	0	0	0	0
AF	0	0.195191	130	78	52	0	0	0	0
AF	0	0.195503	103	63	40	0	0	0	0
AF	0	0.195815	98	61	37	0	0	0	0
AF	0	0.196127	104	70	34	0	0	0	0
AF	0	0.196440	124	75	49	0	0	0	0
AF	0	0.196752	131	84	47	0	0	0	0
AF	0	0.197064	118	77	41	0	0	0	0
AF	0	0.197377	123	79	44	0	0	0	0
AF	0	0.197689	123	82	41	0	0	0	0
AF	0	0.198001	116	88	28	0	0	0	0
AF	0	0.198314	122	82	40	0	0	0	0
AF	0	0.198626	125	84	41	0	0	0	0
AF	0	0.198938	96	64	32	0	0	0	0
AF	0	0.199250	131	74	57	0	0	0	0
AF	0	0.199563	180	117	63	0	0	0	0
AF	0	0.199875	118	84	34	0	0	0	0
AF	0	0.200187	121	76	45	0	0	0	0
AF	0	0.200500	132	77	55	0	0	0	0
AF	0	0.200812	116	73	43	0	0	0	0
AF	0	0.201124	96	57	39	0	0	0	0
AF	0	0.201437	119	75	44	0	0	0	0
AF	0	0.201749	113	74	39	0	0	0	0
AF	0	0.202061	96	65	31	0	0	0	0
AF	0	0.202374	101	62	39	0	0	0	0
AF	0	0.202686	109	78	31	0	0	0	0
AF	0	0.202998	101	63	38	0	0	0	0
AF	0	0.203310	104	65	39	0	0	0	0
AF	0	0.203623	104	73	31	0	0	0	0
AF	0	0.203935	140	88	52	0	0	0	0
AF	0	0.204247	106	73	33	0	0	0	0
AF	0	0.204560	101	69	32	0	0	0	0
AF	0	0.204872	105	66	39	0	0	0	0
AF	0	0.205184	99	65	34	0	0	0	0
AF	0	0.205497	109	63	46	0	0	0	0
AF	0	0.205809	110	70	40	0	0	0	0
AF	0	0.206121	120	78	42	0	0	0	0
AF	0	0.206433	126	86	40	0	0	0	0
AF	0	0.206746	117	78	39	0	0	0	0
AF	0	0.207058	105	75	30	0	0	0	0
AF	0	0.207370	110	71	39	0	0	0	0
AF	0	0.207683	118	74	44	0	0	0	0
AF	0	0.207995	120	82	38	0	0	0	0
AF	0	0.208307	114	77	37	0	0	0	0
AF	0	0.208620	90	57	33	0	0	0	0
AF	0	0.208932	115	73	42	0	0	0	0
AF	0	0.209244	103	56	47	0	0	0	0
AF	0	0.209557	123	80	43	0	0	0	0
AF	0	0.209869	102	71	31	0	0	0	0
AF	0	0.210181	102	60	42	0	0	0	0
AF	0	0.210493	101	63	38	0	0	0	0
AF	0	0.210806	117	78	39	0	0	0	0
AF	0	0.211118	116	74	42	0	0	0	0
AF	0	0.211430	119	77	42	0	0	0	0
AF	0	0.211743	78	49	29	0	0	0	0
AF	0	0.212055	102	67	35	0	0	0	0
AF	0	0.212367	125	75	50	0	0	0	0
AF	0	0.212680	89	60	29	0	0	0	0
AF	0	0.212992	99	75	24	0	0	0	0
AF	0	0.213304	104	74	30	0	0	0	0
AF	0	0.213616	100	67	33	0	0	0	0
AF	0	0.213929	81	52	29	0	0	0	0
AF	0	0.214241	103	70	33	0	0	0	0
AF	0	0.214553	86	61	25	0	0	0	0
AF	0	0.214866	99	65	34	0	0	0	0
AF	0	0.215178	114	72	42	0	0	0	0
AF	0	0.215490	108	69	39	0	0	0	0
AF	0	0.215803	113	84	29	0	0	0	0
AF	0	0.216115	100	67	33	0	0	0	0
AF	0	0.216427	94	66	28	0	0	0	0
AF	0	0.216740	90	55	35	0	0	0	0
AF	0	0.217052	121	73	48	0	0	0	0
AF	0	0.217364	121	79	42	0	0	0	0
AF	0	0.217676	88	52	36	0	0	0	0
AF	0	0.217989	120	84	36	0	0	0	0
AF	0	0.218301	112	59	53	0	0	0	0
AF	0	0.218613	108	69	39	0	0	0	0
AF	0	0.218926	99	66	33	0	0	0	0
AF	0	0.219238	108	64	44	0	0	0	0
AF	0	0.219550	113	72	41	0	0	0	0
AF	0	0.219863	111	69	42	0	0	0	0
AF	0	0.220175	109	73	36	0	0	0	0
AF	0	0.220487	116	76	40	0	0	0	0
AF	0	0.220800	101	65	36	0	0	0	0
AF	0	0.221112	97	60	37	0	0	0	0
AF	0	0.221424	112	73	39	0	0	0	0
AF	0	0.221736	118	76	42	0	0	0	0
AF	0	0.222049	111	72	39	0	0	0	0
AF	0	0.222361	98	58	40	0	0	0	0
AF	0	0.222673	99	61	38	0	0	0	0
AF	0	0.222986	119	80	39	0	0	0	0
AF	0	0.223298	96	63	33	0	0	0	0
AF	0	0.223610	125	81	44	0	0	0	0
AF	0	0.223923	100	57	43	0	0	0	0
AF	0	0.224235	114	73	41	0	0	0	0
AF	0	0.224547	98	63	35	0	0	0	0
AF	0	0.224859	93	58	35	0	0	0	0
AF	0	0.225172	106	66	40	0	0	0	0
AF	0	0.225484	118	69	49	0	0	0	0
AF	0	0.225796	94	58	36	0	0	0	0
AF	0	0.226109	115	79	36	0	0	0	0
AF	0	0.226421	105	66	39	0	0	0	0
AF	0	0.226733	88	53	35	0	0	0	0
AF	0	0.227046	105	71	34	0	0	0	0
AF	0	0.227358	116	83	33	0	0	0	0
AF	0	0.227670	95	58	37	0	0	0	0
AF	0	0.227983	85	59	26	0	0	0	0
AF	0	0.228295	91	65	26	0	0	0	0
AF	0	0.228607	78	50	28	0	0	0	0
AF	0	0.228919	81	56	25	0	0	0	0
AF	0	0.229232	94	63	31	0	0	0	0
AF	0	0.229544	110	71	39	0	0	0	0
AF	0	0.229856	102	64	38	0	0	0	0
AF	0	0.230169	109	71	38	0	0	0	0
AF	0	0.230481	100	67	33	0	0	0	0
AF	0	0.230793	98	67	31	0	0	0	0
AF	0	0.231106	88	54	34	0	0	0	0
AF	0	0.231418	90	58	32	0	0	0	0
AF	0	0.231730	95	66	29	0	0	0	0
AF	0	0.232042	98	60	38	0	0	0	0
AF	0	0.232355	88	58	30	0	0	0	0
AF	0	0.232667	92	56	36	0	0	0	0
AF	0	0.232979	105	77	28	0	0	0	0
AF	0	0.233292	101	66	35	0	0	0	0
AF	0	0.233604	120	85	35	0	0	0	0
AF	0	0.233916	101	68	33	0	0	0	0
AF	0	0.234229	86	61	25	0	0	0	0
AF	0	0.234541	91	68	23	0	0	0	0
AF	0	0.234853	83	59	24	0	0	0	0
AF	0	0.235166	100	63	37	0	0	0	0
AF	0	0.235478	126	82	44	0	0	0	0
AF	0	0.235790	103	75	28	0	0	0	0
AF	0	0.236102	91	51	40	0	0	0	0
AF	0	0.236415	74	52	22	0	0	0	0
AF	0	0.236727	85	52	33	0	0	0	0
AF	0	0.237039	96	66	30	0	0	0	0
AF	0	0.237352	90	60	30	0	0	0	0
AF	0	0.237664	92	67	25	0	0	0	0
AF	0	0.237976	92	53	39	0	0	0	0
AF	0	0.238289	78	51	27	0	0	0	0
AF	0	0.238601	86	53	33	0	0	0	0
AF	0	0.238913	99	52	47	0	0	0	0
AF	0	0.239225	94	59	35	0	0	0	0
AF	0	0.239538	90	56	34	0	0	0	0
AF	0	0.239850	113	77	36	0	0	0	0
AF	0	0.240162	117	82	35	0	0	0	0
AF	0	0.240475	90	60	30	0	0	0	0
AF	0	0.240787	81	46	35	0	0	0	0
AF	0	0.241099	85	53	32	0	0	0	0
AF	0	0.241412	65	46	19	0	0	0	0
AF	0	0.241724	78	55	23	0	0	0	0
AF	0	0.242036	90	57	33	0	0	0	0
AF	0	0.242349	107	62	45	0	0	0	0
AF	0	0.242661	94	57	37	0	0	0	0
AF	0	0.242973	104	68	36	0	0	0	0
AF	0	0.243285	98	53	45	0	0	0	0
AF	0	0.243598	94	62	32	0	0	0	0
AF	0	0.243910	96	64	32	0	0	0	0
AF	0	0.244222	110	79	31	0	0	0	0
AF	0	0.244535	105	78	27	0	0	0	0
AF	0	0.244847	94	58	36	0	0	0	0
AF	0	0.245159	90	54	36	0	0	0	0
AF	0	0.245472	95	65	30	0	0	0	0
AF	0	0.245784	81	54	27	0	0	0	0
AF	0	0.246096	80	54	26	0	0	0	0
AF	0	0.246408	82	52	30	0	0	0	0
AF	0	0.246721	85	58	27	0	0	0	0
AF	0	0.247033	92	61	31	0	0	0	0
AF	0	0.247345	87	61	26	0	0	0	0
AF	0	0.247658	91	55	36	0	0	0	0
AF	0	0.247970	75	55	20	0	0	0	0
AF	0	0.248282	79	52	27	0	0	0	0
AF	0	0.248595	91	54	37	0	0	0	0
AF	0	0.248907	72	49	23	0	0	0	0
AF	0	0.249219	97	54	43	0	0	0	0
AF	0	0.249532	84	55	29	0	0	0	0
AF	0	0.249844	91	63	28	0	0	0	0
AF	0	0.250156	112	73	39	0	0	0	0
AF	0	0.250468	90	66	24	0	0	0	0
AF	0	0.250781	110	70	40	0	0	0	0
AF	0	0.251093	93	61	32	0	0	0	0
AF	0	0.251405	97	62	35	0	0	0	0
AF	0	0.251718	77	49	28	0	0	0	0
AF	0	0.252030	86	54	32	0	0	0	0
AF	0	0.252342	89	59	30	0	0	0	0
AF	0	0.252655	101	73	28	0	0	0	0
AF	0	0.252967	73	40	33	0	0	0	0
AF	0	0.253279	92	67	25	0	0	0	0
AF	0	0.253592	76	45	31	0	0	0	0
AF	0	0.253904	80	51	29	0	0	0	0
AF	0	0.254216	87	66	21	0	0	0	0
AF	0	0.254528	91	59	32	0	0	0	0
AF	0	0.254841	93	60	33	0	0	0	0
AF	0	0.255153	73	47	26	0	0	0	0
AF	0	0.255465	90	56	34	0	0	0	0
AF	0	0.255778	102	68	34	0	0	0	0
AF	0	0.256090	98	63	35	0	0	0	0
AF	0	0.256402	77	50	27	0	0	0	0
AF	0	0.256715	104	69	35	0	0	0	0
AF	0	0.257027	69	45	24	0	0	0	0
AF	0	0.257339	96	66	30	0	0	0	0
AF	0	0.257651	97	66	31	0	0	0	0
AF	0	0.257964	86	51	35	0	0	0	0
AF	0	0.258276	102	57	45	0	0	0	0
AF	0	0.258588	108	67	41	0	0	0	0
AF	0	0.258901	114	62	52	0	0	0	0
AF	0	0.259213	88	62	26	0	0	0	0
AF	0	0.259525	96	61	35	0	0	0	0
AF	0	0.259838	90	55	35	0	0	0	0
AF	0	0.260150	113	91	22	0	0	0	0
AF	0	0.260462	105	71	34	0	0	0	0
AF	0	0.260775	96	65	31	0	0	0	0
AF	0	0.261087	142	96	46	0	0	0	0
AF	0	0.261399	125	72	53	0	0	0	0
AF	0	0.261711	93	53	40	0	0	0	0
AF	0	0.262024	93	71	22	0	0	0	0
AF	0	0.262336	93	69	24	0	0	0	0
AF	0	0.262648	91	60	31	0	0	0	0
AF	0	0.262961	83	56	27	0	0	0	0
AF	0	0.263273	82	50	32	0	0	0	0
AF	0	0.263585	87	57	30	0	0	0	0
AF	0	0.263898	63	45	18	0	0	0	0
AF	0	0.264210	117	78	39	0	0	0	0
AF	0	0.264522	93	64	29	0	0	0	0
AF	0	0.264834	86	51	35	0	0	0	0
AF	0	0.265147	87	57	30	0	0	0	0
AF	0	0.265459	88	57	31	0	0	0	0
AF	0	0.265771	68	48	20	0	0	0	0
AF	0	0.266084	78	46	32	0	0	0	0
AF	0	0.266396	90	61	29	0	0	0	0
AF	0	0.266708	103	74	29	0	0	0	0
AF	0	0.267021	106	67	39	0	0	0	0
AF	0	0.267333	110	75	35	0	0	0	0
AF	0	0.267645	101	59	42	0	0	0	0
AF	0	0.267958	86	63	23	0	0	0	0
AF	0	0.268270	95	58	37	0	0	0	0
AF	0	0.268582	84	47	37	0	0	0	0
AF	0	0.268894	107	72	35	0	0	0	0
AF	0	0.269207	107	72	35	0	0	0	0
AF	0	0.269519	77	54	23	0	0	0	0
AF	0	0.269831	80	48	32	0	0	0	0
AF	0	0.270144	81	54	27	0	0	0	0
AF	0	0.270456	85	55	30	0	0	0	0
AF	0	0.270768	84	57	27	0	0	0	0
AF	0	0.271081	74	48	26	0	0	0	0
AF	0	0.271393	73	43	30	0	0	0	0
AF	0	0.271705	97	55	42	0	0	0	0
AF	0	0.272017	82	46	36	0	0	0	0
AF	0	0.272330	97	63	34	0	0	0	0
AF	0	0.272642	77	55	22	0	0	0	0
AF	0	0.272954	77	58	19	0	0	0	0
AF	0	0.273267	63	44	19	0	0	0	0
AF	0	0.273579	71	43	28	0	0	0	0
AF	0	0.273891	91	56	35	0	0	0	0
AF	0	0.274204	89	56	33	0	0	0	0
AF	0	0.274516	86	54	32	0	0	0	0
AF	0	0.274828	75	44	31	0	0	0	0
AF	0	0.275141	75	49	26	0	0	0	0
AF	0	0.275453	74	44	30	0	0	0	0
AF	0	0.275765	75	50	25	0	0	0	0
AF	0	0.276077	83	55	28	0	0	0	0
AF	0	0.276390	77	48	29	0	0	0	0
AF	0	0.276702	69	45	24	0	0	0	0
AF	0	0.277014	66	49	17	0	0	0	0
AF	0	0.277327	80	49	31	0	0	0	0
AF	0	0.277639	70	47	23	0	0	0	0
AF	0	0.277951	81	56	25	0	0	0	0
AF	0	0.278264	81	54	27	0	0	0	0
AF	0	0.278576	81	52	29	0	0	0	0
AF	0	0.278888	94	64	30	0	0	0	0
AF	0	0.279200	92	52	40	0	0	0	0
AF	0	0.279513	107	64	43	0	0	0	0
AF	0	0.279825	111	70	41	0	0	0	0
AF	0	0.280137	106	67	39	0	0	0	0
AF	0	0.280450	81	69	12	0	0	0	0
AF	0	0.280762	78	47	31	0	0	0	0
AF	0	0.281074	87	61	26	0	0	0	0
AF	0	0.281387	86	52	34	0	0	0	0
AF	0	0.281699	81	46	35	0	0	0	0
AF	0	0.282011	100	62	38	0	0	0	0
AF	0	0.282324	85	60	25	0	0	0	0
AF	0	0.282636	94	63	31	0	0	0	0
AF	0	0.282948	79	43	36	0	0	0	0
AF	0	0.283260	82	53	29	0	0	0	0
AF	0	0.283573	88	55	33	0	0	0	0
AF	0	0.283885	90	59	31	0	0	0	0
AF	0	0.284197	75	52	23	0	0	0	0
AF	0	0.284510	117	82	35	0	0	0	0
AF	0	0.284822	84	57	27	0	0	0	0
AF	0	0.285134	85	56	29	0	0	0	0
AF	0	0.285447	63	40	23	0	0	0	0
AF	0	0.285759	82	50	32	0	0	0	0
AF	0	0.286071	76	51	25	0	0	0	0
AF	0	0.286384	91	57	34	0	0	0	0
AF	0	0.286696	92	60	32	0	0	0	0
AF	0	0.287008	88	61	27	0	0	0	0
AF	0	0.287320	68	51	17	0	0	0	0
AF	0	0.287633	78	54	24	0	0	0	0
AF	0	0.287945	56	38	18	0	0	0	0
AF	0	0.288257	95	64	31	0	0	0	0
AF	0	0.288570	87	60	27	0	0	0	0
AF	0	0.288882	77	55	22	0	0	0	0
AF	0	0.289194	78	56	22	0	0	0	0
AF	0	0.289507	81	52	29	0	0	0	0
AF	0	0.289819	76	50	26	0	0	0	0
AF	0	0.290131	70	46	24	0	0	0	0
AF	0	0.290443	78	48	30	0	0	0	0
AF	0	0.290756	95	60	35	0	0	0	0
AF	0	0.291068	79	50	29	0	0	0	0
AF	0	0.291380	87	55	32	0	0	0	0
AF	0	0.291693	85	54	31	0	0	0	0
AF	0	0.292005	81	50	31	0	0	0	0
AF	0	0.292317	75	36	39	0	0	0	0
AF	0	0.292630	92	59	33	0	0	0	0
AF	0	0.292942	71	43	28	0	0	0	0
AF	0	0.293254	85	54	31	0	0	0	0
AF	0	0.293567	80	53	27	0	0	0	0
AF	0	0.293879	83	57	26	0	0	0	0
AF	0	0.294191	69	37	32	0	0	0	0
AF	0	0.294503	85	56	29	0	0	0	0
AF	0	0.294816	85	57	28	0	0	0	0
AF	0	0.295128	77	55	22	0	0	0	0
AF	0	0.295440	75	50	25	0	0	0	0
AF	0	0.295753	86	61	25	0	0	0	0
AF	0	0.296065	83	60	23	0	0	0	0
AF	0	0.296377	94	62	32	0	0	0	0
AF	0	0.296690	59	45	14	0	0	0	0
AF	0	0.297002	72	49	23	0	0	0	0
AF	0	0.297314	65	39	26	0	0	0	0
AF	0	0.297626	61	40	21	0	0	0	0
AF	0	0.297939	82	55	27	0	0	0	0
AF	0	0.298251	93	58	35	0	0	0	0
AF	0	0.298563	88	55	33	0	0	0	0
AF	0	0.298876	89	64	25	0	0	0	0
AF	0	0.299188	97	58	39	0	0	0	0
AF	0	0.299500	87	47	40	0	0	0	0
AF	0	0.299813	76	54	22	0	0	0	0
AF	0	0.300125	69	40	29	0	0	0	0
AF	0	0.300437	68	46	22	0	0	0	0
AF	0	0.300750	59	38	21	0	0	0	0
AF	0	0.301062	86	55	31	0	0	0	0
AF	0	0.301374	87	54	33	0	0	0	0
AF	0	0.301686	76	51	25	0	0	0	0
AF	0	0.301999	88	56	32	0	0	0	0
AF	0	0.302311	69	41	28	0	0	0	0
AF	0	0.302623	71	44	27	0	0	0	0
AF	0	0.302936	77	52	25	0	0	0	0
AF	0	0.303248	92	55	37	0	0	0	0
AF	0	0.303560	84	58	26	0	0	0	0
AF	0	0.303873	90	67	23	0	0	0	0
AF	0	0.304185	71	44	27	0	0	0	0
AF	0	0.304497	81	57	24	0	0	0	0
AF	0	0.304809	63	42	21	0	0	0	0
AF	0	0.305122	81	58	23	0	0	0	0
AF	0	0.305434	70	43	27	0	0	0	0
AF	0	0.305746	83	56	27	0	0	0	0
AF	0	0.306059	85	55	30	0	0	0	0
AF	0	0.306371	74	45	29	0	0	0	0
AF	0	0.306683	74	44	30	0	0	0	0
AF	0	0.306996	92	58	34	0	0	0	0
AF	0	0.307308	87	56	31	0	0	0	0
AF	0	0.307620	74	46	28	0	0	0	0
AF	0	0.307933	80	55	25	0	0	0	0
AF	0	0.308245	94	66	28	0	0	0	0
AF	0	0.308557	103	65	38	0	0	0	0
AF	0	0.308869	60	31	29	0	0	0	0
AF	0	0.309182	61	38	23	0	0	0	0
AF	0	0.309494	93	61	32	0	0	0	0
AF	0	0.309806	67	48	19	0	0	0	0
AF	0	0.310119	55	36	19	0	0	0	0
AF	0	0.310431	72	48	24	0	0	0	0
AF	0	0.310743	65	36	29	0	0	0	0
AF	0	0.311056	83	52	31	0	0	0	0
AF	0	0.311368	54	36	18	0	0	0	0
AF	0	0.311680	76	50	26	0	0	0	0
AF	0	0.311993	71	44	27	0	0	0	0
AF	0	0.312305	93	59	34	0	0	0	0
AF	0	0.312617	70	55	15	0	0	0	0
AF	0	0.312929	88	61	27	0	0	0	0
AF	0	0.313242	78	43	35	0	0	0	0
AF	0	0.313554	64	40	24	0	0	0	0
AF	0	0.313866	59	41	18	0	0	0	0
AF	0	0.314179	74	52	22	0	0	0	0
AF	0	0.314491	91	63	28	0	0	0	0
AF	0	0.314803	67	46	21	0	0	0	0
AF	0	0.315116	102	70	32	0	0	0	0
AF	0	0.315428	63	46	17	0	0	0	0
AF	0	0.315740	58	43	15	0	0	0	0
AF	0	0.316052	84	58	26	0	0	0	0
AF	0	0.316365	91	62	29	0	0	0	0
AF	0	0.316677	68	42	26	0	0	0	0
AF	0	0.316989	64	36	28	0	0	0	0
AF	0	0.317302	65	44	21	0	0	0	0
AF	0	0.317614	64	37	27	0	0	0	0
AF	0	0.317926	69	46	23	0	0	0	0
AF	0	0.318239	68	43	25	0	0	0	0
AF	0	0.318551	77	57	20	0	0	0	0
AF	0	0.318863	76	47	29	0	0	0	0
AF	0	0.319176	59	45	14	0	0	0	0
AF	0	0.319488	74	54	20	0	0	0	0
AF	0	0.319800	72	46	26	0	0	0	0
AF	0	0.320112	82	46	36	0	0	0	0
AF	0	0.320425	78	51	27	0	0	0	0
AF	0	0.320737	71	46	25	0	0	0	0
AF	0	0.321049	84	53	31	0	0	0	0
AF	0	0.321362	83	53	30	0	0	0	0
AF	0	0.321674	103	55	48	0	0	0	0
AF	0	0.321986	67	45	22	0	0	0	0
AF	0	0.322299	76	49	27	0	0	0	0
AF	0	0.322611	78	59	19	0	0	0	0
AF	0	0.322923	74	50	24	0	0	0	0
AF	0	0.323235	95	60	35	0	0	0	0
AF	0	0.323548	80	48	32	0	0	0	0
AF	0	0.323860	70	44	26	0	0	0	0
AF	0	0.324172	80	51	29	0	0	0	0
AF	0	0.324485	64	39	25	0	0	0	0
AF	0	0.324797	88	58	30	0	0	0	0
AF	0	0.325109	86	71	15	0	0	0	0
AF	0	0.325422	67	39	28	0	0	0	0
AF	0	0.325734	86	59	27	0	0	0	0
AF	0	0.326046	62	42	20	0	0	0	0
AF	0	0.326359	69	47	22	0	0	0	0
AF	0	0.326671	62	40	22	0	0	0	0
AF	0	0.326983	75	49	26	0	0	0	0
AF	0	0.327295	79	59	20	0	0	0	0
AF	0	0.327608	91	63	28	0	0	0	0
AF	0	0.327920	80	46	34	0	0	0	0
AF	0	0.328232	62	43	19	0	0	0	0
AF	0	0.328545	87	51	36	0	0	0	0
AF	0	0.328857	86	44	42	0	0	0	0
AF	0	0.329169	80	56	24	0	0	0	0
AF	0	0.329482	71	52	19	0	0	0	0
AF	0	0.329794	72	52	20	0	0	0	0
AF	0	0.330106	98	61	37	0	0	0	0
AF	0	0.330418	81	54	27	0	0	0	0
AF	0	0.330731	83	52	31	0	0	0	0
AF	0	0.331043	71	48	23	0	0	0	0
AF	0	0.331355	76	57	19	0	0	0	0
AF	0	0.331668	77	51	26	0	0	0	0
AF	0	0.331980	72	48	24	0	0	0	0
AF	0	0.332292	65	44	21	0	0	0	0
AF	0	0.332605	72	57	15	0	0	0	0
AF	0	0.332917	64	36	28	0	0	0	0
AF	0	0.333229	59	41	18	0	0	0	0
AF	0	0.333542	49	33	16	0	0	0	0
AF	0	0.333854	66	42	24	0	0	0	0
AF	0	0.334166	67	50	17	0	0	0	0
AF	0	0.334478	63	41	22	0	0	0	0
AF	0	0.334791	65	48	17	0	0	0	0
AF	0	0.335103	79	46	33	0	0	0	0
AF	0	0.335415	70	42	28	0	0	0	0
AF	0	0.335728	66	40	26	0	0	0	0
AF	0	0.336040	67	44	23	0	0	0	0
AF	0	0.336352	47	27	20	0	0	0	0
AF	0	0.336665	57	37	20	0	0	0	0
AF	0	0.336977	81	55	26	0	0	0	0
AF	0	0.337289	65	35	30	0	0	0	0
AF	0	0.337601	77	47	30	0	0	0	0
AF	0	0.337914	75	51	24	0	0	0	0
AF	0	0.338226	60	39	21	0	0	0	0
AF	0	0.338538	71	49	22	0	0	0	0
AF	0	0.338851	64	46	18	0	0	0	0
AF	0	0.339163	81	50	31	0	0	0	0
AF	0	0.339475	132	94	38	0	0	0	0
AF	0	0.339788	67	43	24	0	0	0	0
AF	0	0.340100	65	44	21	0	0	0	0
AF	0	0.340412	74	50	24	0	0	0	0
AF	0	0.340725	63	44	19	0	0	0	0
AF	0	0.341037	70	42	28	0	0	0	0
AF	0	0.341349	76	53	23	0	0	0	0
AF	0	0.341661	72	44	28	0	0	0	0
AF	0	0.341974	63	38	25	0	0	0	0
AF	0	0.342286	76	50	26	0	0	0	0
AF	0	0.342598	62	43	19	0	0	0	0
AF	0	0.342911	69	42	27	0	0	0	0
AF	0	0.343223	54	38	16	0	0	0	0
AF	0	0.343535	83	50	33	0	0	0	0
AF	0	0.343848	113	72	41	0	0	0	0
AF	0	0.344160	72	51	21	0	0	0	0
AF	0	0.344472	65	43	22	0	0	0	0
AF	0	0.344785	66	46	20	0	0	0	0
AF	0	0.345097	60	39	21	0	0	0	0
AF	0	0.345409	65	44	21	0	0	0	0
AF	0	0.345721	65	38	27	0	0	0	0
AF	0	0.346034	70	45	25	0	0	0	0
AF	0	0.346346	77	51	26	0	0	0	0
AF	0	0.346658	74	50	24	0	0	0	0
AF	0	0.346971	68	45	23	0	0	0	0
AF	0	0.347283	77	50	27	0	0	0	0
AF	0	0.347595	58	30	28	0	0	0	0
AF	0	0.347908	65	45	20	0	0	0	0
AF	0	0.348220	70	49	21	0	0	0	0
AF	0	0.348532	57	40	17	0	0	0	0
AF	0	0.348844	74	45	29	0	0	0	0
AF	0	0.349157	71	41	30	0	0	0	0
AF	0	0.349469	69	37	32	0	0	0	0
AF	0	0.349781	58	35	23	0	0	0	0
AF	0	0.350094	83	59	24	0	0	0	0
AF	0	0.350406	72	49	23	0	0	0	0
AF	0	0.350718	67	44	23	0	0	0	0
AF	0	0.351031	73	44	29	0	0	0	0
AF	0	0.351343	54	37	17	0	0	0	0
AF	0	0.351655	64	34	30	0	0	0	0
AF	0	0.351968	70	47	23	0	0	0	0
AF	0	0.352280	75	55	20	0	0	0	0
AF	0	0.352592	64	43	21	0	0	0	0
AF	0	0.352904	72	42	30	0	0	0	0
AF	0	0.353217	73	48	25	0	0	0	0
AF	0	0.353529	68	43	25	0	0	0	0
AF	0	0.353841	54	36	18	0	0	0	0
AF	0	0.354154	59	41	18	0	0	0	0
AF	0	0.354466	71	50	21	0	0	0	0
AF	0	0.354778	63	39	24	0	0	0	0
AF	0	0.355091	69	47	22	0	0	0	0
AF	0	0.355403	68	53	15	0	0	0	0
AF	0	0.355715	76	56	20	0	0	0	0
AF	0	0.356027	76	48	28	0	0	0	0
AF	0	0.356340	98	64	34	0	0	0	0
AF	0	0.356652	51	35	16	0	0	0	0
AF	0	0.356964	61	39	22	0	0	0	0
AF	0	0.357277	69	41	28	0	0	0	0
AF	0	0.357589	58	43	15	0	0	0	0
AF	0	0.357901	59	36	23	0	0	0	0
AF	0	0.358214	58	38	20	0	0	0	0
AF	0	0.358526	57	31	26	0	0	0	0
AF	0	0.358838	61	38	23	0	0	0	0
AF	0	0.359151	52	32	20	0	0	0	0
AF	0	0.359463	70	44	26	0	0	0	0
AF	0	0.359775	79	52	27	0	0	0	0
AF	0	0.360087	67	44	23	0	0	0	0
AF	0	0.360400	53	34	19	0	0	0	0
AF	0	0.360712	70	55	15	0	0	0	0
AF	0	0.361024	57	36	21	0	0	0	0
AF	0	0.361337	70	51	19	0	0	0	0
AF	0	0.361649	56	33	23	0	0	0	0
AF	0	0.361961	70	45	25	0	0	0	0
AF	0	0.362274	85	57	28	0	0	0	0
AF	0	0.362586	73	47	26	0	0	0	0
AF	0	0.362898	65	41	24	0	0	0	0
AF	0	0.363210	63	38	25	0	0	0	0
AF	0	0.363523	56	39	17	0	0	0	0
AF	0	0.363835	59	38	21	0	0	0	0
AF	0	0.364147	69	46	23	0	0	0	0
AF	0	0.364460	61	47	14	0	0	0	0
AF	0	0.364772	55	36	19	0	0	0	0
AF	0	0.365084	73	48	25	0	0	0	0
AF	0	0.365397	86	61	25	0	0	0	0
AF	0	0.365709	71	40	31	0	0	0	0
AF	0	0.366021	47	33	14	0	0	0	0
AF	0	0.366334	55	39	16	0	0	0	0
AF	0	0.366646	54	37	17	0	0	0	0
AF	0	0.366958	63	44	19	0	0	0	0
AF	0	0.367270	57	39	18	0	0	0	0
AF	0	0.367583	63	43	20	0	0	0	0
AF	0	0.367895	80	57	23	0	0	0	0
AF	0	0.368207	71	43	28	0	0	0	0
AF	0	0.368520	81	50	31	0	0	0	0
AF	0	0.368832	61	41	20	0	0	0	0
AF	0	0.369144	61	36	25	0	0	0	0
AF	0	0.369457	59	33	26	0	0	0	0
AF	0	0.369769	56	42	14	0	0	0	0
AF	0	0.370081	56	39	17	0	0	0	0
AF	0	0.370394	39	22	17	0	0	0	0
AF	0	0.370706	54	40	14	0	0	0	0
AF	0	0.371018	62	45	17	0	0	0	0
AF	0	0.371330	56	39	17	0	0	0	0
AF	0	0.371643	55	28	27	0	0	0	0
AF	0	0.371955	57	40	17	0	0	0	0
AF	0	0.372267	61	38	23	0	0	0	0
AF	0	0.372580	46	24	22	0	0	0	0
AF	0	0.372892	56	40	16	0	0	0	0
AF	0	0.373204	57	38	19	0	0	0	0
AF	0	0.373517	55	39	16	0	0	0	0
AF	0	0.373829	85	55	30	0	0	0	0
AF	0	0.374141	68	46	22	0	0	0	0
AF	0	0.374453	74	50	24	0	0	0	0
AF	0	0.374766	60	36	24	0	0	0	0
AF	0	0.375078	53	27	26	0	0	0	0
AF	0	0.375390	80	51	29	0	0	0	0
AF	0	0.375703	61	34	27	0	0	0	0
AF	0	0.376015	92	63	29	0	0	0	0
AF	0	0.376327	78	54	24	0	0	0	0
AF	0	0.376640	61	41	20	0	0	0	0
AF	0	0.376952	69	46	23	0	0	0	0
AF	0	0.377264	89	61	28	0	0	0	0
AF	0	0.377577	94	58	36	0	0	0	0
AF	0	0.377889	70	44	26	0	0	0	0
AF	0	0.378201	72	51	21	0	0	0	0
AF	0	0.378513	72	51	21	0	0	0	0
AF	0	0.378826	59	39	20	0	0	0	0
AF	0	0.379138	59	41	18	0	0	0	0
AF	0	0.379450	72	39	33	0	0	0	0
AF	0	0.379763	46	27	19	0	0	0	0
AF	0	0.380075	47	31	16	0	0	0	0
AF	0	0.380387	44	31	13	0	0	0	0
AF	0	0.380700	56	36	20	0	0	0	0
AF	0	0.381012	59	44	15	0	0	0	0
AF	0	0.381324	67	47	20	0	0	0	0
AF	0	0.381636	66	47	19	0	0	0	0
AF	0	0.381949	54	34	20	0	0	0	0
AF	0	0.382261	56	35	21	0	0	0	0
AF	0	0.382573	83	55	28	0	0	0	0
AF	0	0.382886	61	35	26	0	0	0	0
AF	0	0.383198	77	46	31	0	0	0	0
AF	0	0.383510	72	51	21	0	0	0	0
AF	0	0.383823	55	40	15	0	0	0	0
AF	0	0.384135	73	49	24	0	0	0	0
AF	0	0.384447	56	37	19	0	0	0	0
AF	0	0.384760	48	33	15	0	0	0	0
AF	0	0.385072	52	34	18	0	0	0	0
AF	0	0.385384	57	34	23	0	0	0	0
AF	0	0.385696	44	30	14	0	0	0	0
AF	0	0.386009	63	42	21	0	0	0	0
AF	0	0.386321	57	40	17	0	0	0	0
AF	0	0.386633	64	37	27	0	0	0	0
AF	0	0.386946	62	33	29	0	0	0	0
AF	0	0.387258	57	41	16	0	0	0	0
AF	0	0.387570	60	44	16	0	0	0	0
AF	0	0.387883	54	29	25	0	0	0	0
AF	0	0.388195	43	27	16	0	0	0	0
AF	0	0.388507	49	32	17	0	0	0	0
AF	0	0.388819	57	29	28	0	0	0	0
AF	0	0.389132	43	22	21	0	0	0	0
AF	0	0.389444	38	23	15	0	0	0	0
AF	0	0.389756	63	40	23	0	0	0	0
AF	0	0.390069	51	35	16	0	0	0	0
AF	0	0.390381	60	40	20	0	0	0	0
AF	0	0.390693	49	32	17	0	0	0	0
AF	0	0.391006	42	28	14	0	0	0	0
AF	0	0.391318	68	45	23	0	0	0	0
AF	0	0.391630	57	36	21	0	0	0	0
AF	0	0.391943	67	40	27	0	0	0	0
AF	0	0.392255	50	32	18	0	0	0	0
AF	0	0.392567	67	42	25	0	0	0	0
AF	0	0.392879	60	34	26	0	0	0	0
AF	0	0.393192	63	42	21	0	0	0	0
AF	0	0.393504	65	48	17	0	0	0	0
AF	0	0.393816	62	43	19	0	0	0	0
AF	0	0.394129	66	43	23	0	0	0	0
AF	0	0.394441	66	39	27	0	0	0	0
AF	0	0.394753	66	46	20	0	0	0	0
AF	0	0.395066	56	37	19	0	0	0	0
AF	0	0.395378	63	45	18	0	0	0	0
AF	0	0.395690	56	37	19	0	0	0	0
AF	0	0.396002	51	25	26	0	0	0	0
AF	0	0.396315	55	34	21	0	0	0	0
AF	0	0.396627	43	31	12	0	0	0	0
AF	0	0.396939	63	45	18	0	0	0	0
AF	0	0.397252	63	46	17	0	0	0	0
AF	0	0.397564	49	29	20	0	0	0	0
AF	0	0.397876	57	34	23	0	0	0	0
AF	0	0.398189	51	35	16	0	0	0	0
AF	0	0.398501	80	58	22	0	0	0	0
AF	0	0.398813	59	36	23	0	0	0	0
AF	0	0.399126	57	35	22	0	0	0	0
AF	0	0.399438	68	48	20	0	0	0	0
AF	0	0.399750	46	22	24	0	0	0	0
AF	0	0.400062	62	36	26	0	0	0	0
AF	0	0.400375	70	48	22	0	0	0	0
AF	0	0.400687	66	42	24	0	0	0	0
AF	0	0.400999	69	49	20	0	0	0	0
AF	0	0.401312	69	41	28	0	0	0	0
AF	0	0.401624	67	46	21	0	0	0	0
AF	0	0.401936	61	37	24	0	0	0	0
AF	0	0.402249	51	33	18	0	0	0	0
AF	0	0.402561	60	41	19	0	0	0	0
AF	0	0.402873	53	37	16	0	0	0	0
AF	0	0.403186	49	27	22	0	0	0	0
AF	0	0.403498	59	40	19	0	0	0	0
AF	0	0.403810	54	35	19	0	0	0	0
AF	0	0.404122	58	37	21	0	0	0	0
AF	0	0.404435	49	30	19	0	0	0	0
AF	0	0.404747	46	34	12	0	0	0	0
AF	0	0.405059	52	30	22	0	0	0	0
AF	0	0.405372	58	38	20	0	0	0	0
AF	0	0.405684	47	32	15	0	0	0	0
AF	0	0.405996	64	47	17	0	0	0	0
AF	0	0.406309	63	36	27	0	0	0	0
AF	0	0.406621	60	47	13	0	0	0	0
AF	0	0.406933	60	41	19	0	0	0	0
AF	0	0.407245	57	36	21	0	0	0	0
AF	0	0.407558	69	41	28	0	0	0	0
AF	0	0.407870	50	31	19	0	0	0	0
AF	0	0.408182	80	53	27	0	0	0	0
AF	0	0.408495	59	40	19	0	0	0	0
AF	0	0.408807	56	29	27	0	0	0	0
AF	0	0.409119	65	44	21	0	0	0	0
AF	0	0.409432	68	47	21	0	0	0	0
AF	0	0.409744	106	71	35	0	0	0	0
AF	0	0.410056	77	45	32	0	0	0	0
AF	0	0.410369	60	41	19	0	0	0	0
AF	0	0.410681	68	43	25	0	0	0	0
AF	0	0.410993	62	39	23	0	0	0	0
AF	0	0.411305	48	32	16	0	0	0	0
AF	0	0.411618	85	60	25	0	0	0	0
AF	0	0.411930	60	45	15	0	0	0	0
AF	0	0.412242	69	48	21	0	0	0	0
AF	0	0.412555	60	41	19	0	0	0	0
AF	0	0.412867	55	40	15	0	0	0	0
AF	0	0.413179	44	35	9	0	0	0	0
AF	0	0.413492	72	48	24	0	0	0	0
AF	0	0.413804	57	33	24	0	0	0	0
AF	0	0.414116	62	38	24	0	0	0	0
AF	0	0.414428	74	50	24	0	0	0	0
AF	0	0.414741	63	38	25	0	0	0	0
AF	0	0.415053	69	56	13	0	0	0	0
AF	0	0.415365	72	59	13	0	0	0	0
AF	0	0.415678	82	50	32	0	0	0	0
AF	0	0.415990	60	35	25	0	0	0	0
AF	0	0.416302	68	46	22	0	0	0	0
AF	0	0.416615	57	34	23	0	0	0	0
AF	0	0.416927	62	34	28	0	0	0	0
AF	0	0.417239	55	30	25	0	0	0	0
AF	0	0.417552	48	28	20	0	0	0	0
AF	0	0.417864	45	24	21	0	0	0	0
AF	0	0.418176	49	36	13	0	0	0	0
AF	0	0.418488	67	40	27	0	0	0	0
AF	0	0.418801	75	49	26	0	0	0	0
AF	0	0.419113	66	40	26	0	0	0	0
AF	0	0.419425	55	30	25	0	0	0	0
AF	0	0.419738	54	34	20	0	0	0	0
AF	0	0.420050	44	28	16	0	0	0	0
AF	0	0.420362	42	26	16	0	0	0	0
AF	0	0.420675	61	48	13	0	0	0	0
AF	0	0.420987	62	40	22	0	0	0	0
AF	0	0.421299	73	45	28	0	0	0	0
AF	0	0.421611	56	41	15	0	0	0	0
AF	0	0.421924	48	29	19	0	0	0	0
AF	0	0.422236	61	40	21	0	0	0	0
AF	0	0.422548	69	44	25	0	0	0	0
AF	0	0.422861	43	27	16	0	0	0	0
AF	0	0.423173	46	24	22	0	0	0	0
AF	0	0.423485	61	39	22	0	0	0	0
AF	0	0.423798	55	41	14	0	0	0	0
AF	0	0.424110	74	48	26	0	0	0	0
AF	0	0.424422	60	36	24	0	0	0	0
AF	0	0.424735	62	46	16	0	0	0	0
AF	0	0.425047	67	45	22	0	0	0	0
AF	0	0.425359	45	33	12	0	0	0	0
AF	0	0.425671	55	33	22	0	0	0	0
AF	0	0.425984	50	39	11	0	0	0	0
AF	0	0.426296	53	39	14	0	0	0	0
AF	0	0.426608	41	23	18	0	0	0	0
AF	0	0.426921	66	40	26	0	0	0	0
AF	0	0.427233	54	32	22	0	0	0	0
AF	0	0.427545	49	33	16	0	0	0	0
AF	0	0.427858	49	27	22	0	0	0	0
AF	0	0.428170	48	28	20	0	0	0	0
AF	0	0.428482	59	35	24	0	0	0	0
AF	0	0.428795	59	36	23	0	0	0	0
AF	0	0.429107	74	49	25	0	0	0	0
AF	0	0.429419	54	36	18	0	0	0	0
AF	0	0.429731	64	38	26	0	0	0	0
AF	0	0.430044	63	33	30	0	0	0	0
AF	0	0.430356	71	53	18	0	0	0	0
AF	0	0.430668	63	41	22	0	0	0	0
AF	0	0.430981	71	57	14	0	0	0	0
AF	0	0.431293	56	42	14	0	0	0	0
AF	0	0.431605	54	35	19	0	0	0	0
AF	0	0.431918	54	33	21	0	0	0	0
AF	0	0.432230	77	53	24	0	0	0	0
AF	0	0.432542	62	43	19	0	0	0	0
AF	0	0.432854	62	37	25	0	0	0	0
AF	0	0.433167	62	41	21	0	0	0	0
AF	0	0.433479	45	28	17	0	0	0	0
AF	0	0.433791	56	36	20	0	0	0	0
AF	0	0.434104	49	32	17	0	0	0	0
AF	0	0.434416	54	37	17	0	0	0	0
AF	0	0.434728	46	32	14	0	0	0	0
AF	0	0.435041	56	38	18	0	0	0	0
AF	0	0.435353	69	44	25	0	0	0	0
AF	0	0.435665	43	31	12	0	0	0	0
AF	0	0.435978	33	21	12	0	0	0	0
AF	0	0.436290	56	36	20	0	0	0	0
AF	0	0.436602	54	38	16	0	0	0	0
AF	0	0.436914	54	37	17	0	0	0	0
AF	0	0.437227	50	34	16	0	0	0	0
AF	0	0.437539	53	37	16	0	0	0	0
AF	0	0.437851	37	23	14	0	0	0	0
AF	0	0.438164	54	37	17	0	0	0	0
AF	0	0.438476	52	29	23	0	0	0	0
AF	0	0.438788	46	28	18	0	0	0	0
AF	0	0.439101	41	23	18	0	0	0	0
AF	0	0.439413	42	29	13	0	0	0	0
AF	0	0.439725	46	26	20	0	0	0	0
AF	0	0.440037	50	36	14	0	0	0	0
AF	0	0.440350	36	23	13	0	0	0	0
AF	0	0.440662	54	45	9	0	0	0	0
AF	0	0.440974	45	28	17	0	0	0	0
AF	0	0.441287	40	24	16	0	0	0	0
AF	0	0.441599	54	36	18	0	0	0	0
AF	0	0.441911	57	36	21	0	0	0	0
AF	0	0.442224	66	46	20	0	0	0	0
AF	0	0.442536	46	28	18	0	0	0	0
AF	0	0.442848	52	38	14	0	0	0	0
AF	0	0.443161	44	19	25	0	0	0	0
AF	0	0.443473	48	32	16	0	0	0	0
AF	0	0.443785	65	45	20	0	0	0	0
AF	0	0.444097	58	35	23	0	0	0	0
AF	0	0.444410	63	40	23	0	0	0	0
AF	0	0.444722	53	34	19	0	0	0	0
AF	0	0.445034	67	49	18	0	0	0	0
AF	0	0.445347	42	31	11	0	0	0	0
AF	0	0.445659	43	27	16	0	0	0	0
AF	0	0.445971	47	35	12	0	0	0	0
AF	0	0.446284	50	25	25	0	0	0	0
AF	0	0.446596	57	34	23	0	0	0	0
AF	0	0.446908	59	39	20	0	0	0	0
AF	0	0.447220	51	30	21	0	0	0	0
AF	0	0.447533	62	40	22	0	0	0	0
AF	0	0.447845	50	29	21	0	0	0	0
AF	0	0.448157	50	31	19	0	0	0	0
AF	0	0.448470	44	31	13	0	0	0	0
AF	0	0.448782	50	34	16	0	0	0	0
AF	0	0.449094	45	21	24	0	0	0	0
AF	0	0.449407	45	32	13	0	0	0	0
AF	0	0.449719	55	34	21	0	0	0	0
AF	0	0.450031	67	46	21	0	0	0	0
AF	0	0.450344	46	29	17	0	0	0	0
AF	0	0.450656	36	21	15	0	0	0	0
AF	0	0.450968	41	22	19	0	0	0	0
AF	0	0.451280	59	44	15	0	0	0	0
AF	0	0.451593	43	28	15	0	0	0	0
AF	0	0.451905	44	29	15	0	0	0	0
AF	0	0.452217	56	35	21	0	0	0	0
AF	0	0.452530	51	36	15	0	0	0	0
AF	0	0.452842	56	36	20	0	0	0	0
AF	0	0.453154	57	37	20	0	0	0	0
AF	0	0.453467	45	36	9	0	0	0	0
AF	0	0.453779	52	31	21	0	0	0	0
AF	0	0.454091	54	35	19	0	0	0	0
AF	0	0.454403	49	31	18	0	0	0	0
AF	0	0.454716	45	24	21	0	0	0	0
AF	0	0.455028	43	33	10	0	0	0	0
AF	0	0.455340	55	40	15	0	0	0	0
AF	0	0.455653	50	34	16	0	0	0	0
AF	0	0.455965	51	35	16	0	0	0	0
AF	0	0.456277	42	27	15	0	0	0	0
AF	0	0.456590	55	33	22	0	0	0	0
AF	0	0.456902	53	33	20	0	0	0	0
AF	0	0.457214	44	31	13	0	0	0	0
AF	0	0.457527	40	20	20	0	0	0	0
AF	0	0.457839	45	32	13	0	0	0	0
AF	0	0.458151	58	37	21	0	0	0	0
AF	0	0.458463	47	33	14	0	0	0	0
AF	0	0.458776	52	33	19	0	0	0	0
AF	0	0.459088	49	32	17	0	0	0	0
AF	0	0.459400	50	35	15	0	0	0	0
AF	0	0.459713	38	24	14	0	0	0	0
AF	0	0.460025	38	24	14	0	0	0	0
AF	0	0.460337	53	29	24	0	0	0	0
AF	0	0.460650	47	28	19	0	0	0	0
AF	0	0.460962	49	28	21	0	0	0	0
AF	0	0.461274	55	43	12	0	0	0	0
AF	0	0.461587	49	38	11	0	0	0	0
AF	0	0.461899	43	29	14	0	0	0	0
AF	0	0.462211	59	43	16	0	0	0	0
AF	0	0.462523	31	22	9	0	0	0	0
AF	0	0.462836	54	34	20	0	0	0	0
AF	0	0.463148	56	41	15	0	0	0	0
AF	0	0.463460	42	29	13	0	0	0	0
AF	0	0.463773	53	34	19	0	0	0	0
AF	0	0.464085	26	16	10	0	0	0	0
AF	0	0.464397	48	24	24	0	0	0	0
AF	0	0.464710	37	27	10	0	0	0	0
AF	0	0.465022	42	31	11	0	0	0	0
AF	0	0.465334	49	31	18	0	0	0	0
AF	0	0.465646	35	21	14	0	0	0	0
AF	0	0.465959	48	32	16	0	0	0	0
AF	0	0.466271	43	27	16	0	0	0	0
AF	0	0.466583	37	28	9	0	0	0	0
AF	0	0.466896	34	19	15	0	0	0	0
AF	0	0.467208	38	25	13	0	0	0	0
AF	0	0.467520	48	33	15	0	0	0	0
AF	0	0.467833	42	28	14	0	0	0	0
AF	0	0.468145	49	36	13	0	0	0	0
AF	0	0.468457	52	32	20	0	0	0	0
AF	0	0.468770	52	34	18	0	0	0	0
AF	0	0.469082	58	34	24	0	0	0	0
AF	0	0.469394	39	25	14	0	0	0	0
AF	0	0.469706	48	33	15	0	0	0	0
AF	0	0.470019	52	34	18	0	0	0	0
AF	0	0.470331	44	19	25	0	0	0	0
AF	0	0.470643	49	36	13	0	0	0	0
AF	0	0.470956	40	29	11	0	0	0	0
AF	0	0.471268	49	34	15	0	0	0	0
AF	0	0.471580	34	27	7	0	0	0	0
AF	0	0.471893	46	27	19	0	0	0	0
AF	0	0.472205	42	31	11	0	0	0	0
AF	0	0.472517	49	31	18	0	0	0	0
AF	0	0.472829	50	32	18	0	0	0	0
AF	0	0.473142	36	27	9	0	0	0	0
AF	0	0.473454	39	22	17	0	0	0	0
AF	0	0.473766	49	28	21	0	0	0	0
AF	0	0.474079	48	34	14	0	0	0	0
AF	0	0.474391	53	35	18	0	0	0	0
AF	0	0.474703	33	22	11	0	0	0	0
AF	0	0.475016	44	27	17	0	0	0	0
AF	0	0.475328	35	20	15	0	0	0	0
AF	0	0.475640	48	36	12	0	0	0	0
AF	0	0.475953	54	30	24	0	0	0	0
AF	0	0.476265	52	35	17	0	0	0	0
AF	0	0.476577	55	37	18	0	0	0	0
AF	0	0.476889	31	16	15	0	0	0	0
AF	0	0.477202	39	26	13	0	0	0	0
AF	0	0.477514	48	31	17	0	0	0	0
AF	0	0.477826	52	37	15	0	0	0	0
AF	0	0.478139	41	26	15	0	0	0	0
AF	0	0.478451	38	29	9	0	0	0	0
AF	0	0.478763	62	37	25	0	0	0	0
AF	0	0.479076	53	30	23	0	0	0	0
AF	0	0.479388	39	21	18	0	0	0	0
AF	0	0.479700	54	37	17	0	0	0	0
AF	0	0.480012	52	30	22	0	0	0	0
AF	0	0.480325	53	37	16	0	0	0	0
AF	0	0.480637	54	35	19	0	0	0	0
AF	0	0.480949	47	26	21	0	0	0	0
AF	0	0.481262	41	27	14	0	0	0	0
AF	0	0.481574	44	29	15	0	0	0	0
AF	0	0.481886	40	28	12	0	0	0	0
AF	0	0.482199	49	33	16	0	0	0	0
AF	0	0.482511	43	27	16	0	0	0	0
AF	0	0.482823	39	24	15	0	0	0	0
AF	0	0.483136	42	29	13	0	0	0	0
AF	0	0.483448	42	27	15	0	0	0	0
AF	0	0.483760	52	30	22	0	0	0	0
AF	0	0.484072	39	24	15	0	0	0	0
AF	0	0.484385	37	27	10	0	0	0	0
AF	0	0.484697	33	24	9	0	0	0	0
AF	0	0.485009	48	31	17	0	0	0	0
AF	0	0.485322	42	21	21	0	0	0	0
AF	0	0.485634	39	21	18	0	0	0	0
AF	0	0.485946	42	29	13	0	0	0	0
AF	0	0.486259	54	29	25	0	0	0	0
AF	0	0.486571	58	40	18	0	0	0	0
AF	0	0.486883	59	40	19	0	0	0	0
AF	0	0.487196	40	25	15	0	0	0	0
AF	0	0.487508	60	36	24	0	0	0	0
AF	0	0.487820	74	48	26	0	0	0	0
AF	0	0.488132	49	28	21	0	0	0	0
AF	0	0.488445	47	31	16	0	0	0	0
AF	0	0.488757	35	25	10	0	0	0	0
AF	0	0.489069	37	25	12	0	0	0	0
AF	0	0.489382	42	26	16	0	0	0	0
AF	0	0.489694	49	29	20	0	0	0	0
AF	0	0.490006	46	27	19	0	0	0	0
AF	0	0.490319	36	23	13	0	0	0	0
AF	0	0.490631	43	28	15	0	0	0	0
AF	0	0.490943	44	34	10	0	0	0	0
AF	0	0.491255	38	23	15	0	0	0	0
AF	0	0.491568	47	34	13	0	0	0	0
AF	0	0.491880	46	31	15	0	0	0	0
AF	0	0.492192	35	28	7	0	0	0	0
AF	0	0.492505	55	36	19	0	0	0	0
AF	0	0.492817	62	40	22	0	0	0	0
AF	0	0.493129	64	44	20	0	0	0	0
AF	0	0.493442	75	50	25	0	0	0	0
AF	0	0.493754	63	34	29	0	0	0	0
AF	0	0.494066	60	42	18	0	0	0	0
AF	0	0.494379	74	57	17	0	0	0	0
AF	0	0.494691	59	38	21	0	0	0	0
AF	0	0.495003	62	49	13	0	0	0	0
AF	0	0.495315	55	35	20	0	0	0	0
AF	0	0.495628	55	41	14	0	0	0	0
AF	0	0.495940	45	33	12	0	0	0	0
AF	0	0.496252	58	42	16	0	0	0	0
AF	0	0.496565	51	36	15	0	0	0	0
AF	0	0.496877	61	40	21	0	0	0	0
AF	0	0.497189	52	29	23	0	0	0	0
AF	0	0.497502	34	20	14	0	0	0	0
AF	0	0.497814	36	25	11	0	0	0	0
AF	0	0.498126	34	21	13	0	0	0	0
AF	0	0.498438	37	30	7	0	0	0	0
AF	0	0.498751	36	18	18	0	0	0	0
AF	0	0.499063	47	30	17	0	0	0	0
AF	0	0.499375	44	25	19	0	0	0	0
AF	0	0.499688	82	65	17	0	0	0	0
AF	0	0.500000	54	35	19	0	0	0	0
AF	0	0.500312	56	41	15	0	0	0	0
AF	0	0.500625	45	26	19	0	0	0	0
AF	0	0.500937	37	22	15	0	0	0	0
AF	0	0.501249	44	30	14	0	0	0	0
AF	0	0.501562	47	31	16	0	0	0	0
AF	0	0.501874	34	25	9	0	0	0	0
AF	0	0.502186	44	31	13	0	0	0	0
AF	0	0.502498	54	35	19	0	0	0	0
AF	0	0.502811	56	37	19	0	0	0	0
AF	0	0.503123	48	31	17	0	0	0	0
AF	0	0.503435	51	30	21	0	0	0	0
AF	0	0.503748	52	36	16	0	0	0	0
AF	0	0.504060	44	30	14	0	0	0	0
AF	0	0.504372	41	28	13	0	0	0	0
AF	0	0.504685	38	26	12	0	0	0	0
AF	0	0.504997	40	26	14	0	0	0	0
AF	0	0.505309	52	33	19	0	0	0	0
AF	0	0.505621	42	30	12	0	0	0	0
AF	0	0.505934	42	27	15	0	0	0	0
AF	0	0.506246	36	21	15	0	0	0	0
AF	0	0.506558	45	29	16	0	0	0	0
AF	0	0.506871	37	21	16	0	0	0	0
AF	0	0.507183	51	30	21	0	0	0	0
AF	0	0.507495	55	28	27	0	0	0	0
AF	0	0.507808	53	31	22	0	0	0	0
AF	0	0.508120	57	39	18	0	0	0	0
AF	0	0.508432	52	34	18	0	0	0	0
AF	0	0.508745	49	32	17	0	0	0	0
AF	0	0.509057	45	28	17	0	0	0	0
AF	0	0.509369	55	32	23	0	0	0	0
AF	0	0.509681	40	27	13	0	0	0	0
AF	0	0.509994	49	35	14	0	0	0	0
AF	0	0.510306	37	25	12	0	0	0	0
AF	0	0.510618	40	24	16	0	0	0	0
AF	0	0.510931	52	32	20	0	0	0	0
AF	0	0.511243	61	42	19	0	0	0	0
AF	0	0.511555	73	47	26	0	0	0	0
AF	0	0.511868	66	43	23	0	0	0	0
AF	0	0.512180	56	36	20	0	0	0	0
AF	0	0.512492	41	23	18	0	0	0	0
AF	0	0.512804	47	35	12	0	0	0	0
AF	0	0.513117	53	33	20	0	0	0	0
AF	0	0.513429	42	19	23	0	0	0	0
AF	0	0.513741	42	30	12	0	0	0	0
AF	0	0.514054	35	21	14	0	0	0	0
AF	0	0.514366	67	35	32	0	0	0	0
AF	0	0.514678	50	37	13	0	0	0	0
AF	0	0.514991	51	30	21	0	0	0	0
AF	0	0.515303	65	50	15	0	0	0	0
AF	0	0.515615	45	29	16	0	0	0	0
AF	0	0.515928	49	30	19	0	0	0	0
AF	0	0.516240	48	29	19	0	0	0	0
AF	0	0.516552	37	19	18	0	0	0	0
AF	0	0.516864	32	21	11	0	0	0	0
AF	0	0.517177	52	29	23	0	0	0	0
AF	0	0.517489	41	25	16	0	0	0	0
AF	0	0.517801	54	36	18	0	0	0	0
AF	0	0.518114	55	39	16	0	0	0	0
AF	0	0.518426	45	27	18	0	0	0	0
AF	0	0.518738	59	36	23	0	0	0	0
AF	0	0.519051	48	38	10	0	0	0	0
AF	0	0.519363	57	38	19	0	0	0	0
AF	0	0.519675	49	30	19	0	0	0	0
AF	0	0.519988	60	41	19	0	0	0	0
AF	0	0.520300	60	37	23	0	0	0	0
AF	0	0.520612	51	39	12	0	0	0	0
AF	0	0.520924	42	27	15	0	0	0	0
AF	0	0.521237	41	29	12	0	0	0	0
AF	0	0.521549	33	23	10	0	0	0	0
AF	0	0.521861	45	28	17	0	0	0	0
AF	0	0.522174	55	33	22	0	0	0	0
AF	0	0.522486	53	31	22	0	0	0	0
AF	0	0.522798	40	26	14	0	0	0	0
AF	0	0.523111	38	20	18	0	0	0	0
AF	0	0.523423	44	25	19	0	0	0	0
AF	0	0.523735	42	29	13	0	0	0	0
AF	0	0.524047	37	28	9	0	0	0	0
AF	0	0.524360	43	32	11	0	0	0	0
AF	0	0.524672	52	36	16	0	0	0	0
AF	0	0.524984	45	34	11	0	0	0	0
AF	0	0.525297	59	40	19	0	0	0	0
AF	0	0.525609	57	39	18	0	0	0	0
AF	0	0.525921	45	35	10	0	0	0	0
AF	0	0.526234	43	26	17	0	0	0	0
AF	0	0.526546	36	24	12	0	0	0	0
AF	0	0.526858	46	35	11	0	0	0	0
AF	0	0.527171	36	24	12	0	0	0	0
AF	0	0.527483	37	30	7	0	0	0	0
AF	0	0.527795	40	23	17	0	0	0	0
AF	0	0.528107	41	24	17	0	0	0	0
AF	0	0.528420	32	21	11	0	0	0	0
AF	0	0.528732	45	26	19	0	0	0	0
AF	0	0.529044	39	22	17	0	0	0	0
AF	0	0.529357	48	31	17	0	0	0	0
AF	0	0.529669	39	25	14	0	0	0	0
AF	0	0.529981	50	30	20	0	0	0	0
AF	0	0.530294	75	46	29	0	0	0	0
AF	0	0.530606	52	38	14	0	0	0	0
AF	0	0.530918	90	61	29	0	0	0	0
AF	0	0.531230	49	26	23	0	0	0	0
AF	0	0.531543	42	25	17	0	0	0	0
AF	0	0.531855	51	32	19	0	0	0	0
AF	0	0.532167	38	23	15	0	0	0	0
AF	0	0.532480	49	27	22	0	0	0	0
AF	0	0.532792	40	28	12	0	0	0	0
AF	0	0.533104	39	23	16	0	0	0	0
AF	0	0.533417	41	26	15	0	0	0	0
AF	0	0.533729	54	39	15	0	0	0	0
AF	0	0.534041	58	40	18	0	0	0	0
AF	0	0.534354	52	36	16	0	0	0	0
AF	0	0.534666	38	23	15	0	0	0	0
AF	0	0.534978	37	24	13	0	0	0	0
AF	0	0.535290	66	44	22	0	0	0	0
AF	0	0.535603	46	23	23	0	0	0	0
AF	0	0.535915	44	24	20	0	0	0	0
AF	0	0.536227	50	29	21	0	0	0	0
AF	0	0.536540	45	26	19	0	0	0	0
AF	0	0.536852	48	34	14	0	0	0	0
AF	0	0.537164	30	23	7	0	0	0	0
AF	0	0.537477	50	35	15	0	0	0	0
AF	0	0.537789	44	30	14	0	0	0	0
AF	0	0.538101	43	30	13	0	0	0	0
AF	0	0.538413	37	25	12	0	0	0	0
AF	0	0.538726	39	22	17	0	0	0	0
AF	0	0.539038	48	24	24	0	0	0	0
AF	0	0.539350	41	31	10	0	0	0	0
AF	0	0.539663	56	36	20	0	0	0	0
AF	0	0.539975	55	34	21	0	0	0	0
AF	0	0.540287	41	29	12	0	0	0	0
AF	0	0.540600	37	22	15	0	0	0	0
AF	0	0.540912	50	32	18	0	0	0	0
AF	0	0.541224	51	31	20	0	0	0	0
AF	0	0.541537	40	26	14	0	0	0	0
AF	0	0.541849	46	35	11	0	0	0	0
AF	0	0.542161	46	29	17	0	0	0	0
AF	0	0.542473	80	53	27	0	0	0	0
AF	0	0.542786	46	22	24	0	0	0	0
AF	0	0.543098	51	34	17	0	0	0	0
AF	0	0.543410	47	27	20	0	0	0	0
AF	0	0.543723	36	22	14	0	0	0	0
AF	0	0.544035	40	24	16	0	0	0	0
AF	0	0.544347	47	29	18	0	0	0	0
AF	0	0.544660	49	35	14	0	0	0	0
AF	0	0.544972	60	46	14	0	0	0	0
AF	0	0.545284	32	25	7	0	0	0	0
AF	0	0.545597	44	31	13	0	0	0	0
AF	0	0.545909	54	38	16	0	0	0	0
AF	0	0.546221	49	28	21	0	0	0	0
AF	0	0.546533	32	20	12	0	0	0	0
AF	0	0.546846	40	26	14	0	0	0	0
AF	0	0.547158	35	20	15	0	0	0	0
AF	0	0.547470	38	21	17	0	0	0	0
AF	0	0.547783	62	45	17	0	0	0	0
AF	0	0.548095	45	26	19	0	0	0	0
AF	0	0.548407	40	23	17	0	0	0	0
AF	0	0.548720	70	50	20	0	0	0	0
AF	0	0.549032	53	37	16	0	0	0	0
AF	0	0.549344	49	30	19	0	0	0	0
AF	0	0.549656	43	32	11	0	0	0	0
AF	0	0.549969	31	20	11	0	0	0	0
AF	0	0.550281	24	16	8	0	0	0	0
AF	0	0.550593	46	33	13	0	0	0	0
AF	0	0.550906	37	25	12	0	0	0	0
AF	0	0.551218	34	22	12	0	0	0	0
AF	0	0.551530	43	25	18	0	0	0	0
AF	0	0.551843	35	20	15	0	0	0	0
AF	0	0.552155	46	28	18	0	0	0	0
AF	0	0.552467	38	28	10	0	0	0	0
AF	0	0.552780	33	21	12	0	0	0	0
AF	0	0.553092	47	33	14	0	0	0	0
AF	0	0.553404	44	32	12	0	0	0	0
AF	0	0.553716	45	40	5	0	0	0	0
AF	0	0.554029	41	27	14	0	0	0	0
AF	0	0.554341	37	22	15	0	0	0	0
AF	0	0.554653	56	36	20	0	0	0	0
AF	0	0.554966	44	31	13	0	0	0	0
AF	0	0.555278	34	19	15	0	0	0	0
AF	0	0.555590	41	26	15	0	0	0	0
AF	0	0.555903	28	19	9	0	0	0	0
AF	0	0.556215	51	37	14	0	0	0	0
AF	0	0.556527	35	27	8	0	0	0	0
AF	0	0.556839	44	30	14	0	0	0	0
AF	0	0.557152	43	26	17	0	0	0	0
AF	0	0.557464	46	28	18	0	0	0	0
AF	0	0.557776	44	30	14	0	0	0	0
AF	0	0.558089	43	28	15	0	0	0	0
AF	0	0.558401	38	23	15	0	0	0	0
AF	0	0.558713	41	22	19	0	0	0	0
AF	0	0.559026	52	35	17	0	0	0	0
AF	0	0.559338	36	23	13	0	0	0	0
AF	0	0.559650	38	23	15	0	0	0	0
AF	0	0.559963	48	35	13	0	0	0	0
AF	0	0.560275	28	21	7	0	0	0	0
AF	0	0.560587	29	20	9	0	0	0	0
AF	0	0.560899	36	27	9	0	0	0	0
AF	0	0.561212	36	28	8	0	0	0	0
AF	0	0.561524	36	25	11	0	0	0	0
AF	0	0.561836	40	23	17	0	0	0	0
AF	0	0.562149	54	31	23	0	0	0	0
AF	0	0.562461	24	15	9	0	0	0	0
AF	0	0.562773	40	21	19	0	0	0	0
AF	0	0.563086	40	19	21	0	0	0	0
AF	0	0.563398	49	36	13	0	0	0	0
AF	0	0.563710	30	16	14	0	0	0	0
AF	0	0.564022	54	36	18	0	0	0	0
AF	0	0.564335	52	31	21	0	0	0	0
AF	0	0.564647	41	27	14	0	0	0	0
AF	0	0.564959	41	28	13	0	0	0	0
AF	0	0.565272	30	22	8	0	0	0	0
AF	0	0.565584	37	24	13	0	0	0	0
AF	0	0.565896	41	23	18	0	0	0	0
AF	0	0.566209	36	24	12	0	0	0	0
AF	0	0.566521	32	21	11	0	0	0	0
AF	0	0.566833	37	24	13	0	0	0	0
AF	0	0.567146	44	26	18	0	0	0	0
AF	0	0.567458	36	22	14	0	0	0	0
AF	0	0.567770	31	19	12	0	0	0	0
AF	0	0.568082	51	33	18	0	0	0	0
AF	0	0.568395	39	29	10	0	0	0	0
AF	0	0.568707	46	33	13	0	0	0	0
AF	0	0.569019	45	30	15	0	0	0	0
AF	0	0.569332	39	27	12	0	0	0	0
AF	0	0.569644	37	28	9	0	0	0	0
AF	0	0.569956	25	17	8	0	0	0	0
AF	0	0.570269	46	32	14	0	0	0	0
AF	0	0.570581	31	18	13	0	0	0	0
AF	0	0.570893	30	19	11	0	0	0	0
AF	0	0.571205	31	17	14	0	0	0	0
AF	0	0.571518	39	24	15	0	0	0	0
AF	0	0.571830	29	20	9	0	0	0	0
AF	0	0.572142	40	26	14	0	0	0	0
AF	0	0.572455	25	18	7	0	0	0	0
AF	0	0.572767	36	29	7	0	0	0	0
AF	0	0.573079	37	22	15	0	0	0	0
AF	0	0.573392	39	26	13	0	0	0	0
AF	0	0.573704	32	24	8	0	0	0	0
AF	0	0.574016	41	25	16	0	0	0	0
AF	0	0.574329	50	33	17	0	0	0	0
AF	0	0.574641	30	17	13	0	0	0	0
AF	0	0.574953	45	28	17	0	0	0	0
AF	0	0.575265	47	22	25	0	0	0	0
AF	0	0.575578	41	24	17	0	0	0	0
AF	0	0.575890	55	36	19	0	0	0	0
AF	0	0.576202	32	17	15	0	0	0	0
AF	0	0.576515	38	22	16	0	0	0	0
AF	0	0.576827	43	30	13	0	0	0	0
AF	0	0.577139	47	33	14	0	0	0	0
AF	0	0.577452	33	20	13	0	0	0	0
AF	0	0.577764	35	25	10	0	0	0	0
AF	0	0.578076	37	24	13	0	0	0	0
AF	0	0.578389	45	36	9	0	0	0	0
AF	0	0.578701	34	19	15	0	0	0	0
AF	0	0.579013	45	30	15	0	0	0	0
AF	0	0.579325	65	39	26	0	0	0	0
AF	0	0.579638	44	28	16	0	0	0	0
AF	0	0.579950	36	24	12	0	0	0	0
AF	0	0.580262	48	29	19	0	0	0	0
AF	0	0.580575	36	23	13	0	0	0	0
AF	0	0.580887	42	27	15	0	0	0	0
AF	0	0.581199	32	24	8	0	0	0	0
AF	0	0.581512	25	19	6	0	0	0	0
AF	0	0.581824	36	20	16	0	0	0	0
AF	0	0.582136	42	28	14	0	0	0	0
AF	0	0.582448	37	19	18	0	0	0	0
AF	0	0.582761	36	24	12	0	0	0	0
AF	0	0.583073	31	17	14	0	0	0	0
AF	0	0.583385	42	30	12	0	0	0	0
AF	0	0.583698	38	22	16	0	0	0	0
AF	0	0.584010	54	37	17	0	0	0	0
AF	0	0.584322	34	24	10	0	0	0	0
AF	0	0.584635	33	22	11	0	0	0	0
AF	0	0.584947	34	24	10	0	0	0	0
AF	0	0.585259	36	24	12	0	0	0	0
AF	0	0.585572	38	25	13	0	0	0	0
AF	0	0.585884	39	29	10	0	0	0	0
AF	0	0.586196	34	23	11	0	0	0	0
AF	0	0.586508	39	23	16	0	0	0	0
AF	0	0.586821	41	29	12	0	0	0	0
AF	0	0.587133	32	15	17	0	0	0	0
AF	0	0.587445	33	19	14	0	0	0	0
AF	0	0.587758	36	21	15	0	0	0	0
AF	0	0.588070	33	13	20	0	0	0	0
AF	0	0.588382	44	33	11	0	0	0	0
AF	0	0.588695	35	25	10	0	0	0	0
AF	0	0.589007	58	36	22	0	0	0	0
AF	0	0.589319	52	31	21	0	0	0	0
AF	0	0.589631	78	56	22	0	0	0	0
AF	0	0.589944	45	26	19	0	0	0	0
AF	0	0.590256	87	59	28	0	0	0	0
AF	0	0.590568	52	36	16	0	0	0	0
AF	0	0.590881	32	22	10	0	0	0	0
AF	0	0.591193	74	45	29	0	0	0	0
AF	0	0.591505	51	37	14	0	0	0	0
AF	0	0.591818	33	21	12	0	0	0	0
AF	0	0.592130	42	26	16	0	0	0	0
AF	0	0.592442	43	31	12	0	0	0	0
AF	0	0.592755	53	38	15	0	0	0	0
AF	0	0.593067	48	35	13	0	0	0	0
AF	0	0.593379	49	35	14	0	0	0	0
AF	0	0.593691	40	23	17	0	0	0	0
AF	0	0.594004	33	22	11	0	0	0	0
AF	0	0.594316	44	29	15	0	0	0	0
AF	0	0.594628	69	49	20	0	0	0	0
AF	0	0.594941	45	30	15	0	0	0	0
AF	0	0.595253	38	24	14	0	0	0	0
AF	0	0.595565	48	33	15	0	0	0	0
AF	0	0.595878	36	24	12	0	0	0	0
AF	0	0.596190	29	16	13	0	0	0	0
AF	0	0.596502	29	21	8	0	0	0	0
AF	0	0.596814	56	38	18	0	0	0	0
AF	0	0.597127	37	26	11	0	0	0	0
AF	0	0.597439	37	23	14	0	0	0	0
AF	0	0.597751	28	20	8	0	0	0	0
AF	0	0.598064	34	24	10	0	0	0	0
AF	0	0.598376	38	24	14	0	0	0	0
AF	0	0.598688	46	31	15	0	0	0	0
AF	0	0.599001	50	31	19	0	0	0	0
AF	0	0.599313	32	20	12	0	0	0	0
AF	0	0.599625	47	36	11	0	0	0	0
AF	0	0.599938	35	23	12	0	0	0	0
AF	0	0.600250	47	39	8	0	0	0	0
AF	0	0.600562	40	21	19	0	0	0	0
AF	0	0.600874	60	33	27	0	0	0	0
AF	0	0.601187	53	39	14	0	0	0	0
AF	0	0.601499	49	29	20	0	0	0	0
AF	0	0.601811	39	30	9	0	0	0	0
AF	0	0.602124	43	28	15	0	0	0	0
AF	0	0.602436	33	19	14	0	0	0	0
AF	0	0.602748	27	16	11	0	0	0	0
AF	0	0.603061	57	37	20	0	0	0	0
AF	0	0.603373	42	31	11	0	0	0	0
AF	0	0.603685	28	19	9	0	0	0	0
AF	0	0.603998	58	46	12	0	0	0	0
AF	0	0.604310	54	39	15	0	0	0	0
AF	0	0.604622	41	25	16	0	0	0	0
AF	0	0.604934	32	21	11	0	0	0	0
AF	0	0.605247	38	24	14	0	0	0	0
AF	0	0.605559	57	44	13	0	0	0	0
AF	0	0.605871	39	22	17	0	0	0	0
AF	0	0.606184	37	24	13	0	0	0	0
AF	0	0.606496	26	14	12	0	0	0	0
AF	0	0.606808	35	23	12	0	0	0	0
AF	0	0.607121	47	30	17	0	0	0	0
AF	0	0.607433	43	24	19	0	0	0	0
AF	0	0.607745	55	33	22	0	0	0	0
AF	0	0.608057	37	24	13	0	0	0	0
AF	0	0.608370	40	27	13	0	0	0	0
AF	0	0.608682	32	17	15	0	0	0	0
AF	0	0.608994	41	28	13	0	0	0	0
AF	0	0.609307	39	27	12	0	0	0	0
AF	0	0.609619	41	25	16	0	0	0	0
AF	0	0.609931	37	24	13	0	0	0	0
AF	0	0.610244	35	19	16	0	0	0	0
AF	0	0.610556	36	18	18	0	0	0	0
AF	0	0.610868	42	25	17	0	0	0	0
AF	0	0.611181	37	26	11	0	0	0	0
AF	0	0.611493	39	25	14	0	0	0	0
AF	0	0.611805	30	19	11	0	0	0	0
AF	0	0.612117	45	28	17	0	0	0	0
AF	0	0.612430	37	18	19	0	0	0	0
AF	0	0.612742	26	20	6	0	0	0	0
AF	0	0.613054	37	27	10	0	0	0	0
AF	0	0.613367	44	27	17	0	0	0	0
AF	0	0.613679	38	23	15	0	0	0	0
AF	0	0.613991	42	32	10	0	0	0	0
AF	0	0.614304	40	28	12	0	0	0	0
AF	0	0.614616	32	27	5	0	0	0	0
AF	0	0.614928	32	20	12	0	0	0	0
AF	0	0.615240	34	21	13	0	0	0	0
AF	0	0.615553	33	23	10	0	0	0	0
AF	0	0.615865	40	26	14	0	0	0	0
AF	0	0.616177	28	20	8	0	0	0	0
AF	0	0.616490	41	27	14	0	0	0	0
AF	0	0.616802	44	25	19	0	0	0	0
AF	0	0.617114	31	26	5	0	0	0	0
AF	0	0.617427	30	17	13	0	0	0	0
AF	0	0.617739	38	24	14	0	0	0	0
AF	0	0.618051	47	34	13	0	0	0	0
AF	0	0.618364	46	22	24	0	0	0	0
AF	0	0.618676	37	22	15	0	0	0	0
AF	0	0.618988	29	20	9	0	0	0	0
AF	0	0.619300	42	24	18	0	0	0	0
AF	0	0.619613	39	22	17	0	0	0	0
AF	0	0.619925	40	33	7	0	0	0	0
AF	0	0.620237	30	16	14	0	0	0	0
AF	0	0.620550	31	21	10	0	0	0	0
AF	0	0.620862	36	25	11	0	0	0	0
AF	0	0.621174	29	18	11	0	0	0	0
AF	0	0.621487	36	17	19	0	0	0	0
AF	0	0.621799	41	31	10	0	0	0	0
AF	0	0.622111	42	29	13	0	0	0	0
AF	0	0.622423	44	28	16	0	0	0	0
AF	0	0.622736	52	35	17	0	0	0	0
AF	0	0.623048	24	14	10	0	0	0	0
AF	0	0.623360	31	20	11	0	0	0	0
AF	0	0.623673	36	22	14	0	0	0	0
AF	0	0.623985	39	30	9	0	0	0	0
AF	0	0.624297	25	12	13	0	0	0	0
AF	0	0.624610	33	24	9	0	0	0	0
AF	0	0.624922	35	24	11	0	0	0	0
AF	0	0.625234	44	32	12	0	0	0	0
AF	0	0.625547	35	25	10	0	0	0	0
AF	0	0.625859	57	36	21	0	0	0	0
AF	0	0.626171	50	29	21	0	0	0	0
AF	0	0.626483	63	50	13	0	0	0	0
AF	0	0.626796	34	22	12	0	0	0	0
AF	0	0.627108	33	19	14	0	0	0	0
AF	0	0.627420	42	26	16	0	0	0	0
AF	0	0.627733	38	25	13	0	0	0	0
AF	0	0.628045	41	25	16	0	0	0	0
AF	0	0.628357	27	18	9	0	0	0	0
AF	0	0.628670	34	26	8	0	0	0	0
AF	0	0.628982	27	17	10	0	0	0	0
AF	0	0.629294	29	17	12	0	0	0	0
AF	0	0.629606	31	25	6	0	0	0	0
AF	0	0.629919	36	20	16	0	0	0	0
AF	0	0.630231	48	34	14	0	0	0	0
AF	0	0.630543	36	26	10	0	0	0	0
AF	0	0.630856	36	25	11	0	0	0	0
AF	0	0.631168	34	25	9	0	0	0	0
AF	0	0.631480	34	24	10	0	0	0	0
AF	0	0.631793	22	14	8	0	0	0	0
AF	0	0.632105	32	24	8	0	0	0	0
AF	0	0.632417	40	24	16	0	0	0	0
AF	0	0.632730	30	21	9	0	0	0	0
AF	0	0.633042	24	16	8	0	0	0	0
AF	0	0.633354	38	28	10	0	0	0	0
AF	0	0.633666	37	26	11	0	0	0	0
AF	0	0.633979	36	21	15	0	0	0	0
AF	0	0.634291	32	20	12	0	0	0	0
AF	0	0.634603	22	11	11	0	0	0	0
AF	0	0.634916	27	16	11	0	0	0	0
AF	0	0.635228	42	22	20	0	0	0	0
AF	0	0.635540	32	22	10	0	0	0	0
AF	0	0.635853	27	20	7	0	0	0	0
AF	0	0.636165	33	24	9	0	0	0	0
AF	0	0.636477	35	18	17	0	0	0	0
AF	0	0.636790	21	14	7	0	0	0	0
AF	0	0.637102	35	22	13	0	0	0	0
AF	0	0.637414	32	19	13	0	0	0	0
AF	0	0.637726	35	20	15	0	0	0	0
AF	0	0.638039	47	35	12	0	0	0	0
AF	0	0.638351	108	72	36	0	0	0	0
AF	0	0.638663	35	21	14	0	0	0	0
AF	0	0.638976	43	30	13	0	0	0	0
AF	0	0.639288	37	20	17	0	0	0	0
AF	0	0.639600	38	27	11	0	0	0	0
AF	0	0.639913	31	21	10	0	0	0	0
AF	0	0.640225	40	29	11	0	0	0	0
AF	0	0.640537	50	36	14	0	0	0	0
AF	0	0.640849	37	26	11	0	0	0	0
AF	0	0.641162	35	26	9	0	0	0	0
AF	0	0.641474	46	25	21	0	0	0	0
AF	0	0.641786	28	16	12	0	0	0	0
AF	0	0.642099	32	19	13	0	0	0	0
AF	0	0.642411	25	17	8	0	0	0	0
AF	0	0.642723	32	21	11	0	0	0	0
AF	0	0.643036	28	21	7	0	0	0	0
AF	0	0.643348	38	24	14	0	0	0	0
AF	0	0.643660	41	31	10	0	0	0	0
AF	0	0.643973	26	17	9	0	0	0	0
AF	0	0.644285	31	19	12	0	0	0	0
AF	0	0.644597	35	21	14	0	0	0	0
AF	0	0.644909	29	17	12	0	0	0	0
AF	0	0.645222	34	22	12	0	0	0	0
AF	0	0.645534	23	13	10	0	0	0	0
AF	0	0.645846	36	22	14	0	0	0	0
AF	0	0.646159	26	19	7	0	0	0	0
AF	0	0.646471	35	23	12	0	0	0	0
AF	0	0.646783	22	12	10	0	0	0	0
AF	0	0.647096	33	18	15	0	0	0	0
AF	0	0.647408	35	28	7	0	0	0	0
AF	0	0.647720	28	17	11	0	0	0	0
AF	0	0.648032	47	25	22	0	0	0	0
AF	0	0.648345	36	28	8	0	0	0	0
AF	0	0.648657	32	18	14	0	0	0	0
AF	0	0.648969	26	17	9	0	0	0	0
AF	0	0.649282	27	20	7	0	0	0	0
AF	0	0.649594	31	16	15	0	0	0	0
AF	0	0.649906	43	30	13	0	0	0	0
AF	0	0.650219	41	25	16	0	0	0	0
AF	0	0.650531	53	36	17	0	0	0	0
AF	0	0.650843	39	25	14	0	0	0	0
AF	0	0.651156	38	22	16	0	0	0	0
AF	0	0.651468	43	27	16	0	0	0	0
AF	0	0.651780	38	22	16	0	0	0	0
AF	0	0.652092	41	30	11	0	0	0	0
AF	0	0.652405	35	26	9	0	0	0	0
AF	0	0.652717	41	32	9	0	0	0	0
AF	0	0.653029	31	23	8	0	0	0	0
AF	0	0.653342	29	14	15	0	0	0	0
AF	0	0.653654	29	22	7	0	0	0	0
AF	0	0.653966	29	19	10	0	0	0	0
AF	0	0.654279	42	30	12	0	0	0	0
AF	0	0.654591	72	49	23	0	0	0	0
AF	0	0.654903	38	23	15	0	0	0	0
AF	0	0.655215	50	30	20	0	0	0	0
AF	0	0.655528	35	18	17	0	0	0	0
AF	0	0.655840	47	35	12	0	0	0	0
AF	0	0.656152	39	23	16	0	0	0	0
AF	0	0.656465	23	16	7	0	0	0	0
AF	0	0.656777	31	15	16	0	0	0	0
AF	0	0.657089	29	18	11	0	0	0	0
AF	0	0.657402	33	17	16	0	0	0	0
AF	0	0.657714	34	20	14	0	0	0	0
AF	0	0.658026	52	36	16	0	0	0	0
AF	0	0.658339	34	17	17	0	0	0	0
AF	0	0.658651	29	19	10	0	0	0	0
AF	0	0.658963	38	19	19	0	0	0	0
AF	0	0.659275	27	14	13	0	0	0	0
AF	0	0.659588	30	19	11	0	0	0	0
AF	0	0.659900	32	19	13	0	0	0	0
AF	0	0.660212	33	21	12	0	0	0	0
AF	0	0.660525	39	29	10	0	0	0	0
AF	0	0.660837	42	27	15	0	0	0	0
AF	0	0.661149	32	21	11	0	0	0	0
AF	0	0.661462	36	16	20	0	0	0	0
AF	0	0.661774	33	20	13	0	0	0	0
AF	0	0.662086	37	24	13	0	0	0	0
AF	0	0.662399	33	21	12	0	0	0	0
AF	0	0.662711	39	27	12	0	0	0	0
AF	0	0.663023	34	18	16	0	0	0	0
AF	0	0.663335	33	21	12	0	0	0	0
AF	0	0.663648	26	19	7	0	0	0	0
AF	0	0.663960	18	13	5	0	0	0	0
AF	0	0.664272	29	17	12	0	0	0	0
AF	0	0.664585	27	16	11	0	0	0	0
AF	0	0.664897	35	24	11	0	0	0	0
AF	0	0.665209	28	17	11	0	0	0	0
AF	0	0.665522	21	13	8	0	0	0	0
AF	0	0.665834	25	13	12	0	0	0	0
AF	0	0.666146	27	20	7	0	0	0	0
AF	0	0.666458	28	18	10	0	0	0	0
AF	0	0.666771	28	18	10	0	0	0	0
AF	0	0.667083	29	17	12	0	0	0	0
AF	0	0.667395	33	22	11	0	0	0	0
AF	0	0.667708	27	18	9	0	0	0	0
AF	0	0.668020	25	18	7	0	0	0	0
AF	0	0.668332	30	17	13	0	0	0	0
AF	0	0.668645	37	25	12	0	0	0	0
AF	0	0.668957	45	29	16	0	0	0	0
AF	0	0.669269	32	24	8	0	0	0	0
AF	0	0.669582	33	24	9	0	0	0	0
AF	0	0.669894	28	16	12	0	0	0	0
AF	0	0.670206	40	26	14	0	0	0	0
AF	0	0.670518	31	21	10	0	0	0	0
AF	0	0.670831	42	25	17	0	0	0	0
AF	0	0.671143	28	13	15	0	0	0	0
AF	0	0.671455	29	21	8	0	0	0	0
AF	0	0.671768	28	17	11	0	0	0	0
AF	0	0.672080	33	17	16	0	0	0	0
AF	0	0.672392	31	19	12	0	0	0	0
AF	0	0.672705	29	21	8	0	0	0	0
AF	0	0.673017	30	18	12	0	0	0	0
AF	0	0.673329	38	31	7	0	0	0	0
AF	0	0.673641	30	21	9	0	0	0	0
AF	0	0.673954	40	28	12	0	0	0	0
AF	0	0.674266	31	22	9	0	0	0	0
AF	0	0.674578	21	16	5	0	0	0	0
AF	0	0.674891	19	9	10	0	0	0	0
AF	0	0.675203	26	12	14	0	0	0	0
AF	0	0.675515	32	22	10	0	0	0	0
AF	0	0.675828	62	38	24	0	0	0	0
AF	0	0.676140	50	33	17	0	0	0	0
AF	0	0.676452	34	21	13	0	0	0	0
AF	0	0.676765	29	18	11	0	0	0	0
AF	0	0.677077	42	28	14	0	0	0	0
AF	0	0.677389	30	22	8	0	0	0	0
AF	0	0.677701	24	15	9	0	0	0	0
AF	0	0.678014	26	16	10	0	0	0	0
AF	0	0.678326	40	29	11	0	0	0	0
AF	0	0.678638	33	22	11	0	0	0	0
AF	0	0.678951	27	18	9	0	0	0	0
AF	0	0.679263	28	17	11	0	0	0	0
AF	0	0.679575	38	25	13	0	0	0	0
AF	0	0.679888	43	21	22	0	0	0	0
AF	0	0.680200	29	22	7	0	0	0	0
AF	0	0.680512	36	22	14	0	0	0	0
AF	0	0.680824	29	21	8	0	0	0	0
AF	0	0.681137	39	27	12	0	0	0	0
AF	0	0.681449	44	25	19	0	0	0	0
AF	0	0.681761	35	18	17	0	0	0	0
AF	0	0.682074	32	19	13	0	0	0	0
AF	0	0.682386	36	20	16	0	0	0	0
AF	0	0.682698	35	21	14	0	0	0	0
AF	0	0.683011	46	29	17	0	0	0	0
AF	0	0.683323	36	17	19	0	0	0	0
AF	0	0.683635	42	27	15	0	0	0	0
AF	0	0.683948	41	26	15	0	0	0	0
AF	0	0.684260	28	18	10	0	0	0	0
AF	0	0.684572	32	19	13	0	0	0	0
AF	0	0.684884	29	19	10	0	0	0	0
AF	0	0.685197	41	19	22	0	0	0	0
AF	0	0.685509	26	15	11	0	0	0	0
AF	0	0.685821	40	27	13	0	0	0	0
AF	0	0.686134	28	18	10	0	0	0	0
AF	0	0.686446	35	27	8	0	0	0	0
AF	0	0.686758	29	21	8	0	0	0	0
AF	0	0.687071	37	25	12	0	0	0	0
AF	0	0.687383	31	19	12	0	0	0	0
AF	0	0.687695	40	25	15	0	0	0	0
AF	0	0.688007	36	27	9	0	0	0	0
AF	0	0.688320	25	17	8	0	0	0	0
AF	0	0.688632	34	25	9	0	0	0	0
AF	0	0.688944	37	20	17	0	0	0	0
AF	0	0.689257	35	22	13	0	0	0	0
AF	0	0.689569	43	23	20	0	0	0	0
AF	0	0.689881	42	26	16	0	0	0	0
AF	0	0.690194	32	20	12	0	0	0	0
AF	0	0.690506	45	37	8	0	0	0	0
AF	0	0.690818	44	30	14	0	0	0	0
AF	0	0.691131	24	15	9	0	0	0	0
AF	0	0.691443	30	15	15	0	0	0	0
AF	0	0.691755	32	27	5	0	0	0	0
AF	0	0.692067	27	17	10	0	0	0	0
AF	0	0.692380	31	22	9	0	0	0	0
AF	0	0.692692	30	17	13	0	0	0	0
AF	0	0.693004	29	19	10	0	0	0	0
AF	0	0.693317	29	22	7	0	0	0	0
AF	0	0.693629	26	19	7	0	0	0	0
AF	0	0.693941	24	17	7	0	0	0	0
AF	0	0.694254	36	25	11	0	0	0	0
AF	0	0.694566	44	30	14	0	0	0	0
AF	0	0.694878	37	29	8	0	0	0	0
AF	0	0.695191	29	23	6	0	0	0	0
AF	0	0.695503	28	17	11	0	0	0	0
AF	0	0.695815	25	11	14	0	0	0	0
AF	0	0.696127	36	26	10	0	0	0	0
AF	0	0.696440	42	26	16	0	0	0	0
AF	0	0.696752	38	20	18	0	0	0	0
AF	0	0.697064	29	19	10	0	0	0	0
AF	0	0.697377	26	17	9	0	0	0	0
AF	0	0.697689	32	20	12	0	0	0	0
AF	0	0.698001	31	20	11	0	0	0	0
AF	0	0.698314	23	17	6	0	0	0	0
AF	0	0.698626	40	29	11	0	0	0	0
AF	0	0.698938	23	14	9	0	0	0	0
AF	0	0.699250	33	26	7	0	0	0	0
AF	0	0.699563	32	18	14	0	0	0	0
AF	0	0.699875	30	20	10	0	0	0	0
AF	0	0.700187	27	14	13	0	0	0	0
AF	0	0.700500	33	20	13	0	0	0	0
AF	0	0.700812	32	24	8	0	0	0	0
AF	0	0.701124	29	20	9	0	0	0	0
AF	0	0.701437	31	15	16	0	0	0	0
AF	0	0.701749	33	25	8	0	0	0	0
AF	0	0.702061	30	20	10	0	0	0	0
AF	0	0.702374	26	18	8	0	0	0	0
AF	0	0.702686	35	23	12	0	0	0	0
AF	0	0.702998	42	28	14	0	0	0	0
AF	0	0.703310	30	21	9	0	0	0	0
AF	0	0.703623	28	15	13	0	0	0	0
AF	0	0.703935	36	27	9	0	0	0	0
AF	0	0.704247	27	20	7	0	0	0	0
AF	0	0.704560	25	14	11	0	0	0	0
AF	0	0.704872	11	6	5	0	0	0	0
AF	0	0.705184	37	24	13	0	0	0	0
AF	0	0.705497	31	21	10	0	0	0	0
AF	0	0.705809	28	17	11	0	0	0	0
AF	0	0.706121	29	21	8	0	0	0	0
AF	0	0.706433	30	17	13	0	0	0	0
AF	0	0.706746	32	18	14	0	0	0	0
AF	0	0.707058	27	18	9	0	0	0	0
AF	0	0.707370	36	29	7	0	0	0	0
AF	0	0.707683	30	21	9	0	0	0	0
AF	0	0.707995	27	19	8	0	0	0	0
AF	0	0.708307	36	26	10	0	0	0	0
AF	0	0.708620	29	19	10	0	0	0	0
AF	0	0.708932	28	21	7	0	0	0	0
AF	0	0.709244	38	28	10	0	0	0	0
AF	0	0.709557	27	15	12	0	0	0	0
AF	0	0.709869	41	28	13	0	0	0	0
AF	0	0.710181	29	23	6	0	0	0	0
AF	0	0.710493	28	17	11	0	0	0	0
AF	0	0.710806	35	30	5	0	0	0	0
AF	0	0.711118	29	19	10	0	0	0	0
AF	0	0.711430	28	20	8	0	0	0	0
AF	0	0.711743	33	24	9	0	0	0	0
AF	0	0.712055	27	20	7	0	0	0	0
AF	0	0.712367	39	26	13	0	0	0	0
AF	0	0.712680	29	19	10	0	0	0	0
AF	0	0.712992	32	25	7	0	0	0	0
AF	0	0.713304	27	19	8	0	0	0	0
AF	0	0.713616	35	25	10	0	0	0	0
AF	0	0.713929	22	14	8	0	0	0	0
AF	0	0.714241	36	20	16	0	0	0	0
AF	0	0.714553	40	27	13	0	0	0	0
AF	0	0.714866	36	21	15	0	0	0	0
AF	0	0.715178	34	24	10	0	0	0	0
AF	0	0.715490	36	20	16	0	0	0	0
AF	0	0.715803	26	19	7	0	0	0	0
AF	0	0.716115	32	23	9	0	0	0	0
AF	0	0.716427	34	25	9	0	0	0	0
AF	0	0.716740	39	22	17	0	0	0	0
AF	0	0.717052	28	18	10	0	0	0	0
AF	0	0.717364	37	22	15	0	0	0	0
AF	0	0.717676	41	30	11	0	0	0	0
AF	0	0.717989	32	19	13	0	0	0	0
AF	0	0.718301	28	18	10	0	0	0	0
AF	0	0.718613	29	18	11	0	0	0	0
AF	0	0.718926	28	20	8	0	0	0	0
AF	0	0.719238	32	19	13	0	0	0	0
AF	0	0.719550	60	38	22	0	0	0	0
AF	0	0.719863	51	35	16	0	0	0	0
AF	0	0.720175	47	32	15	0	0	0	0
AF	0	0.720487	36	18	18	0	0	0	0
AF	0	0.720800	37	25	12	0	0	0	0
AF	0	0.721112	22	13	9	0	0	0	0
AF	0	0.721424	32	15	17	0	0	0	0
AF	0	0.721736	44	28	16	0	0	0	0
AF	0	0.722049	30	12	18	0	0	0	0
AF	0	0.722361	24	12	12	0	0	0	0
AF	0	0.722673	24	15	9	0	0	0	0
AF	0	0.722986	24	16	8	0	0	0	0
AF	0	0.723298	27	16	11	0	0	0	0
AF	0	0.723610	23	14	9	0	0	0	0
AF	0	0.723923	27	14	13	0	0	0	0
AF	0	0.724235	33	18	15	0	0	0	0
AF	0	0.724547	34	19	15	0	0	0	0
AF	0	0.724859	39	23	16	0	0	0	0
AF	0	0.725172	25	13	12	0	0	0	0
AF	0	0.725484	27	19	8	0	0	0	0
AF	0	0.725796	34	23	11	0	0	0	0
AF	0	0.726109	32	19	13	0	0	0	0
AF	0	0.726421	32	20	12	0	0	0	0
AF	0	0.726733	32	24	8	0	0	0	0
AF	0	0.727046	31	21	10	0	0	0	0
AF	0	0.727358	28	20	8	0	0	0	0
AF	0	0.727670	23	16	7	0	0	0	0
AF	0	0.727983	24	15	9	0	0	0	0
AF	0	0.728295	48	33	15	0	0	0	0
AF	0	0.728607	35	22	13	0	0	0	0
AF	0	0.728919	25	14	11	0	0	0	0
AF	0	0.729232	35	22	13	0	0	0	0
AF	0	0.729544	35	21	14	0	0	0	0
AF	0	0.729856	34	26	8	0	0	0	0
AF	0	0.730169	28	18	10	0	0	0	0
AF	0	0.730481	31	20	11	0	0	0	0
AF	0	0.730793	29	20	9	0	0	0	0
AF	0	0.731106	38	23	15	0	0	0	0
AF	0	0.731418	32	20	12	0	0	0	0
AF	0	0.731730	48	36	12	0	0	0	0
AF	0	0.732042	36	21	15	0	0	0	0
AF	0	0.732355	44	31	13	0	0	0	0
AF	0	0.732667	30	21	9	0	0	0	0
AF	0	0.732979	35	27	8	0	0	0	0
AF	0	0.733292	32	18	14	0	0	0	0
AF	0	0.733604	32	26	6	0	0	0	0
AF	0	0.733916	29	20	9	0	0	0	0
AF	0	0.734229	25	16	9	0	0	0	0
AF	0	0.734541	36	28	8	0	0	0	0
AF	0	0.734853	20	14	6	0	0	0	0
AF	0	0.735166	30	18	12	0	0	0	0
AF	0	0.735478	30	18	12	0	0	0	0
AF	0	0.735790	22	15	7	0	0	0	0
AF	0	0.736102	31	20	11	0	0	0	0
AF	0	0.736415	37	21	16	0	0	0	0
AF	0	0.736727	33	21	12	0	0	0	0
AF	0	0.737039	24	18	6	0	0	0	0
AF	0	0.737352	35	22	13	0	0	0	0
AF	0	0.737664	34	25	9	0	0	0	0
AF	0	0.737976	32	24	8	0	0	0	0
AF	0	0.738289	25	18	7	0	0	0	0
AF	0	0.738601	31	23	8	0	0	0	0
AF	0	0.738913	34	27	7	0	0	0	0
AF	0	0.739225	25	18	7	0	0	0	0
AF	0	0.739538	29	18	11	0	0	0	0
AF	0	0.739850	22	14	8	0	0	0	0
AF	0	0.740162	31	21	10	0	0	0	0
AF	0	0.740475	47	30	17	0	0	0	0
AF	0	0.740787	33	16	17	0	0	0	0
AF	0	0.741099	31	18	13	0	0	0	0
AF	0	0.741412	35	25	10	0	0	0	0
AF	0	0.741724	39	24	15	0	0	0	0
AF	0	0.742036	25	16	9	0	0	0	0
AF	0	0.742349	31	22	9	0	0	0	0
AF	0	0.742661	38	19	19	0	0	0	0
AF	0	0.742973	28	19	9	0	0	0	0
AF	0	0.743285	19	10	9	0	0	0	0
AF	0	0.743598	37	22	15	0	0	0	0
AF	0	0.743910	24	15	9	0	0	0	0
AF	0	0.744222	33	20	13	0	0	0	0
AF	0	0.744535	34	20	14	0	0	0	0
AF	0	0.744847	22	16	6	0	0	0	0
AF	0	0.745159	32	19	13	0	0	0	0
AF	0	0.745472	27	18	9	0	0	0	0
AF	0	0.745784	20	15	5	0	0	0	0
AF	0	0.746096	24	20	4	0	0	0	0
AF	0	0.746408	26	16	10	0	0	0	0
AF	0	0.746721	31	20	11	0	0	0	0
AF	0	0.747033	31	22	9	0	0	0	0
AF	0	0.747345	27	18	9	0	0	0	0
AF	0	0.747658	22	15	7	0	0	0	0
AF	0	0.747970	33	23	10	0	0	0	0
AF	0	0.748282	27	19	8	0	0	0	0
AF	0	0.748595	32	20	12	0	0	0	0
AF	0	0.748907	21	16	5	0	0	0	0
AF	0	0.749219	34	24	10	0	0	0	0
AF	0	0.749532	18	11	7	0	0	0	0
AF	0	0.749844	23	13	10	0	0	0	0
AF	0	0.750156	29	20	9	0	0	0	0
AF	0	0.750468	24	18	6	0	0	0	0
AF	0	0.750781	29	19	10	0	0	0	0
AF	0	0.751093	24	18	6	0	0	0	0
AF	0	0.751405	25	15	10	0	0	0	0
AF	0	0.751718	33	24	9	0	0	0	0
AF	0	0.752030	30	18	12	0	0	0	0
AF	0	0.752342	38	25	13	0	0	0	0
AF	0	0.752655	28	23	5	0	0	0	0
AF	0	0.752967	34	26	8	0	0	0	0
AF	0	0.753279	34	23	11	0	0	0	0
AF	0	0.753592	29	21	8	0	0	0	0
AF	0	0.753904	26	16	10	0	0	0	0
AF	0	0.754216	28	17	11	0	0	0	0
AF	0	0.754528	34	25	9	0	0	0	0
AF	0	0.754841	41	21	20	0	0	0	0
AF	0	0.755153	31	24	7	0	0	0	0
AF	0	0.755465	35	26	9	0	0	0	0
AF	0	0.755778	30	22	8	0	0	0	0
AF	0	0.756090	37	25	12	0	0	0	0
AF	0	0.756402	35	24	11	0	0	0	0
AF	0	0.756715	32	26	6	0	0	0	0
AF	0	0.757027	31	16	15	0	0	0	0
AF	0	0.757339	32	22	10	0	0	0	0
AF	0	0.757651	30	20	10	0	0	0	0
AF	0	0.757964	29	16	13	0	0	0	0
AF	0	0.758276	28	12	16	0	0	0	0
AF	0	0.758588	39	29	10	0	0	0	0
AF	0	0.758901	38	28	10	0	0	0	0
AF	0	0.759213	24	16	8	0	0	0	0
AF	0	0.759525	36	21	15	0	0	0	0
AF	0	0.759838	33	24	9	0	0	0	0
AF	0	0.760150	29	22	7	0	0	0	0
AF	0	0.760462	33	21	12	0	0	0	0
AF	0	0.760775	37	27	10	0	0	0	0
AF	0	0.761087	50	27	23	0	0	0	0
AF	0	0.761399	29	20	9	0	0	0	0
AF	0	0.761711	31	22	9	0	0	0	0
AF	0	0.762024	35	21	14	0	0	0	0
AF	0	0.762336	24	15	9	0	0	0	0
AF	0	0.762648	35	28	7	0	0	0	0
AF	0	0.762961	35	24	11	0	0	0	0
AF	0	0.763273	32	16	16	0	0	0	0
AF	0	0.763585	40	20	20	0	0	0	0
AF	0	0.763898	30	18	12	0	0	0	0
AF	0	0.764210	33	27	6	0	0	0	0
AF	0	0.764522	33	22	11	0	0	0	0
AF	0	0.764834	38	22	16	0	0	0	0
AF	0	0.765147	38	29	9	0	0	0	0
AF	0	0.765459	18	15	3	0	0	0	0
AF	0	0.765771	40	23	17	0	0	0	0
AF	0	0.766084	38	29	9	0	0	0	0
AF	0	0.766396	33	16	17	0	0	0	0
AF	0	0.766708	27	18	9	0	0	0	0
AF	0	0.767021	28	22	6	0	0	0	0
AF	0	0.767333	30	17	13	0	0	0	0
AF	0	0.767645	50	36	14	0	0	0	0
AF	0	0.767958	36	21	15	0	0	0	0
AF	0	0.768270	31	18	13	0	0	0	0
AF	0	0.768582	31	19	12	0	0	0	0
AF	0	0.768894	34	23	11	0	0	0	0
AF	0	0.769207	48	25	23	0	0	0	0
AF	0	0.769519	43	31	12	0	0	0	0
AF	0	0.769831	38	25	13	0	0	0	0
AF	0	0.770144	44	35	9	0	0	0	0
AF	0	0.770456	60	42	18	0	0	0	0
AF	0	0.770768	71	47	24	0	0	0	0
AF	0	0.771081	42	27	15	0	0	0	0
AF	0	0.771393	33	25	8	0	0	0	0
AF	0	0.771705	38	20	18	0	0	0	0
AF	0	0.772017	31	25	6	0	0	0	0
AF	0	0.772330	41	30	11	0	0	0	0
AF	0	0.772642	33	23	10	0	0	0	0
AF	0	0.772954	41	25	16	0	0	0	0
AF	0	0.773267	34	19	15	0	0	0	0
AF	0	0.773579	30	26	4	0	0	0	0
AF	0	0.773891	35	24	11	0	0	0	0
AF	0	0.774204	37	25	12	0	0	0	0
AF	0	0.774516	31	20	11	0	0	0	0
AF	0	0.774828	25	14	11	0	0	0	0
AF	0	0.775141	27	17	10	0	0	0	0
AF	0	0.775453	37	22	15	0	0	0	0
AF	0	0.775765	31	20	11	0	0	0	0
AF	0	0.776077	35	25	10	0	0	0	0
AF	0	0.776390	34	24	10	0	0	0	0
AF	0	0.776702	32	25	7	0	0	0	0
AF	0	0.777014	27	18	9	0	0	0	0
AF	0	0.777327	35	24	11	0	0	0	0
AF	0	0.777639	38	22	16	0	0	0	0
AF	0	0.777951	66	41	25	0	0	0	0
AF	0	0.778264	43	30	13	0	0	0	0
AF	0	0.778576	27	18	9	0	0	0	0
AF	0	0.778888	28	20	8	0	0	0	0
AF	0	0.779200	22	18	4	0	0	0	0
AF	0	0.779513	31	11	20	0	0	0	0
AF	0	0.779825	38	29	9	0	0	0	0
AF	0	0.780137	40	21	19	0	0	0	0
AF	0	0.780450	26	17	9	0	0	0	0
AF	0	0.780762	24	18	6	0	0	0	0
AF	0	0.781074	16	11	5	0	0	0	0
AF	0	0.781387	38	18	20	0	0	0	0
AF	0	0.781699	44	27	17	0	0	0	0
AF	0	0.782011	30	20	10	0	0	0	0
AF	0	0.782324	31	21	10	0	0	0	0
AF	0	0.782636	28	16	12	0	0	0	0
AF	0	0.782948	31	20	11	0	0	0	0
AF	0	0.783260	27	20	7	0	0	0	0
AF	0	0.783573	30	20	10	0	0	0	0
AF	0	0.783885	30	23	7	0	0	0	0
AF	0	0.784197	24	18	6	0	0	0	0
AF	0	0.784510	33	19	14	0	0	0	0
AF	0	0.784822	30	20	10	0	0	0	0
AF	0	0.785134	35	20	15	0	0	0	0
AF	0	0.785447	25	14	11	0	0	0	0
AF	0	0.785759	26	19	7	0	0	0	0
AF	0	0.786071	28	19	9	0	0	0	0
AF	0	0.786384	37	28	9	0	0	0	0
AF	0	0.786696	37	21	16	0	0	0	0
AF	0	0.787008	24	13	11	0	0	0	0
AF	0	0.787320	32	19	13	0	0	0	0
AF	0	0.787633	20	9	11	0	0	0	0
AF	0	0.787945	61	39	22	0	0	0	0
AF	0	0.788257	21	11	10	0	0	0	0
AF	0	0.788570	15	8	7	0	0	0	0
AF	0	0.788882	18	12	6	0	0	0	0
AF	0	0.789194	22	18	4	0	0	0	0
AF	0	0.789507	37	22	15	0	0	0	0
AF	0	0.789819	22	13	9	0	0	0	0
AF	0	0.790131	43	29	14	0	0	0	0
AF	0	0.790443	34	24	10	0	0	0	0
AF	0	0.790756	22	12	10	0	0	0	0
AF	0	0.791068	37	24	13	0	0	0	0
AF	0	0.791380	23	18	5	0	0	0	0
AF	0	0.791693	28	21	7	0	0	0	0
AF	0	0.792005	24	17	7	0	0	0	0
AF	0	0.792317	35	25	10	0	0	0	0
AF	0	0.792630	27	18	9	0	0	0	0
AF	0	0.792942	26	15	11	0	0	0	0
AF	0	0.793254	31	19	12	0	0	0	0
AF	0	0.793567	34	20	14	0	0	0	0
AF	0	0.793879	29	22	7	0	0	0	0
AF	0	0.794191	29	21	8	0	0	0	0
AF	0	0.794503	28	19	9	0	0	0	0
AF	0	0.794816	35	25	10	0	0	0	0
AF	0	0.795128	27	19	8	0	0	0	0
AF	0	0.795440	31	21	10	0	0	0	0
AF	0	0.795753	19	13	6	0	0	0	0
AF	0	0.796065	41	28	13	0	0	0	0
AF	0	0.796377	41	26	15	0	0	0	0
AF	0	0.796690	37	22	15	0	0	0	0
AF	0	0.797002	34	27	7	0	0	0	0
AF	0	0.797314	36	17	19	0	0	0	0
AF	0	0.797626	37	24	13	0	0	0	0
AF	0	0.797939	35	23	12	0	0	0	0
AF	0	0.798251	25	22	3	0	0	0	0
AF	0	0.798563	30	17	13	0	0	0	0
AF	0	0.798876	36	26	10	0	0	0	0
AF	0	0.799188	28	17	11	0	0	0	0
AF	0	0.799500	21	17	4	0	0	0	0
AF	0	0.799813	24	13	11	0	0	0	0
AF	0	0.800125	26	19	7	0	0	0	0
AF	0	0.800437	21	15	6	0	0	0	0
AF	0	0.800750	32	24	8	0	0	0	0
AF	0	0.801062	24	12	12	0	0	0	0
AF	0	0.801374	15	12	3	0	0	0	0
AF	0	0.801686	19	10	9	0	0	0	0
AF	0	0.801999	30	20	10	0	0	0	0
AF	0	0.802311	26	18	8	0	0	0	0
AF	0	0.802623	21	17	4	0	0	0	0
AF	0	0.802936	25	15	10	0	0	0	0
AF	0	0.803248	19	14	5	0	0	0	0
AF	0	0.803560	19	12	7	0	0	0	0
AF	0	0.803873	19	13	6	0	0	0	0
AF	0	0.804185	18	11	7	0	0	0	0
AF	0	0.804497	21	11	10	0	0	0	0
AF	0	0.804809	22	14	8	0	0	0	0
AF	0	0.805122	39	23	16	0	0	0	0
AF	0	0.805434	20	11	9	0	0	0	0
AF	0	0.805746	27	15	12	0	0	0	0
AF	0	0.806059	28	21	7	0	0	0	0
AF	0	0.806371	19	13	6	0	0	0	0
AF	0	0.806683	30	22	8	0	0	0	0
AF	0	0.806996	26	20	6	0	0	0	0
AF	0	0.807308	25	13	12	0	0	0	0
AF	0	0.807620	22	11	11	0	0	0	0
AF	0	0.807933	26	16	10	0	0	0	0
AF	0	0.808245	22	16	6	0	0	0	0
AF	0	0.808557	30	20	10	0	0	0	0
AF	0	0.808869	30	17	13	0	0	0	0
AF	0	0.809182	24	16	8	0	0	0	0
AF	0	0.809494	25	19	6	0	0	0	0
AF	0	0.809806	20	14	6	0	0	0	0
AF	0	0.810119	31	23	8	0	0	0	0
AF	0	0.810431	27	18	9	0	0	0	0
AF	0	0.810743	28	12	16	0	0	0	0
AF	0	0.811056	33	24	9	0	0	0	0
AF	0	0.811368	33	16	17	0	0	0	0
AF	0	0.811680	30	16	14	0	0	0	0
AF	0	0.811993	33	18	15	0	0	0	0
AF	0	0.812305	30	22	8	0	0	0	0
AF	0	0.812617	37	24	13	0	0	0	0
AF	0	0.812929	21	12	9	0	0	0	0
AF	0	0.813242	26	19	7	0	0	0	0
AF	0	0.813554	24	13	11	0	0	0	0
AF	0	0.813866	29	17	12	0	0	0	0
AF	0	0.814179	36	26	10	0	0	0	0
AF	0	0.814491	42	26	16	0	0	0	0
AF	0	0.814803	35	27	8	0	0	0	0
AF	0	0.815116	79	57	22	0	0	0	0
AF	0	0.815428	52	31	21	0	0	0	0
AF	0	0.815740	28	16	12	0	0	0	0
AF	0	0.816052	31	20	11	0	0	0	0
AF	0	0.816365	39	26	13	0	0	0	0
AF	0	0.816677	65	40	25	0	0	0	0
AF	0	0.816989	27	22	5	0	0	0	0
AF	0	0.817302	48	34	14	0	0	0	0
AF	0	0.817614	49	29	20	0	0	0	0
AF	0	0.817926	27	22	5	0	0	0	0
AF	0	0.818239	26	19	7	0	0	0	0
AF	0	0.818551	24	15	9	0	0	0	0
AF	0	0.818863	37	20	17	0	0	0	0
AF	0	0.819176	30	18	12	0	0	0	0
AF	0	0.819488	42	33	9	0	0	0	0
AF	0	0.819800	20	10	10	0	0	0	0
AF	0	0.820112	36	26	10	0	0	0	0
AF	0	0.820425	27	19	8	0	0	0	0
AF	0	0.820737	43	23	20	0	0	0	0
AF	0	0.821049	33	22	11	0	0	0	0
AF	0	0.821362	32	24	8	0	0	0	0
AF	0	0.821674	34	25	9	0	0	0	0
AF	0	0.821986	23	15	8	0	0	0	0
AF	0	0.822299	26	19	7	0	0	0	0
AF	0	0.822611	26	18	8	0	0	0	0
AF	0	0.822923	22	15	7	0	0	0	0
AF	0	0.823235	20	15	5	0	0	0	0
AF	0	0.823548	22	14	8	0	0	0	0
AF	0	0.823860	26	21	5	0	0	0	0
AF	0	0.824172	32	23	9	0	0	0	0
AF	0	0.824485	31	23	8	0	0	0	0
AF	0	0.824797	18	13	5	0	0	0	0
AF	0	0.825109	21	17	4	0	0	0	0
AF	0	0.825422	28	21	7	0	0	0	0
AF	0	0.825734	15	10	5	0	0	0	0
AF	0	0.826046	23	15	8	0	0	0	0
AF	0	0.826359	25	18	7	0	0	0	0
AF	0	0.826671	28	19	9	0	0	0	0
AF	0	0.826983	29	23	6	0	0	0	0
AF	0	0.827295	29	20	9	0	0	0	0
AF	0	0.827608	25	17	8	0	0	0	0
AF	0	0.827920	31	22	9	0	0	0	0
AF	0	0.828232	29	24	5	0	0	0	0
AF	0	0.828545	33	20	13	0	0	0	0
AF	0	0.828857	25	16	9	0	0	0	0
AF	0	0.829169	29	17	12	0	0	0	0
AF	0	0.829482	24	15	9	0	0	0	0
AF	0	0.829794	21	14	7	0	0	0	0
AF	0	0.830106	25	15	10	0	0	0	0
AF	0	0.830418	23	18	5	0	0	0	0
AF	0	0.830731	28	24	4	0	0	0	0
AF	0	0.831043	27	19	8	0	0	0	0
AF	0	0.831355	27	14	13	0	0	0	0
AF	0	0.831668	21	15	6	0	0	0	0
AF	0	0.831980	24	17	7	0	0	0	0
AF	0	0.832292	16	9	7	0	0	0	0
AF	0	0.832605	20	14	6	0	0	0	0
AF	0	0.832917	26	14	12	0	0	0	0
AF	0	0.833229	21	16	5	0	0	0	0
AF	0	0.833542	15	11	4	0	0	0	0
AF	0	0.833854	22	16	6	0	0	0	0
AF	0	0.834166	25	12	13	0	0	0	0
AF	0	0.834478	30	20	10	0	0	0	0
AF	0	0.834791	19	12	7	0	0	0	0
AF	0	0.835103	28	21	7	0	0	0	0
AF	0	0.835415	39	25	14	0	0	0	0
AF	0	0.835728	33	24	9	0	0	0	0
AF	0	0.836040	28	19	9	0	0	0	0
AF	0	0.836352	31	23	8	0	0	0	0
AF	0	0.836665	29	14	15	0	0	0	0
AF	0	0.836977	23	15	8	0	0	0	0
AF	0	0.837289	29	21	8	0	0	0	0
AF	0	0.837601	20	16	4	0	0	0	0
AF	0	0.837914	25	14	11	0	0	0	0
AF	0	0.838226	20	14	6	0	0	0	0
AF	0	0.838538	27	16	11	0	0	0	0
AF	0	0.838851	26	19	7	0	0	0	0
AF	0	0.839163	24	22	2	0	0	0	0
AF	0	0.839475	30	24	6	0	0	0	0
AF	0	0.839788	35	22	13	0	0	0	0
AF	0	0.840100	29	20	9	0	0	0	0
AF	0	0.840412	27	22	5	0	0	0	0
AF	0	0.840725	24	13	11	0	0	0	0
AF	0	0.841037	41	23	18	0	0	0	0
AF	0	0.841349	22	15	7	0	0	0	0
AF	0	0.841661	25	17	8	0	0	0	0
AF	0	0.841974	23	14	9	0	0	0	0
AF	0	0.842286	28	17	11	0	0	0	0
AF	0	0.842598	32	19	13	0	0	0	0
AF	0	0.842911	37	30	7	0	0	0	0
AF	0	0.843223	18	13	5	0	0	0	0
AF	0	0.843535	21	12	9	0	0	0	0
AF	0	0.843848	33	23	10	0	0	0	0
AF	0	0.844160	25	20	5	0	0	0	0
AF	0	0.844472	28	16	12	0	0	0	0
AF	0	0.844785	22	9	13	0	0	0	0
AF	0	0.845097	21	11	10	0	0	0	0
AF	0	0.845409	22	12	10	0	0	0	0
AF	0	0.845721	11	6	5	0	0	0	0
AF	0	0.846034	18	13	5	0	0	0	0
AF	0	0.846346	19	13	6	0	0	0	0
AF	0	0.846658	24	16	8	0	0	0	0
AF	0	0.846971	35	23	12	0	0	0	0
AF	0	0.847283	18	12	6	0	0	0	0
AF	0	0.847595	28	19	9	0	0	0	0
AF	0	0.847908	17	10	7	0	0	0	0
AF	0	0.848220	29	21	8	0	0	0	0
AF	0	0.848532	24	11	13	0	0	0	0
AF	0	0.848844	25	16	9	0	0	0	0
AF	0	0.849157	24	17	7	0	0	0	0
AF	0	0.849469	20	12	8	0	0	0	0
AF	0	0.849781	22	13	9	0	0	0	0
AF	0	0.850094	30	26	4	0	0	0	0
AF	0	0.850406	18	11	7	0	0	0	0
AF	0	0.850718	27	19	8	0	0	0	0
AF	0	0.851031	30	19	11	0	0	0	0
AF	0	0.851343	10	6	4	0	0	0	0
AF	0	0.851655	25	8	17	0	0	0	0
AF	0	0.851968	22	12	10	0	0	0	0
AF	0	0.852280	33	24	9	0	0	0	0
AF	0	0.852592	25	17	8	0	0	0	0
AF	0	0.852904	38	27	11	0	0	0	0
AF	0	0.853217	27	21	6	0	0	0	0
AF	0	0.853529	41	28	13	0	0	0	0
AF	0	0.853841	26	17	9	0	0	0	0
AF	0	0.854154	22	10	12	0	0	0	0
AF	0	0.854466	13	10	3	0	0	0	0
AF	0	0.854778	29	19	10	0	0	0	0
AF	0	0.855091	34	19	15	0	0	0	0
AF	0	0.855403	29	20	9	0	0	0	0
AF	0	0.855715	28	14	14	0	0	0	0
AF	0	0.856027	23	15	8	0	0	0	0
AF	0	0.856340	15	11	4	0	0	0	0
AF	0	0.856652	23	13	10	0	0	0	0
AF	0	0.856964	23	14	9	0	0	0	0
AF	0	0.857277	37	24	13	0	0	0	0
AF	0	0.857589	24	17	7	0	0	0	0
AF	0	0.857901	23	15	8	0	0	0	0
AF	0	0.858214	25	11	14	0	0	0	0
AF	0	0.858526	24	19	5	0	0	0	0
AF	0	0.858838	22	11	11	0	0	0	0
AF	0	0.859151	17	12	5	0	0	0	0
AF	0	0.859463	32	19	13	0	0	0	0
AF	0	0.859775	27	16	11	0	0	0	0
AF	0	0.860087	18	14	4	0	0	0	0
AF	0	0.860400	24	13	11	0	0	0	0
AF	0	0.860712	23	11	12	0	0	0	0
AF	0	0.861024	17	11	6	0	0	0	0
AF	0	0.861337	12	5	7	0	0	0	0
AF	0	0.861649	19	14	5	0	0	0	0
AF	0	0.861961	27	15	12	0	0	0	0
AF	0	0.862274	25	17	8	0	0	0	0
AF	0	0.862586	22	14	8	0	0	0	0
AF	0	0.862898	30	18	12	0	0	0	0
AF	0	0.863210	31	18	13	0	0	0	0
AF	0	0.863523	48	39	9	0	0	0	0
AF	0	0.863835	37	27	10	0	0	0	0
AF	0	0.864147	30	17	13	0	0	0	0
AF	0	0.864460	27	18	9	0	0	0	0
AF	0	0.864772	37	24	13	0	0	0	0
AF	0	0.865084	25	16	9	0	0	0	0
AF	0	0.865397	35	25	10	0	0	0	0
AF	0	0.865709	26	19	7	0	0	0	0
AF	0	0.866021	11	8	3	0	0	0	0
AF	0	0.866334	19	16	3	0	0	0	0
AF	0	0.866646	25	18	7	0	0	0	0
AF	0	0.866958	30	21	9	0	0	0	0
AF	0	0.867270	22	14	8	0	0	0	0
AF	0	0.867583	23	12	11	0	0	0	0
AF	0	0.867895	20	14	6	0	0	0	0
AF	0	0.868207	33	22	11	0	0	0	0
AF	0	0.868520	32	22	10	0	0	0	0
AF	0	0.868832	30	18	12	0	0	0	0
AF	0	0.869144	29	19	10	0	0	0	0
AF	0	0.869457	20	13	7	0	0	0	0
AF	0	0.869769	23	16	7	0	0	0	0
AF	0	0.870081	21	13	8	0	0	0	0
AF	0	0.870394	47	32	15	0	0	0	0
AF	0	0.870706	36	26	10	0	0	0	0
AF	0	0.871018	26	19	7	0	0	0	0
AF	0	0.871330	33	24	9	0	0	0	0
AF	0	0.871643	35	23	12	0	0	0	0
AF	0	0.871955	42	28	14	0	0	0	0
AF	0	0.872267	29	21	8	0	0	0	0
AF	0	0.872580	27	16	11	0	0	0	0
AF	0	0.872892	37	25	12	0	0	0	0
AF	0	0.873204	18	12	6	0	0	0	0
AF	0	0.873517	17	8	9	0	0	0	0
AF	0	0.873829	15	10	5	0	0	0	0
AF	0	0.874141	19	11	8	0	0	0	0
AF	0	0.874453	23	17	6	0	0	0	0
AF	0	0.874766	22	15	7	0	0	0	0
AF	0	0.875078	23	14	9	0	0	0	0
AF	0	0.875390	27	19	8	0	0	0	0
AF	0	0.875703	23	10	13	0	0	0	0
AF	0	0.876015	46	27	19	0	0	0	0
AF	0	0.876327	25	18	7	0	0	0	0
AF	0	0.876640	15	13	2	0	0	0	0
AF	0	0.876952	17	14	3	0	0	0	0
AF	0	0.877264	19	10	9	0	0	0	0
AF	0	0.877577	27	21	6	0	0	0	0
AF	0	0.877889	15	9	6	0	0	0	0
AF	0	0.878201	19	14	5	0	0	0	0
AF	0	0.878513	12	9	3	0	0	0	0
AF	0	0.878826	15	10	5	0	0	0	0
AF	0	0.879138	25	16	9	0	0	0	0
AF	0	0.879450	20	12	8	0	0	0	0
AF	0	0.879763	20	11	9	0	0	0	0
AF	0	0.880075	29	21	8	0	0	0	0
AF	0	0.880387	26	13	13	0	0	0	0
AF	0	0.880700	19	12	7	0	0	0	0
AF	0	0.881012	22	11	11	0	0	0	0
AF	0	0.881324	20	14	6	0	0	0	0
AF	0	0.881636	19	14	5	0	0	0	0
AF	0	0.881949	28	13	15	0	0	0	0
AF	0	0.882261	28	22	6	0	0	0	0
AF	0	0.882573	23	13	10	0	0	0	0
AF	0	0.882886	13	10	3	0	0	0	0
AF	0	0.883198	16	11	5	0	0	0	0
AF	0	0.883510	26	19	7	0	0	0	0
AF	0	0.883823	18	10	8	0	0	0	0
AF	0	0.884135	32	19	13	0	0	0	0
AF	0	0.884447	22	15	7	0	0	0	0
AF	0	0.884760	15	9	6	0	0	0	0
AF	0	0.885072	15	6	9	0	0	0	0
AF	0	0.885384	17	13	4	0	0	0	0
AF	0	0.885696	20	13	7	0	0	0	0
AF	0	0.886009	24	18	6	0	0	0	0
AF	0	0.886321	14	11	3	0	0	0	0
AF	0	0.886633	23	16	7	0	0	0	0
AF	0	0.886946	29	20	9	0	0	0	0
AF	0	0.887258	19	10	9	0	0	0	0
AF	0	0.887570	13	7	6	0	0	0	0
AF	0	0.887883	19	12	7	0	0	0	0
AF	0	0.888195	19	13	6	0	0	0	0
AF	0	0.888507	26	16	10	0	0	0	0
AF	0	0.888819	21	16	5	0	0	0	0
AF	0	0.889132	30	17	13	0	0	0	0
AF	0	0.889444	28	18	10	0	0	0	0
AF	0	0.889756	31	19	12	0	0	0	0
AF	0	0.890069	27	19	8	0	0	0	0
AF	0	0.890381	21	11	10	0	0	0	0
AF	0	0.890693	26	20	6	0	0	0	0
AF	0	0.891006	21	16	5	0	0	0	0
AF	0	0.891318	18	7	11	0	0	0	0
AF	0	0.891630	13	10	3	0	0	0	0
AF	0	0.891943	23	15	8	0	0	0	0
AF	0	0.892255	27	16	11	0	0	0	0
AF	0	0.892567	26	19	7	0	0	0	0
AF	0	0.892879	45	36	9	0	0	0	0
AF	0	0.893192	22	14	8	0	0	0	0
AF	0	0.893504	24	17	7	0	0	0	0
AF	0	0.893816	16	12	4	0	0	0	0
AF	0	0.894129	23	16	7	0	0	0	0
AF	0	0.894441	20	14	6	0	0	0	0
AF	0	0.894753	24	14	10	0	0	0	0
AF	0	0.895066	33	21	12	0	0	0	0
AF	0	0.895378	26	16	10	0	0	0	0
AF	0	0.895690	15	11	4	0	0	0	0
AF	0	0.896002	21	16	5	0	0	0	0
AF	0	0.896315	14	7	7	0	0	0	0
AF	0	0.896627	11	9	2	0	0	0	0
AF	0	0.896939	20	14	6	0	0	0	0
AF	0	0.897252	25	16	9	0	0	0	0
AF	0	0.897564	15	8	7	0	0	0	0
AF	0	0.897876	19	11	8	0	0	0	0
AF	0	0.898189	22	14	8	0	0	0	0
AF	0	0.898501	25	15	10	0	0	0	0
AF	0	0.898813	22	14	8	0	0	0	0
AF	0	0.899126	33	21	12	0	0	0	0
AF	0	0.899438	23	13	10	0	0	0	0
AF	0	0.899750	27	17	10	0	0	0	0
AF	0	0.900062	15	11	4	0	0	0	0
AF	0	0.900375	18	11	7	0	0	0	0
AF	0	0.900687	14	9	5	0	0	0	0
AF	0	0.900999	16	6	10	0	0	0	0
AF	0	0.901312	11	6	5	0	0	0	0
AF	0	0.901624	13	10	3	0	0	0	0
AF	0	0.901936	15	10	5	0	0	0	0
AF	0	0.902249	24	17	7	0	0	0	0
AF	0	0.902561	40	32	8	0	0	0	0
AF	0	0.902873	23	17	6	0	0	0	0
AF	0	0.903186	27	21	6	0	0	0	0
AF	0	0.903498	46	29	17	0	0	0	0
AF	0	0.903810	27	16	11	0	0	0	0
AF	0	0.904122	20	14	6	0	0	0	0
AF	0	0.904435	21	13	8	0	0	0	0
AF	0	0.904747	16	9	7	0	0	0	0
AF	0	0.905059	19	10	9	0	0	0	0
AF	0	0.905372	16	10	6	0	0	0	0
AF	0	0.905684	13	10	3	0	0	0	0
AF	0	0.905996	20	13	7	0	0	0	0
AF	0	0.906309	23	16	7	0	0	0	0
AF	0	0.906621	18	10	8	0	0	0	0
AF	0	0.906933	16	8	8	0	0	0	0
AF	0	0.907245	16	9	7	0	0	0	0
AF	0	0.907558	17	7	10	0	0	0	0
AF	0	0.907870	22	16	6	0	0	0	0
AF	0	0.908182	30	23	7	0	0	0	0
AF	0	0.908495	22	18	4	0	0	0	0
AF	0	0.908807	22	14	8	0	0	0	0
AF	0	0.909119	20	13	7	0	0	0	0
AF	0	0.909432	21	12	9	0	0	0	0
AF	0	0.909744	15	9	6	0	0	0	0
AF	0	0.910056	13	7	6	0	0	0	0
AF	0	0.910369	6	5	1	0	0	0	0
AF	0	0.910681	21	13	8	0	0	0	0
AF	0	0.910993	31	23	8	0	0	0	0
AF	0	0.911305	18	15	3	0	0	0	0
AF	0	0.911618	21	14	7	0	0	0	0
AF	0	0.911930	24	15	9	0	0	0	0
AF	0	0.912242	27	17	10	0	0	0	0
AF	0	0.912555	23	16	7	0	0	0	0
AF	0	0.912867	28	12	16	0	0	0	0
AF	0	0.913179	25	17	8	0	0	0	0
AF	0	0.913492	15	8	7	0	0	0	0
AF	0	0.913804	22	12	10	0	0	0	0
AF	0	0.914116	18	11	7	0	0	0	0
AF	0	0.914428	16	13	3	0	0	0	0
AF	0	0.914741	20	15	5	0	0	0	0
AF	0	0.915053	16	11	5	0	0	0	0
AF	0	0.915365	11	8	3	0	0	0	0
AF	0	0.915678	26	19	7	0	0	0	0
AF	0	0.915990	20	12	8	0	0	0	0
AF	0	0.916302	26	18	8	0	0	0	0
AF	0	0.916615	25	17	8	0	0	0	0
AF	0	0.916927	25	18	7	0	0	0	0
AF	0	0.917239	16	9	7	0	0	0	0
AF	0	0.917552	16	11	5	0	0	0	0
AF	0	0.917864	27	16	11	0	0	0	0
AF	0	0.918176	16	14	2	0	0	0	0
AF	0	0.918488	24	17	7	0	0	0	0
AF	0	0.918801	34	20	14	0	0	0	0
AF	0	0.919113	28	17	11	0	0	0	0
AF	0	0.919425	20	11	9	0	0	0	0
AF	0	0.919738	12	7	5	0	0	0	0
AF	0	0.920050	12	7	5	0	0	0	0
AF	0	0.920362	32	24	8	0	0	0	0
AF	0	0.920675	22	15	7	0	0	0	0
AF	0	0.920987	25	18	7	0	0	0	0
AF	0	0.921299	24	12	12	0	0	0	0
AF	0	0.921611	28	18	10	0	0	0	0
AF	0	0.921924	21	13	8	0	0	0	0
AF	0	0.922236	21	16	5	0	0	0	0
AF	0	0.922548	19	15	4	0	0	0	0
AF	0	0.922861	19	12	7	0	0	0	0
AF	0	0.923173	26	19	7	0	0	0	0
AF	0	0.923485	15	10	5	0	0	0	0
AF	0	0.923798	33	21	12	0	0	0	0
AF	0	0.924110	25	18	7	0	0	0	0
AF	0	0.924422	28	21	7	0	0	0	0
AF	0	0.924735	22	14	8	0	0	0	0
AF	0	0.925047	16	12	4	0	0	0	0
AF	0	0.925359	19	17	2	0	0	0	0
AF	0	0.925671	20	13	7	0	0	0	0
AF	0	0.925984	20	15	5	0	0	0	0
AF	0	0.926296	32	18	14	0	0	0	0
AF	0	0.926608	23	17	6	0	0	0	0
AF	0	0.926921	23	17	6	0	0	0	0
AF	0	0.927233	21	15	6	0	0	0	0
AF	0	0.927545	28	22	6	0	0	0	0
AF	0	0.927858	32	22	10	0	0	0	0
AF	0	0.928170	27	10	17	0	0	0	0
AF	0	0.928482	54	41	13	0	0	0	0
AF	0	0.928795	24	13	11	0	0	0	0
AF	0	0.929107	27	16	11	0	0	0	0
AF	0	0.929419	21	13	8	0	0	0	0
AF	0	0.929731	37	25	12	0	0	0	0
AF	0	0.930044	18	13	5	0	0	0	0
AF	0	0.930356	23	18	5	0	0	0	0
AF	0	0.930668	12	6	6	0	0	0	0
AF	0	0.930981	17	9	8	0	0	0	0
AF	0	0.931293	20	10	10	0	0	0	0
AF	0	0.931605	19	15	4	0	0	0	0
AF	0	0.931918	13	11	2	0	0	0	0
AF	0	0.932230	23	15	8	0	0	0	0
AF	0	0.932542	19	12	7	0	0	0	0
AF	0	0.932854	19	13	6	0	0	0	0
AF	0	0.933167	31	20	11	0	0	0	0
AF	0	0.933479	19	12	7	0	0	0	0
AF	0	0.933791	20	15	5	0	0	0	0
AF	0	0.934104	19	15	4	0	0	0	0
AF	0	0.934416	17	13	4	0	0	0	0
AF	0	0.934728	16	14	2	0	0	0	0
AF	0	0.935041	8	6	2	0	0	0	0
AF	0	0.935353	23	20	3	0	0	0	0
AF	0	0.935665	24	20	4	0	0	0	0
AF	0	0.935978	20	10	10	0	0	0	0
AF	0	0.936290	18	13	5	0	0	0	0
AF	0	0.936602	20	13	7	0	0	0	0
AF	0	0.936914	30	25	5	0	0	0	0
AF	0	0.937227	21	15	6	0	0	0	0
AF	0	0.937539	28	20	8	0	0	0	0
AF	0	0.937851	24	17	7	0	0	0	0
AF	0	0.938164	27	19	8	0	0	0	0
AF	0	0.938476	10	7	3	0	0	0	0
AF	0	0.938788	13	10	3	0	0	0	0
AF	0	0.939101	26	16	10	0	0	0	0
AF	0	0.939413	19	11	8	0	0	0	0
AF	0	0.939725	16	11	5	0	0	0	0
AF	0	0.940037	12	9	3	0	0	0	0
AF	0	0.940350	19	11	8	0	0	0	0
AF	0	0.940662	22	16	6	0	0	0	0
AF	0	0.940974	15	7	8	0	0	0	0
AF	0	0.941287	15	11	4	0	0	0	0
AF	0	0.941599	16	7	9	0	0	0	0
AF	0	0.941911	20	13	7	0	0	0	0
AF	0	0.942224	14	11	3	0	0	0	0
AF	0	0.942536	19	12	7	0	0	0	0
AF	0	0.942848	26	19	7	0	0	0	0
AF	0	0.943161	15	8	7	0	0	0	0
AF	0	0.943473	20	11	9	0	0	0	0
AF	0	0.943785	30	23	7	0	0	0	0
AF	0	0.944097	21	13	8	0	0	0	0
AF	0	0.944410	21	13	8	0	0	0	0
AF	0	0.944722	22	17	5	0	0	0	0
AF	0	0.945034	9	9	0	0	0	0	0
AF	0	0.945347	21	9	12	0	0	0	0
AF	0	0.945659	21	13	8	0	0	0	0
AF	0	0.945971	14	9	5	0	0	0	0
AF	0	0.946284	18	12	6	0	0	0	0
AF	0	0.946596	22	14	8	0	0	0	0
AF	0	0.946908	16	10	6	0	0	0	0
AF	0	0.947220	14	11	3	0	0	0	0
AF	0	0.947533	12	10	2	0	0	0	0
AF	0	0.947845	12	9	3	0	0	0	0
AF	0	0.948157	30	23	7	0	0	0	0
AF	0	0.948470	23	19	4	0	0	0	0
AF	0	0.948782	19	12	7	0	0	0	0
AF	0	0.949094	35	27	8	0	0	0	0
AF	0	0.949407	21	15	6	0	0	0	0
AF	0	0.949719	25	16	9	0	0	0	0
AF	0	0.950031	24	15	9	0	0	0	0
AF	0	0.950344	32	14	18	0	0	0	0
AF	0	0.950656	45	25	20	0	0	0	0
AF	0	0.950968	23	13	10	0	0	0	0
AF	0	0.951280	29	17	12	0	0	0	0
AF	0	0.951593	25	19	6	0	0	0	0
AF	0	0.951905	19	11	8	0	0	0	0
AF	0	0.952217	18	14	4	0	0	0	0
AF	0	0.952530	25	19	6	0	0	0	0
AF	0	0.952842	13	9	4	0	0	0	0
AF	0	0.953154	26	17	9	0	0	0	0
AF	0	0.953467	14	10	4	0	0	0	0
AF	0	0.953779	16	7	9	0	0	0	0
AF	0	0.954091	18	14	4	0	0	0	0
AF	0	0.954403	23	16	7	0	0	0	0
AF	0	0.954716	21	14	7	0	0	0	0
AF	0	0.955028	16	9	7	0	0	0	0
AF	0	0.955340	16	7	9	0	0	0	0
AF	0	0.955653	21	14	7	0	0	0	0
AF	0	0.955965	25	14	11	0	0	0	0
AF	0	0.956277	21	15	6	0	0	0	0
AF	0	0.956590	14	9	5	0	0	0	0
AF	0	0.956902	21	15	6	0	0	0	0
AF	0	0.957214	26	18	8	0	0	0	0
AF	0	0.957527	26	19	7	0	0	0	0
AF	0	0.957839	22	9	13	0	0	0	0
AF	0	0.958151	21	9	12	0	0	0	0
AF	0	0.958463	24	17	7	0	0	0	0
AF	0	0.958776	16	8	8	0	0	0	0
AF	0	0.959088	17	8	9	0	0	0	0
AF	0	0.959400	22	13	9	0	0	0	0
AF	0	0.959713	22	16	6	0	0	0	0
AF	0	0.960025	15	11	4	0	0	0	0
AF	0	0.960337	24	14	10	0	0	0	0
AF	0	0.960650	23	15	8	0	0	0	0
AF	0	0.960962	20	11	9	0	0	0	0
AF	0	0.961274	20	14	6	0	0	0	0
AF	0	0.961587	30	23	7	0	0	0	0
AF	0	0.961899	25	13	12	0	0	0	0
AF	0	0.962211	18	14	4	0	0	0	0
AF	0	0.962523	29	16	13	0	0	0	0
AF	0	0.962836	38	26	12	0	0	0	0
AF	0	0.963148	43	28	15	0	0	0	0
AF	0	0.963460	46	31	15	0	0	0	0
AF	0	0.963773	32	21	11	0	0	0	0
AF	0	0.964085	24	15	9	0	0	0	0
AF	0	0.964397	16	11	5	0	0	0	0
AF	0	0.964710	13	9	4	0	0	0	0
AF	0	0.965022	20	12	8	0	0	0	0
AF	0	0.965334	39	28	11	0	0	0	0
AF	0	0.965646	33	22	11	0	0	0	0
AF	0	0.965959	22	15	7	0	0	0	0
AF	0	0.966271	24	18	6	0	0	0	0
AF	0	0.966583	29	20	9	0	0	0	0
AF	0	0.966896	41	29	12	0	0	0	0
AF	0	0.967208	34	22	12	0	0	0	0
AF	0	0.967520	29	23	6	0	0	0	0
AF	0	0.967833	28	17	11	0	0	0	0
AF	0	0.968145	21	12	9	0	0	0	0
AF	0	0.968457	26	20	6	0	0	0	0
AF	0	0.968770	25	14	11	0	0	0	0
AF	0	0.969082	50	33	17	0	0	0	0
AF	0	0.969394	47	31	16	0	0	0	0
AF	0	0.969706	33	24	9	0	0	0	0
AF	0	0.970019	26	20	6	0	0	0	0
AF	0	0.970331	38	21	17	0	0	0	0
AF	0	0.970643	26	17	9	0	0	0	0
AF	0	0.970956	40	25	15	0	0	0	0
AF	0	0.971268	33	19	14	0	0	0	0
AF	0	0.971580	38	29	9	0	0	0	0
AF	0	0.971893	39	23	16	0	0	0	0
AF	0	0.972205	52	38	14	0	0	0	0
AF	0	0.972517	54	28	26	0	0	0	0
AF	0	0.972829	51	39	12	0	0	0	0
AF	0	0.973142	35	22	13	0	0	0	0
AF	0	0.973454	27	20	7	0	0	0	0
AF	0	0.973766	30	20	10	0	0	0	0
AF	0	0.974079	34	23	11	0	0	0	0
AF	0	0.974391	31	22	9	0	0	0	0
AF	0	0.974703	48	29	19	0	0	0	0
AF	0	0.975016	28	17	11	0	0	0	0
AF	0	0.975328	49	28	21	0	0	0	0
AF	0	0.975640	72	54	18	0	0	0	0
AF	0	0.975953	38	25	13	0	0	0	0
AF	0	0.976265	37	24	13	0	0	0	0
AF	0	0.976577	45	33	12	0	0	0	0
AF	0	0.976889	40	25	15	0	0	0	0
AF	0	0.977202	39	27	12	0	0	0	0
AF	0	0.977514	33	20	13	0	0	0	0
AF	0	0.977826	34	23	11	0	0	0	0
AF	0	0.978139	18	12	6	0	0	0	0
AF	0	0.978451	24	16	8	0	0	0	0
AF	0	0.978763	24	14	10	0	0	0	0
AF	0	0.979076	35	27	8	0	0	0	0
AF	0	0.979388	27	17	10	0	0	0	0
AF	0	0.979700	20	12	8	0	0	0	0
AF	0	0.980012	45	26	19	0	0	0	0
AF	0	0.980325	42	34	8	0	0	0	0
AF	0	0.980637	48	35	13	0	0	0	0
AF	0	0.980949	43	32	11	0	0	0	0
AF	0	0.981262	64	44	20	0	0	0	0
AF	0	0.981574	67	42	25	0	0	0	0
AF	0	0.981886	72	54	18	0	0	0	0
AF	0	0.982199	54	30	24	0	0	0	0
AF	0	0.982511	76	57	19	0	0	0	0
AF	0	0.982823	90	57	33	0	0	0	0
AF	0	0.983136	93	55	38	0	0	0	0
AF	0	0.983448	42	27	15	0	0	0	0
AF	0	0.983760	60	36	24	0	0	0	0
AF	0	0.984072	61	45	16	0	0	0	0
AF	0	0.984385	46	29	17	0	0	0	0
AF	0	0.984697	96	64	32	0	0	0	0
AF	0	0.985009	48	33	15	0	0	0	0
AF	0	0.985322	123	85	38	0	0	0	0
AF	0	0.985634	54	39	15	0	0	0	0
AF	0	0.985946	53	33	20	0	0	0	0
AF	0	0.986259	46	33	13	0	0	0	0
AF	0	0.986571	66	45	21	0	0	0	0
AF	0	0.986883	51	38	13	0	0	0	0
AF	0	0.987196	54	23	31	0	0	0	0
AF	0	0.987508	45	31	14	0	0	0	0
AF	0	0.987820	38	34	4	0	0	0	0
AF	0	0.988132	45	30	15	0	0	0	0
AF	0	0.988445	51	33	18	0	0	0	0
AF	0	0.988757	47	23	24	0	0	0	0
AF	0	0.989069	42	30	12	0	0	0	0
AF	0	0.989382	57	31	26	0	0	0	0
AF	0	0.989694	67	37	30	0	0	0	0
AF	0	0.990006	48	36	12	0	0	0	0
AF	0	0.990319	41	29	12	0	0	0	0
AF	0	0.990631	56	35	21	0	0	0	0
AF	0	0.990943	48	35	13	0	0	0	0
AF	0	0.991255	43	31	12	0	0	0	0
AF	0	0.991568	49	35	14	0	0	0	0
AF	0	0.991880	61	43	18	0	0	0	0
AF	0	0.992192	64	39	25	0	0	0	0
AF	0	0.992505	39	26	13	0	0	0	0
AF	0	0.992817	50	32	18	0	0	0	0
AF	0	0.993129	60	42	18	0	0	0	0
AF	0	0.993442	45	31	14	0	0	0	0
AF	0	0.993754	58	46	12	0	0	0	0
AF	0	0.994066	51	33	18	0	0	0	0
AF	0	0.994379	68	45	23	0	0	0	0
AF	0	0.994691	93	62	31	0	0	0	0
AF	0	0.995003	85	53	32	0	0	0	0
AF	0	0.995315	77	53	24	0	0	0	0
AF	0	0.995628	54	43	11	0	0	0	0
AF	0	0.995940	61	39	22	0	0	0	0
AF	0	0.996252	62	42	20	0	0	0	0
AF	0	0.996565	74	48	26	0	0	0	0
AF	0	0.996877	69	46	23	0	0	0	0
AF	0	0.997189	88	54	34	0	0	0	0
AF	0	0.997502	104	65	39	0	0	0	0
AF	0	0.997814	101	59	42	0	0	0	0
AF	0	0.998126	104	64	40	0	0	0	0
AF	0	0.998438	82	60	22	0	0	0	0
AF	0	0.998751	67	47	20	0	0	0	0
AF	0	0.999063	125	84	41	0	0	0	0
AF	0	0.999375	96	57	39	0	0	0	0
# QUAL, Stats by quality
# QUAL	[2]id	[3]Quality	[4]number of SNPs	[5]number of transitions (1st ALT)	[6]number of transversions (1st ALT)	[7]number of indels
QUAL	0	.	1213906	801701	412205	0
# IDD, InDel distribution:
# IDD	[2]id	[3]length (deletions negative)	[4]number of sites	[5]number of genotypes	[6]mean VAF
# ST, Substitution types:
# ST	[2]id	[3]type	[4]count
ST	0	A>C	42343
ST	0	A>G	149421
ST	0	A>T	38071
ST	0	C>A	58233
ST	0	C>G	72161
ST	0	C>T	254879
ST	0	G>A	255231
ST	0	G>C	66233
ST	0	G>T	56140
ST	0	T>A	38615
ST	0	T>C	142170
ST	0	T>G	40409
# DP, depth:
#   - set id, see above
#   - the depth bin, corresponds to the depth (unless --depth was given)
#   - number of genotypes with this depth (zero unless -s/-S was given)
#   - fraction of genotypes with this depth (zero unless -s/-S was given)
#   - number of sites with this depth
#   - fraction of sites with this depth
# DP, Depth distribution
# DP	[2]id	[3]bin	[4]number of genotypes	[5]fraction of genotypes (%)	[6]number of sites	[7]fraction of sites (%)
