# This file was produced by bcftools stats (1.21+htslib-1.21) and can be plotted using plot-vcfstats.
# The command line was:	bcftools stats  /hpc/local/Rocky8/dhl_ec/software/MonopogenLite/resources/1kGP_high_coverage_Illumina.SNVonly_poly.filtered_AF_5e-04.norm.fixvariantid.chr18.vcf.gz
#
# Definition of sets:
# ID	[2]id	[3]tab-separated file names
ID	0	/hpc/local/Rocky8/dhl_ec/software/MonopogenLite/resources/1kGP_high_coverage_Illumina.SNVonly_poly.filtered_AF_5e-04.norm.fixvariantid.chr18.vcf.gz
# SN, Summary numbers:
#   number of records   .. number of data rows in the VCF
#   number of no-ALTs   .. reference-only sites, ALT is either "." or identical to REF
#   number of SNPs      .. number of rows with a SNP
#   number of MNPs      .. number of rows with a MNP, such as CC>TT
#   number of indels    .. number of rows with an indel
#   number of others    .. number of rows with other type, for example a symbolic allele or
#                          a complex substitution, such as ACT>TCGA
#   number of multiallelic sites     .. number of rows with multiple alternate alleles
#   number of multiallelic SNP sites .. number of rows with multiple alternate alleles, all SNPs
# 
#   Note that rows containing multiple types will be counted multiple times, in each
#   counter. For example, a row with a SNP and an indel increments both the SNP and
#   the indel counter.
# 
# SN	[2]id	[3]key	[4]value
SN	0	number of samples:	3202
SN	0	number of records:	1030736
SN	0	number of no-ALTs:	0
SN	0	number of SNPs:	1030736
SN	0	number of MNPs:	0
SN	0	number of indels:	0
SN	0	number of others:	0
SN	0	number of multiallelic sites:	0
SN	0	number of multiallelic SNP sites:	0
# TSTV, transitions/transversions
#   - transitions, see https://en.wikipedia.org/wiki/Transition_(genetics)
#   - transversions, see https://en.wikipedia.org/wiki/Transversion
# TSTV	[2]id	[3]ts	[4]tv	[5]ts/tv	[6]ts (1st ALT)	[7]tv (1st ALT)	[8]ts/tv (1st ALT)
TSTV	0	700046	330690	2.12	700046	330690	2.12
# SiS, Singleton stats:
#   - allele count, i.e. the number of singleton genotypes (AC=1)
#   - number of transitions, see above
#   - number of transversions, see above
#   - repeat-consistent, inconsistent and n/a: experimental and useless stats [DEPRECATED]
# SiS	[2]id	[3]allele count	[4]number of SNPs	[5]number of transitions	[6]number of transversions	[7]number of indels	[8]repeat-consistent	[9]repeat-inconsistent	[10]not applicable
SiS	0	1	0	0	0	0	0	0	0
# AF, Stats by non-reference allele frequency:
# AF	[2]id	[3]allele frequency	[4]number of SNPs	[5]number of transitions	[6]number of transversions	[7]number of indels	[8]repeat-consistent	[9]repeat-inconsistent	[10]not applicable
AF	0	0.000312	105944	72463	33481	0	0	0	0
AF	0	0.000625	121510	83077	38433	0	0	0	0
AF	0	0.000937	74551	50565	23986	0	0	0	0
AF	0	0.001249	52008	35281	16727	0	0	0	0
AF	0	0.001562	39773	26943	12830	0	0	0	0
AF	0	0.001874	31625	21451	10174	0	0	0	0
AF	0	0.002186	25978	17549	8429	0	0	0	0
AF	0	0.002498	22818	15449	7369	0	0	0	0
AF	0	0.002811	18856	12756	6100	0	0	0	0
AF	0	0.003123	16854	11417	5437	0	0	0	0
AF	0	0.003435	14848	10047	4801	0	0	0	0
AF	0	0.003748	13584	8999	4585	0	0	0	0
AF	0	0.004060	12422	8440	3982	0	0	0	0
AF	0	0.004372	10937	7453	3484	0	0	0	0
AF	0	0.004685	9984	6772	3212	0	0	0	0
AF	0	0.004997	9381	6339	3042	0	0	0	0
AF	0	0.005309	8813	5930	2883	0	0	0	0
AF	0	0.005621	8418	5681	2737	0	0	0	0
AF	0	0.005934	7965	5468	2497	0	0	0	0
AF	0	0.006246	6961	4713	2248	0	0	0	0
AF	0	0.006558	6797	4582	2215	0	0	0	0
AF	0	0.006871	6458	4417	2041	0	0	0	0
AF	0	0.007183	6079	4112	1967	0	0	0	0
AF	0	0.007495	5735	3895	1840	0	0	0	0
AF	0	0.007808	5610	3825	1785	0	0	0	0
AF	0	0.008120	4963	3375	1588	0	0	0	0
AF	0	0.008432	5083	3448	1635	0	0	0	0
AF	0	0.008745	4616	3100	1516	0	0	0	0
AF	0	0.009057	4483	3024	1459	0	0	0	0
AF	0	0.009369	4249	2842	1407	0	0	0	0
AF	0	0.009681	4149	2826	1323	0	0	0	0
AF	0	0.009994	3831	2618	1213	0	0	0	0
AF	0	0.010306	3681	2510	1171	0	0	0	0
AF	0	0.010618	3584	2492	1092	0	0	0	0
AF	0	0.010931	3374	2323	1051	0	0	0	0
AF	0	0.011243	3229	2184	1045	0	0	0	0
AF	0	0.011555	3218	2217	1001	0	0	0	0
AF	0	0.011868	3221	2167	1054	0	0	0	0
AF	0	0.012180	2976	1987	989	0	0	0	0
AF	0	0.012492	3039	2051	988	0	0	0	0
AF	0	0.012804	3122	2093	1029	0	0	0	0
AF	0	0.013117	2858	1910	948	0	0	0	0
AF	0	0.013429	2776	1902	874	0	0	0	0
AF	0	0.013741	2638	1794	844	0	0	0	0
AF	0	0.014054	2867	1963	904	0	0	0	0
AF	0	0.014366	2390	1613	777	0	0	0	0
AF	0	0.014678	2341	1593	748	0	0	0	0
AF	0	0.014991	2204	1496	708	0	0	0	0
AF	0	0.015303	2340	1624	716	0	0	0	0
AF	0	0.015615	2066	1407	659	0	0	0	0
AF	0	0.015928	2279	1543	736	0	0	0	0
AF	0	0.016240	2139	1438	701	0	0	0	0
AF	0	0.016552	2004	1328	676	0	0	0	0
AF	0	0.016864	2054	1359	695	0	0	0	0
AF	0	0.017177	2029	1414	615	0	0	0	0
AF	0	0.017489	1932	1328	604	0	0	0	0
AF	0	0.017801	2013	1375	638	0	0	0	0
AF	0	0.018114	1778	1215	563	0	0	0	0
AF	0	0.018426	1777	1237	540	0	0	0	0
AF	0	0.018738	1663	1137	526	0	0	0	0
AF	0	0.019051	1690	1162	528	0	0	0	0
AF	0	0.019363	1524	1027	497	0	0	0	0
AF	0	0.019675	1585	1071	514	0	0	0	0
AF	0	0.019988	1633	1089	544	0	0	0	0
AF	0	0.020300	1659	1131	528	0	0	0	0
AF	0	0.020612	1422	968	454	0	0	0	0
AF	0	0.020924	1316	882	434	0	0	0	0
AF	0	0.021237	1384	950	434	0	0	0	0
AF	0	0.021549	1394	950	444	0	0	0	0
AF	0	0.021861	1226	855	371	0	0	0	0
AF	0	0.022174	1184	793	391	0	0	0	0
AF	0	0.022486	1271	861	410	0	0	0	0
AF	0	0.022798	1331	938	393	0	0	0	0
AF	0	0.023111	1299	865	434	0	0	0	0
AF	0	0.023423	1284	844	440	0	0	0	0
AF	0	0.023735	1275	851	424	0	0	0	0
AF	0	0.024047	1063	722	341	0	0	0	0
AF	0	0.024360	1160	789	371	0	0	0	0
AF	0	0.024672	1292	873	419	0	0	0	0
AF	0	0.024984	1100	764	336	0	0	0	0
AF	0	0.025297	1102	736	366	0	0	0	0
AF	0	0.025609	970	640	330	0	0	0	0
AF	0	0.025921	937	662	275	0	0	0	0
AF	0	0.026234	1070	728	342	0	0	0	0
AF	0	0.026546	976	647	329	0	0	0	0
AF	0	0.026858	990	658	332	0	0	0	0
AF	0	0.027171	1018	717	301	0	0	0	0
AF	0	0.027483	861	588	273	0	0	0	0
AF	0	0.027795	828	563	265	0	0	0	0
AF	0	0.028107	829	571	258	0	0	0	0
AF	0	0.028420	918	629	289	0	0	0	0
AF	0	0.028732	991	673	318	0	0	0	0
AF	0	0.029044	984	648	336	0	0	0	0
AF	0	0.029357	877	623	254	0	0	0	0
AF	0	0.029669	911	627	284	0	0	0	0
AF	0	0.029981	840	567	273	0	0	0	0
AF	0	0.030294	725	467	258	0	0	0	0
AF	0	0.030606	696	464	232	0	0	0	0
AF	0	0.030918	760	533	227	0	0	0	0
AF	0	0.031230	712	488	224	0	0	0	0
AF	0	0.031543	769	542	227	0	0	0	0
AF	0	0.031855	856	553	303	0	0	0	0
AF	0	0.032167	772	534	238	0	0	0	0
AF	0	0.032480	676	460	216	0	0	0	0
AF	0	0.032792	771	513	258	0	0	0	0
AF	0	0.033104	701	466	235	0	0	0	0
AF	0	0.033417	678	456	222	0	0	0	0
AF	0	0.033729	758	518	240	0	0	0	0
AF	0	0.034041	643	444	199	0	0	0	0
AF	0	0.034354	685	473	212	0	0	0	0
AF	0	0.034666	733	492	241	0	0	0	0
AF	0	0.034978	600	406	194	0	0	0	0
AF	0	0.035290	548	382	166	0	0	0	0
AF	0	0.035603	651	448	203	0	0	0	0
AF	0	0.035915	691	501	190	0	0	0	0
AF	0	0.036227	617	435	182	0	0	0	0
AF	0	0.036540	624	450	174	0	0	0	0
AF	0	0.036852	601	401	200	0	0	0	0
AF	0	0.037164	617	414	203	0	0	0	0
AF	0	0.037477	554	372	182	0	0	0	0
AF	0	0.037789	584	392	192	0	0	0	0
AF	0	0.038101	624	407	217	0	0	0	0
AF	0	0.038413	569	380	189	0	0	0	0
AF	0	0.038726	522	366	156	0	0	0	0
AF	0	0.039038	510	347	163	0	0	0	0
AF	0	0.039350	568	369	199	0	0	0	0
AF	0	0.039663	574	372	202	0	0	0	0
AF	0	0.039975	571	370	201	0	0	0	0
AF	0	0.040287	542	375	167	0	0	0	0
AF	0	0.040600	465	317	148	0	0	0	0
AF	0	0.040912	590	384	206	0	0	0	0
AF	0	0.041224	618	427	191	0	0	0	0
AF	0	0.041537	454	300	154	0	0	0	0
AF	0	0.041849	510	337	173	0	0	0	0
AF	0	0.042161	496	336	160	0	0	0	0
AF	0	0.042473	674	452	222	0	0	0	0
AF	0	0.042786	576	395	181	0	0	0	0
AF	0	0.043098	471	325	146	0	0	0	0
AF	0	0.043410	526	366	160	0	0	0	0
AF	0	0.043723	456	312	144	0	0	0	0
AF	0	0.044035	481	316	165	0	0	0	0
AF	0	0.044347	500	335	165	0	0	0	0
AF	0	0.044660	470	322	148	0	0	0	0
AF	0	0.044972	439	280	159	0	0	0	0
AF	0	0.045284	450	305	145	0	0	0	0
AF	0	0.045597	495	336	159	0	0	0	0
AF	0	0.045909	495	327	168	0	0	0	0
AF	0	0.046221	479	330	149	0	0	0	0
AF	0	0.046533	436	271	165	0	0	0	0
AF	0	0.046846	449	279	170	0	0	0	0
AF	0	0.047158	425	293	132	0	0	0	0
AF	0	0.047470	439	297	142	0	0	0	0
AF	0	0.047783	458	291	167	0	0	0	0
AF	0	0.048095	407	268	139	0	0	0	0
AF	0	0.048407	431	310	121	0	0	0	0
AF	0	0.048720	366	259	107	0	0	0	0
AF	0	0.049032	399	268	131	0	0	0	0
AF	0	0.049344	373	237	136	0	0	0	0
AF	0	0.049656	449	294	155	0	0	0	0
AF	0	0.049969	350	228	122	0	0	0	0
AF	0	0.050281	381	258	123	0	0	0	0
AF	0	0.050593	380	252	128	0	0	0	0
AF	0	0.050906	337	238	99	0	0	0	0
AF	0	0.051218	356	247	109	0	0	0	0
AF	0	0.051530	407	255	152	0	0	0	0
AF	0	0.051843	428	271	157	0	0	0	0
AF	0	0.052155	346	225	121	0	0	0	0
AF	0	0.052467	351	244	107	0	0	0	0
AF	0	0.052780	381	253	128	0	0	0	0
AF	0	0.053092	424	290	134	0	0	0	0
AF	0	0.053404	413	281	132	0	0	0	0
AF	0	0.053716	347	233	114	0	0	0	0
AF	0	0.054029	352	231	121	0	0	0	0
AF	0	0.054341	338	233	105	0	0	0	0
AF	0	0.054653	309	216	93	0	0	0	0
AF	0	0.054966	370	258	112	0	0	0	0
AF	0	0.055278	380	244	136	0	0	0	0
AF	0	0.055590	340	231	109	0	0	0	0
AF	0	0.055903	439	284	155	0	0	0	0
AF	0	0.056215	391	270	121	0	0	0	0
AF	0	0.056527	327	228	99	0	0	0	0
AF	0	0.056839	322	204	118	0	0	0	0
AF	0	0.057152	348	238	110	0	0	0	0
AF	0	0.057464	276	207	69	0	0	0	0
AF	0	0.057776	344	230	114	0	0	0	0
AF	0	0.058089	311	212	99	0	0	0	0
AF	0	0.058401	385	268	117	0	0	0	0
AF	0	0.058713	313	222	91	0	0	0	0
AF	0	0.059026	355	249	106	0	0	0	0
AF	0	0.059338	375	250	125	0	0	0	0
AF	0	0.059650	327	227	100	0	0	0	0
AF	0	0.059963	359	243	116	0	0	0	0
AF	0	0.060275	329	216	113	0	0	0	0
AF	0	0.060587	348	232	116	0	0	0	0
AF	0	0.060899	306	219	87	0	0	0	0
AF	0	0.061212	330	239	91	0	0	0	0
AF	0	0.061524	299	200	99	0	0	0	0
AF	0	0.061836	307	209	98	0	0	0	0
AF	0	0.062149	276	178	98	0	0	0	0
AF	0	0.062461	293	206	87	0	0	0	0
AF	0	0.062773	300	196	104	0	0	0	0
AF	0	0.063086	319	224	95	0	0	0	0
AF	0	0.063398	299	199	100	0	0	0	0
AF	0	0.063710	284	201	83	0	0	0	0
AF	0	0.064022	263	169	94	0	0	0	0
AF	0	0.064335	287	196	91	0	0	0	0
AF	0	0.064647	292	185	107	0	0	0	0
AF	0	0.064959	292	188	104	0	0	0	0
AF	0	0.065272	301	212	89	0	0	0	0
AF	0	0.065584	247	167	80	0	0	0	0
AF	0	0.065896	272	196	76	0	0	0	0
AF	0	0.066209	333	213	120	0	0	0	0
AF	0	0.066521	325	229	96	0	0	0	0
AF	0	0.066833	336	223	113	0	0	0	0
AF	0	0.067146	263	180	83	0	0	0	0
AF	0	0.067458	312	207	105	0	0	0	0
AF	0	0.067770	331	236	95	0	0	0	0
AF	0	0.068082	298	201	97	0	0	0	0
AF	0	0.068395	249	169	80	0	0	0	0
AF	0	0.068707	303	201	102	0	0	0	0
AF	0	0.069019	248	183	65	0	0	0	0
AF	0	0.069332	238	160	78	0	0	0	0
AF	0	0.069644	261	173	88	0	0	0	0
AF	0	0.069956	304	207	97	0	0	0	0
AF	0	0.070269	322	231	91	0	0	0	0
AF	0	0.070581	223	145	78	0	0	0	0
AF	0	0.070893	257	163	94	0	0	0	0
AF	0	0.071205	239	169	70	0	0	0	0
AF	0	0.071518	279	167	112	0	0	0	0
AF	0	0.071830	203	122	81	0	0	0	0
AF	0	0.072142	259	178	81	0	0	0	0
AF	0	0.072455	222	161	61	0	0	0	0
AF	0	0.072767	237	164	73	0	0	0	0
AF	0	0.073079	220	150	70	0	0	0	0
AF	0	0.073392	234	160	74	0	0	0	0
AF	0	0.073704	200	124	76	0	0	0	0
AF	0	0.074016	295	199	96	0	0	0	0
AF	0	0.074329	322	227	95	0	0	0	0
AF	0	0.074641	216	156	60	0	0	0	0
AF	0	0.074953	227	148	79	0	0	0	0
AF	0	0.075265	365	245	120	0	0	0	0
AF	0	0.075578	208	139	69	0	0	0	0
AF	0	0.075890	242	160	82	0	0	0	0
AF	0	0.076202	214	139	75	0	0	0	0
AF	0	0.076515	199	140	59	0	0	0	0
AF	0	0.076827	200	131	69	0	0	0	0
AF	0	0.077139	213	150	63	0	0	0	0
AF	0	0.077452	217	154	63	0	0	0	0
AF	0	0.077764	196	144	52	0	0	0	0
AF	0	0.078076	200	131	69	0	0	0	0
AF	0	0.078389	232	157	75	0	0	0	0
AF	0	0.078701	207	157	50	0	0	0	0
AF	0	0.079013	263	188	75	0	0	0	0
AF	0	0.079325	220	149	71	0	0	0	0
AF	0	0.079638	215	151	64	0	0	0	0
AF	0	0.079950	204	145	59	0	0	0	0
AF	0	0.080262	193	145	48	0	0	0	0
AF	0	0.080575	194	138	56	0	0	0	0
AF	0	0.080887	183	118	65	0	0	0	0
AF	0	0.081199	263	171	92	0	0	0	0
AF	0	0.081512	212	134	78	0	0	0	0
AF	0	0.081824	222	145	77	0	0	0	0
AF	0	0.082136	254	169	85	0	0	0	0
AF	0	0.082448	279	189	90	0	0	0	0
AF	0	0.082761	263	176	87	0	0	0	0
AF	0	0.083073	223	149	74	0	0	0	0
AF	0	0.083385	282	191	91	0	0	0	0
AF	0	0.083698	248	180	68	0	0	0	0
AF	0	0.084010	260	179	81	0	0	0	0
AF	0	0.084322	266	173	93	0	0	0	0
AF	0	0.084635	291	205	86	0	0	0	0
AF	0	0.084947	258	177	81	0	0	0	0
AF	0	0.085259	222	162	60	0	0	0	0
AF	0	0.085572	256	175	81	0	0	0	0
AF	0	0.085884	206	153	53	0	0	0	0
AF	0	0.086196	225	148	77	0	0	0	0
AF	0	0.086508	230	157	73	0	0	0	0
AF	0	0.086821	250	181	69	0	0	0	0
AF	0	0.087133	256	171	85	0	0	0	0
AF	0	0.087445	231	156	75	0	0	0	0
AF	0	0.087758	237	155	82	0	0	0	0
AF	0	0.088070	215	154	61	0	0	0	0
AF	0	0.088382	241	154	87	0	0	0	0
AF	0	0.088695	215	147	68	0	0	0	0
AF	0	0.089007	354	232	122	0	0	0	0
AF	0	0.089319	316	207	109	0	0	0	0
AF	0	0.089631	303	194	109	0	0	0	0
AF	0	0.089944	249	162	87	0	0	0	0
AF	0	0.090256	199	139	60	0	0	0	0
AF	0	0.090568	218	154	64	0	0	0	0
AF	0	0.090881	184	133	51	0	0	0	0
AF	0	0.091193	219	142	77	0	0	0	0
AF	0	0.091505	204	138	66	0	0	0	0
AF	0	0.091818	219	143	76	0	0	0	0
AF	0	0.092130	238	168	70	0	0	0	0
AF	0	0.092442	253	181	72	0	0	0	0
AF	0	0.092755	188	134	54	0	0	0	0
AF	0	0.093067	232	158	74	0	0	0	0
AF	0	0.093379	248	167	81	0	0	0	0
AF	0	0.093691	222	152	70	0	0	0	0
AF	0	0.094004	218	157	61	0	0	0	0
AF	0	0.094316	242	161	81	0	0	0	0
AF	0	0.094628	240	156	84	0	0	0	0
AF	0	0.094941	226	153	73	0	0	0	0
AF	0	0.095253	182	132	50	0	0	0	0
AF	0	0.095565	217	147	70	0	0	0	0
AF	0	0.095878	156	103	53	0	0	0	0
AF	0	0.096190	158	108	50	0	0	0	0
AF	0	0.096502	214	148	66	0	0	0	0
AF	0	0.096814	199	143	56	0	0	0	0
AF	0	0.097127	233	159	74	0	0	0	0
AF	0	0.097439	202	131	71	0	0	0	0
AF	0	0.097751	185	126	59	0	0	0	0
AF	0	0.098064	188	131	57	0	0	0	0
AF	0	0.098376	229	162	67	0	0	0	0
AF	0	0.098688	186	120	66	0	0	0	0
AF	0	0.099001	197	142	55	0	0	0	0
AF	0	0.099313	219	164	55	0	0	0	0
AF	0	0.099625	219	144	75	0	0	0	0
AF	0	0.099938	191	125	66	0	0	0	0
AF	0	0.100250	205	128	77	0	0	0	0
AF	0	0.100562	258	176	82	0	0	0	0
AF	0	0.100874	198	143	55	0	0	0	0
AF	0	0.101187	176	125	51	0	0	0	0
AF	0	0.101499	198	146	52	0	0	0	0
AF	0	0.101811	225	151	74	0	0	0	0
AF	0	0.102124	222	148	74	0	0	0	0
AF	0	0.102436	196	135	61	0	0	0	0
AF	0	0.102748	212	141	71	0	0	0	0
AF	0	0.103061	154	97	57	0	0	0	0
AF	0	0.103373	183	125	58	0	0	0	0
AF	0	0.103685	164	105	59	0	0	0	0
AF	0	0.103998	154	109	45	0	0	0	0
AF	0	0.104310	165	108	57	0	0	0	0
AF	0	0.104622	177	120	57	0	0	0	0
AF	0	0.104934	185	123	62	0	0	0	0
AF	0	0.105247	202	142	60	0	0	0	0
AF	0	0.105559	172	111	61	0	0	0	0
AF	0	0.105871	195	134	61	0	0	0	0
AF	0	0.106184	193	131	62	0	0	0	0
AF	0	0.106496	249	170	79	0	0	0	0
AF	0	0.106808	247	162	85	0	0	0	0
AF	0	0.107121	235	169	66	0	0	0	0
AF	0	0.107433	184	128	56	0	0	0	0
AF	0	0.107745	176	126	50	0	0	0	0
AF	0	0.108057	198	130	68	0	0	0	0
AF	0	0.108370	191	135	56	0	0	0	0
AF	0	0.108682	180	119	61	0	0	0	0
AF	0	0.108994	190	116	74	0	0	0	0
AF	0	0.109307	182	114	68	0	0	0	0
AF	0	0.109619	171	102	69	0	0	0	0
AF	0	0.109931	197	139	58	0	0	0	0
AF	0	0.110244	164	110	54	0	0	0	0
AF	0	0.110556	233	157	76	0	0	0	0
AF	0	0.110868	166	115	51	0	0	0	0
AF	0	0.111181	158	99	59	0	0	0	0
AF	0	0.111493	134	92	42	0	0	0	0
AF	0	0.111805	171	115	56	0	0	0	0
AF	0	0.112117	168	114	54	0	0	0	0
AF	0	0.112430	166	118	48	0	0	0	0
AF	0	0.112742	169	120	49	0	0	0	0
AF	0	0.113054	182	128	54	0	0	0	0
AF	0	0.113367	199	142	57	0	0	0	0
AF	0	0.113679	209	130	79	0	0	0	0
AF	0	0.113991	206	131	75	0	0	0	0
AF	0	0.114304	267	177	90	0	0	0	0
AF	0	0.114616	190	136	54	0	0	0	0
AF	0	0.114928	191	125	66	0	0	0	0
AF	0	0.115240	180	125	55	0	0	0	0
AF	0	0.115553	184	127	57	0	0	0	0
AF	0	0.115865	208	135	73	0	0	0	0
AF	0	0.116177	220	158	62	0	0	0	0
AF	0	0.116490	160	97	63	0	0	0	0
AF	0	0.116802	165	119	46	0	0	0	0
AF	0	0.117114	155	105	50	0	0	0	0
AF	0	0.117427	158	102	56	0	0	0	0
AF	0	0.117739	144	97	47	0	0	0	0
AF	0	0.118051	158	112	46	0	0	0	0
AF	0	0.118364	156	101	55	0	0	0	0
AF	0	0.118676	152	108	44	0	0	0	0
AF	0	0.118988	154	93	61	0	0	0	0
AF	0	0.119300	153	105	48	0	0	0	0
AF	0	0.119613	148	104	44	0	0	0	0
AF	0	0.119925	133	85	48	0	0	0	0
AF	0	0.120237	164	107	57	0	0	0	0
AF	0	0.120550	196	134	62	0	0	0	0
AF	0	0.120862	194	140	54	0	0	0	0
AF	0	0.121174	168	113	55	0	0	0	0
AF	0	0.121487	193	113	80	0	0	0	0
AF	0	0.121799	179	122	57	0	0	0	0
AF	0	0.122111	188	132	56	0	0	0	0
AF	0	0.122423	146	100	46	0	0	0	0
AF	0	0.122736	181	115	66	0	0	0	0
AF	0	0.123048	187	135	52	0	0	0	0
AF	0	0.123360	184	119	65	0	0	0	0
AF	0	0.123673	161	121	40	0	0	0	0
AF	0	0.123985	157	107	50	0	0	0	0
AF	0	0.124297	181	120	61	0	0	0	0
AF	0	0.124610	184	130	54	0	0	0	0
AF	0	0.124922	183	127	56	0	0	0	0
AF	0	0.125234	177	118	59	0	0	0	0
AF	0	0.125547	142	99	43	0	0	0	0
AF	0	0.125859	154	106	48	0	0	0	0
AF	0	0.126171	140	90	50	0	0	0	0
AF	0	0.126483	156	96	60	0	0	0	0
AF	0	0.126796	163	116	47	0	0	0	0
AF	0	0.127108	171	107	64	0	0	0	0
AF	0	0.127420	183	125	58	0	0	0	0
AF	0	0.127733	194	138	56	0	0	0	0
AF	0	0.128045	184	133	51	0	0	0	0
AF	0	0.128357	147	91	56	0	0	0	0
AF	0	0.128670	140	99	41	0	0	0	0
AF	0	0.128982	158	99	59	0	0	0	0
AF	0	0.129294	165	125	40	0	0	0	0
AF	0	0.129606	163	106	57	0	0	0	0
AF	0	0.129919	154	98	56	0	0	0	0
AF	0	0.130231	154	105	49	0	0	0	0
AF	0	0.130543	160	118	42	0	0	0	0
AF	0	0.130856	161	113	48	0	0	0	0
AF	0	0.131168	148	97	51	0	0	0	0
AF	0	0.131480	156	104	52	0	0	0	0
AF	0	0.131793	148	93	55	0	0	0	0
AF	0	0.132105	151	103	48	0	0	0	0
AF	0	0.132417	138	94	44	0	0	0	0
AF	0	0.132730	159	104	55	0	0	0	0
AF	0	0.133042	146	104	42	0	0	0	0
AF	0	0.133354	147	103	44	0	0	0	0
AF	0	0.133666	148	101	47	0	0	0	0
AF	0	0.133979	180	124	56	0	0	0	0
AF	0	0.134291	162	116	46	0	0	0	0
AF	0	0.134603	121	89	32	0	0	0	0
AF	0	0.134916	124	88	36	0	0	0	0
AF	0	0.135228	122	84	38	0	0	0	0
AF	0	0.135540	169	95	74	0	0	0	0
AF	0	0.135853	135	85	50	0	0	0	0
AF	0	0.136165	121	78	43	0	0	0	0
AF	0	0.136477	169	106	63	0	0	0	0
AF	0	0.136790	169	120	49	0	0	0	0
AF	0	0.137102	123	82	41	0	0	0	0
AF	0	0.137414	146	95	51	0	0	0	0
AF	0	0.137726	129	92	37	0	0	0	0
AF	0	0.138039	122	79	43	0	0	0	0
AF	0	0.138351	139	91	48	0	0	0	0
AF	0	0.138663	135	98	37	0	0	0	0
AF	0	0.138976	126	84	42	0	0	0	0
AF	0	0.139288	117	73	44	0	0	0	0
AF	0	0.139600	156	106	50	0	0	0	0
AF	0	0.139913	144	100	44	0	0	0	0
AF	0	0.140225	197	139	58	0	0	0	0
AF	0	0.140537	161	117	44	0	0	0	0
AF	0	0.140849	127	85	42	0	0	0	0
AF	0	0.141162	120	94	26	0	0	0	0
AF	0	0.141474	122	85	37	0	0	0	0
AF	0	0.141786	136	101	35	0	0	0	0
AF	0	0.142099	96	69	27	0	0	0	0
AF	0	0.142411	130	90	40	0	0	0	0
AF	0	0.142723	124	78	46	0	0	0	0
AF	0	0.143036	118	75	43	0	0	0	0
AF	0	0.143348	145	103	42	0	0	0	0
AF	0	0.143660	153	109	44	0	0	0	0
AF	0	0.143973	131	96	35	0	0	0	0
AF	0	0.144285	146	96	50	0	0	0	0
AF	0	0.144597	125	85	40	0	0	0	0
AF	0	0.144909	150	96	54	0	0	0	0
AF	0	0.145222	100	66	34	0	0	0	0
AF	0	0.145534	136	95	41	0	0	0	0
AF	0	0.145846	233	157	76	0	0	0	0
AF	0	0.146159	154	104	50	0	0	0	0
AF	0	0.146471	154	98	56	0	0	0	0
AF	0	0.146783	140	91	49	0	0	0	0
AF	0	0.147096	139	99	40	0	0	0	0
AF	0	0.147408	99	64	35	0	0	0	0
AF	0	0.147720	115	79	36	0	0	0	0
AF	0	0.148032	116	78	38	0	0	0	0
AF	0	0.148345	123	87	36	0	0	0	0
AF	0	0.148657	156	105	51	0	0	0	0
AF	0	0.148969	115	85	30	0	0	0	0
AF	0	0.149282	144	98	46	0	0	0	0
AF	0	0.149594	141	105	36	0	0	0	0
AF	0	0.149906	143	98	45	0	0	0	0
AF	0	0.150219	127	93	34	0	0	0	0
AF	0	0.150531	142	90	52	0	0	0	0
AF	0	0.150843	173	121	52	0	0	0	0
AF	0	0.151156	95	59	36	0	0	0	0
AF	0	0.151468	117	81	36	0	0	0	0
AF	0	0.151780	132	98	34	0	0	0	0
AF	0	0.152092	137	89	48	0	0	0	0
AF	0	0.152405	148	106	42	0	0	0	0
AF	0	0.152717	140	92	48	0	0	0	0
AF	0	0.153029	132	86	46	0	0	0	0
AF	0	0.153342	108	78	30	0	0	0	0
AF	0	0.153654	129	82	47	0	0	0	0
AF	0	0.153966	108	78	30	0	0	0	0
AF	0	0.154279	132	92	40	0	0	0	0
AF	0	0.154591	137	92	45	0	0	0	0
AF	0	0.154903	123	70	53	0	0	0	0
AF	0	0.155215	137	96	41	0	0	0	0
AF	0	0.155528	118	82	36	0	0	0	0
AF	0	0.155840	122	81	41	0	0	0	0
AF	0	0.156152	119	81	38	0	0	0	0
AF	0	0.156465	129	87	42	0	0	0	0
AF	0	0.156777	156	102	54	0	0	0	0
AF	0	0.157089	156	111	45	0	0	0	0
AF	0	0.157402	152	103	49	0	0	0	0
AF	0	0.157714	144	100	44	0	0	0	0
AF	0	0.158026	108	78	30	0	0	0	0
AF	0	0.158339	124	80	44	0	0	0	0
AF	0	0.158651	122	80	42	0	0	0	0
AF	0	0.158963	117	81	36	0	0	0	0
AF	0	0.159275	154	102	52	0	0	0	0
AF	0	0.159588	105	74	31	0	0	0	0
AF	0	0.159900	122	71	51	0	0	0	0
AF	0	0.160212	113	72	41	0	0	0	0
AF	0	0.160525	103	73	30	0	0	0	0
AF	0	0.160837	115	75	40	0	0	0	0
AF	0	0.161149	139	91	48	0	0	0	0
AF	0	0.161462	144	89	55	0	0	0	0
AF	0	0.161774	147	89	58	0	0	0	0
AF	0	0.162086	144	99	45	0	0	0	0
AF	0	0.162399	113	77	36	0	0	0	0
AF	0	0.162711	114	73	41	0	0	0	0
AF	0	0.163023	104	75	29	0	0	0	0
AF	0	0.163335	177	117	60	0	0	0	0
AF	0	0.163648	115	78	37	0	0	0	0
AF	0	0.163960	127	92	35	0	0	0	0
AF	0	0.164272	98	66	32	0	0	0	0
AF	0	0.164585	142	99	43	0	0	0	0
AF	0	0.164897	124	94	30	0	0	0	0
AF	0	0.165209	113	77	36	0	0	0	0
AF	0	0.165522	94	64	30	0	0	0	0
AF	0	0.165834	126	91	35	0	0	0	0
AF	0	0.166146	80	56	24	0	0	0	0
AF	0	0.166458	81	57	24	0	0	0	0
AF	0	0.166771	107	73	34	0	0	0	0
AF	0	0.167083	112	65	47	0	0	0	0
AF	0	0.167395	123	84	39	0	0	0	0
AF	0	0.167708	134	95	39	0	0	0	0
AF	0	0.168020	117	78	39	0	0	0	0
AF	0	0.168332	130	83	47	0	0	0	0
AF	0	0.168645	116	89	27	0	0	0	0
AF	0	0.168957	106	69	37	0	0	0	0
AF	0	0.169269	116	69	47	0	0	0	0
AF	0	0.169582	121	83	38	0	0	0	0
AF	0	0.169894	106	72	34	0	0	0	0
AF	0	0.170206	113	74	39	0	0	0	0
AF	0	0.170518	153	105	48	0	0	0	0
AF	0	0.170831	131	92	39	0	0	0	0
AF	0	0.171143	109	71	38	0	0	0	0
AF	0	0.171455	113	66	47	0	0	0	0
AF	0	0.171768	97	61	36	0	0	0	0
AF	0	0.172080	120	72	48	0	0	0	0
AF	0	0.172392	83	56	27	0	0	0	0
AF	0	0.172705	97	64	33	0	0	0	0
AF	0	0.173017	115	86	29	0	0	0	0
AF	0	0.173329	135	96	39	0	0	0	0
AF	0	0.173641	145	93	52	0	0	0	0
AF	0	0.173954	85	54	31	0	0	0	0
AF	0	0.174266	95	69	26	0	0	0	0
AF	0	0.174578	121	89	32	0	0	0	0
AF	0	0.174891	108	72	36	0	0	0	0
AF	0	0.175203	110	80	30	0	0	0	0
AF	0	0.175515	115	86	29	0	0	0	0
AF	0	0.175828	88	57	31	0	0	0	0
AF	0	0.176140	129	95	34	0	0	0	0
AF	0	0.176452	105	65	40	0	0	0	0
AF	0	0.176765	107	64	43	0	0	0	0
AF	0	0.177077	127	78	49	0	0	0	0
AF	0	0.177389	126	86	40	0	0	0	0
AF	0	0.177701	113	84	29	0	0	0	0
AF	0	0.178014	113	77	36	0	0	0	0
AF	0	0.178326	110	84	26	0	0	0	0
AF	0	0.178638	95	61	34	0	0	0	0
AF	0	0.178951	118	70	48	0	0	0	0
AF	0	0.179263	124	77	47	0	0	0	0
AF	0	0.179575	130	81	49	0	0	0	0
AF	0	0.179888	106	74	32	0	0	0	0
AF	0	0.180200	125	87	38	0	0	0	0
AF	0	0.180512	129	87	42	0	0	0	0
AF	0	0.180824	109	76	33	0	0	0	0
AF	0	0.181137	147	94	53	0	0	0	0
AF	0	0.181449	105	58	47	0	0	0	0
AF	0	0.181761	111	76	35	0	0	0	0
AF	0	0.182074	109	67	42	0	0	0	0
AF	0	0.182386	135	80	55	0	0	0	0
AF	0	0.182698	125	86	39	0	0	0	0
AF	0	0.183011	129	90	39	0	0	0	0
AF	0	0.183323	133	87	46	0	0	0	0
AF	0	0.183635	126	88	38	0	0	0	0
AF	0	0.183948	155	96	59	0	0	0	0
AF	0	0.184260	113	78	35	0	0	0	0
AF	0	0.184572	110	77	33	0	0	0	0
AF	0	0.184884	137	102	35	0	0	0	0
AF	0	0.185197	130	87	43	0	0	0	0
AF	0	0.185509	101	67	34	0	0	0	0
AF	0	0.185821	141	88	53	0	0	0	0
AF	0	0.186134	117	89	28	0	0	0	0
AF	0	0.186446	105	70	35	0	0	0	0
AF	0	0.186758	124	85	39	0	0	0	0
AF	0	0.187071	145	103	42	0	0	0	0
AF	0	0.187383	132	91	41	0	0	0	0
AF	0	0.187695	94	61	33	0	0	0	0
AF	0	0.188007	120	74	46	0	0	0	0
AF	0	0.188320	141	93	48	0	0	0	0
AF	0	0.188632	85	55	30	0	0	0	0
AF	0	0.188944	105	78	27	0	0	0	0
AF	0	0.189257	105	64	41	0	0	0	0
AF	0	0.189569	104	69	35	0	0	0	0
AF	0	0.189881	116	75	41	0	0	0	0
AF	0	0.190194	132	91	41	0	0	0	0
AF	0	0.190506	100	65	35	0	0	0	0
AF	0	0.190818	103	71	32	0	0	0	0
AF	0	0.191131	101	64	37	0	0	0	0
AF	0	0.191443	116	80	36	0	0	0	0
AF	0	0.191755	129	90	39	0	0	0	0
AF	0	0.192067	117	79	38	0	0	0	0
AF	0	0.192380	106	69	37	0	0	0	0
AF	0	0.192692	97	69	28	0	0	0	0
AF	0	0.193004	89	63	26	0	0	0	0
AF	0	0.193317	101	72	29	0	0	0	0
AF	0	0.193629	110	69	41	0	0	0	0
AF	0	0.193941	136	100	36	0	0	0	0
AF	0	0.194254	116	66	50	0	0	0	0
AF	0	0.194566	129	89	40	0	0	0	0
AF	0	0.194878	100	69	31	0	0	0	0
AF	0	0.195191	132	78	54	0	0	0	0
AF	0	0.195503	117	78	39	0	0	0	0
AF	0	0.195815	120	85	35	0	0	0	0
AF	0	0.196127	112	75	37	0	0	0	0
AF	0	0.196440	106	73	33	0	0	0	0
AF	0	0.196752	115	72	43	0	0	0	0
AF	0	0.197064	107	76	31	0	0	0	0
AF	0	0.197377	112	79	33	0	0	0	0
AF	0	0.197689	112	78	34	0	0	0	0
AF	0	0.198001	121	80	41	0	0	0	0
AF	0	0.198314	139	89	50	0	0	0	0
AF	0	0.198626	125	83	42	0	0	0	0
AF	0	0.198938	116	84	32	0	0	0	0
AF	0	0.199250	129	89	40	0	0	0	0
AF	0	0.199563	128	86	42	0	0	0	0
AF	0	0.199875	130	87	43	0	0	0	0
AF	0	0.200187	119	82	37	0	0	0	0
AF	0	0.200500	175	106	69	0	0	0	0
AF	0	0.200812	103	72	31	0	0	0	0
AF	0	0.201124	106	73	33	0	0	0	0
AF	0	0.201437	122	87	35	0	0	0	0
AF	0	0.201749	96	60	36	0	0	0	0
AF	0	0.202061	98	68	30	0	0	0	0
AF	0	0.202374	140	92	48	0	0	0	0
AF	0	0.202686	117	85	32	0	0	0	0
AF	0	0.202998	130	83	47	0	0	0	0
AF	0	0.203310	97	62	35	0	0	0	0
AF	0	0.203623	131	85	46	0	0	0	0
AF	0	0.203935	110	74	36	0	0	0	0
AF	0	0.204247	85	58	27	0	0	0	0
AF	0	0.204560	102	68	34	0	0	0	0
AF	0	0.204872	97	64	33	0	0	0	0
AF	0	0.205184	82	51	31	0	0	0	0
AF	0	0.205497	106	71	35	0	0	0	0
AF	0	0.205809	136	90	46	0	0	0	0
AF	0	0.206121	134	101	33	0	0	0	0
AF	0	0.206433	102	67	35	0	0	0	0
AF	0	0.206746	111	76	35	0	0	0	0
AF	0	0.207058	117	84	33	0	0	0	0
AF	0	0.207370	100	68	32	0	0	0	0
AF	0	0.207683	114	77	37	0	0	0	0
AF	0	0.207995	93	65	28	0	0	0	0
AF	0	0.208307	107	71	36	0	0	0	0
AF	0	0.208620	107	69	38	0	0	0	0
AF	0	0.208932	103	65	38	0	0	0	0
AF	0	0.209244	120	82	38	0	0	0	0
AF	0	0.209557	94	66	28	0	0	0	0
AF	0	0.209869	89	60	29	0	0	0	0
AF	0	0.210181	142	99	43	0	0	0	0
AF	0	0.210493	130	85	45	0	0	0	0
AF	0	0.210806	117	87	30	0	0	0	0
AF	0	0.211118	125	85	40	0	0	0	0
AF	0	0.211430	120	76	44	0	0	0	0
AF	0	0.211743	89	63	26	0	0	0	0
AF	0	0.212055	116	75	41	0	0	0	0
AF	0	0.212367	98	58	40	0	0	0	0
AF	0	0.212680	101	70	31	0	0	0	0
AF	0	0.212992	106	71	35	0	0	0	0
AF	0	0.213304	89	56	33	0	0	0	0
AF	0	0.213616	94	66	28	0	0	0	0
AF	0	0.213929	128	87	41	0	0	0	0
AF	0	0.214241	124	85	39	0	0	0	0
AF	0	0.214553	113	82	31	0	0	0	0
AF	0	0.214866	84	58	26	0	0	0	0
AF	0	0.215178	93	65	28	0	0	0	0
AF	0	0.215490	92	59	33	0	0	0	0
AF	0	0.215803	106	69	37	0	0	0	0
AF	0	0.216115	118	84	34	0	0	0	0
AF	0	0.216427	124	81	43	0	0	0	0
AF	0	0.216740	119	76	43	0	0	0	0
AF	0	0.217052	123	80	43	0	0	0	0
AF	0	0.217364	108	73	35	0	0	0	0
AF	0	0.217676	102	69	33	0	0	0	0
AF	0	0.217989	115	76	39	0	0	0	0
AF	0	0.218301	147	98	49	0	0	0	0
AF	0	0.218613	125	82	43	0	0	0	0
AF	0	0.218926	121	85	36	0	0	0	0
AF	0	0.219238	97	64	33	0	0	0	0
AF	0	0.219550	119	87	32	0	0	0	0
AF	0	0.219863	108	74	34	0	0	0	0
AF	0	0.220175	88	58	30	0	0	0	0
AF	0	0.220487	98	67	31	0	0	0	0
AF	0	0.220800	88	59	29	0	0	0	0
AF	0	0.221112	72	53	19	0	0	0	0
AF	0	0.221424	91	62	29	0	0	0	0
AF	0	0.221736	122	84	38	0	0	0	0
AF	0	0.222049	99	75	24	0	0	0	0
AF	0	0.222361	88	50	38	0	0	0	0
AF	0	0.222673	86	60	26	0	0	0	0
AF	0	0.222986	111	69	42	0	0	0	0
AF	0	0.223298	96	64	32	0	0	0	0
AF	0	0.223610	112	85	27	0	0	0	0
AF	0	0.223923	95	60	35	0	0	0	0
AF	0	0.224235	106	66	40	0	0	0	0
AF	0	0.224547	107	76	31	0	0	0	0
AF	0	0.224859	86	62	24	0	0	0	0
AF	0	0.225172	91	68	23	0	0	0	0
AF	0	0.225484	71	51	20	0	0	0	0
AF	0	0.225796	70	41	29	0	0	0	0
AF	0	0.226109	84	55	29	0	0	0	0
AF	0	0.226421	81	57	24	0	0	0	0
AF	0	0.226733	101	66	35	0	0	0	0
AF	0	0.227046	117	77	40	0	0	0	0
AF	0	0.227358	156	115	41	0	0	0	0
AF	0	0.227670	87	54	33	0	0	0	0
AF	0	0.227983	107	71	36	0	0	0	0
AF	0	0.228295	80	58	22	0	0	0	0
AF	0	0.228607	89	60	29	0	0	0	0
AF	0	0.228919	88	58	30	0	0	0	0
AF	0	0.229232	77	57	20	0	0	0	0
AF	0	0.229544	86	51	35	0	0	0	0
AF	0	0.229856	80	48	32	0	0	0	0
AF	0	0.230169	82	54	28	0	0	0	0
AF	0	0.230481	76	51	25	0	0	0	0
AF	0	0.230793	76	57	19	0	0	0	0
AF	0	0.231106	101	73	28	0	0	0	0
AF	0	0.231418	81	53	28	0	0	0	0
AF	0	0.231730	79	59	20	0	0	0	0
AF	0	0.232042	101	66	35	0	0	0	0
AF	0	0.232355	80	50	30	0	0	0	0
AF	0	0.232667	91	67	24	0	0	0	0
AF	0	0.232979	80	48	32	0	0	0	0
AF	0	0.233292	92	68	24	0	0	0	0
AF	0	0.233604	73	46	27	0	0	0	0
AF	0	0.233916	84	58	26	0	0	0	0
AF	0	0.234229	81	50	31	0	0	0	0
AF	0	0.234541	83	62	21	0	0	0	0
AF	0	0.234853	78	59	19	0	0	0	0
AF	0	0.235166	96	61	35	0	0	0	0
AF	0	0.235478	92	62	30	0	0	0	0
AF	0	0.235790	90	68	22	0	0	0	0
AF	0	0.236102	84	56	28	0	0	0	0
AF	0	0.236415	66	42	24	0	0	0	0
AF	0	0.236727	88	57	31	0	0	0	0
AF	0	0.237039	72	43	29	0	0	0	0
AF	0	0.237352	122	78	44	0	0	0	0
AF	0	0.237664	93	64	29	0	0	0	0
AF	0	0.237976	100	62	38	0	0	0	0
AF	0	0.238289	112	76	36	0	0	0	0
AF	0	0.238601	102	73	29	0	0	0	0
AF	0	0.238913	90	70	20	0	0	0	0
AF	0	0.239225	90	62	28	0	0	0	0
AF	0	0.239538	85	59	26	0	0	0	0
AF	0	0.239850	97	70	27	0	0	0	0
AF	0	0.240162	94	65	29	0	0	0	0
AF	0	0.240475	98	64	34	0	0	0	0
AF	0	0.240787	89	61	28	0	0	0	0
AF	0	0.241099	71	50	21	0	0	0	0
AF	0	0.241412	81	54	27	0	0	0	0
AF	0	0.241724	99	61	38	0	0	0	0
AF	0	0.242036	79	57	22	0	0	0	0
AF	0	0.242349	95	71	24	0	0	0	0
AF	0	0.242661	102	69	33	0	0	0	0
AF	0	0.242973	112	75	37	0	0	0	0
AF	0	0.243285	97	58	39	0	0	0	0
AF	0	0.243598	93	64	29	0	0	0	0
AF	0	0.243910	104	67	37	0	0	0	0
AF	0	0.244222	96	61	35	0	0	0	0
AF	0	0.244535	83	59	24	0	0	0	0
AF	0	0.244847	68	45	23	0	0	0	0
AF	0	0.245159	75	51	24	0	0	0	0
AF	0	0.245472	85	61	24	0	0	0	0
AF	0	0.245784	81	65	16	0	0	0	0
AF	0	0.246096	78	51	27	0	0	0	0
AF	0	0.246408	77	48	29	0	0	0	0
AF	0	0.246721	79	53	26	0	0	0	0
AF	0	0.247033	85	49	36	0	0	0	0
AF	0	0.247345	68	42	26	0	0	0	0
AF	0	0.247658	103	71	32	0	0	0	0
AF	0	0.247970	75	55	20	0	0	0	0
AF	0	0.248282	86	58	28	0	0	0	0
AF	0	0.248595	99	67	32	0	0	0	0
AF	0	0.248907	83	47	36	0	0	0	0
AF	0	0.249219	92	61	31	0	0	0	0
AF	0	0.249532	73	48	25	0	0	0	0
AF	0	0.249844	94	63	31	0	0	0	0
AF	0	0.250156	92	72	20	0	0	0	0
AF	0	0.250468	88	54	34	0	0	0	0
AF	0	0.250781	89	60	29	0	0	0	0
AF	0	0.251093	88	57	31	0	0	0	0
AF	0	0.251405	86	62	24	0	0	0	0
AF	0	0.251718	88	59	29	0	0	0	0
AF	0	0.252030	105	62	43	0	0	0	0
AF	0	0.252342	94	69	25	0	0	0	0
AF	0	0.252655	118	86	32	0	0	0	0
AF	0	0.252967	109	74	35	0	0	0	0
AF	0	0.253279	104	68	36	0	0	0	0
AF	0	0.253592	103	72	31	0	0	0	0
AF	0	0.253904	86	63	23	0	0	0	0
AF	0	0.254216	71	45	26	0	0	0	0
AF	0	0.254528	62	41	21	0	0	0	0
AF	0	0.254841	72	48	24	0	0	0	0
AF	0	0.255153	85	59	26	0	0	0	0
AF	0	0.255465	90	68	22	0	0	0	0
AF	0	0.255778	63	41	22	0	0	0	0
AF	0	0.256090	82	57	25	0	0	0	0
AF	0	0.256402	90	63	27	0	0	0	0
AF	0	0.256715	69	48	21	0	0	0	0
AF	0	0.257027	69	45	24	0	0	0	0
AF	0	0.257339	90	55	35	0	0	0	0
AF	0	0.257651	72	45	27	0	0	0	0
AF	0	0.257964	89	63	26	0	0	0	0
AF	0	0.258276	73	61	12	0	0	0	0
AF	0	0.258588	62	42	20	0	0	0	0
AF	0	0.258901	86	63	23	0	0	0	0
AF	0	0.259213	107	70	37	0	0	0	0
AF	0	0.259525	98	69	29	0	0	0	0
AF	0	0.259838	109	77	32	0	0	0	0
AF	0	0.260150	67	44	23	0	0	0	0
AF	0	0.260462	87	51	36	0	0	0	0
AF	0	0.260775	77	49	28	0	0	0	0
AF	0	0.261087	91	61	30	0	0	0	0
AF	0	0.261399	73	42	31	0	0	0	0
AF	0	0.261711	71	47	24	0	0	0	0
AF	0	0.262024	73	51	22	0	0	0	0
AF	0	0.262336	79	48	31	0	0	0	0
AF	0	0.262648	85	57	28	0	0	0	0
AF	0	0.262961	92	67	25	0	0	0	0
AF	0	0.263273	90	61	29	0	0	0	0
AF	0	0.263585	94	62	32	0	0	0	0
AF	0	0.263898	91	66	25	0	0	0	0
AF	0	0.264210	64	40	24	0	0	0	0
AF	0	0.264522	83	62	21	0	0	0	0
AF	0	0.264834	91	64	27	0	0	0	0
AF	0	0.265147	115	78	37	0	0	0	0
AF	0	0.265459	91	69	22	0	0	0	0
AF	0	0.265771	70	49	21	0	0	0	0
AF	0	0.266084	65	46	19	0	0	0	0
AF	0	0.266396	92	67	25	0	0	0	0
AF	0	0.266708	77	57	20	0	0	0	0
AF	0	0.267021	76	48	28	0	0	0	0
AF	0	0.267333	87	66	21	0	0	0	0
AF	0	0.267645	84	56	28	0	0	0	0
AF	0	0.267958	69	43	26	0	0	0	0
AF	0	0.268270	79	58	21	0	0	0	0
AF	0	0.268582	109	80	29	0	0	0	0
AF	0	0.268894	83	47	36	0	0	0	0
AF	0	0.269207	72	49	23	0	0	0	0
AF	0	0.269519	84	59	25	0	0	0	0
AF	0	0.269831	64	41	23	0	0	0	0
AF	0	0.270144	68	46	22	0	0	0	0
AF	0	0.270456	73	57	16	0	0	0	0
AF	0	0.270768	72	49	23	0	0	0	0
AF	0	0.271081	64	48	16	0	0	0	0
AF	0	0.271393	71	47	24	0	0	0	0
AF	0	0.271705	98	66	32	0	0	0	0
AF	0	0.272017	81	53	28	0	0	0	0
AF	0	0.272330	78	61	17	0	0	0	0
AF	0	0.272642	73	52	21	0	0	0	0
AF	0	0.272954	79	50	29	0	0	0	0
AF	0	0.273267	61	44	17	0	0	0	0
AF	0	0.273579	73	53	20	0	0	0	0
AF	0	0.273891	83	53	30	0	0	0	0
AF	0	0.274204	66	39	27	0	0	0	0
AF	0	0.274516	80	49	31	0	0	0	0
AF	0	0.274828	66	47	19	0	0	0	0
AF	0	0.275141	63	38	25	0	0	0	0
AF	0	0.275453	68	50	18	0	0	0	0
AF	0	0.275765	70	52	18	0	0	0	0
AF	0	0.276077	86	56	30	0	0	0	0
AF	0	0.276390	83	55	28	0	0	0	0
AF	0	0.276702	127	78	49	0	0	0	0
AF	0	0.277014	132	85	47	0	0	0	0
AF	0	0.277327	76	60	16	0	0	0	0
AF	0	0.277639	87	60	27	0	0	0	0
AF	0	0.277951	69	53	16	0	0	0	0
AF	0	0.278264	86	56	30	0	0	0	0
AF	0	0.278576	81	46	35	0	0	0	0
AF	0	0.278888	84	61	23	0	0	0	0
AF	0	0.279200	74	44	30	0	0	0	0
AF	0	0.279513	62	44	18	0	0	0	0
AF	0	0.279825	68	48	20	0	0	0	0
AF	0	0.280137	73	50	23	0	0	0	0
AF	0	0.280450	72	49	23	0	0	0	0
AF	0	0.280762	104	75	29	0	0	0	0
AF	0	0.281074	84	57	27	0	0	0	0
AF	0	0.281387	64	43	21	0	0	0	0
AF	0	0.281699	82	51	31	0	0	0	0
AF	0	0.282011	106	75	31	0	0	0	0
AF	0	0.282324	72	46	26	0	0	0	0
AF	0	0.282636	102	72	30	0	0	0	0
AF	0	0.282948	92	59	33	0	0	0	0
AF	0	0.283260	104	70	34	0	0	0	0
AF	0	0.283573	114	75	39	0	0	0	0
AF	0	0.283885	91	61	30	0	0	0	0
AF	0	0.284197	112	70	42	0	0	0	0
AF	0	0.284510	59	38	21	0	0	0	0
AF	0	0.284822	63	41	22	0	0	0	0
AF	0	0.285134	52	38	14	0	0	0	0
AF	0	0.285447	61	42	19	0	0	0	0
AF	0	0.285759	80	58	22	0	0	0	0
AF	0	0.286071	70	43	27	0	0	0	0
AF	0	0.286384	85	65	20	0	0	0	0
AF	0	0.286696	80	52	28	0	0	0	0
AF	0	0.287008	91	65	26	0	0	0	0
AF	0	0.287320	88	63	25	0	0	0	0
AF	0	0.287633	89	58	31	0	0	0	0
AF	0	0.287945	95	73	22	0	0	0	0
AF	0	0.288257	79	60	19	0	0	0	0
AF	0	0.288570	70	48	22	0	0	0	0
AF	0	0.288882	71	50	21	0	0	0	0
AF	0	0.289194	66	42	24	0	0	0	0
AF	0	0.289507	72	43	29	0	0	0	0
AF	0	0.289819	88	58	30	0	0	0	0
AF	0	0.290131	86	58	28	0	0	0	0
AF	0	0.290443	74	50	24	0	0	0	0
AF	0	0.290756	78	53	25	0	0	0	0
AF	0	0.291068	61	43	18	0	0	0	0
AF	0	0.291380	82	64	18	0	0	0	0
AF	0	0.291693	72	52	20	0	0	0	0
AF	0	0.292005	68	45	23	0	0	0	0
AF	0	0.292317	69	39	30	0	0	0	0
AF	0	0.292630	84	64	20	0	0	0	0
AF	0	0.292942	81	49	32	0	0	0	0
AF	0	0.293254	92	57	35	0	0	0	0
AF	0	0.293567	89	52	37	0	0	0	0
AF	0	0.293879	99	70	29	0	0	0	0
AF	0	0.294191	90	61	29	0	0	0	0
AF	0	0.294503	66	39	27	0	0	0	0
AF	0	0.294816	81	57	24	0	0	0	0
AF	0	0.295128	78	49	29	0	0	0	0
AF	0	0.295440	79	54	25	0	0	0	0
AF	0	0.295753	96	60	36	0	0	0	0
AF	0	0.296065	84	62	22	0	0	0	0
AF	0	0.296377	96	60	36	0	0	0	0
AF	0	0.296690	67	48	19	0	0	0	0
AF	0	0.297002	74	47	27	0	0	0	0
AF	0	0.297314	74	55	19	0	0	0	0
AF	0	0.297626	67	37	30	0	0	0	0
AF	0	0.297939	66	48	18	0	0	0	0
AF	0	0.298251	82	51	31	0	0	0	0
AF	0	0.298563	74	53	21	0	0	0	0
AF	0	0.298876	69	46	23	0	0	0	0
AF	0	0.299188	62	39	23	0	0	0	0
AF	0	0.299500	82	66	16	0	0	0	0
AF	0	0.299813	75	52	23	0	0	0	0
AF	0	0.300125	63	48	15	0	0	0	0
AF	0	0.300437	78	54	24	0	0	0	0
AF	0	0.300750	85	59	26	0	0	0	0
AF	0	0.301062	73	50	23	0	0	0	0
AF	0	0.301374	132	95	37	0	0	0	0
AF	0	0.301686	72	44	28	0	0	0	0
AF	0	0.301999	62	38	24	0	0	0	0
AF	0	0.302311	92	63	29	0	0	0	0
AF	0	0.302623	68	47	21	0	0	0	0
AF	0	0.302936	105	76	29	0	0	0	0
AF	0	0.303248	102	71	31	0	0	0	0
AF	0	0.303560	90	61	29	0	0	0	0
AF	0	0.303873	74	49	25	0	0	0	0
AF	0	0.304185	98	77	21	0	0	0	0
AF	0	0.304497	67	45	22	0	0	0	0
AF	0	0.304809	62	40	22	0	0	0	0
AF	0	0.305122	62	41	21	0	0	0	0
AF	0	0.305434	71	42	29	0	0	0	0
AF	0	0.305746	55	41	14	0	0	0	0
AF	0	0.306059	53	31	22	0	0	0	0
AF	0	0.306371	46	25	21	0	0	0	0
AF	0	0.306683	61	36	25	0	0	0	0
AF	0	0.306996	63	38	25	0	0	0	0
AF	0	0.307308	64	43	21	0	0	0	0
AF	0	0.307620	58	42	16	0	0	0	0
AF	0	0.307933	73	52	21	0	0	0	0
AF	0	0.308245	64	44	20	0	0	0	0
AF	0	0.308557	119	83	36	0	0	0	0
AF	0	0.308869	95	74	21	0	0	0	0
AF	0	0.309182	105	67	38	0	0	0	0
AF	0	0.309494	104	69	35	0	0	0	0
AF	0	0.309806	55	36	19	0	0	0	0
AF	0	0.310119	62	49	13	0	0	0	0
AF	0	0.310431	78	51	27	0	0	0	0
AF	0	0.310743	56	34	22	0	0	0	0
AF	0	0.311056	48	43	5	0	0	0	0
AF	0	0.311368	69	52	17	0	0	0	0
AF	0	0.311680	62	47	15	0	0	0	0
AF	0	0.311993	76	59	17	0	0	0	0
AF	0	0.312305	72	51	21	0	0	0	0
AF	0	0.312617	80	54	26	0	0	0	0
AF	0	0.312929	67	45	22	0	0	0	0
AF	0	0.313242	66	44	22	0	0	0	0
AF	0	0.313554	69	45	24	0	0	0	0
AF	0	0.313866	77	55	22	0	0	0	0
AF	0	0.314179	59	39	20	0	0	0	0
AF	0	0.314491	70	52	18	0	0	0	0
AF	0	0.314803	79	54	25	0	0	0	0
AF	0	0.315116	89	68	21	0	0	0	0
AF	0	0.315428	74	44	30	0	0	0	0
AF	0	0.315740	71	46	25	0	0	0	0
AF	0	0.316052	72	46	26	0	0	0	0
AF	0	0.316365	98	70	28	0	0	0	0
AF	0	0.316677	82	51	31	0	0	0	0
AF	0	0.316989	54	39	15	0	0	0	0
AF	0	0.317302	69	39	30	0	0	0	0
AF	0	0.317614	54	38	16	0	0	0	0
AF	0	0.317926	69	48	21	0	0	0	0
AF	0	0.318239	67	43	24	0	0	0	0
AF	0	0.318551	77	54	23	0	0	0	0
AF	0	0.318863	62	47	15	0	0	0	0
AF	0	0.319176	53	33	20	0	0	0	0
AF	0	0.319488	69	47	22	0	0	0	0
AF	0	0.319800	56	33	23	0	0	0	0
AF	0	0.320112	71	52	19	0	0	0	0
AF	0	0.320425	54	40	14	0	0	0	0
AF	0	0.320737	70	46	24	0	0	0	0
AF	0	0.321049	76	57	19	0	0	0	0
AF	0	0.321362	67	44	23	0	0	0	0
AF	0	0.321674	61	48	13	0	0	0	0
AF	0	0.321986	62	38	24	0	0	0	0
AF	0	0.322299	67	41	26	0	0	0	0
AF	0	0.322611	73	47	26	0	0	0	0
AF	0	0.322923	90	60	30	0	0	0	0
AF	0	0.323235	84	56	28	0	0	0	0
AF	0	0.323548	85	51	34	0	0	0	0
AF	0	0.323860	81	48	33	0	0	0	0
AF	0	0.324172	56	36	20	0	0	0	0
AF	0	0.324485	60	45	15	0	0	0	0
AF	0	0.324797	59	42	17	0	0	0	0
AF	0	0.325109	66	51	15	0	0	0	0
AF	0	0.325422	63	42	21	0	0	0	0
AF	0	0.325734	52	29	23	0	0	0	0
AF	0	0.326046	59	42	17	0	0	0	0
AF	0	0.326359	58	42	16	0	0	0	0
AF	0	0.326671	63	43	20	0	0	0	0
AF	0	0.326983	70	46	24	0	0	0	0
AF	0	0.327295	54	38	16	0	0	0	0
AF	0	0.327608	56	41	15	0	0	0	0
AF	0	0.327920	59	40	19	0	0	0	0
AF	0	0.328232	78	65	13	0	0	0	0
AF	0	0.328545	68	42	26	0	0	0	0
AF	0	0.328857	64	38	26	0	0	0	0
AF	0	0.329169	54	33	21	0	0	0	0
AF	0	0.329482	59	37	22	0	0	0	0
AF	0	0.329794	40	29	11	0	0	0	0
AF	0	0.330106	60	40	20	0	0	0	0
AF	0	0.330418	67	43	24	0	0	0	0
AF	0	0.330731	69	48	21	0	0	0	0
AF	0	0.331043	60	43	17	0	0	0	0
AF	0	0.331355	48	28	20	0	0	0	0
AF	0	0.331668	71	50	21	0	0	0	0
AF	0	0.331980	69	38	31	0	0	0	0
AF	0	0.332292	45	34	11	0	0	0	0
AF	0	0.332605	65	40	25	0	0	0	0
AF	0	0.332917	65	47	18	0	0	0	0
AF	0	0.333229	81	62	19	0	0	0	0
AF	0	0.333542	74	53	21	0	0	0	0
AF	0	0.333854	89	60	29	0	0	0	0
AF	0	0.334166	70	45	25	0	0	0	0
AF	0	0.334478	65	42	23	0	0	0	0
AF	0	0.334791	69	46	23	0	0	0	0
AF	0	0.335103	64	40	24	0	0	0	0
AF	0	0.335415	76	48	28	0	0	0	0
AF	0	0.335728	82	63	19	0	0	0	0
AF	0	0.336040	62	46	16	0	0	0	0
AF	0	0.336352	63	38	25	0	0	0	0
AF	0	0.336665	45	30	15	0	0	0	0
AF	0	0.336977	61	38	23	0	0	0	0
AF	0	0.337289	57	41	16	0	0	0	0
AF	0	0.337601	50	32	18	0	0	0	0
AF	0	0.337914	53	40	13	0	0	0	0
AF	0	0.338226	58	44	14	0	0	0	0
AF	0	0.338538	65	44	21	0	0	0	0
AF	0	0.338851	74	52	22	0	0	0	0
AF	0	0.339163	68	48	20	0	0	0	0
AF	0	0.339475	71	42	29	0	0	0	0
AF	0	0.339788	55	44	11	0	0	0	0
AF	0	0.340100	68	47	21	0	0	0	0
AF	0	0.340412	59	44	15	0	0	0	0
AF	0	0.340725	56	41	15	0	0	0	0
AF	0	0.341037	65	45	20	0	0	0	0
AF	0	0.341349	66	49	17	0	0	0	0
AF	0	0.341661	57	42	15	0	0	0	0
AF	0	0.341974	61	40	21	0	0	0	0
AF	0	0.342286	64	46	18	0	0	0	0
AF	0	0.342598	76	50	26	0	0	0	0
AF	0	0.342911	59	45	14	0	0	0	0
AF	0	0.343223	68	50	18	0	0	0	0
AF	0	0.343535	53	39	14	0	0	0	0
AF	0	0.343848	44	38	6	0	0	0	0
AF	0	0.344160	57	37	20	0	0	0	0
AF	0	0.344472	50	35	15	0	0	0	0
AF	0	0.344785	56	37	19	0	0	0	0
AF	0	0.345097	45	22	23	0	0	0	0
AF	0	0.345409	43	31	12	0	0	0	0
AF	0	0.345721	57	42	15	0	0	0	0
AF	0	0.346034	54	40	14	0	0	0	0
AF	0	0.346346	51	40	11	0	0	0	0
AF	0	0.346658	53	31	22	0	0	0	0
AF	0	0.346971	64	44	20	0	0	0	0
AF	0	0.347283	110	77	33	0	0	0	0
AF	0	0.347595	73	50	23	0	0	0	0
AF	0	0.347908	53	32	21	0	0	0	0
AF	0	0.348220	54	39	15	0	0	0	0
AF	0	0.348532	67	40	27	0	0	0	0
AF	0	0.348844	74	46	28	0	0	0	0
AF	0	0.349157	58	38	20	0	0	0	0
AF	0	0.349469	49	29	20	0	0	0	0
AF	0	0.349781	48	31	17	0	0	0	0
AF	0	0.350094	59	34	25	0	0	0	0
AF	0	0.350406	70	48	22	0	0	0	0
AF	0	0.350718	81	51	30	0	0	0	0
AF	0	0.351031	53	37	16	0	0	0	0
AF	0	0.351343	58	43	15	0	0	0	0
AF	0	0.351655	45	32	13	0	0	0	0
AF	0	0.351968	65	38	27	0	0	0	0
AF	0	0.352280	61	45	16	0	0	0	0
AF	0	0.352592	59	40	19	0	0	0	0
AF	0	0.352904	58	42	16	0	0	0	0
AF	0	0.353217	54	37	17	0	0	0	0
AF	0	0.353529	63	43	20	0	0	0	0
AF	0	0.353841	68	44	24	0	0	0	0
AF	0	0.354154	39	30	9	0	0	0	0
AF	0	0.354466	54	32	22	0	0	0	0
AF	0	0.354778	73	54	19	0	0	0	0
AF	0	0.355091	76	57	19	0	0	0	0
AF	0	0.355403	48	37	11	0	0	0	0
AF	0	0.355715	57	31	26	0	0	0	0
AF	0	0.356027	71	48	23	0	0	0	0
AF	0	0.356340	82	59	23	0	0	0	0
AF	0	0.356652	74	53	21	0	0	0	0
AF	0	0.356964	59	42	17	0	0	0	0
AF	0	0.357277	58	37	21	0	0	0	0
AF	0	0.357589	69	46	23	0	0	0	0
AF	0	0.357901	47	28	19	0	0	0	0
AF	0	0.358214	68	41	27	0	0	0	0
AF	0	0.358526	62	40	22	0	0	0	0
AF	0	0.358838	64	36	28	0	0	0	0
AF	0	0.359151	66	43	23	0	0	0	0
AF	0	0.359463	68	44	24	0	0	0	0
AF	0	0.359775	92	62	30	0	0	0	0
AF	0	0.360087	69	54	15	0	0	0	0
AF	0	0.360400	55	38	17	0	0	0	0
AF	0	0.360712	46	32	14	0	0	0	0
AF	0	0.361024	60	40	20	0	0	0	0
AF	0	0.361337	55	37	18	0	0	0	0
AF	0	0.361649	65	36	29	0	0	0	0
AF	0	0.361961	57	37	20	0	0	0	0
AF	0	0.362274	46	34	12	0	0	0	0
AF	0	0.362586	62	44	18	0	0	0	0
AF	0	0.362898	65	50	15	0	0	0	0
AF	0	0.363210	78	57	21	0	0	0	0
AF	0	0.363523	67	45	22	0	0	0	0
AF	0	0.363835	66	45	21	0	0	0	0
AF	0	0.364147	68	44	24	0	0	0	0
AF	0	0.364460	41	33	8	0	0	0	0
AF	0	0.364772	61	41	20	0	0	0	0
AF	0	0.365084	49	36	13	0	0	0	0
AF	0	0.365397	54	38	16	0	0	0	0
AF	0	0.365709	54	36	18	0	0	0	0
AF	0	0.366021	50	38	12	0	0	0	0
AF	0	0.366334	64	45	19	0	0	0	0
AF	0	0.366646	51	41	10	0	0	0	0
AF	0	0.366958	66	47	19	0	0	0	0
AF	0	0.367270	56	34	22	0	0	0	0
AF	0	0.367583	56	38	18	0	0	0	0
AF	0	0.367895	46	30	16	0	0	0	0
AF	0	0.368207	45	35	10	0	0	0	0
AF	0	0.368520	55	37	18	0	0	0	0
AF	0	0.368832	57	37	20	0	0	0	0
AF	0	0.369144	55	35	20	0	0	0	0
AF	0	0.369457	37	27	10	0	0	0	0
AF	0	0.369769	57	39	18	0	0	0	0
AF	0	0.370081	61	43	18	0	0	0	0
AF	0	0.370394	58	39	19	0	0	0	0
AF	0	0.370706	47	31	16	0	0	0	0
AF	0	0.371018	36	25	11	0	0	0	0
AF	0	0.371330	56	36	20	0	0	0	0
AF	0	0.371643	40	27	13	0	0	0	0
AF	0	0.371955	67	44	23	0	0	0	0
AF	0	0.372267	71	52	19	0	0	0	0
AF	0	0.372580	55	43	12	0	0	0	0
AF	0	0.372892	38	25	13	0	0	0	0
AF	0	0.373204	47	29	18	0	0	0	0
AF	0	0.373517	46	29	17	0	0	0	0
AF	0	0.373829	43	27	16	0	0	0	0
AF	0	0.374141	64	41	23	0	0	0	0
AF	0	0.374453	48	31	17	0	0	0	0
AF	0	0.374766	47	30	17	0	0	0	0
AF	0	0.375078	48	34	14	0	0	0	0
AF	0	0.375390	59	44	15	0	0	0	0
AF	0	0.375703	63	42	21	0	0	0	0
AF	0	0.376015	45	25	20	0	0	0	0
AF	0	0.376327	81	51	30	0	0	0	0
AF	0	0.376640	72	48	24	0	0	0	0
AF	0	0.376952	70	42	28	0	0	0	0
AF	0	0.377264	83	56	27	0	0	0	0
AF	0	0.377577	42	31	11	0	0	0	0
AF	0	0.377889	59	45	14	0	0	0	0
AF	0	0.378201	59	35	24	0	0	0	0
AF	0	0.378513	69	46	23	0	0	0	0
AF	0	0.378826	60	42	18	0	0	0	0
AF	0	0.379138	81	53	28	0	0	0	0
AF	0	0.379450	56	40	16	0	0	0	0
AF	0	0.379763	58	38	20	0	0	0	0
AF	0	0.380075	34	25	9	0	0	0	0
AF	0	0.380387	57	41	16	0	0	0	0
AF	0	0.380700	67	44	23	0	0	0	0
AF	0	0.381012	74	48	26	0	0	0	0
AF	0	0.381324	65	36	29	0	0	0	0
AF	0	0.381636	67	45	22	0	0	0	0
AF	0	0.381949	72	49	23	0	0	0	0
AF	0	0.382261	64	45	19	0	0	0	0
AF	0	0.382573	57	40	17	0	0	0	0
AF	0	0.382886	58	39	19	0	0	0	0
AF	0	0.383198	49	37	12	0	0	0	0
AF	0	0.383510	55	36	19	0	0	0	0
AF	0	0.383823	42	28	14	0	0	0	0
AF	0	0.384135	56	30	26	0	0	0	0
AF	0	0.384447	57	38	19	0	0	0	0
AF	0	0.384760	66	47	19	0	0	0	0
AF	0	0.385072	72	54	18	0	0	0	0
AF	0	0.385384	57	37	20	0	0	0	0
AF	0	0.385696	58	43	15	0	0	0	0
AF	0	0.386009	54	39	15	0	0	0	0
AF	0	0.386321	59	39	20	0	0	0	0
AF	0	0.386633	37	25	12	0	0	0	0
AF	0	0.386946	55	41	14	0	0	0	0
AF	0	0.387258	54	35	19	0	0	0	0
AF	0	0.387570	54	36	18	0	0	0	0
AF	0	0.387883	61	44	17	0	0	0	0
AF	0	0.388195	61	48	13	0	0	0	0
AF	0	0.388507	42	29	13	0	0	0	0
AF	0	0.388819	37	21	16	0	0	0	0
AF	0	0.389132	40	24	16	0	0	0	0
AF	0	0.389444	47	32	15	0	0	0	0
AF	0	0.389756	40	28	12	0	0	0	0
AF	0	0.390069	61	43	18	0	0	0	0
AF	0	0.390381	61	42	19	0	0	0	0
AF	0	0.390693	33	25	8	0	0	0	0
AF	0	0.391006	46	29	17	0	0	0	0
AF	0	0.391318	43	33	10	0	0	0	0
AF	0	0.391630	51	37	14	0	0	0	0
AF	0	0.391943	46	35	11	0	0	0	0
AF	0	0.392255	61	38	23	0	0	0	0
AF	0	0.392567	48	34	14	0	0	0	0
AF	0	0.392879	50	35	15	0	0	0	0
AF	0	0.393192	47	33	14	0	0	0	0
AF	0	0.393504	52	35	17	0	0	0	0
AF	0	0.393816	38	24	14	0	0	0	0
AF	0	0.394129	61	42	19	0	0	0	0
AF	0	0.394441	45	31	14	0	0	0	0
AF	0	0.394753	52	32	20	0	0	0	0
AF	0	0.395066	49	35	14	0	0	0	0
AF	0	0.395378	48	34	14	0	0	0	0
AF	0	0.395690	53	32	21	0	0	0	0
AF	0	0.396002	61	39	22	0	0	0	0
AF	0	0.396315	55	25	30	0	0	0	0
AF	0	0.396627	37	30	7	0	0	0	0
AF	0	0.396939	35	26	9	0	0	0	0
AF	0	0.397252	36	25	11	0	0	0	0
AF	0	0.397564	65	46	19	0	0	0	0
AF	0	0.397876	70	40	30	0	0	0	0
AF	0	0.398189	47	31	16	0	0	0	0
AF	0	0.398501	44	35	9	0	0	0	0
AF	0	0.398813	43	30	13	0	0	0	0
AF	0	0.399126	44	34	10	0	0	0	0
AF	0	0.399438	42	27	15	0	0	0	0
AF	0	0.399750	53	37	16	0	0	0	0
AF	0	0.400062	46	34	12	0	0	0	0
AF	0	0.400375	32	20	12	0	0	0	0
AF	0	0.400687	40	29	11	0	0	0	0
AF	0	0.400999	39	26	13	0	0	0	0
AF	0	0.401312	45	30	15	0	0	0	0
AF	0	0.401624	48	28	20	0	0	0	0
AF	0	0.401936	63	49	14	0	0	0	0
AF	0	0.402249	49	35	14	0	0	0	0
AF	0	0.402561	64	37	27	0	0	0	0
AF	0	0.402873	75	47	28	0	0	0	0
AF	0	0.403186	58	36	22	0	0	0	0
AF	0	0.403498	67	52	15	0	0	0	0
AF	0	0.403810	55	39	16	0	0	0	0
AF	0	0.404122	56	42	14	0	0	0	0
AF	0	0.404435	38	27	11	0	0	0	0
AF	0	0.404747	74	53	21	0	0	0	0
AF	0	0.405059	62	40	22	0	0	0	0
AF	0	0.405372	47	29	18	0	0	0	0
AF	0	0.405684	59	37	22	0	0	0	0
AF	0	0.405996	65	41	24	0	0	0	0
AF	0	0.406309	58	41	17	0	0	0	0
AF	0	0.406621	54	42	12	0	0	0	0
AF	0	0.406933	52	34	18	0	0	0	0
AF	0	0.407245	43	26	17	0	0	0	0
AF	0	0.407558	42	30	12	0	0	0	0
AF	0	0.407870	31	22	9	0	0	0	0
AF	0	0.408182	38	18	20	0	0	0	0
AF	0	0.408495	51	34	17	0	0	0	0
AF	0	0.408807	44	27	17	0	0	0	0
AF	0	0.409119	76	57	19	0	0	0	0
AF	0	0.409432	77	54	23	0	0	0	0
AF	0	0.409744	67	46	21	0	0	0	0
AF	0	0.410056	52	37	15	0	0	0	0
AF	0	0.410369	47	34	13	0	0	0	0
AF	0	0.410681	44	33	11	0	0	0	0
AF	0	0.410993	60	42	18	0	0	0	0
AF	0	0.411305	38	25	13	0	0	0	0
AF	0	0.411618	42	30	12	0	0	0	0
AF	0	0.411930	38	29	9	0	0	0	0
AF	0	0.412242	30	24	6	0	0	0	0
AF	0	0.412555	38	20	18	0	0	0	0
AF	0	0.412867	39	25	14	0	0	0	0
AF	0	0.413179	42	28	14	0	0	0	0
AF	0	0.413492	40	21	19	0	0	0	0
AF	0	0.413804	34	21	13	0	0	0	0
AF	0	0.414116	41	27	14	0	0	0	0
AF	0	0.414428	44	29	15	0	0	0	0
AF	0	0.414741	60	48	12	0	0	0	0
AF	0	0.415053	43	29	14	0	0	0	0
AF	0	0.415365	37	23	14	0	0	0	0
AF	0	0.415678	47	35	12	0	0	0	0
AF	0	0.415990	51	31	20	0	0	0	0
AF	0	0.416302	40	25	15	0	0	0	0
AF	0	0.416615	49	39	10	0	0	0	0
AF	0	0.416927	61	42	19	0	0	0	0
AF	0	0.417239	36	26	10	0	0	0	0
AF	0	0.417552	59	43	16	0	0	0	0
AF	0	0.417864	51	32	19	0	0	0	0
AF	0	0.418176	48	29	19	0	0	0	0
AF	0	0.418488	49	34	15	0	0	0	0
AF	0	0.418801	44	26	18	0	0	0	0
AF	0	0.419113	48	29	19	0	0	0	0
AF	0	0.419425	58	36	22	0	0	0	0
AF	0	0.419738	66	37	29	0	0	0	0
AF	0	0.420050	53	35	18	0	0	0	0
AF	0	0.420362	57	39	18	0	0	0	0
AF	0	0.420675	48	25	23	0	0	0	0
AF	0	0.420987	42	26	16	0	0	0	0
AF	0	0.421299	53	38	15	0	0	0	0
AF	0	0.421611	56	43	13	0	0	0	0
AF	0	0.421924	35	20	15	0	0	0	0
AF	0	0.422236	59	38	21	0	0	0	0
AF	0	0.422548	55	38	17	0	0	0	0
AF	0	0.422861	56	37	19	0	0	0	0
AF	0	0.423173	51	33	18	0	0	0	0
AF	0	0.423485	63	39	24	0	0	0	0
AF	0	0.423798	53	37	16	0	0	0	0
AF	0	0.424110	74	50	24	0	0	0	0
AF	0	0.424422	66	44	22	0	0	0	0
AF	0	0.424735	65	49	16	0	0	0	0
AF	0	0.425047	59	44	15	0	0	0	0
AF	0	0.425359	52	29	23	0	0	0	0
AF	0	0.425671	52	33	19	0	0	0	0
AF	0	0.425984	50	32	18	0	0	0	0
AF	0	0.426296	46	28	18	0	0	0	0
AF	0	0.426608	41	31	10	0	0	0	0
AF	0	0.426921	67	37	30	0	0	0	0
AF	0	0.427233	71	43	28	0	0	0	0
AF	0	0.427545	60	36	24	0	0	0	0
AF	0	0.427858	49	34	15	0	0	0	0
AF	0	0.428170	49	35	14	0	0	0	0
AF	0	0.428482	41	24	17	0	0	0	0
AF	0	0.428795	44	21	23	0	0	0	0
AF	0	0.429107	58	40	18	0	0	0	0
AF	0	0.429419	79	57	22	0	0	0	0
AF	0	0.429731	38	28	10	0	0	0	0
AF	0	0.430044	49	36	13	0	0	0	0
AF	0	0.430356	52	45	7	0	0	0	0
AF	0	0.430668	57	40	17	0	0	0	0
AF	0	0.430981	64	45	19	0	0	0	0
AF	0	0.431293	44	27	17	0	0	0	0
AF	0	0.431605	40	29	11	0	0	0	0
AF	0	0.431918	67	44	23	0	0	0	0
AF	0	0.432230	41	28	13	0	0	0	0
AF	0	0.432542	58	38	20	0	0	0	0
AF	0	0.432854	51	39	12	0	0	0	0
AF	0	0.433167	72	52	20	0	0	0	0
AF	0	0.433479	54	34	20	0	0	0	0
AF	0	0.433791	49	39	10	0	0	0	0
AF	0	0.434104	47	28	19	0	0	0	0
AF	0	0.434416	51	38	13	0	0	0	0
AF	0	0.434728	44	28	16	0	0	0	0
AF	0	0.435041	46	32	14	0	0	0	0
AF	0	0.435353	67	45	22	0	0	0	0
AF	0	0.435665	43	32	11	0	0	0	0
AF	0	0.435978	59	39	20	0	0	0	0
AF	0	0.436290	53	37	16	0	0	0	0
AF	0	0.436602	60	40	20	0	0	0	0
AF	0	0.436914	49	35	14	0	0	0	0
AF	0	0.437227	56	40	16	0	0	0	0
AF	0	0.437539	45	29	16	0	0	0	0
AF	0	0.437851	42	21	21	0	0	0	0
AF	0	0.438164	40	25	15	0	0	0	0
AF	0	0.438476	50	34	16	0	0	0	0
AF	0	0.438788	46	28	18	0	0	0	0
AF	0	0.439101	79	47	32	0	0	0	0
AF	0	0.439413	45	27	18	0	0	0	0
AF	0	0.439725	32	27	5	0	0	0	0
AF	0	0.440037	54	35	19	0	0	0	0
AF	0	0.440350	65	43	22	0	0	0	0
AF	0	0.440662	60	41	19	0	0	0	0
AF	0	0.440974	74	53	21	0	0	0	0
AF	0	0.441287	81	55	26	0	0	0	0
AF	0	0.441599	59	41	18	0	0	0	0
AF	0	0.441911	62	41	21	0	0	0	0
AF	0	0.442224	55	37	18	0	0	0	0
AF	0	0.442536	58	41	17	0	0	0	0
AF	0	0.442848	60	36	24	0	0	0	0
AF	0	0.443161	46	27	19	0	0	0	0
AF	0	0.443473	60	46	14	0	0	0	0
AF	0	0.443785	68	45	23	0	0	0	0
AF	0	0.444097	76	49	27	0	0	0	0
AF	0	0.444410	63	50	13	0	0	0	0
AF	0	0.444722	93	56	37	0	0	0	0
AF	0	0.445034	43	29	14	0	0	0	0
AF	0	0.445347	58	38	20	0	0	0	0
AF	0	0.445659	58	33	25	0	0	0	0
AF	0	0.445971	42	27	15	0	0	0	0
AF	0	0.446284	62	41	21	0	0	0	0
AF	0	0.446596	45	29	16	0	0	0	0
AF	0	0.446908	55	42	13	0	0	0	0
AF	0	0.447220	68	47	21	0	0	0	0
AF	0	0.447533	71	43	28	0	0	0	0
AF	0	0.447845	48	33	15	0	0	0	0
AF	0	0.448157	70	52	18	0	0	0	0
AF	0	0.448470	77	48	29	0	0	0	0
AF	0	0.448782	111	86	25	0	0	0	0
AF	0	0.449094	66	46	20	0	0	0	0
AF	0	0.449407	66	50	16	0	0	0	0
AF	0	0.449719	47	31	16	0	0	0	0
AF	0	0.450031	40	22	18	0	0	0	0
AF	0	0.450344	37	23	14	0	0	0	0
AF	0	0.450656	49	30	19	0	0	0	0
AF	0	0.450968	46	37	9	0	0	0	0
AF	0	0.451280	43	34	9	0	0	0	0
AF	0	0.451593	42	31	11	0	0	0	0
AF	0	0.451905	62	43	19	0	0	0	0
AF	0	0.452217	48	30	18	0	0	0	0
AF	0	0.452530	50	27	23	0	0	0	0
AF	0	0.452842	72	50	22	0	0	0	0
AF	0	0.453154	151	98	53	0	0	0	0
AF	0	0.453467	50	31	19	0	0	0	0
AF	0	0.453779	66	42	24	0	0	0	0
AF	0	0.454091	56	39	17	0	0	0	0
AF	0	0.454403	45	33	12	0	0	0	0
AF	0	0.454716	56	41	15	0	0	0	0
AF	0	0.455028	63	39	24	0	0	0	0
AF	0	0.455340	48	28	20	0	0	0	0
AF	0	0.455653	40	26	14	0	0	0	0
AF	0	0.455965	49	35	14	0	0	0	0
AF	0	0.456277	74	47	27	0	0	0	0
AF	0	0.456590	60	37	23	0	0	0	0
AF	0	0.456902	45	26	19	0	0	0	0
AF	0	0.457214	35	22	13	0	0	0	0
AF	0	0.457527	39	31	8	0	0	0	0
AF	0	0.457839	48	30	18	0	0	0	0
AF	0	0.458151	44	31	13	0	0	0	0
AF	0	0.458463	50	38	12	0	0	0	0
AF	0	0.458776	55	38	17	0	0	0	0
AF	0	0.459088	64	41	23	0	0	0	0
AF	0	0.459400	47	31	16	0	0	0	0
AF	0	0.459713	46	27	19	0	0	0	0
AF	0	0.460025	54	39	15	0	0	0	0
AF	0	0.460337	46	31	15	0	0	0	0
AF	0	0.460650	65	37	28	0	0	0	0
AF	0	0.460962	49	23	26	0	0	0	0
AF	0	0.461274	60	40	20	0	0	0	0
AF	0	0.461587	78	53	25	0	0	0	0
AF	0	0.461899	64	37	27	0	0	0	0
AF	0	0.462211	60	32	28	0	0	0	0
AF	0	0.462523	55	33	22	0	0	0	0
AF	0	0.462836	57	41	16	0	0	0	0
AF	0	0.463148	49	32	17	0	0	0	0
AF	0	0.463460	52	37	15	0	0	0	0
AF	0	0.463773	56	45	11	0	0	0	0
AF	0	0.464085	59	37	22	0	0	0	0
AF	0	0.464397	61	39	22	0	0	0	0
AF	0	0.464710	77	55	22	0	0	0	0
AF	0	0.465022	114	80	34	0	0	0	0
AF	0	0.465334	91	64	27	0	0	0	0
AF	0	0.465646	76	57	19	0	0	0	0
AF	0	0.465959	54	29	25	0	0	0	0
AF	0	0.466271	41	24	17	0	0	0	0
AF	0	0.466583	42	25	17	0	0	0	0
AF	0	0.466896	56	32	24	0	0	0	0
AF	0	0.467208	42	27	15	0	0	0	0
AF	0	0.467520	41	31	10	0	0	0	0
AF	0	0.467833	41	30	11	0	0	0	0
AF	0	0.468145	41	27	14	0	0	0	0
AF	0	0.468457	30	19	11	0	0	0	0
AF	0	0.468770	42	30	12	0	0	0	0
AF	0	0.469082	39	28	11	0	0	0	0
AF	0	0.469394	49	40	9	0	0	0	0
AF	0	0.469706	39	28	11	0	0	0	0
AF	0	0.470019	39	21	18	0	0	0	0
AF	0	0.470331	53	29	24	0	0	0	0
AF	0	0.470643	42	26	16	0	0	0	0
AF	0	0.470956	40	25	15	0	0	0	0
AF	0	0.471268	46	27	19	0	0	0	0
AF	0	0.471580	65	40	25	0	0	0	0
AF	0	0.471893	62	34	28	0	0	0	0
AF	0	0.472205	87	57	30	0	0	0	0
AF	0	0.472517	56	33	23	0	0	0	0
AF	0	0.472829	56	39	17	0	0	0	0
AF	0	0.473142	64	42	22	0	0	0	0
AF	0	0.473454	59	41	18	0	0	0	0
AF	0	0.473766	68	49	19	0	0	0	0
AF	0	0.474079	41	26	15	0	0	0	0
AF	0	0.474391	64	40	24	0	0	0	0
AF	0	0.474703	38	20	18	0	0	0	0
AF	0	0.475016	43	29	14	0	0	0	0
AF	0	0.475328	42	22	20	0	0	0	0
AF	0	0.475640	59	41	18	0	0	0	0
AF	0	0.475953	57	38	19	0	0	0	0
AF	0	0.476265	33	23	10	0	0	0	0
AF	0	0.476577	42	25	17	0	0	0	0
AF	0	0.476889	50	36	14	0	0	0	0
AF	0	0.477202	44	28	16	0	0	0	0
AF	0	0.477514	48	32	16	0	0	0	0
AF	0	0.477826	50	31	19	0	0	0	0
AF	0	0.478139	67	50	17	0	0	0	0
AF	0	0.478451	44	28	16	0	0	0	0
AF	0	0.478763	35	26	9	0	0	0	0
AF	0	0.479076	33	18	15	0	0	0	0
AF	0	0.479388	35	26	9	0	0	0	0
AF	0	0.479700	32	24	8	0	0	0	0
AF	0	0.480012	53	37	16	0	0	0	0
AF	0	0.480325	53	39	14	0	0	0	0
AF	0	0.480637	71	49	22	0	0	0	0
AF	0	0.480949	43	23	20	0	0	0	0
AF	0	0.481262	39	29	10	0	0	0	0
AF	0	0.481574	43	21	22	0	0	0	0
AF	0	0.481886	41	28	13	0	0	0	0
AF	0	0.482199	44	28	16	0	0	0	0
AF	0	0.482511	47	33	14	0	0	0	0
AF	0	0.482823	35	29	6	0	0	0	0
AF	0	0.483136	43	30	13	0	0	0	0
AF	0	0.483448	34	20	14	0	0	0	0
AF	0	0.483760	31	22	9	0	0	0	0
AF	0	0.484072	25	18	7	0	0	0	0
AF	0	0.484385	35	25	10	0	0	0	0
AF	0	0.484697	35	19	16	0	0	0	0
AF	0	0.485009	29	18	11	0	0	0	0
AF	0	0.485322	31	21	10	0	0	0	0
AF	0	0.485634	33	19	14	0	0	0	0
AF	0	0.485946	43	24	19	0	0	0	0
AF	0	0.486259	51	36	15	0	0	0	0
AF	0	0.486571	33	21	12	0	0	0	0
AF	0	0.486883	31	28	3	0	0	0	0
AF	0	0.487196	35	27	8	0	0	0	0
AF	0	0.487508	46	32	14	0	0	0	0
AF	0	0.487820	48	33	15	0	0	0	0
AF	0	0.488132	54	37	17	0	0	0	0
AF	0	0.488445	72	48	24	0	0	0	0
AF	0	0.488757	58	44	14	0	0	0	0
AF	0	0.489069	37	20	17	0	0	0	0
AF	0	0.489382	47	28	19	0	0	0	0
AF	0	0.489694	44	28	16	0	0	0	0
AF	0	0.490006	60	46	14	0	0	0	0
AF	0	0.490319	60	41	19	0	0	0	0
AF	0	0.490631	54	33	21	0	0	0	0
AF	0	0.490943	42	34	8	0	0	0	0
AF	0	0.491255	27	17	10	0	0	0	0
AF	0	0.491568	28	18	10	0	0	0	0
AF	0	0.491880	29	19	10	0	0	0	0
AF	0	0.492192	37	26	11	0	0	0	0
AF	0	0.492505	31	20	11	0	0	0	0
AF	0	0.492817	48	34	14	0	0	0	0
AF	0	0.493129	79	54	25	0	0	0	0
AF	0	0.493442	43	22	21	0	0	0	0
AF	0	0.493754	57	39	18	0	0	0	0
AF	0	0.494066	60	37	23	0	0	0	0
AF	0	0.494379	38	30	8	0	0	0	0
AF	0	0.494691	41	32	9	0	0	0	0
AF	0	0.495003	30	23	7	0	0	0	0
AF	0	0.495315	34	23	11	0	0	0	0
AF	0	0.495628	47	33	14	0	0	0	0
AF	0	0.495940	61	40	21	0	0	0	0
AF	0	0.496252	41	27	14	0	0	0	0
AF	0	0.496565	47	32	15	0	0	0	0
AF	0	0.496877	62	41	21	0	0	0	0
AF	0	0.497189	69	45	24	0	0	0	0
AF	0	0.497502	58	39	19	0	0	0	0
AF	0	0.497814	57	34	23	0	0	0	0
AF	0	0.498126	47	29	18	0	0	0	0
AF	0	0.498438	53	36	17	0	0	0	0
AF	0	0.498751	42	31	11	0	0	0	0
AF	0	0.499063	35	22	13	0	0	0	0
AF	0	0.499375	45	32	13	0	0	0	0
AF	0	0.499688	87	56	31	0	0	0	0
AF	0	0.500000	47	34	13	0	0	0	0
AF	0	0.500312	31	23	8	0	0	0	0
AF	0	0.500625	38	29	9	0	0	0	0
AF	0	0.500937	46	26	20	0	0	0	0
AF	0	0.501249	47	28	19	0	0	0	0
AF	0	0.501562	35	25	10	0	0	0	0
AF	0	0.501874	46	34	12	0	0	0	0
AF	0	0.502186	43	28	15	0	0	0	0
AF	0	0.502498	19	11	8	0	0	0	0
AF	0	0.502811	41	24	17	0	0	0	0
AF	0	0.503123	38	25	13	0	0	0	0
AF	0	0.503435	34	17	17	0	0	0	0
AF	0	0.503748	39	27	12	0	0	0	0
AF	0	0.504060	39	26	13	0	0	0	0
AF	0	0.504372	43	30	13	0	0	0	0
AF	0	0.504685	29	17	12	0	0	0	0
AF	0	0.504997	31	21	10	0	0	0	0
AF	0	0.505309	20	16	4	0	0	0	0
AF	0	0.505621	34	27	7	0	0	0	0
AF	0	0.505934	32	16	16	0	0	0	0
AF	0	0.506246	36	23	13	0	0	0	0
AF	0	0.506558	36	22	14	0	0	0	0
AF	0	0.506871	25	13	12	0	0	0	0
AF	0	0.507183	21	15	6	0	0	0	0
AF	0	0.507495	38	26	12	0	0	0	0
AF	0	0.507808	29	22	7	0	0	0	0
AF	0	0.508120	41	29	12	0	0	0	0
AF	0	0.508432	36	30	6	0	0	0	0
AF	0	0.508745	36	24	12	0	0	0	0
AF	0	0.509057	34	23	11	0	0	0	0
AF	0	0.509369	34	24	10	0	0	0	0
AF	0	0.509681	42	29	13	0	0	0	0
AF	0	0.509994	56	40	16	0	0	0	0
AF	0	0.510306	44	28	16	0	0	0	0
AF	0	0.510618	39	22	17	0	0	0	0
AF	0	0.510931	50	34	16	0	0	0	0
AF	0	0.511243	30	25	5	0	0	0	0
AF	0	0.511555	51	33	18	0	0	0	0
AF	0	0.511868	40	28	12	0	0	0	0
AF	0	0.512180	40	24	16	0	0	0	0
AF	0	0.512492	53	33	20	0	0	0	0
AF	0	0.512804	39	25	14	0	0	0	0
AF	0	0.513117	40	31	9	0	0	0	0
AF	0	0.513429	60	39	21	0	0	0	0
AF	0	0.513741	58	43	15	0	0	0	0
AF	0	0.514054	43	29	14	0	0	0	0
AF	0	0.514366	42	27	15	0	0	0	0
AF	0	0.514678	30	19	11	0	0	0	0
AF	0	0.514991	33	22	11	0	0	0	0
AF	0	0.515303	53	34	19	0	0	0	0
AF	0	0.515615	31	22	9	0	0	0	0
AF	0	0.515928	35	24	11	0	0	0	0
AF	0	0.516240	43	28	15	0	0	0	0
AF	0	0.516552	52	38	14	0	0	0	0
AF	0	0.516864	41	25	16	0	0	0	0
AF	0	0.517177	45	30	15	0	0	0	0
AF	0	0.517489	40	26	14	0	0	0	0
AF	0	0.517801	52	38	14	0	0	0	0
AF	0	0.518114	55	36	19	0	0	0	0
AF	0	0.518426	54	42	12	0	0	0	0
AF	0	0.518738	51	34	17	0	0	0	0
AF	0	0.519051	37	25	12	0	0	0	0
AF	0	0.519363	44	29	15	0	0	0	0
AF	0	0.519675	42	34	8	0	0	0	0
AF	0	0.519988	53	35	18	0	0	0	0
AF	0	0.520300	48	31	17	0	0	0	0
AF	0	0.520612	45	31	14	0	0	0	0
AF	0	0.520924	60	40	20	0	0	0	0
AF	0	0.521237	39	27	12	0	0	0	0
AF	0	0.521549	52	39	13	0	0	0	0
AF	0	0.521861	50	33	17	0	0	0	0
AF	0	0.522174	45	31	14	0	0	0	0
AF	0	0.522486	48	36	12	0	0	0	0
AF	0	0.522798	46	30	16	0	0	0	0
AF	0	0.523111	49	30	19	0	0	0	0
AF	0	0.523423	31	21	10	0	0	0	0
AF	0	0.523735	38	23	15	0	0	0	0
AF	0	0.524047	24	16	8	0	0	0	0
AF	0	0.524360	26	19	7	0	0	0	0
AF	0	0.524672	44	30	14	0	0	0	0
AF	0	0.524984	38	24	14	0	0	0	0
AF	0	0.525297	35	25	10	0	0	0	0
AF	0	0.525609	43	33	10	0	0	0	0
AF	0	0.525921	43	37	6	0	0	0	0
AF	0	0.526234	26	15	11	0	0	0	0
AF	0	0.526546	42	23	19	0	0	0	0
AF	0	0.526858	57	37	20	0	0	0	0
AF	0	0.527171	36	25	11	0	0	0	0
AF	0	0.527483	25	14	11	0	0	0	0
AF	0	0.527795	44	36	8	0	0	0	0
AF	0	0.528107	49	33	16	0	0	0	0
AF	0	0.528420	53	34	19	0	0	0	0
AF	0	0.528732	45	33	12	0	0	0	0
AF	0	0.529044	42	28	14	0	0	0	0
AF	0	0.529357	48	35	13	0	0	0	0
AF	0	0.529669	48	37	11	0	0	0	0
AF	0	0.529981	48	29	19	0	0	0	0
AF	0	0.530294	40	22	18	0	0	0	0
AF	0	0.530606	62	40	22	0	0	0	0
AF	0	0.530918	53	33	20	0	0	0	0
AF	0	0.531230	53	29	24	0	0	0	0
AF	0	0.531543	41	27	14	0	0	0	0
AF	0	0.531855	43	28	15	0	0	0	0
AF	0	0.532167	54	34	20	0	0	0	0
AF	0	0.532480	36	22	14	0	0	0	0
AF	0	0.532792	39	23	16	0	0	0	0
AF	0	0.533104	39	27	12	0	0	0	0
AF	0	0.533417	26	17	9	0	0	0	0
AF	0	0.533729	33	23	10	0	0	0	0
AF	0	0.534041	31	18	13	0	0	0	0
AF	0	0.534354	41	27	14	0	0	0	0
AF	0	0.534666	31	21	10	0	0	0	0
AF	0	0.534978	56	39	17	0	0	0	0
AF	0	0.535290	39	26	13	0	0	0	0
AF	0	0.535603	34	23	11	0	0	0	0
AF	0	0.535915	44	32	12	0	0	0	0
AF	0	0.536227	46	30	16	0	0	0	0
AF	0	0.536540	39	27	12	0	0	0	0
AF	0	0.536852	42	26	16	0	0	0	0
AF	0	0.537164	38	30	8	0	0	0	0
AF	0	0.537477	30	22	8	0	0	0	0
AF	0	0.537789	33	24	9	0	0	0	0
AF	0	0.538101	36	28	8	0	0	0	0
AF	0	0.538413	37	25	12	0	0	0	0
AF	0	0.538726	48	31	17	0	0	0	0
AF	0	0.539038	35	19	16	0	0	0	0
AF	0	0.539350	41	25	16	0	0	0	0
AF	0	0.539663	37	16	21	0	0	0	0
AF	0	0.539975	39	27	12	0	0	0	0
AF	0	0.540287	41	29	12	0	0	0	0
AF	0	0.540600	32	19	13	0	0	0	0
AF	0	0.540912	24	15	9	0	0	0	0
AF	0	0.541224	28	19	9	0	0	0	0
AF	0	0.541537	23	12	11	0	0	0	0
AF	0	0.541849	28	22	6	0	0	0	0
AF	0	0.542161	30	18	12	0	0	0	0
AF	0	0.542473	28	22	6	0	0	0	0
AF	0	0.542786	23	15	8	0	0	0	0
AF	0	0.543098	42	33	9	0	0	0	0
AF	0	0.543410	39	30	9	0	0	0	0
AF	0	0.543723	26	15	11	0	0	0	0
AF	0	0.544035	34	28	6	0	0	0	0
AF	0	0.544347	38	27	11	0	0	0	0
AF	0	0.544660	41	28	13	0	0	0	0
AF	0	0.544972	30	23	7	0	0	0	0
AF	0	0.545284	40	27	13	0	0	0	0
AF	0	0.545597	36	24	12	0	0	0	0
AF	0	0.545909	32	23	9	0	0	0	0
AF	0	0.546221	92	68	24	0	0	0	0
AF	0	0.546533	59	36	23	0	0	0	0
AF	0	0.546846	36	24	12	0	0	0	0
AF	0	0.547158	52	38	14	0	0	0	0
AF	0	0.547470	35	28	7	0	0	0	0
AF	0	0.547783	37	29	8	0	0	0	0
AF	0	0.548095	31	24	7	0	0	0	0
AF	0	0.548407	21	8	13	0	0	0	0
AF	0	0.548720	33	22	11	0	0	0	0
AF	0	0.549032	43	24	19	0	0	0	0
AF	0	0.549344	30	19	11	0	0	0	0
AF	0	0.549656	31	20	11	0	0	0	0
AF	0	0.549969	36	25	11	0	0	0	0
AF	0	0.550281	40	29	11	0	0	0	0
AF	0	0.550593	34	22	12	0	0	0	0
AF	0	0.550906	29	20	9	0	0	0	0
AF	0	0.551218	28	20	8	0	0	0	0
AF	0	0.551530	36	28	8	0	0	0	0
AF	0	0.551843	31	22	9	0	0	0	0
AF	0	0.552155	34	25	9	0	0	0	0
AF	0	0.552467	25	14	11	0	0	0	0
AF	0	0.552780	44	31	13	0	0	0	0
AF	0	0.553092	51	36	15	0	0	0	0
AF	0	0.553404	38	22	16	0	0	0	0
AF	0	0.553716	33	18	15	0	0	0	0
AF	0	0.554029	29	22	7	0	0	0	0
AF	0	0.554341	37	22	15	0	0	0	0
AF	0	0.554653	35	28	7	0	0	0	0
AF	0	0.554966	42	31	11	0	0	0	0
AF	0	0.555278	53	33	20	0	0	0	0
AF	0	0.555590	28	19	9	0	0	0	0
AF	0	0.555903	38	27	11	0	0	0	0
AF	0	0.556215	43	25	18	0	0	0	0
AF	0	0.556527	44	26	18	0	0	0	0
AF	0	0.556839	34	23	11	0	0	0	0
AF	0	0.557152	38	27	11	0	0	0	0
AF	0	0.557464	48	30	18	0	0	0	0
AF	0	0.557776	44	30	14	0	0	0	0
AF	0	0.558089	52	40	12	0	0	0	0
AF	0	0.558401	37	22	15	0	0	0	0
AF	0	0.558713	38	27	11	0	0	0	0
AF	0	0.559026	27	15	12	0	0	0	0
AF	0	0.559338	30	20	10	0	0	0	0
AF	0	0.559650	44	33	11	0	0	0	0
AF	0	0.559963	34	24	10	0	0	0	0
AF	0	0.560275	31	23	8	0	0	0	0
AF	0	0.560587	29	21	8	0	0	0	0
AF	0	0.560899	26	20	6	0	0	0	0
AF	0	0.561212	46	33	13	0	0	0	0
AF	0	0.561524	29	20	9	0	0	0	0
AF	0	0.561836	46	30	16	0	0	0	0
AF	0	0.562149	23	14	9	0	0	0	0
AF	0	0.562461	30	19	11	0	0	0	0
AF	0	0.562773	38	34	4	0	0	0	0
AF	0	0.563086	37	27	10	0	0	0	0
AF	0	0.563398	49	36	13	0	0	0	0
AF	0	0.563710	44	28	16	0	0	0	0
AF	0	0.564022	45	25	20	0	0	0	0
AF	0	0.564335	48	39	9	0	0	0	0
AF	0	0.564647	42	25	17	0	0	0	0
AF	0	0.564959	42	31	11	0	0	0	0
AF	0	0.565272	33	20	13	0	0	0	0
AF	0	0.565584	30	24	6	0	0	0	0
AF	0	0.565896	46	30	16	0	0	0	0
AF	0	0.566209	33	20	13	0	0	0	0
AF	0	0.566521	39	26	13	0	0	0	0
AF	0	0.566833	44	27	17	0	0	0	0
AF	0	0.567146	46	37	9	0	0	0	0
AF	0	0.567458	80	56	24	0	0	0	0
AF	0	0.567770	84	61	23	0	0	0	0
AF	0	0.568082	48	35	13	0	0	0	0
AF	0	0.568395	60	39	21	0	0	0	0
AF	0	0.568707	37	27	10	0	0	0	0
AF	0	0.569019	54	39	15	0	0	0	0
AF	0	0.569332	38	21	17	0	0	0	0
AF	0	0.569644	46	30	16	0	0	0	0
AF	0	0.569956	85	58	27	0	0	0	0
AF	0	0.570269	42	32	10	0	0	0	0
AF	0	0.570581	59	44	15	0	0	0	0
AF	0	0.570893	37	29	8	0	0	0	0
AF	0	0.571205	34	24	10	0	0	0	0
AF	0	0.571518	57	39	18	0	0	0	0
AF	0	0.571830	69	46	23	0	0	0	0
AF	0	0.572142	45	32	13	0	0	0	0
AF	0	0.572455	40	27	13	0	0	0	0
AF	0	0.572767	66	45	21	0	0	0	0
AF	0	0.573079	148	96	52	0	0	0	0
AF	0	0.573392	66	40	26	0	0	0	0
AF	0	0.573704	36	21	15	0	0	0	0
AF	0	0.574016	46	31	15	0	0	0	0
AF	0	0.574329	39	25	14	0	0	0	0
AF	0	0.574641	46	33	13	0	0	0	0
AF	0	0.574953	40	27	13	0	0	0	0
AF	0	0.575265	54	39	15	0	0	0	0
AF	0	0.575578	36	20	16	0	0	0	0
AF	0	0.575890	32	23	9	0	0	0	0
AF	0	0.576202	44	30	14	0	0	0	0
AF	0	0.576515	55	38	17	0	0	0	0
AF	0	0.576827	33	25	8	0	0	0	0
AF	0	0.577139	37	26	11	0	0	0	0
AF	0	0.577452	24	19	5	0	0	0	0
AF	0	0.577764	37	25	12	0	0	0	0
AF	0	0.578076	34	27	7	0	0	0	0
AF	0	0.578389	37	24	13	0	0	0	0
AF	0	0.578701	33	24	9	0	0	0	0
AF	0	0.579013	28	18	10	0	0	0	0
AF	0	0.579325	32	19	13	0	0	0	0
AF	0	0.579638	35	26	9	0	0	0	0
AF	0	0.579950	22	15	7	0	0	0	0
AF	0	0.580262	39	29	10	0	0	0	0
AF	0	0.580575	45	33	12	0	0	0	0
AF	0	0.580887	53	35	18	0	0	0	0
AF	0	0.581199	60	44	16	0	0	0	0
AF	0	0.581512	57	37	20	0	0	0	0
AF	0	0.581824	38	24	14	0	0	0	0
AF	0	0.582136	27	20	7	0	0	0	0
AF	0	0.582448	49	31	18	0	0	0	0
AF	0	0.582761	63	42	21	0	0	0	0
AF	0	0.583073	51	31	20	0	0	0	0
AF	0	0.583385	39	22	17	0	0	0	0
AF	0	0.583698	29	22	7	0	0	0	0
AF	0	0.584010	36	25	11	0	0	0	0
AF	0	0.584322	31	20	11	0	0	0	0
AF	0	0.584635	32	23	9	0	0	0	0
AF	0	0.584947	25	12	13	0	0	0	0
AF	0	0.585259	37	30	7	0	0	0	0
AF	0	0.585572	46	29	17	0	0	0	0
AF	0	0.585884	35	22	13	0	0	0	0
AF	0	0.586196	30	20	10	0	0	0	0
AF	0	0.586508	42	22	20	0	0	0	0
AF	0	0.586821	36	27	9	0	0	0	0
AF	0	0.587133	33	25	8	0	0	0	0
AF	0	0.587445	34	25	9	0	0	0	0
AF	0	0.587758	42	30	12	0	0	0	0
AF	0	0.588070	29	19	10	0	0	0	0
AF	0	0.588382	37	24	13	0	0	0	0
AF	0	0.588695	17	12	5	0	0	0	0
AF	0	0.589007	26	18	8	0	0	0	0
AF	0	0.589319	36	22	14	0	0	0	0
AF	0	0.589631	38	26	12	0	0	0	0
AF	0	0.589944	29	22	7	0	0	0	0
AF	0	0.590256	31	19	12	0	0	0	0
AF	0	0.590568	36	21	15	0	0	0	0
AF	0	0.590881	28	20	8	0	0	0	0
AF	0	0.591193	30	24	6	0	0	0	0
AF	0	0.591505	19	13	6	0	0	0	0
AF	0	0.591818	21	14	7	0	0	0	0
AF	0	0.592130	32	22	10	0	0	0	0
AF	0	0.592442	24	16	8	0	0	0	0
AF	0	0.592755	19	12	7	0	0	0	0
AF	0	0.593067	25	15	10	0	0	0	0
AF	0	0.593379	33	26	7	0	0	0	0
AF	0	0.593691	25	14	11	0	0	0	0
AF	0	0.594004	34	22	12	0	0	0	0
AF	0	0.594316	27	19	8	0	0	0	0
AF	0	0.594628	25	18	7	0	0	0	0
AF	0	0.594941	28	16	12	0	0	0	0
AF	0	0.595253	28	20	8	0	0	0	0
AF	0	0.595565	36	26	10	0	0	0	0
AF	0	0.595878	27	19	8	0	0	0	0
AF	0	0.596190	52	41	11	0	0	0	0
AF	0	0.596502	73	46	27	0	0	0	0
AF	0	0.596814	30	21	9	0	0	0	0
AF	0	0.597127	32	29	3	0	0	0	0
AF	0	0.597439	19	14	5	0	0	0	0
AF	0	0.597751	38	28	10	0	0	0	0
AF	0	0.598064	31	23	8	0	0	0	0
AF	0	0.598376	36	25	11	0	0	0	0
AF	0	0.598688	33	22	11	0	0	0	0
AF	0	0.599001	30	19	11	0	0	0	0
AF	0	0.599313	31	22	9	0	0	0	0
AF	0	0.599625	29	18	11	0	0	0	0
AF	0	0.599938	29	21	8	0	0	0	0
AF	0	0.600250	23	12	11	0	0	0	0
AF	0	0.600562	37	27	10	0	0	0	0
AF	0	0.600874	40	32	8	0	0	0	0
AF	0	0.601187	32	19	13	0	0	0	0
AF	0	0.601499	40	27	13	0	0	0	0
AF	0	0.601811	35	23	12	0	0	0	0
AF	0	0.602124	33	22	11	0	0	0	0
AF	0	0.602436	29	19	10	0	0	0	0
AF	0	0.602748	31	18	13	0	0	0	0
AF	0	0.603061	16	10	6	0	0	0	0
AF	0	0.603373	28	18	10	0	0	0	0
AF	0	0.603685	40	27	13	0	0	0	0
AF	0	0.603998	20	12	8	0	0	0	0
AF	0	0.604310	35	19	16	0	0	0	0
AF	0	0.604622	27	15	12	0	0	0	0
AF	0	0.604934	41	28	13	0	0	0	0
AF	0	0.605247	29	16	13	0	0	0	0
AF	0	0.605559	25	19	6	0	0	0	0
AF	0	0.605871	49	29	20	0	0	0	0
AF	0	0.606184	31	21	10	0	0	0	0
AF	0	0.606496	23	13	10	0	0	0	0
AF	0	0.606808	34	22	12	0	0	0	0
AF	0	0.607121	23	15	8	0	0	0	0
AF	0	0.607433	30	22	8	0	0	0	0
AF	0	0.607745	29	17	12	0	0	0	0
AF	0	0.608057	48	35	13	0	0	0	0
AF	0	0.608370	39	27	12	0	0	0	0
AF	0	0.608682	36	24	12	0	0	0	0
AF	0	0.608994	41	28	13	0	0	0	0
AF	0	0.609307	29	19	10	0	0	0	0
AF	0	0.609619	45	34	11	0	0	0	0
AF	0	0.609931	37	27	10	0	0	0	0
AF	0	0.610244	41	30	11	0	0	0	0
AF	0	0.610556	39	28	11	0	0	0	0
AF	0	0.610868	31	19	12	0	0	0	0
AF	0	0.611181	33	24	9	0	0	0	0
AF	0	0.611493	39	28	11	0	0	0	0
AF	0	0.611805	38	23	15	0	0	0	0
AF	0	0.612117	35	27	8	0	0	0	0
AF	0	0.612430	22	18	4	0	0	0	0
AF	0	0.612742	32	21	11	0	0	0	0
AF	0	0.613054	46	31	15	0	0	0	0
AF	0	0.613367	36	29	7	0	0	0	0
AF	0	0.613679	29	23	6	0	0	0	0
AF	0	0.613991	37	25	12	0	0	0	0
AF	0	0.614304	28	21	7	0	0	0	0
AF	0	0.614616	23	12	11	0	0	0	0
AF	0	0.614928	28	16	12	0	0	0	0
AF	0	0.615240	37	29	8	0	0	0	0
AF	0	0.615553	36	26	10	0	0	0	0
AF	0	0.615865	34	21	13	0	0	0	0
AF	0	0.616177	33	24	9	0	0	0	0
AF	0	0.616490	19	13	6	0	0	0	0
AF	0	0.616802	23	17	6	0	0	0	0
AF	0	0.617114	37	24	13	0	0	0	0
AF	0	0.617427	42	30	12	0	0	0	0
AF	0	0.617739	39	26	13	0	0	0	0
AF	0	0.618051	39	24	15	0	0	0	0
AF	0	0.618364	37	25	12	0	0	0	0
AF	0	0.618676	36	21	15	0	0	0	0
AF	0	0.618988	31	18	13	0	0	0	0
AF	0	0.619300	49	30	19	0	0	0	0
AF	0	0.619613	36	27	9	0	0	0	0
AF	0	0.619925	31	20	11	0	0	0	0
AF	0	0.620237	27	20	7	0	0	0	0
AF	0	0.620550	29	18	11	0	0	0	0
AF	0	0.620862	22	15	7	0	0	0	0
AF	0	0.621174	35	25	10	0	0	0	0
AF	0	0.621487	27	17	10	0	0	0	0
AF	0	0.621799	39	28	11	0	0	0	0
AF	0	0.622111	22	13	9	0	0	0	0
AF	0	0.622423	21	12	9	0	0	0	0
AF	0	0.622736	22	14	8	0	0	0	0
AF	0	0.623048	32	25	7	0	0	0	0
AF	0	0.623360	22	14	8	0	0	0	0
AF	0	0.623673	23	17	6	0	0	0	0
AF	0	0.623985	28	20	8	0	0	0	0
AF	0	0.624297	26	19	7	0	0	0	0
AF	0	0.624610	31	24	7	0	0	0	0
AF	0	0.624922	32	25	7	0	0	0	0
AF	0	0.625234	36	21	15	0	0	0	0
AF	0	0.625547	37	25	12	0	0	0	0
AF	0	0.625859	32	23	9	0	0	0	0
AF	0	0.626171	36	26	10	0	0	0	0
AF	0	0.626483	39	22	17	0	0	0	0
AF	0	0.626796	29	21	8	0	0	0	0
AF	0	0.627108	47	27	20	0	0	0	0
AF	0	0.627420	45	35	10	0	0	0	0
AF	0	0.627733	43	28	15	0	0	0	0
AF	0	0.628045	36	23	13	0	0	0	0
AF	0	0.628357	44	28	16	0	0	0	0
AF	0	0.628670	60	38	22	0	0	0	0
AF	0	0.628982	67	41	26	0	0	0	0
AF	0	0.629294	32	24	8	0	0	0	0
AF	0	0.629606	36	24	12	0	0	0	0
AF	0	0.629919	33	24	9	0	0	0	0
AF	0	0.630231	37	20	17	0	0	0	0
AF	0	0.630543	30	23	7	0	0	0	0
AF	0	0.630856	33	18	15	0	0	0	0
AF	0	0.631168	27	18	9	0	0	0	0
AF	0	0.631480	35	24	11	0	0	0	0
AF	0	0.631793	35	25	10	0	0	0	0
AF	0	0.632105	37	22	15	0	0	0	0
AF	0	0.632417	35	26	9	0	0	0	0
AF	0	0.632730	24	11	13	0	0	0	0
AF	0	0.633042	30	22	8	0	0	0	0
AF	0	0.633354	45	23	22	0	0	0	0
AF	0	0.633666	34	24	10	0	0	0	0
AF	0	0.633979	21	13	8	0	0	0	0
AF	0	0.634291	40	28	12	0	0	0	0
AF	0	0.634603	23	19	4	0	0	0	0
AF	0	0.634916	27	19	8	0	0	0	0
AF	0	0.635228	30	21	9	0	0	0	0
AF	0	0.635540	27	18	9	0	0	0	0
AF	0	0.635853	21	14	7	0	0	0	0
AF	0	0.636165	31	19	12	0	0	0	0
AF	0	0.636477	36	26	10	0	0	0	0
AF	0	0.636790	41	30	11	0	0	0	0
AF	0	0.637102	54	32	22	0	0	0	0
AF	0	0.637414	33	21	12	0	0	0	0
AF	0	0.637726	52	36	16	0	0	0	0
AF	0	0.638039	34	22	12	0	0	0	0
AF	0	0.638351	39	26	13	0	0	0	0
AF	0	0.638663	42	20	22	0	0	0	0
AF	0	0.638976	24	16	8	0	0	0	0
AF	0	0.639288	32	23	9	0	0	0	0
AF	0	0.639600	36	23	13	0	0	0	0
AF	0	0.639913	38	29	9	0	0	0	0
AF	0	0.640225	36	26	10	0	0	0	0
AF	0	0.640537	37	22	15	0	0	0	0
AF	0	0.640849	26	15	11	0	0	0	0
AF	0	0.641162	20	15	5	0	0	0	0
AF	0	0.641474	26	16	10	0	0	0	0
AF	0	0.641786	33	23	10	0	0	0	0
AF	0	0.642099	31	21	10	0	0	0	0
AF	0	0.642411	41	27	14	0	0	0	0
AF	0	0.642723	22	15	7	0	0	0	0
AF	0	0.643036	24	17	7	0	0	0	0
AF	0	0.643348	23	15	8	0	0	0	0
AF	0	0.643660	24	17	7	0	0	0	0
AF	0	0.643973	34	18	16	0	0	0	0
AF	0	0.644285	28	19	9	0	0	0	0
AF	0	0.644597	34	28	6	0	0	0	0
AF	0	0.644909	27	15	12	0	0	0	0
AF	0	0.645222	31	20	11	0	0	0	0
AF	0	0.645534	33	17	16	0	0	0	0
AF	0	0.645846	27	17	10	0	0	0	0
AF	0	0.646159	26	20	6	0	0	0	0
AF	0	0.646471	38	29	9	0	0	0	0
AF	0	0.646783	34	27	7	0	0	0	0
AF	0	0.647096	32	19	13	0	0	0	0
AF	0	0.647408	34	25	9	0	0	0	0
AF	0	0.647720	41	33	8	0	0	0	0
AF	0	0.648032	36	26	10	0	0	0	0
AF	0	0.648345	37	24	13	0	0	0	0
AF	0	0.648657	35	20	15	0	0	0	0
AF	0	0.648969	30	18	12	0	0	0	0
AF	0	0.649282	31	22	9	0	0	0	0
AF	0	0.649594	23	14	9	0	0	0	0
AF	0	0.649906	43	33	10	0	0	0	0
AF	0	0.650219	30	19	11	0	0	0	0
AF	0	0.650531	22	16	6	0	0	0	0
AF	0	0.650843	35	23	12	0	0	0	0
AF	0	0.651156	30	21	9	0	0	0	0
AF	0	0.651468	30	18	12	0	0	0	0
AF	0	0.651780	25	18	7	0	0	0	0
AF	0	0.652092	35	23	12	0	0	0	0
AF	0	0.652405	26	24	2	0	0	0	0
AF	0	0.652717	25	18	7	0	0	0	0
AF	0	0.653029	23	14	9	0	0	0	0
AF	0	0.653342	34	21	13	0	0	0	0
AF	0	0.653654	24	15	9	0	0	0	0
AF	0	0.653966	47	32	15	0	0	0	0
AF	0	0.654279	41	28	13	0	0	0	0
AF	0	0.654591	34	29	5	0	0	0	0
AF	0	0.654903	36	32	4	0	0	0	0
AF	0	0.655215	34	23	11	0	0	0	0
AF	0	0.655528	41	29	12	0	0	0	0
AF	0	0.655840	30	22	8	0	0	0	0
AF	0	0.656152	28	16	12	0	0	0	0
AF	0	0.656465	38	21	17	0	0	0	0
AF	0	0.656777	41	23	18	0	0	0	0
AF	0	0.657089	14	12	2	0	0	0	0
AF	0	0.657402	23	11	12	0	0	0	0
AF	0	0.657714	24	14	10	0	0	0	0
AF	0	0.658026	28	19	9	0	0	0	0
AF	0	0.658339	27	19	8	0	0	0	0
AF	0	0.658651	19	10	9	0	0	0	0
AF	0	0.658963	23	14	9	0	0	0	0
AF	0	0.659275	26	15	11	0	0	0	0
AF	0	0.659588	35	20	15	0	0	0	0
AF	0	0.659900	22	14	8	0	0	0	0
AF	0	0.660212	32	21	11	0	0	0	0
AF	0	0.660525	30	25	5	0	0	0	0
AF	0	0.660837	31	26	5	0	0	0	0
AF	0	0.661149	33	20	13	0	0	0	0
AF	0	0.661462	25	17	8	0	0	0	0
AF	0	0.661774	21	15	6	0	0	0	0
AF	0	0.662086	24	16	8	0	0	0	0
AF	0	0.662399	22	19	3	0	0	0	0
AF	0	0.662711	25	16	9	0	0	0	0
AF	0	0.663023	29	20	9	0	0	0	0
AF	0	0.663335	27	11	16	0	0	0	0
AF	0	0.663648	37	27	10	0	0	0	0
AF	0	0.663960	18	13	5	0	0	0	0
AF	0	0.664272	24	20	4	0	0	0	0
AF	0	0.664585	21	15	6	0	0	0	0
AF	0	0.664897	19	12	7	0	0	0	0
AF	0	0.665209	37	29	8	0	0	0	0
AF	0	0.665522	32	23	9	0	0	0	0
AF	0	0.665834	27	19	8	0	0	0	0
AF	0	0.666146	34	28	6	0	0	0	0
AF	0	0.666458	33	20	13	0	0	0	0
AF	0	0.666771	43	30	13	0	0	0	0
AF	0	0.667083	24	14	10	0	0	0	0
AF	0	0.667395	21	17	4	0	0	0	0
AF	0	0.667708	31	16	15	0	0	0	0
AF	0	0.668020	32	23	9	0	0	0	0
AF	0	0.668332	27	22	5	0	0	0	0
AF	0	0.668645	32	20	12	0	0	0	0
AF	0	0.668957	26	18	8	0	0	0	0
AF	0	0.669269	33	18	15	0	0	0	0
AF	0	0.669582	37	27	10	0	0	0	0
AF	0	0.669894	32	19	13	0	0	0	0
AF	0	0.670206	27	18	9	0	0	0	0
AF	0	0.670518	23	14	9	0	0	0	0
AF	0	0.670831	38	28	10	0	0	0	0
AF	0	0.671143	37	26	11	0	0	0	0
AF	0	0.671455	26	16	10	0	0	0	0
AF	0	0.671768	38	32	6	0	0	0	0
AF	0	0.672080	37	25	12	0	0	0	0
AF	0	0.672392	27	20	7	0	0	0	0
AF	0	0.672705	35	22	13	0	0	0	0
AF	0	0.673017	38	24	14	0	0	0	0
AF	0	0.673329	19	12	7	0	0	0	0
AF	0	0.673641	40	26	14	0	0	0	0
AF	0	0.673954	23	15	8	0	0	0	0
AF	0	0.674266	28	23	5	0	0	0	0
AF	0	0.674578	34	20	14	0	0	0	0
AF	0	0.674891	38	26	12	0	0	0	0
AF	0	0.675203	24	18	6	0	0	0	0
AF	0	0.675515	22	19	3	0	0	0	0
AF	0	0.675828	29	21	8	0	0	0	0
AF	0	0.676140	20	14	6	0	0	0	0
AF	0	0.676452	33	24	9	0	0	0	0
AF	0	0.676765	27	19	8	0	0	0	0
AF	0	0.677077	32	22	10	0	0	0	0
AF	0	0.677389	28	20	8	0	0	0	0
AF	0	0.677701	23	15	8	0	0	0	0
AF	0	0.678014	30	17	13	0	0	0	0
AF	0	0.678326	28	19	9	0	0	0	0
AF	0	0.678638	28	19	9	0	0	0	0
AF	0	0.678951	27	19	8	0	0	0	0
AF	0	0.679263	27	19	8	0	0	0	0
AF	0	0.679575	17	15	2	0	0	0	0
AF	0	0.679888	21	16	5	0	0	0	0
AF	0	0.680200	35	26	9	0	0	0	0
AF	0	0.680512	48	30	18	0	0	0	0
AF	0	0.680824	51	40	11	0	0	0	0
AF	0	0.681137	38	29	9	0	0	0	0
AF	0	0.681449	24	17	7	0	0	0	0
AF	0	0.681761	29	20	9	0	0	0	0
AF	0	0.682074	30	18	12	0	0	0	0
AF	0	0.682386	30	21	9	0	0	0	0
AF	0	0.682698	37	22	15	0	0	0	0
AF	0	0.683011	21	16	5	0	0	0	0
AF	0	0.683323	32	24	8	0	0	0	0
AF	0	0.683635	36	27	9	0	0	0	0
AF	0	0.683948	53	36	17	0	0	0	0
AF	0	0.684260	27	17	10	0	0	0	0
AF	0	0.684572	29	17	12	0	0	0	0
AF	0	0.684884	48	35	13	0	0	0	0
AF	0	0.685197	49	33	16	0	0	0	0
AF	0	0.685509	27	21	6	0	0	0	0
AF	0	0.685821	35	26	9	0	0	0	0
AF	0	0.686134	29	18	11	0	0	0	0
AF	0	0.686446	27	16	11	0	0	0	0
AF	0	0.686758	31	19	12	0	0	0	0
AF	0	0.687071	35	27	8	0	0	0	0
AF	0	0.687383	36	24	12	0	0	0	0
AF	0	0.687695	28	21	7	0	0	0	0
AF	0	0.688007	28	20	8	0	0	0	0
AF	0	0.688320	31	19	12	0	0	0	0
AF	0	0.688632	56	33	23	0	0	0	0
AF	0	0.688944	83	55	28	0	0	0	0
AF	0	0.689257	37	27	10	0	0	0	0
AF	0	0.689569	41	30	11	0	0	0	0
AF	0	0.689881	31	22	9	0	0	0	0
AF	0	0.690194	28	18	10	0	0	0	0
AF	0	0.690506	33	25	8	0	0	0	0
AF	0	0.690818	26	22	4	0	0	0	0
AF	0	0.691131	50	37	13	0	0	0	0
AF	0	0.691443	40	26	14	0	0	0	0
AF	0	0.691755	27	17	10	0	0	0	0
AF	0	0.692067	26	14	12	0	0	0	0
AF	0	0.692380	23	14	9	0	0	0	0
AF	0	0.692692	26	20	6	0	0	0	0
AF	0	0.693004	34	26	8	0	0	0	0
AF	0	0.693317	23	13	10	0	0	0	0
AF	0	0.693629	26	20	6	0	0	0	0
AF	0	0.693941	32	24	8	0	0	0	0
AF	0	0.694254	31	23	8	0	0	0	0
AF	0	0.694566	19	10	9	0	0	0	0
AF	0	0.694878	36	25	11	0	0	0	0
AF	0	0.695191	19	14	5	0	0	0	0
AF	0	0.695503	26	18	8	0	0	0	0
AF	0	0.695815	25	18	7	0	0	0	0
AF	0	0.696127	34	23	11	0	0	0	0
AF	0	0.696440	24	20	4	0	0	0	0
AF	0	0.696752	30	21	9	0	0	0	0
AF	0	0.697064	27	18	9	0	0	0	0
AF	0	0.697377	65	49	16	0	0	0	0
AF	0	0.697689	20	17	3	0	0	0	0
AF	0	0.698001	17	14	3	0	0	0	0
AF	0	0.698314	23	11	12	0	0	0	0
AF	0	0.698626	33	18	15	0	0	0	0
AF	0	0.698938	22	13	9	0	0	0	0
AF	0	0.699250	32	21	11	0	0	0	0
AF	0	0.699563	27	19	8	0	0	0	0
AF	0	0.699875	23	17	6	0	0	0	0
AF	0	0.700187	22	20	2	0	0	0	0
AF	0	0.700500	27	16	11	0	0	0	0
AF	0	0.700812	23	18	5	0	0	0	0
AF	0	0.701124	23	16	7	0	0	0	0
AF	0	0.701437	29	24	5	0	0	0	0
AF	0	0.701749	21	14	7	0	0	0	0
AF	0	0.702061	25	16	9	0	0	0	0
AF	0	0.702374	16	11	5	0	0	0	0
AF	0	0.702686	25	14	11	0	0	0	0
AF	0	0.702998	25	22	3	0	0	0	0
AF	0	0.703310	38	24	14	0	0	0	0
AF	0	0.703623	40	27	13	0	0	0	0
AF	0	0.703935	22	15	7	0	0	0	0
AF	0	0.704247	28	17	11	0	0	0	0
AF	0	0.704560	28	21	7	0	0	0	0
AF	0	0.704872	14	10	4	0	0	0	0
AF	0	0.705184	37	22	15	0	0	0	0
AF	0	0.705497	25	19	6	0	0	0	0
AF	0	0.705809	38	25	13	0	0	0	0
AF	0	0.706121	34	21	13	0	0	0	0
AF	0	0.706433	34	25	9	0	0	0	0
AF	0	0.706746	39	24	15	0	0	0	0
AF	0	0.707058	21	17	4	0	0	0	0
AF	0	0.707370	27	16	11	0	0	0	0
AF	0	0.707683	22	15	7	0	0	0	0
AF	0	0.707995	22	16	6	0	0	0	0
AF	0	0.708307	32	22	10	0	0	0	0
AF	0	0.708620	32	24	8	0	0	0	0
AF	0	0.708932	22	16	6	0	0	0	0
AF	0	0.709244	24	17	7	0	0	0	0
AF	0	0.709557	32	18	14	0	0	0	0
AF	0	0.709869	40	30	10	0	0	0	0
AF	0	0.710181	31	21	10	0	0	0	0
AF	0	0.710493	55	42	13	0	0	0	0
AF	0	0.710806	32	20	12	0	0	0	0
AF	0	0.711118	28	18	10	0	0	0	0
AF	0	0.711430	29	20	9	0	0	0	0
AF	0	0.711743	21	13	8	0	0	0	0
AF	0	0.712055	30	17	13	0	0	0	0
AF	0	0.712367	36	25	11	0	0	0	0
AF	0	0.712680	31	22	9	0	0	0	0
AF	0	0.712992	35	21	14	0	0	0	0
AF	0	0.713304	27	20	7	0	0	0	0
AF	0	0.713616	20	18	2	0	0	0	0
AF	0	0.713929	38	27	11	0	0	0	0
AF	0	0.714241	32	25	7	0	0	0	0
AF	0	0.714553	28	18	10	0	0	0	0
AF	0	0.714866	27	22	5	0	0	0	0
AF	0	0.715178	38	30	8	0	0	0	0
AF	0	0.715490	26	19	7	0	0	0	0
AF	0	0.715803	27	20	7	0	0	0	0
AF	0	0.716115	16	12	4	0	0	0	0
AF	0	0.716427	24	17	7	0	0	0	0
AF	0	0.716740	37	25	12	0	0	0	0
AF	0	0.717052	24	15	9	0	0	0	0
AF	0	0.717364	26	20	6	0	0	0	0
AF	0	0.717676	14	9	5	0	0	0	0
AF	0	0.717989	32	20	12	0	0	0	0
AF	0	0.718301	23	15	8	0	0	0	0
AF	0	0.718613	19	14	5	0	0	0	0
AF	0	0.718926	22	19	3	0	0	0	0
AF	0	0.719238	29	16	13	0	0	0	0
AF	0	0.719550	25	18	7	0	0	0	0
AF	0	0.719863	23	16	7	0	0	0	0
AF	0	0.720175	30	20	10	0	0	0	0
AF	0	0.720487	25	13	12	0	0	0	0
AF	0	0.720800	39	28	11	0	0	0	0
AF	0	0.721112	20	13	7	0	0	0	0
AF	0	0.721424	27	19	8	0	0	0	0
AF	0	0.721736	25	19	6	0	0	0	0
AF	0	0.722049	35	24	11	0	0	0	0
AF	0	0.722361	15	10	5	0	0	0	0
AF	0	0.722673	21	16	5	0	0	0	0
AF	0	0.722986	22	13	9	0	0	0	0
AF	0	0.723298	16	12	4	0	0	0	0
AF	0	0.723610	17	9	8	0	0	0	0
AF	0	0.723923	22	17	5	0	0	0	0
AF	0	0.724235	24	13	11	0	0	0	0
AF	0	0.724547	20	15	5	0	0	0	0
AF	0	0.724859	30	22	8	0	0	0	0
AF	0	0.725172	16	10	6	0	0	0	0
AF	0	0.725484	39	27	12	0	0	0	0
AF	0	0.725796	19	11	8	0	0	0	0
AF	0	0.726109	20	11	9	0	0	0	0
AF	0	0.726421	27	18	9	0	0	0	0
AF	0	0.726733	27	22	5	0	0	0	0
AF	0	0.727046	20	14	6	0	0	0	0
AF	0	0.727358	20	19	1	0	0	0	0
AF	0	0.727670	25	22	3	0	0	0	0
AF	0	0.727983	33	18	15	0	0	0	0
AF	0	0.728295	16	11	5	0	0	0	0
AF	0	0.728607	41	29	12	0	0	0	0
AF	0	0.728919	33	23	10	0	0	0	0
AF	0	0.729232	60	39	21	0	0	0	0
AF	0	0.729544	31	26	5	0	0	0	0
AF	0	0.729856	37	22	15	0	0	0	0
AF	0	0.730169	39	29	10	0	0	0	0
AF	0	0.730481	25	16	9	0	0	0	0
AF	0	0.730793	26	19	7	0	0	0	0
AF	0	0.731106	51	34	17	0	0	0	0
AF	0	0.731418	34	22	12	0	0	0	0
AF	0	0.731730	35	24	11	0	0	0	0
AF	0	0.732042	34	25	9	0	0	0	0
AF	0	0.732355	27	19	8	0	0	0	0
AF	0	0.732667	20	15	5	0	0	0	0
AF	0	0.732979	44	33	11	0	0	0	0
AF	0	0.733292	34	25	9	0	0	0	0
AF	0	0.733604	28	15	13	0	0	0	0
AF	0	0.733916	40	30	10	0	0	0	0
AF	0	0.734229	33	24	9	0	0	0	0
AF	0	0.734541	38	23	15	0	0	0	0
AF	0	0.734853	27	15	12	0	0	0	0
AF	0	0.735166	20	15	5	0	0	0	0
AF	0	0.735478	15	12	3	0	0	0	0
AF	0	0.735790	19	15	4	0	0	0	0
AF	0	0.736102	26	18	8	0	0	0	0
AF	0	0.736415	29	20	9	0	0	0	0
AF	0	0.736727	23	16	7	0	0	0	0
AF	0	0.737039	19	12	7	0	0	0	0
AF	0	0.737352	23	16	7	0	0	0	0
AF	0	0.737664	27	17	10	0	0	0	0
AF	0	0.737976	19	12	7	0	0	0	0
AF	0	0.738289	19	12	7	0	0	0	0
AF	0	0.738601	28	13	15	0	0	0	0
AF	0	0.738913	29	19	10	0	0	0	0
AF	0	0.739225	32	18	14	0	0	0	0
AF	0	0.739538	14	9	5	0	0	0	0
AF	0	0.739850	21	15	6	0	0	0	0
AF	0	0.740162	33	23	10	0	0	0	0
AF	0	0.740475	35	17	18	0	0	0	0
AF	0	0.740787	32	23	9	0	0	0	0
AF	0	0.741099	30	21	9	0	0	0	0
AF	0	0.741412	29	18	11	0	0	0	0
AF	0	0.741724	32	22	10	0	0	0	0
AF	0	0.742036	23	17	6	0	0	0	0
AF	0	0.742349	35	24	11	0	0	0	0
AF	0	0.742661	29	22	7	0	0	0	0
AF	0	0.742973	41	25	16	0	0	0	0
AF	0	0.743285	40	29	11	0	0	0	0
AF	0	0.743598	50	30	20	0	0	0	0
AF	0	0.743910	50	36	14	0	0	0	0
AF	0	0.744222	40	27	13	0	0	0	0
AF	0	0.744535	48	27	21	0	0	0	0
AF	0	0.744847	34	22	12	0	0	0	0
AF	0	0.745159	40	25	15	0	0	0	0
AF	0	0.745472	28	20	8	0	0	0	0
AF	0	0.745784	26	18	8	0	0	0	0
AF	0	0.746096	31	21	10	0	0	0	0
AF	0	0.746408	35	25	10	0	0	0	0
AF	0	0.746721	36	23	13	0	0	0	0
AF	0	0.747033	31	21	10	0	0	0	0
AF	0	0.747345	28	20	8	0	0	0	0
AF	0	0.747658	28	19	9	0	0	0	0
AF	0	0.747970	30	17	13	0	0	0	0
AF	0	0.748282	20	15	5	0	0	0	0
AF	0	0.748595	27	19	8	0	0	0	0
AF	0	0.748907	29	15	14	0	0	0	0
AF	0	0.749219	35	21	14	0	0	0	0
AF	0	0.749532	22	15	7	0	0	0	0
AF	0	0.749844	27	16	11	0	0	0	0
AF	0	0.750156	33	25	8	0	0	0	0
AF	0	0.750468	33	20	13	0	0	0	0
AF	0	0.750781	38	29	9	0	0	0	0
AF	0	0.751093	23	13	10	0	0	0	0
AF	0	0.751405	29	23	6	0	0	0	0
AF	0	0.751718	30	22	8	0	0	0	0
AF	0	0.752030	39	26	13	0	0	0	0
AF	0	0.752342	34	22	12	0	0	0	0
AF	0	0.752655	22	15	7	0	0	0	0
AF	0	0.752967	31	21	10	0	0	0	0
AF	0	0.753279	36	28	8	0	0	0	0
AF	0	0.753592	28	20	8	0	0	0	0
AF	0	0.753904	36	25	11	0	0	0	0
AF	0	0.754216	47	35	12	0	0	0	0
AF	0	0.754528	38	25	13	0	0	0	0
AF	0	0.754841	43	28	15	0	0	0	0
AF	0	0.755153	33	20	13	0	0	0	0
AF	0	0.755465	24	15	9	0	0	0	0
AF	0	0.755778	33	25	8	0	0	0	0
AF	0	0.756090	22	17	5	0	0	0	0
AF	0	0.756402	32	21	11	0	0	0	0
AF	0	0.756715	17	9	8	0	0	0	0
AF	0	0.757027	27	18	9	0	0	0	0
AF	0	0.757339	32	20	12	0	0	0	0
AF	0	0.757651	23	19	4	0	0	0	0
AF	0	0.757964	25	20	5	0	0	0	0
AF	0	0.758276	15	12	3	0	0	0	0
AF	0	0.758588	29	17	12	0	0	0	0
AF	0	0.758901	49	34	15	0	0	0	0
AF	0	0.759213	35	21	14	0	0	0	0
AF	0	0.759525	25	20	5	0	0	0	0
AF	0	0.759838	27	17	10	0	0	0	0
AF	0	0.760150	26	19	7	0	0	0	0
AF	0	0.760462	26	17	9	0	0	0	0
AF	0	0.760775	37	23	14	0	0	0	0
AF	0	0.761087	31	20	11	0	0	0	0
AF	0	0.761399	27	20	7	0	0	0	0
AF	0	0.761711	34	22	12	0	0	0	0
AF	0	0.762024	28	11	17	0	0	0	0
AF	0	0.762336	22	15	7	0	0	0	0
AF	0	0.762648	30	23	7	0	0	0	0
AF	0	0.762961	52	32	20	0	0	0	0
AF	0	0.763273	28	20	8	0	0	0	0
AF	0	0.763585	37	26	11	0	0	0	0
AF	0	0.763898	26	22	4	0	0	0	0
AF	0	0.764210	26	16	10	0	0	0	0
AF	0	0.764522	27	20	7	0	0	0	0
AF	0	0.764834	26	18	8	0	0	0	0
AF	0	0.765147	18	14	4	0	0	0	0
AF	0	0.765459	28	17	11	0	0	0	0
AF	0	0.765771	28	21	7	0	0	0	0
AF	0	0.766084	19	13	6	0	0	0	0
AF	0	0.766396	23	18	5	0	0	0	0
AF	0	0.766708	22	16	6	0	0	0	0
AF	0	0.767021	26	17	9	0	0	0	0
AF	0	0.767333	34	21	13	0	0	0	0
AF	0	0.767645	32	24	8	0	0	0	0
AF	0	0.767958	35	20	15	0	0	0	0
AF	0	0.768270	34	22	12	0	0	0	0
AF	0	0.768582	24	12	12	0	0	0	0
AF	0	0.768894	26	18	8	0	0	0	0
AF	0	0.769207	23	16	7	0	0	0	0
AF	0	0.769519	27	20	7	0	0	0	0
AF	0	0.769831	24	13	11	0	0	0	0
AF	0	0.770144	28	19	9	0	0	0	0
AF	0	0.770456	44	30	14	0	0	0	0
AF	0	0.770768	21	15	6	0	0	0	0
AF	0	0.771081	26	19	7	0	0	0	0
AF	0	0.771393	21	16	5	0	0	0	0
AF	0	0.771705	17	15	2	0	0	0	0
AF	0	0.772017	27	18	9	0	0	0	0
AF	0	0.772330	20	17	3	0	0	0	0
AF	0	0.772642	20	14	6	0	0	0	0
AF	0	0.772954	15	13	2	0	0	0	0
AF	0	0.773267	33	27	6	0	0	0	0
AF	0	0.773579	26	18	8	0	0	0	0
AF	0	0.773891	26	18	8	0	0	0	0
AF	0	0.774204	11	10	1	0	0	0	0
AF	0	0.774516	30	22	8	0	0	0	0
AF	0	0.774828	18	10	8	0	0	0	0
AF	0	0.775141	23	19	4	0	0	0	0
AF	0	0.775453	31	20	11	0	0	0	0
AF	0	0.775765	26	20	6	0	0	0	0
AF	0	0.776077	27	13	14	0	0	0	0
AF	0	0.776390	15	10	5	0	0	0	0
AF	0	0.776702	20	13	7	0	0	0	0
AF	0	0.777014	38	31	7	0	0	0	0
AF	0	0.777327	35	30	5	0	0	0	0
AF	0	0.777639	36	26	10	0	0	0	0
AF	0	0.777951	20	14	6	0	0	0	0
AF	0	0.778264	25	16	9	0	0	0	0
AF	0	0.778576	16	10	6	0	0	0	0
AF	0	0.778888	17	11	6	0	0	0	0
AF	0	0.779200	25	14	11	0	0	0	0
AF	0	0.779513	16	6	10	0	0	0	0
AF	0	0.779825	16	10	6	0	0	0	0
AF	0	0.780137	23	20	3	0	0	0	0
AF	0	0.780450	30	15	15	0	0	0	0
AF	0	0.780762	34	23	11	0	0	0	0
AF	0	0.781074	27	21	6	0	0	0	0
AF	0	0.781387	14	9	5	0	0	0	0
AF	0	0.781699	11	7	4	0	0	0	0
AF	0	0.782011	24	16	8	0	0	0	0
AF	0	0.782324	16	10	6	0	0	0	0
AF	0	0.782636	25	15	10	0	0	0	0
AF	0	0.782948	16	13	3	0	0	0	0
AF	0	0.783260	24	15	9	0	0	0	0
AF	0	0.783573	22	16	6	0	0	0	0
AF	0	0.783885	27	18	9	0	0	0	0
AF	0	0.784197	18	9	9	0	0	0	0
AF	0	0.784510	12	9	3	0	0	0	0
AF	0	0.784822	33	26	7	0	0	0	0
AF	0	0.785134	28	19	9	0	0	0	0
AF	0	0.785447	18	10	8	0	0	0	0
AF	0	0.785759	13	7	6	0	0	0	0
AF	0	0.786071	32	25	7	0	0	0	0
AF	0	0.786384	24	16	8	0	0	0	0
AF	0	0.786696	20	8	12	0	0	0	0
AF	0	0.787008	21	16	5	0	0	0	0
AF	0	0.787320	40	31	9	0	0	0	0
AF	0	0.787633	36	22	14	0	0	0	0
AF	0	0.787945	18	10	8	0	0	0	0
AF	0	0.788257	28	18	10	0	0	0	0
AF	0	0.788570	27	17	10	0	0	0	0
AF	0	0.788882	32	18	14	0	0	0	0
AF	0	0.789194	28	24	4	0	0	0	0
AF	0	0.789507	29	24	5	0	0	0	0
AF	0	0.789819	18	13	5	0	0	0	0
AF	0	0.790131	30	24	6	0	0	0	0
AF	0	0.790443	22	14	8	0	0	0	0
AF	0	0.790756	23	21	2	0	0	0	0
AF	0	0.791068	23	17	6	0	0	0	0
AF	0	0.791380	23	21	2	0	0	0	0
AF	0	0.791693	37	24	13	0	0	0	0
AF	0	0.792005	35	21	14	0	0	0	0
AF	0	0.792317	35	23	12	0	0	0	0
AF	0	0.792630	20	11	9	0	0	0	0
AF	0	0.792942	19	13	6	0	0	0	0
AF	0	0.793254	22	12	10	0	0	0	0
AF	0	0.793567	25	15	10	0	0	0	0
AF	0	0.793879	30	24	6	0	0	0	0
AF	0	0.794191	35	22	13	0	0	0	0
AF	0	0.794503	33	24	9	0	0	0	0
AF	0	0.794816	41	26	15	0	0	0	0
AF	0	0.795128	30	15	15	0	0	0	0
AF	0	0.795440	26	14	12	0	0	0	0
AF	0	0.795753	25	19	6	0	0	0	0
AF	0	0.796065	20	13	7	0	0	0	0
AF	0	0.796377	43	31	12	0	0	0	0
AF	0	0.796690	30	23	7	0	0	0	0
AF	0	0.797002	21	14	7	0	0	0	0
AF	0	0.797314	10	6	4	0	0	0	0
AF	0	0.797626	27	18	9	0	0	0	0
AF	0	0.797939	17	10	7	0	0	0	0
AF	0	0.798251	17	11	6	0	0	0	0
AF	0	0.798563	14	11	3	0	0	0	0
AF	0	0.798876	32	22	10	0	0	0	0
AF	0	0.799188	29	18	11	0	0	0	0
AF	0	0.799500	20	16	4	0	0	0	0
AF	0	0.799813	18	11	7	0	0	0	0
AF	0	0.800125	39	28	11	0	0	0	0
AF	0	0.800437	25	20	5	0	0	0	0
AF	0	0.800750	26	22	4	0	0	0	0
AF	0	0.801062	36	25	11	0	0	0	0
AF	0	0.801374	15	12	3	0	0	0	0
AF	0	0.801686	13	11	2	0	0	0	0
AF	0	0.801999	29	20	9	0	0	0	0
AF	0	0.802311	22	16	6	0	0	0	0
AF	0	0.802623	38	23	15	0	0	0	0
AF	0	0.802936	15	13	2	0	0	0	0
AF	0	0.803248	25	13	12	0	0	0	0
AF	0	0.803560	30	21	9	0	0	0	0
AF	0	0.803873	27	18	9	0	0	0	0
AF	0	0.804185	21	13	8	0	0	0	0
AF	0	0.804497	30	21	9	0	0	0	0
AF	0	0.804809	29	21	8	0	0	0	0
AF	0	0.805122	21	16	5	0	0	0	0
AF	0	0.805434	14	9	5	0	0	0	0
AF	0	0.805746	18	11	7	0	0	0	0
AF	0	0.806059	23	19	4	0	0	0	0
AF	0	0.806371	19	13	6	0	0	0	0
AF	0	0.806683	24	18	6	0	0	0	0
AF	0	0.806996	21	15	6	0	0	0	0
AF	0	0.807308	23	17	6	0	0	0	0
AF	0	0.807620	18	13	5	0	0	0	0
AF	0	0.807933	23	19	4	0	0	0	0
AF	0	0.808245	24	17	7	0	0	0	0
AF	0	0.808557	28	17	11	0	0	0	0
AF	0	0.808869	27	16	11	0	0	0	0
AF	0	0.809182	39	26	13	0	0	0	0
AF	0	0.809494	31	21	10	0	0	0	0
AF	0	0.809806	35	23	12	0	0	0	0
AF	0	0.810119	33	24	9	0	0	0	0
AF	0	0.810431	29	19	10	0	0	0	0
AF	0	0.810743	20	14	6	0	0	0	0
AF	0	0.811056	21	13	8	0	0	0	0
AF	0	0.811368	15	10	5	0	0	0	0
AF	0	0.811680	19	11	8	0	0	0	0
AF	0	0.811993	33	23	10	0	0	0	0
AF	0	0.812305	28	19	9	0	0	0	0
AF	0	0.812617	19	12	7	0	0	0	0
AF	0	0.812929	17	12	5	0	0	0	0
AF	0	0.813242	15	11	4	0	0	0	0
AF	0	0.813554	28	20	8	0	0	0	0
AF	0	0.813866	17	9	8	0	0	0	0
AF	0	0.814179	12	8	4	0	0	0	0
AF	0	0.814491	25	12	13	0	0	0	0
AF	0	0.814803	23	17	6	0	0	0	0
AF	0	0.815116	14	11	3	0	0	0	0
AF	0	0.815428	21	12	9	0	0	0	0
AF	0	0.815740	21	18	3	0	0	0	0
AF	0	0.816052	12	10	2	0	0	0	0
AF	0	0.816365	17	12	5	0	0	0	0
AF	0	0.816677	24	16	8	0	0	0	0
AF	0	0.816989	21	14	7	0	0	0	0
AF	0	0.817302	22	14	8	0	0	0	0
AF	0	0.817614	23	12	11	0	0	0	0
AF	0	0.817926	19	16	3	0	0	0	0
AF	0	0.818239	26	14	12	0	0	0	0
AF	0	0.818551	26	19	7	0	0	0	0
AF	0	0.818863	27	16	11	0	0	0	0
AF	0	0.819176	30	19	11	0	0	0	0
AF	0	0.819488	23	17	6	0	0	0	0
AF	0	0.819800	22	18	4	0	0	0	0
AF	0	0.820112	12	8	4	0	0	0	0
AF	0	0.820425	26	17	9	0	0	0	0
AF	0	0.820737	21	17	4	0	0	0	0
AF	0	0.821049	34	22	12	0	0	0	0
AF	0	0.821362	31	20	11	0	0	0	0
AF	0	0.821674	24	14	10	0	0	0	0
AF	0	0.821986	23	17	6	0	0	0	0
AF	0	0.822299	35	29	6	0	0	0	0
AF	0	0.822611	27	17	10	0	0	0	0
AF	0	0.822923	35	27	8	0	0	0	0
AF	0	0.823235	30	23	7	0	0	0	0
AF	0	0.823548	18	13	5	0	0	0	0
AF	0	0.823860	20	16	4	0	0	0	0
AF	0	0.824172	25	18	7	0	0	0	0
AF	0	0.824485	21	9	12	0	0	0	0
AF	0	0.824797	18	12	6	0	0	0	0
AF	0	0.825109	22	16	6	0	0	0	0
AF	0	0.825422	26	18	8	0	0	0	0
AF	0	0.825734	25	17	8	0	0	0	0
AF	0	0.826046	32	25	7	0	0	0	0
AF	0	0.826359	21	15	6	0	0	0	0
AF	0	0.826671	22	17	5	0	0	0	0
AF	0	0.826983	30	18	12	0	0	0	0
AF	0	0.827295	24	20	4	0	0	0	0
AF	0	0.827608	23	17	6	0	0	0	0
AF	0	0.827920	32	20	12	0	0	0	0
AF	0	0.828232	21	16	5	0	0	0	0
AF	0	0.828545	22	16	6	0	0	0	0
AF	0	0.828857	28	14	14	0	0	0	0
AF	0	0.829169	17	13	4	0	0	0	0
AF	0	0.829482	17	16	1	0	0	0	0
AF	0	0.829794	17	15	2	0	0	0	0
AF	0	0.830106	22	17	5	0	0	0	0
AF	0	0.830418	18	9	9	0	0	0	0
AF	0	0.830731	21	15	6	0	0	0	0
AF	0	0.831043	29	21	8	0	0	0	0
AF	0	0.831355	24	19	5	0	0	0	0
AF	0	0.831668	19	11	8	0	0	0	0
AF	0	0.831980	19	12	7	0	0	0	0
AF	0	0.832292	46	33	13	0	0	0	0
AF	0	0.832605	36	26	10	0	0	0	0
AF	0	0.832917	20	14	6	0	0	0	0
AF	0	0.833229	31	21	10	0	0	0	0
AF	0	0.833542	8	5	3	0	0	0	0
AF	0	0.833854	19	11	8	0	0	0	0
AF	0	0.834166	27	18	9	0	0	0	0
AF	0	0.834478	22	13	9	0	0	0	0
AF	0	0.834791	18	12	6	0	0	0	0
AF	0	0.835103	21	15	6	0	0	0	0
AF	0	0.835415	23	17	6	0	0	0	0
AF	0	0.835728	19	10	9	0	0	0	0
AF	0	0.836040	14	8	6	0	0	0	0
AF	0	0.836352	30	20	10	0	0	0	0
AF	0	0.836665	14	13	1	0	0	0	0
AF	0	0.836977	12	8	4	0	0	0	0
AF	0	0.837289	13	10	3	0	0	0	0
AF	0	0.837601	15	11	4	0	0	0	0
AF	0	0.837914	20	13	7	0	0	0	0
AF	0	0.838226	27	17	10	0	0	0	0
AF	0	0.838538	18	10	8	0	0	0	0
AF	0	0.838851	30	25	5	0	0	0	0
AF	0	0.839163	22	16	6	0	0	0	0
AF	0	0.839475	23	17	6	0	0	0	0
AF	0	0.839788	23	13	10	0	0	0	0
AF	0	0.840100	34	24	10	0	0	0	0
AF	0	0.840412	24	16	8	0	0	0	0
AF	0	0.840725	20	18	2	0	0	0	0
AF	0	0.841037	22	16	6	0	0	0	0
AF	0	0.841349	19	12	7	0	0	0	0
AF	0	0.841661	19	10	9	0	0	0	0
AF	0	0.841974	14	11	3	0	0	0	0
AF	0	0.842286	24	15	9	0	0	0	0
AF	0	0.842598	18	10	8	0	0	0	0
AF	0	0.842911	25	16	9	0	0	0	0
AF	0	0.843223	31	17	14	0	0	0	0
AF	0	0.843535	44	31	13	0	0	0	0
AF	0	0.843848	19	8	11	0	0	0	0
AF	0	0.844160	24	13	11	0	0	0	0
AF	0	0.844472	24	17	7	0	0	0	0
AF	0	0.844785	25	20	5	0	0	0	0
AF	0	0.845097	23	15	8	0	0	0	0
AF	0	0.845409	18	11	7	0	0	0	0
AF	0	0.845721	24	17	7	0	0	0	0
AF	0	0.846034	23	13	10	0	0	0	0
AF	0	0.846346	14	9	5	0	0	0	0
AF	0	0.846658	12	8	4	0	0	0	0
AF	0	0.846971	16	11	5	0	0	0	0
AF	0	0.847283	12	9	3	0	0	0	0
AF	0	0.847595	26	15	11	0	0	0	0
AF	0	0.847908	12	9	3	0	0	0	0
AF	0	0.848220	17	10	7	0	0	0	0
AF	0	0.848532	28	20	8	0	0	0	0
AF	0	0.848844	28	20	8	0	0	0	0
AF	0	0.849157	25	19	6	0	0	0	0
AF	0	0.849469	16	13	3	0	0	0	0
AF	0	0.849781	17	8	9	0	0	0	0
AF	0	0.850094	34	24	10	0	0	0	0
AF	0	0.850406	23	20	3	0	0	0	0
AF	0	0.850718	28	21	7	0	0	0	0
AF	0	0.851031	29	16	13	0	0	0	0
AF	0	0.851343	20	14	6	0	0	0	0
AF	0	0.851655	30	20	10	0	0	0	0
AF	0	0.851968	22	17	5	0	0	0	0
AF	0	0.852280	30	23	7	0	0	0	0
AF	0	0.852592	34	23	11	0	0	0	0
AF	0	0.852904	30	20	10	0	0	0	0
AF	0	0.853217	32	26	6	0	0	0	0
AF	0	0.853529	35	23	12	0	0	0	0
AF	0	0.853841	26	17	9	0	0	0	0
AF	0	0.854154	29	24	5	0	0	0	0
AF	0	0.854466	30	23	7	0	0	0	0
AF	0	0.854778	20	10	10	0	0	0	0
AF	0	0.855091	45	34	11	0	0	0	0
AF	0	0.855403	33	17	16	0	0	0	0
AF	0	0.855715	20	10	10	0	0	0	0
AF	0	0.856027	22	13	9	0	0	0	0
AF	0	0.856340	21	17	4	0	0	0	0
AF	0	0.856652	23	15	8	0	0	0	0
AF	0	0.856964	40	23	17	0	0	0	0
AF	0	0.857277	51	29	22	0	0	0	0
AF	0	0.857589	21	10	11	0	0	0	0
AF	0	0.857901	20	16	4	0	0	0	0
AF	0	0.858214	30	18	12	0	0	0	0
AF	0	0.858526	21	12	9	0	0	0	0
AF	0	0.858838	20	14	6	0	0	0	0
AF	0	0.859151	20	14	6	0	0	0	0
AF	0	0.859463	25	18	7	0	0	0	0
AF	0	0.859775	34	26	8	0	0	0	0
AF	0	0.860087	18	14	4	0	0	0	0
AF	0	0.860400	20	14	6	0	0	0	0
AF	0	0.860712	21	11	10	0	0	0	0
AF	0	0.861024	21	15	6	0	0	0	0
AF	0	0.861337	14	13	1	0	0	0	0
AF	0	0.861649	27	23	4	0	0	0	0
AF	0	0.861961	22	15	7	0	0	0	0
AF	0	0.862274	26	18	8	0	0	0	0
AF	0	0.862586	38	23	15	0	0	0	0
AF	0	0.862898	37	27	10	0	0	0	0
AF	0	0.863210	30	21	9	0	0	0	0
AF	0	0.863523	20	12	8	0	0	0	0
AF	0	0.863835	21	17	4	0	0	0	0
AF	0	0.864147	15	11	4	0	0	0	0
AF	0	0.864460	21	15	6	0	0	0	0
AF	0	0.864772	24	17	7	0	0	0	0
AF	0	0.865084	39	23	16	0	0	0	0
AF	0	0.865397	15	8	7	0	0	0	0
AF	0	0.865709	38	25	13	0	0	0	0
AF	0	0.866021	18	13	5	0	0	0	0
AF	0	0.866334	12	7	5	0	0	0	0
AF	0	0.866646	35	20	15	0	0	0	0
AF	0	0.866958	31	23	8	0	0	0	0
AF	0	0.867270	43	34	9	0	0	0	0
AF	0	0.867583	37	23	14	0	0	0	0
AF	0	0.867895	29	17	12	0	0	0	0
AF	0	0.868207	34	22	12	0	0	0	0
AF	0	0.868520	39	26	13	0	0	0	0
AF	0	0.868832	20	15	5	0	0	0	0
AF	0	0.869144	19	15	4	0	0	0	0
AF	0	0.869457	21	17	4	0	0	0	0
AF	0	0.869769	20	16	4	0	0	0	0
AF	0	0.870081	24	16	8	0	0	0	0
AF	0	0.870394	33	19	14	0	0	0	0
AF	0	0.870706	17	13	4	0	0	0	0
AF	0	0.871018	19	12	7	0	0	0	0
AF	0	0.871330	21	15	6	0	0	0	0
AF	0	0.871643	25	14	11	0	0	0	0
AF	0	0.871955	29	20	9	0	0	0	0
AF	0	0.872267	60	40	20	0	0	0	0
AF	0	0.872580	37	25	12	0	0	0	0
AF	0	0.872892	57	39	18	0	0	0	0
AF	0	0.873204	16	12	4	0	0	0	0
AF	0	0.873517	21	17	4	0	0	0	0
AF	0	0.873829	34	21	13	0	0	0	0
AF	0	0.874141	35	25	10	0	0	0	0
AF	0	0.874453	17	13	4	0	0	0	0
AF	0	0.874766	27	17	10	0	0	0	0
AF	0	0.875078	22	16	6	0	0	0	0
AF	0	0.875390	17	10	7	0	0	0	0
AF	0	0.875703	34	24	10	0	0	0	0
AF	0	0.876015	42	29	13	0	0	0	0
AF	0	0.876327	42	23	19	0	0	0	0
AF	0	0.876640	40	22	18	0	0	0	0
AF	0	0.876952	31	20	11	0	0	0	0
AF	0	0.877264	36	23	13	0	0	0	0
AF	0	0.877577	32	20	12	0	0	0	0
AF	0	0.877889	22	12	10	0	0	0	0
AF	0	0.878201	34	26	8	0	0	0	0
AF	0	0.878513	22	16	6	0	0	0	0
AF	0	0.878826	20	17	3	0	0	0	0
AF	0	0.879138	25	18	7	0	0	0	0
AF	0	0.879450	21	15	6	0	0	0	0
AF	0	0.879763	23	11	12	0	0	0	0
AF	0	0.880075	46	31	15	0	0	0	0
AF	0	0.880387	31	23	8	0	0	0	0
AF	0	0.880700	22	17	5	0	0	0	0
AF	0	0.881012	24	14	10	0	0	0	0
AF	0	0.881324	27	21	6	0	0	0	0
AF	0	0.881636	29	17	12	0	0	0	0
AF	0	0.881949	42	26	16	0	0	0	0
AF	0	0.882261	53	40	13	0	0	0	0
AF	0	0.882573	55	34	21	0	0	0	0
AF	0	0.882886	32	21	11	0	0	0	0
AF	0	0.883198	35	23	12	0	0	0	0
AF	0	0.883510	37	28	9	0	0	0	0
AF	0	0.883823	42	31	11	0	0	0	0
AF	0	0.884135	20	14	6	0	0	0	0
AF	0	0.884447	16	10	6	0	0	0	0
AF	0	0.884760	33	19	14	0	0	0	0
AF	0	0.885072	29	17	12	0	0	0	0
AF	0	0.885384	23	15	8	0	0	0	0
AF	0	0.885696	36	23	13	0	0	0	0
AF	0	0.886009	22	18	4	0	0	0	0
AF	0	0.886321	33	24	9	0	0	0	0
AF	0	0.886633	14	8	6	0	0	0	0
AF	0	0.886946	27	20	7	0	0	0	0
AF	0	0.887258	16	10	6	0	0	0	0
AF	0	0.887570	18	11	7	0	0	0	0
AF	0	0.887883	28	19	9	0	0	0	0
AF	0	0.888195	21	15	6	0	0	0	0
AF	0	0.888507	21	16	5	0	0	0	0
AF	0	0.888819	32	20	12	0	0	0	0
AF	0	0.889132	23	18	5	0	0	0	0
AF	0	0.889444	24	17	7	0	0	0	0
AF	0	0.889756	23	16	7	0	0	0	0
AF	0	0.890069	23	11	12	0	0	0	0
AF	0	0.890381	34	24	10	0	0	0	0
AF	0	0.890693	30	21	9	0	0	0	0
AF	0	0.891006	63	38	25	0	0	0	0
AF	0	0.891318	33	22	11	0	0	0	0
AF	0	0.891630	26	19	7	0	0	0	0
AF	0	0.891943	42	29	13	0	0	0	0
AF	0	0.892255	24	17	7	0	0	0	0
AF	0	0.892567	24	16	8	0	0	0	0
AF	0	0.892879	32	23	9	0	0	0	0
AF	0	0.893192	38	22	16	0	0	0	0
AF	0	0.893504	51	36	15	0	0	0	0
AF	0	0.893816	25	15	10	0	0	0	0
AF	0	0.894129	38	26	12	0	0	0	0
AF	0	0.894441	32	22	10	0	0	0	0
AF	0	0.894753	27	18	9	0	0	0	0
AF	0	0.895066	36	28	8	0	0	0	0
AF	0	0.895378	34	24	10	0	0	0	0
AF	0	0.895690	21	15	6	0	0	0	0
AF	0	0.896002	26	17	9	0	0	0	0
AF	0	0.896315	32	22	10	0	0	0	0
AF	0	0.896627	17	13	4	0	0	0	0
AF	0	0.896939	30	19	11	0	0	0	0
AF	0	0.897252	30	20	10	0	0	0	0
AF	0	0.897564	20	15	5	0	0	0	0
AF	0	0.897876	23	11	12	0	0	0	0
AF	0	0.898189	30	21	9	0	0	0	0
AF	0	0.898501	22	12	10	0	0	0	0
AF	0	0.898813	27	17	10	0	0	0	0
AF	0	0.899126	22	15	7	0	0	0	0
AF	0	0.899438	22	15	7	0	0	0	0
AF	0	0.899750	28	17	11	0	0	0	0
AF	0	0.900062	32	23	9	0	0	0	0
AF	0	0.900375	27	21	6	0	0	0	0
AF	0	0.900687	30	19	11	0	0	0	0
AF	0	0.900999	31	24	7	0	0	0	0
AF	0	0.901312	30	16	14	0	0	0	0
AF	0	0.901624	52	42	10	0	0	0	0
AF	0	0.901936	34	23	11	0	0	0	0
AF	0	0.902249	24	19	5	0	0	0	0
AF	0	0.902561	18	14	4	0	0	0	0
AF	0	0.902873	29	21	8	0	0	0	0
AF	0	0.903186	23	18	5	0	0	0	0
AF	0	0.903498	19	13	6	0	0	0	0
AF	0	0.903810	21	17	4	0	0	0	0
AF	0	0.904122	14	11	3	0	0	0	0
AF	0	0.904435	28	23	5	0	0	0	0
AF	0	0.904747	31	24	7	0	0	0	0
AF	0	0.905059	28	15	13	0	0	0	0
AF	0	0.905372	38	24	14	0	0	0	0
AF	0	0.905684	24	18	6	0	0	0	0
AF	0	0.905996	34	20	14	0	0	0	0
AF	0	0.906309	21	14	7	0	0	0	0
AF	0	0.906621	18	14	4	0	0	0	0
AF	0	0.906933	15	10	5	0	0	0	0
AF	0	0.907245	18	12	6	0	0	0	0
AF	0	0.907558	15	11	4	0	0	0	0
AF	0	0.907870	17	13	4	0	0	0	0
AF	0	0.908182	10	6	4	0	0	0	0
AF	0	0.908495	15	6	9	0	0	0	0
AF	0	0.908807	22	16	6	0	0	0	0
AF	0	0.909119	25	15	10	0	0	0	0
AF	0	0.909432	30	19	11	0	0	0	0
AF	0	0.909744	31	24	7	0	0	0	0
AF	0	0.910056	20	14	6	0	0	0	0
AF	0	0.910369	31	23	8	0	0	0	0
AF	0	0.910681	28	20	8	0	0	0	0
AF	0	0.910993	20	16	4	0	0	0	0
AF	0	0.911305	15	10	5	0	0	0	0
AF	0	0.911618	33	21	12	0	0	0	0
AF	0	0.911930	11	7	4	0	0	0	0
AF	0	0.912242	15	10	5	0	0	0	0
AF	0	0.912555	16	12	4	0	0	0	0
AF	0	0.912867	27	19	8	0	0	0	0
AF	0	0.913179	16	12	4	0	0	0	0
AF	0	0.913492	22	16	6	0	0	0	0
AF	0	0.913804	22	11	11	0	0	0	0
AF	0	0.914116	24	17	7	0	0	0	0
AF	0	0.914428	30	22	8	0	0	0	0
AF	0	0.914741	45	31	14	0	0	0	0
AF	0	0.915053	25	15	10	0	0	0	0
AF	0	0.915365	27	17	10	0	0	0	0
AF	0	0.915678	18	14	4	0	0	0	0
AF	0	0.915990	19	14	5	0	0	0	0
AF	0	0.916302	29	20	9	0	0	0	0
AF	0	0.916615	36	22	14	0	0	0	0
AF	0	0.916927	19	12	7	0	0	0	0
AF	0	0.917239	27	22	5	0	0	0	0
AF	0	0.917552	45	34	11	0	0	0	0
AF	0	0.917864	62	40	22	0	0	0	0
AF	0	0.918176	35	27	8	0	0	0	0
AF	0	0.918488	26	20	6	0	0	0	0
AF	0	0.918801	20	15	5	0	0	0	0
AF	0	0.919113	12	8	4	0	0	0	0
AF	0	0.919425	19	15	4	0	0	0	0
AF	0	0.919738	18	14	4	0	0	0	0
AF	0	0.920050	17	9	8	0	0	0	0
AF	0	0.920362	25	18	7	0	0	0	0
AF	0	0.920675	19	13	6	0	0	0	0
AF	0	0.920987	23	12	11	0	0	0	0
AF	0	0.921299	17	9	8	0	0	0	0
AF	0	0.921611	19	10	9	0	0	0	0
AF	0	0.921924	26	18	8	0	0	0	0
AF	0	0.922236	27	18	9	0	0	0	0
AF	0	0.922548	19	10	9	0	0	0	0
AF	0	0.922861	37	27	10	0	0	0	0
AF	0	0.923173	27	20	7	0	0	0	0
AF	0	0.923485	16	10	6	0	0	0	0
AF	0	0.923798	27	19	8	0	0	0	0
AF	0	0.924110	18	12	6	0	0	0	0
AF	0	0.924422	29	25	4	0	0	0	0
AF	0	0.924735	25	18	7	0	0	0	0
AF	0	0.925047	15	8	7	0	0	0	0
AF	0	0.925359	23	12	11	0	0	0	0
AF	0	0.925671	21	16	5	0	0	0	0
AF	0	0.925984	24	19	5	0	0	0	0
AF	0	0.926296	20	11	9	0	0	0	0
AF	0	0.926608	17	13	4	0	0	0	0
AF	0	0.926921	25	16	9	0	0	0	0
AF	0	0.927233	28	18	10	0	0	0	0
AF	0	0.927545	26	16	10	0	0	0	0
AF	0	0.927858	42	28	14	0	0	0	0
AF	0	0.928170	40	25	15	0	0	0	0
AF	0	0.928482	29	21	8	0	0	0	0
AF	0	0.928795	21	16	5	0	0	0	0
AF	0	0.929107	36	23	13	0	0	0	0
AF	0	0.929419	18	10	8	0	0	0	0
AF	0	0.929731	30	25	5	0	0	0	0
AF	0	0.930044	15	9	6	0	0	0	0
AF	0	0.930356	21	15	6	0	0	0	0
AF	0	0.930668	27	18	9	0	0	0	0
AF	0	0.930981	18	11	7	0	0	0	0
AF	0	0.931293	15	12	3	0	0	0	0
AF	0	0.931605	28	20	8	0	0	0	0
AF	0	0.931918	23	12	11	0	0	0	0
AF	0	0.932230	14	8	6	0	0	0	0
AF	0	0.932542	18	12	6	0	0	0	0
AF	0	0.932854	13	10	3	0	0	0	0
AF	0	0.933167	24	14	10	0	0	0	0
AF	0	0.933479	23	15	8	0	0	0	0
AF	0	0.933791	25	17	8	0	0	0	0
AF	0	0.934104	28	21	7	0	0	0	0
AF	0	0.934416	24	17	7	0	0	0	0
AF	0	0.934728	19	15	4	0	0	0	0
AF	0	0.935041	32	24	8	0	0	0	0
AF	0	0.935353	38	32	6	0	0	0	0
AF	0	0.935665	37	25	12	0	0	0	0
AF	0	0.935978	29	21	8	0	0	0	0
AF	0	0.936290	20	19	1	0	0	0	0
AF	0	0.936602	21	16	5	0	0	0	0
AF	0	0.936914	25	17	8	0	0	0	0
AF	0	0.937227	36	28	8	0	0	0	0
AF	0	0.937539	20	16	4	0	0	0	0
AF	0	0.937851	24	17	7	0	0	0	0
AF	0	0.938164	29	16	13	0	0	0	0
AF	0	0.938476	42	28	14	0	0	0	0
AF	0	0.938788	33	22	11	0	0	0	0
AF	0	0.939101	36	25	11	0	0	0	0
AF	0	0.939413	17	13	4	0	0	0	0
AF	0	0.939725	31	22	9	0	0	0	0
AF	0	0.940037	32	23	9	0	0	0	0
AF	0	0.940350	25	18	7	0	0	0	0
AF	0	0.940662	24	13	11	0	0	0	0
AF	0	0.940974	33	24	9	0	0	0	0
AF	0	0.941287	20	13	7	0	0	0	0
AF	0	0.941599	17	12	5	0	0	0	0
AF	0	0.941911	32	14	18	0	0	0	0
AF	0	0.942224	40	23	17	0	0	0	0
AF	0	0.942536	11	9	2	0	0	0	0
AF	0	0.942848	24	15	9	0	0	0	0
AF	0	0.943161	19	13	6	0	0	0	0
AF	0	0.943473	18	11	7	0	0	0	0
AF	0	0.943785	19	15	4	0	0	0	0
AF	0	0.944097	25	14	11	0	0	0	0
AF	0	0.944410	27	20	7	0	0	0	0
AF	0	0.944722	35	23	12	0	0	0	0
AF	0	0.945034	29	20	9	0	0	0	0
AF	0	0.945347	28	20	8	0	0	0	0
AF	0	0.945659	26	14	12	0	0	0	0
AF	0	0.945971	32	25	7	0	0	0	0
AF	0	0.946284	30	25	5	0	0	0	0
AF	0	0.946596	31	19	12	0	0	0	0
AF	0	0.946908	35	22	13	0	0	0	0
AF	0	0.947220	36	30	6	0	0	0	0
AF	0	0.947533	16	9	7	0	0	0	0
AF	0	0.947845	19	14	5	0	0	0	0
AF	0	0.948157	24	16	8	0	0	0	0
AF	0	0.948470	19	14	5	0	0	0	0
AF	0	0.948782	24	18	6	0	0	0	0
AF	0	0.949094	32	20	12	0	0	0	0
AF	0	0.949407	28	23	5	0	0	0	0
AF	0	0.949719	40	24	16	0	0	0	0
AF	0	0.950031	31	21	10	0	0	0	0
AF	0	0.950344	37	30	7	0	0	0	0
AF	0	0.950656	26	18	8	0	0	0	0
AF	0	0.950968	23	17	6	0	0	0	0
AF	0	0.951280	44	33	11	0	0	0	0
AF	0	0.951593	32	19	13	0	0	0	0
AF	0	0.951905	30	18	12	0	0	0	0
AF	0	0.952217	25	19	6	0	0	0	0
AF	0	0.952530	44	37	7	0	0	0	0
AF	0	0.952842	39	25	14	0	0	0	0
AF	0	0.953154	23	22	1	0	0	0	0
AF	0	0.953467	50	39	11	0	0	0	0
AF	0	0.953779	21	13	8	0	0	0	0
AF	0	0.954091	18	13	5	0	0	0	0
AF	0	0.954403	27	22	5	0	0	0	0
AF	0	0.954716	17	9	8	0	0	0	0
AF	0	0.955028	28	14	14	0	0	0	0
AF	0	0.955340	31	24	7	0	0	0	0
AF	0	0.955653	25	15	10	0	0	0	0
AF	0	0.955965	24	16	8	0	0	0	0
AF	0	0.956277	30	22	8	0	0	0	0
AF	0	0.956590	33	21	12	0	0	0	0
AF	0	0.956902	30	22	8	0	0	0	0
AF	0	0.957214	44	32	12	0	0	0	0
AF	0	0.957527	34	24	10	0	0	0	0
AF	0	0.957839	37	28	9	0	0	0	0
AF	0	0.958151	31	22	9	0	0	0	0
AF	0	0.958463	35	20	15	0	0	0	0
AF	0	0.958776	45	25	20	0	0	0	0
AF	0	0.959088	29	23	6	0	0	0	0
AF	0	0.959400	35	27	8	0	0	0	0
AF	0	0.959713	28	15	13	0	0	0	0
AF	0	0.960025	26	21	5	0	0	0	0
AF	0	0.960337	22	15	7	0	0	0	0
AF	0	0.960650	19	13	6	0	0	0	0
AF	0	0.960962	32	23	9	0	0	0	0
AF	0	0.961274	25	16	9	0	0	0	0
AF	0	0.961587	24	15	9	0	0	0	0
AF	0	0.961899	30	23	7	0	0	0	0
AF	0	0.962211	44	31	13	0	0	0	0
AF	0	0.962523	42	30	12	0	0	0	0
AF	0	0.962836	34	28	6	0	0	0	0
AF	0	0.963148	37	30	7	0	0	0	0
AF	0	0.963460	51	37	14	0	0	0	0
AF	0	0.963773	56	34	22	0	0	0	0
AF	0	0.964085	52	31	21	0	0	0	0
AF	0	0.964397	34	24	10	0	0	0	0
AF	0	0.964710	34	21	13	0	0	0	0
AF	0	0.965022	46	30	16	0	0	0	0
AF	0	0.965334	31	16	15	0	0	0	0
AF	0	0.965646	52	40	12	0	0	0	0
AF	0	0.965959	32	18	14	0	0	0	0
AF	0	0.966271	50	31	19	0	0	0	0
AF	0	0.966583	38	25	13	0	0	0	0
AF	0	0.966896	40	24	16	0	0	0	0
AF	0	0.967208	54	32	22	0	0	0	0
AF	0	0.967520	39	27	12	0	0	0	0
AF	0	0.967833	45	32	13	0	0	0	0
AF	0	0.968145	41	31	10	0	0	0	0
AF	0	0.968457	53	39	14	0	0	0	0
AF	0	0.968770	33	23	10	0	0	0	0
AF	0	0.969082	36	24	12	0	0	0	0
AF	0	0.969394	30	24	6	0	0	0	0
AF	0	0.969706	34	22	12	0	0	0	0
AF	0	0.970019	43	26	17	0	0	0	0
AF	0	0.970331	47	27	20	0	0	0	0
AF	0	0.970643	50	36	14	0	0	0	0
AF	0	0.970956	51	35	16	0	0	0	0
AF	0	0.971268	35	26	9	0	0	0	0
AF	0	0.971580	76	50	26	0	0	0	0
AF	0	0.971893	40	32	8	0	0	0	0
AF	0	0.972205	34	23	11	0	0	0	0
AF	0	0.972517	33	24	9	0	0	0	0
AF	0	0.972829	44	28	16	0	0	0	0
AF	0	0.973142	42	33	9	0	0	0	0
AF	0	0.973454	41	24	17	0	0	0	0
AF	0	0.973766	30	21	9	0	0	0	0
AF	0	0.974079	46	31	15	0	0	0	0
AF	0	0.974391	45	36	9	0	0	0	0
AF	0	0.974703	44	25	19	0	0	0	0
AF	0	0.975016	52	40	12	0	0	0	0
AF	0	0.975328	68	52	16	0	0	0	0
AF	0	0.975640	48	36	12	0	0	0	0
AF	0	0.975953	39	31	8	0	0	0	0
AF	0	0.976265	33	27	6	0	0	0	0
AF	0	0.976577	27	19	8	0	0	0	0
AF	0	0.976889	40	27	13	0	0	0	0
AF	0	0.977202	60	45	15	0	0	0	0
AF	0	0.977514	51	36	15	0	0	0	0
AF	0	0.977826	49	32	17	0	0	0	0
AF	0	0.978139	51	39	12	0	0	0	0
AF	0	0.978451	67	37	30	0	0	0	0
AF	0	0.978763	53	36	17	0	0	0	0
AF	0	0.979076	38	27	11	0	0	0	0
AF	0	0.979388	47	35	12	0	0	0	0
AF	0	0.979700	32	23	9	0	0	0	0
AF	0	0.980012	48	40	8	0	0	0	0
AF	0	0.980325	51	41	10	0	0	0	0
AF	0	0.980637	40	24	16	0	0	0	0
AF	0	0.980949	63	39	24	0	0	0	0
AF	0	0.981262	41	32	9	0	0	0	0
AF	0	0.981574	51	35	16	0	0	0	0
AF	0	0.981886	58	38	20	0	0	0	0
AF	0	0.982199	30	24	6	0	0	0	0
AF	0	0.982511	42	33	9	0	0	0	0
AF	0	0.982823	55	37	18	0	0	0	0
AF	0	0.983136	52	35	17	0	0	0	0
AF	0	0.983448	39	25	14	0	0	0	0
AF	0	0.983760	49	34	15	0	0	0	0
AF	0	0.984072	42	23	19	0	0	0	0
AF	0	0.984385	32	26	6	0	0	0	0
AF	0	0.984697	45	34	11	0	0	0	0
AF	0	0.985009	25	16	9	0	0	0	0
AF	0	0.985322	38	21	17	0	0	0	0
AF	0	0.985634	62	46	16	0	0	0	0
AF	0	0.985946	57	42	15	0	0	0	0
AF	0	0.986259	61	39	22	0	0	0	0
AF	0	0.986571	60	40	20	0	0	0	0
AF	0	0.986883	68	48	20	0	0	0	0
AF	0	0.987196	40	25	15	0	0	0	0
AF	0	0.987508	42	29	13	0	0	0	0
AF	0	0.987820	63	47	16	0	0	0	0
AF	0	0.988132	48	38	10	0	0	0	0
AF	0	0.988445	52	32	20	0	0	0	0
AF	0	0.988757	36	24	12	0	0	0	0
AF	0	0.989069	43	33	10	0	0	0	0
AF	0	0.989382	42	31	11	0	0	0	0
AF	0	0.989694	61	43	18	0	0	0	0
AF	0	0.990006	55	35	20	0	0	0	0
AF	0	0.990319	58	43	15	0	0	0	0
AF	0	0.990631	64	47	17	0	0	0	0
AF	0	0.990943	80	54	26	0	0	0	0
AF	0	0.991255	83	60	23	0	0	0	0
AF	0	0.991568	90	51	39	0	0	0	0
AF	0	0.991880	63	44	19	0	0	0	0
AF	0	0.992192	54	42	12	0	0	0	0
AF	0	0.992505	54	36	18	0	0	0	0
AF	0	0.992817	86	53	33	0	0	0	0
AF	0	0.993129	109	77	32	0	0	0	0
AF	0	0.993442	102	69	33	0	0	0	0
AF	0	0.993754	81	61	20	0	0	0	0
AF	0	0.994066	59	35	24	0	0	0	0
AF	0	0.994379	74	53	21	0	0	0	0
AF	0	0.994691	79	53	26	0	0	0	0
AF	0	0.995003	96	65	31	0	0	0	0
AF	0	0.995315	54	39	15	0	0	0	0
AF	0	0.995628	60	40	20	0	0	0	0
AF	0	0.995940	121	89	32	0	0	0	0
AF	0	0.996252	112	71	41	0	0	0	0
AF	0	0.996565	102	71	31	0	0	0	0
AF	0	0.996877	118	83	35	0	0	0	0
AF	0	0.997189	90	59	31	0	0	0	0
AF	0	0.997502	76	50	26	0	0	0	0
AF	0	0.997814	72	50	22	0	0	0	0
AF	0	0.998126	85	62	23	0	0	0	0
AF	0	0.998438	77	53	24	0	0	0	0
AF	0	0.998751	87	52	35	0	0	0	0
AF	0	0.999063	109	71	38	0	0	0	0
AF	0	0.999375	67	48	19	0	0	0	0
# QUAL, Stats by quality
# QUAL	[2]id	[3]Quality	[4]number of SNPs	[5]number of transitions (1st ALT)	[6]number of transversions (1st ALT)	[7]number of indels
QUAL	0	.	1030736	700046	330690	0
# IDD, InDel distribution:
# IDD	[2]id	[3]length (deletions negative)	[4]number of sites	[5]number of genotypes	[6]mean VAF
# ST, Substitution types:
# ST	[2]id	[3]type	[4]count
ST	0	A>C	38303
ST	0	A>G	145410
ST	0	A>T	37410
ST	0	C>A	48738
ST	0	C>G	42027
ST	0	C>T	203631
ST	0	G>A	206726
ST	0	G>C	41176
ST	0	G>T	47528
ST	0	T>A	37977
ST	0	T>C	144279
ST	0	T>G	37531
# DP, depth:
#   - set id, see above
#   - the depth bin, corresponds to the depth (unless --depth was given)
#   - number of genotypes with this depth (zero unless -s/-S was given)
#   - fraction of genotypes with this depth (zero unless -s/-S was given)
#   - number of sites with this depth
#   - fraction of sites with this depth
# DP, Depth distribution
# DP	[2]id	[3]bin	[4]number of genotypes	[5]fraction of genotypes (%)	[6]number of sites	[7]fraction of sites (%)
