# This file was produced by bcftools stats (1.21+htslib-1.21) and can be plotted using plot-vcfstats.
# The command line was:	bcftools stats  /hpc/local/Rocky8/dhl_ec/software/MonopogenLite/resources/1kGP_high_coverage_Illumina.SNVonly_poly.filtered_AF_5e-04.norm.fixvariantid.chr2.vcf.gz
#
# Definition of sets:
# ID	[2]id	[3]tab-separated file names
ID	0	/hpc/local/Rocky8/dhl_ec/software/MonopogenLite/resources/1kGP_high_coverage_Illumina.SNVonly_poly.filtered_AF_5e-04.norm.fixvariantid.chr2.vcf.gz
# SN, Summary numbers:
#   number of records   .. number of data rows in the VCF
#   number of no-ALTs   .. reference-only sites, ALT is either "." or identical to REF
#   number of SNPs      .. number of rows with a SNP
#   number of MNPs      .. number of rows with a MNP, such as CC>TT
#   number of indels    .. number of rows with an indel
#   number of others    .. number of rows with other type, for example a symbolic allele or
#                          a complex substitution, such as ACT>TCGA
#   number of multiallelic sites     .. number of rows with multiple alternate alleles
#   number of multiallelic SNP sites .. number of rows with multiple alternate alleles, all SNPs
# 
#   Note that rows containing multiple types will be counted multiple times, in each
#   counter. For example, a row with a SNP and an indel increments both the SNP and
#   the indel counter.
# 
# SN	[2]id	[3]key	[4]value
SN	0	number of samples:	3202
SN	0	number of records:	3144457
SN	0	number of no-ALTs:	0
SN	0	number of SNPs:	3144457
SN	0	number of MNPs:	0
SN	0	number of indels:	0
SN	0	number of others:	0
SN	0	number of multiallelic sites:	0
SN	0	number of multiallelic SNP sites:	0
# TSTV, transitions/transversions
#   - transitions, see https://en.wikipedia.org/wiki/Transition_(genetics)
#   - transversions, see https://en.wikipedia.org/wiki/Transversion
# TSTV	[2]id	[3]ts	[4]tv	[5]ts/tv	[6]ts (1st ALT)	[7]tv (1st ALT)	[8]ts/tv (1st ALT)
TSTV	0	2116598	1027859	2.06	2116598	1027859	2.06
# SiS, Singleton stats:
#   - allele count, i.e. the number of singleton genotypes (AC=1)
#   - number of transitions, see above
#   - number of transversions, see above
#   - repeat-consistent, inconsistent and n/a: experimental and useless stats [DEPRECATED]
# SiS	[2]id	[3]allele count	[4]number of SNPs	[5]number of transitions	[6]number of transversions	[7]number of indels	[8]repeat-consistent	[9]repeat-inconsistent	[10]not applicable
SiS	0	1	0	0	0	0	0	0	0
# AF, Stats by non-reference allele frequency:
# AF	[2]id	[3]allele frequency	[4]number of SNPs	[5]number of transitions	[6]number of transversions	[7]number of indels	[8]repeat-consistent	[9]repeat-inconsistent	[10]not applicable
AF	0	0.000312	332796	225612	107184	0	0	0	0
AF	0	0.000625	383296	259153	124143	0	0	0	0
AF	0	0.000937	232997	157165	75832	0	0	0	0
AF	0	0.001249	161832	108769	53063	0	0	0	0
AF	0	0.001562	123829	83432	40397	0	0	0	0
AF	0	0.001874	98788	66351	32437	0	0	0	0
AF	0	0.002186	82129	55346	26783	0	0	0	0
AF	0	0.002498	68973	46458	22515	0	0	0	0
AF	0	0.002811	60932	40796	20136	0	0	0	0
AF	0	0.003123	53701	36044	17657	0	0	0	0
AF	0	0.003435	46916	31421	15495	0	0	0	0
AF	0	0.003748	41265	27782	13483	0	0	0	0
AF	0	0.004060	37461	25195	12266	0	0	0	0
AF	0	0.004372	35292	23596	11696	0	0	0	0
AF	0	0.004685	32441	21848	10593	0	0	0	0
AF	0	0.004997	29120	19577	9543	0	0	0	0
AF	0	0.005309	27077	18173	8904	0	0	0	0
AF	0	0.005621	24816	16624	8192	0	0	0	0
AF	0	0.005934	23355	15735	7620	0	0	0	0
AF	0	0.006246	22179	14884	7295	0	0	0	0
AF	0	0.006558	20936	13931	7005	0	0	0	0
AF	0	0.006871	19864	13208	6656	0	0	0	0
AF	0	0.007183	17755	11913	5842	0	0	0	0
AF	0	0.007495	17594	11898	5696	0	0	0	0
AF	0	0.007808	16742	11255	5487	0	0	0	0
AF	0	0.008120	16008	10593	5415	0	0	0	0
AF	0	0.008432	14790	9819	4971	0	0	0	0
AF	0	0.008745	13943	9279	4664	0	0	0	0
AF	0	0.009057	12965	8573	4392	0	0	0	0
AF	0	0.009369	12613	8505	4108	0	0	0	0
AF	0	0.009681	12182	8169	4013	0	0	0	0
AF	0	0.009994	11445	7665	3780	0	0	0	0
AF	0	0.010306	11215	7499	3716	0	0	0	0
AF	0	0.010618	11143	7479	3664	0	0	0	0
AF	0	0.010931	10643	7145	3498	0	0	0	0
AF	0	0.011243	9947	6673	3274	0	0	0	0
AF	0	0.011555	9871	6637	3234	0	0	0	0
AF	0	0.011868	9803	6508	3295	0	0	0	0
AF	0	0.012180	9099	6159	2940	0	0	0	0
AF	0	0.012492	9058	6079	2979	0	0	0	0
AF	0	0.012804	8424	5652	2772	0	0	0	0
AF	0	0.013117	8452	5684	2768	0	0	0	0
AF	0	0.013429	8072	5457	2615	0	0	0	0
AF	0	0.013741	7817	5247	2570	0	0	0	0
AF	0	0.014054	7385	4940	2445	0	0	0	0
AF	0	0.014366	7290	4848	2442	0	0	0	0
AF	0	0.014678	7593	5066	2527	0	0	0	0
AF	0	0.014991	6924	4646	2278	0	0	0	0
AF	0	0.015303	6924	4637	2287	0	0	0	0
AF	0	0.015615	6401	4301	2100	0	0	0	0
AF	0	0.015928	6264	4243	2021	0	0	0	0
AF	0	0.016240	6184	4168	2016	0	0	0	0
AF	0	0.016552	5818	3836	1982	0	0	0	0
AF	0	0.016864	5787	3859	1928	0	0	0	0
AF	0	0.017177	5475	3669	1806	0	0	0	0
AF	0	0.017489	5697	3792	1905	0	0	0	0
AF	0	0.017801	5286	3575	1711	0	0	0	0
AF	0	0.018114	5346	3593	1753	0	0	0	0
AF	0	0.018426	5087	3450	1637	0	0	0	0
AF	0	0.018738	5028	3388	1640	0	0	0	0
AF	0	0.019051	4777	3225	1552	0	0	0	0
AF	0	0.019363	4656	3092	1564	0	0	0	0
AF	0	0.019675	4602	3104	1498	0	0	0	0
AF	0	0.019988	4429	2959	1470	0	0	0	0
AF	0	0.020300	4170	2798	1372	0	0	0	0
AF	0	0.020612	4336	2887	1449	0	0	0	0
AF	0	0.020924	4278	2860	1418	0	0	0	0
AF	0	0.021237	4101	2765	1336	0	0	0	0
AF	0	0.021549	4184	2821	1363	0	0	0	0
AF	0	0.021861	4164	2816	1348	0	0	0	0
AF	0	0.022174	3818	2634	1184	0	0	0	0
AF	0	0.022486	3786	2556	1230	0	0	0	0
AF	0	0.022798	3779	2536	1243	0	0	0	0
AF	0	0.023111	3604	2412	1192	0	0	0	0
AF	0	0.023423	3472	2364	1108	0	0	0	0
AF	0	0.023735	3397	2260	1137	0	0	0	0
AF	0	0.024047	3391	2279	1112	0	0	0	0
AF	0	0.024360	3518	2357	1161	0	0	0	0
AF	0	0.024672	3519	2396	1123	0	0	0	0
AF	0	0.024984	3344	2184	1160	0	0	0	0
AF	0	0.025297	3205	2136	1069	0	0	0	0
AF	0	0.025609	3321	2262	1059	0	0	0	0
AF	0	0.025921	3315	2239	1076	0	0	0	0
AF	0	0.026234	2959	2005	954	0	0	0	0
AF	0	0.026546	3126	2126	1000	0	0	0	0
AF	0	0.026858	3021	2033	988	0	0	0	0
AF	0	0.027171	2921	1928	993	0	0	0	0
AF	0	0.027483	2896	1954	942	0	0	0	0
AF	0	0.027795	2757	1868	889	0	0	0	0
AF	0	0.028107	2773	1923	850	0	0	0	0
AF	0	0.028420	2557	1731	826	0	0	0	0
AF	0	0.028732	2570	1729	841	0	0	0	0
AF	0	0.029044	2587	1747	840	0	0	0	0
AF	0	0.029357	2709	1808	901	0	0	0	0
AF	0	0.029669	2836	1884	952	0	0	0	0
AF	0	0.029981	2556	1720	836	0	0	0	0
AF	0	0.030294	2510	1664	846	0	0	0	0
AF	0	0.030606	2363	1632	731	0	0	0	0
AF	0	0.030918	2382	1572	810	0	0	0	0
AF	0	0.031230	2269	1524	745	0	0	0	0
AF	0	0.031543	2422	1646	776	0	0	0	0
AF	0	0.031855	2367	1560	807	0	0	0	0
AF	0	0.032167	2377	1631	746	0	0	0	0
AF	0	0.032480	2169	1472	697	0	0	0	0
AF	0	0.032792	2158	1458	700	0	0	0	0
AF	0	0.033104	2223	1467	756	0	0	0	0
AF	0	0.033417	2009	1315	694	0	0	0	0
AF	0	0.033729	2265	1519	746	0	0	0	0
AF	0	0.034041	2162	1444	718	0	0	0	0
AF	0	0.034354	2064	1397	667	0	0	0	0
AF	0	0.034666	2162	1472	690	0	0	0	0
AF	0	0.034978	1925	1300	625	0	0	0	0
AF	0	0.035290	2114	1422	692	0	0	0	0
AF	0	0.035603	2160	1460	700	0	0	0	0
AF	0	0.035915	1896	1261	635	0	0	0	0
AF	0	0.036227	1696	1124	572	0	0	0	0
AF	0	0.036540	1781	1183	598	0	0	0	0
AF	0	0.036852	1804	1249	555	0	0	0	0
AF	0	0.037164	1735	1223	512	0	0	0	0
AF	0	0.037477	1663	1138	525	0	0	0	0
AF	0	0.037789	1654	1113	541	0	0	0	0
AF	0	0.038101	1783	1179	604	0	0	0	0
AF	0	0.038413	1906	1301	605	0	0	0	0
AF	0	0.038726	1882	1247	635	0	0	0	0
AF	0	0.039038	1769	1221	548	0	0	0	0
AF	0	0.039350	1633	1110	523	0	0	0	0
AF	0	0.039663	1637	1065	572	0	0	0	0
AF	0	0.039975	1567	1072	495	0	0	0	0
AF	0	0.040287	1728	1123	605	0	0	0	0
AF	0	0.040600	1577	1076	501	0	0	0	0
AF	0	0.040912	1566	1047	519	0	0	0	0
AF	0	0.041224	1560	1032	528	0	0	0	0
AF	0	0.041537	1500	1017	483	0	0	0	0
AF	0	0.041849	1764	1203	561	0	0	0	0
AF	0	0.042161	1556	1058	498	0	0	0	0
AF	0	0.042473	1365	935	430	0	0	0	0
AF	0	0.042786	1580	1055	525	0	0	0	0
AF	0	0.043098	1502	1037	465	0	0	0	0
AF	0	0.043410	1467	983	484	0	0	0	0
AF	0	0.043723	1518	990	528	0	0	0	0
AF	0	0.044035	1617	1069	548	0	0	0	0
AF	0	0.044347	1513	1020	493	0	0	0	0
AF	0	0.044660	1492	979	513	0	0	0	0
AF	0	0.044972	1440	967	473	0	0	0	0
AF	0	0.045284	1503	1005	498	0	0	0	0
AF	0	0.045597	1324	899	425	0	0	0	0
AF	0	0.045909	1338	885	453	0	0	0	0
AF	0	0.046221	1405	940	465	0	0	0	0
AF	0	0.046533	1210	816	394	0	0	0	0
AF	0	0.046846	1414	959	455	0	0	0	0
AF	0	0.047158	1300	856	444	0	0	0	0
AF	0	0.047470	1325	887	438	0	0	0	0
AF	0	0.047783	1326	905	421	0	0	0	0
AF	0	0.048095	1323	830	493	0	0	0	0
AF	0	0.048407	1336	903	433	0	0	0	0
AF	0	0.048720	1273	846	427	0	0	0	0
AF	0	0.049032	1358	941	417	0	0	0	0
AF	0	0.049344	1176	809	367	0	0	0	0
AF	0	0.049656	1173	810	363	0	0	0	0
AF	0	0.049969	1207	832	375	0	0	0	0
AF	0	0.050281	1210	821	389	0	0	0	0
AF	0	0.050593	1240	827	413	0	0	0	0
AF	0	0.050906	1175	793	382	0	0	0	0
AF	0	0.051218	1070	728	342	0	0	0	0
AF	0	0.051530	1063	697	366	0	0	0	0
AF	0	0.051843	1132	759	373	0	0	0	0
AF	0	0.052155	1261	827	434	0	0	0	0
AF	0	0.052467	1143	777	366	0	0	0	0
AF	0	0.052780	1107	732	375	0	0	0	0
AF	0	0.053092	1120	755	365	0	0	0	0
AF	0	0.053404	1147	747	400	0	0	0	0
AF	0	0.053716	1078	718	360	0	0	0	0
AF	0	0.054029	1062	715	347	0	0	0	0
AF	0	0.054341	1062	730	332	0	0	0	0
AF	0	0.054653	1161	777	384	0	0	0	0
AF	0	0.054966	1088	725	363	0	0	0	0
AF	0	0.055278	1133	731	402	0	0	0	0
AF	0	0.055590	1194	817	377	0	0	0	0
AF	0	0.055903	1089	758	331	0	0	0	0
AF	0	0.056215	1102	739	363	0	0	0	0
AF	0	0.056527	1031	698	333	0	0	0	0
AF	0	0.056839	934	632	302	0	0	0	0
AF	0	0.057152	944	631	313	0	0	0	0
AF	0	0.057464	1057	689	368	0	0	0	0
AF	0	0.057776	1065	704	361	0	0	0	0
AF	0	0.058089	1068	705	363	0	0	0	0
AF	0	0.058401	1049	693	356	0	0	0	0
AF	0	0.058713	1059	716	343	0	0	0	0
AF	0	0.059026	988	684	304	0	0	0	0
AF	0	0.059338	983	645	338	0	0	0	0
AF	0	0.059650	1070	733	337	0	0	0	0
AF	0	0.059963	935	623	312	0	0	0	0
AF	0	0.060275	886	560	326	0	0	0	0
AF	0	0.060587	840	560	280	0	0	0	0
AF	0	0.060899	879	612	267	0	0	0	0
AF	0	0.061212	942	610	332	0	0	0	0
AF	0	0.061524	925	609	316	0	0	0	0
AF	0	0.061836	854	580	274	0	0	0	0
AF	0	0.062149	866	564	302	0	0	0	0
AF	0	0.062461	871	599	272	0	0	0	0
AF	0	0.062773	853	566	287	0	0	0	0
AF	0	0.063086	910	608	302	0	0	0	0
AF	0	0.063398	1046	722	324	0	0	0	0
AF	0	0.063710	884	580	304	0	0	0	0
AF	0	0.064022	871	592	279	0	0	0	0
AF	0	0.064335	902	602	300	0	0	0	0
AF	0	0.064647	860	583	277	0	0	0	0
AF	0	0.064959	812	541	271	0	0	0	0
AF	0	0.065272	804	521	283	0	0	0	0
AF	0	0.065584	939	627	312	0	0	0	0
AF	0	0.065896	863	573	290	0	0	0	0
AF	0	0.066209	858	575	283	0	0	0	0
AF	0	0.066521	820	548	272	0	0	0	0
AF	0	0.066833	892	611	281	0	0	0	0
AF	0	0.067146	888	594	294	0	0	0	0
AF	0	0.067458	946	648	298	0	0	0	0
AF	0	0.067770	837	579	258	0	0	0	0
AF	0	0.068082	909	592	317	0	0	0	0
AF	0	0.068395	845	559	286	0	0	0	0
AF	0	0.068707	988	659	329	0	0	0	0
AF	0	0.069019	893	588	305	0	0	0	0
AF	0	0.069332	810	547	263	0	0	0	0
AF	0	0.069644	825	548	277	0	0	0	0
AF	0	0.069956	877	573	304	0	0	0	0
AF	0	0.070269	757	520	237	0	0	0	0
AF	0	0.070581	812	566	246	0	0	0	0
AF	0	0.070893	719	474	245	0	0	0	0
AF	0	0.071205	782	541	241	0	0	0	0
AF	0	0.071518	807	561	246	0	0	0	0
AF	0	0.071830	840	538	302	0	0	0	0
AF	0	0.072142	900	598	302	0	0	0	0
AF	0	0.072455	915	580	335	0	0	0	0
AF	0	0.072767	899	598	301	0	0	0	0
AF	0	0.073079	776	545	231	0	0	0	0
AF	0	0.073392	849	568	281	0	0	0	0
AF	0	0.073704	781	531	250	0	0	0	0
AF	0	0.074016	863	581	282	0	0	0	0
AF	0	0.074329	774	513	261	0	0	0	0
AF	0	0.074641	735	489	246	0	0	0	0
AF	0	0.074953	746	494	252	0	0	0	0
AF	0	0.075265	872	594	278	0	0	0	0
AF	0	0.075578	791	543	248	0	0	0	0
AF	0	0.075890	763	532	231	0	0	0	0
AF	0	0.076202	783	522	261	0	0	0	0
AF	0	0.076515	702	469	233	0	0	0	0
AF	0	0.076827	760	493	267	0	0	0	0
AF	0	0.077139	754	514	240	0	0	0	0
AF	0	0.077452	703	476	227	0	0	0	0
AF	0	0.077764	755	516	239	0	0	0	0
AF	0	0.078076	743	475	268	0	0	0	0
AF	0	0.078389	781	526	255	0	0	0	0
AF	0	0.078701	722	468	254	0	0	0	0
AF	0	0.079013	681	458	223	0	0	0	0
AF	0	0.079325	771	523	248	0	0	0	0
AF	0	0.079638	735	523	212	0	0	0	0
AF	0	0.079950	716	485	231	0	0	0	0
AF	0	0.080262	738	484	254	0	0	0	0
AF	0	0.080575	667	456	211	0	0	0	0
AF	0	0.080887	648	418	230	0	0	0	0
AF	0	0.081199	701	457	244	0	0	0	0
AF	0	0.081512	590	376	214	0	0	0	0
AF	0	0.081824	656	422	234	0	0	0	0
AF	0	0.082136	761	510	251	0	0	0	0
AF	0	0.082448	719	495	224	0	0	0	0
AF	0	0.082761	615	396	219	0	0	0	0
AF	0	0.083073	708	474	234	0	0	0	0
AF	0	0.083385	629	402	227	0	0	0	0
AF	0	0.083698	664	451	213	0	0	0	0
AF	0	0.084010	577	387	190	0	0	0	0
AF	0	0.084322	643	423	220	0	0	0	0
AF	0	0.084635	683	451	232	0	0	0	0
AF	0	0.084947	618	410	208	0	0	0	0
AF	0	0.085259	598	398	200	0	0	0	0
AF	0	0.085572	665	454	211	0	0	0	0
AF	0	0.085884	629	425	204	0	0	0	0
AF	0	0.086196	676	472	204	0	0	0	0
AF	0	0.086508	582	388	194	0	0	0	0
AF	0	0.086821	674	466	208	0	0	0	0
AF	0	0.087133	656	451	205	0	0	0	0
AF	0	0.087445	631	398	233	0	0	0	0
AF	0	0.087758	611	406	205	0	0	0	0
AF	0	0.088070	669	469	200	0	0	0	0
AF	0	0.088382	629	431	198	0	0	0	0
AF	0	0.088695	642	431	211	0	0	0	0
AF	0	0.089007	604	395	209	0	0	0	0
AF	0	0.089319	646	433	213	0	0	0	0
AF	0	0.089631	657	437	220	0	0	0	0
AF	0	0.089944	561	390	171	0	0	0	0
AF	0	0.090256	575	370	205	0	0	0	0
AF	0	0.090568	520	354	166	0	0	0	0
AF	0	0.090881	539	365	174	0	0	0	0
AF	0	0.091193	568	390	178	0	0	0	0
AF	0	0.091505	568	386	182	0	0	0	0
AF	0	0.091818	543	368	175	0	0	0	0
AF	0	0.092130	576	382	194	0	0	0	0
AF	0	0.092442	627	429	198	0	0	0	0
AF	0	0.092755	551	341	210	0	0	0	0
AF	0	0.093067	605	418	187	0	0	0	0
AF	0	0.093379	586	401	185	0	0	0	0
AF	0	0.093691	664	439	225	0	0	0	0
AF	0	0.094004	587	392	195	0	0	0	0
AF	0	0.094316	647	420	227	0	0	0	0
AF	0	0.094628	587	399	188	0	0	0	0
AF	0	0.094941	565	378	187	0	0	0	0
AF	0	0.095253	630	430	200	0	0	0	0
AF	0	0.095565	604	403	201	0	0	0	0
AF	0	0.095878	554	360	194	0	0	0	0
AF	0	0.096190	571	412	159	0	0	0	0
AF	0	0.096502	532	368	164	0	0	0	0
AF	0	0.096814	527	382	145	0	0	0	0
AF	0	0.097127	558	393	165	0	0	0	0
AF	0	0.097439	557	389	168	0	0	0	0
AF	0	0.097751	603	399	204	0	0	0	0
AF	0	0.098064	573	385	188	0	0	0	0
AF	0	0.098376	636	425	211	0	0	0	0
AF	0	0.098688	575	407	168	0	0	0	0
AF	0	0.099001	705	464	241	0	0	0	0
AF	0	0.099313	684	464	220	0	0	0	0
AF	0	0.099625	636	442	194	0	0	0	0
AF	0	0.099938	698	467	231	0	0	0	0
AF	0	0.100250	648	436	212	0	0	0	0
AF	0	0.100562	563	380	183	0	0	0	0
AF	0	0.100874	636	434	202	0	0	0	0
AF	0	0.101187	567	378	189	0	0	0	0
AF	0	0.101499	568	385	183	0	0	0	0
AF	0	0.101811	525	378	147	0	0	0	0
AF	0	0.102124	572	378	194	0	0	0	0
AF	0	0.102436	567	373	194	0	0	0	0
AF	0	0.102748	614	411	203	0	0	0	0
AF	0	0.103061	559	366	193	0	0	0	0
AF	0	0.103373	579	390	189	0	0	0	0
AF	0	0.103685	594	401	193	0	0	0	0
AF	0	0.103998	549	372	177	0	0	0	0
AF	0	0.104310	541	370	171	0	0	0	0
AF	0	0.104622	580	389	191	0	0	0	0
AF	0	0.104934	549	368	181	0	0	0	0
AF	0	0.105247	532	350	182	0	0	0	0
AF	0	0.105559	546	374	172	0	0	0	0
AF	0	0.105871	604	404	200	0	0	0	0
AF	0	0.106184	584	383	201	0	0	0	0
AF	0	0.106496	572	396	176	0	0	0	0
AF	0	0.106808	578	396	182	0	0	0	0
AF	0	0.107121	504	330	174	0	0	0	0
AF	0	0.107433	500	340	160	0	0	0	0
AF	0	0.107745	435	289	146	0	0	0	0
AF	0	0.108057	453	295	158	0	0	0	0
AF	0	0.108370	513	347	166	0	0	0	0
AF	0	0.108682	466	300	166	0	0	0	0
AF	0	0.108994	459	309	150	0	0	0	0
AF	0	0.109307	513	355	158	0	0	0	0
AF	0	0.109619	460	306	154	0	0	0	0
AF	0	0.109931	506	318	188	0	0	0	0
AF	0	0.110244	489	332	157	0	0	0	0
AF	0	0.110556	458	291	167	0	0	0	0
AF	0	0.110868	498	328	170	0	0	0	0
AF	0	0.111181	647	464	183	0	0	0	0
AF	0	0.111493	550	379	171	0	0	0	0
AF	0	0.111805	544	362	182	0	0	0	0
AF	0	0.112117	513	347	166	0	0	0	0
AF	0	0.112430	501	313	188	0	0	0	0
AF	0	0.112742	466	311	155	0	0	0	0
AF	0	0.113054	528	363	165	0	0	0	0
AF	0	0.113367	565	355	210	0	0	0	0
AF	0	0.113679	453	315	138	0	0	0	0
AF	0	0.113991	569	393	176	0	0	0	0
AF	0	0.114304	488	343	145	0	0	0	0
AF	0	0.114616	476	302	174	0	0	0	0
AF	0	0.114928	463	304	159	0	0	0	0
AF	0	0.115240	469	298	171	0	0	0	0
AF	0	0.115553	452	306	146	0	0	0	0
AF	0	0.115865	488	324	164	0	0	0	0
AF	0	0.116177	439	288	151	0	0	0	0
AF	0	0.116490	470	313	157	0	0	0	0
AF	0	0.116802	494	342	152	0	0	0	0
AF	0	0.117114	487	318	169	0	0	0	0
AF	0	0.117427	427	285	142	0	0	0	0
AF	0	0.117739	462	313	149	0	0	0	0
AF	0	0.118051	450	305	145	0	0	0	0
AF	0	0.118364	479	326	153	0	0	0	0
AF	0	0.118676	670	441	229	0	0	0	0
AF	0	0.118988	482	321	161	0	0	0	0
AF	0	0.119300	625	429	196	0	0	0	0
AF	0	0.119613	717	460	257	0	0	0	0
AF	0	0.119925	627	420	207	0	0	0	0
AF	0	0.120237	586	400	186	0	0	0	0
AF	0	0.120550	418	274	144	0	0	0	0
AF	0	0.120862	439	306	133	0	0	0	0
AF	0	0.121174	480	333	147	0	0	0	0
AF	0	0.121487	418	281	137	0	0	0	0
AF	0	0.121799	474	322	152	0	0	0	0
AF	0	0.122111	461	298	163	0	0	0	0
AF	0	0.122423	461	298	163	0	0	0	0
AF	0	0.122736	416	261	155	0	0	0	0
AF	0	0.123048	412	274	138	0	0	0	0
AF	0	0.123360	478	317	161	0	0	0	0
AF	0	0.123673	442	309	133	0	0	0	0
AF	0	0.123985	459	297	162	0	0	0	0
AF	0	0.124297	450	298	152	0	0	0	0
AF	0	0.124610	439	280	159	0	0	0	0
AF	0	0.124922	505	329	176	0	0	0	0
AF	0	0.125234	484	321	163	0	0	0	0
AF	0	0.125547	464	323	141	0	0	0	0
AF	0	0.125859	461	297	164	0	0	0	0
AF	0	0.126171	459	309	150	0	0	0	0
AF	0	0.126483	432	278	154	0	0	0	0
AF	0	0.126796	407	276	131	0	0	0	0
AF	0	0.127108	423	291	132	0	0	0	0
AF	0	0.127420	426	284	142	0	0	0	0
AF	0	0.127733	434	276	158	0	0	0	0
AF	0	0.128045	446	299	147	0	0	0	0
AF	0	0.128357	492	317	175	0	0	0	0
AF	0	0.128670	450	301	149	0	0	0	0
AF	0	0.128982	363	247	116	0	0	0	0
AF	0	0.129294	368	250	118	0	0	0	0
AF	0	0.129606	413	281	132	0	0	0	0
AF	0	0.129919	420	275	145	0	0	0	0
AF	0	0.130231	402	268	134	0	0	0	0
AF	0	0.130543	404	267	137	0	0	0	0
AF	0	0.130856	456	313	143	0	0	0	0
AF	0	0.131168	419	281	138	0	0	0	0
AF	0	0.131480	446	275	171	0	0	0	0
AF	0	0.131793	373	254	119	0	0	0	0
AF	0	0.132105	413	291	122	0	0	0	0
AF	0	0.132417	432	279	153	0	0	0	0
AF	0	0.132730	386	256	130	0	0	0	0
AF	0	0.133042	417	287	130	0	0	0	0
AF	0	0.133354	451	319	132	0	0	0	0
AF	0	0.133666	438	300	138	0	0	0	0
AF	0	0.133979	461	333	128	0	0	0	0
AF	0	0.134291	399	266	133	0	0	0	0
AF	0	0.134603	391	267	124	0	0	0	0
AF	0	0.134916	374	258	116	0	0	0	0
AF	0	0.135228	357	243	114	0	0	0	0
AF	0	0.135540	391	257	134	0	0	0	0
AF	0	0.135853	386	265	121	0	0	0	0
AF	0	0.136165	457	326	131	0	0	0	0
AF	0	0.136477	400	269	131	0	0	0	0
AF	0	0.136790	397	261	136	0	0	0	0
AF	0	0.137102	401	267	134	0	0	0	0
AF	0	0.137414	431	292	139	0	0	0	0
AF	0	0.137726	430	289	141	0	0	0	0
AF	0	0.138039	494	310	184	0	0	0	0
AF	0	0.138351	493	337	156	0	0	0	0
AF	0	0.138663	413	279	134	0	0	0	0
AF	0	0.138976	362	242	120	0	0	0	0
AF	0	0.139288	413	273	140	0	0	0	0
AF	0	0.139600	420	275	145	0	0	0	0
AF	0	0.139913	397	263	134	0	0	0	0
AF	0	0.140225	396	271	125	0	0	0	0
AF	0	0.140537	411	276	135	0	0	0	0
AF	0	0.140849	354	249	105	0	0	0	0
AF	0	0.141162	367	256	111	0	0	0	0
AF	0	0.141474	367	239	128	0	0	0	0
AF	0	0.141786	366	248	118	0	0	0	0
AF	0	0.142099	410	274	136	0	0	0	0
AF	0	0.142411	416	273	143	0	0	0	0
AF	0	0.142723	442	297	145	0	0	0	0
AF	0	0.143036	419	286	133	0	0	0	0
AF	0	0.143348	385	244	141	0	0	0	0
AF	0	0.143660	343	216	127	0	0	0	0
AF	0	0.143973	399	269	130	0	0	0	0
AF	0	0.144285	396	271	125	0	0	0	0
AF	0	0.144597	359	239	120	0	0	0	0
AF	0	0.144909	410	274	136	0	0	0	0
AF	0	0.145222	380	248	132	0	0	0	0
AF	0	0.145534	373	261	112	0	0	0	0
AF	0	0.145846	461	318	143	0	0	0	0
AF	0	0.146159	406	275	131	0	0	0	0
AF	0	0.146471	395	260	135	0	0	0	0
AF	0	0.146783	373	249	124	0	0	0	0
AF	0	0.147096	359	245	114	0	0	0	0
AF	0	0.147408	318	205	113	0	0	0	0
AF	0	0.147720	358	229	129	0	0	0	0
AF	0	0.148032	400	266	134	0	0	0	0
AF	0	0.148345	374	256	118	0	0	0	0
AF	0	0.148657	437	330	107	0	0	0	0
AF	0	0.148969	388	269	119	0	0	0	0
AF	0	0.149282	339	239	100	0	0	0	0
AF	0	0.149594	387	256	131	0	0	0	0
AF	0	0.149906	382	268	114	0	0	0	0
AF	0	0.150219	392	254	138	0	0	0	0
AF	0	0.150531	356	223	133	0	0	0	0
AF	0	0.150843	422	293	129	0	0	0	0
AF	0	0.151156	388	257	131	0	0	0	0
AF	0	0.151468	387	263	124	0	0	0	0
AF	0	0.151780	326	217	109	0	0	0	0
AF	0	0.152092	361	235	126	0	0	0	0
AF	0	0.152405	382	259	123	0	0	0	0
AF	0	0.152717	315	218	97	0	0	0	0
AF	0	0.153029	329	221	108	0	0	0	0
AF	0	0.153342	357	241	116	0	0	0	0
AF	0	0.153654	436	297	139	0	0	0	0
AF	0	0.153966	398	274	124	0	0	0	0
AF	0	0.154279	472	320	152	0	0	0	0
AF	0	0.154591	335	231	104	0	0	0	0
AF	0	0.154903	359	251	108	0	0	0	0
AF	0	0.155215	375	250	125	0	0	0	0
AF	0	0.155528	413	279	134	0	0	0	0
AF	0	0.155840	345	243	102	0	0	0	0
AF	0	0.156152	392	256	136	0	0	0	0
AF	0	0.156465	400	255	145	0	0	0	0
AF	0	0.156777	376	252	124	0	0	0	0
AF	0	0.157089	367	234	133	0	0	0	0
AF	0	0.157402	372	240	132	0	0	0	0
AF	0	0.157714	342	227	115	0	0	0	0
AF	0	0.158026	422	266	156	0	0	0	0
AF	0	0.158339	330	205	125	0	0	0	0
AF	0	0.158651	378	257	121	0	0	0	0
AF	0	0.158963	351	238	113	0	0	0	0
AF	0	0.159275	356	247	109	0	0	0	0
AF	0	0.159588	349	234	115	0	0	0	0
AF	0	0.159900	332	225	107	0	0	0	0
AF	0	0.160212	367	245	122	0	0	0	0
AF	0	0.160525	323	218	105	0	0	0	0
AF	0	0.160837	402	268	134	0	0	0	0
AF	0	0.161149	362	235	127	0	0	0	0
AF	0	0.161462	350	251	99	0	0	0	0
AF	0	0.161774	389	259	130	0	0	0	0
AF	0	0.162086	421	289	132	0	0	0	0
AF	0	0.162399	367	254	113	0	0	0	0
AF	0	0.162711	375	252	123	0	0	0	0
AF	0	0.163023	429	264	165	0	0	0	0
AF	0	0.163335	385	262	123	0	0	0	0
AF	0	0.163648	377	247	130	0	0	0	0
AF	0	0.163960	321	232	89	0	0	0	0
AF	0	0.164272	341	223	118	0	0	0	0
AF	0	0.164585	359	236	123	0	0	0	0
AF	0	0.164897	400	256	144	0	0	0	0
AF	0	0.165209	341	242	99	0	0	0	0
AF	0	0.165522	331	236	95	0	0	0	0
AF	0	0.165834	393	255	138	0	0	0	0
AF	0	0.166146	384	254	130	0	0	0	0
AF	0	0.166458	359	234	125	0	0	0	0
AF	0	0.166771	353	233	120	0	0	0	0
AF	0	0.167083	404	274	130	0	0	0	0
AF	0	0.167395	381	259	122	0	0	0	0
AF	0	0.167708	324	210	114	0	0	0	0
AF	0	0.168020	401	249	152	0	0	0	0
AF	0	0.168332	399	254	145	0	0	0	0
AF	0	0.168645	488	312	176	0	0	0	0
AF	0	0.168957	357	235	122	0	0	0	0
AF	0	0.169269	352	222	130	0	0	0	0
AF	0	0.169582	361	255	106	0	0	0	0
AF	0	0.169894	328	230	98	0	0	0	0
AF	0	0.170206	345	233	112	0	0	0	0
AF	0	0.170518	299	200	99	0	0	0	0
AF	0	0.170831	417	270	147	0	0	0	0
AF	0	0.171143	391	257	134	0	0	0	0
AF	0	0.171455	389	266	123	0	0	0	0
AF	0	0.171768	365	249	116	0	0	0	0
AF	0	0.172080	398	262	136	0	0	0	0
AF	0	0.172392	392	277	115	0	0	0	0
AF	0	0.172705	338	226	112	0	0	0	0
AF	0	0.173017	372	253	119	0	0	0	0
AF	0	0.173329	347	232	115	0	0	0	0
AF	0	0.173641	385	262	123	0	0	0	0
AF	0	0.173954	414	264	150	0	0	0	0
AF	0	0.174266	382	261	121	0	0	0	0
AF	0	0.174578	416	280	136	0	0	0	0
AF	0	0.174891	364	253	111	0	0	0	0
AF	0	0.175203	376	238	138	0	0	0	0
AF	0	0.175515	297	198	99	0	0	0	0
AF	0	0.175828	412	272	140	0	0	0	0
AF	0	0.176140	297	200	97	0	0	0	0
AF	0	0.176452	331	224	107	0	0	0	0
AF	0	0.176765	343	236	107	0	0	0	0
AF	0	0.177077	396	272	124	0	0	0	0
AF	0	0.177389	345	234	111	0	0	0	0
AF	0	0.177701	325	218	107	0	0	0	0
AF	0	0.178014	338	208	130	0	0	0	0
AF	0	0.178326	345	229	116	0	0	0	0
AF	0	0.178638	311	209	102	0	0	0	0
AF	0	0.178951	314	198	116	0	0	0	0
AF	0	0.179263	321	227	94	0	0	0	0
AF	0	0.179575	392	270	122	0	0	0	0
AF	0	0.179888	306	206	100	0	0	0	0
AF	0	0.180200	292	206	86	0	0	0	0
AF	0	0.180512	353	224	129	0	0	0	0
AF	0	0.180824	375	246	129	0	0	0	0
AF	0	0.181137	335	231	104	0	0	0	0
AF	0	0.181449	329	224	105	0	0	0	0
AF	0	0.181761	328	222	106	0	0	0	0
AF	0	0.182074	355	233	122	0	0	0	0
AF	0	0.182386	316	206	110	0	0	0	0
AF	0	0.182698	337	220	117	0	0	0	0
AF	0	0.183011	316	224	92	0	0	0	0
AF	0	0.183323	335	205	130	0	0	0	0
AF	0	0.183635	335	231	104	0	0	0	0
AF	0	0.183948	324	228	96	0	0	0	0
AF	0	0.184260	380	251	129	0	0	0	0
AF	0	0.184572	350	207	143	0	0	0	0
AF	0	0.184884	370	256	114	0	0	0	0
AF	0	0.185197	301	204	97	0	0	0	0
AF	0	0.185509	349	237	112	0	0	0	0
AF	0	0.185821	351	225	126	0	0	0	0
AF	0	0.186134	291	204	87	0	0	0	0
AF	0	0.186446	297	200	97	0	0	0	0
AF	0	0.186758	317	207	110	0	0	0	0
AF	0	0.187071	328	218	110	0	0	0	0
AF	0	0.187383	312	211	101	0	0	0	0
AF	0	0.187695	313	201	112	0	0	0	0
AF	0	0.188007	357	238	119	0	0	0	0
AF	0	0.188320	293	196	97	0	0	0	0
AF	0	0.188632	318	231	87	0	0	0	0
AF	0	0.188944	403	279	124	0	0	0	0
AF	0	0.189257	367	250	117	0	0	0	0
AF	0	0.189569	312	219	93	0	0	0	0
AF	0	0.189881	322	225	97	0	0	0	0
AF	0	0.190194	256	173	83	0	0	0	0
AF	0	0.190506	345	232	113	0	0	0	0
AF	0	0.190818	331	223	108	0	0	0	0
AF	0	0.191131	334	227	107	0	0	0	0
AF	0	0.191443	336	229	107	0	0	0	0
AF	0	0.191755	318	226	92	0	0	0	0
AF	0	0.192067	306	193	113	0	0	0	0
AF	0	0.192380	341	232	109	0	0	0	0
AF	0	0.192692	316	203	113	0	0	0	0
AF	0	0.193004	305	205	100	0	0	0	0
AF	0	0.193317	296	199	97	0	0	0	0
AF	0	0.193629	315	212	103	0	0	0	0
AF	0	0.193941	364	228	136	0	0	0	0
AF	0	0.194254	359	236	123	0	0	0	0
AF	0	0.194566	342	219	123	0	0	0	0
AF	0	0.194878	276	187	89	0	0	0	0
AF	0	0.195191	280	190	90	0	0	0	0
AF	0	0.195503	290	207	83	0	0	0	0
AF	0	0.195815	270	189	81	0	0	0	0
AF	0	0.196127	319	207	112	0	0	0	0
AF	0	0.196440	299	193	106	0	0	0	0
AF	0	0.196752	285	203	82	0	0	0	0
AF	0	0.197064	278	197	81	0	0	0	0
AF	0	0.197377	261	173	88	0	0	0	0
AF	0	0.197689	347	236	111	0	0	0	0
AF	0	0.198001	296	205	91	0	0	0	0
AF	0	0.198314	289	188	101	0	0	0	0
AF	0	0.198626	313	215	98	0	0	0	0
AF	0	0.198938	376	257	119	0	0	0	0
AF	0	0.199250	318	214	104	0	0	0	0
AF	0	0.199563	327	218	109	0	0	0	0
AF	0	0.199875	303	203	100	0	0	0	0
AF	0	0.200187	256	165	91	0	0	0	0
AF	0	0.200500	277	181	96	0	0	0	0
AF	0	0.200812	316	212	104	0	0	0	0
AF	0	0.201124	281	190	91	0	0	0	0
AF	0	0.201437	306	210	96	0	0	0	0
AF	0	0.201749	335	223	112	0	0	0	0
AF	0	0.202061	394	262	132	0	0	0	0
AF	0	0.202374	267	177	90	0	0	0	0
AF	0	0.202686	326	231	95	0	0	0	0
AF	0	0.202998	322	223	99	0	0	0	0
AF	0	0.203310	306	206	100	0	0	0	0
AF	0	0.203623	311	205	106	0	0	0	0
AF	0	0.203935	291	181	110	0	0	0	0
AF	0	0.204247	376	251	125	0	0	0	0
AF	0	0.204560	327	238	89	0	0	0	0
AF	0	0.204872	273	183	90	0	0	0	0
AF	0	0.205184	277	200	77	0	0	0	0
AF	0	0.205497	366	239	127	0	0	0	0
AF	0	0.205809	303	197	106	0	0	0	0
AF	0	0.206121	315	230	85	0	0	0	0
AF	0	0.206433	301	200	101	0	0	0	0
AF	0	0.206746	257	169	88	0	0	0	0
AF	0	0.207058	272	172	100	0	0	0	0
AF	0	0.207370	268	188	80	0	0	0	0
AF	0	0.207683	330	215	115	0	0	0	0
AF	0	0.207995	308	207	101	0	0	0	0
AF	0	0.208307	296	183	113	0	0	0	0
AF	0	0.208620	281	185	96	0	0	0	0
AF	0	0.208932	373	258	115	0	0	0	0
AF	0	0.209244	308	197	111	0	0	0	0
AF	0	0.209557	317	224	93	0	0	0	0
AF	0	0.209869	310	210	100	0	0	0	0
AF	0	0.210181	293	190	103	0	0	0	0
AF	0	0.210493	297	208	89	0	0	0	0
AF	0	0.210806	293	187	106	0	0	0	0
AF	0	0.211118	294	183	111	0	0	0	0
AF	0	0.211430	308	201	107	0	0	0	0
AF	0	0.211743	328	209	119	0	0	0	0
AF	0	0.212055	331	222	109	0	0	0	0
AF	0	0.212367	303	214	89	0	0	0	0
AF	0	0.212680	280	186	94	0	0	0	0
AF	0	0.212992	271	175	96	0	0	0	0
AF	0	0.213304	261	177	84	0	0	0	0
AF	0	0.213616	263	179	84	0	0	0	0
AF	0	0.213929	311	200	111	0	0	0	0
AF	0	0.214241	329	239	90	0	0	0	0
AF	0	0.214553	320	226	94	0	0	0	0
AF	0	0.214866	267	190	77	0	0	0	0
AF	0	0.215178	260	170	90	0	0	0	0
AF	0	0.215490	293	200	93	0	0	0	0
AF	0	0.215803	280	200	80	0	0	0	0
AF	0	0.216115	289	187	102	0	0	0	0
AF	0	0.216427	292	196	96	0	0	0	0
AF	0	0.216740	295	192	103	0	0	0	0
AF	0	0.217052	288	202	86	0	0	0	0
AF	0	0.217364	319	207	112	0	0	0	0
AF	0	0.217676	301	187	114	0	0	0	0
AF	0	0.217989	264	168	96	0	0	0	0
AF	0	0.218301	249	157	92	0	0	0	0
AF	0	0.218613	291	177	114	0	0	0	0
AF	0	0.218926	288	200	88	0	0	0	0
AF	0	0.219238	340	231	109	0	0	0	0
AF	0	0.219550	296	198	98	0	0	0	0
AF	0	0.219863	265	163	102	0	0	0	0
AF	0	0.220175	294	206	88	0	0	0	0
AF	0	0.220487	289	213	76	0	0	0	0
AF	0	0.220800	282	187	95	0	0	0	0
AF	0	0.221112	252	178	74	0	0	0	0
AF	0	0.221424	269	181	88	0	0	0	0
AF	0	0.221736	270	185	85	0	0	0	0
AF	0	0.222049	278	188	90	0	0	0	0
AF	0	0.222361	229	150	79	0	0	0	0
AF	0	0.222673	271	192	79	0	0	0	0
AF	0	0.222986	266	188	78	0	0	0	0
AF	0	0.223298	231	163	68	0	0	0	0
AF	0	0.223610	335	222	113	0	0	0	0
AF	0	0.223923	271	183	88	0	0	0	0
AF	0	0.224235	283	203	80	0	0	0	0
AF	0	0.224547	301	215	86	0	0	0	0
AF	0	0.224859	328	227	101	0	0	0	0
AF	0	0.225172	259	164	95	0	0	0	0
AF	0	0.225484	271	178	93	0	0	0	0
AF	0	0.225796	230	154	76	0	0	0	0
AF	0	0.226109	232	151	81	0	0	0	0
AF	0	0.226421	238	145	93	0	0	0	0
AF	0	0.226733	244	154	90	0	0	0	0
AF	0	0.227046	280	191	89	0	0	0	0
AF	0	0.227358	236	160	76	0	0	0	0
AF	0	0.227670	280	187	93	0	0	0	0
AF	0	0.227983	239	153	86	0	0	0	0
AF	0	0.228295	251	164	87	0	0	0	0
AF	0	0.228607	298	198	100	0	0	0	0
AF	0	0.228919	229	162	67	0	0	0	0
AF	0	0.229232	260	190	70	0	0	0	0
AF	0	0.229544	331	244	87	0	0	0	0
AF	0	0.229856	301	196	105	0	0	0	0
AF	0	0.230169	266	183	83	0	0	0	0
AF	0	0.230481	257	174	83	0	0	0	0
AF	0	0.230793	272	184	88	0	0	0	0
AF	0	0.231106	253	179	74	0	0	0	0
AF	0	0.231418	302	198	104	0	0	0	0
AF	0	0.231730	264	178	86	0	0	0	0
AF	0	0.232042	268	193	75	0	0	0	0
AF	0	0.232355	265	167	98	0	0	0	0
AF	0	0.232667	261	175	86	0	0	0	0
AF	0	0.232979	263	182	81	0	0	0	0
AF	0	0.233292	261	162	99	0	0	0	0
AF	0	0.233604	270	187	83	0	0	0	0
AF	0	0.233916	250	174	76	0	0	0	0
AF	0	0.234229	262	172	90	0	0	0	0
AF	0	0.234541	256	162	94	0	0	0	0
AF	0	0.234853	266	179	87	0	0	0	0
AF	0	0.235166	281	181	100	0	0	0	0
AF	0	0.235478	236	150	86	0	0	0	0
AF	0	0.235790	283	197	86	0	0	0	0
AF	0	0.236102	224	158	66	0	0	0	0
AF	0	0.236415	234	140	94	0	0	0	0
AF	0	0.236727	209	154	55	0	0	0	0
AF	0	0.237039	237	161	76	0	0	0	0
AF	0	0.237352	267	163	104	0	0	0	0
AF	0	0.237664	247	155	92	0	0	0	0
AF	0	0.237976	278	196	82	0	0	0	0
AF	0	0.238289	318	210	108	0	0	0	0
AF	0	0.238601	299	221	78	0	0	0	0
AF	0	0.238913	287	195	92	0	0	0	0
AF	0	0.239225	278	175	103	0	0	0	0
AF	0	0.239538	300	217	83	0	0	0	0
AF	0	0.239850	291	188	103	0	0	0	0
AF	0	0.240162	265	192	73	0	0	0	0
AF	0	0.240475	294	200	94	0	0	0	0
AF	0	0.240787	263	182	81	0	0	0	0
AF	0	0.241099	259	170	89	0	0	0	0
AF	0	0.241412	240	154	86	0	0	0	0
AF	0	0.241724	293	206	87	0	0	0	0
AF	0	0.242036	340	220	120	0	0	0	0
AF	0	0.242349	255	171	84	0	0	0	0
AF	0	0.242661	252	177	75	0	0	0	0
AF	0	0.242973	258	171	87	0	0	0	0
AF	0	0.243285	242	158	84	0	0	0	0
AF	0	0.243598	253	170	83	0	0	0	0
AF	0	0.243910	247	158	89	0	0	0	0
AF	0	0.244222	267	182	85	0	0	0	0
AF	0	0.244535	259	175	84	0	0	0	0
AF	0	0.244847	228	141	87	0	0	0	0
AF	0	0.245159	247	180	67	0	0	0	0
AF	0	0.245472	259	169	90	0	0	0	0
AF	0	0.245784	255	162	93	0	0	0	0
AF	0	0.246096	250	164	86	0	0	0	0
AF	0	0.246408	328	218	110	0	0	0	0
AF	0	0.246721	266	178	88	0	0	0	0
AF	0	0.247033	235	153	82	0	0	0	0
AF	0	0.247345	235	150	85	0	0	0	0
AF	0	0.247658	251	169	82	0	0	0	0
AF	0	0.247970	267	191	76	0	0	0	0
AF	0	0.248282	250	164	86	0	0	0	0
AF	0	0.248595	248	171	77	0	0	0	0
AF	0	0.248907	264	186	78	0	0	0	0
AF	0	0.249219	244	156	88	0	0	0	0
AF	0	0.249532	291	210	81	0	0	0	0
AF	0	0.249844	250	169	81	0	0	0	0
AF	0	0.250156	261	174	87	0	0	0	0
AF	0	0.250468	252	176	76	0	0	0	0
AF	0	0.250781	221	152	69	0	0	0	0
AF	0	0.251093	232	153	79	0	0	0	0
AF	0	0.251405	241	168	73	0	0	0	0
AF	0	0.251718	254	176	78	0	0	0	0
AF	0	0.252030	247	152	95	0	0	0	0
AF	0	0.252342	291	195	96	0	0	0	0
AF	0	0.252655	273	193	80	0	0	0	0
AF	0	0.252967	229	150	79	0	0	0	0
AF	0	0.253279	240	174	66	0	0	0	0
AF	0	0.253592	218	158	60	0	0	0	0
AF	0	0.253904	245	165	80	0	0	0	0
AF	0	0.254216	288	197	91	0	0	0	0
AF	0	0.254528	254	169	85	0	0	0	0
AF	0	0.254841	216	144	72	0	0	0	0
AF	0	0.255153	263	183	80	0	0	0	0
AF	0	0.255465	270	180	90	0	0	0	0
AF	0	0.255778	217	142	75	0	0	0	0
AF	0	0.256090	233	166	67	0	0	0	0
AF	0	0.256402	244	152	92	0	0	0	0
AF	0	0.256715	263	178	85	0	0	0	0
AF	0	0.257027	225	153	72	0	0	0	0
AF	0	0.257339	197	124	73	0	0	0	0
AF	0	0.257651	224	147	77	0	0	0	0
AF	0	0.257964	260	191	69	0	0	0	0
AF	0	0.258276	225	154	71	0	0	0	0
AF	0	0.258588	254	159	95	0	0	0	0
AF	0	0.258901	266	179	87	0	0	0	0
AF	0	0.259213	241	150	91	0	0	0	0
AF	0	0.259525	272	184	88	0	0	0	0
AF	0	0.259838	229	148	81	0	0	0	0
AF	0	0.260150	246	176	70	0	0	0	0
AF	0	0.260462	230	148	82	0	0	0	0
AF	0	0.260775	220	141	79	0	0	0	0
AF	0	0.261087	220	140	80	0	0	0	0
AF	0	0.261399	218	136	82	0	0	0	0
AF	0	0.261711	220	143	77	0	0	0	0
AF	0	0.262024	229	152	77	0	0	0	0
AF	0	0.262336	239	157	82	0	0	0	0
AF	0	0.262648	234	157	77	0	0	0	0
AF	0	0.262961	234	154	80	0	0	0	0
AF	0	0.263273	309	218	91	0	0	0	0
AF	0	0.263585	232	158	74	0	0	0	0
AF	0	0.263898	231	155	76	0	0	0	0
AF	0	0.264210	232	148	84	0	0	0	0
AF	0	0.264522	235	144	91	0	0	0	0
AF	0	0.264834	208	151	57	0	0	0	0
AF	0	0.265147	289	191	98	0	0	0	0
AF	0	0.265459	230	149	81	0	0	0	0
AF	0	0.265771	237	160	77	0	0	0	0
AF	0	0.266084	223	155	68	0	0	0	0
AF	0	0.266396	248	171	77	0	0	0	0
AF	0	0.266708	230	149	81	0	0	0	0
AF	0	0.267021	256	182	74	0	0	0	0
AF	0	0.267333	222	141	81	0	0	0	0
AF	0	0.267645	226	157	69	0	0	0	0
AF	0	0.267958	251	166	85	0	0	0	0
AF	0	0.268270	255	175	80	0	0	0	0
AF	0	0.268582	196	129	67	0	0	0	0
AF	0	0.268894	234	162	72	0	0	0	0
AF	0	0.269207	242	172	70	0	0	0	0
AF	0	0.269519	263	179	84	0	0	0	0
AF	0	0.269831	255	171	84	0	0	0	0
AF	0	0.270144	195	125	70	0	0	0	0
AF	0	0.270456	247	156	91	0	0	0	0
AF	0	0.270768	224	155	69	0	0	0	0
AF	0	0.271081	215	136	79	0	0	0	0
AF	0	0.271393	185	124	61	0	0	0	0
AF	0	0.271705	194	123	71	0	0	0	0
AF	0	0.272017	206	146	60	0	0	0	0
AF	0	0.272330	229	168	61	0	0	0	0
AF	0	0.272642	295	194	101	0	0	0	0
AF	0	0.272954	282	190	92	0	0	0	0
AF	0	0.273267	275	182	93	0	0	0	0
AF	0	0.273579	232	160	72	0	0	0	0
AF	0	0.273891	220	145	75	0	0	0	0
AF	0	0.274204	223	153	70	0	0	0	0
AF	0	0.274516	221	139	82	0	0	0	0
AF	0	0.274828	226	148	78	0	0	0	0
AF	0	0.275141	246	172	74	0	0	0	0
AF	0	0.275453	242	169	73	0	0	0	0
AF	0	0.275765	189	125	64	0	0	0	0
AF	0	0.276077	241	154	87	0	0	0	0
AF	0	0.276390	230	158	72	0	0	0	0
AF	0	0.276702	209	142	67	0	0	0	0
AF	0	0.277014	221	143	78	0	0	0	0
AF	0	0.277327	241	153	88	0	0	0	0
AF	0	0.277639	226	158	68	0	0	0	0
AF	0	0.277951	218	138	80	0	0	0	0
AF	0	0.278264	280	192	88	0	0	0	0
AF	0	0.278576	237	154	83	0	0	0	0
AF	0	0.278888	236	158	78	0	0	0	0
AF	0	0.279200	278	195	83	0	0	0	0
AF	0	0.279513	237	167	70	0	0	0	0
AF	0	0.279825	204	138	66	0	0	0	0
AF	0	0.280137	261	176	85	0	0	0	0
AF	0	0.280450	222	155	67	0	0	0	0
AF	0	0.280762	212	144	68	0	0	0	0
AF	0	0.281074	226	155	71	0	0	0	0
AF	0	0.281387	223	155	68	0	0	0	0
AF	0	0.281699	248	145	103	0	0	0	0
AF	0	0.282011	199	134	65	0	0	0	0
AF	0	0.282324	199	131	68	0	0	0	0
AF	0	0.282636	191	129	62	0	0	0	0
AF	0	0.282948	240	163	77	0	0	0	0
AF	0	0.283260	222	147	75	0	0	0	0
AF	0	0.283573	204	126	78	0	0	0	0
AF	0	0.283885	228	147	81	0	0	0	0
AF	0	0.284197	246	165	81	0	0	0	0
AF	0	0.284510	227	151	76	0	0	0	0
AF	0	0.284822	214	144	70	0	0	0	0
AF	0	0.285134	213	145	68	0	0	0	0
AF	0	0.285447	205	139	66	0	0	0	0
AF	0	0.285759	217	135	82	0	0	0	0
AF	0	0.286071	216	143	73	0	0	0	0
AF	0	0.286384	187	121	66	0	0	0	0
AF	0	0.286696	207	138	69	0	0	0	0
AF	0	0.287008	219	144	75	0	0	0	0
AF	0	0.287320	221	151	70	0	0	0	0
AF	0	0.287633	180	120	60	0	0	0	0
AF	0	0.287945	199	124	75	0	0	0	0
AF	0	0.288257	187	122	65	0	0	0	0
AF	0	0.288570	190	145	45	0	0	0	0
AF	0	0.288882	205	139	66	0	0	0	0
AF	0	0.289194	233	161	72	0	0	0	0
AF	0	0.289507	183	130	53	0	0	0	0
AF	0	0.289819	187	116	71	0	0	0	0
AF	0	0.290131	199	141	58	0	0	0	0
AF	0	0.290443	210	137	73	0	0	0	0
AF	0	0.290756	204	126	78	0	0	0	0
AF	0	0.291068	199	127	72	0	0	0	0
AF	0	0.291380	205	138	67	0	0	0	0
AF	0	0.291693	198	129	69	0	0	0	0
AF	0	0.292005	181	112	69	0	0	0	0
AF	0	0.292317	220	141	79	0	0	0	0
AF	0	0.292630	201	129	72	0	0	0	0
AF	0	0.292942	178	118	60	0	0	0	0
AF	0	0.293254	201	132	69	0	0	0	0
AF	0	0.293567	196	119	77	0	0	0	0
AF	0	0.293879	208	137	71	0	0	0	0
AF	0	0.294191	182	125	57	0	0	0	0
AF	0	0.294503	210	139	71	0	0	0	0
AF	0	0.294816	179	120	59	0	0	0	0
AF	0	0.295128	199	138	61	0	0	0	0
AF	0	0.295440	191	126	65	0	0	0	0
AF	0	0.295753	201	144	57	0	0	0	0
AF	0	0.296065	206	137	69	0	0	0	0
AF	0	0.296377	207	133	74	0	0	0	0
AF	0	0.296690	234	155	79	0	0	0	0
AF	0	0.297002	206	137	69	0	0	0	0
AF	0	0.297314	219	154	65	0	0	0	0
AF	0	0.297626	241	158	83	0	0	0	0
AF	0	0.297939	176	120	56	0	0	0	0
AF	0	0.298251	199	136	63	0	0	0	0
AF	0	0.298563	169	110	59	0	0	0	0
AF	0	0.298876	206	137	69	0	0	0	0
AF	0	0.299188	206	143	63	0	0	0	0
AF	0	0.299500	193	134	59	0	0	0	0
AF	0	0.299813	184	125	59	0	0	0	0
AF	0	0.300125	204	138	66	0	0	0	0
AF	0	0.300437	188	134	54	0	0	0	0
AF	0	0.300750	198	135	63	0	0	0	0
AF	0	0.301062	224	154	70	0	0	0	0
AF	0	0.301374	194	133	61	0	0	0	0
AF	0	0.301686	246	175	71	0	0	0	0
AF	0	0.301999	229	145	84	0	0	0	0
AF	0	0.302311	220	150	70	0	0	0	0
AF	0	0.302623	244	160	84	0	0	0	0
AF	0	0.302936	169	110	59	0	0	0	0
AF	0	0.303248	211	143	68	0	0	0	0
AF	0	0.303560	189	128	61	0	0	0	0
AF	0	0.303873	172	120	52	0	0	0	0
AF	0	0.304185	180	119	61	0	0	0	0
AF	0	0.304497	206	141	65	0	0	0	0
AF	0	0.304809	206	133	73	0	0	0	0
AF	0	0.305122	160	112	48	0	0	0	0
AF	0	0.305434	222	137	85	0	0	0	0
AF	0	0.305746	187	124	63	0	0	0	0
AF	0	0.306059	204	143	61	0	0	0	0
AF	0	0.306371	207	143	64	0	0	0	0
AF	0	0.306683	263	164	99	0	0	0	0
AF	0	0.306996	202	140	62	0	0	0	0
AF	0	0.307308	185	123	62	0	0	0	0
AF	0	0.307620	177	111	66	0	0	0	0
AF	0	0.307933	165	112	53	0	0	0	0
AF	0	0.308245	197	138	59	0	0	0	0
AF	0	0.308557	209	140	69	0	0	0	0
AF	0	0.308869	170	121	49	0	0	0	0
AF	0	0.309182	217	144	73	0	0	0	0
AF	0	0.309494	197	134	63	0	0	0	0
AF	0	0.309806	173	115	58	0	0	0	0
AF	0	0.310119	214	141	73	0	0	0	0
AF	0	0.310431	198	138	60	0	0	0	0
AF	0	0.310743	180	116	64	0	0	0	0
AF	0	0.311056	163	116	47	0	0	0	0
AF	0	0.311368	160	104	56	0	0	0	0
AF	0	0.311680	200	136	64	0	0	0	0
AF	0	0.311993	205	142	63	0	0	0	0
AF	0	0.312305	198	139	59	0	0	0	0
AF	0	0.312617	187	119	68	0	0	0	0
AF	0	0.312929	195	125	70	0	0	0	0
AF	0	0.313242	170	116	54	0	0	0	0
AF	0	0.313554	195	125	70	0	0	0	0
AF	0	0.313866	176	114	62	0	0	0	0
AF	0	0.314179	184	134	50	0	0	0	0
AF	0	0.314491	185	132	53	0	0	0	0
AF	0	0.314803	177	112	65	0	0	0	0
AF	0	0.315116	181	128	53	0	0	0	0
AF	0	0.315428	191	127	64	0	0	0	0
AF	0	0.315740	239	165	74	0	0	0	0
AF	0	0.316052	192	127	65	0	0	0	0
AF	0	0.316365	183	120	63	0	0	0	0
AF	0	0.316677	181	124	57	0	0	0	0
AF	0	0.316989	177	117	60	0	0	0	0
AF	0	0.317302	199	135	64	0	0	0	0
AF	0	0.317614	183	121	62	0	0	0	0
AF	0	0.317926	185	124	61	0	0	0	0
AF	0	0.318239	201	130	71	0	0	0	0
AF	0	0.318551	245	173	72	0	0	0	0
AF	0	0.318863	215	148	67	0	0	0	0
AF	0	0.319176	213	137	76	0	0	0	0
AF	0	0.319488	159	101	58	0	0	0	0
AF	0	0.319800	201	137	64	0	0	0	0
AF	0	0.320112	163	126	37	0	0	0	0
AF	0	0.320425	200	139	61	0	0	0	0
AF	0	0.320737	213	148	65	0	0	0	0
AF	0	0.321049	189	130	59	0	0	0	0
AF	0	0.321362	186	122	64	0	0	0	0
AF	0	0.321674	198	120	78	0	0	0	0
AF	0	0.321986	220	143	77	0	0	0	0
AF	0	0.322299	207	144	63	0	0	0	0
AF	0	0.322611	201	127	74	0	0	0	0
AF	0	0.322923	213	146	67	0	0	0	0
AF	0	0.323235	221	158	63	0	0	0	0
AF	0	0.323548	194	123	71	0	0	0	0
AF	0	0.323860	252	172	80	0	0	0	0
AF	0	0.324172	245	166	79	0	0	0	0
AF	0	0.324485	190	135	55	0	0	0	0
AF	0	0.324797	197	120	77	0	0	0	0
AF	0	0.325109	206	138	68	0	0	0	0
AF	0	0.325422	304	211	93	0	0	0	0
AF	0	0.325734	208	151	57	0	0	0	0
AF	0	0.326046	215	136	79	0	0	0	0
AF	0	0.326359	245	177	68	0	0	0	0
AF	0	0.326671	222	154	68	0	0	0	0
AF	0	0.326983	182	124	58	0	0	0	0
AF	0	0.327295	209	152	57	0	0	0	0
AF	0	0.327608	195	138	57	0	0	0	0
AF	0	0.327920	198	135	63	0	0	0	0
AF	0	0.328232	190	122	68	0	0	0	0
AF	0	0.328545	184	128	56	0	0	0	0
AF	0	0.328857	195	122	73	0	0	0	0
AF	0	0.329169	169	114	55	0	0	0	0
AF	0	0.329482	186	133	53	0	0	0	0
AF	0	0.329794	187	120	67	0	0	0	0
AF	0	0.330106	233	152	81	0	0	0	0
AF	0	0.330418	211	154	57	0	0	0	0
AF	0	0.330731	181	121	60	0	0	0	0
AF	0	0.331043	183	135	48	0	0	0	0
AF	0	0.331355	229	158	71	0	0	0	0
AF	0	0.331668	188	126	62	0	0	0	0
AF	0	0.331980	165	111	54	0	0	0	0
AF	0	0.332292	203	135	68	0	0	0	0
AF	0	0.332605	165	120	45	0	0	0	0
AF	0	0.332917	184	131	53	0	0	0	0
AF	0	0.333229	190	134	56	0	0	0	0
AF	0	0.333542	144	91	53	0	0	0	0
AF	0	0.333854	160	108	52	0	0	0	0
AF	0	0.334166	164	117	47	0	0	0	0
AF	0	0.334478	184	129	55	0	0	0	0
AF	0	0.334791	203	147	56	0	0	0	0
AF	0	0.335103	179	103	76	0	0	0	0
AF	0	0.335415	146	97	49	0	0	0	0
AF	0	0.335728	171	113	58	0	0	0	0
AF	0	0.336040	186	125	61	0	0	0	0
AF	0	0.336352	158	100	58	0	0	0	0
AF	0	0.336665	143	105	38	0	0	0	0
AF	0	0.336977	166	110	56	0	0	0	0
AF	0	0.337289	191	118	73	0	0	0	0
AF	0	0.337601	167	116	51	0	0	0	0
AF	0	0.337914	173	122	51	0	0	0	0
AF	0	0.338226	160	115	45	0	0	0	0
AF	0	0.338538	200	141	59	0	0	0	0
AF	0	0.338851	172	118	54	0	0	0	0
AF	0	0.339163	173	109	64	0	0	0	0
AF	0	0.339475	174	118	56	0	0	0	0
AF	0	0.339788	191	131	60	0	0	0	0
AF	0	0.340100	241	161	80	0	0	0	0
AF	0	0.340412	240	157	83	0	0	0	0
AF	0	0.340725	173	121	52	0	0	0	0
AF	0	0.341037	176	126	50	0	0	0	0
AF	0	0.341349	223	142	81	0	0	0	0
AF	0	0.341661	199	130	69	0	0	0	0
AF	0	0.341974	215	145	70	0	0	0	0
AF	0	0.342286	314	213	101	0	0	0	0
AF	0	0.342598	160	106	54	0	0	0	0
AF	0	0.342911	165	120	45	0	0	0	0
AF	0	0.343223	192	133	59	0	0	0	0
AF	0	0.343535	172	119	53	0	0	0	0
AF	0	0.343848	177	108	69	0	0	0	0
AF	0	0.344160	190	138	52	0	0	0	0
AF	0	0.344472	181	118	63	0	0	0	0
AF	0	0.344785	176	113	63	0	0	0	0
AF	0	0.345097	202	128	74	0	0	0	0
AF	0	0.345409	196	138	58	0	0	0	0
AF	0	0.345721	183	138	45	0	0	0	0
AF	0	0.346034	211	141	70	0	0	0	0
AF	0	0.346346	177	107	70	0	0	0	0
AF	0	0.346658	181	123	58	0	0	0	0
AF	0	0.346971	161	124	37	0	0	0	0
AF	0	0.347283	161	105	56	0	0	0	0
AF	0	0.347595	177	114	63	0	0	0	0
AF	0	0.347908	178	109	69	0	0	0	0
AF	0	0.348220	220	151	69	0	0	0	0
AF	0	0.348532	196	134	62	0	0	0	0
AF	0	0.348844	169	119	50	0	0	0	0
AF	0	0.349157	162	117	45	0	0	0	0
AF	0	0.349469	157	105	52	0	0	0	0
AF	0	0.349781	150	92	58	0	0	0	0
AF	0	0.350094	193	140	53	0	0	0	0
AF	0	0.350406	229	159	70	0	0	0	0
AF	0	0.350718	203	134	69	0	0	0	0
AF	0	0.351031	220	141	79	0	0	0	0
AF	0	0.351343	214	130	84	0	0	0	0
AF	0	0.351655	231	143	88	0	0	0	0
AF	0	0.351968	255	172	83	0	0	0	0
AF	0	0.352280	211	136	75	0	0	0	0
AF	0	0.352592	238	167	71	0	0	0	0
AF	0	0.352904	183	117	66	0	0	0	0
AF	0	0.353217	191	138	53	0	0	0	0
AF	0	0.353529	171	108	63	0	0	0	0
AF	0	0.353841	163	102	61	0	0	0	0
AF	0	0.354154	161	107	54	0	0	0	0
AF	0	0.354466	173	118	55	0	0	0	0
AF	0	0.354778	186	127	59	0	0	0	0
AF	0	0.355091	177	126	51	0	0	0	0
AF	0	0.355403	191	135	56	0	0	0	0
AF	0	0.355715	198	130	68	0	0	0	0
AF	0	0.356027	166	104	62	0	0	0	0
AF	0	0.356340	184	113	71	0	0	0	0
AF	0	0.356652	188	129	59	0	0	0	0
AF	0	0.356964	157	110	47	0	0	0	0
AF	0	0.357277	193	135	58	0	0	0	0
AF	0	0.357589	189	126	63	0	0	0	0
AF	0	0.357901	167	114	53	0	0	0	0
AF	0	0.358214	165	105	60	0	0	0	0
AF	0	0.358526	180	111	69	0	0	0	0
AF	0	0.358838	178	126	52	0	0	0	0
AF	0	0.359151	180	123	57	0	0	0	0
AF	0	0.359463	160	107	53	0	0	0	0
AF	0	0.359775	178	118	60	0	0	0	0
AF	0	0.360087	164	112	52	0	0	0	0
AF	0	0.360400	142	105	37	0	0	0	0
AF	0	0.360712	170	117	53	0	0	0	0
AF	0	0.361024	180	125	55	0	0	0	0
AF	0	0.361337	212	139	73	0	0	0	0
AF	0	0.361649	173	117	56	0	0	0	0
AF	0	0.361961	179	132	47	0	0	0	0
AF	0	0.362274	191	122	69	0	0	0	0
AF	0	0.362586	207	145	62	0	0	0	0
AF	0	0.362898	167	117	50	0	0	0	0
AF	0	0.363210	221	135	86	0	0	0	0
AF	0	0.363523	188	123	65	0	0	0	0
AF	0	0.363835	266	181	85	0	0	0	0
AF	0	0.364147	249	152	97	0	0	0	0
AF	0	0.364460	192	138	54	0	0	0	0
AF	0	0.364772	212	138	74	0	0	0	0
AF	0	0.365084	226	155	71	0	0	0	0
AF	0	0.365397	166	119	47	0	0	0	0
AF	0	0.365709	164	104	60	0	0	0	0
AF	0	0.366021	160	109	51	0	0	0	0
AF	0	0.366334	171	113	58	0	0	0	0
AF	0	0.366646	186	130	56	0	0	0	0
AF	0	0.366958	175	119	56	0	0	0	0
AF	0	0.367270	229	145	84	0	0	0	0
AF	0	0.367583	172	116	56	0	0	0	0
AF	0	0.367895	163	105	58	0	0	0	0
AF	0	0.368207	215	136	79	0	0	0	0
AF	0	0.368520	192	128	64	0	0	0	0
AF	0	0.368832	205	128	77	0	0	0	0
AF	0	0.369144	166	114	52	0	0	0	0
AF	0	0.369457	173	123	50	0	0	0	0
AF	0	0.369769	221	150	71	0	0	0	0
AF	0	0.370081	180	135	45	0	0	0	0
AF	0	0.370394	179	126	53	0	0	0	0
AF	0	0.370706	209	152	57	0	0	0	0
AF	0	0.371018	155	106	49	0	0	0	0
AF	0	0.371330	205	141	64	0	0	0	0
AF	0	0.371643	133	87	46	0	0	0	0
AF	0	0.371955	141	94	47	0	0	0	0
AF	0	0.372267	174	125	49	0	0	0	0
AF	0	0.372580	180	133	47	0	0	0	0
AF	0	0.372892	160	109	51	0	0	0	0
AF	0	0.373204	155	105	50	0	0	0	0
AF	0	0.373517	191	130	61	0	0	0	0
AF	0	0.373829	164	126	38	0	0	0	0
AF	0	0.374141	176	125	51	0	0	0	0
AF	0	0.374453	201	141	60	0	0	0	0
AF	0	0.374766	225	150	75	0	0	0	0
AF	0	0.375078	187	123	64	0	0	0	0
AF	0	0.375390	176	116	60	0	0	0	0
AF	0	0.375703	146	107	39	0	0	0	0
AF	0	0.376015	177	121	56	0	0	0	0
AF	0	0.376327	183	120	63	0	0	0	0
AF	0	0.376640	220	160	60	0	0	0	0
AF	0	0.376952	238	161	77	0	0	0	0
AF	0	0.377264	197	138	59	0	0	0	0
AF	0	0.377577	183	125	58	0	0	0	0
AF	0	0.377889	233	159	74	0	0	0	0
AF	0	0.378201	234	147	87	0	0	0	0
AF	0	0.378513	191	124	67	0	0	0	0
AF	0	0.378826	153	93	60	0	0	0	0
AF	0	0.379138	167	111	56	0	0	0	0
AF	0	0.379450	162	103	59	0	0	0	0
AF	0	0.379763	165	109	56	0	0	0	0
AF	0	0.380075	172	118	54	0	0	0	0
AF	0	0.380387	187	115	72	0	0	0	0
AF	0	0.380700	183	122	61	0	0	0	0
AF	0	0.381012	172	116	56	0	0	0	0
AF	0	0.381324	212	135	77	0	0	0	0
AF	0	0.381636	152	97	55	0	0	0	0
AF	0	0.381949	182	110	72	0	0	0	0
AF	0	0.382261	176	111	65	0	0	0	0
AF	0	0.382573	193	131	62	0	0	0	0
AF	0	0.382886	200	126	74	0	0	0	0
AF	0	0.383198	176	110	66	0	0	0	0
AF	0	0.383510	194	129	65	0	0	0	0
AF	0	0.383823	229	151	78	0	0	0	0
AF	0	0.384135	169	105	64	0	0	0	0
AF	0	0.384447	192	128	64	0	0	0	0
AF	0	0.384760	164	106	58	0	0	0	0
AF	0	0.385072	191	124	67	0	0	0	0
AF	0	0.385384	179	112	67	0	0	0	0
AF	0	0.385696	165	123	42	0	0	0	0
AF	0	0.386009	164	113	51	0	0	0	0
AF	0	0.386321	180	123	57	0	0	0	0
AF	0	0.386633	135	92	43	0	0	0	0
AF	0	0.386946	162	101	61	0	0	0	0
AF	0	0.387258	186	129	57	0	0	0	0
AF	0	0.387570	167	113	54	0	0	0	0
AF	0	0.387883	190	138	52	0	0	0	0
AF	0	0.388195	169	110	59	0	0	0	0
AF	0	0.388507	130	84	46	0	0	0	0
AF	0	0.388819	175	126	49	0	0	0	0
AF	0	0.389132	195	138	57	0	0	0	0
AF	0	0.389444	152	97	55	0	0	0	0
AF	0	0.389756	162	96	66	0	0	0	0
AF	0	0.390069	165	117	48	0	0	0	0
AF	0	0.390381	156	99	57	0	0	0	0
AF	0	0.390693	128	83	45	0	0	0	0
AF	0	0.391006	188	128	60	0	0	0	0
AF	0	0.391318	167	103	64	0	0	0	0
AF	0	0.391630	151	111	40	0	0	0	0
AF	0	0.391943	138	106	32	0	0	0	0
AF	0	0.392255	142	93	49	0	0	0	0
AF	0	0.392567	183	128	55	0	0	0	0
AF	0	0.392879	182	120	62	0	0	0	0
AF	0	0.393192	180	129	51	0	0	0	0
AF	0	0.393504	153	106	47	0	0	0	0
AF	0	0.393816	179	122	57	0	0	0	0
AF	0	0.394129	173	125	48	0	0	0	0
AF	0	0.394441	137	99	38	0	0	0	0
AF	0	0.394753	176	119	57	0	0	0	0
AF	0	0.395066	187	123	64	0	0	0	0
AF	0	0.395378	149	98	51	0	0	0	0
AF	0	0.395690	171	116	55	0	0	0	0
AF	0	0.396002	163	116	47	0	0	0	0
AF	0	0.396315	146	103	43	0	0	0	0
AF	0	0.396627	152	99	53	0	0	0	0
AF	0	0.396939	170	110	60	0	0	0	0
AF	0	0.397252	161	110	51	0	0	0	0
AF	0	0.397564	178	116	62	0	0	0	0
AF	0	0.397876	166	100	66	0	0	0	0
AF	0	0.398189	223	143	80	0	0	0	0
AF	0	0.398501	154	105	49	0	0	0	0
AF	0	0.398813	159	112	47	0	0	0	0
AF	0	0.399126	169	112	57	0	0	0	0
AF	0	0.399438	145	93	52	0	0	0	0
AF	0	0.399750	118	82	36	0	0	0	0
AF	0	0.400062	148	91	57	0	0	0	0
AF	0	0.400375	157	104	53	0	0	0	0
AF	0	0.400687	175	112	63	0	0	0	0
AF	0	0.400999	216	154	62	0	0	0	0
AF	0	0.401312	179	128	51	0	0	0	0
AF	0	0.401624	156	107	49	0	0	0	0
AF	0	0.401936	181	120	61	0	0	0	0
AF	0	0.402249	169	108	61	0	0	0	0
AF	0	0.402561	165	110	55	0	0	0	0
AF	0	0.402873	227	161	66	0	0	0	0
AF	0	0.403186	192	131	61	0	0	0	0
AF	0	0.403498	195	126	69	0	0	0	0
AF	0	0.403810	191	131	60	0	0	0	0
AF	0	0.404122	170	102	68	0	0	0	0
AF	0	0.404435	170	118	52	0	0	0	0
AF	0	0.404747	170	125	45	0	0	0	0
AF	0	0.405059	152	90	62	0	0	0	0
AF	0	0.405372	147	96	51	0	0	0	0
AF	0	0.405684	157	100	57	0	0	0	0
AF	0	0.405996	143	98	45	0	0	0	0
AF	0	0.406309	138	96	42	0	0	0	0
AF	0	0.406621	156	102	54	0	0	0	0
AF	0	0.406933	148	90	58	0	0	0	0
AF	0	0.407245	177	120	57	0	0	0	0
AF	0	0.407558	199	133	66	0	0	0	0
AF	0	0.407870	168	113	55	0	0	0	0
AF	0	0.408182	187	124	63	0	0	0	0
AF	0	0.408495	195	136	59	0	0	0	0
AF	0	0.408807	205	136	69	0	0	0	0
AF	0	0.409119	209	146	63	0	0	0	0
AF	0	0.409432	196	136	60	0	0	0	0
AF	0	0.409744	189	117	72	0	0	0	0
AF	0	0.410056	153	94	59	0	0	0	0
AF	0	0.410369	170	109	61	0	0	0	0
AF	0	0.410681	169	114	55	0	0	0	0
AF	0	0.410993	147	107	40	0	0	0	0
AF	0	0.411305	181	140	41	0	0	0	0
AF	0	0.411618	173	105	68	0	0	0	0
AF	0	0.411930	168	113	55	0	0	0	0
AF	0	0.412242	149	96	53	0	0	0	0
AF	0	0.412555	199	145	54	0	0	0	0
AF	0	0.412867	182	128	54	0	0	0	0
AF	0	0.413179	160	114	46	0	0	0	0
AF	0	0.413492	196	136	60	0	0	0	0
AF	0	0.413804	161	108	53	0	0	0	0
AF	0	0.414116	137	96	41	0	0	0	0
AF	0	0.414428	131	88	43	0	0	0	0
AF	0	0.414741	198	134	64	0	0	0	0
AF	0	0.415053	176	129	47	0	0	0	0
AF	0	0.415365	171	122	49	0	0	0	0
AF	0	0.415678	143	92	51	0	0	0	0
AF	0	0.415990	200	130	70	0	0	0	0
AF	0	0.416302	190	133	57	0	0	0	0
AF	0	0.416615	135	81	54	0	0	0	0
AF	0	0.416927	128	94	34	0	0	0	0
AF	0	0.417239	152	91	61	0	0	0	0
AF	0	0.417552	113	69	44	0	0	0	0
AF	0	0.417864	173	113	60	0	0	0	0
AF	0	0.418176	153	107	46	0	0	0	0
AF	0	0.418488	163	112	51	0	0	0	0
AF	0	0.418801	146	98	48	0	0	0	0
AF	0	0.419113	121	76	45	0	0	0	0
AF	0	0.419425	139	106	33	0	0	0	0
AF	0	0.419738	179	124	55	0	0	0	0
AF	0	0.420050	122	85	37	0	0	0	0
AF	0	0.420362	132	87	45	0	0	0	0
AF	0	0.420675	138	98	40	0	0	0	0
AF	0	0.420987	127	88	39	0	0	0	0
AF	0	0.421299	143	98	45	0	0	0	0
AF	0	0.421611	138	98	40	0	0	0	0
AF	0	0.421924	138	92	46	0	0	0	0
AF	0	0.422236	149	103	46	0	0	0	0
AF	0	0.422548	148	93	55	0	0	0	0
AF	0	0.422861	154	104	50	0	0	0	0
AF	0	0.423173	155	109	46	0	0	0	0
AF	0	0.423485	150	98	52	0	0	0	0
AF	0	0.423798	163	117	46	0	0	0	0
AF	0	0.424110	160	116	44	0	0	0	0
AF	0	0.424422	147	96	51	0	0	0	0
AF	0	0.424735	167	115	52	0	0	0	0
AF	0	0.425047	132	81	51	0	0	0	0
AF	0	0.425359	165	108	57	0	0	0	0
AF	0	0.425671	151	109	42	0	0	0	0
AF	0	0.425984	137	92	45	0	0	0	0
AF	0	0.426296	118	79	39	0	0	0	0
AF	0	0.426608	132	93	39	0	0	0	0
AF	0	0.426921	108	72	36	0	0	0	0
AF	0	0.427233	117	77	40	0	0	0	0
AF	0	0.427545	150	107	43	0	0	0	0
AF	0	0.427858	148	97	51	0	0	0	0
AF	0	0.428170	135	87	48	0	0	0	0
AF	0	0.428482	155	111	44	0	0	0	0
AF	0	0.428795	137	90	47	0	0	0	0
AF	0	0.429107	117	74	43	0	0	0	0
AF	0	0.429419	171	114	57	0	0	0	0
AF	0	0.429731	172	121	51	0	0	0	0
AF	0	0.430044	137	103	34	0	0	0	0
AF	0	0.430356	173	112	61	0	0	0	0
AF	0	0.430668	191	138	53	0	0	0	0
AF	0	0.430981	144	95	49	0	0	0	0
AF	0	0.431293	157	104	53	0	0	0	0
AF	0	0.431605	148	94	54	0	0	0	0
AF	0	0.431918	151	102	49	0	0	0	0
AF	0	0.432230	145	102	43	0	0	0	0
AF	0	0.432542	145	98	47	0	0	0	0
AF	0	0.432854	131	94	37	0	0	0	0
AF	0	0.433167	165	99	66	0	0	0	0
AF	0	0.433479	142	94	48	0	0	0	0
AF	0	0.433791	151	92	59	0	0	0	0
AF	0	0.434104	154	110	44	0	0	0	0
AF	0	0.434416	158	112	46	0	0	0	0
AF	0	0.434728	141	96	45	0	0	0	0
AF	0	0.435041	147	91	56	0	0	0	0
AF	0	0.435353	140	92	48	0	0	0	0
AF	0	0.435665	124	80	44	0	0	0	0
AF	0	0.435978	159	106	53	0	0	0	0
AF	0	0.436290	169	120	49	0	0	0	0
AF	0	0.436602	197	131	66	0	0	0	0
AF	0	0.436914	158	109	49	0	0	0	0
AF	0	0.437227	155	100	55	0	0	0	0
AF	0	0.437539	198	136	62	0	0	0	0
AF	0	0.437851	134	77	57	0	0	0	0
AF	0	0.438164	151	95	56	0	0	0	0
AF	0	0.438476	122	80	42	0	0	0	0
AF	0	0.438788	127	76	51	0	0	0	0
AF	0	0.439101	141	97	44	0	0	0	0
AF	0	0.439413	114	63	51	0	0	0	0
AF	0	0.439725	174	116	58	0	0	0	0
AF	0	0.440037	139	92	47	0	0	0	0
AF	0	0.440350	140	97	43	0	0	0	0
AF	0	0.440662	139	92	47	0	0	0	0
AF	0	0.440974	129	94	35	0	0	0	0
AF	0	0.441287	139	97	42	0	0	0	0
AF	0	0.441599	125	84	41	0	0	0	0
AF	0	0.441911	142	96	46	0	0	0	0
AF	0	0.442224	122	82	40	0	0	0	0
AF	0	0.442536	123	81	42	0	0	0	0
AF	0	0.442848	165	104	61	0	0	0	0
AF	0	0.443161	135	89	46	0	0	0	0
AF	0	0.443473	128	81	47	0	0	0	0
AF	0	0.443785	141	95	46	0	0	0	0
AF	0	0.444097	152	106	46	0	0	0	0
AF	0	0.444410	135	88	47	0	0	0	0
AF	0	0.444722	144	100	44	0	0	0	0
AF	0	0.445034	113	76	37	0	0	0	0
AF	0	0.445347	123	79	44	0	0	0	0
AF	0	0.445659	141	95	46	0	0	0	0
AF	0	0.445971	175	116	59	0	0	0	0
AF	0	0.446284	171	115	56	0	0	0	0
AF	0	0.446596	189	129	60	0	0	0	0
AF	0	0.446908	158	106	52	0	0	0	0
AF	0	0.447220	136	103	33	0	0	0	0
AF	0	0.447533	127	85	42	0	0	0	0
AF	0	0.447845	100	75	25	0	0	0	0
AF	0	0.448157	104	79	25	0	0	0	0
AF	0	0.448470	129	84	45	0	0	0	0
AF	0	0.448782	135	93	42	0	0	0	0
AF	0	0.449094	154	99	55	0	0	0	0
AF	0	0.449407	153	111	42	0	0	0	0
AF	0	0.449719	135	95	40	0	0	0	0
AF	0	0.450031	159	106	53	0	0	0	0
AF	0	0.450344	176	123	53	0	0	0	0
AF	0	0.450656	169	119	50	0	0	0	0
AF	0	0.450968	132	84	48	0	0	0	0
AF	0	0.451280	134	101	33	0	0	0	0
AF	0	0.451593	118	81	37	0	0	0	0
AF	0	0.451905	127	77	50	0	0	0	0
AF	0	0.452217	109	73	36	0	0	0	0
AF	0	0.452530	105	61	44	0	0	0	0
AF	0	0.452842	105	68	37	0	0	0	0
AF	0	0.453154	126	86	40	0	0	0	0
AF	0	0.453467	115	75	40	0	0	0	0
AF	0	0.453779	138	94	44	0	0	0	0
AF	0	0.454091	130	85	45	0	0	0	0
AF	0	0.454403	113	82	31	0	0	0	0
AF	0	0.454716	118	85	33	0	0	0	0
AF	0	0.455028	143	97	46	0	0	0	0
AF	0	0.455340	116	61	55	0	0	0	0
AF	0	0.455653	119	77	42	0	0	0	0
AF	0	0.455965	144	95	49	0	0	0	0
AF	0	0.456277	139	87	52	0	0	0	0
AF	0	0.456590	147	94	53	0	0	0	0
AF	0	0.456902	121	74	47	0	0	0	0
AF	0	0.457214	122	87	35	0	0	0	0
AF	0	0.457527	140	92	48	0	0	0	0
AF	0	0.457839	163	96	67	0	0	0	0
AF	0	0.458151	136	93	43	0	0	0	0
AF	0	0.458463	125	85	40	0	0	0	0
AF	0	0.458776	128	87	41	0	0	0	0
AF	0	0.459088	150	103	47	0	0	0	0
AF	0	0.459400	130	80	50	0	0	0	0
AF	0	0.459713	140	93	47	0	0	0	0
AF	0	0.460025	119	87	32	0	0	0	0
AF	0	0.460337	101	61	40	0	0	0	0
AF	0	0.460650	123	74	49	0	0	0	0
AF	0	0.460962	117	83	34	0	0	0	0
AF	0	0.461274	108	77	31	0	0	0	0
AF	0	0.461587	114	74	40	0	0	0	0
AF	0	0.461899	126	88	38	0	0	0	0
AF	0	0.462211	127	85	42	0	0	0	0
AF	0	0.462523	135	84	51	0	0	0	0
AF	0	0.462836	129	80	49	0	0	0	0
AF	0	0.463148	128	89	39	0	0	0	0
AF	0	0.463460	147	109	38	0	0	0	0
AF	0	0.463773	127	89	38	0	0	0	0
AF	0	0.464085	153	104	49	0	0	0	0
AF	0	0.464397	124	84	40	0	0	0	0
AF	0	0.464710	118	75	43	0	0	0	0
AF	0	0.465022	144	102	42	0	0	0	0
AF	0	0.465334	153	111	42	0	0	0	0
AF	0	0.465646	161	102	59	0	0	0	0
AF	0	0.465959	172	117	55	0	0	0	0
AF	0	0.466271	133	96	37	0	0	0	0
AF	0	0.466583	131	91	40	0	0	0	0
AF	0	0.466896	132	86	46	0	0	0	0
AF	0	0.467208	114	84	30	0	0	0	0
AF	0	0.467520	152	102	50	0	0	0	0
AF	0	0.467833	113	81	32	0	0	0	0
AF	0	0.468145	142	100	42	0	0	0	0
AF	0	0.468457	146	103	43	0	0	0	0
AF	0	0.468770	146	92	54	0	0	0	0
AF	0	0.469082	122	86	36	0	0	0	0
AF	0	0.469394	138	91	47	0	0	0	0
AF	0	0.469706	126	82	44	0	0	0	0
AF	0	0.470019	134	96	38	0	0	0	0
AF	0	0.470331	112	70	42	0	0	0	0
AF	0	0.470643	148	103	45	0	0	0	0
AF	0	0.470956	158	107	51	0	0	0	0
AF	0	0.471268	154	110	44	0	0	0	0
AF	0	0.471580	142	99	43	0	0	0	0
AF	0	0.471893	129	93	36	0	0	0	0
AF	0	0.472205	144	95	49	0	0	0	0
AF	0	0.472517	144	93	51	0	0	0	0
AF	0	0.472829	107	68	39	0	0	0	0
AF	0	0.473142	96	68	28	0	0	0	0
AF	0	0.473454	131	89	42	0	0	0	0
AF	0	0.473766	101	79	22	0	0	0	0
AF	0	0.474079	163	108	55	0	0	0	0
AF	0	0.474391	126	85	41	0	0	0	0
AF	0	0.474703	157	112	45	0	0	0	0
AF	0	0.475016	128	90	38	0	0	0	0
AF	0	0.475328	130	86	44	0	0	0	0
AF	0	0.475640	128	87	41	0	0	0	0
AF	0	0.475953	110	73	37	0	0	0	0
AF	0	0.476265	117	75	42	0	0	0	0
AF	0	0.476577	136	92	44	0	0	0	0
AF	0	0.476889	138	99	39	0	0	0	0
AF	0	0.477202	99	62	37	0	0	0	0
AF	0	0.477514	126	81	45	0	0	0	0
AF	0	0.477826	120	72	48	0	0	0	0
AF	0	0.478139	137	95	42	0	0	0	0
AF	0	0.478451	153	94	59	0	0	0	0
AF	0	0.478763	160	105	55	0	0	0	0
AF	0	0.479076	115	76	39	0	0	0	0
AF	0	0.479388	118	81	37	0	0	0	0
AF	0	0.479700	154	116	38	0	0	0	0
AF	0	0.480012	119	83	36	0	0	0	0
AF	0	0.480325	123	80	43	0	0	0	0
AF	0	0.480637	111	74	37	0	0	0	0
AF	0	0.480949	164	113	51	0	0	0	0
AF	0	0.481262	145	94	51	0	0	0	0
AF	0	0.481574	130	88	42	0	0	0	0
AF	0	0.481886	164	109	55	0	0	0	0
AF	0	0.482199	124	78	46	0	0	0	0
AF	0	0.482511	109	72	37	0	0	0	0
AF	0	0.482823	132	89	43	0	0	0	0
AF	0	0.483136	124	74	50	0	0	0	0
AF	0	0.483448	119	74	45	0	0	0	0
AF	0	0.483760	113	71	42	0	0	0	0
AF	0	0.484072	137	94	43	0	0	0	0
AF	0	0.484385	116	81	35	0	0	0	0
AF	0	0.484697	123	79	44	0	0	0	0
AF	0	0.485009	130	76	54	0	0	0	0
AF	0	0.485322	142	96	46	0	0	0	0
AF	0	0.485634	157	100	57	0	0	0	0
AF	0	0.485946	130	85	45	0	0	0	0
AF	0	0.486259	124	82	42	0	0	0	0
AF	0	0.486571	153	100	53	0	0	0	0
AF	0	0.486883	135	90	45	0	0	0	0
AF	0	0.487196	106	79	27	0	0	0	0
AF	0	0.487508	129	83	46	0	0	0	0
AF	0	0.487820	130	88	42	0	0	0	0
AF	0	0.488132	113	81	32	0	0	0	0
AF	0	0.488445	123	91	32	0	0	0	0
AF	0	0.488757	131	90	41	0	0	0	0
AF	0	0.489069	119	75	44	0	0	0	0
AF	0	0.489382	115	82	33	0	0	0	0
AF	0	0.489694	130	92	38	0	0	0	0
AF	0	0.490006	116	88	28	0	0	0	0
AF	0	0.490319	137	89	48	0	0	0	0
AF	0	0.490631	140	91	49	0	0	0	0
AF	0	0.490943	118	80	38	0	0	0	0
AF	0	0.491255	128	88	40	0	0	0	0
AF	0	0.491568	125	81	44	0	0	0	0
AF	0	0.491880	125	85	40	0	0	0	0
AF	0	0.492192	118	77	41	0	0	0	0
AF	0	0.492505	154	107	47	0	0	0	0
AF	0	0.492817	127	91	36	0	0	0	0
AF	0	0.493129	137	87	50	0	0	0	0
AF	0	0.493442	149	103	46	0	0	0	0
AF	0	0.493754	146	98	48	0	0	0	0
AF	0	0.494066	138	91	47	0	0	0	0
AF	0	0.494379	136	93	43	0	0	0	0
AF	0	0.494691	112	70	42	0	0	0	0
AF	0	0.495003	126	99	27	0	0	0	0
AF	0	0.495315	138	107	31	0	0	0	0
AF	0	0.495628	147	100	47	0	0	0	0
AF	0	0.495940	119	72	47	0	0	0	0
AF	0	0.496252	105	73	32	0	0	0	0
AF	0	0.496565	122	95	27	0	0	0	0
AF	0	0.496877	134	86	48	0	0	0	0
AF	0	0.497189	138	95	43	0	0	0	0
AF	0	0.497502	134	90	44	0	0	0	0
AF	0	0.497814	160	112	48	0	0	0	0
AF	0	0.498126	151	106	45	0	0	0	0
AF	0	0.498438	151	102	49	0	0	0	0
AF	0	0.498751	112	72	40	0	0	0	0
AF	0	0.499063	142	79	63	0	0	0	0
AF	0	0.499375	147	104	43	0	0	0	0
AF	0	0.499688	171	116	55	0	0	0	0
AF	0	0.500000	117	69	48	0	0	0	0
AF	0	0.500312	121	75	46	0	0	0	0
AF	0	0.500625	119	78	41	0	0	0	0
AF	0	0.500937	114	80	34	0	0	0	0
AF	0	0.501249	110	74	36	0	0	0	0
AF	0	0.501562	105	71	34	0	0	0	0
AF	0	0.501874	157	115	42	0	0	0	0
AF	0	0.502186	132	82	50	0	0	0	0
AF	0	0.502498	113	75	38	0	0	0	0
AF	0	0.502811	129	88	41	0	0	0	0
AF	0	0.503123	125	98	27	0	0	0	0
AF	0	0.503435	125	88	37	0	0	0	0
AF	0	0.503748	148	104	44	0	0	0	0
AF	0	0.504060	117	87	30	0	0	0	0
AF	0	0.504372	118	77	41	0	0	0	0
AF	0	0.504685	108	68	40	0	0	0	0
AF	0	0.504997	126	87	39	0	0	0	0
AF	0	0.505309	145	104	41	0	0	0	0
AF	0	0.505621	130	72	58	0	0	0	0
AF	0	0.505934	115	77	38	0	0	0	0
AF	0	0.506246	125	80	45	0	0	0	0
AF	0	0.506558	133	96	37	0	0	0	0
AF	0	0.506871	126	84	42	0	0	0	0
AF	0	0.507183	151	97	54	0	0	0	0
AF	0	0.507495	124	70	54	0	0	0	0
AF	0	0.507808	116	76	40	0	0	0	0
AF	0	0.508120	114	71	43	0	0	0	0
AF	0	0.508432	104	68	36	0	0	0	0
AF	0	0.508745	118	72	46	0	0	0	0
AF	0	0.509057	110	77	33	0	0	0	0
AF	0	0.509369	124	76	48	0	0	0	0
AF	0	0.509681	112	70	42	0	0	0	0
AF	0	0.509994	100	61	39	0	0	0	0
AF	0	0.510306	113	77	36	0	0	0	0
AF	0	0.510618	115	81	34	0	0	0	0
AF	0	0.510931	113	81	32	0	0	0	0
AF	0	0.511243	100	75	25	0	0	0	0
AF	0	0.511555	134	100	34	0	0	0	0
AF	0	0.511868	163	107	56	0	0	0	0
AF	0	0.512180	128	86	42	0	0	0	0
AF	0	0.512492	110	66	44	0	0	0	0
AF	0	0.512804	121	81	40	0	0	0	0
AF	0	0.513117	134	91	43	0	0	0	0
AF	0	0.513429	122	79	43	0	0	0	0
AF	0	0.513741	130	99	31	0	0	0	0
AF	0	0.514054	144	101	43	0	0	0	0
AF	0	0.514366	127	90	37	0	0	0	0
AF	0	0.514678	132	82	50	0	0	0	0
AF	0	0.514991	146	91	55	0	0	0	0
AF	0	0.515303	147	101	46	0	0	0	0
AF	0	0.515615	147	93	54	0	0	0	0
AF	0	0.515928	142	109	33	0	0	0	0
AF	0	0.516240	122	74	48	0	0	0	0
AF	0	0.516552	124	88	36	0	0	0	0
AF	0	0.516864	109	75	34	0	0	0	0
AF	0	0.517177	120	85	35	0	0	0	0
AF	0	0.517489	118	80	38	0	0	0	0
AF	0	0.517801	110	73	37	0	0	0	0
AF	0	0.518114	125	80	45	0	0	0	0
AF	0	0.518426	143	105	38	0	0	0	0
AF	0	0.518738	106	66	40	0	0	0	0
AF	0	0.519051	127	84	43	0	0	0	0
AF	0	0.519363	116	69	47	0	0	0	0
AF	0	0.519675	122	84	38	0	0	0	0
AF	0	0.519988	126	90	36	0	0	0	0
AF	0	0.520300	120	84	36	0	0	0	0
AF	0	0.520612	106	73	33	0	0	0	0
AF	0	0.520924	113	76	37	0	0	0	0
AF	0	0.521237	114	87	27	0	0	0	0
AF	0	0.521549	124	83	41	0	0	0	0
AF	0	0.521861	136	104	32	0	0	0	0
AF	0	0.522174	122	79	43	0	0	0	0
AF	0	0.522486	108	78	30	0	0	0	0
AF	0	0.522798	117	84	33	0	0	0	0
AF	0	0.523111	105	71	34	0	0	0	0
AF	0	0.523423	134	90	44	0	0	0	0
AF	0	0.523735	118	75	43	0	0	0	0
AF	0	0.524047	108	70	38	0	0	0	0
AF	0	0.524360	110	67	43	0	0	0	0
AF	0	0.524672	105	78	27	0	0	0	0
AF	0	0.524984	115	80	35	0	0	0	0
AF	0	0.525297	107	73	34	0	0	0	0
AF	0	0.525609	102	65	37	0	0	0	0
AF	0	0.525921	119	79	40	0	0	0	0
AF	0	0.526234	149	99	50	0	0	0	0
AF	0	0.526546	118	83	35	0	0	0	0
AF	0	0.526858	102	66	36	0	0	0	0
AF	0	0.527171	97	61	36	0	0	0	0
AF	0	0.527483	124	86	38	0	0	0	0
AF	0	0.527795	128	96	32	0	0	0	0
AF	0	0.528107	110	83	27	0	0	0	0
AF	0	0.528420	116	77	39	0	0	0	0
AF	0	0.528732	90	60	30	0	0	0	0
AF	0	0.529044	121	78	43	0	0	0	0
AF	0	0.529357	132	88	44	0	0	0	0
AF	0	0.529669	136	90	46	0	0	0	0
AF	0	0.529981	120	79	41	0	0	0	0
AF	0	0.530294	141	101	40	0	0	0	0
AF	0	0.530606	145	99	46	0	0	0	0
AF	0	0.530918	92	69	23	0	0	0	0
AF	0	0.531230	139	106	33	0	0	0	0
AF	0	0.531543	120	85	35	0	0	0	0
AF	0	0.531855	99	71	28	0	0	0	0
AF	0	0.532167	114	80	34	0	0	0	0
AF	0	0.532480	121	77	44	0	0	0	0
AF	0	0.532792	113	78	35	0	0	0	0
AF	0	0.533104	114	84	30	0	0	0	0
AF	0	0.533417	111	72	39	0	0	0	0
AF	0	0.533729	96	67	29	0	0	0	0
AF	0	0.534041	85	60	25	0	0	0	0
AF	0	0.534354	99	66	33	0	0	0	0
AF	0	0.534666	103	68	35	0	0	0	0
AF	0	0.534978	117	85	32	0	0	0	0
AF	0	0.535290	122	84	38	0	0	0	0
AF	0	0.535603	102	68	34	0	0	0	0
AF	0	0.535915	123	80	43	0	0	0	0
AF	0	0.536227	99	70	29	0	0	0	0
AF	0	0.536540	96	58	38	0	0	0	0
AF	0	0.536852	98	76	22	0	0	0	0
AF	0	0.537164	103	68	35	0	0	0	0
AF	0	0.537477	98	66	32	0	0	0	0
AF	0	0.537789	111	66	45	0	0	0	0
AF	0	0.538101	120	76	44	0	0	0	0
AF	0	0.538413	130	97	33	0	0	0	0
AF	0	0.538726	217	159	58	0	0	0	0
AF	0	0.539038	96	63	33	0	0	0	0
AF	0	0.539350	94	67	27	0	0	0	0
AF	0	0.539663	127	79	48	0	0	0	0
AF	0	0.539975	109	77	32	0	0	0	0
AF	0	0.540287	107	66	41	0	0	0	0
AF	0	0.540600	103	62	41	0	0	0	0
AF	0	0.540912	115	79	36	0	0	0	0
AF	0	0.541224	121	87	34	0	0	0	0
AF	0	0.541537	108	66	42	0	0	0	0
AF	0	0.541849	108	78	30	0	0	0	0
AF	0	0.542161	124	84	40	0	0	0	0
AF	0	0.542473	112	82	30	0	0	0	0
AF	0	0.542786	107	71	36	0	0	0	0
AF	0	0.543098	120	74	46	0	0	0	0
AF	0	0.543410	109	69	40	0	0	0	0
AF	0	0.543723	124	87	37	0	0	0	0
AF	0	0.544035	122	83	39	0	0	0	0
AF	0	0.544347	163	108	55	0	0	0	0
AF	0	0.544660	126	88	38	0	0	0	0
AF	0	0.544972	98	68	30	0	0	0	0
AF	0	0.545284	113	81	32	0	0	0	0
AF	0	0.545597	136	83	53	0	0	0	0
AF	0	0.545909	104	67	37	0	0	0	0
AF	0	0.546221	100	74	26	0	0	0	0
AF	0	0.546533	85	54	31	0	0	0	0
AF	0	0.546846	112	80	32	0	0	0	0
AF	0	0.547158	139	101	38	0	0	0	0
AF	0	0.547470	126	91	35	0	0	0	0
AF	0	0.547783	112	69	43	0	0	0	0
AF	0	0.548095	126	91	35	0	0	0	0
AF	0	0.548407	135	90	45	0	0	0	0
AF	0	0.548720	120	82	38	0	0	0	0
AF	0	0.549032	121	83	38	0	0	0	0
AF	0	0.549344	104	73	31	0	0	0	0
AF	0	0.549656	109	70	39	0	0	0	0
AF	0	0.549969	117	89	28	0	0	0	0
AF	0	0.550281	111	71	40	0	0	0	0
AF	0	0.550593	128	84	44	0	0	0	0
AF	0	0.550906	136	88	48	0	0	0	0
AF	0	0.551218	115	73	42	0	0	0	0
AF	0	0.551530	126	84	42	0	0	0	0
AF	0	0.551843	101	66	35	0	0	0	0
AF	0	0.552155	93	61	32	0	0	0	0
AF	0	0.552467	122	82	40	0	0	0	0
AF	0	0.552780	102	63	39	0	0	0	0
AF	0	0.553092	134	87	47	0	0	0	0
AF	0	0.553404	98	60	38	0	0	0	0
AF	0	0.553716	123	78	45	0	0	0	0
AF	0	0.554029	112	75	37	0	0	0	0
AF	0	0.554341	127	96	31	0	0	0	0
AF	0	0.554653	83	60	23	0	0	0	0
AF	0	0.554966	110	68	42	0	0	0	0
AF	0	0.555278	91	52	39	0	0	0	0
AF	0	0.555590	74	55	19	0	0	0	0
AF	0	0.555903	99	64	35	0	0	0	0
AF	0	0.556215	102	64	38	0	0	0	0
AF	0	0.556527	89	65	24	0	0	0	0
AF	0	0.556839	114	86	28	0	0	0	0
AF	0	0.557152	96	62	34	0	0	0	0
AF	0	0.557464	89	61	28	0	0	0	0
AF	0	0.557776	106	69	37	0	0	0	0
AF	0	0.558089	130	92	38	0	0	0	0
AF	0	0.558401	106	68	38	0	0	0	0
AF	0	0.558713	121	73	48	0	0	0	0
AF	0	0.559026	116	78	38	0	0	0	0
AF	0	0.559338	90	64	26	0	0	0	0
AF	0	0.559650	122	76	46	0	0	0	0
AF	0	0.559963	97	66	31	0	0	0	0
AF	0	0.560275	107	73	34	0	0	0	0
AF	0	0.560587	94	66	28	0	0	0	0
AF	0	0.560899	84	52	32	0	0	0	0
AF	0	0.561212	113	70	43	0	0	0	0
AF	0	0.561524	106	64	42	0	0	0	0
AF	0	0.561836	98	75	23	0	0	0	0
AF	0	0.562149	111	71	40	0	0	0	0
AF	0	0.562461	106	78	28	0	0	0	0
AF	0	0.562773	89	66	23	0	0	0	0
AF	0	0.563086	126	95	31	0	0	0	0
AF	0	0.563398	122	84	38	0	0	0	0
AF	0	0.563710	95	72	23	0	0	0	0
AF	0	0.564022	115	82	33	0	0	0	0
AF	0	0.564335	144	99	45	0	0	0	0
AF	0	0.564647	115	77	38	0	0	0	0
AF	0	0.564959	130	81	49	0	0	0	0
AF	0	0.565272	135	84	51	0	0	0	0
AF	0	0.565584	97	65	32	0	0	0	0
AF	0	0.565896	90	65	25	0	0	0	0
AF	0	0.566209	71	52	19	0	0	0	0
AF	0	0.566521	106	77	29	0	0	0	0
AF	0	0.566833	108	65	43	0	0	0	0
AF	0	0.567146	99	69	30	0	0	0	0
AF	0	0.567458	109	85	24	0	0	0	0
AF	0	0.567770	108	61	47	0	0	0	0
AF	0	0.568082	122	80	42	0	0	0	0
AF	0	0.568395	107	77	30	0	0	0	0
AF	0	0.568707	113	70	43	0	0	0	0
AF	0	0.569019	134	81	53	0	0	0	0
AF	0	0.569332	101	73	28	0	0	0	0
AF	0	0.569644	102	66	36	0	0	0	0
AF	0	0.569956	103	69	34	0	0	0	0
AF	0	0.570269	98	72	26	0	0	0	0
AF	0	0.570581	98	63	35	0	0	0	0
AF	0	0.570893	105	65	40	0	0	0	0
AF	0	0.571205	92	68	24	0	0	0	0
AF	0	0.571518	138	91	47	0	0	0	0
AF	0	0.571830	145	102	43	0	0	0	0
AF	0	0.572142	129	83	46	0	0	0	0
AF	0	0.572455	107	68	39	0	0	0	0
AF	0	0.572767	90	65	25	0	0	0	0
AF	0	0.573079	93	53	40	0	0	0	0
AF	0	0.573392	93	66	27	0	0	0	0
AF	0	0.573704	82	57	25	0	0	0	0
AF	0	0.574016	102	67	35	0	0	0	0
AF	0	0.574329	119	80	39	0	0	0	0
AF	0	0.574641	100	65	35	0	0	0	0
AF	0	0.574953	106	70	36	0	0	0	0
AF	0	0.575265	80	55	25	0	0	0	0
AF	0	0.575578	96	65	31	0	0	0	0
AF	0	0.575890	83	58	25	0	0	0	0
AF	0	0.576202	112	80	32	0	0	0	0
AF	0	0.576515	96	66	30	0	0	0	0
AF	0	0.576827	114	76	38	0	0	0	0
AF	0	0.577139	119	77	42	0	0	0	0
AF	0	0.577452	123	85	38	0	0	0	0
AF	0	0.577764	99	68	31	0	0	0	0
AF	0	0.578076	111	66	45	0	0	0	0
AF	0	0.578389	98	61	37	0	0	0	0
AF	0	0.578701	107	68	39	0	0	0	0
AF	0	0.579013	97	65	32	0	0	0	0
AF	0	0.579325	113	64	49	0	0	0	0
AF	0	0.579638	105	69	36	0	0	0	0
AF	0	0.579950	110	80	30	0	0	0	0
AF	0	0.580262	107	72	35	0	0	0	0
AF	0	0.580575	173	116	57	0	0	0	0
AF	0	0.580887	98	60	38	0	0	0	0
AF	0	0.581199	118	88	30	0	0	0	0
AF	0	0.581512	112	71	41	0	0	0	0
AF	0	0.581824	107	77	30	0	0	0	0
AF	0	0.582136	114	80	34	0	0	0	0
AF	0	0.582448	100	60	40	0	0	0	0
AF	0	0.582761	112	85	27	0	0	0	0
AF	0	0.583073	109	81	28	0	0	0	0
AF	0	0.583385	97	66	31	0	0	0	0
AF	0	0.583698	104	69	35	0	0	0	0
AF	0	0.584010	114	77	37	0	0	0	0
AF	0	0.584322	94	71	23	0	0	0	0
AF	0	0.584635	112	81	31	0	0	0	0
AF	0	0.584947	124	81	43	0	0	0	0
AF	0	0.585259	104	73	31	0	0	0	0
AF	0	0.585572	109	70	39	0	0	0	0
AF	0	0.585884	113	69	44	0	0	0	0
AF	0	0.586196	101	68	33	0	0	0	0
AF	0	0.586508	109	71	38	0	0	0	0
AF	0	0.586821	123	77	46	0	0	0	0
AF	0	0.587133	103	78	25	0	0	0	0
AF	0	0.587445	117	77	40	0	0	0	0
AF	0	0.587758	152	113	39	0	0	0	0
AF	0	0.588070	160	105	55	0	0	0	0
AF	0	0.588382	129	90	39	0	0	0	0
AF	0	0.588695	106	78	28	0	0	0	0
AF	0	0.589007	91	59	32	0	0	0	0
AF	0	0.589319	75	46	29	0	0	0	0
AF	0	0.589631	86	62	24	0	0	0	0
AF	0	0.589944	107	70	37	0	0	0	0
AF	0	0.590256	92	64	28	0	0	0	0
AF	0	0.590568	108	70	38	0	0	0	0
AF	0	0.590881	81	55	26	0	0	0	0
AF	0	0.591193	98	68	30	0	0	0	0
AF	0	0.591505	97	64	33	0	0	0	0
AF	0	0.591818	96	66	30	0	0	0	0
AF	0	0.592130	145	101	44	0	0	0	0
AF	0	0.592442	175	126	49	0	0	0	0
AF	0	0.592755	97	60	37	0	0	0	0
AF	0	0.593067	94	69	25	0	0	0	0
AF	0	0.593379	115	70	45	0	0	0	0
AF	0	0.593691	114	80	34	0	0	0	0
AF	0	0.594004	104	61	43	0	0	0	0
AF	0	0.594316	131	90	41	0	0	0	0
AF	0	0.594628	112	91	21	0	0	0	0
AF	0	0.594941	124	89	35	0	0	0	0
AF	0	0.595253	98	63	35	0	0	0	0
AF	0	0.595565	87	62	25	0	0	0	0
AF	0	0.595878	119	97	22	0	0	0	0
AF	0	0.596190	113	80	33	0	0	0	0
AF	0	0.596502	105	68	37	0	0	0	0
AF	0	0.596814	111	67	44	0	0	0	0
AF	0	0.597127	130	101	29	0	0	0	0
AF	0	0.597439	113	82	31	0	0	0	0
AF	0	0.597751	102	77	25	0	0	0	0
AF	0	0.598064	83	61	22	0	0	0	0
AF	0	0.598376	115	86	29	0	0	0	0
AF	0	0.598688	115	77	38	0	0	0	0
AF	0	0.599001	103	70	33	0	0	0	0
AF	0	0.599313	81	53	28	0	0	0	0
AF	0	0.599625	102	67	35	0	0	0	0
AF	0	0.599938	85	55	30	0	0	0	0
AF	0	0.600250	80	61	19	0	0	0	0
AF	0	0.600562	97	64	33	0	0	0	0
AF	0	0.600874	113	79	34	0	0	0	0
AF	0	0.601187	112	77	35	0	0	0	0
AF	0	0.601499	74	48	26	0	0	0	0
AF	0	0.601811	80	59	21	0	0	0	0
AF	0	0.602124	125	85	40	0	0	0	0
AF	0	0.602436	179	114	65	0	0	0	0
AF	0	0.602748	107	71	36	0	0	0	0
AF	0	0.603061	111	69	42	0	0	0	0
AF	0	0.603373	99	70	29	0	0	0	0
AF	0	0.603685	92	65	27	0	0	0	0
AF	0	0.603998	149	106	43	0	0	0	0
AF	0	0.604310	97	61	36	0	0	0	0
AF	0	0.604622	109	71	38	0	0	0	0
AF	0	0.604934	104	72	32	0	0	0	0
AF	0	0.605247	88	49	39	0	0	0	0
AF	0	0.605559	106	72	34	0	0	0	0
AF	0	0.605871	86	59	27	0	0	0	0
AF	0	0.606184	98	65	33	0	0	0	0
AF	0	0.606496	103	78	25	0	0	0	0
AF	0	0.606808	110	75	35	0	0	0	0
AF	0	0.607121	117	78	39	0	0	0	0
AF	0	0.607433	75	48	27	0	0	0	0
AF	0	0.607745	79	54	25	0	0	0	0
AF	0	0.608057	96	60	36	0	0	0	0
AF	0	0.608370	88	56	32	0	0	0	0
AF	0	0.608682	78	49	29	0	0	0	0
AF	0	0.608994	86	64	22	0	0	0	0
AF	0	0.609307	84	60	24	0	0	0	0
AF	0	0.609619	75	55	20	0	0	0	0
AF	0	0.609931	104	75	29	0	0	0	0
AF	0	0.610244	112	81	31	0	0	0	0
AF	0	0.610556	109	78	31	0	0	0	0
AF	0	0.610868	89	55	34	0	0	0	0
AF	0	0.611181	87	52	35	0	0	0	0
AF	0	0.611493	73	44	29	0	0	0	0
AF	0	0.611805	104	79	25	0	0	0	0
AF	0	0.612117	120	79	41	0	0	0	0
AF	0	0.612430	159	92	67	0	0	0	0
AF	0	0.612742	95	64	31	0	0	0	0
AF	0	0.613054	97	72	25	0	0	0	0
AF	0	0.613367	95	65	30	0	0	0	0
AF	0	0.613679	96	73	23	0	0	0	0
AF	0	0.613991	95	63	32	0	0	0	0
AF	0	0.614304	95	61	34	0	0	0	0
AF	0	0.614616	112	71	41	0	0	0	0
AF	0	0.614928	98	65	33	0	0	0	0
AF	0	0.615240	106	66	40	0	0	0	0
AF	0	0.615553	99	74	25	0	0	0	0
AF	0	0.615865	127	85	42	0	0	0	0
AF	0	0.616177	107	69	38	0	0	0	0
AF	0	0.616490	97	58	39	0	0	0	0
AF	0	0.616802	63	48	15	0	0	0	0
AF	0	0.617114	89	57	32	0	0	0	0
AF	0	0.617427	89	57	32	0	0	0	0
AF	0	0.617739	76	52	24	0	0	0	0
AF	0	0.618051	81	49	32	0	0	0	0
AF	0	0.618364	90	65	25	0	0	0	0
AF	0	0.618676	76	57	19	0	0	0	0
AF	0	0.618988	91	65	26	0	0	0	0
AF	0	0.619300	107	71	36	0	0	0	0
AF	0	0.619613	91	56	35	0	0	0	0
AF	0	0.619925	94	70	24	0	0	0	0
AF	0	0.620237	110	69	41	0	0	0	0
AF	0	0.620550	86	55	31	0	0	0	0
AF	0	0.620862	88	64	24	0	0	0	0
AF	0	0.621174	80	52	28	0	0	0	0
AF	0	0.621487	75	47	28	0	0	0	0
AF	0	0.621799	76	52	24	0	0	0	0
AF	0	0.622111	94	67	27	0	0	0	0
AF	0	0.622423	99	75	24	0	0	0	0
AF	0	0.622736	84	61	23	0	0	0	0
AF	0	0.623048	89	54	35	0	0	0	0
AF	0	0.623360	79	54	25	0	0	0	0
AF	0	0.623673	73	46	27	0	0	0	0
AF	0	0.623985	78	50	28	0	0	0	0
AF	0	0.624297	85	58	27	0	0	0	0
AF	0	0.624610	82	61	21	0	0	0	0
AF	0	0.624922	68	54	14	0	0	0	0
AF	0	0.625234	89	55	34	0	0	0	0
AF	0	0.625547	90	54	36	0	0	0	0
AF	0	0.625859	94	60	34	0	0	0	0
AF	0	0.626171	82	48	34	0	0	0	0
AF	0	0.626483	107	72	35	0	0	0	0
AF	0	0.626796	95	74	21	0	0	0	0
AF	0	0.627108	94	66	28	0	0	0	0
AF	0	0.627420	87	54	33	0	0	0	0
AF	0	0.627733	80	54	26	0	0	0	0
AF	0	0.628045	108	74	34	0	0	0	0
AF	0	0.628357	71	48	23	0	0	0	0
AF	0	0.628670	97	65	32	0	0	0	0
AF	0	0.628982	80	60	20	0	0	0	0
AF	0	0.629294	95	59	36	0	0	0	0
AF	0	0.629606	83	57	26	0	0	0	0
AF	0	0.629919	89	57	32	0	0	0	0
AF	0	0.630231	92	61	31	0	0	0	0
AF	0	0.630543	91	61	30	0	0	0	0
AF	0	0.630856	86	57	29	0	0	0	0
AF	0	0.631168	116	79	37	0	0	0	0
AF	0	0.631480	101	69	32	0	0	0	0
AF	0	0.631793	97	67	30	0	0	0	0
AF	0	0.632105	106	74	32	0	0	0	0
AF	0	0.632417	110	81	29	0	0	0	0
AF	0	0.632730	110	59	51	0	0	0	0
AF	0	0.633042	108	78	30	0	0	0	0
AF	0	0.633354	76	44	32	0	0	0	0
AF	0	0.633666	87	60	27	0	0	0	0
AF	0	0.633979	87	57	30	0	0	0	0
AF	0	0.634291	114	77	37	0	0	0	0
AF	0	0.634603	105	66	39	0	0	0	0
AF	0	0.634916	87	62	25	0	0	0	0
AF	0	0.635228	83	57	26	0	0	0	0
AF	0	0.635540	109	81	28	0	0	0	0
AF	0	0.635853	109	70	39	0	0	0	0
AF	0	0.636165	93	63	30	0	0	0	0
AF	0	0.636477	103	69	34	0	0	0	0
AF	0	0.636790	84	55	29	0	0	0	0
AF	0	0.637102	80	52	28	0	0	0	0
AF	0	0.637414	106	67	39	0	0	0	0
AF	0	0.637726	130	90	40	0	0	0	0
AF	0	0.638039	107	75	32	0	0	0	0
AF	0	0.638351	101	64	37	0	0	0	0
AF	0	0.638663	113	69	44	0	0	0	0
AF	0	0.638976	105	76	29	0	0	0	0
AF	0	0.639288	122	86	36	0	0	0	0
AF	0	0.639600	105	71	34	0	0	0	0
AF	0	0.639913	94	66	28	0	0	0	0
AF	0	0.640225	93	53	40	0	0	0	0
AF	0	0.640537	101	73	28	0	0	0	0
AF	0	0.640849	104	60	44	0	0	0	0
AF	0	0.641162	104	74	30	0	0	0	0
AF	0	0.641474	96	70	26	0	0	0	0
AF	0	0.641786	88	65	23	0	0	0	0
AF	0	0.642099	98	71	27	0	0	0	0
AF	0	0.642411	130	90	40	0	0	0	0
AF	0	0.642723	109	75	34	0	0	0	0
AF	0	0.643036	87	61	26	0	0	0	0
AF	0	0.643348	95	63	32	0	0	0	0
AF	0	0.643660	82	55	27	0	0	0	0
AF	0	0.643973	89	59	30	0	0	0	0
AF	0	0.644285	79	56	23	0	0	0	0
AF	0	0.644597	117	84	33	0	0	0	0
AF	0	0.644909	98	72	26	0	0	0	0
AF	0	0.645222	94	59	35	0	0	0	0
AF	0	0.645534	97	72	25	0	0	0	0
AF	0	0.645846	95	63	32	0	0	0	0
AF	0	0.646159	87	59	28	0	0	0	0
AF	0	0.646471	96	63	33	0	0	0	0
AF	0	0.646783	112	72	40	0	0	0	0
AF	0	0.647096	151	104	47	0	0	0	0
AF	0	0.647408	120	84	36	0	0	0	0
AF	0	0.647720	110	69	41	0	0	0	0
AF	0	0.648032	106	71	35	0	0	0	0
AF	0	0.648345	115	79	36	0	0	0	0
AF	0	0.648657	122	87	35	0	0	0	0
AF	0	0.648969	107	71	36	0	0	0	0
AF	0	0.649282	107	73	34	0	0	0	0
AF	0	0.649594	92	59	33	0	0	0	0
AF	0	0.649906	86	67	19	0	0	0	0
AF	0	0.650219	92	57	35	0	0	0	0
AF	0	0.650531	87	61	26	0	0	0	0
AF	0	0.650843	94	65	29	0	0	0	0
AF	0	0.651156	108	65	43	0	0	0	0
AF	0	0.651468	81	54	27	0	0	0	0
AF	0	0.651780	94	65	29	0	0	0	0
AF	0	0.652092	101	67	34	0	0	0	0
AF	0	0.652405	84	54	30	0	0	0	0
AF	0	0.652717	96	59	37	0	0	0	0
AF	0	0.653029	79	60	19	0	0	0	0
AF	0	0.653342	80	53	27	0	0	0	0
AF	0	0.653654	87	59	28	0	0	0	0
AF	0	0.653966	84	53	31	0	0	0	0
AF	0	0.654279	90	57	33	0	0	0	0
AF	0	0.654591	89	59	30	0	0	0	0
AF	0	0.654903	85	50	35	0	0	0	0
AF	0	0.655215	107	74	33	0	0	0	0
AF	0	0.655528	97	65	32	0	0	0	0
AF	0	0.655840	106	73	33	0	0	0	0
AF	0	0.656152	122	74	48	0	0	0	0
AF	0	0.656465	103	69	34	0	0	0	0
AF	0	0.656777	106	66	40	0	0	0	0
AF	0	0.657089	87	57	30	0	0	0	0
AF	0	0.657402	119	88	31	0	0	0	0
AF	0	0.657714	94	59	35	0	0	0	0
AF	0	0.658026	100	57	43	0	0	0	0
AF	0	0.658339	94	59	35	0	0	0	0
AF	0	0.658651	88	60	28	0	0	0	0
AF	0	0.658963	116	78	38	0	0	0	0
AF	0	0.659275	112	79	33	0	0	0	0
AF	0	0.659588	92	59	33	0	0	0	0
AF	0	0.659900	83	54	29	0	0	0	0
AF	0	0.660212	70	44	26	0	0	0	0
AF	0	0.660525	91	60	31	0	0	0	0
AF	0	0.660837	103	65	38	0	0	0	0
AF	0	0.661149	95	65	30	0	0	0	0
AF	0	0.661462	117	82	35	0	0	0	0
AF	0	0.661774	90	65	25	0	0	0	0
AF	0	0.662086	116	77	39	0	0	0	0
AF	0	0.662399	121	80	41	0	0	0	0
AF	0	0.662711	115	77	38	0	0	0	0
AF	0	0.663023	84	58	26	0	0	0	0
AF	0	0.663335	78	51	27	0	0	0	0
AF	0	0.663648	102	62	40	0	0	0	0
AF	0	0.663960	82	48	34	0	0	0	0
AF	0	0.664272	145	96	49	0	0	0	0
AF	0	0.664585	100	73	27	0	0	0	0
AF	0	0.664897	88	60	28	0	0	0	0
AF	0	0.665209	108	74	34	0	0	0	0
AF	0	0.665522	93	64	29	0	0	0	0
AF	0	0.665834	71	50	21	0	0	0	0
AF	0	0.666146	100	63	37	0	0	0	0
AF	0	0.666458	111	80	31	0	0	0	0
AF	0	0.666771	86	60	26	0	0	0	0
AF	0	0.667083	100	69	31	0	0	0	0
AF	0	0.667395	74	52	22	0	0	0	0
AF	0	0.667708	83	59	24	0	0	0	0
AF	0	0.668020	102	71	31	0	0	0	0
AF	0	0.668332	105	80	25	0	0	0	0
AF	0	0.668645	85	56	29	0	0	0	0
AF	0	0.668957	89	63	26	0	0	0	0
AF	0	0.669269	68	46	22	0	0	0	0
AF	0	0.669582	96	59	37	0	0	0	0
AF	0	0.669894	117	71	46	0	0	0	0
AF	0	0.670206	109	83	26	0	0	0	0
AF	0	0.670518	92	66	26	0	0	0	0
AF	0	0.670831	87	55	32	0	0	0	0
AF	0	0.671143	90	54	36	0	0	0	0
AF	0	0.671455	108	76	32	0	0	0	0
AF	0	0.671768	106	65	41	0	0	0	0
AF	0	0.672080	83	59	24	0	0	0	0
AF	0	0.672392	85	52	33	0	0	0	0
AF	0	0.672705	111	72	39	0	0	0	0
AF	0	0.673017	82	54	28	0	0	0	0
AF	0	0.673329	97	68	29	0	0	0	0
AF	0	0.673641	88	66	22	0	0	0	0
AF	0	0.673954	86	59	27	0	0	0	0
AF	0	0.674266	102	62	40	0	0	0	0
AF	0	0.674578	75	55	20	0	0	0	0
AF	0	0.674891	102	74	28	0	0	0	0
AF	0	0.675203	85	56	29	0	0	0	0
AF	0	0.675515	82	56	26	0	0	0	0
AF	0	0.675828	67	45	22	0	0	0	0
AF	0	0.676140	73	45	28	0	0	0	0
AF	0	0.676452	71	46	25	0	0	0	0
AF	0	0.676765	101	60	41	0	0	0	0
AF	0	0.677077	91	70	21	0	0	0	0
AF	0	0.677389	94	67	27	0	0	0	0
AF	0	0.677701	107	63	44	0	0	0	0
AF	0	0.678014	100	58	42	0	0	0	0
AF	0	0.678326	94	62	32	0	0	0	0
AF	0	0.678638	84	65	19	0	0	0	0
AF	0	0.678951	112	76	36	0	0	0	0
AF	0	0.679263	109	69	40	0	0	0	0
AF	0	0.679575	96	60	36	0	0	0	0
AF	0	0.679888	70	44	26	0	0	0	0
AF	0	0.680200	83	54	29	0	0	0	0
AF	0	0.680512	83	59	24	0	0	0	0
AF	0	0.680824	74	54	20	0	0	0	0
AF	0	0.681137	77	48	29	0	0	0	0
AF	0	0.681449	64	41	23	0	0	0	0
AF	0	0.681761	87	63	24	0	0	0	0
AF	0	0.682074	120	78	42	0	0	0	0
AF	0	0.682386	124	84	40	0	0	0	0
AF	0	0.682698	88	59	29	0	0	0	0
AF	0	0.683011	108	75	33	0	0	0	0
AF	0	0.683323	77	49	28	0	0	0	0
AF	0	0.683635	102	65	37	0	0	0	0
AF	0	0.683948	89	68	21	0	0	0	0
AF	0	0.684260	95	60	35	0	0	0	0
AF	0	0.684572	105	73	32	0	0	0	0
AF	0	0.684884	104	65	39	0	0	0	0
AF	0	0.685197	153	116	37	0	0	0	0
AF	0	0.685509	119	74	45	0	0	0	0
AF	0	0.685821	111	75	36	0	0	0	0
AF	0	0.686134	87	62	25	0	0	0	0
AF	0	0.686446	102	65	37	0	0	0	0
AF	0	0.686758	97	64	33	0	0	0	0
AF	0	0.687071	78	56	22	0	0	0	0
AF	0	0.687383	121	86	35	0	0	0	0
AF	0	0.687695	90	73	17	0	0	0	0
AF	0	0.688007	85	58	27	0	0	0	0
AF	0	0.688320	86	52	34	0	0	0	0
AF	0	0.688632	64	45	19	0	0	0	0
AF	0	0.688944	101	63	38	0	0	0	0
AF	0	0.689257	77	45	32	0	0	0	0
AF	0	0.689569	100	67	33	0	0	0	0
AF	0	0.689881	94	62	32	0	0	0	0
AF	0	0.690194	81	64	17	0	0	0	0
AF	0	0.690506	114	85	29	0	0	0	0
AF	0	0.690818	110	72	38	0	0	0	0
AF	0	0.691131	98	67	31	0	0	0	0
AF	0	0.691443	89	64	25	0	0	0	0
AF	0	0.691755	102	69	33	0	0	0	0
AF	0	0.692067	105	68	37	0	0	0	0
AF	0	0.692380	82	60	22	0	0	0	0
AF	0	0.692692	84	59	25	0	0	0	0
AF	0	0.693004	86	59	27	0	0	0	0
AF	0	0.693317	121	89	32	0	0	0	0
AF	0	0.693629	112	66	46	0	0	0	0
AF	0	0.693941	104	75	29	0	0	0	0
AF	0	0.694254	80	57	23	0	0	0	0
AF	0	0.694566	106	65	41	0	0	0	0
AF	0	0.694878	115	76	39	0	0	0	0
AF	0	0.695191	87	55	32	0	0	0	0
AF	0	0.695503	92	57	35	0	0	0	0
AF	0	0.695815	88	54	34	0	0	0	0
AF	0	0.696127	81	53	28	0	0	0	0
AF	0	0.696440	101	68	33	0	0	0	0
AF	0	0.696752	93	59	34	0	0	0	0
AF	0	0.697064	90	60	30	0	0	0	0
AF	0	0.697377	85	59	26	0	0	0	0
AF	0	0.697689	98	68	30	0	0	0	0
AF	0	0.698001	97	59	38	0	0	0	0
AF	0	0.698314	116	70	46	0	0	0	0
AF	0	0.698626	82	52	30	0	0	0	0
AF	0	0.698938	95	59	36	0	0	0	0
AF	0	0.699250	93	61	32	0	0	0	0
AF	0	0.699563	111	74	37	0	0	0	0
AF	0	0.699875	69	49	20	0	0	0	0
AF	0	0.700187	97	75	22	0	0	0	0
AF	0	0.700500	71	43	28	0	0	0	0
AF	0	0.700812	81	56	25	0	0	0	0
AF	0	0.701124	77	49	28	0	0	0	0
AF	0	0.701437	86	55	31	0	0	0	0
AF	0	0.701749	64	48	16	0	0	0	0
AF	0	0.702061	92	65	27	0	0	0	0
AF	0	0.702374	86	66	20	0	0	0	0
AF	0	0.702686	95	59	36	0	0	0	0
AF	0	0.702998	94	58	36	0	0	0	0
AF	0	0.703310	108	74	34	0	0	0	0
AF	0	0.703623	109	77	32	0	0	0	0
AF	0	0.703935	104	65	39	0	0	0	0
AF	0	0.704247	97	70	27	0	0	0	0
AF	0	0.704560	116	75	41	0	0	0	0
AF	0	0.704872	66	51	15	0	0	0	0
AF	0	0.705184	76	50	26	0	0	0	0
AF	0	0.705497	98	72	26	0	0	0	0
AF	0	0.705809	80	57	23	0	0	0	0
AF	0	0.706121	76	54	22	0	0	0	0
AF	0	0.706433	67	45	22	0	0	0	0
AF	0	0.706746	86	45	41	0	0	0	0
AF	0	0.707058	95	60	35	0	0	0	0
AF	0	0.707370	82	50	32	0	0	0	0
AF	0	0.707683	126	86	40	0	0	0	0
AF	0	0.707995	100	61	39	0	0	0	0
AF	0	0.708307	82	51	31	0	0	0	0
AF	0	0.708620	95	63	32	0	0	0	0
AF	0	0.708932	89	63	26	0	0	0	0
AF	0	0.709244	82	57	25	0	0	0	0
AF	0	0.709557	96	67	29	0	0	0	0
AF	0	0.709869	90	59	31	0	0	0	0
AF	0	0.710181	92	59	33	0	0	0	0
AF	0	0.710493	83	56	27	0	0	0	0
AF	0	0.710806	90	57	33	0	0	0	0
AF	0	0.711118	98	59	39	0	0	0	0
AF	0	0.711430	75	55	20	0	0	0	0
AF	0	0.711743	111	68	43	0	0	0	0
AF	0	0.712055	96	59	37	0	0	0	0
AF	0	0.712367	101	74	27	0	0	0	0
AF	0	0.712680	97	57	40	0	0	0	0
AF	0	0.712992	105	74	31	0	0	0	0
AF	0	0.713304	119	76	43	0	0	0	0
AF	0	0.713616	103	73	30	0	0	0	0
AF	0	0.713929	63	46	17	0	0	0	0
AF	0	0.714241	108	74	34	0	0	0	0
AF	0	0.714553	119	69	50	0	0	0	0
AF	0	0.714866	118	79	39	0	0	0	0
AF	0	0.715178	85	42	43	0	0	0	0
AF	0	0.715490	72	48	24	0	0	0	0
AF	0	0.715803	77	50	27	0	0	0	0
AF	0	0.716115	102	75	27	0	0	0	0
AF	0	0.716427	119	78	41	0	0	0	0
AF	0	0.716740	96	69	27	0	0	0	0
AF	0	0.717052	97	64	33	0	0	0	0
AF	0	0.717364	82	55	27	0	0	0	0
AF	0	0.717676	92	66	26	0	0	0	0
AF	0	0.717989	97	62	35	0	0	0	0
AF	0	0.718301	95	63	32	0	0	0	0
AF	0	0.718613	105	65	40	0	0	0	0
AF	0	0.718926	82	55	27	0	0	0	0
AF	0	0.719238	98	66	32	0	0	0	0
AF	0	0.719550	82	59	23	0	0	0	0
AF	0	0.719863	84	50	34	0	0	0	0
AF	0	0.720175	89	57	32	0	0	0	0
AF	0	0.720487	89	59	30	0	0	0	0
AF	0	0.720800	60	38	22	0	0	0	0
AF	0	0.721112	102	62	40	0	0	0	0
AF	0	0.721424	91	61	30	0	0	0	0
AF	0	0.721736	74	45	29	0	0	0	0
AF	0	0.722049	85	58	27	0	0	0	0
AF	0	0.722361	88	66	22	0	0	0	0
AF	0	0.722673	89	60	29	0	0	0	0
AF	0	0.722986	82	55	27	0	0	0	0
AF	0	0.723298	103	67	36	0	0	0	0
AF	0	0.723610	72	50	22	0	0	0	0
AF	0	0.723923	97	65	32	0	0	0	0
AF	0	0.724235	87	59	28	0	0	0	0
AF	0	0.724547	109	77	32	0	0	0	0
AF	0	0.724859	91	64	27	0	0	0	0
AF	0	0.725172	74	37	37	0	0	0	0
AF	0	0.725484	93	54	39	0	0	0	0
AF	0	0.725796	83	59	24	0	0	0	0
AF	0	0.726109	75	49	26	0	0	0	0
AF	0	0.726421	83	60	23	0	0	0	0
AF	0	0.726733	110	77	33	0	0	0	0
AF	0	0.727046	92	68	24	0	0	0	0
AF	0	0.727358	78	47	31	0	0	0	0
AF	0	0.727670	75	48	27	0	0	0	0
AF	0	0.727983	99	67	32	0	0	0	0
AF	0	0.728295	88	63	25	0	0	0	0
AF	0	0.728607	88	61	27	0	0	0	0
AF	0	0.728919	85	62	23	0	0	0	0
AF	0	0.729232	64	44	20	0	0	0	0
AF	0	0.729544	66	50	16	0	0	0	0
AF	0	0.729856	86	53	33	0	0	0	0
AF	0	0.730169	70	56	14	0	0	0	0
AF	0	0.730481	93	63	30	0	0	0	0
AF	0	0.730793	75	49	26	0	0	0	0
AF	0	0.731106	78	49	29	0	0	0	0
AF	0	0.731418	83	48	35	0	0	0	0
AF	0	0.731730	95	65	30	0	0	0	0
AF	0	0.732042	118	77	41	0	0	0	0
AF	0	0.732355	80	53	27	0	0	0	0
AF	0	0.732667	103	71	32	0	0	0	0
AF	0	0.732979	100	69	31	0	0	0	0
AF	0	0.733292	85	55	30	0	0	0	0
AF	0	0.733604	84	53	31	0	0	0	0
AF	0	0.733916	90	64	26	0	0	0	0
AF	0	0.734229	92	63	29	0	0	0	0
AF	0	0.734541	96	64	32	0	0	0	0
AF	0	0.734853	82	56	26	0	0	0	0
AF	0	0.735166	77	52	25	0	0	0	0
AF	0	0.735478	64	39	25	0	0	0	0
AF	0	0.735790	86	45	41	0	0	0	0
AF	0	0.736102	75	39	36	0	0	0	0
AF	0	0.736415	81	57	24	0	0	0	0
AF	0	0.736727	76	53	23	0	0	0	0
AF	0	0.737039	81	56	25	0	0	0	0
AF	0	0.737352	86	63	23	0	0	0	0
AF	0	0.737664	80	52	28	0	0	0	0
AF	0	0.737976	75	46	29	0	0	0	0
AF	0	0.738289	87	68	19	0	0	0	0
AF	0	0.738601	95	57	38	0	0	0	0
AF	0	0.738913	88	67	21	0	0	0	0
AF	0	0.739225	106	74	32	0	0	0	0
AF	0	0.739538	122	89	33	0	0	0	0
AF	0	0.739850	100	67	33	0	0	0	0
AF	0	0.740162	87	59	28	0	0	0	0
AF	0	0.740475	78	48	30	0	0	0	0
AF	0	0.740787	94	62	32	0	0	0	0
AF	0	0.741099	80	58	22	0	0	0	0
AF	0	0.741412	80	59	21	0	0	0	0
AF	0	0.741724	115	79	36	0	0	0	0
AF	0	0.742036	86	62	24	0	0	0	0
AF	0	0.742349	81	58	23	0	0	0	0
AF	0	0.742661	81	51	30	0	0	0	0
AF	0	0.742973	74	45	29	0	0	0	0
AF	0	0.743285	62	44	18	0	0	0	0
AF	0	0.743598	83	52	31	0	0	0	0
AF	0	0.743910	86	60	26	0	0	0	0
AF	0	0.744222	78	55	23	0	0	0	0
AF	0	0.744535	111	67	44	0	0	0	0
AF	0	0.744847	83	52	31	0	0	0	0
AF	0	0.745159	69	40	29	0	0	0	0
AF	0	0.745472	77	58	19	0	0	0	0
AF	0	0.745784	93	60	33	0	0	0	0
AF	0	0.746096	84	53	31	0	0	0	0
AF	0	0.746408	77	49	28	0	0	0	0
AF	0	0.746721	98	67	31	0	0	0	0
AF	0	0.747033	85	54	31	0	0	0	0
AF	0	0.747345	80	54	26	0	0	0	0
AF	0	0.747658	80	58	22	0	0	0	0
AF	0	0.747970	101	69	32	0	0	0	0
AF	0	0.748282	87	62	25	0	0	0	0
AF	0	0.748595	84	54	30	0	0	0	0
AF	0	0.748907	76	50	26	0	0	0	0
AF	0	0.749219	85	59	26	0	0	0	0
AF	0	0.749532	108	73	35	0	0	0	0
AF	0	0.749844	106	66	40	0	0	0	0
AF	0	0.750156	98	58	40	0	0	0	0
AF	0	0.750468	100	71	29	0	0	0	0
AF	0	0.750781	107	79	28	0	0	0	0
AF	0	0.751093	84	54	30	0	0	0	0
AF	0	0.751405	87	60	27	0	0	0	0
AF	0	0.751718	75	53	22	0	0	0	0
AF	0	0.752030	96	70	26	0	0	0	0
AF	0	0.752342	94	60	34	0	0	0	0
AF	0	0.752655	94	56	38	0	0	0	0
AF	0	0.752967	102	76	26	0	0	0	0
AF	0	0.753279	92	61	31	0	0	0	0
AF	0	0.753592	85	54	31	0	0	0	0
AF	0	0.753904	98	64	34	0	0	0	0
AF	0	0.754216	81	57	24	0	0	0	0
AF	0	0.754528	72	46	26	0	0	0	0
AF	0	0.754841	98	65	33	0	0	0	0
AF	0	0.755153	101	72	29	0	0	0	0
AF	0	0.755465	93	63	30	0	0	0	0
AF	0	0.755778	83	49	34	0	0	0	0
AF	0	0.756090	83	58	25	0	0	0	0
AF	0	0.756402	93	62	31	0	0	0	0
AF	0	0.756715	75	59	16	0	0	0	0
AF	0	0.757027	80	54	26	0	0	0	0
AF	0	0.757339	77	50	27	0	0	0	0
AF	0	0.757651	67	46	21	0	0	0	0
AF	0	0.757964	58	42	16	0	0	0	0
AF	0	0.758276	89	62	27	0	0	0	0
AF	0	0.758588	53	36	17	0	0	0	0
AF	0	0.758901	59	41	18	0	0	0	0
AF	0	0.759213	64	42	22	0	0	0	0
AF	0	0.759525	54	37	17	0	0	0	0
AF	0	0.759838	87	53	34	0	0	0	0
AF	0	0.760150	81	57	24	0	0	0	0
AF	0	0.760462	72	39	33	0	0	0	0
AF	0	0.760775	85	60	25	0	0	0	0
AF	0	0.761087	94	52	42	0	0	0	0
AF	0	0.761399	84	58	26	0	0	0	0
AF	0	0.761711	97	62	35	0	0	0	0
AF	0	0.762024	82	53	29	0	0	0	0
AF	0	0.762336	64	38	26	0	0	0	0
AF	0	0.762648	104	68	36	0	0	0	0
AF	0	0.762961	91	59	32	0	0	0	0
AF	0	0.763273	60	36	24	0	0	0	0
AF	0	0.763585	63	42	21	0	0	0	0
AF	0	0.763898	87	52	35	0	0	0	0
AF	0	0.764210	60	41	19	0	0	0	0
AF	0	0.764522	77	51	26	0	0	0	0
AF	0	0.764834	97	75	22	0	0	0	0
AF	0	0.765147	83	59	24	0	0	0	0
AF	0	0.765459	98	62	36	0	0	0	0
AF	0	0.765771	96	59	37	0	0	0	0
AF	0	0.766084	95	62	33	0	0	0	0
AF	0	0.766396	72	49	23	0	0	0	0
AF	0	0.766708	86	44	42	0	0	0	0
AF	0	0.767021	76	49	27	0	0	0	0
AF	0	0.767333	73	50	23	0	0	0	0
AF	0	0.767645	90	57	33	0	0	0	0
AF	0	0.767958	75	48	27	0	0	0	0
AF	0	0.768270	68	52	16	0	0	0	0
AF	0	0.768582	69	38	31	0	0	0	0
AF	0	0.768894	82	56	26	0	0	0	0
AF	0	0.769207	89	65	24	0	0	0	0
AF	0	0.769519	81	53	28	0	0	0	0
AF	0	0.769831	69	47	22	0	0	0	0
AF	0	0.770144	86	60	26	0	0	0	0
AF	0	0.770456	94	69	25	0	0	0	0
AF	0	0.770768	76	52	24	0	0	0	0
AF	0	0.771081	81	54	27	0	0	0	0
AF	0	0.771393	83	54	29	0	0	0	0
AF	0	0.771705	83	55	28	0	0	0	0
AF	0	0.772017	102	61	41	0	0	0	0
AF	0	0.772330	82	49	33	0	0	0	0
AF	0	0.772642	73	57	16	0	0	0	0
AF	0	0.772954	95	64	31	0	0	0	0
AF	0	0.773267	113	76	37	0	0	0	0
AF	0	0.773579	114	76	38	0	0	0	0
AF	0	0.773891	139	106	33	0	0	0	0
AF	0	0.774204	70	45	25	0	0	0	0
AF	0	0.774516	80	55	25	0	0	0	0
AF	0	0.774828	67	46	21	0	0	0	0
AF	0	0.775141	95	56	39	0	0	0	0
AF	0	0.775453	80	48	32	0	0	0	0
AF	0	0.775765	88	65	23	0	0	0	0
AF	0	0.776077	92	61	31	0	0	0	0
AF	0	0.776390	73	44	29	0	0	0	0
AF	0	0.776702	100	63	37	0	0	0	0
AF	0	0.777014	99	66	33	0	0	0	0
AF	0	0.777327	78	57	21	0	0	0	0
AF	0	0.777639	70	47	23	0	0	0	0
AF	0	0.777951	88	62	26	0	0	0	0
AF	0	0.778264	92	61	31	0	0	0	0
AF	0	0.778576	74	48	26	0	0	0	0
AF	0	0.778888	72	42	30	0	0	0	0
AF	0	0.779200	109	74	35	0	0	0	0
AF	0	0.779513	73	54	19	0	0	0	0
AF	0	0.779825	110	76	34	0	0	0	0
AF	0	0.780137	73	47	26	0	0	0	0
AF	0	0.780450	77	55	22	0	0	0	0
AF	0	0.780762	89	59	30	0	0	0	0
AF	0	0.781074	53	38	15	0	0	0	0
AF	0	0.781387	78	51	27	0	0	0	0
AF	0	0.781699	72	52	20	0	0	0	0
AF	0	0.782011	82	58	24	0	0	0	0
AF	0	0.782324	84	56	28	0	0	0	0
AF	0	0.782636	95	67	28	0	0	0	0
AF	0	0.782948	69	39	30	0	0	0	0
AF	0	0.783260	79	52	27	0	0	0	0
AF	0	0.783573	86	66	20	0	0	0	0
AF	0	0.783885	101	70	31	0	0	0	0
AF	0	0.784197	94	64	30	0	0	0	0
AF	0	0.784510	90	61	29	0	0	0	0
AF	0	0.784822	100	66	34	0	0	0	0
AF	0	0.785134	95	59	36	0	0	0	0
AF	0	0.785447	70	41	29	0	0	0	0
AF	0	0.785759	80	53	27	0	0	0	0
AF	0	0.786071	77	58	19	0	0	0	0
AF	0	0.786384	52	35	17	0	0	0	0
AF	0	0.786696	76	52	24	0	0	0	0
AF	0	0.787008	81	58	23	0	0	0	0
AF	0	0.787320	85	58	27	0	0	0	0
AF	0	0.787633	83	52	31	0	0	0	0
AF	0	0.787945	68	43	25	0	0	0	0
AF	0	0.788257	122	90	32	0	0	0	0
AF	0	0.788570	75	55	20	0	0	0	0
AF	0	0.788882	78	54	24	0	0	0	0
AF	0	0.789194	84	66	18	0	0	0	0
AF	0	0.789507	80	51	29	0	0	0	0
AF	0	0.789819	81	51	30	0	0	0	0
AF	0	0.790131	76	46	30	0	0	0	0
AF	0	0.790443	94	71	23	0	0	0	0
AF	0	0.790756	64	40	24	0	0	0	0
AF	0	0.791068	71	48	23	0	0	0	0
AF	0	0.791380	71	47	24	0	0	0	0
AF	0	0.791693	82	51	31	0	0	0	0
AF	0	0.792005	85	62	23	0	0	0	0
AF	0	0.792317	106	68	38	0	0	0	0
AF	0	0.792630	64	44	20	0	0	0	0
AF	0	0.792942	72	48	24	0	0	0	0
AF	0	0.793254	63	45	18	0	0	0	0
AF	0	0.793567	75	50	25	0	0	0	0
AF	0	0.793879	61	44	17	0	0	0	0
AF	0	0.794191	74	46	28	0	0	0	0
AF	0	0.794503	85	49	36	0	0	0	0
AF	0	0.794816	83	57	26	0	0	0	0
AF	0	0.795128	91	58	33	0	0	0	0
AF	0	0.795440	89	61	28	0	0	0	0
AF	0	0.795753	84	56	28	0	0	0	0
AF	0	0.796065	93	58	35	0	0	0	0
AF	0	0.796377	104	73	31	0	0	0	0
AF	0	0.796690	108	73	35	0	0	0	0
AF	0	0.797002	90	67	23	0	0	0	0
AF	0	0.797314	77	52	25	0	0	0	0
AF	0	0.797626	86	61	25	0	0	0	0
AF	0	0.797939	73	45	28	0	0	0	0
AF	0	0.798251	85	57	28	0	0	0	0
AF	0	0.798563	68	42	26	0	0	0	0
AF	0	0.798876	67	49	18	0	0	0	0
AF	0	0.799188	74	48	26	0	0	0	0
AF	0	0.799500	69	50	19	0	0	0	0
AF	0	0.799813	76	56	20	0	0	0	0
AF	0	0.800125	97	62	35	0	0	0	0
AF	0	0.800437	59	34	25	0	0	0	0
AF	0	0.800750	82	51	31	0	0	0	0
AF	0	0.801062	99	58	41	0	0	0	0
AF	0	0.801374	87	59	28	0	0	0	0
AF	0	0.801686	90	65	25	0	0	0	0
AF	0	0.801999	90	63	27	0	0	0	0
AF	0	0.802311	86	61	25	0	0	0	0
AF	0	0.802623	85	58	27	0	0	0	0
AF	0	0.802936	101	73	28	0	0	0	0
AF	0	0.803248	71	47	24	0	0	0	0
AF	0	0.803560	89	66	23	0	0	0	0
AF	0	0.803873	80	48	32	0	0	0	0
AF	0	0.804185	60	41	19	0	0	0	0
AF	0	0.804497	65	44	21	0	0	0	0
AF	0	0.804809	67	42	25	0	0	0	0
AF	0	0.805122	96	65	31	0	0	0	0
AF	0	0.805434	80	54	26	0	0	0	0
AF	0	0.805746	72	46	26	0	0	0	0
AF	0	0.806059	69	47	22	0	0	0	0
AF	0	0.806371	78	48	30	0	0	0	0
AF	0	0.806683	65	42	23	0	0	0	0
AF	0	0.806996	66	45	21	0	0	0	0
AF	0	0.807308	68	49	19	0	0	0	0
AF	0	0.807620	76	51	25	0	0	0	0
AF	0	0.807933	69	49	20	0	0	0	0
AF	0	0.808245	80	63	17	0	0	0	0
AF	0	0.808557	77	44	33	0	0	0	0
AF	0	0.808869	66	42	24	0	0	0	0
AF	0	0.809182	85	60	25	0	0	0	0
AF	0	0.809494	70	51	19	0	0	0	0
AF	0	0.809806	72	50	22	0	0	0	0
AF	0	0.810119	81	51	30	0	0	0	0
AF	0	0.810431	65	40	25	0	0	0	0
AF	0	0.810743	82	55	27	0	0	0	0
AF	0	0.811056	90	60	30	0	0	0	0
AF	0	0.811368	69	46	23	0	0	0	0
AF	0	0.811680	63	40	23	0	0	0	0
AF	0	0.811993	63	43	20	0	0	0	0
AF	0	0.812305	82	55	27	0	0	0	0
AF	0	0.812617	78	49	29	0	0	0	0
AF	0	0.812929	57	37	20	0	0	0	0
AF	0	0.813242	78	48	30	0	0	0	0
AF	0	0.813554	80	60	20	0	0	0	0
AF	0	0.813866	73	48	25	0	0	0	0
AF	0	0.814179	73	54	19	0	0	0	0
AF	0	0.814491	64	40	24	0	0	0	0
AF	0	0.814803	66	44	22	0	0	0	0
AF	0	0.815116	97	55	42	0	0	0	0
AF	0	0.815428	103	75	28	0	0	0	0
AF	0	0.815740	78	49	29	0	0	0	0
AF	0	0.816052	80	47	33	0	0	0	0
AF	0	0.816365	65	43	22	0	0	0	0
AF	0	0.816677	69	46	23	0	0	0	0
AF	0	0.816989	66	40	26	0	0	0	0
AF	0	0.817302	85	63	22	0	0	0	0
AF	0	0.817614	84	56	28	0	0	0	0
AF	0	0.817926	81	63	18	0	0	0	0
AF	0	0.818239	81	62	19	0	0	0	0
AF	0	0.818551	80	45	35	0	0	0	0
AF	0	0.818863	63	37	26	0	0	0	0
AF	0	0.819176	62	42	20	0	0	0	0
AF	0	0.819488	79	51	28	0	0	0	0
AF	0	0.819800	89	65	24	0	0	0	0
AF	0	0.820112	54	33	21	0	0	0	0
AF	0	0.820425	53	36	17	0	0	0	0
AF	0	0.820737	56	36	20	0	0	0	0
AF	0	0.821049	67	43	24	0	0	0	0
AF	0	0.821362	74	45	29	0	0	0	0
AF	0	0.821674	60	40	20	0	0	0	0
AF	0	0.821986	62	41	21	0	0	0	0
AF	0	0.822299	88	60	28	0	0	0	0
AF	0	0.822611	67	48	19	0	0	0	0
AF	0	0.822923	60	45	15	0	0	0	0
AF	0	0.823235	59	42	17	0	0	0	0
AF	0	0.823548	62	46	16	0	0	0	0
AF	0	0.823860	80	57	23	0	0	0	0
AF	0	0.824172	53	33	20	0	0	0	0
AF	0	0.824485	88	57	31	0	0	0	0
AF	0	0.824797	72	42	30	0	0	0	0
AF	0	0.825109	116	78	38	0	0	0	0
AF	0	0.825422	74	47	27	0	0	0	0
AF	0	0.825734	63	45	18	0	0	0	0
AF	0	0.826046	57	32	25	0	0	0	0
AF	0	0.826359	66	42	24	0	0	0	0
AF	0	0.826671	93	69	24	0	0	0	0
AF	0	0.826983	96	70	26	0	0	0	0
AF	0	0.827295	65	45	20	0	0	0	0
AF	0	0.827608	81	60	21	0	0	0	0
AF	0	0.827920	55	36	19	0	0	0	0
AF	0	0.828232	84	61	23	0	0	0	0
AF	0	0.828545	89	54	35	0	0	0	0
AF	0	0.828857	60	39	21	0	0	0	0
AF	0	0.829169	74	41	33	0	0	0	0
AF	0	0.829482	51	36	15	0	0	0	0
AF	0	0.829794	79	64	15	0	0	0	0
AF	0	0.830106	73	49	24	0	0	0	0
AF	0	0.830418	72	50	22	0	0	0	0
AF	0	0.830731	82	55	27	0	0	0	0
AF	0	0.831043	84	56	28	0	0	0	0
AF	0	0.831355	68	41	27	0	0	0	0
AF	0	0.831668	58	39	19	0	0	0	0
AF	0	0.831980	139	88	51	0	0	0	0
AF	0	0.832292	79	49	30	0	0	0	0
AF	0	0.832605	60	40	20	0	0	0	0
AF	0	0.832917	73	50	23	0	0	0	0
AF	0	0.833229	86	60	26	0	0	0	0
AF	0	0.833542	73	54	19	0	0	0	0
AF	0	0.833854	58	40	18	0	0	0	0
AF	0	0.834166	72	54	18	0	0	0	0
AF	0	0.834478	66	37	29	0	0	0	0
AF	0	0.834791	62	40	22	0	0	0	0
AF	0	0.835103	77	57	20	0	0	0	0
AF	0	0.835415	54	34	20	0	0	0	0
AF	0	0.835728	64	45	19	0	0	0	0
AF	0	0.836040	61	44	17	0	0	0	0
AF	0	0.836352	79	59	20	0	0	0	0
AF	0	0.836665	57	43	14	0	0	0	0
AF	0	0.836977	75	48	27	0	0	0	0
AF	0	0.837289	78	59	19	0	0	0	0
AF	0	0.837601	67	38	29	0	0	0	0
AF	0	0.837914	73	46	27	0	0	0	0
AF	0	0.838226	102	68	34	0	0	0	0
AF	0	0.838538	57	39	18	0	0	0	0
AF	0	0.838851	68	44	24	0	0	0	0
AF	0	0.839163	68	46	22	0	0	0	0
AF	0	0.839475	81	52	29	0	0	0	0
AF	0	0.839788	81	57	24	0	0	0	0
AF	0	0.840100	66	39	27	0	0	0	0
AF	0	0.840412	69	44	25	0	0	0	0
AF	0	0.840725	66	43	23	0	0	0	0
AF	0	0.841037	62	45	17	0	0	0	0
AF	0	0.841349	70	45	25	0	0	0	0
AF	0	0.841661	64	42	22	0	0	0	0
AF	0	0.841974	73	57	16	0	0	0	0
AF	0	0.842286	55	33	22	0	0	0	0
AF	0	0.842598	79	52	27	0	0	0	0
AF	0	0.842911	73	50	23	0	0	0	0
AF	0	0.843223	71	44	27	0	0	0	0
AF	0	0.843535	102	62	40	0	0	0	0
AF	0	0.843848	84	58	26	0	0	0	0
AF	0	0.844160	82	52	30	0	0	0	0
AF	0	0.844472	56	41	15	0	0	0	0
AF	0	0.844785	53	38	15	0	0	0	0
AF	0	0.845097	63	50	13	0	0	0	0
AF	0	0.845409	75	56	19	0	0	0	0
AF	0	0.845721	77	55	22	0	0	0	0
AF	0	0.846034	66	45	21	0	0	0	0
AF	0	0.846346	63	45	18	0	0	0	0
AF	0	0.846658	59	35	24	0	0	0	0
AF	0	0.846971	58	40	18	0	0	0	0
AF	0	0.847283	97	69	28	0	0	0	0
AF	0	0.847595	76	51	25	0	0	0	0
AF	0	0.847908	76	45	31	0	0	0	0
AF	0	0.848220	98	64	34	0	0	0	0
AF	0	0.848532	63	42	21	0	0	0	0
AF	0	0.848844	59	46	13	0	0	0	0
AF	0	0.849157	60	46	14	0	0	0	0
AF	0	0.849469	77	51	26	0	0	0	0
AF	0	0.849781	71	49	22	0	0	0	0
AF	0	0.850094	77	52	25	0	0	0	0
AF	0	0.850406	62	39	23	0	0	0	0
AF	0	0.850718	62	41	21	0	0	0	0
AF	0	0.851031	59	37	22	0	0	0	0
AF	0	0.851343	66	38	28	0	0	0	0
AF	0	0.851655	75	55	20	0	0	0	0
AF	0	0.851968	65	35	30	0	0	0	0
AF	0	0.852280	83	60	23	0	0	0	0
AF	0	0.852592	51	29	22	0	0	0	0
AF	0	0.852904	69	47	22	0	0	0	0
AF	0	0.853217	42	32	10	0	0	0	0
AF	0	0.853529	59	38	21	0	0	0	0
AF	0	0.853841	55	39	16	0	0	0	0
AF	0	0.854154	77	54	23	0	0	0	0
AF	0	0.854466	97	75	22	0	0	0	0
AF	0	0.854778	54	35	19	0	0	0	0
AF	0	0.855091	76	51	25	0	0	0	0
AF	0	0.855403	62	44	18	0	0	0	0
AF	0	0.855715	62	39	23	0	0	0	0
AF	0	0.856027	80	45	35	0	0	0	0
AF	0	0.856340	69	42	27	0	0	0	0
AF	0	0.856652	68	44	24	0	0	0	0
AF	0	0.856964	69	35	34	0	0	0	0
AF	0	0.857277	72	45	27	0	0	0	0
AF	0	0.857589	64	42	22	0	0	0	0
AF	0	0.857901	62	38	24	0	0	0	0
AF	0	0.858214	80	56	24	0	0	0	0
AF	0	0.858526	83	55	28	0	0	0	0
AF	0	0.858838	78	56	22	0	0	0	0
AF	0	0.859151	51	39	12	0	0	0	0
AF	0	0.859463	83	59	24	0	0	0	0
AF	0	0.859775	59	40	19	0	0	0	0
AF	0	0.860087	61	40	21	0	0	0	0
AF	0	0.860400	91	55	36	0	0	0	0
AF	0	0.860712	84	63	21	0	0	0	0
AF	0	0.861024	76	51	25	0	0	0	0
AF	0	0.861337	70	47	23	0	0	0	0
AF	0	0.861649	78	45	33	0	0	0	0
AF	0	0.861961	57	37	20	0	0	0	0
AF	0	0.862274	80	49	31	0	0	0	0
AF	0	0.862586	71	43	28	0	0	0	0
AF	0	0.862898	83	53	30	0	0	0	0
AF	0	0.863210	72	46	26	0	0	0	0
AF	0	0.863523	78	56	22	0	0	0	0
AF	0	0.863835	67	44	23	0	0	0	0
AF	0	0.864147	51	31	20	0	0	0	0
AF	0	0.864460	44	31	13	0	0	0	0
AF	0	0.864772	65	42	23	0	0	0	0
AF	0	0.865084	75	47	28	0	0	0	0
AF	0	0.865397	67	47	20	0	0	0	0
AF	0	0.865709	84	63	21	0	0	0	0
AF	0	0.866021	59	38	21	0	0	0	0
AF	0	0.866334	60	42	18	0	0	0	0
AF	0	0.866646	67	37	30	0	0	0	0
AF	0	0.866958	64	46	18	0	0	0	0
AF	0	0.867270	55	32	23	0	0	0	0
AF	0	0.867583	76	48	28	0	0	0	0
AF	0	0.867895	72	53	19	0	0	0	0
AF	0	0.868207	56	36	20	0	0	0	0
AF	0	0.868520	57	37	20	0	0	0	0
AF	0	0.868832	61	41	20	0	0	0	0
AF	0	0.869144	68	40	28	0	0	0	0
AF	0	0.869457	60	45	15	0	0	0	0
AF	0	0.869769	69	48	21	0	0	0	0
AF	0	0.870081	71	50	21	0	0	0	0
AF	0	0.870394	64	49	15	0	0	0	0
AF	0	0.870706	67	43	24	0	0	0	0
AF	0	0.871018	76	48	28	0	0	0	0
AF	0	0.871330	86	54	32	0	0	0	0
AF	0	0.871643	78	56	22	0	0	0	0
AF	0	0.871955	78	58	20	0	0	0	0
AF	0	0.872267	63	45	18	0	0	0	0
AF	0	0.872580	63	47	16	0	0	0	0
AF	0	0.872892	73	52	21	0	0	0	0
AF	0	0.873204	69	44	25	0	0	0	0
AF	0	0.873517	104	67	37	0	0	0	0
AF	0	0.873829	84	50	34	0	0	0	0
AF	0	0.874141	66	51	15	0	0	0	0
AF	0	0.874453	88	57	31	0	0	0	0
AF	0	0.874766	58	37	21	0	0	0	0
AF	0	0.875078	72	43	29	0	0	0	0
AF	0	0.875390	123	79	44	0	0	0	0
AF	0	0.875703	66	45	21	0	0	0	0
AF	0	0.876015	65	36	29	0	0	0	0
AF	0	0.876327	74	58	16	0	0	0	0
AF	0	0.876640	66	47	19	0	0	0	0
AF	0	0.876952	51	33	18	0	0	0	0
AF	0	0.877264	47	32	15	0	0	0	0
AF	0	0.877577	50	34	16	0	0	0	0
AF	0	0.877889	50	38	12	0	0	0	0
AF	0	0.878201	64	42	22	0	0	0	0
AF	0	0.878513	66	46	20	0	0	0	0
AF	0	0.878826	91	66	25	0	0	0	0
AF	0	0.879138	77	51	26	0	0	0	0
AF	0	0.879450	58	43	15	0	0	0	0
AF	0	0.879763	68	47	21	0	0	0	0
AF	0	0.880075	52	35	17	0	0	0	0
AF	0	0.880387	67	44	23	0	0	0	0
AF	0	0.880700	88	57	31	0	0	0	0
AF	0	0.881012	69	48	21	0	0	0	0
AF	0	0.881324	59	33	26	0	0	0	0
AF	0	0.881636	59	39	20	0	0	0	0
AF	0	0.881949	63	46	17	0	0	0	0
AF	0	0.882261	52	34	18	0	0	0	0
AF	0	0.882573	75	50	25	0	0	0	0
AF	0	0.882886	123	85	38	0	0	0	0
AF	0	0.883198	59	37	22	0	0	0	0
AF	0	0.883510	67	47	20	0	0	0	0
AF	0	0.883823	53	35	18	0	0	0	0
AF	0	0.884135	64	49	15	0	0	0	0
AF	0	0.884447	78	48	30	0	0	0	0
AF	0	0.884760	70	47	23	0	0	0	0
AF	0	0.885072	68	50	18	0	0	0	0
AF	0	0.885384	65	37	28	0	0	0	0
AF	0	0.885696	89	53	36	0	0	0	0
AF	0	0.886009	71	44	27	0	0	0	0
AF	0	0.886321	85	59	26	0	0	0	0
AF	0	0.886633	63	49	14	0	0	0	0
AF	0	0.886946	63	41	22	0	0	0	0
AF	0	0.887258	53	34	19	0	0	0	0
AF	0	0.887570	72	43	29	0	0	0	0
AF	0	0.887883	79	60	19	0	0	0	0
AF	0	0.888195	80	56	24	0	0	0	0
AF	0	0.888507	65	43	22	0	0	0	0
AF	0	0.888819	63	44	19	0	0	0	0
AF	0	0.889132	68	52	16	0	0	0	0
AF	0	0.889444	77	53	24	0	0	0	0
AF	0	0.889756	83	52	31	0	0	0	0
AF	0	0.890069	50	37	13	0	0	0	0
AF	0	0.890381	47	31	16	0	0	0	0
AF	0	0.890693	38	30	8	0	0	0	0
AF	0	0.891006	62	43	19	0	0	0	0
AF	0	0.891318	59	44	15	0	0	0	0
AF	0	0.891630	90	72	18	0	0	0	0
AF	0	0.891943	45	29	16	0	0	0	0
AF	0	0.892255	50	34	16	0	0	0	0
AF	0	0.892567	50	30	20	0	0	0	0
AF	0	0.892879	63	39	24	0	0	0	0
AF	0	0.893192	52	37	15	0	0	0	0
AF	0	0.893504	60	44	16	0	0	0	0
AF	0	0.893816	58	35	23	0	0	0	0
AF	0	0.894129	61	42	19	0	0	0	0
AF	0	0.894441	61	39	22	0	0	0	0
AF	0	0.894753	97	69	28	0	0	0	0
AF	0	0.895066	91	58	33	0	0	0	0
AF	0	0.895378	78	52	26	0	0	0	0
AF	0	0.895690	60	41	19	0	0	0	0
AF	0	0.896002	68	48	20	0	0	0	0
AF	0	0.896315	66	44	22	0	0	0	0
AF	0	0.896627	88	60	28	0	0	0	0
AF	0	0.896939	72	49	23	0	0	0	0
AF	0	0.897252	69	47	22	0	0	0	0
AF	0	0.897564	93	66	27	0	0	0	0
AF	0	0.897876	76	45	31	0	0	0	0
AF	0	0.898189	87	55	32	0	0	0	0
AF	0	0.898501	88	60	28	0	0	0	0
AF	0	0.898813	48	31	17	0	0	0	0
AF	0	0.899126	75	59	16	0	0	0	0
AF	0	0.899438	71	49	22	0	0	0	0
AF	0	0.899750	71	53	18	0	0	0	0
AF	0	0.900062	65	43	22	0	0	0	0
AF	0	0.900375	65	48	17	0	0	0	0
AF	0	0.900687	74	49	25	0	0	0	0
AF	0	0.900999	72	49	23	0	0	0	0
AF	0	0.901312	67	48	19	0	0	0	0
AF	0	0.901624	59	39	20	0	0	0	0
AF	0	0.901936	80	54	26	0	0	0	0
AF	0	0.902249	61	46	15	0	0	0	0
AF	0	0.902561	40	30	10	0	0	0	0
AF	0	0.902873	43	27	16	0	0	0	0
AF	0	0.903186	56	42	14	0	0	0	0
AF	0	0.903498	55	40	15	0	0	0	0
AF	0	0.903810	54	36	18	0	0	0	0
AF	0	0.904122	52	35	17	0	0	0	0
AF	0	0.904435	53	36	17	0	0	0	0
AF	0	0.904747	67	48	19	0	0	0	0
AF	0	0.905059	61	41	20	0	0	0	0
AF	0	0.905372	53	35	18	0	0	0	0
AF	0	0.905684	59	45	14	0	0	0	0
AF	0	0.905996	95	70	25	0	0	0	0
AF	0	0.906309	73	49	24	0	0	0	0
AF	0	0.906621	56	33	23	0	0	0	0
AF	0	0.906933	46	29	17	0	0	0	0
AF	0	0.907245	74	45	29	0	0	0	0
AF	0	0.907558	60	34	26	0	0	0	0
AF	0	0.907870	57	36	21	0	0	0	0
AF	0	0.908182	71	40	31	0	0	0	0
AF	0	0.908495	56	35	21	0	0	0	0
AF	0	0.908807	60	38	22	0	0	0	0
AF	0	0.909119	94	60	34	0	0	0	0
AF	0	0.909432	105	73	32	0	0	0	0
AF	0	0.909744	113	75	38	0	0	0	0
AF	0	0.910056	86	49	37	0	0	0	0
AF	0	0.910369	80	49	31	0	0	0	0
AF	0	0.910681	96	73	23	0	0	0	0
AF	0	0.910993	71	50	21	0	0	0	0
AF	0	0.911305	72	51	21	0	0	0	0
AF	0	0.911618	90	64	26	0	0	0	0
AF	0	0.911930	83	47	36	0	0	0	0
AF	0	0.912242	56	39	17	0	0	0	0
AF	0	0.912555	72	49	23	0	0	0	0
AF	0	0.912867	60	42	18	0	0	0	0
AF	0	0.913179	70	45	25	0	0	0	0
AF	0	0.913492	54	36	18	0	0	0	0
AF	0	0.913804	66	46	20	0	0	0	0
AF	0	0.914116	68	45	23	0	0	0	0
AF	0	0.914428	78	47	31	0	0	0	0
AF	0	0.914741	63	43	20	0	0	0	0
AF	0	0.915053	52	30	22	0	0	0	0
AF	0	0.915365	57	39	18	0	0	0	0
AF	0	0.915678	58	37	21	0	0	0	0
AF	0	0.915990	61	41	20	0	0	0	0
AF	0	0.916302	62	42	20	0	0	0	0
AF	0	0.916615	47	29	18	0	0	0	0
AF	0	0.916927	60	39	21	0	0	0	0
AF	0	0.917239	51	26	25	0	0	0	0
AF	0	0.917552	73	45	28	0	0	0	0
AF	0	0.917864	69	40	29	0	0	0	0
AF	0	0.918176	50	33	17	0	0	0	0
AF	0	0.918488	66	44	22	0	0	0	0
AF	0	0.918801	91	60	31	0	0	0	0
AF	0	0.919113	68	40	28	0	0	0	0
AF	0	0.919425	63	38	25	0	0	0	0
AF	0	0.919738	59	50	9	0	0	0	0
AF	0	0.920050	46	29	17	0	0	0	0
AF	0	0.920362	88	59	29	0	0	0	0
AF	0	0.920675	69	43	26	0	0	0	0
AF	0	0.920987	54	34	20	0	0	0	0
AF	0	0.921299	59	35	24	0	0	0	0
AF	0	0.921611	48	29	19	0	0	0	0
AF	0	0.921924	73	51	22	0	0	0	0
AF	0	0.922236	84	60	24	0	0	0	0
AF	0	0.922548	62	40	22	0	0	0	0
AF	0	0.922861	55	36	19	0	0	0	0
AF	0	0.923173	74	53	21	0	0	0	0
AF	0	0.923485	47	33	14	0	0	0	0
AF	0	0.923798	64	47	17	0	0	0	0
AF	0	0.924110	56	37	19	0	0	0	0
AF	0	0.924422	89	66	23	0	0	0	0
AF	0	0.924735	39	23	16	0	0	0	0
AF	0	0.925047	59	44	15	0	0	0	0
AF	0	0.925359	39	25	14	0	0	0	0
AF	0	0.925671	79	56	23	0	0	0	0
AF	0	0.925984	69	49	20	0	0	0	0
AF	0	0.926296	66	49	17	0	0	0	0
AF	0	0.926608	57	40	17	0	0	0	0
AF	0	0.926921	49	36	13	0	0	0	0
AF	0	0.927233	113	82	31	0	0	0	0
AF	0	0.927545	85	49	36	0	0	0	0
AF	0	0.927858	53	36	17	0	0	0	0
AF	0	0.928170	52	33	19	0	0	0	0
AF	0	0.928482	41	27	14	0	0	0	0
AF	0	0.928795	53	35	18	0	0	0	0
AF	0	0.929107	61	43	18	0	0	0	0
AF	0	0.929419	57	42	15	0	0	0	0
AF	0	0.929731	48	33	15	0	0	0	0
AF	0	0.930044	51	31	20	0	0	0	0
AF	0	0.930356	39	29	10	0	0	0	0
AF	0	0.930668	54	35	19	0	0	0	0
AF	0	0.930981	53	40	13	0	0	0	0
AF	0	0.931293	55	38	17	0	0	0	0
AF	0	0.931605	55	43	12	0	0	0	0
AF	0	0.931918	72	48	24	0	0	0	0
AF	0	0.932230	75	47	28	0	0	0	0
AF	0	0.932542	58	35	23	0	0	0	0
AF	0	0.932854	90	60	30	0	0	0	0
AF	0	0.933167	53	36	17	0	0	0	0
AF	0	0.933479	60	36	24	0	0	0	0
AF	0	0.933791	88	64	24	0	0	0	0
AF	0	0.934104	84	54	30	0	0	0	0
AF	0	0.934416	97	66	31	0	0	0	0
AF	0	0.934728	65	44	21	0	0	0	0
AF	0	0.935041	47	29	18	0	0	0	0
AF	0	0.935353	93	62	31	0	0	0	0
AF	0	0.935665	85	59	26	0	0	0	0
AF	0	0.935978	82	59	23	0	0	0	0
AF	0	0.936290	66	45	21	0	0	0	0
AF	0	0.936602	74	47	27	0	0	0	0
AF	0	0.936914	58	37	21	0	0	0	0
AF	0	0.937227	49	38	11	0	0	0	0
AF	0	0.937539	57	36	21	0	0	0	0
AF	0	0.937851	57	37	20	0	0	0	0
AF	0	0.938164	52	41	11	0	0	0	0
AF	0	0.938476	55	36	19	0	0	0	0
AF	0	0.938788	63	41	22	0	0	0	0
AF	0	0.939101	54	35	19	0	0	0	0
AF	0	0.939413	53	34	19	0	0	0	0
AF	0	0.939725	75	52	23	0	0	0	0
AF	0	0.940037	64	38	26	0	0	0	0
AF	0	0.940350	53	41	12	0	0	0	0
AF	0	0.940662	73	54	19	0	0	0	0
AF	0	0.940974	70	46	24	0	0	0	0
AF	0	0.941287	63	42	21	0	0	0	0
AF	0	0.941599	42	29	13	0	0	0	0
AF	0	0.941911	58	45	13	0	0	0	0
AF	0	0.942224	63	36	27	0	0	0	0
AF	0	0.942536	65	41	24	0	0	0	0
AF	0	0.942848	66	46	20	0	0	0	0
AF	0	0.943161	54	31	23	0	0	0	0
AF	0	0.943473	74	57	17	0	0	0	0
AF	0	0.943785	75	53	22	0	0	0	0
AF	0	0.944097	74	44	30	0	0	0	0
AF	0	0.944410	96	67	29	0	0	0	0
AF	0	0.944722	58	39	19	0	0	0	0
AF	0	0.945034	53	39	14	0	0	0	0
AF	0	0.945347	49	35	14	0	0	0	0
AF	0	0.945659	47	28	19	0	0	0	0
AF	0	0.945971	77	52	25	0	0	0	0
AF	0	0.946284	66	44	22	0	0	0	0
AF	0	0.946596	62	47	15	0	0	0	0
AF	0	0.946908	54	38	16	0	0	0	0
AF	0	0.947220	50	38	12	0	0	0	0
AF	0	0.947533	44	28	16	0	0	0	0
AF	0	0.947845	55	34	21	0	0	0	0
AF	0	0.948157	47	29	18	0	0	0	0
AF	0	0.948470	100	64	36	0	0	0	0
AF	0	0.948782	59	43	16	0	0	0	0
AF	0	0.949094	56	30	26	0	0	0	0
AF	0	0.949407	63	42	21	0	0	0	0
AF	0	0.949719	75	48	27	0	0	0	0
AF	0	0.950031	67	48	19	0	0	0	0
AF	0	0.950344	63	37	26	0	0	0	0
AF	0	0.950656	100	74	26	0	0	0	0
AF	0	0.950968	81	49	32	0	0	0	0
AF	0	0.951280	77	49	28	0	0	0	0
AF	0	0.951593	66	48	18	0	0	0	0
AF	0	0.951905	82	60	22	0	0	0	0
AF	0	0.952217	55	37	18	0	0	0	0
AF	0	0.952530	96	63	33	0	0	0	0
AF	0	0.952842	77	52	25	0	0	0	0
AF	0	0.953154	104	60	44	0	0	0	0
AF	0	0.953467	75	52	23	0	0	0	0
AF	0	0.953779	109	72	37	0	0	0	0
AF	0	0.954091	51	37	14	0	0	0	0
AF	0	0.954403	63	45	18	0	0	0	0
AF	0	0.954716	84	59	25	0	0	0	0
AF	0	0.955028	75	54	21	0	0	0	0
AF	0	0.955340	108	72	36	0	0	0	0
AF	0	0.955653	73	48	25	0	0	0	0
AF	0	0.955965	73	45	28	0	0	0	0
AF	0	0.956277	70	49	21	0	0	0	0
AF	0	0.956590	67	49	18	0	0	0	0
AF	0	0.956902	75	49	26	0	0	0	0
AF	0	0.957214	74	52	22	0	0	0	0
AF	0	0.957527	82	57	25	0	0	0	0
AF	0	0.957839	66	43	23	0	0	0	0
AF	0	0.958151	102	60	42	0	0	0	0
AF	0	0.958463	89	68	21	0	0	0	0
AF	0	0.958776	88	62	26	0	0	0	0
AF	0	0.959088	78	51	27	0	0	0	0
AF	0	0.959400	84	60	24	0	0	0	0
AF	0	0.959713	97	71	26	0	0	0	0
AF	0	0.960025	104	71	33	0	0	0	0
AF	0	0.960337	81	52	29	0	0	0	0
AF	0	0.960650	66	40	26	0	0	0	0
AF	0	0.960962	68	50	18	0	0	0	0
AF	0	0.961274	160	104	56	0	0	0	0
AF	0	0.961587	86	58	28	0	0	0	0
AF	0	0.961899	124	84	40	0	0	0	0
AF	0	0.962211	148	100	48	0	0	0	0
AF	0	0.962523	74	51	23	0	0	0	0
AF	0	0.962836	69	49	20	0	0	0	0
AF	0	0.963148	83	54	29	0	0	0	0
AF	0	0.963460	102	70	32	0	0	0	0
AF	0	0.963773	80	50	30	0	0	0	0
AF	0	0.964085	104	78	26	0	0	0	0
AF	0	0.964397	84	56	28	0	0	0	0
AF	0	0.964710	87	64	23	0	0	0	0
AF	0	0.965022	151	108	43	0	0	0	0
AF	0	0.965334	82	59	23	0	0	0	0
AF	0	0.965646	67	38	29	0	0	0	0
AF	0	0.965959	114	81	33	0	0	0	0
AF	0	0.966271	117	78	39	0	0	0	0
AF	0	0.966583	117	86	31	0	0	0	0
AF	0	0.966896	114	81	33	0	0	0	0
AF	0	0.967208	150	106	44	0	0	0	0
AF	0	0.967520	129	94	35	0	0	0	0
AF	0	0.967833	87	67	20	0	0	0	0
AF	0	0.968145	83	55	28	0	0	0	0
AF	0	0.968457	118	86	32	0	0	0	0
AF	0	0.968770	109	77	32	0	0	0	0
AF	0	0.969082	70	41	29	0	0	0	0
AF	0	0.969394	87	60	27	0	0	0	0
AF	0	0.969706	102	73	29	0	0	0	0
AF	0	0.970019	92	66	26	0	0	0	0
AF	0	0.970331	97	61	36	0	0	0	0
AF	0	0.970643	107	67	40	0	0	0	0
AF	0	0.970956	167	118	49	0	0	0	0
AF	0	0.971268	174	126	48	0	0	0	0
AF	0	0.971580	127	98	29	0	0	0	0
AF	0	0.971893	116	71	45	0	0	0	0
AF	0	0.972205	128	84	44	0	0	0	0
AF	0	0.972517	137	101	36	0	0	0	0
AF	0	0.972829	122	79	43	0	0	0	0
AF	0	0.973142	121	84	37	0	0	0	0
AF	0	0.973454	101	67	34	0	0	0	0
AF	0	0.973766	125	88	37	0	0	0	0
AF	0	0.974079	92	67	25	0	0	0	0
AF	0	0.974391	77	48	29	0	0	0	0
AF	0	0.974703	131	94	37	0	0	0	0
AF	0	0.975016	86	58	28	0	0	0	0
AF	0	0.975328	74	53	21	0	0	0	0
AF	0	0.975640	77	53	24	0	0	0	0
AF	0	0.975953	78	40	38	0	0	0	0
AF	0	0.976265	78	51	27	0	0	0	0
AF	0	0.976577	82	52	30	0	0	0	0
AF	0	0.976889	80	53	27	0	0	0	0
AF	0	0.977202	94	69	25	0	0	0	0
AF	0	0.977514	77	46	31	0	0	0	0
AF	0	0.977826	107	81	26	0	0	0	0
AF	0	0.978139	104	73	31	0	0	0	0
AF	0	0.978451	99	67	32	0	0	0	0
AF	0	0.978763	107	70	37	0	0	0	0
AF	0	0.979076	143	92	51	0	0	0	0
AF	0	0.979388	137	102	35	0	0	0	0
AF	0	0.979700	105	72	33	0	0	0	0
AF	0	0.980012	100	74	26	0	0	0	0
AF	0	0.980325	99	67	32	0	0	0	0
AF	0	0.980637	127	94	33	0	0	0	0
AF	0	0.980949	126	80	46	0	0	0	0
AF	0	0.981262	127	96	31	0	0	0	0
AF	0	0.981574	123	81	42	0	0	0	0
AF	0	0.981886	140	95	45	0	0	0	0
AF	0	0.982199	123	83	40	0	0	0	0
AF	0	0.982511	105	78	27	0	0	0	0
AF	0	0.982823	153	109	44	0	0	0	0
AF	0	0.983136	145	107	38	0	0	0	0
AF	0	0.983448	164	111	53	0	0	0	0
AF	0	0.983760	90	64	26	0	0	0	0
AF	0	0.984072	116	79	37	0	0	0	0
AF	0	0.984385	176	106	70	0	0	0	0
AF	0	0.984697	141	95	46	0	0	0	0
AF	0	0.985009	160	116	44	0	0	0	0
AF	0	0.985322	132	79	53	0	0	0	0
AF	0	0.985634	146	107	39	0	0	0	0
AF	0	0.985946	131	95	36	0	0	0	0
AF	0	0.986259	132	87	45	0	0	0	0
AF	0	0.986571	136	90	46	0	0	0	0
AF	0	0.986883	135	97	38	0	0	0	0
AF	0	0.987196	112	73	39	0	0	0	0
AF	0	0.987508	116	83	33	0	0	0	0
AF	0	0.987820	130	92	38	0	0	0	0
AF	0	0.988132	161	121	40	0	0	0	0
AF	0	0.988445	163	113	50	0	0	0	0
AF	0	0.988757	133	87	46	0	0	0	0
AF	0	0.989069	134	100	34	0	0	0	0
AF	0	0.989382	127	91	36	0	0	0	0
AF	0	0.989694	115	78	37	0	0	0	0
AF	0	0.990006	117	81	36	0	0	0	0
AF	0	0.990319	205	142	63	0	0	0	0
AF	0	0.990631	152	101	51	0	0	0	0
AF	0	0.990943	158	107	51	0	0	0	0
AF	0	0.991255	200	142	58	0	0	0	0
AF	0	0.991568	187	130	57	0	0	0	0
AF	0	0.991880	145	100	45	0	0	0	0
AF	0	0.992192	169	123	46	0	0	0	0
AF	0	0.992505	136	87	49	0	0	0	0
AF	0	0.992817	152	113	39	0	0	0	0
AF	0	0.993129	130	92	38	0	0	0	0
AF	0	0.993442	156	98	58	0	0	0	0
AF	0	0.993754	154	99	55	0	0	0	0
AF	0	0.994066	187	140	47	0	0	0	0
AF	0	0.994379	161	105	56	0	0	0	0
AF	0	0.994691	153	108	45	0	0	0	0
AF	0	0.995003	206	130	76	0	0	0	0
AF	0	0.995315	244	164	80	0	0	0	0
AF	0	0.995628	180	125	55	0	0	0	0
AF	0	0.995940	193	134	59	0	0	0	0
AF	0	0.996252	205	140	65	0	0	0	0
AF	0	0.996565	150	100	50	0	0	0	0
AF	0	0.996877	136	95	41	0	0	0	0
AF	0	0.997189	187	126	61	0	0	0	0
AF	0	0.997502	175	132	43	0	0	0	0
AF	0	0.997814	209	151	58	0	0	0	0
AF	0	0.998126	197	140	57	0	0	0	0
AF	0	0.998438	214	144	70	0	0	0	0
AF	0	0.998751	229	156	73	0	0	0	0
AF	0	0.999063	262	177	85	0	0	0	0
AF	0	0.999375	276	191	85	0	0	0	0
# QUAL, Stats by quality
# QUAL	[2]id	[3]Quality	[4]number of SNPs	[5]number of transitions (1st ALT)	[6]number of transversions (1st ALT)	[7]number of indels
QUAL	0	.	3144457	2116598	1027859	0
# IDD, InDel distribution:
# IDD	[2]id	[3]length (deletions negative)	[4]number of sites	[5]number of genotypes	[6]mean VAF
# ST, Substitution types:
# ST	[2]id	[3]type	[4]count
ST	0	A>C	117322
ST	0	A>G	438408
ST	0	A>T	112108
ST	0	C>A	148886
ST	0	C>G	137374
ST	0	C>T	616547
ST	0	G>A	624565
ST	0	G>C	136638
ST	0	G>T	143583
ST	0	T>A	116122
ST	0	T>C	437078
ST	0	T>G	115826
# DP, depth:
#   - set id, see above
#   - the depth bin, corresponds to the depth (unless --depth was given)
#   - number of genotypes with this depth (zero unless -s/-S was given)
#   - fraction of genotypes with this depth (zero unless -s/-S was given)
#   - number of sites with this depth
#   - fraction of sites with this depth
# DP, Depth distribution
# DP	[2]id	[3]bin	[4]number of genotypes	[5]fraction of genotypes (%)	[6]number of sites	[7]fraction of sites (%)
