# This file was produced by bcftools stats (1.21+htslib-1.21) and can be plotted using plot-vcfstats.
# The command line was:	bcftools stats  /hpc/local/Rocky8/dhl_ec/software/MonopogenLite/resources/1kGP_high_coverage_Illumina.SNVonly_poly.filtered_AF_5e-04.norm.fixvariantid.chr4.vcf.gz
#
# Definition of sets:
# ID	[2]id	[3]tab-separated file names
ID	0	/hpc/local/Rocky8/dhl_ec/software/MonopogenLite/resources/1kGP_high_coverage_Illumina.SNVonly_poly.filtered_AF_5e-04.norm.fixvariantid.chr4.vcf.gz
# SN, Summary numbers:
#   number of records   .. number of data rows in the VCF
#   number of no-ALTs   .. reference-only sites, ALT is either "." or identical to REF
#   number of SNPs      .. number of rows with a SNP
#   number of MNPs      .. number of rows with a MNP, such as CC>TT
#   number of indels    .. number of rows with an indel
#   number of others    .. number of rows with other type, for example a symbolic allele or
#                          a complex substitution, such as ACT>TCGA
#   number of multiallelic sites     .. number of rows with multiple alternate alleles
#   number of multiallelic SNP sites .. number of rows with multiple alternate alleles, all SNPs
# 
#   Note that rows containing multiple types will be counted multiple times, in each
#   counter. For example, a row with a SNP and an indel increments both the SNP and
#   the indel counter.
# 
# SN	[2]id	[3]key	[4]value
SN	0	number of samples:	3202
SN	0	number of records:	2567781
SN	0	number of no-ALTs:	0
SN	0	number of SNPs:	2567781
SN	0	number of MNPs:	0
SN	0	number of indels:	0
SN	0	number of others:	0
SN	0	number of multiallelic sites:	0
SN	0	number of multiallelic SNP sites:	0
# TSTV, transitions/transversions
#   - transitions, see https://en.wikipedia.org/wiki/Transition_(genetics)
#   - transversions, see https://en.wikipedia.org/wiki/Transversion
# TSTV	[2]id	[3]ts	[4]tv	[5]ts/tv	[6]ts (1st ALT)	[7]tv (1st ALT)	[8]ts/tv (1st ALT)
TSTV	0	1725001	842780	2.05	1725001	842780	2.05
# SiS, Singleton stats:
#   - allele count, i.e. the number of singleton genotypes (AC=1)
#   - number of transitions, see above
#   - number of transversions, see above
#   - repeat-consistent, inconsistent and n/a: experimental and useless stats [DEPRECATED]
# SiS	[2]id	[3]allele count	[4]number of SNPs	[5]number of transitions	[6]number of transversions	[7]number of indels	[8]repeat-consistent	[9]repeat-inconsistent	[10]not applicable
SiS	0	1	0	0	0	0	0	0	0
# AF, Stats by non-reference allele frequency:
# AF	[2]id	[3]allele frequency	[4]number of SNPs	[5]number of transitions	[6]number of transversions	[7]number of indels	[8]repeat-consistent	[9]repeat-inconsistent	[10]not applicable
AF	0	0.000312	259714	176273	83441	0	0	0	0
AF	0	0.000625	297615	201352	96263	0	0	0	0
AF	0	0.000937	179920	121552	58368	0	0	0	0
AF	0	0.001249	127798	86196	41602	0	0	0	0
AF	0	0.001562	97680	65657	32023	0	0	0	0
AF	0	0.001874	79300	53201	26099	0	0	0	0
AF	0	0.002186	65134	43687	21447	0	0	0	0
AF	0	0.002498	56182	37727	18455	0	0	0	0
AF	0	0.002811	48186	32143	16043	0	0	0	0
AF	0	0.003123	42028	28183	13845	0	0	0	0
AF	0	0.003435	38522	25765	12757	0	0	0	0
AF	0	0.003748	34008	22715	11293	0	0	0	0
AF	0	0.004060	31274	20921	10353	0	0	0	0
AF	0	0.004372	28704	19262	9442	0	0	0	0
AF	0	0.004685	26925	18086	8839	0	0	0	0
AF	0	0.004997	23989	16047	7942	0	0	0	0
AF	0	0.005309	22848	15148	7700	0	0	0	0
AF	0	0.005621	21137	14241	6896	0	0	0	0
AF	0	0.005934	18988	12742	6246	0	0	0	0
AF	0	0.006246	18023	12110	5913	0	0	0	0
AF	0	0.006558	16941	11428	5513	0	0	0	0
AF	0	0.006871	15629	10442	5187	0	0	0	0
AF	0	0.007183	15101	10186	4915	0	0	0	0
AF	0	0.007495	14496	9682	4814	0	0	0	0
AF	0	0.007808	13760	9213	4547	0	0	0	0
AF	0	0.008120	12908	8717	4191	0	0	0	0
AF	0	0.008432	12393	8284	4109	0	0	0	0
AF	0	0.008745	11569	7775	3794	0	0	0	0
AF	0	0.009057	10833	7241	3592	0	0	0	0
AF	0	0.009369	10564	7065	3499	0	0	0	0
AF	0	0.009681	10376	6949	3427	0	0	0	0
AF	0	0.009994	9973	6691	3282	0	0	0	0
AF	0	0.010306	9441	6360	3081	0	0	0	0
AF	0	0.010618	9404	6335	3069	0	0	0	0
AF	0	0.010931	8818	5904	2914	0	0	0	0
AF	0	0.011243	8234	5482	2752	0	0	0	0
AF	0	0.011555	8245	5591	2654	0	0	0	0
AF	0	0.011868	7831	5146	2685	0	0	0	0
AF	0	0.012180	7439	4953	2486	0	0	0	0
AF	0	0.012492	7043	4717	2326	0	0	0	0
AF	0	0.012804	6765	4513	2252	0	0	0	0
AF	0	0.013117	6263	4202	2061	0	0	0	0
AF	0	0.013429	6192	4185	2007	0	0	0	0
AF	0	0.013741	6554	4404	2150	0	0	0	0
AF	0	0.014054	6065	4018	2047	0	0	0	0
AF	0	0.014366	5702	3781	1921	0	0	0	0
AF	0	0.014678	5485	3645	1840	0	0	0	0
AF	0	0.014991	5419	3581	1838	0	0	0	0
AF	0	0.015303	5244	3580	1664	0	0	0	0
AF	0	0.015615	5217	3462	1755	0	0	0	0
AF	0	0.015928	5250	3491	1759	0	0	0	0
AF	0	0.016240	5040	3416	1624	0	0	0	0
AF	0	0.016552	4663	3115	1548	0	0	0	0
AF	0	0.016864	4480	2947	1533	0	0	0	0
AF	0	0.017177	4533	3060	1473	0	0	0	0
AF	0	0.017489	4674	3149	1525	0	0	0	0
AF	0	0.017801	4409	2966	1443	0	0	0	0
AF	0	0.018114	4211	2804	1407	0	0	0	0
AF	0	0.018426	4285	2846	1439	0	0	0	0
AF	0	0.018738	4287	2923	1364	0	0	0	0
AF	0	0.019051	3984	2646	1338	0	0	0	0
AF	0	0.019363	4076	2737	1339	0	0	0	0
AF	0	0.019675	3966	2609	1357	0	0	0	0
AF	0	0.019988	3626	2455	1171	0	0	0	0
AF	0	0.020300	3770	2534	1236	0	0	0	0
AF	0	0.020612	3550	2372	1178	0	0	0	0
AF	0	0.020924	3699	2463	1236	0	0	0	0
AF	0	0.021237	3384	2276	1108	0	0	0	0
AF	0	0.021549	3437	2313	1124	0	0	0	0
AF	0	0.021861	3262	2223	1039	0	0	0	0
AF	0	0.022174	3132	2090	1042	0	0	0	0
AF	0	0.022486	3005	2011	994	0	0	0	0
AF	0	0.022798	3019	1952	1067	0	0	0	0
AF	0	0.023111	3064	2067	997	0	0	0	0
AF	0	0.023423	2963	1950	1013	0	0	0	0
AF	0	0.023735	2804	1877	927	0	0	0	0
AF	0	0.024047	2805	1884	921	0	0	0	0
AF	0	0.024360	2870	1886	984	0	0	0	0
AF	0	0.024672	2746	1856	890	0	0	0	0
AF	0	0.024984	2667	1802	865	0	0	0	0
AF	0	0.025297	2808	1919	889	0	0	0	0
AF	0	0.025609	2600	1756	844	0	0	0	0
AF	0	0.025921	2522	1688	834	0	0	0	0
AF	0	0.026234	2462	1628	834	0	0	0	0
AF	0	0.026546	2311	1543	768	0	0	0	0
AF	0	0.026858	2491	1685	806	0	0	0	0
AF	0	0.027171	2556	1723	833	0	0	0	0
AF	0	0.027483	2440	1646	794	0	0	0	0
AF	0	0.027795	2487	1641	846	0	0	0	0
AF	0	0.028107	2274	1516	758	0	0	0	0
AF	0	0.028420	2445	1580	865	0	0	0	0
AF	0	0.028732	2313	1544	769	0	0	0	0
AF	0	0.029044	2181	1433	748	0	0	0	0
AF	0	0.029357	2009	1358	651	0	0	0	0
AF	0	0.029669	1974	1350	624	0	0	0	0
AF	0	0.029981	2095	1399	696	0	0	0	0
AF	0	0.030294	2047	1377	670	0	0	0	0
AF	0	0.030606	1990	1343	647	0	0	0	0
AF	0	0.030918	1882	1235	647	0	0	0	0
AF	0	0.031230	2043	1364	679	0	0	0	0
AF	0	0.031543	1891	1304	587	0	0	0	0
AF	0	0.031855	2059	1398	661	0	0	0	0
AF	0	0.032167	1962	1310	652	0	0	0	0
AF	0	0.032480	2082	1394	688	0	0	0	0
AF	0	0.032792	2198	1469	729	0	0	0	0
AF	0	0.033104	2069	1362	707	0	0	0	0
AF	0	0.033417	2096	1422	674	0	0	0	0
AF	0	0.033729	1809	1217	592	0	0	0	0
AF	0	0.034041	1697	1099	598	0	0	0	0
AF	0	0.034354	1706	1172	534	0	0	0	0
AF	0	0.034666	1719	1164	555	0	0	0	0
AF	0	0.034978	1773	1175	598	0	0	0	0
AF	0	0.035290	1874	1263	611	0	0	0	0
AF	0	0.035603	1645	1100	545	0	0	0	0
AF	0	0.035915	1632	1099	533	0	0	0	0
AF	0	0.036227	1583	1098	485	0	0	0	0
AF	0	0.036540	1660	1099	561	0	0	0	0
AF	0	0.036852	1587	1063	524	0	0	0	0
AF	0	0.037164	1539	1016	523	0	0	0	0
AF	0	0.037477	1638	1069	569	0	0	0	0
AF	0	0.037789	1860	1269	591	0	0	0	0
AF	0	0.038101	1501	1001	500	0	0	0	0
AF	0	0.038413	1675	1125	550	0	0	0	0
AF	0	0.038726	1485	1005	480	0	0	0	0
AF	0	0.039038	1533	1010	523	0	0	0	0
AF	0	0.039350	1508	1014	494	0	0	0	0
AF	0	0.039663	1382	929	453	0	0	0	0
AF	0	0.039975	1433	977	456	0	0	0	0
AF	0	0.040287	1434	954	480	0	0	0	0
AF	0	0.040600	1342	910	432	0	0	0	0
AF	0	0.040912	1339	904	435	0	0	0	0
AF	0	0.041224	1414	948	466	0	0	0	0
AF	0	0.041537	1454	913	541	0	0	0	0
AF	0	0.041849	1248	833	415	0	0	0	0
AF	0	0.042161	1324	890	434	0	0	0	0
AF	0	0.042473	1249	828	421	0	0	0	0
AF	0	0.042786	1135	765	370	0	0	0	0
AF	0	0.043098	1262	835	427	0	0	0	0
AF	0	0.043410	1167	761	406	0	0	0	0
AF	0	0.043723	1312	855	457	0	0	0	0
AF	0	0.044035	1140	761	379	0	0	0	0
AF	0	0.044347	1196	786	410	0	0	0	0
AF	0	0.044660	1240	850	390	0	0	0	0
AF	0	0.044972	1139	754	385	0	0	0	0
AF	0	0.045284	1179	802	377	0	0	0	0
AF	0	0.045597	1162	776	386	0	0	0	0
AF	0	0.045909	1167	788	379	0	0	0	0
AF	0	0.046221	1258	818	440	0	0	0	0
AF	0	0.046533	1134	769	365	0	0	0	0
AF	0	0.046846	1120	769	351	0	0	0	0
AF	0	0.047158	1142	748	394	0	0	0	0
AF	0	0.047470	1156	773	383	0	0	0	0
AF	0	0.047783	898	610	288	0	0	0	0
AF	0	0.048095	1271	844	427	0	0	0	0
AF	0	0.048407	1258	854	404	0	0	0	0
AF	0	0.048720	1048	702	346	0	0	0	0
AF	0	0.049032	1091	719	372	0	0	0	0
AF	0	0.049344	1165	806	359	0	0	0	0
AF	0	0.049656	1093	726	367	0	0	0	0
AF	0	0.049969	1008	689	319	0	0	0	0
AF	0	0.050281	952	629	323	0	0	0	0
AF	0	0.050593	975	646	329	0	0	0	0
AF	0	0.050906	866	583	283	0	0	0	0
AF	0	0.051218	877	589	288	0	0	0	0
AF	0	0.051530	936	643	293	0	0	0	0
AF	0	0.051843	1001	689	312	0	0	0	0
AF	0	0.052155	1003	649	354	0	0	0	0
AF	0	0.052467	916	615	301	0	0	0	0
AF	0	0.052780	937	656	281	0	0	0	0
AF	0	0.053092	1129	745	384	0	0	0	0
AF	0	0.053404	1000	690	310	0	0	0	0
AF	0	0.053716	856	581	275	0	0	0	0
AF	0	0.054029	923	613	310	0	0	0	0
AF	0	0.054341	978	657	321	0	0	0	0
AF	0	0.054653	858	562	296	0	0	0	0
AF	0	0.054966	813	518	295	0	0	0	0
AF	0	0.055278	831	549	282	0	0	0	0
AF	0	0.055590	876	572	304	0	0	0	0
AF	0	0.055903	863	572	291	0	0	0	0
AF	0	0.056215	1007	659	348	0	0	0	0
AF	0	0.056527	847	534	313	0	0	0	0
AF	0	0.056839	868	593	275	0	0	0	0
AF	0	0.057152	833	562	271	0	0	0	0
AF	0	0.057464	872	572	300	0	0	0	0
AF	0	0.057776	785	515	270	0	0	0	0
AF	0	0.058089	850	568	282	0	0	0	0
AF	0	0.058401	798	562	236	0	0	0	0
AF	0	0.058713	839	560	279	0	0	0	0
AF	0	0.059026	800	514	286	0	0	0	0
AF	0	0.059338	800	539	261	0	0	0	0
AF	0	0.059650	758	514	244	0	0	0	0
AF	0	0.059963	800	548	252	0	0	0	0
AF	0	0.060275	894	574	320	0	0	0	0
AF	0	0.060587	829	565	264	0	0	0	0
AF	0	0.060899	750	514	236	0	0	0	0
AF	0	0.061212	730	476	254	0	0	0	0
AF	0	0.061524	742	495	247	0	0	0	0
AF	0	0.061836	761	498	263	0	0	0	0
AF	0	0.062149	726	487	239	0	0	0	0
AF	0	0.062461	770	493	277	0	0	0	0
AF	0	0.062773	753	488	265	0	0	0	0
AF	0	0.063086	715	467	248	0	0	0	0
AF	0	0.063398	721	487	234	0	0	0	0
AF	0	0.063710	774	502	272	0	0	0	0
AF	0	0.064022	705	476	229	0	0	0	0
AF	0	0.064335	698	463	235	0	0	0	0
AF	0	0.064647	750	489	261	0	0	0	0
AF	0	0.064959	715	479	236	0	0	0	0
AF	0	0.065272	682	443	239	0	0	0	0
AF	0	0.065584	673	456	217	0	0	0	0
AF	0	0.065896	709	477	232	0	0	0	0
AF	0	0.066209	743	480	263	0	0	0	0
AF	0	0.066521	736	461	275	0	0	0	0
AF	0	0.066833	666	439	227	0	0	0	0
AF	0	0.067146	686	437	249	0	0	0	0
AF	0	0.067458	634	432	202	0	0	0	0
AF	0	0.067770	640	431	209	0	0	0	0
AF	0	0.068082	750	513	237	0	0	0	0
AF	0	0.068395	620	420	200	0	0	0	0
AF	0	0.068707	745	498	247	0	0	0	0
AF	0	0.069019	727	494	233	0	0	0	0
AF	0	0.069332	647	420	227	0	0	0	0
AF	0	0.069644	696	473	223	0	0	0	0
AF	0	0.069956	621	435	186	0	0	0	0
AF	0	0.070269	617	397	220	0	0	0	0
AF	0	0.070581	699	469	230	0	0	0	0
AF	0	0.070893	666	462	204	0	0	0	0
AF	0	0.071205	571	375	196	0	0	0	0
AF	0	0.071518	605	415	190	0	0	0	0
AF	0	0.071830	672	427	245	0	0	0	0
AF	0	0.072142	648	426	222	0	0	0	0
AF	0	0.072455	684	440	244	0	0	0	0
AF	0	0.072767	588	378	210	0	0	0	0
AF	0	0.073079	611	407	204	0	0	0	0
AF	0	0.073392	661	453	208	0	0	0	0
AF	0	0.073704	602	413	189	0	0	0	0
AF	0	0.074016	652	451	201	0	0	0	0
AF	0	0.074329	643	411	232	0	0	0	0
AF	0	0.074641	640	419	221	0	0	0	0
AF	0	0.074953	586	381	205	0	0	0	0
AF	0	0.075265	661	430	231	0	0	0	0
AF	0	0.075578	623	410	213	0	0	0	0
AF	0	0.075890	579	379	200	0	0	0	0
AF	0	0.076202	641	425	216	0	0	0	0
AF	0	0.076515	654	439	215	0	0	0	0
AF	0	0.076827	640	443	197	0	0	0	0
AF	0	0.077139	593	401	192	0	0	0	0
AF	0	0.077452	564	381	183	0	0	0	0
AF	0	0.077764	559	373	186	0	0	0	0
AF	0	0.078076	630	426	204	0	0	0	0
AF	0	0.078389	681	453	228	0	0	0	0
AF	0	0.078701	604	431	173	0	0	0	0
AF	0	0.079013	609	424	185	0	0	0	0
AF	0	0.079325	615	414	201	0	0	0	0
AF	0	0.079638	605	427	178	0	0	0	0
AF	0	0.079950	564	368	196	0	0	0	0
AF	0	0.080262	622	417	205	0	0	0	0
AF	0	0.080575	597	389	208	0	0	0	0
AF	0	0.080887	570	380	190	0	0	0	0
AF	0	0.081199	599	369	230	0	0	0	0
AF	0	0.081512	508	335	173	0	0	0	0
AF	0	0.081824	728	492	236	0	0	0	0
AF	0	0.082136	543	387	156	0	0	0	0
AF	0	0.082448	502	339	163	0	0	0	0
AF	0	0.082761	531	340	191	0	0	0	0
AF	0	0.083073	567	377	190	0	0	0	0
AF	0	0.083385	706	459	247	0	0	0	0
AF	0	0.083698	562	401	161	0	0	0	0
AF	0	0.084010	617	400	217	0	0	0	0
AF	0	0.084322	615	422	193	0	0	0	0
AF	0	0.084635	498	318	180	0	0	0	0
AF	0	0.084947	532	361	171	0	0	0	0
AF	0	0.085259	540	356	184	0	0	0	0
AF	0	0.085572	601	426	175	0	0	0	0
AF	0	0.085884	586	392	194	0	0	0	0
AF	0	0.086196	785	510	275	0	0	0	0
AF	0	0.086508	617	429	188	0	0	0	0
AF	0	0.086821	531	371	160	0	0	0	0
AF	0	0.087133	546	376	170	0	0	0	0
AF	0	0.087445	552	378	174	0	0	0	0
AF	0	0.087758	584	373	211	0	0	0	0
AF	0	0.088070	553	383	170	0	0	0	0
AF	0	0.088382	481	318	163	0	0	0	0
AF	0	0.088695	548	380	168	0	0	0	0
AF	0	0.089007	570	361	209	0	0	0	0
AF	0	0.089319	453	294	159	0	0	0	0
AF	0	0.089631	563	369	194	0	0	0	0
AF	0	0.089944	582	373	209	0	0	0	0
AF	0	0.090256	534	347	187	0	0	0	0
AF	0	0.090568	563	379	184	0	0	0	0
AF	0	0.090881	573	375	198	0	0	0	0
AF	0	0.091193	550	366	184	0	0	0	0
AF	0	0.091505	522	347	175	0	0	0	0
AF	0	0.091818	492	319	173	0	0	0	0
AF	0	0.092130	522	346	176	0	0	0	0
AF	0	0.092442	580	362	218	0	0	0	0
AF	0	0.092755	472	323	149	0	0	0	0
AF	0	0.093067	496	341	155	0	0	0	0
AF	0	0.093379	502	338	164	0	0	0	0
AF	0	0.093691	456	313	143	0	0	0	0
AF	0	0.094004	430	281	149	0	0	0	0
AF	0	0.094316	474	310	164	0	0	0	0
AF	0	0.094628	619	411	208	0	0	0	0
AF	0	0.094941	598	404	194	0	0	0	0
AF	0	0.095253	545	368	177	0	0	0	0
AF	0	0.095565	625	398	227	0	0	0	0
AF	0	0.095878	599	414	185	0	0	0	0
AF	0	0.096190	514	342	172	0	0	0	0
AF	0	0.096502	547	372	175	0	0	0	0
AF	0	0.096814	536	365	171	0	0	0	0
AF	0	0.097127	599	382	217	0	0	0	0
AF	0	0.097439	498	339	159	0	0	0	0
AF	0	0.097751	553	377	176	0	0	0	0
AF	0	0.098064	626	404	222	0	0	0	0
AF	0	0.098376	604	405	199	0	0	0	0
AF	0	0.098688	537	376	161	0	0	0	0
AF	0	0.099001	469	318	151	0	0	0	0
AF	0	0.099313	505	337	168	0	0	0	0
AF	0	0.099625	484	327	157	0	0	0	0
AF	0	0.099938	488	336	152	0	0	0	0
AF	0	0.100250	425	282	143	0	0	0	0
AF	0	0.100562	500	342	158	0	0	0	0
AF	0	0.100874	425	281	144	0	0	0	0
AF	0	0.101187	454	296	158	0	0	0	0
AF	0	0.101499	414	263	151	0	0	0	0
AF	0	0.101811	457	284	173	0	0	0	0
AF	0	0.102124	459	310	149	0	0	0	0
AF	0	0.102436	470	318	152	0	0	0	0
AF	0	0.102748	461	315	146	0	0	0	0
AF	0	0.103061	521	360	161	0	0	0	0
AF	0	0.103373	613	409	204	0	0	0	0
AF	0	0.103685	523	358	165	0	0	0	0
AF	0	0.103998	456	296	160	0	0	0	0
AF	0	0.104310	482	313	169	0	0	0	0
AF	0	0.104622	532	349	183	0	0	0	0
AF	0	0.104934	477	334	143	0	0	0	0
AF	0	0.105247	485	331	154	0	0	0	0
AF	0	0.105559	473	326	147	0	0	0	0
AF	0	0.105871	491	319	172	0	0	0	0
AF	0	0.106184	477	315	162	0	0	0	0
AF	0	0.106496	438	296	142	0	0	0	0
AF	0	0.106808	449	307	142	0	0	0	0
AF	0	0.107121	471	310	161	0	0	0	0
AF	0	0.107433	401	272	129	0	0	0	0
AF	0	0.107745	397	271	126	0	0	0	0
AF	0	0.108057	410	276	134	0	0	0	0
AF	0	0.108370	442	288	154	0	0	0	0
AF	0	0.108682	431	287	144	0	0	0	0
AF	0	0.108994	480	327	153	0	0	0	0
AF	0	0.109307	470	323	147	0	0	0	0
AF	0	0.109619	387	251	136	0	0	0	0
AF	0	0.109931	395	247	148	0	0	0	0
AF	0	0.110244	438	277	161	0	0	0	0
AF	0	0.110556	435	289	146	0	0	0	0
AF	0	0.110868	419	283	136	0	0	0	0
AF	0	0.111181	393	267	126	0	0	0	0
AF	0	0.111493	437	281	156	0	0	0	0
AF	0	0.111805	417	266	151	0	0	0	0
AF	0	0.112117	439	284	155	0	0	0	0
AF	0	0.112430	468	305	163	0	0	0	0
AF	0	0.112742	443	288	155	0	0	0	0
AF	0	0.113054	391	245	146	0	0	0	0
AF	0	0.113367	510	336	174	0	0	0	0
AF	0	0.113679	456	293	163	0	0	0	0
AF	0	0.113991	431	287	144	0	0	0	0
AF	0	0.114304	534	373	161	0	0	0	0
AF	0	0.114616	485	317	168	0	0	0	0
AF	0	0.114928	415	290	125	0	0	0	0
AF	0	0.115240	550	384	166	0	0	0	0
AF	0	0.115553	424	277	147	0	0	0	0
AF	0	0.115865	455	295	160	0	0	0	0
AF	0	0.116177	374	236	138	0	0	0	0
AF	0	0.116490	470	325	145	0	0	0	0
AF	0	0.116802	425	297	128	0	0	0	0
AF	0	0.117114	424	292	132	0	0	0	0
AF	0	0.117427	425	287	138	0	0	0	0
AF	0	0.117739	475	312	163	0	0	0	0
AF	0	0.118051	396	276	120	0	0	0	0
AF	0	0.118364	339	231	108	0	0	0	0
AF	0	0.118676	410	280	130	0	0	0	0
AF	0	0.118988	447	288	159	0	0	0	0
AF	0	0.119300	383	259	124	0	0	0	0
AF	0	0.119613	357	256	101	0	0	0	0
AF	0	0.119925	466	306	160	0	0	0	0
AF	0	0.120237	431	287	144	0	0	0	0
AF	0	0.120550	473	298	175	0	0	0	0
AF	0	0.120862	492	334	158	0	0	0	0
AF	0	0.121174	507	308	199	0	0	0	0
AF	0	0.121487	443	282	161	0	0	0	0
AF	0	0.121799	402	280	122	0	0	0	0
AF	0	0.122111	352	239	113	0	0	0	0
AF	0	0.122423	364	246	118	0	0	0	0
AF	0	0.122736	366	245	121	0	0	0	0
AF	0	0.123048	355	242	113	0	0	0	0
AF	0	0.123360	359	232	127	0	0	0	0
AF	0	0.123673	438	294	144	0	0	0	0
AF	0	0.123985	400	262	138	0	0	0	0
AF	0	0.124297	405	269	136	0	0	0	0
AF	0	0.124610	426	252	174	0	0	0	0
AF	0	0.124922	382	253	129	0	0	0	0
AF	0	0.125234	389	246	143	0	0	0	0
AF	0	0.125547	393	270	123	0	0	0	0
AF	0	0.125859	375	254	121	0	0	0	0
AF	0	0.126171	390	270	120	0	0	0	0
AF	0	0.126483	367	235	132	0	0	0	0
AF	0	0.126796	355	232	123	0	0	0	0
AF	0	0.127108	421	300	121	0	0	0	0
AF	0	0.127420	415	289	126	0	0	0	0
AF	0	0.127733	363	231	132	0	0	0	0
AF	0	0.128045	361	252	109	0	0	0	0
AF	0	0.128357	344	230	114	0	0	0	0
AF	0	0.128670	319	191	128	0	0	0	0
AF	0	0.128982	417	288	129	0	0	0	0
AF	0	0.129294	415	289	126	0	0	0	0
AF	0	0.129606	360	235	125	0	0	0	0
AF	0	0.129919	409	265	144	0	0	0	0
AF	0	0.130231	335	229	106	0	0	0	0
AF	0	0.130543	365	242	123	0	0	0	0
AF	0	0.130856	365	246	119	0	0	0	0
AF	0	0.131168	355	238	117	0	0	0	0
AF	0	0.131480	357	244	113	0	0	0	0
AF	0	0.131793	390	253	137	0	0	0	0
AF	0	0.132105	405	252	153	0	0	0	0
AF	0	0.132417	357	239	118	0	0	0	0
AF	0	0.132730	420	280	140	0	0	0	0
AF	0	0.133042	498	332	166	0	0	0	0
AF	0	0.133354	366	243	123	0	0	0	0
AF	0	0.133666	433	298	135	0	0	0	0
AF	0	0.133979	357	243	114	0	0	0	0
AF	0	0.134291	357	248	109	0	0	0	0
AF	0	0.134603	394	267	127	0	0	0	0
AF	0	0.134916	359	228	131	0	0	0	0
AF	0	0.135228	340	214	126	0	0	0	0
AF	0	0.135540	370	252	118	0	0	0	0
AF	0	0.135853	365	252	113	0	0	0	0
AF	0	0.136165	439	279	160	0	0	0	0
AF	0	0.136477	400	261	139	0	0	0	0
AF	0	0.136790	392	256	136	0	0	0	0
AF	0	0.137102	313	200	113	0	0	0	0
AF	0	0.137414	309	212	97	0	0	0	0
AF	0	0.137726	341	213	128	0	0	0	0
AF	0	0.138039	352	227	125	0	0	0	0
AF	0	0.138351	355	232	123	0	0	0	0
AF	0	0.138663	381	267	114	0	0	0	0
AF	0	0.138976	409	276	133	0	0	0	0
AF	0	0.139288	340	230	110	0	0	0	0
AF	0	0.139600	306	201	105	0	0	0	0
AF	0	0.139913	343	229	114	0	0	0	0
AF	0	0.140225	293	192	101	0	0	0	0
AF	0	0.140537	366	244	122	0	0	0	0
AF	0	0.140849	426	278	148	0	0	0	0
AF	0	0.141162	391	272	119	0	0	0	0
AF	0	0.141474	407	262	145	0	0	0	0
AF	0	0.141786	373	246	127	0	0	0	0
AF	0	0.142099	381	265	116	0	0	0	0
AF	0	0.142411	402	255	147	0	0	0	0
AF	0	0.142723	457	294	163	0	0	0	0
AF	0	0.143036	306	202	104	0	0	0	0
AF	0	0.143348	387	243	144	0	0	0	0
AF	0	0.143660	340	232	108	0	0	0	0
AF	0	0.143973	433	309	124	0	0	0	0
AF	0	0.144285	373	267	106	0	0	0	0
AF	0	0.144597	437	308	129	0	0	0	0
AF	0	0.144909	336	221	115	0	0	0	0
AF	0	0.145222	285	194	91	0	0	0	0
AF	0	0.145534	276	182	94	0	0	0	0
AF	0	0.145846	306	211	95	0	0	0	0
AF	0	0.146159	354	226	128	0	0	0	0
AF	0	0.146471	328	233	95	0	0	0	0
AF	0	0.146783	326	223	103	0	0	0	0
AF	0	0.147096	327	230	97	0	0	0	0
AF	0	0.147408	313	205	108	0	0	0	0
AF	0	0.147720	331	220	111	0	0	0	0
AF	0	0.148032	346	235	111	0	0	0	0
AF	0	0.148345	359	260	99	0	0	0	0
AF	0	0.148657	344	247	97	0	0	0	0
AF	0	0.148969	357	241	116	0	0	0	0
AF	0	0.149282	337	237	100	0	0	0	0
AF	0	0.149594	327	209	118	0	0	0	0
AF	0	0.149906	352	230	122	0	0	0	0
AF	0	0.150219	399	275	124	0	0	0	0
AF	0	0.150531	381	246	135	0	0	0	0
AF	0	0.150843	380	250	130	0	0	0	0
AF	0	0.151156	333	228	105	0	0	0	0
AF	0	0.151468	339	220	119	0	0	0	0
AF	0	0.151780	474	338	136	0	0	0	0
AF	0	0.152092	486	329	157	0	0	0	0
AF	0	0.152405	353	242	111	0	0	0	0
AF	0	0.152717	334	234	100	0	0	0	0
AF	0	0.153029	368	261	107	0	0	0	0
AF	0	0.153342	420	261	159	0	0	0	0
AF	0	0.153654	320	227	93	0	0	0	0
AF	0	0.153966	366	242	124	0	0	0	0
AF	0	0.154279	364	239	125	0	0	0	0
AF	0	0.154591	341	242	99	0	0	0	0
AF	0	0.154903	442	280	162	0	0	0	0
AF	0	0.155215	316	204	112	0	0	0	0
AF	0	0.155528	331	206	125	0	0	0	0
AF	0	0.155840	303	197	106	0	0	0	0
AF	0	0.156152	316	219	97	0	0	0	0
AF	0	0.156465	329	223	106	0	0	0	0
AF	0	0.156777	377	262	115	0	0	0	0
AF	0	0.157089	348	236	112	0	0	0	0
AF	0	0.157402	329	209	120	0	0	0	0
AF	0	0.157714	286	187	99	0	0	0	0
AF	0	0.158026	312	202	110	0	0	0	0
AF	0	0.158339	314	211	103	0	0	0	0
AF	0	0.158651	338	228	110	0	0	0	0
AF	0	0.158963	369	235	134	0	0	0	0
AF	0	0.159275	335	234	101	0	0	0	0
AF	0	0.159588	332	224	108	0	0	0	0
AF	0	0.159900	318	218	100	0	0	0	0
AF	0	0.160212	306	201	105	0	0	0	0
AF	0	0.160525	314	202	112	0	0	0	0
AF	0	0.160837	281	193	88	0	0	0	0
AF	0	0.161149	321	212	109	0	0	0	0
AF	0	0.161462	363	238	125	0	0	0	0
AF	0	0.161774	299	194	105	0	0	0	0
AF	0	0.162086	310	211	99	0	0	0	0
AF	0	0.162399	352	242	110	0	0	0	0
AF	0	0.162711	287	193	94	0	0	0	0
AF	0	0.163023	300	191	109	0	0	0	0
AF	0	0.163335	303	210	93	0	0	0	0
AF	0	0.163648	317	216	101	0	0	0	0
AF	0	0.163960	282	201	81	0	0	0	0
AF	0	0.164272	332	218	114	0	0	0	0
AF	0	0.164585	314	206	108	0	0	0	0
AF	0	0.164897	327	220	107	0	0	0	0
AF	0	0.165209	312	221	91	0	0	0	0
AF	0	0.165522	476	310	166	0	0	0	0
AF	0	0.165834	368	243	125	0	0	0	0
AF	0	0.166146	271	189	82	0	0	0	0
AF	0	0.166458	319	220	99	0	0	0	0
AF	0	0.166771	304	189	115	0	0	0	0
AF	0	0.167083	321	222	99	0	0	0	0
AF	0	0.167395	346	231	115	0	0	0	0
AF	0	0.167708	318	223	95	0	0	0	0
AF	0	0.168020	350	225	125	0	0	0	0
AF	0	0.168332	333	218	115	0	0	0	0
AF	0	0.168645	305	218	87	0	0	0	0
AF	0	0.168957	302	217	85	0	0	0	0
AF	0	0.169269	322	215	107	0	0	0	0
AF	0	0.169582	403	278	125	0	0	0	0
AF	0	0.169894	316	217	99	0	0	0	0
AF	0	0.170206	317	234	83	0	0	0	0
AF	0	0.170518	331	232	99	0	0	0	0
AF	0	0.170831	277	198	79	0	0	0	0
AF	0	0.171143	328	221	107	0	0	0	0
AF	0	0.171455	372	237	135	0	0	0	0
AF	0	0.171768	443	302	141	0	0	0	0
AF	0	0.172080	361	246	115	0	0	0	0
AF	0	0.172392	299	203	96	0	0	0	0
AF	0	0.172705	283	198	85	0	0	0	0
AF	0	0.173017	287	215	72	0	0	0	0
AF	0	0.173329	259	172	87	0	0	0	0
AF	0	0.173641	302	193	109	0	0	0	0
AF	0	0.173954	322	223	99	0	0	0	0
AF	0	0.174266	276	168	108	0	0	0	0
AF	0	0.174578	295	200	95	0	0	0	0
AF	0	0.174891	277	190	87	0	0	0	0
AF	0	0.175203	277	183	94	0	0	0	0
AF	0	0.175515	261	169	92	0	0	0	0
AF	0	0.175828	257	161	96	0	0	0	0
AF	0	0.176140	306	192	114	0	0	0	0
AF	0	0.176452	307	195	112	0	0	0	0
AF	0	0.176765	333	216	117	0	0	0	0
AF	0	0.177077	233	149	84	0	0	0	0
AF	0	0.177389	221	154	67	0	0	0	0
AF	0	0.177701	285	181	104	0	0	0	0
AF	0	0.178014	274	172	102	0	0	0	0
AF	0	0.178326	261	185	76	0	0	0	0
AF	0	0.178638	283	172	111	0	0	0	0
AF	0	0.178951	277	192	85	0	0	0	0
AF	0	0.179263	280	185	95	0	0	0	0
AF	0	0.179575	283	188	95	0	0	0	0
AF	0	0.179888	265	174	91	0	0	0	0
AF	0	0.180200	265	181	84	0	0	0	0
AF	0	0.180512	231	152	79	0	0	0	0
AF	0	0.180824	248	169	79	0	0	0	0
AF	0	0.181137	252	149	103	0	0	0	0
AF	0	0.181449	320	209	111	0	0	0	0
AF	0	0.181761	305	213	92	0	0	0	0
AF	0	0.182074	315	204	111	0	0	0	0
AF	0	0.182386	259	168	91	0	0	0	0
AF	0	0.182698	296	199	97	0	0	0	0
AF	0	0.183011	238	153	85	0	0	0	0
AF	0	0.183323	262	165	97	0	0	0	0
AF	0	0.183635	255	160	95	0	0	0	0
AF	0	0.183948	262	174	88	0	0	0	0
AF	0	0.184260	275	188	87	0	0	0	0
AF	0	0.184572	301	186	115	0	0	0	0
AF	0	0.184884	280	183	97	0	0	0	0
AF	0	0.185197	264	175	89	0	0	0	0
AF	0	0.185509	236	158	78	0	0	0	0
AF	0	0.185821	248	155	93	0	0	0	0
AF	0	0.186134	283	193	90	0	0	0	0
AF	0	0.186446	255	170	85	0	0	0	0
AF	0	0.186758	290	185	105	0	0	0	0
AF	0	0.187071	281	180	101	0	0	0	0
AF	0	0.187383	297	196	101	0	0	0	0
AF	0	0.187695	262	166	96	0	0	0	0
AF	0	0.188007	296	198	98	0	0	0	0
AF	0	0.188320	258	158	100	0	0	0	0
AF	0	0.188632	252	173	79	0	0	0	0
AF	0	0.188944	283	196	87	0	0	0	0
AF	0	0.189257	293	204	89	0	0	0	0
AF	0	0.189569	295	196	99	0	0	0	0
AF	0	0.189881	254	168	86	0	0	0	0
AF	0	0.190194	244	163	81	0	0	0	0
AF	0	0.190506	258	172	86	0	0	0	0
AF	0	0.190818	344	213	131	0	0	0	0
AF	0	0.191131	330	227	103	0	0	0	0
AF	0	0.191443	272	183	89	0	0	0	0
AF	0	0.191755	262	179	83	0	0	0	0
AF	0	0.192067	261	161	100	0	0	0	0
AF	0	0.192380	304	197	107	0	0	0	0
AF	0	0.192692	332	229	103	0	0	0	0
AF	0	0.193004	294	212	82	0	0	0	0
AF	0	0.193317	281	204	77	0	0	0	0
AF	0	0.193629	300	193	107	0	0	0	0
AF	0	0.193941	332	209	123	0	0	0	0
AF	0	0.194254	365	242	123	0	0	0	0
AF	0	0.194566	315	218	97	0	0	0	0
AF	0	0.194878	246	168	78	0	0	0	0
AF	0	0.195191	251	168	83	0	0	0	0
AF	0	0.195503	259	188	71	0	0	0	0
AF	0	0.195815	282	184	98	0	0	0	0
AF	0	0.196127	248	158	90	0	0	0	0
AF	0	0.196440	329	212	117	0	0	0	0
AF	0	0.196752	241	171	70	0	0	0	0
AF	0	0.197064	256	159	97	0	0	0	0
AF	0	0.197377	256	166	90	0	0	0	0
AF	0	0.197689	283	187	96	0	0	0	0
AF	0	0.198001	263	181	82	0	0	0	0
AF	0	0.198314	319	212	107	0	0	0	0
AF	0	0.198626	229	165	64	0	0	0	0
AF	0	0.198938	314	215	99	0	0	0	0
AF	0	0.199250	292	192	100	0	0	0	0
AF	0	0.199563	254	163	91	0	0	0	0
AF	0	0.199875	270	179	91	0	0	0	0
AF	0	0.200187	239	152	87	0	0	0	0
AF	0	0.200500	291	203	88	0	0	0	0
AF	0	0.200812	276	185	91	0	0	0	0
AF	0	0.201124	274	188	86	0	0	0	0
AF	0	0.201437	290	179	111	0	0	0	0
AF	0	0.201749	291	198	93	0	0	0	0
AF	0	0.202061	289	178	111	0	0	0	0
AF	0	0.202374	388	270	118	0	0	0	0
AF	0	0.202686	329	212	117	0	0	0	0
AF	0	0.202998	260	170	90	0	0	0	0
AF	0	0.203310	304	203	101	0	0	0	0
AF	0	0.203623	272	194	78	0	0	0	0
AF	0	0.203935	247	166	81	0	0	0	0
AF	0	0.204247	209	152	57	0	0	0	0
AF	0	0.204560	246	164	82	0	0	0	0
AF	0	0.204872	253	171	82	0	0	0	0
AF	0	0.205184	302	205	97	0	0	0	0
AF	0	0.205497	273	176	97	0	0	0	0
AF	0	0.205809	320	222	98	0	0	0	0
AF	0	0.206121	296	202	94	0	0	0	0
AF	0	0.206433	302	190	112	0	0	0	0
AF	0	0.206746	257	172	85	0	0	0	0
AF	0	0.207058	281	183	98	0	0	0	0
AF	0	0.207370	274	196	78	0	0	0	0
AF	0	0.207683	270	190	80	0	0	0	0
AF	0	0.207995	299	201	98	0	0	0	0
AF	0	0.208307	246	169	77	0	0	0	0
AF	0	0.208620	290	203	87	0	0	0	0
AF	0	0.208932	297	196	101	0	0	0	0
AF	0	0.209244	274	173	101	0	0	0	0
AF	0	0.209557	301	194	107	0	0	0	0
AF	0	0.209869	281	183	98	0	0	0	0
AF	0	0.210181	309	213	96	0	0	0	0
AF	0	0.210493	263	174	89	0	0	0	0
AF	0	0.210806	288	196	92	0	0	0	0
AF	0	0.211118	250	166	84	0	0	0	0
AF	0	0.211430	275	191	84	0	0	0	0
AF	0	0.211743	249	168	81	0	0	0	0
AF	0	0.212055	305	194	111	0	0	0	0
AF	0	0.212367	325	221	104	0	0	0	0
AF	0	0.212680	264	167	97	0	0	0	0
AF	0	0.212992	239	148	91	0	0	0	0
AF	0	0.213304	274	187	87	0	0	0	0
AF	0	0.213616	244	156	88	0	0	0	0
AF	0	0.213929	325	226	99	0	0	0	0
AF	0	0.214241	248	162	86	0	0	0	0
AF	0	0.214553	257	174	83	0	0	0	0
AF	0	0.214866	305	192	113	0	0	0	0
AF	0	0.215178	250	166	84	0	0	0	0
AF	0	0.215490	287	200	87	0	0	0	0
AF	0	0.215803	292	189	103	0	0	0	0
AF	0	0.216115	274	173	101	0	0	0	0
AF	0	0.216427	271	185	86	0	0	0	0
AF	0	0.216740	337	218	119	0	0	0	0
AF	0	0.217052	349	242	107	0	0	0	0
AF	0	0.217364	232	163	69	0	0	0	0
AF	0	0.217676	238	155	83	0	0	0	0
AF	0	0.217989	214	147	67	0	0	0	0
AF	0	0.218301	280	181	99	0	0	0	0
AF	0	0.218613	231	145	86	0	0	0	0
AF	0	0.218926	212	152	60	0	0	0	0
AF	0	0.219238	218	138	80	0	0	0	0
AF	0	0.219550	271	175	96	0	0	0	0
AF	0	0.219863	246	166	80	0	0	0	0
AF	0	0.220175	225	158	67	0	0	0	0
AF	0	0.220487	294	209	85	0	0	0	0
AF	0	0.220800	223	136	87	0	0	0	0
AF	0	0.221112	273	180	93	0	0	0	0
AF	0	0.221424	263	181	82	0	0	0	0
AF	0	0.221736	296	195	101	0	0	0	0
AF	0	0.222049	268	174	94	0	0	0	0
AF	0	0.222361	277	189	88	0	0	0	0
AF	0	0.222673	251	153	98	0	0	0	0
AF	0	0.222986	241	167	74	0	0	0	0
AF	0	0.223298	256	170	86	0	0	0	0
AF	0	0.223610	240	156	84	0	0	0	0
AF	0	0.223923	296	199	97	0	0	0	0
AF	0	0.224235	238	161	77	0	0	0	0
AF	0	0.224547	247	158	89	0	0	0	0
AF	0	0.224859	262	165	97	0	0	0	0
AF	0	0.225172	243	156	87	0	0	0	0
AF	0	0.225484	273	192	81	0	0	0	0
AF	0	0.225796	293	200	93	0	0	0	0
AF	0	0.226109	262	174	88	0	0	0	0
AF	0	0.226421	234	177	57	0	0	0	0
AF	0	0.226733	255	169	86	0	0	0	0
AF	0	0.227046	276	177	99	0	0	0	0
AF	0	0.227358	293	179	114	0	0	0	0
AF	0	0.227670	305	197	108	0	0	0	0
AF	0	0.227983	225	154	71	0	0	0	0
AF	0	0.228295	336	213	123	0	0	0	0
AF	0	0.228607	259	166	93	0	0	0	0
AF	0	0.228919	281	188	93	0	0	0	0
AF	0	0.229232	316	215	101	0	0	0	0
AF	0	0.229544	244	176	68	0	0	0	0
AF	0	0.229856	291	192	99	0	0	0	0
AF	0	0.230169	296	197	99	0	0	0	0
AF	0	0.230481	294	189	105	0	0	0	0
AF	0	0.230793	260	163	97	0	0	0	0
AF	0	0.231106	231	159	72	0	0	0	0
AF	0	0.231418	213	148	65	0	0	0	0
AF	0	0.231730	194	132	62	0	0	0	0
AF	0	0.232042	218	131	87	0	0	0	0
AF	0	0.232355	208	138	70	0	0	0	0
AF	0	0.232667	224	153	71	0	0	0	0
AF	0	0.232979	216	147	69	0	0	0	0
AF	0	0.233292	308	207	101	0	0	0	0
AF	0	0.233604	234	146	88	0	0	0	0
AF	0	0.233916	220	134	86	0	0	0	0
AF	0	0.234229	271	198	73	0	0	0	0
AF	0	0.234541	215	144	71	0	0	0	0
AF	0	0.234853	201	137	64	0	0	0	0
AF	0	0.235166	203	129	74	0	0	0	0
AF	0	0.235478	258	176	82	0	0	0	0
AF	0	0.235790	235	140	95	0	0	0	0
AF	0	0.236102	240	157	83	0	0	0	0
AF	0	0.236415	240	151	89	0	0	0	0
AF	0	0.236727	202	141	61	0	0	0	0
AF	0	0.237039	280	175	105	0	0	0	0
AF	0	0.237352	241	152	89	0	0	0	0
AF	0	0.237664	233	154	79	0	0	0	0
AF	0	0.237976	213	149	64	0	0	0	0
AF	0	0.238289	225	151	74	0	0	0	0
AF	0	0.238601	209	134	75	0	0	0	0
AF	0	0.238913	210	140	70	0	0	0	0
AF	0	0.239225	279	193	86	0	0	0	0
AF	0	0.239538	260	165	95	0	0	0	0
AF	0	0.239850	270	184	86	0	0	0	0
AF	0	0.240162	198	127	71	0	0	0	0
AF	0	0.240475	203	137	66	0	0	0	0
AF	0	0.240787	249	159	90	0	0	0	0
AF	0	0.241099	219	141	78	0	0	0	0
AF	0	0.241412	233	154	79	0	0	0	0
AF	0	0.241724	207	141	66	0	0	0	0
AF	0	0.242036	220	149	71	0	0	0	0
AF	0	0.242349	249	179	70	0	0	0	0
AF	0	0.242661	251	172	79	0	0	0	0
AF	0	0.242973	218	151	67	0	0	0	0
AF	0	0.243285	207	128	79	0	0	0	0
AF	0	0.243598	198	134	64	0	0	0	0
AF	0	0.243910	224	151	73	0	0	0	0
AF	0	0.244222	225	161	64	0	0	0	0
AF	0	0.244535	212	139	73	0	0	0	0
AF	0	0.244847	207	143	64	0	0	0	0
AF	0	0.245159	301	200	101	0	0	0	0
AF	0	0.245472	224	151	73	0	0	0	0
AF	0	0.245784	250	154	96	0	0	0	0
AF	0	0.246096	242	170	72	0	0	0	0
AF	0	0.246408	212	144	68	0	0	0	0
AF	0	0.246721	241	164	77	0	0	0	0
AF	0	0.247033	233	148	85	0	0	0	0
AF	0	0.247345	243	175	68	0	0	0	0
AF	0	0.247658	264	174	90	0	0	0	0
AF	0	0.247970	235	158	77	0	0	0	0
AF	0	0.248282	262	194	68	0	0	0	0
AF	0	0.248595	218	158	60	0	0	0	0
AF	0	0.248907	212	136	76	0	0	0	0
AF	0	0.249219	265	180	85	0	0	0	0
AF	0	0.249532	282	198	84	0	0	0	0
AF	0	0.249844	257	169	88	0	0	0	0
AF	0	0.250156	198	132	66	0	0	0	0
AF	0	0.250468	235	149	86	0	0	0	0
AF	0	0.250781	207	145	62	0	0	0	0
AF	0	0.251093	264	184	80	0	0	0	0
AF	0	0.251405	242	163	79	0	0	0	0
AF	0	0.251718	222	153	69	0	0	0	0
AF	0	0.252030	204	130	74	0	0	0	0
AF	0	0.252342	190	126	64	0	0	0	0
AF	0	0.252655	202	138	64	0	0	0	0
AF	0	0.252967	242	160	82	0	0	0	0
AF	0	0.253279	212	139	73	0	0	0	0
AF	0	0.253592	245	170	75	0	0	0	0
AF	0	0.253904	244	169	75	0	0	0	0
AF	0	0.254216	235	152	83	0	0	0	0
AF	0	0.254528	210	139	71	0	0	0	0
AF	0	0.254841	233	157	76	0	0	0	0
AF	0	0.255153	219	152	67	0	0	0	0
AF	0	0.255465	256	153	103	0	0	0	0
AF	0	0.255778	219	154	65	0	0	0	0
AF	0	0.256090	261	192	69	0	0	0	0
AF	0	0.256402	244	156	88	0	0	0	0
AF	0	0.256715	205	138	67	0	0	0	0
AF	0	0.257027	210	132	78	0	0	0	0
AF	0	0.257339	185	118	67	0	0	0	0
AF	0	0.257651	215	153	62	0	0	0	0
AF	0	0.257964	208	144	64	0	0	0	0
AF	0	0.258276	219	157	62	0	0	0	0
AF	0	0.258588	271	184	87	0	0	0	0
AF	0	0.258901	189	127	62	0	0	0	0
AF	0	0.259213	188	130	58	0	0	0	0
AF	0	0.259525	217	151	66	0	0	0	0
AF	0	0.259838	211	127	84	0	0	0	0
AF	0	0.260150	189	117	72	0	0	0	0
AF	0	0.260462	193	129	64	0	0	0	0
AF	0	0.260775	211	151	60	0	0	0	0
AF	0	0.261087	185	129	56	0	0	0	0
AF	0	0.261399	213	137	76	0	0	0	0
AF	0	0.261711	372	253	119	0	0	0	0
AF	0	0.262024	348	221	127	0	0	0	0
AF	0	0.262336	266	178	88	0	0	0	0
AF	0	0.262648	192	125	67	0	0	0	0
AF	0	0.262961	208	133	75	0	0	0	0
AF	0	0.263273	226	155	71	0	0	0	0
AF	0	0.263585	251	161	90	0	0	0	0
AF	0	0.263898	238	148	90	0	0	0	0
AF	0	0.264210	203	128	75	0	0	0	0
AF	0	0.264522	226	149	77	0	0	0	0
AF	0	0.264834	248	164	84	0	0	0	0
AF	0	0.265147	181	121	60	0	0	0	0
AF	0	0.265459	219	135	84	0	0	0	0
AF	0	0.265771	258	168	90	0	0	0	0
AF	0	0.266084	232	159	73	0	0	0	0
AF	0	0.266396	276	182	94	0	0	0	0
AF	0	0.266708	315	208	107	0	0	0	0
AF	0	0.267021	223	152	71	0	0	0	0
AF	0	0.267333	207	139	68	0	0	0	0
AF	0	0.267645	195	120	75	0	0	0	0
AF	0	0.267958	192	133	59	0	0	0	0
AF	0	0.268270	248	166	82	0	0	0	0
AF	0	0.268582	261	182	79	0	0	0	0
AF	0	0.268894	236	158	78	0	0	0	0
AF	0	0.269207	239	155	84	0	0	0	0
AF	0	0.269519	219	140	79	0	0	0	0
AF	0	0.269831	235	150	85	0	0	0	0
AF	0	0.270144	181	124	57	0	0	0	0
AF	0	0.270456	262	171	91	0	0	0	0
AF	0	0.270768	248	174	74	0	0	0	0
AF	0	0.271081	189	125	64	0	0	0	0
AF	0	0.271393	287	204	83	0	0	0	0
AF	0	0.271705	221	143	78	0	0	0	0
AF	0	0.272017	192	136	56	0	0	0	0
AF	0	0.272330	206	138	68	0	0	0	0
AF	0	0.272642	236	159	77	0	0	0	0
AF	0	0.272954	193	129	64	0	0	0	0
AF	0	0.273267	219	155	64	0	0	0	0
AF	0	0.273579	209	143	66	0	0	0	0
AF	0	0.273891	199	127	72	0	0	0	0
AF	0	0.274204	253	175	78	0	0	0	0
AF	0	0.274516	207	128	79	0	0	0	0
AF	0	0.274828	186	127	59	0	0	0	0
AF	0	0.275141	196	129	67	0	0	0	0
AF	0	0.275453	261	179	82	0	0	0	0
AF	0	0.275765	323	219	104	0	0	0	0
AF	0	0.276077	209	140	69	0	0	0	0
AF	0	0.276390	195	125	70	0	0	0	0
AF	0	0.276702	213	144	69	0	0	0	0
AF	0	0.277014	176	116	60	0	0	0	0
AF	0	0.277327	200	137	63	0	0	0	0
AF	0	0.277639	238	151	87	0	0	0	0
AF	0	0.277951	227	149	78	0	0	0	0
AF	0	0.278264	202	134	68	0	0	0	0
AF	0	0.278576	225	153	72	0	0	0	0
AF	0	0.278888	174	120	54	0	0	0	0
AF	0	0.279200	197	134	63	0	0	0	0
AF	0	0.279513	240	156	84	0	0	0	0
AF	0	0.279825	226	138	88	0	0	0	0
AF	0	0.280137	231	158	73	0	0	0	0
AF	0	0.280450	269	170	99	0	0	0	0
AF	0	0.280762	164	119	45	0	0	0	0
AF	0	0.281074	166	109	57	0	0	0	0
AF	0	0.281387	247	159	88	0	0	0	0
AF	0	0.281699	189	123	66	0	0	0	0
AF	0	0.282011	180	125	55	0	0	0	0
AF	0	0.282324	198	125	73	0	0	0	0
AF	0	0.282636	174	125	49	0	0	0	0
AF	0	0.282948	172	117	55	0	0	0	0
AF	0	0.283260	153	108	45	0	0	0	0
AF	0	0.283573	188	134	54	0	0	0	0
AF	0	0.283885	199	135	64	0	0	0	0
AF	0	0.284197	229	147	82	0	0	0	0
AF	0	0.284510	254	175	79	0	0	0	0
AF	0	0.284822	301	214	87	0	0	0	0
AF	0	0.285134	362	251	111	0	0	0	0
AF	0	0.285447	232	156	76	0	0	0	0
AF	0	0.285759	214	147	67	0	0	0	0
AF	0	0.286071	230	144	86	0	0	0	0
AF	0	0.286384	213	146	67	0	0	0	0
AF	0	0.286696	190	126	64	0	0	0	0
AF	0	0.287008	194	138	56	0	0	0	0
AF	0	0.287320	181	111	70	0	0	0	0
AF	0	0.287633	232	154	78	0	0	0	0
AF	0	0.287945	201	144	57	0	0	0	0
AF	0	0.288257	199	134	65	0	0	0	0
AF	0	0.288570	222	153	69	0	0	0	0
AF	0	0.288882	185	118	67	0	0	0	0
AF	0	0.289194	199	127	72	0	0	0	0
AF	0	0.289507	215	145	70	0	0	0	0
AF	0	0.289819	174	116	58	0	0	0	0
AF	0	0.290131	173	118	55	0	0	0	0
AF	0	0.290443	167	116	51	0	0	0	0
AF	0	0.290756	176	130	46	0	0	0	0
AF	0	0.291068	192	129	63	0	0	0	0
AF	0	0.291380	195	126	69	0	0	0	0
AF	0	0.291693	233	160	73	0	0	0	0
AF	0	0.292005	205	138	67	0	0	0	0
AF	0	0.292317	210	146	64	0	0	0	0
AF	0	0.292630	221	147	74	0	0	0	0
AF	0	0.292942	184	114	70	0	0	0	0
AF	0	0.293254	161	112	49	0	0	0	0
AF	0	0.293567	173	97	76	0	0	0	0
AF	0	0.293879	178	109	69	0	0	0	0
AF	0	0.294191	185	127	58	0	0	0	0
AF	0	0.294503	179	121	58	0	0	0	0
AF	0	0.294816	182	119	63	0	0	0	0
AF	0	0.295128	199	143	56	0	0	0	0
AF	0	0.295440	202	129	73	0	0	0	0
AF	0	0.295753	214	133	81	0	0	0	0
AF	0	0.296065	171	109	62	0	0	0	0
AF	0	0.296377	206	140	66	0	0	0	0
AF	0	0.296690	172	114	58	0	0	0	0
AF	0	0.297002	168	104	64	0	0	0	0
AF	0	0.297314	191	123	68	0	0	0	0
AF	0	0.297626	174	117	57	0	0	0	0
AF	0	0.297939	144	87	57	0	0	0	0
AF	0	0.298251	193	126	67	0	0	0	0
AF	0	0.298563	167	113	54	0	0	0	0
AF	0	0.298876	160	104	56	0	0	0	0
AF	0	0.299188	172	116	56	0	0	0	0
AF	0	0.299500	221	152	69	0	0	0	0
AF	0	0.299813	210	142	68	0	0	0	0
AF	0	0.300125	232	149	83	0	0	0	0
AF	0	0.300437	197	125	72	0	0	0	0
AF	0	0.300750	188	126	62	0	0	0	0
AF	0	0.301062	163	101	62	0	0	0	0
AF	0	0.301374	169	117	52	0	0	0	0
AF	0	0.301686	166	108	58	0	0	0	0
AF	0	0.301999	182	116	66	0	0	0	0
AF	0	0.302311	156	108	48	0	0	0	0
AF	0	0.302623	167	113	54	0	0	0	0
AF	0	0.302936	175	128	47	0	0	0	0
AF	0	0.303248	157	116	41	0	0	0	0
AF	0	0.303560	148	98	50	0	0	0	0
AF	0	0.303873	161	107	54	0	0	0	0
AF	0	0.304185	174	102	72	0	0	0	0
AF	0	0.304497	147	100	47	0	0	0	0
AF	0	0.304809	186	134	52	0	0	0	0
AF	0	0.305122	190	118	72	0	0	0	0
AF	0	0.305434	326	206	120	0	0	0	0
AF	0	0.305746	187	128	59	0	0	0	0
AF	0	0.306059	167	106	61	0	0	0	0
AF	0	0.306371	238	149	89	0	0	0	0
AF	0	0.306683	206	136	70	0	0	0	0
AF	0	0.306996	244	163	81	0	0	0	0
AF	0	0.307308	173	116	57	0	0	0	0
AF	0	0.307620	227	153	74	0	0	0	0
AF	0	0.307933	157	108	49	0	0	0	0
AF	0	0.308245	148	105	43	0	0	0	0
AF	0	0.308557	172	116	56	0	0	0	0
AF	0	0.308869	148	94	54	0	0	0	0
AF	0	0.309182	134	96	38	0	0	0	0
AF	0	0.309494	184	113	71	0	0	0	0
AF	0	0.309806	176	118	58	0	0	0	0
AF	0	0.310119	143	93	50	0	0	0	0
AF	0	0.310431	162	96	66	0	0	0	0
AF	0	0.310743	163	112	51	0	0	0	0
AF	0	0.311056	190	124	66	0	0	0	0
AF	0	0.311368	171	117	54	0	0	0	0
AF	0	0.311680	187	134	53	0	0	0	0
AF	0	0.311993	186	128	58	0	0	0	0
AF	0	0.312305	187	116	71	0	0	0	0
AF	0	0.312617	192	142	50	0	0	0	0
AF	0	0.312929	154	111	43	0	0	0	0
AF	0	0.313242	182	131	51	0	0	0	0
AF	0	0.313554	174	118	56	0	0	0	0
AF	0	0.313866	147	91	56	0	0	0	0
AF	0	0.314179	174	115	59	0	0	0	0
AF	0	0.314491	197	139	58	0	0	0	0
AF	0	0.314803	167	115	52	0	0	0	0
AF	0	0.315116	147	104	43	0	0	0	0
AF	0	0.315428	207	141	66	0	0	0	0
AF	0	0.315740	150	105	45	0	0	0	0
AF	0	0.316052	148	100	48	0	0	0	0
AF	0	0.316365	198	123	75	0	0	0	0
AF	0	0.316677	139	93	46	0	0	0	0
AF	0	0.316989	148	106	42	0	0	0	0
AF	0	0.317302	143	97	46	0	0	0	0
AF	0	0.317614	213	144	69	0	0	0	0
AF	0	0.317926	142	97	45	0	0	0	0
AF	0	0.318239	191	125	66	0	0	0	0
AF	0	0.318551	178	120	58	0	0	0	0
AF	0	0.318863	174	118	56	0	0	0	0
AF	0	0.319176	188	123	65	0	0	0	0
AF	0	0.319488	146	100	46	0	0	0	0
AF	0	0.319800	165	94	71	0	0	0	0
AF	0	0.320112	174	116	58	0	0	0	0
AF	0	0.320425	162	93	69	0	0	0	0
AF	0	0.320737	154	102	52	0	0	0	0
AF	0	0.321049	165	108	57	0	0	0	0
AF	0	0.321362	155	105	50	0	0	0	0
AF	0	0.321674	296	201	95	0	0	0	0
AF	0	0.321986	153	106	47	0	0	0	0
AF	0	0.322299	183	112	71	0	0	0	0
AF	0	0.322611	157	104	53	0	0	0	0
AF	0	0.322923	145	90	55	0	0	0	0
AF	0	0.323235	140	98	42	0	0	0	0
AF	0	0.323548	165	119	46	0	0	0	0
AF	0	0.323860	173	110	63	0	0	0	0
AF	0	0.324172	186	128	58	0	0	0	0
AF	0	0.324485	148	91	57	0	0	0	0
AF	0	0.324797	158	113	45	0	0	0	0
AF	0	0.325109	272	180	92	0	0	0	0
AF	0	0.325422	161	120	41	0	0	0	0
AF	0	0.325734	184	128	56	0	0	0	0
AF	0	0.326046	270	178	92	0	0	0	0
AF	0	0.326359	212	147	65	0	0	0	0
AF	0	0.326671	214	141	73	0	0	0	0
AF	0	0.326983	146	101	45	0	0	0	0
AF	0	0.327295	143	90	53	0	0	0	0
AF	0	0.327608	184	120	64	0	0	0	0
AF	0	0.327920	156	108	48	0	0	0	0
AF	0	0.328232	161	106	55	0	0	0	0
AF	0	0.328545	135	89	46	0	0	0	0
AF	0	0.328857	185	124	61	0	0	0	0
AF	0	0.329169	152	105	47	0	0	0	0
AF	0	0.329482	142	99	43	0	0	0	0
AF	0	0.329794	166	105	61	0	0	0	0
AF	0	0.330106	171	116	55	0	0	0	0
AF	0	0.330418	183	121	62	0	0	0	0
AF	0	0.330731	173	118	55	0	0	0	0
AF	0	0.331043	150	110	40	0	0	0	0
AF	0	0.331355	174	107	67	0	0	0	0
AF	0	0.331668	195	121	74	0	0	0	0
AF	0	0.331980	142	95	47	0	0	0	0
AF	0	0.332292	150	95	55	0	0	0	0
AF	0	0.332605	205	124	81	0	0	0	0
AF	0	0.332917	164	103	61	0	0	0	0
AF	0	0.333229	186	121	65	0	0	0	0
AF	0	0.333542	171	113	58	0	0	0	0
AF	0	0.333854	257	180	77	0	0	0	0
AF	0	0.334166	177	116	61	0	0	0	0
AF	0	0.334478	179	126	53	0	0	0	0
AF	0	0.334791	131	83	48	0	0	0	0
AF	0	0.335103	152	102	50	0	0	0	0
AF	0	0.335415	151	110	41	0	0	0	0
AF	0	0.335728	158	111	47	0	0	0	0
AF	0	0.336040	165	113	52	0	0	0	0
AF	0	0.336352	214	147	67	0	0	0	0
AF	0	0.336665	169	107	62	0	0	0	0
AF	0	0.336977	196	118	78	0	0	0	0
AF	0	0.337289	162	109	53	0	0	0	0
AF	0	0.337601	205	139	66	0	0	0	0
AF	0	0.337914	136	96	40	0	0	0	0
AF	0	0.338226	156	103	53	0	0	0	0
AF	0	0.338538	168	118	50	0	0	0	0
AF	0	0.338851	162	109	53	0	0	0	0
AF	0	0.339163	172	114	58	0	0	0	0
AF	0	0.339475	157	103	54	0	0	0	0
AF	0	0.339788	171	114	57	0	0	0	0
AF	0	0.340100	159	114	45	0	0	0	0
AF	0	0.340412	159	104	55	0	0	0	0
AF	0	0.340725	137	94	43	0	0	0	0
AF	0	0.341037	129	89	40	0	0	0	0
AF	0	0.341349	165	108	57	0	0	0	0
AF	0	0.341661	164	108	56	0	0	0	0
AF	0	0.341974	199	127	72	0	0	0	0
AF	0	0.342286	178	125	53	0	0	0	0
AF	0	0.342598	162	96	66	0	0	0	0
AF	0	0.342911	128	82	46	0	0	0	0
AF	0	0.343223	141	99	42	0	0	0	0
AF	0	0.343535	184	111	73	0	0	0	0
AF	0	0.343848	149	106	43	0	0	0	0
AF	0	0.344160	161	104	57	0	0	0	0
AF	0	0.344472	166	117	49	0	0	0	0
AF	0	0.344785	119	85	34	0	0	0	0
AF	0	0.345097	104	72	32	0	0	0	0
AF	0	0.345409	111	76	35	0	0	0	0
AF	0	0.345721	128	81	47	0	0	0	0
AF	0	0.346034	150	102	48	0	0	0	0
AF	0	0.346346	135	92	43	0	0	0	0
AF	0	0.346658	123	83	40	0	0	0	0
AF	0	0.346971	152	98	54	0	0	0	0
AF	0	0.347283	133	90	43	0	0	0	0
AF	0	0.347595	121	72	49	0	0	0	0
AF	0	0.347908	144	98	46	0	0	0	0
AF	0	0.348220	135	93	42	0	0	0	0
AF	0	0.348532	174	117	57	0	0	0	0
AF	0	0.348844	184	117	67	0	0	0	0
AF	0	0.349157	158	107	51	0	0	0	0
AF	0	0.349469	119	82	37	0	0	0	0
AF	0	0.349781	131	93	38	0	0	0	0
AF	0	0.350094	157	108	49	0	0	0	0
AF	0	0.350406	178	126	52	0	0	0	0
AF	0	0.350718	164	116	48	0	0	0	0
AF	0	0.351031	150	92	58	0	0	0	0
AF	0	0.351343	146	99	47	0	0	0	0
AF	0	0.351655	142	97	45	0	0	0	0
AF	0	0.351968	144	99	45	0	0	0	0
AF	0	0.352280	142	92	50	0	0	0	0
AF	0	0.352592	168	115	53	0	0	0	0
AF	0	0.352904	155	89	66	0	0	0	0
AF	0	0.353217	138	86	52	0	0	0	0
AF	0	0.353529	139	101	38	0	0	0	0
AF	0	0.353841	162	107	55	0	0	0	0
AF	0	0.354154	152	108	44	0	0	0	0
AF	0	0.354466	128	85	43	0	0	0	0
AF	0	0.354778	142	93	49	0	0	0	0
AF	0	0.355091	145	108	37	0	0	0	0
AF	0	0.355403	152	99	53	0	0	0	0
AF	0	0.355715	122	78	44	0	0	0	0
AF	0	0.356027	150	92	58	0	0	0	0
AF	0	0.356340	133	91	42	0	0	0	0
AF	0	0.356652	157	117	40	0	0	0	0
AF	0	0.356964	139	98	41	0	0	0	0
AF	0	0.357277	164	114	50	0	0	0	0
AF	0	0.357589	141	94	47	0	0	0	0
AF	0	0.357901	114	79	35	0	0	0	0
AF	0	0.358214	156	110	46	0	0	0	0
AF	0	0.358526	156	105	51	0	0	0	0
AF	0	0.358838	129	79	50	0	0	0	0
AF	0	0.359151	179	129	50	0	0	0	0
AF	0	0.359463	129	91	38	0	0	0	0
AF	0	0.359775	127	85	42	0	0	0	0
AF	0	0.360087	148	102	46	0	0	0	0
AF	0	0.360400	131	95	36	0	0	0	0
AF	0	0.360712	130	86	44	0	0	0	0
AF	0	0.361024	147	106	41	0	0	0	0
AF	0	0.361337	133	88	45	0	0	0	0
AF	0	0.361649	173	121	52	0	0	0	0
AF	0	0.361961	135	84	51	0	0	0	0
AF	0	0.362274	160	100	60	0	0	0	0
AF	0	0.362586	143	106	37	0	0	0	0
AF	0	0.362898	139	93	46	0	0	0	0
AF	0	0.363210	123	85	38	0	0	0	0
AF	0	0.363523	98	65	33	0	0	0	0
AF	0	0.363835	127	87	40	0	0	0	0
AF	0	0.364147	215	150	65	0	0	0	0
AF	0	0.364460	116	65	51	0	0	0	0
AF	0	0.364772	111	79	32	0	0	0	0
AF	0	0.365084	142	90	52	0	0	0	0
AF	0	0.365397	147	91	56	0	0	0	0
AF	0	0.365709	135	92	43	0	0	0	0
AF	0	0.366021	119	78	41	0	0	0	0
AF	0	0.366334	161	103	58	0	0	0	0
AF	0	0.366646	158	102	56	0	0	0	0
AF	0	0.366958	127	90	37	0	0	0	0
AF	0	0.367270	116	76	40	0	0	0	0
AF	0	0.367583	122	67	55	0	0	0	0
AF	0	0.367895	169	104	65	0	0	0	0
AF	0	0.368207	154	104	50	0	0	0	0
AF	0	0.368520	164	101	63	0	0	0	0
AF	0	0.368832	107	72	35	0	0	0	0
AF	0	0.369144	140	97	43	0	0	0	0
AF	0	0.369457	119	82	37	0	0	0	0
AF	0	0.369769	128	89	39	0	0	0	0
AF	0	0.370081	101	66	35	0	0	0	0
AF	0	0.370394	109	74	35	0	0	0	0
AF	0	0.370706	136	81	55	0	0	0	0
AF	0	0.371018	228	154	74	0	0	0	0
AF	0	0.371330	158	107	51	0	0	0	0
AF	0	0.371643	150	96	54	0	0	0	0
AF	0	0.371955	131	90	41	0	0	0	0
AF	0	0.372267	150	97	53	0	0	0	0
AF	0	0.372580	156	105	51	0	0	0	0
AF	0	0.372892	149	101	48	0	0	0	0
AF	0	0.373204	135	97	38	0	0	0	0
AF	0	0.373517	178	119	59	0	0	0	0
AF	0	0.373829	346	239	107	0	0	0	0
AF	0	0.374141	151	90	61	0	0	0	0
AF	0	0.374453	218	134	84	0	0	0	0
AF	0	0.374766	139	89	50	0	0	0	0
AF	0	0.375078	129	82	47	0	0	0	0
AF	0	0.375390	157	108	49	0	0	0	0
AF	0	0.375703	152	102	50	0	0	0	0
AF	0	0.376015	288	196	92	0	0	0	0
AF	0	0.376327	237	169	68	0	0	0	0
AF	0	0.376640	189	139	50	0	0	0	0
AF	0	0.376952	193	130	63	0	0	0	0
AF	0	0.377264	112	79	33	0	0	0	0
AF	0	0.377577	136	93	43	0	0	0	0
AF	0	0.377889	188	130	58	0	0	0	0
AF	0	0.378201	158	104	54	0	0	0	0
AF	0	0.378513	154	104	50	0	0	0	0
AF	0	0.378826	144	91	53	0	0	0	0
AF	0	0.379138	148	90	58	0	0	0	0
AF	0	0.379450	142	101	41	0	0	0	0
AF	0	0.379763	136	97	39	0	0	0	0
AF	0	0.380075	141	95	46	0	0	0	0
AF	0	0.380387	141	99	42	0	0	0	0
AF	0	0.380700	125	89	36	0	0	0	0
AF	0	0.381012	132	77	55	0	0	0	0
AF	0	0.381324	130	87	43	0	0	0	0
AF	0	0.381636	156	109	47	0	0	0	0
AF	0	0.381949	148	97	51	0	0	0	0
AF	0	0.382261	129	83	46	0	0	0	0
AF	0	0.382573	182	116	66	0	0	0	0
AF	0	0.382886	175	121	54	0	0	0	0
AF	0	0.383198	147	96	51	0	0	0	0
AF	0	0.383510	177	116	61	0	0	0	0
AF	0	0.383823	190	132	58	0	0	0	0
AF	0	0.384135	160	110	50	0	0	0	0
AF	0	0.384447	152	104	48	0	0	0	0
AF	0	0.384760	169	107	62	0	0	0	0
AF	0	0.385072	145	98	47	0	0	0	0
AF	0	0.385384	197	135	62	0	0	0	0
AF	0	0.385696	136	86	50	0	0	0	0
AF	0	0.386009	145	99	46	0	0	0	0
AF	0	0.386321	127	77	50	0	0	0	0
AF	0	0.386633	148	99	49	0	0	0	0
AF	0	0.386946	135	96	39	0	0	0	0
AF	0	0.387258	135	94	41	0	0	0	0
AF	0	0.387570	126	80	46	0	0	0	0
AF	0	0.387883	149	92	57	0	0	0	0
AF	0	0.388195	164	106	58	0	0	0	0
AF	0	0.388507	169	123	46	0	0	0	0
AF	0	0.388819	169	108	61	0	0	0	0
AF	0	0.389132	129	90	39	0	0	0	0
AF	0	0.389444	120	81	39	0	0	0	0
AF	0	0.389756	191	115	76	0	0	0	0
AF	0	0.390069	155	95	60	0	0	0	0
AF	0	0.390381	161	108	53	0	0	0	0
AF	0	0.390693	148	96	52	0	0	0	0
AF	0	0.391006	116	75	41	0	0	0	0
AF	0	0.391318	108	72	36	0	0	0	0
AF	0	0.391630	113	79	34	0	0	0	0
AF	0	0.391943	136	92	44	0	0	0	0
AF	0	0.392255	113	75	38	0	0	0	0
AF	0	0.392567	103	64	39	0	0	0	0
AF	0	0.392879	136	87	49	0	0	0	0
AF	0	0.393192	131	80	51	0	0	0	0
AF	0	0.393504	105	65	40	0	0	0	0
AF	0	0.393816	121	90	31	0	0	0	0
AF	0	0.394129	166	116	50	0	0	0	0
AF	0	0.394441	148	94	54	0	0	0	0
AF	0	0.394753	163	119	44	0	0	0	0
AF	0	0.395066	110	69	41	0	0	0	0
AF	0	0.395378	97	57	40	0	0	0	0
AF	0	0.395690	110	74	36	0	0	0	0
AF	0	0.396002	137	92	45	0	0	0	0
AF	0	0.396315	114	69	45	0	0	0	0
AF	0	0.396627	128	89	39	0	0	0	0
AF	0	0.396939	116	84	32	0	0	0	0
AF	0	0.397252	134	85	49	0	0	0	0
AF	0	0.397564	101	58	43	0	0	0	0
AF	0	0.397876	137	95	42	0	0	0	0
AF	0	0.398189	178	118	60	0	0	0	0
AF	0	0.398501	131	88	43	0	0	0	0
AF	0	0.398813	152	97	55	0	0	0	0
AF	0	0.399126	147	98	49	0	0	0	0
AF	0	0.399438	160	104	56	0	0	0	0
AF	0	0.399750	119	70	49	0	0	0	0
AF	0	0.400062	147	89	58	0	0	0	0
AF	0	0.400375	152	89	63	0	0	0	0
AF	0	0.400687	128	83	45	0	0	0	0
AF	0	0.400999	147	99	48	0	0	0	0
AF	0	0.401312	157	104	53	0	0	0	0
AF	0	0.401624	164	115	49	0	0	0	0
AF	0	0.401936	133	84	49	0	0	0	0
AF	0	0.402249	138	97	41	0	0	0	0
AF	0	0.402561	135	87	48	0	0	0	0
AF	0	0.402873	136	99	37	0	0	0	0
AF	0	0.403186	138	90	48	0	0	0	0
AF	0	0.403498	145	97	48	0	0	0	0
AF	0	0.403810	181	114	67	0	0	0	0
AF	0	0.404122	151	100	51	0	0	0	0
AF	0	0.404435	123	77	46	0	0	0	0
AF	0	0.404747	136	94	42	0	0	0	0
AF	0	0.405059	133	83	50	0	0	0	0
AF	0	0.405372	118	72	46	0	0	0	0
AF	0	0.405684	130	91	39	0	0	0	0
AF	0	0.405996	113	68	45	0	0	0	0
AF	0	0.406309	116	76	40	0	0	0	0
AF	0	0.406621	146	96	50	0	0	0	0
AF	0	0.406933	152	97	55	0	0	0	0
AF	0	0.407245	140	81	59	0	0	0	0
AF	0	0.407558	136	90	46	0	0	0	0
AF	0	0.407870	132	91	41	0	0	0	0
AF	0	0.408182	167	122	45	0	0	0	0
AF	0	0.408495	151	101	50	0	0	0	0
AF	0	0.408807	133	94	39	0	0	0	0
AF	0	0.409119	139	94	45	0	0	0	0
AF	0	0.409432	120	83	37	0	0	0	0
AF	0	0.409744	167	108	59	0	0	0	0
AF	0	0.410056	153	102	51	0	0	0	0
AF	0	0.410369	166	112	54	0	0	0	0
AF	0	0.410681	109	63	46	0	0	0	0
AF	0	0.410993	105	70	35	0	0	0	0
AF	0	0.411305	131	91	40	0	0	0	0
AF	0	0.411618	150	89	61	0	0	0	0
AF	0	0.411930	137	85	52	0	0	0	0
AF	0	0.412242	165	108	57	0	0	0	0
AF	0	0.412555	140	87	53	0	0	0	0
AF	0	0.412867	147	92	55	0	0	0	0
AF	0	0.413179	164	102	62	0	0	0	0
AF	0	0.413492	99	76	23	0	0	0	0
AF	0	0.413804	148	88	60	0	0	0	0
AF	0	0.414116	170	111	59	0	0	0	0
AF	0	0.414428	117	87	30	0	0	0	0
AF	0	0.414741	109	61	48	0	0	0	0
AF	0	0.415053	139	80	59	0	0	0	0
AF	0	0.415365	107	65	42	0	0	0	0
AF	0	0.415678	137	80	57	0	0	0	0
AF	0	0.415990	148	98	50	0	0	0	0
AF	0	0.416302	143	92	51	0	0	0	0
AF	0	0.416615	123	81	42	0	0	0	0
AF	0	0.416927	111	78	33	0	0	0	0
AF	0	0.417239	98	62	36	0	0	0	0
AF	0	0.417552	113	77	36	0	0	0	0
AF	0	0.417864	130	84	46	0	0	0	0
AF	0	0.418176	150	94	56	0	0	0	0
AF	0	0.418488	142	86	56	0	0	0	0
AF	0	0.418801	143	95	48	0	0	0	0
AF	0	0.419113	123	76	47	0	0	0	0
AF	0	0.419425	124	74	50	0	0	0	0
AF	0	0.419738	123	80	43	0	0	0	0
AF	0	0.420050	138	81	57	0	0	0	0
AF	0	0.420362	120	86	34	0	0	0	0
AF	0	0.420675	179	114	65	0	0	0	0
AF	0	0.420987	172	107	65	0	0	0	0
AF	0	0.421299	147	98	49	0	0	0	0
AF	0	0.421611	146	103	43	0	0	0	0
AF	0	0.421924	130	87	43	0	0	0	0
AF	0	0.422236	149	104	45	0	0	0	0
AF	0	0.422548	155	105	50	0	0	0	0
AF	0	0.422861	152	111	41	0	0	0	0
AF	0	0.423173	141	92	49	0	0	0	0
AF	0	0.423485	105	81	24	0	0	0	0
AF	0	0.423798	95	68	27	0	0	0	0
AF	0	0.424110	137	95	42	0	0	0	0
AF	0	0.424422	115	85	30	0	0	0	0
AF	0	0.424735	141	95	46	0	0	0	0
AF	0	0.425047	132	90	42	0	0	0	0
AF	0	0.425359	141	96	45	0	0	0	0
AF	0	0.425671	122	76	46	0	0	0	0
AF	0	0.425984	138	97	41	0	0	0	0
AF	0	0.426296	107	67	40	0	0	0	0
AF	0	0.426608	147	106	41	0	0	0	0
AF	0	0.426921	149	91	58	0	0	0	0
AF	0	0.427233	133	91	42	0	0	0	0
AF	0	0.427545	126	92	34	0	0	0	0
AF	0	0.427858	111	73	38	0	0	0	0
AF	0	0.428170	88	50	38	0	0	0	0
AF	0	0.428482	110	68	42	0	0	0	0
AF	0	0.428795	124	89	35	0	0	0	0
AF	0	0.429107	133	96	37	0	0	0	0
AF	0	0.429419	181	126	55	0	0	0	0
AF	0	0.429731	148	97	51	0	0	0	0
AF	0	0.430044	115	81	34	0	0	0	0
AF	0	0.430356	135	90	45	0	0	0	0
AF	0	0.430668	112	74	38	0	0	0	0
AF	0	0.430981	144	90	54	0	0	0	0
AF	0	0.431293	134	85	49	0	0	0	0
AF	0	0.431605	122	84	38	0	0	0	0
AF	0	0.431918	137	94	43	0	0	0	0
AF	0	0.432230	132	88	44	0	0	0	0
AF	0	0.432542	115	81	34	0	0	0	0
AF	0	0.432854	109	63	46	0	0	0	0
AF	0	0.433167	119	80	39	0	0	0	0
AF	0	0.433479	109	71	38	0	0	0	0
AF	0	0.433791	97	62	35	0	0	0	0
AF	0	0.434104	93	60	33	0	0	0	0
AF	0	0.434416	116	78	38	0	0	0	0
AF	0	0.434728	179	120	59	0	0	0	0
AF	0	0.435041	158	107	51	0	0	0	0
AF	0	0.435353	155	102	53	0	0	0	0
AF	0	0.435665	136	94	42	0	0	0	0
AF	0	0.435978	161	108	53	0	0	0	0
AF	0	0.436290	162	117	45	0	0	0	0
AF	0	0.436602	128	81	47	0	0	0	0
AF	0	0.436914	89	58	31	0	0	0	0
AF	0	0.437227	117	82	35	0	0	0	0
AF	0	0.437539	81	53	28	0	0	0	0
AF	0	0.437851	78	52	26	0	0	0	0
AF	0	0.438164	75	53	22	0	0	0	0
AF	0	0.438476	108	74	34	0	0	0	0
AF	0	0.438788	124	84	40	0	0	0	0
AF	0	0.439101	126	96	30	0	0	0	0
AF	0	0.439413	166	103	63	0	0	0	0
AF	0	0.439725	135	97	38	0	0	0	0
AF	0	0.440037	121	83	38	0	0	0	0
AF	0	0.440350	163	110	53	0	0	0	0
AF	0	0.440662	131	94	37	0	0	0	0
AF	0	0.440974	117	83	34	0	0	0	0
AF	0	0.441287	127	101	26	0	0	0	0
AF	0	0.441599	101	71	30	0	0	0	0
AF	0	0.441911	163	107	56	0	0	0	0
AF	0	0.442224	104	73	31	0	0	0	0
AF	0	0.442536	98	61	37	0	0	0	0
AF	0	0.442848	135	90	45	0	0	0	0
AF	0	0.443161	91	64	27	0	0	0	0
AF	0	0.443473	113	76	37	0	0	0	0
AF	0	0.443785	127	84	43	0	0	0	0
AF	0	0.444097	238	157	81	0	0	0	0
AF	0	0.444410	120	83	37	0	0	0	0
AF	0	0.444722	146	103	43	0	0	0	0
AF	0	0.445034	123	86	37	0	0	0	0
AF	0	0.445347	129	90	39	0	0	0	0
AF	0	0.445659	135	92	43	0	0	0	0
AF	0	0.445971	162	107	55	0	0	0	0
AF	0	0.446284	123	86	37	0	0	0	0
AF	0	0.446596	125	84	41	0	0	0	0
AF	0	0.446908	146	87	59	0	0	0	0
AF	0	0.447220	117	81	36	0	0	0	0
AF	0	0.447533	107	72	35	0	0	0	0
AF	0	0.447845	109	68	41	0	0	0	0
AF	0	0.448157	88	62	26	0	0	0	0
AF	0	0.448470	132	90	42	0	0	0	0
AF	0	0.448782	108	68	40	0	0	0	0
AF	0	0.449094	123	81	42	0	0	0	0
AF	0	0.449407	120	76	44	0	0	0	0
AF	0	0.449719	110	73	37	0	0	0	0
AF	0	0.450031	112	81	31	0	0	0	0
AF	0	0.450344	90	56	34	0	0	0	0
AF	0	0.450656	126	94	32	0	0	0	0
AF	0	0.450968	133	98	35	0	0	0	0
AF	0	0.451280	84	58	26	0	0	0	0
AF	0	0.451593	117	75	42	0	0	0	0
AF	0	0.451905	146	96	50	0	0	0	0
AF	0	0.452217	131	91	40	0	0	0	0
AF	0	0.452530	126	79	47	0	0	0	0
AF	0	0.452842	129	81	48	0	0	0	0
AF	0	0.453154	123	78	45	0	0	0	0
AF	0	0.453467	114	79	35	0	0	0	0
AF	0	0.453779	112	87	25	0	0	0	0
AF	0	0.454091	97	65	32	0	0	0	0
AF	0	0.454403	119	82	37	0	0	0	0
AF	0	0.454716	119	89	30	0	0	0	0
AF	0	0.455028	113	78	35	0	0	0	0
AF	0	0.455340	121	88	33	0	0	0	0
AF	0	0.455653	120	79	41	0	0	0	0
AF	0	0.455965	108	68	40	0	0	0	0
AF	0	0.456277	124	77	47	0	0	0	0
AF	0	0.456590	159	100	59	0	0	0	0
AF	0	0.456902	126	83	43	0	0	0	0
AF	0	0.457214	90	58	32	0	0	0	0
AF	0	0.457527	107	69	38	0	0	0	0
AF	0	0.457839	140	94	46	0	0	0	0
AF	0	0.458151	123	84	39	0	0	0	0
AF	0	0.458463	84	55	29	0	0	0	0
AF	0	0.458776	120	79	41	0	0	0	0
AF	0	0.459088	122	81	41	0	0	0	0
AF	0	0.459400	128	85	43	0	0	0	0
AF	0	0.459713	167	110	57	0	0	0	0
AF	0	0.460025	160	108	52	0	0	0	0
AF	0	0.460337	134	95	39	0	0	0	0
AF	0	0.460650	141	92	49	0	0	0	0
AF	0	0.460962	179	115	64	0	0	0	0
AF	0	0.461274	169	115	54	0	0	0	0
AF	0	0.461587	106	68	38	0	0	0	0
AF	0	0.461899	100	65	35	0	0	0	0
AF	0	0.462211	115	69	46	0	0	0	0
AF	0	0.462523	84	52	32	0	0	0	0
AF	0	0.462836	127	84	43	0	0	0	0
AF	0	0.463148	122	83	39	0	0	0	0
AF	0	0.463460	127	81	46	0	0	0	0
AF	0	0.463773	145	106	39	0	0	0	0
AF	0	0.464085	115	83	32	0	0	0	0
AF	0	0.464397	126	93	33	0	0	0	0
AF	0	0.464710	121	79	42	0	0	0	0
AF	0	0.465022	93	66	27	0	0	0	0
AF	0	0.465334	104	63	41	0	0	0	0
AF	0	0.465646	116	79	37	0	0	0	0
AF	0	0.465959	136	87	49	0	0	0	0
AF	0	0.466271	130	91	39	0	0	0	0
AF	0	0.466583	106	80	26	0	0	0	0
AF	0	0.466896	127	84	43	0	0	0	0
AF	0	0.467208	129	89	40	0	0	0	0
AF	0	0.467520	120	90	30	0	0	0	0
AF	0	0.467833	137	84	53	0	0	0	0
AF	0	0.468145	109	73	36	0	0	0	0
AF	0	0.468457	118	77	41	0	0	0	0
AF	0	0.468770	163	117	46	0	0	0	0
AF	0	0.469082	136	86	50	0	0	0	0
AF	0	0.469394	141	98	43	0	0	0	0
AF	0	0.469706	103	70	33	0	0	0	0
AF	0	0.470019	147	98	49	0	0	0	0
AF	0	0.470331	119	80	39	0	0	0	0
AF	0	0.470643	155	103	52	0	0	0	0
AF	0	0.470956	125	89	36	0	0	0	0
AF	0	0.471268	151	105	46	0	0	0	0
AF	0	0.471580	126	89	37	0	0	0	0
AF	0	0.471893	122	74	48	0	0	0	0
AF	0	0.472205	107	83	24	0	0	0	0
AF	0	0.472517	142	95	47	0	0	0	0
AF	0	0.472829	109	72	37	0	0	0	0
AF	0	0.473142	146	104	42	0	0	0	0
AF	0	0.473454	127	85	42	0	0	0	0
AF	0	0.473766	131	85	46	0	0	0	0
AF	0	0.474079	125	85	40	0	0	0	0
AF	0	0.474391	143	91	52	0	0	0	0
AF	0	0.474703	145	108	37	0	0	0	0
AF	0	0.475016	99	57	42	0	0	0	0
AF	0	0.475328	102	59	43	0	0	0	0
AF	0	0.475640	114	80	34	0	0	0	0
AF	0	0.475953	138	90	48	0	0	0	0
AF	0	0.476265	157	109	48	0	0	0	0
AF	0	0.476577	127	81	46	0	0	0	0
AF	0	0.476889	143	91	52	0	0	0	0
AF	0	0.477202	106	65	41	0	0	0	0
AF	0	0.477514	110	78	32	0	0	0	0
AF	0	0.477826	94	56	38	0	0	0	0
AF	0	0.478139	89	61	28	0	0	0	0
AF	0	0.478451	119	83	36	0	0	0	0
AF	0	0.478763	115	79	36	0	0	0	0
AF	0	0.479076	119	85	34	0	0	0	0
AF	0	0.479388	103	76	27	0	0	0	0
AF	0	0.479700	126	86	40	0	0	0	0
AF	0	0.480012	145	105	40	0	0	0	0
AF	0	0.480325	129	90	39	0	0	0	0
AF	0	0.480637	114	75	39	0	0	0	0
AF	0	0.480949	126	84	42	0	0	0	0
AF	0	0.481262	154	93	61	0	0	0	0
AF	0	0.481574	132	92	40	0	0	0	0
AF	0	0.481886	139	81	58	0	0	0	0
AF	0	0.482199	129	90	39	0	0	0	0
AF	0	0.482511	140	93	47	0	0	0	0
AF	0	0.482823	103	58	45	0	0	0	0
AF	0	0.483136	107	74	33	0	0	0	0
AF	0	0.483448	131	83	48	0	0	0	0
AF	0	0.483760	139	95	44	0	0	0	0
AF	0	0.484072	125	87	38	0	0	0	0
AF	0	0.484385	114	72	42	0	0	0	0
AF	0	0.484697	90	51	39	0	0	0	0
AF	0	0.485009	84	56	28	0	0	0	0
AF	0	0.485322	85	63	22	0	0	0	0
AF	0	0.485634	89	58	31	0	0	0	0
AF	0	0.485946	103	73	30	0	0	0	0
AF	0	0.486259	115	75	40	0	0	0	0
AF	0	0.486571	147	92	55	0	0	0	0
AF	0	0.486883	150	95	55	0	0	0	0
AF	0	0.487196	141	97	44	0	0	0	0
AF	0	0.487508	141	89	52	0	0	0	0
AF	0	0.487820	112	76	36	0	0	0	0
AF	0	0.488132	98	66	32	0	0	0	0
AF	0	0.488445	139	85	54	0	0	0	0
AF	0	0.488757	114	74	40	0	0	0	0
AF	0	0.489069	96	65	31	0	0	0	0
AF	0	0.489382	107	73	34	0	0	0	0
AF	0	0.489694	139	91	48	0	0	0	0
AF	0	0.490006	147	91	56	0	0	0	0
AF	0	0.490319	108	67	41	0	0	0	0
AF	0	0.490631	126	94	32	0	0	0	0
AF	0	0.490943	156	107	49	0	0	0	0
AF	0	0.491255	148	102	46	0	0	0	0
AF	0	0.491568	120	80	40	0	0	0	0
AF	0	0.491880	127	89	38	0	0	0	0
AF	0	0.492192	200	135	65	0	0	0	0
AF	0	0.492505	140	87	53	0	0	0	0
AF	0	0.492817	120	82	38	0	0	0	0
AF	0	0.493129	99	69	30	0	0	0	0
AF	0	0.493442	172	116	56	0	0	0	0
AF	0	0.493754	128	89	39	0	0	0	0
AF	0	0.494066	145	107	38	0	0	0	0
AF	0	0.494379	112	77	35	0	0	0	0
AF	0	0.494691	116	80	36	0	0	0	0
AF	0	0.495003	101	61	40	0	0	0	0
AF	0	0.495315	101	54	47	0	0	0	0
AF	0	0.495628	137	87	50	0	0	0	0
AF	0	0.495940	115	82	33	0	0	0	0
AF	0	0.496252	134	83	51	0	0	0	0
AF	0	0.496565	92	66	26	0	0	0	0
AF	0	0.496877	115	77	38	0	0	0	0
AF	0	0.497189	114	79	35	0	0	0	0
AF	0	0.497502	141	88	53	0	0	0	0
AF	0	0.497814	120	73	47	0	0	0	0
AF	0	0.498126	92	65	27	0	0	0	0
AF	0	0.498438	113	78	35	0	0	0	0
AF	0	0.498751	125	83	42	0	0	0	0
AF	0	0.499063	113	76	37	0	0	0	0
AF	0	0.499375	138	89	49	0	0	0	0
AF	0	0.499688	175	113	62	0	0	0	0
AF	0	0.500000	142	99	43	0	0	0	0
AF	0	0.500312	115	80	35	0	0	0	0
AF	0	0.500625	101	75	26	0	0	0	0
AF	0	0.500937	108	73	35	0	0	0	0
AF	0	0.501249	88	46	42	0	0	0	0
AF	0	0.501562	85	51	34	0	0	0	0
AF	0	0.501874	97	67	30	0	0	0	0
AF	0	0.502186	100	70	30	0	0	0	0
AF	0	0.502498	157	105	52	0	0	0	0
AF	0	0.502811	112	71	41	0	0	0	0
AF	0	0.503123	110	72	38	0	0	0	0
AF	0	0.503435	92	62	30	0	0	0	0
AF	0	0.503748	101	67	34	0	0	0	0
AF	0	0.504060	102	63	39	0	0	0	0
AF	0	0.504372	109	68	41	0	0	0	0
AF	0	0.504685	127	93	34	0	0	0	0
AF	0	0.504997	121	82	39	0	0	0	0
AF	0	0.505309	104	70	34	0	0	0	0
AF	0	0.505621	109	78	31	0	0	0	0
AF	0	0.505934	158	120	38	0	0	0	0
AF	0	0.506246	118	73	45	0	0	0	0
AF	0	0.506558	85	48	37	0	0	0	0
AF	0	0.506871	85	57	28	0	0	0	0
AF	0	0.507183	91	56	35	0	0	0	0
AF	0	0.507495	105	74	31	0	0	0	0
AF	0	0.507808	169	113	56	0	0	0	0
AF	0	0.508120	103	70	33	0	0	0	0
AF	0	0.508432	107	80	27	0	0	0	0
AF	0	0.508745	112	74	38	0	0	0	0
AF	0	0.509057	122	71	51	0	0	0	0
AF	0	0.509369	115	74	41	0	0	0	0
AF	0	0.509681	127	81	46	0	0	0	0
AF	0	0.509994	164	106	58	0	0	0	0
AF	0	0.510306	145	94	51	0	0	0	0
AF	0	0.510618	102	67	35	0	0	0	0
AF	0	0.510931	82	55	27	0	0	0	0
AF	0	0.511243	108	77	31	0	0	0	0
AF	0	0.511555	103	73	30	0	0	0	0
AF	0	0.511868	92	60	32	0	0	0	0
AF	0	0.512180	89	63	26	0	0	0	0
AF	0	0.512492	99	70	29	0	0	0	0
AF	0	0.512804	111	77	34	0	0	0	0
AF	0	0.513117	129	88	41	0	0	0	0
AF	0	0.513429	117	69	48	0	0	0	0
AF	0	0.513741	119	83	36	0	0	0	0
AF	0	0.514054	100	70	30	0	0	0	0
AF	0	0.514366	123	94	29	0	0	0	0
AF	0	0.514678	167	116	51	0	0	0	0
AF	0	0.514991	111	70	41	0	0	0	0
AF	0	0.515303	119	86	33	0	0	0	0
AF	0	0.515615	94	65	29	0	0	0	0
AF	0	0.515928	119	80	39	0	0	0	0
AF	0	0.516240	139	91	48	0	0	0	0
AF	0	0.516552	126	84	42	0	0	0	0
AF	0	0.516864	112	74	38	0	0	0	0
AF	0	0.517177	119	86	33	0	0	0	0
AF	0	0.517489	97	69	28	0	0	0	0
AF	0	0.517801	111	84	27	0	0	0	0
AF	0	0.518114	122	82	40	0	0	0	0
AF	0	0.518426	194	127	67	0	0	0	0
AF	0	0.518738	153	99	54	0	0	0	0
AF	0	0.519051	132	86	46	0	0	0	0
AF	0	0.519363	128	92	36	0	0	0	0
AF	0	0.519675	115	78	37	0	0	0	0
AF	0	0.519988	118	87	31	0	0	0	0
AF	0	0.520300	123	83	40	0	0	0	0
AF	0	0.520612	98	62	36	0	0	0	0
AF	0	0.520924	98	75	23	0	0	0	0
AF	0	0.521237	85	59	26	0	0	0	0
AF	0	0.521549	101	69	32	0	0	0	0
AF	0	0.521861	148	101	47	0	0	0	0
AF	0	0.522174	103	75	28	0	0	0	0
AF	0	0.522486	129	87	42	0	0	0	0
AF	0	0.522798	90	62	28	0	0	0	0
AF	0	0.523111	84	54	30	0	0	0	0
AF	0	0.523423	100	65	35	0	0	0	0
AF	0	0.523735	109	65	44	0	0	0	0
AF	0	0.524047	138	86	52	0	0	0	0
AF	0	0.524360	99	62	37	0	0	0	0
AF	0	0.524672	139	91	48	0	0	0	0
AF	0	0.524984	91	67	24	0	0	0	0
AF	0	0.525297	102	68	34	0	0	0	0
AF	0	0.525609	98	68	30	0	0	0	0
AF	0	0.525921	107	70	37	0	0	0	0
AF	0	0.526234	125	87	38	0	0	0	0
AF	0	0.526546	119	78	41	0	0	0	0
AF	0	0.526858	112	72	40	0	0	0	0
AF	0	0.527171	94	64	30	0	0	0	0
AF	0	0.527483	96	65	31	0	0	0	0
AF	0	0.527795	85	56	29	0	0	0	0
AF	0	0.528107	72	43	29	0	0	0	0
AF	0	0.528420	94	65	29	0	0	0	0
AF	0	0.528732	123	79	44	0	0	0	0
AF	0	0.529044	110	78	32	0	0	0	0
AF	0	0.529357	105	76	29	0	0	0	0
AF	0	0.529669	91	63	28	0	0	0	0
AF	0	0.529981	106	69	37	0	0	0	0
AF	0	0.530294	83	58	25	0	0	0	0
AF	0	0.530606	109	75	34	0	0	0	0
AF	0	0.530918	135	95	40	0	0	0	0
AF	0	0.531230	120	78	42	0	0	0	0
AF	0	0.531543	92	61	31	0	0	0	0
AF	0	0.531855	112	76	36	0	0	0	0
AF	0	0.532167	118	72	46	0	0	0	0
AF	0	0.532480	105	70	35	0	0	0	0
AF	0	0.532792	110	80	30	0	0	0	0
AF	0	0.533104	91	67	24	0	0	0	0
AF	0	0.533417	101	65	36	0	0	0	0
AF	0	0.533729	120	70	50	0	0	0	0
AF	0	0.534041	118	72	46	0	0	0	0
AF	0	0.534354	99	70	29	0	0	0	0
AF	0	0.534666	102	65	37	0	0	0	0
AF	0	0.534978	129	91	38	0	0	0	0
AF	0	0.535290	116	82	34	0	0	0	0
AF	0	0.535603	91	61	30	0	0	0	0
AF	0	0.535915	117	79	38	0	0	0	0
AF	0	0.536227	134	84	50	0	0	0	0
AF	0	0.536540	115	79	36	0	0	0	0
AF	0	0.536852	97	63	34	0	0	0	0
AF	0	0.537164	110	77	33	0	0	0	0
AF	0	0.537477	113	75	38	0	0	0	0
AF	0	0.537789	93	60	33	0	0	0	0
AF	0	0.538101	119	70	49	0	0	0	0
AF	0	0.538413	99	71	28	0	0	0	0
AF	0	0.538726	97	61	36	0	0	0	0
AF	0	0.539038	114	81	33	0	0	0	0
AF	0	0.539350	95	59	36	0	0	0	0
AF	0	0.539663	126	83	43	0	0	0	0
AF	0	0.539975	96	63	33	0	0	0	0
AF	0	0.540287	109	72	37	0	0	0	0
AF	0	0.540600	123	81	42	0	0	0	0
AF	0	0.540912	141	98	43	0	0	0	0
AF	0	0.541224	126	72	54	0	0	0	0
AF	0	0.541537	101	56	45	0	0	0	0
AF	0	0.541849	113	78	35	0	0	0	0
AF	0	0.542161	122	83	39	0	0	0	0
AF	0	0.542473	159	103	56	0	0	0	0
AF	0	0.542786	110	74	36	0	0	0	0
AF	0	0.543098	134	87	47	0	0	0	0
AF	0	0.543410	113	78	35	0	0	0	0
AF	0	0.543723	111	79	32	0	0	0	0
AF	0	0.544035	115	75	40	0	0	0	0
AF	0	0.544347	135	94	41	0	0	0	0
AF	0	0.544660	115	59	56	0	0	0	0
AF	0	0.544972	106	71	35	0	0	0	0
AF	0	0.545284	104	78	26	0	0	0	0
AF	0	0.545597	94	65	29	0	0	0	0
AF	0	0.545909	94	62	32	0	0	0	0
AF	0	0.546221	111	83	28	0	0	0	0
AF	0	0.546533	94	68	26	0	0	0	0
AF	0	0.546846	108	78	30	0	0	0	0
AF	0	0.547158	82	47	35	0	0	0	0
AF	0	0.547470	120	71	49	0	0	0	0
AF	0	0.547783	121	61	60	0	0	0	0
AF	0	0.548095	117	74	43	0	0	0	0
AF	0	0.548407	103	78	25	0	0	0	0
AF	0	0.548720	93	58	35	0	0	0	0
AF	0	0.549032	78	56	22	0	0	0	0
AF	0	0.549344	98	73	25	0	0	0	0
AF	0	0.549656	111	73	38	0	0	0	0
AF	0	0.549969	86	55	31	0	0	0	0
AF	0	0.550281	103	55	48	0	0	0	0
AF	0	0.550593	144	96	48	0	0	0	0
AF	0	0.550906	111	76	35	0	0	0	0
AF	0	0.551218	111	81	30	0	0	0	0
AF	0	0.551530	96	57	39	0	0	0	0
AF	0	0.551843	75	48	27	0	0	0	0
AF	0	0.552155	119	72	47	0	0	0	0
AF	0	0.552467	96	65	31	0	0	0	0
AF	0	0.552780	102	63	39	0	0	0	0
AF	0	0.553092	110	77	33	0	0	0	0
AF	0	0.553404	113	72	41	0	0	0	0
AF	0	0.553716	98	71	27	0	0	0	0
AF	0	0.554029	96	71	25	0	0	0	0
AF	0	0.554341	84	53	31	0	0	0	0
AF	0	0.554653	96	64	32	0	0	0	0
AF	0	0.554966	87	60	27	0	0	0	0
AF	0	0.555278	85	55	30	0	0	0	0
AF	0	0.555590	89	65	24	0	0	0	0
AF	0	0.555903	107	67	40	0	0	0	0
AF	0	0.556215	90	63	27	0	0	0	0
AF	0	0.556527	84	56	28	0	0	0	0
AF	0	0.556839	66	44	22	0	0	0	0
AF	0	0.557152	77	52	25	0	0	0	0
AF	0	0.557464	72	46	26	0	0	0	0
AF	0	0.557776	77	59	18	0	0	0	0
AF	0	0.558089	83	54	29	0	0	0	0
AF	0	0.558401	123	84	39	0	0	0	0
AF	0	0.558713	82	50	32	0	0	0	0
AF	0	0.559026	104	80	24	0	0	0	0
AF	0	0.559338	133	81	52	0	0	0	0
AF	0	0.559650	102	74	28	0	0	0	0
AF	0	0.559963	99	69	30	0	0	0	0
AF	0	0.560275	80	54	26	0	0	0	0
AF	0	0.560587	104	68	36	0	0	0	0
AF	0	0.560899	94	65	29	0	0	0	0
AF	0	0.561212	92	54	38	0	0	0	0
AF	0	0.561524	81	50	31	0	0	0	0
AF	0	0.561836	110	72	38	0	0	0	0
AF	0	0.562149	96	66	30	0	0	0	0
AF	0	0.562461	94	65	29	0	0	0	0
AF	0	0.562773	123	88	35	0	0	0	0
AF	0	0.563086	114	82	32	0	0	0	0
AF	0	0.563398	99	66	33	0	0	0	0
AF	0	0.563710	93	67	26	0	0	0	0
AF	0	0.564022	88	54	34	0	0	0	0
AF	0	0.564335	79	56	23	0	0	0	0
AF	0	0.564647	84	64	20	0	0	0	0
AF	0	0.564959	96	68	28	0	0	0	0
AF	0	0.565272	97	66	31	0	0	0	0
AF	0	0.565584	109	69	40	0	0	0	0
AF	0	0.565896	108	80	28	0	0	0	0
AF	0	0.566209	85	54	31	0	0	0	0
AF	0	0.566521	131	86	45	0	0	0	0
AF	0	0.566833	91	57	34	0	0	0	0
AF	0	0.567146	80	60	20	0	0	0	0
AF	0	0.567458	92	52	40	0	0	0	0
AF	0	0.567770	65	42	23	0	0	0	0
AF	0	0.568082	75	52	23	0	0	0	0
AF	0	0.568395	89	56	33	0	0	0	0
AF	0	0.568707	70	39	31	0	0	0	0
AF	0	0.569019	80	46	34	0	0	0	0
AF	0	0.569332	87	54	33	0	0	0	0
AF	0	0.569644	93	66	27	0	0	0	0
AF	0	0.569956	75	48	27	0	0	0	0
AF	0	0.570269	102	66	36	0	0	0	0
AF	0	0.570581	73	44	29	0	0	0	0
AF	0	0.570893	82	51	31	0	0	0	0
AF	0	0.571205	85	59	26	0	0	0	0
AF	0	0.571518	97	57	40	0	0	0	0
AF	0	0.571830	79	47	32	0	0	0	0
AF	0	0.572142	105	69	36	0	0	0	0
AF	0	0.572455	83	54	29	0	0	0	0
AF	0	0.572767	103	70	33	0	0	0	0
AF	0	0.573079	99	68	31	0	0	0	0
AF	0	0.573392	110	81	29	0	0	0	0
AF	0	0.573704	91	56	35	0	0	0	0
AF	0	0.574016	82	58	24	0	0	0	0
AF	0	0.574329	78	52	26	0	0	0	0
AF	0	0.574641	95	62	33	0	0	0	0
AF	0	0.574953	101	67	34	0	0	0	0
AF	0	0.575265	136	85	51	0	0	0	0
AF	0	0.575578	83	60	23	0	0	0	0
AF	0	0.575890	112	76	36	0	0	0	0
AF	0	0.576202	114	79	35	0	0	0	0
AF	0	0.576515	104	75	29	0	0	0	0
AF	0	0.576827	86	52	34	0	0	0	0
AF	0	0.577139	95	67	28	0	0	0	0
AF	0	0.577452	95	68	27	0	0	0	0
AF	0	0.577764	122	74	48	0	0	0	0
AF	0	0.578076	106	67	39	0	0	0	0
AF	0	0.578389	91	51	40	0	0	0	0
AF	0	0.578701	99	75	24	0	0	0	0
AF	0	0.579013	109	62	47	0	0	0	0
AF	0	0.579325	127	93	34	0	0	0	0
AF	0	0.579638	101	67	34	0	0	0	0
AF	0	0.579950	72	53	19	0	0	0	0
AF	0	0.580262	71	42	29	0	0	0	0
AF	0	0.580575	57	30	27	0	0	0	0
AF	0	0.580887	83	62	21	0	0	0	0
AF	0	0.581199	89	66	23	0	0	0	0
AF	0	0.581512	98	62	36	0	0	0	0
AF	0	0.581824	82	58	24	0	0	0	0
AF	0	0.582136	98	63	35	0	0	0	0
AF	0	0.582448	73	40	33	0	0	0	0
AF	0	0.582761	87	54	33	0	0	0	0
AF	0	0.583073	94	52	42	0	0	0	0
AF	0	0.583385	92	62	30	0	0	0	0
AF	0	0.583698	92	65	27	0	0	0	0
AF	0	0.584010	79	59	20	0	0	0	0
AF	0	0.584322	126	78	48	0	0	0	0
AF	0	0.584635	118	72	46	0	0	0	0
AF	0	0.584947	133	97	36	0	0	0	0
AF	0	0.585259	85	59	26	0	0	0	0
AF	0	0.585572	122	76	46	0	0	0	0
AF	0	0.585884	223	138	85	0	0	0	0
AF	0	0.586196	137	94	43	0	0	0	0
AF	0	0.586508	66	48	18	0	0	0	0
AF	0	0.586821	114	76	38	0	0	0	0
AF	0	0.587133	138	87	51	0	0	0	0
AF	0	0.587445	89	55	34	0	0	0	0
AF	0	0.587758	81	48	33	0	0	0	0
AF	0	0.588070	104	79	25	0	0	0	0
AF	0	0.588382	105	79	26	0	0	0	0
AF	0	0.588695	92	67	25	0	0	0	0
AF	0	0.589007	79	58	21	0	0	0	0
AF	0	0.589319	88	64	24	0	0	0	0
AF	0	0.589631	94	60	34	0	0	0	0
AF	0	0.589944	107	76	31	0	0	0	0
AF	0	0.590256	118	83	35	0	0	0	0
AF	0	0.590568	131	88	43	0	0	0	0
AF	0	0.590881	105	72	33	0	0	0	0
AF	0	0.591193	106	75	31	0	0	0	0
AF	0	0.591505	107	76	31	0	0	0	0
AF	0	0.591818	96	69	27	0	0	0	0
AF	0	0.592130	103	69	34	0	0	0	0
AF	0	0.592442	109	76	33	0	0	0	0
AF	0	0.592755	105	78	27	0	0	0	0
AF	0	0.593067	112	79	33	0	0	0	0
AF	0	0.593379	77	50	27	0	0	0	0
AF	0	0.593691	89	57	32	0	0	0	0
AF	0	0.594004	79	49	30	0	0	0	0
AF	0	0.594316	93	61	32	0	0	0	0
AF	0	0.594628	103	65	38	0	0	0	0
AF	0	0.594941	82	54	28	0	0	0	0
AF	0	0.595253	94	65	29	0	0	0	0
AF	0	0.595565	96	69	27	0	0	0	0
AF	0	0.595878	84	57	27	0	0	0	0
AF	0	0.596190	66	40	26	0	0	0	0
AF	0	0.596502	107	69	38	0	0	0	0
AF	0	0.596814	87	62	25	0	0	0	0
AF	0	0.597127	161	106	55	0	0	0	0
AF	0	0.597439	91	64	27	0	0	0	0
AF	0	0.597751	109	73	36	0	0	0	0
AF	0	0.598064	137	98	39	0	0	0	0
AF	0	0.598376	104	71	33	0	0	0	0
AF	0	0.598688	118	76	42	0	0	0	0
AF	0	0.599001	78	50	28	0	0	0	0
AF	0	0.599313	94	64	30	0	0	0	0
AF	0	0.599625	99	64	35	0	0	0	0
AF	0	0.599938	99	66	33	0	0	0	0
AF	0	0.600250	107	69	38	0	0	0	0
AF	0	0.600562	84	58	26	0	0	0	0
AF	0	0.600874	101	66	35	0	0	0	0
AF	0	0.601187	132	91	41	0	0	0	0
AF	0	0.601499	100	63	37	0	0	0	0
AF	0	0.601811	106	75	31	0	0	0	0
AF	0	0.602124	108	77	31	0	0	0	0
AF	0	0.602436	96	70	26	0	0	0	0
AF	0	0.602748	111	70	41	0	0	0	0
AF	0	0.603061	105	75	30	0	0	0	0
AF	0	0.603373	73	55	18	0	0	0	0
AF	0	0.603685	94	62	32	0	0	0	0
AF	0	0.603998	75	59	16	0	0	0	0
AF	0	0.604310	114	83	31	0	0	0	0
AF	0	0.604622	121	86	35	0	0	0	0
AF	0	0.604934	140	93	47	0	0	0	0
AF	0	0.605247	98	64	34	0	0	0	0
AF	0	0.605559	91	60	31	0	0	0	0
AF	0	0.605871	105	66	39	0	0	0	0
AF	0	0.606184	85	52	33	0	0	0	0
AF	0	0.606496	113	86	27	0	0	0	0
AF	0	0.606808	104	68	36	0	0	0	0
AF	0	0.607121	98	73	25	0	0	0	0
AF	0	0.607433	89	62	27	0	0	0	0
AF	0	0.607745	88	51	37	0	0	0	0
AF	0	0.608057	74	47	27	0	0	0	0
AF	0	0.608370	92	51	41	0	0	0	0
AF	0	0.608682	95	66	29	0	0	0	0
AF	0	0.608994	79	55	24	0	0	0	0
AF	0	0.609307	102	72	30	0	0	0	0
AF	0	0.609619	81	53	28	0	0	0	0
AF	0	0.609931	90	66	24	0	0	0	0
AF	0	0.610244	115	74	41	0	0	0	0
AF	0	0.610556	116	76	40	0	0	0	0
AF	0	0.610868	92	63	29	0	0	0	0
AF	0	0.611181	91	64	27	0	0	0	0
AF	0	0.611493	102	73	29	0	0	0	0
AF	0	0.611805	105	78	27	0	0	0	0
AF	0	0.612117	88	56	32	0	0	0	0
AF	0	0.612430	96	68	28	0	0	0	0
AF	0	0.612742	99	64	35	0	0	0	0
AF	0	0.613054	78	44	34	0	0	0	0
AF	0	0.613367	65	43	22	0	0	0	0
AF	0	0.613679	64	42	22	0	0	0	0
AF	0	0.613991	74	48	26	0	0	0	0
AF	0	0.614304	108	72	36	0	0	0	0
AF	0	0.614616	119	78	41	0	0	0	0
AF	0	0.614928	95	66	29	0	0	0	0
AF	0	0.615240	91	59	32	0	0	0	0
AF	0	0.615553	119	88	31	0	0	0	0
AF	0	0.615865	84	62	22	0	0	0	0
AF	0	0.616177	109	72	37	0	0	0	0
AF	0	0.616490	94	56	38	0	0	0	0
AF	0	0.616802	114	75	39	0	0	0	0
AF	0	0.617114	101	72	29	0	0	0	0
AF	0	0.617427	100	66	34	0	0	0	0
AF	0	0.617739	94	52	42	0	0	0	0
AF	0	0.618051	76	57	19	0	0	0	0
AF	0	0.618364	89	64	25	0	0	0	0
AF	0	0.618676	91	64	27	0	0	0	0
AF	0	0.618988	75	49	26	0	0	0	0
AF	0	0.619300	82	57	25	0	0	0	0
AF	0	0.619613	110	64	46	0	0	0	0
AF	0	0.619925	102	63	39	0	0	0	0
AF	0	0.620237	76	53	23	0	0	0	0
AF	0	0.620550	80	58	22	0	0	0	0
AF	0	0.620862	81	55	26	0	0	0	0
AF	0	0.621174	82	62	20	0	0	0	0
AF	0	0.621487	61	40	21	0	0	0	0
AF	0	0.621799	72	39	33	0	0	0	0
AF	0	0.622111	72	51	21	0	0	0	0
AF	0	0.622423	84	51	33	0	0	0	0
AF	0	0.622736	94	61	33	0	0	0	0
AF	0	0.623048	96	61	35	0	0	0	0
AF	0	0.623360	95	59	36	0	0	0	0
AF	0	0.623673	109	73	36	0	0	0	0
AF	0	0.623985	98	61	37	0	0	0	0
AF	0	0.624297	79	61	18	0	0	0	0
AF	0	0.624610	99	66	33	0	0	0	0
AF	0	0.624922	73	52	21	0	0	0	0
AF	0	0.625234	60	41	19	0	0	0	0
AF	0	0.625547	95	66	29	0	0	0	0
AF	0	0.625859	87	66	21	0	0	0	0
AF	0	0.626171	99	60	39	0	0	0	0
AF	0	0.626483	99	70	29	0	0	0	0
AF	0	0.626796	83	60	23	0	0	0	0
AF	0	0.627108	90	55	35	0	0	0	0
AF	0	0.627420	61	40	21	0	0	0	0
AF	0	0.627733	77	46	31	0	0	0	0
AF	0	0.628045	72	48	24	0	0	0	0
AF	0	0.628357	108	75	33	0	0	0	0
AF	0	0.628670	83	53	30	0	0	0	0
AF	0	0.628982	91	62	29	0	0	0	0
AF	0	0.629294	113	75	38	0	0	0	0
AF	0	0.629606	84	59	25	0	0	0	0
AF	0	0.629919	84	53	31	0	0	0	0
AF	0	0.630231	69	48	21	0	0	0	0
AF	0	0.630543	96	67	29	0	0	0	0
AF	0	0.630856	81	54	27	0	0	0	0
AF	0	0.631168	91	58	33	0	0	0	0
AF	0	0.631480	78	45	33	0	0	0	0
AF	0	0.631793	70	54	16	0	0	0	0
AF	0	0.632105	102	72	30	0	0	0	0
AF	0	0.632417	69	47	22	0	0	0	0
AF	0	0.632730	105	79	26	0	0	0	0
AF	0	0.633042	56	38	18	0	0	0	0
AF	0	0.633354	65	44	21	0	0	0	0
AF	0	0.633666	76	48	28	0	0	0	0
AF	0	0.633979	108	76	32	0	0	0	0
AF	0	0.634291	83	49	34	0	0	0	0
AF	0	0.634603	84	47	37	0	0	0	0
AF	0	0.634916	75	50	25	0	0	0	0
AF	0	0.635228	86	58	28	0	0	0	0
AF	0	0.635540	76	50	26	0	0	0	0
AF	0	0.635853	60	40	20	0	0	0	0
AF	0	0.636165	90	62	28	0	0	0	0
AF	0	0.636477	85	52	33	0	0	0	0
AF	0	0.636790	115	81	34	0	0	0	0
AF	0	0.637102	99	62	37	0	0	0	0
AF	0	0.637414	65	42	23	0	0	0	0
AF	0	0.637726	88	59	29	0	0	0	0
AF	0	0.638039	93	60	33	0	0	0	0
AF	0	0.638351	80	56	24	0	0	0	0
AF	0	0.638663	78	53	25	0	0	0	0
AF	0	0.638976	78	54	24	0	0	0	0
AF	0	0.639288	59	45	14	0	0	0	0
AF	0	0.639600	68	47	21	0	0	0	0
AF	0	0.639913	89	69	20	0	0	0	0
AF	0	0.640225	98	58	40	0	0	0	0
AF	0	0.640537	111	71	40	0	0	0	0
AF	0	0.640849	91	63	28	0	0	0	0
AF	0	0.641162	71	48	23	0	0	0	0
AF	0	0.641474	65	43	22	0	0	0	0
AF	0	0.641786	62	45	17	0	0	0	0
AF	0	0.642099	71	36	35	0	0	0	0
AF	0	0.642411	68	45	23	0	0	0	0
AF	0	0.642723	102	72	30	0	0	0	0
AF	0	0.643036	118	73	45	0	0	0	0
AF	0	0.643348	79	60	19	0	0	0	0
AF	0	0.643660	85	60	25	0	0	0	0
AF	0	0.643973	115	76	39	0	0	0	0
AF	0	0.644285	107	71	36	0	0	0	0
AF	0	0.644597	81	54	27	0	0	0	0
AF	0	0.644909	69	47	22	0	0	0	0
AF	0	0.645222	71	54	17	0	0	0	0
AF	0	0.645534	95	64	31	0	0	0	0
AF	0	0.645846	94	63	31	0	0	0	0
AF	0	0.646159	81	60	21	0	0	0	0
AF	0	0.646471	87	60	27	0	0	0	0
AF	0	0.646783	97	68	29	0	0	0	0
AF	0	0.647096	83	54	29	0	0	0	0
AF	0	0.647408	91	71	20	0	0	0	0
AF	0	0.647720	72	40	32	0	0	0	0
AF	0	0.648032	100	60	40	0	0	0	0
AF	0	0.648345	100	64	36	0	0	0	0
AF	0	0.648657	99	64	35	0	0	0	0
AF	0	0.648969	114	79	35	0	0	0	0
AF	0	0.649282	101	70	31	0	0	0	0
AF	0	0.649594	141	94	47	0	0	0	0
AF	0	0.649906	84	58	26	0	0	0	0
AF	0	0.650219	88	59	29	0	0	0	0
AF	0	0.650531	77	46	31	0	0	0	0
AF	0	0.650843	106	65	41	0	0	0	0
AF	0	0.651156	69	44	25	0	0	0	0
AF	0	0.651468	94	66	28	0	0	0	0
AF	0	0.651780	104	69	35	0	0	0	0
AF	0	0.652092	83	53	30	0	0	0	0
AF	0	0.652405	96	58	38	0	0	0	0
AF	0	0.652717	145	102	43	0	0	0	0
AF	0	0.653029	76	50	26	0	0	0	0
AF	0	0.653342	85	61	24	0	0	0	0
AF	0	0.653654	91	57	34	0	0	0	0
AF	0	0.653966	109	72	37	0	0	0	0
AF	0	0.654279	118	68	50	0	0	0	0
AF	0	0.654591	93	63	30	0	0	0	0
AF	0	0.654903	84	50	34	0	0	0	0
AF	0	0.655215	101	68	33	0	0	0	0
AF	0	0.655528	102	68	34	0	0	0	0
AF	0	0.655840	79	55	24	0	0	0	0
AF	0	0.656152	98	68	30	0	0	0	0
AF	0	0.656465	105	71	34	0	0	0	0
AF	0	0.656777	101	60	41	0	0	0	0
AF	0	0.657089	100	68	32	0	0	0	0
AF	0	0.657402	81	55	26	0	0	0	0
AF	0	0.657714	106	69	37	0	0	0	0
AF	0	0.658026	97	66	31	0	0	0	0
AF	0	0.658339	83	57	26	0	0	0	0
AF	0	0.658651	115	80	35	0	0	0	0
AF	0	0.658963	89	66	23	0	0	0	0
AF	0	0.659275	97	69	28	0	0	0	0
AF	0	0.659588	88	60	28	0	0	0	0
AF	0	0.659900	84	60	24	0	0	0	0
AF	0	0.660212	84	48	36	0	0	0	0
AF	0	0.660525	72	51	21	0	0	0	0
AF	0	0.660837	88	63	25	0	0	0	0
AF	0	0.661149	67	45	22	0	0	0	0
AF	0	0.661462	94	65	29	0	0	0	0
AF	0	0.661774	82	52	30	0	0	0	0
AF	0	0.662086	63	43	20	0	0	0	0
AF	0	0.662399	82	59	23	0	0	0	0
AF	0	0.662711	73	50	23	0	0	0	0
AF	0	0.663023	126	94	32	0	0	0	0
AF	0	0.663335	134	91	43	0	0	0	0
AF	0	0.663648	140	94	46	0	0	0	0
AF	0	0.663960	81	49	32	0	0	0	0
AF	0	0.664272	104	69	35	0	0	0	0
AF	0	0.664585	79	56	23	0	0	0	0
AF	0	0.664897	88	54	34	0	0	0	0
AF	0	0.665209	66	42	24	0	0	0	0
AF	0	0.665522	74	49	25	0	0	0	0
AF	0	0.665834	109	72	37	0	0	0	0
AF	0	0.666146	78	49	29	0	0	0	0
AF	0	0.666458	86	58	28	0	0	0	0
AF	0	0.666771	145	90	55	0	0	0	0
AF	0	0.667083	102	59	43	0	0	0	0
AF	0	0.667395	91	68	23	0	0	0	0
AF	0	0.667708	65	47	18	0	0	0	0
AF	0	0.668020	60	41	19	0	0	0	0
AF	0	0.668332	77	55	22	0	0	0	0
AF	0	0.668645	76	47	29	0	0	0	0
AF	0	0.668957	73	46	27	0	0	0	0
AF	0	0.669269	113	79	34	0	0	0	0
AF	0	0.669582	93	67	26	0	0	0	0
AF	0	0.669894	103	71	32	0	0	0	0
AF	0	0.670206	80	51	29	0	0	0	0
AF	0	0.670518	71	45	26	0	0	0	0
AF	0	0.670831	88	58	30	0	0	0	0
AF	0	0.671143	63	43	20	0	0	0	0
AF	0	0.671455	81	55	26	0	0	0	0
AF	0	0.671768	107	65	42	0	0	0	0
AF	0	0.672080	72	48	24	0	0	0	0
AF	0	0.672392	79	43	36	0	0	0	0
AF	0	0.672705	86	59	27	0	0	0	0
AF	0	0.673017	66	46	20	0	0	0	0
AF	0	0.673329	81	53	28	0	0	0	0
AF	0	0.673641	72	39	33	0	0	0	0
AF	0	0.673954	81	41	40	0	0	0	0
AF	0	0.674266	83	50	33	0	0	0	0
AF	0	0.674578	77	48	29	0	0	0	0
AF	0	0.674891	76	48	28	0	0	0	0
AF	0	0.675203	74	66	8	0	0	0	0
AF	0	0.675515	70	48	22	0	0	0	0
AF	0	0.675828	78	54	24	0	0	0	0
AF	0	0.676140	76	49	27	0	0	0	0
AF	0	0.676452	72	50	22	0	0	0	0
AF	0	0.676765	94	62	32	0	0	0	0
AF	0	0.677077	67	49	18	0	0	0	0
AF	0	0.677389	92	68	24	0	0	0	0
AF	0	0.677701	90	65	25	0	0	0	0
AF	0	0.678014	76	51	25	0	0	0	0
AF	0	0.678326	81	58	23	0	0	0	0
AF	0	0.678638	112	76	36	0	0	0	0
AF	0	0.678951	82	53	29	0	0	0	0
AF	0	0.679263	73	48	25	0	0	0	0
AF	0	0.679575	91	59	32	0	0	0	0
AF	0	0.679888	70	52	18	0	0	0	0
AF	0	0.680200	103	65	38	0	0	0	0
AF	0	0.680512	79	46	33	0	0	0	0
AF	0	0.680824	89	53	36	0	0	0	0
AF	0	0.681137	87	51	36	0	0	0	0
AF	0	0.681449	71	47	24	0	0	0	0
AF	0	0.681761	63	40	23	0	0	0	0
AF	0	0.682074	77	54	23	0	0	0	0
AF	0	0.682386	78	50	28	0	0	0	0
AF	0	0.682698	67	49	18	0	0	0	0
AF	0	0.683011	87	64	23	0	0	0	0
AF	0	0.683323	65	50	15	0	0	0	0
AF	0	0.683635	91	54	37	0	0	0	0
AF	0	0.683948	102	63	39	0	0	0	0
AF	0	0.684260	73	48	25	0	0	0	0
AF	0	0.684572	71	45	26	0	0	0	0
AF	0	0.684884	75	51	24	0	0	0	0
AF	0	0.685197	62	37	25	0	0	0	0
AF	0	0.685509	61	36	25	0	0	0	0
AF	0	0.685821	163	112	51	0	0	0	0
AF	0	0.686134	75	52	23	0	0	0	0
AF	0	0.686446	83	59	24	0	0	0	0
AF	0	0.686758	74	56	18	0	0	0	0
AF	0	0.687071	69	52	17	0	0	0	0
AF	0	0.687383	90	62	28	0	0	0	0
AF	0	0.687695	77	57	20	0	0	0	0
AF	0	0.688007	74	55	19	0	0	0	0
AF	0	0.688320	93	61	32	0	0	0	0
AF	0	0.688632	66	44	22	0	0	0	0
AF	0	0.688944	83	52	31	0	0	0	0
AF	0	0.689257	87	54	33	0	0	0	0
AF	0	0.689569	62	38	24	0	0	0	0
AF	0	0.689881	56	30	26	0	0	0	0
AF	0	0.690194	61	42	19	0	0	0	0
AF	0	0.690506	82	61	21	0	0	0	0
AF	0	0.690818	45	33	12	0	0	0	0
AF	0	0.691131	65	45	20	0	0	0	0
AF	0	0.691443	79	51	28	0	0	0	0
AF	0	0.691755	114	86	28	0	0	0	0
AF	0	0.692067	80	48	32	0	0	0	0
AF	0	0.692380	99	72	27	0	0	0	0
AF	0	0.692692	95	58	37	0	0	0	0
AF	0	0.693004	59	40	19	0	0	0	0
AF	0	0.693317	79	59	20	0	0	0	0
AF	0	0.693629	74	47	27	0	0	0	0
AF	0	0.693941	91	61	30	0	0	0	0
AF	0	0.694254	66	37	29	0	0	0	0
AF	0	0.694566	79	51	28	0	0	0	0
AF	0	0.694878	76	45	31	0	0	0	0
AF	0	0.695191	111	69	42	0	0	0	0
AF	0	0.695503	85	53	32	0	0	0	0
AF	0	0.695815	85	60	25	0	0	0	0
AF	0	0.696127	80	58	22	0	0	0	0
AF	0	0.696440	53	42	11	0	0	0	0
AF	0	0.696752	54	34	20	0	0	0	0
AF	0	0.697064	66	47	19	0	0	0	0
AF	0	0.697377	72	48	24	0	0	0	0
AF	0	0.697689	68	39	29	0	0	0	0
AF	0	0.698001	88	57	31	0	0	0	0
AF	0	0.698314	78	47	31	0	0	0	0
AF	0	0.698626	85	60	25	0	0	0	0
AF	0	0.698938	90	70	20	0	0	0	0
AF	0	0.699250	79	57	22	0	0	0	0
AF	0	0.699563	80	50	30	0	0	0	0
AF	0	0.699875	79	50	29	0	0	0	0
AF	0	0.700187	100	67	33	0	0	0	0
AF	0	0.700500	73	53	20	0	0	0	0
AF	0	0.700812	75	56	19	0	0	0	0
AF	0	0.701124	96	66	30	0	0	0	0
AF	0	0.701437	113	73	40	0	0	0	0
AF	0	0.701749	65	42	23	0	0	0	0
AF	0	0.702061	58	40	18	0	0	0	0
AF	0	0.702374	74	43	31	0	0	0	0
AF	0	0.702686	88	54	34	0	0	0	0
AF	0	0.702998	88	68	20	0	0	0	0
AF	0	0.703310	69	47	22	0	0	0	0
AF	0	0.703623	71	55	16	0	0	0	0
AF	0	0.703935	88	54	34	0	0	0	0
AF	0	0.704247	65	40	25	0	0	0	0
AF	0	0.704560	50	33	17	0	0	0	0
AF	0	0.704872	63	39	24	0	0	0	0
AF	0	0.705184	91	61	30	0	0	0	0
AF	0	0.705497	87	60	27	0	0	0	0
AF	0	0.705809	79	56	23	0	0	0	0
AF	0	0.706121	73	52	21	0	0	0	0
AF	0	0.706433	72	52	20	0	0	0	0
AF	0	0.706746	104	64	40	0	0	0	0
AF	0	0.707058	95	59	36	0	0	0	0
AF	0	0.707370	87	56	31	0	0	0	0
AF	0	0.707683	91	60	31	0	0	0	0
AF	0	0.707995	72	50	22	0	0	0	0
AF	0	0.708307	82	55	27	0	0	0	0
AF	0	0.708620	79	49	30	0	0	0	0
AF	0	0.708932	104	68	36	0	0	0	0
AF	0	0.709244	75	48	27	0	0	0	0
AF	0	0.709557	65	44	21	0	0	0	0
AF	0	0.709869	63	41	22	0	0	0	0
AF	0	0.710181	68	44	24	0	0	0	0
AF	0	0.710493	46	32	14	0	0	0	0
AF	0	0.710806	58	43	15	0	0	0	0
AF	0	0.711118	54	30	24	0	0	0	0
AF	0	0.711430	71	43	28	0	0	0	0
AF	0	0.711743	85	43	42	0	0	0	0
AF	0	0.712055	83	52	31	0	0	0	0
AF	0	0.712367	71	50	21	0	0	0	0
AF	0	0.712680	118	80	38	0	0	0	0
AF	0	0.712992	109	74	35	0	0	0	0
AF	0	0.713304	91	67	24	0	0	0	0
AF	0	0.713616	97	66	31	0	0	0	0
AF	0	0.713929	130	71	59	0	0	0	0
AF	0	0.714241	132	91	41	0	0	0	0
AF	0	0.714553	107	65	42	0	0	0	0
AF	0	0.714866	89	53	36	0	0	0	0
AF	0	0.715178	145	92	53	0	0	0	0
AF	0	0.715490	108	75	33	0	0	0	0
AF	0	0.715803	79	50	29	0	0	0	0
AF	0	0.716115	117	78	39	0	0	0	0
AF	0	0.716427	139	92	47	0	0	0	0
AF	0	0.716740	85	58	27	0	0	0	0
AF	0	0.717052	133	80	53	0	0	0	0
AF	0	0.717364	80	54	26	0	0	0	0
AF	0	0.717676	90	54	36	0	0	0	0
AF	0	0.717989	59	33	26	0	0	0	0
AF	0	0.718301	101	62	39	0	0	0	0
AF	0	0.718613	99	71	28	0	0	0	0
AF	0	0.718926	122	84	38	0	0	0	0
AF	0	0.719238	107	73	34	0	0	0	0
AF	0	0.719550	148	99	49	0	0	0	0
AF	0	0.719863	116	68	48	0	0	0	0
AF	0	0.720175	73	52	21	0	0	0	0
AF	0	0.720487	97	61	36	0	0	0	0
AF	0	0.720800	66	47	19	0	0	0	0
AF	0	0.721112	62	37	25	0	0	0	0
AF	0	0.721424	67	46	21	0	0	0	0
AF	0	0.721736	71	44	27	0	0	0	0
AF	0	0.722049	80	49	31	0	0	0	0
AF	0	0.722361	76	47	29	0	0	0	0
AF	0	0.722673	67	44	23	0	0	0	0
AF	0	0.722986	56	34	22	0	0	0	0
AF	0	0.723298	55	33	22	0	0	0	0
AF	0	0.723610	82	59	23	0	0	0	0
AF	0	0.723923	79	54	25	0	0	0	0
AF	0	0.724235	96	64	32	0	0	0	0
AF	0	0.724547	90	62	28	0	0	0	0
AF	0	0.724859	59	39	20	0	0	0	0
AF	0	0.725172	64	41	23	0	0	0	0
AF	0	0.725484	50	32	18	0	0	0	0
AF	0	0.725796	75	58	17	0	0	0	0
AF	0	0.726109	69	45	24	0	0	0	0
AF	0	0.726421	61	46	15	0	0	0	0
AF	0	0.726733	65	44	21	0	0	0	0
AF	0	0.727046	59	39	20	0	0	0	0
AF	0	0.727358	64	46	18	0	0	0	0
AF	0	0.727670	75	52	23	0	0	0	0
AF	0	0.727983	78	46	32	0	0	0	0
AF	0	0.728295	81	57	24	0	0	0	0
AF	0	0.728607	71	49	22	0	0	0	0
AF	0	0.728919	89	60	29	0	0	0	0
AF	0	0.729232	59	42	17	0	0	0	0
AF	0	0.729544	83	51	32	0	0	0	0
AF	0	0.729856	116	78	38	0	0	0	0
AF	0	0.730169	109	69	40	0	0	0	0
AF	0	0.730481	107	66	41	0	0	0	0
AF	0	0.730793	108	72	36	0	0	0	0
AF	0	0.731106	69	46	23	0	0	0	0
AF	0	0.731418	72	45	27	0	0	0	0
AF	0	0.731730	82	54	28	0	0	0	0
AF	0	0.732042	87	59	28	0	0	0	0
AF	0	0.732355	73	50	23	0	0	0	0
AF	0	0.732667	64	42	22	0	0	0	0
AF	0	0.732979	75	50	25	0	0	0	0
AF	0	0.733292	111	73	38	0	0	0	0
AF	0	0.733604	60	39	21	0	0	0	0
AF	0	0.733916	84	47	37	0	0	0	0
AF	0	0.734229	96	66	30	0	0	0	0
AF	0	0.734541	78	58	20	0	0	0	0
AF	0	0.734853	81	49	32	0	0	0	0
AF	0	0.735166	69	43	26	0	0	0	0
AF	0	0.735478	75	60	15	0	0	0	0
AF	0	0.735790	48	34	14	0	0	0	0
AF	0	0.736102	63	45	18	0	0	0	0
AF	0	0.736415	67	45	22	0	0	0	0
AF	0	0.736727	68	45	23	0	0	0	0
AF	0	0.737039	67	44	23	0	0	0	0
AF	0	0.737352	77	55	22	0	0	0	0
AF	0	0.737664	74	45	29	0	0	0	0
AF	0	0.737976	64	37	27	0	0	0	0
AF	0	0.738289	81	54	27	0	0	0	0
AF	0	0.738601	75	48	27	0	0	0	0
AF	0	0.738913	89	59	30	0	0	0	0
AF	0	0.739225	58	47	11	0	0	0	0
AF	0	0.739538	63	48	15	0	0	0	0
AF	0	0.739850	64	45	19	0	0	0	0
AF	0	0.740162	70	42	28	0	0	0	0
AF	0	0.740475	98	71	27	0	0	0	0
AF	0	0.740787	76	56	20	0	0	0	0
AF	0	0.741099	71	49	22	0	0	0	0
AF	0	0.741412	66	44	22	0	0	0	0
AF	0	0.741724	82	55	27	0	0	0	0
AF	0	0.742036	96	63	33	0	0	0	0
AF	0	0.742349	83	61	22	0	0	0	0
AF	0	0.742661	89	60	29	0	0	0	0
AF	0	0.742973	98	65	33	0	0	0	0
AF	0	0.743285	83	46	37	0	0	0	0
AF	0	0.743598	96	69	27	0	0	0	0
AF	0	0.743910	79	49	30	0	0	0	0
AF	0	0.744222	88	47	41	0	0	0	0
AF	0	0.744535	90	64	26	0	0	0	0
AF	0	0.744847	88	59	29	0	0	0	0
AF	0	0.745159	69	50	19	0	0	0	0
AF	0	0.745472	74	51	23	0	0	0	0
AF	0	0.745784	91	64	27	0	0	0	0
AF	0	0.746096	90	67	23	0	0	0	0
AF	0	0.746408	70	49	21	0	0	0	0
AF	0	0.746721	84	53	31	0	0	0	0
AF	0	0.747033	88	58	30	0	0	0	0
AF	0	0.747345	115	76	39	0	0	0	0
AF	0	0.747658	118	78	40	0	0	0	0
AF	0	0.747970	72	48	24	0	0	0	0
AF	0	0.748282	96	55	41	0	0	0	0
AF	0	0.748595	69	52	17	0	0	0	0
AF	0	0.748907	85	61	24	0	0	0	0
AF	0	0.749219	66	44	22	0	0	0	0
AF	0	0.749532	68	47	21	0	0	0	0
AF	0	0.749844	59	38	21	0	0	0	0
AF	0	0.750156	70	49	21	0	0	0	0
AF	0	0.750468	75	54	21	0	0	0	0
AF	0	0.750781	75	45	30	0	0	0	0
AF	0	0.751093	55	30	25	0	0	0	0
AF	0	0.751405	62	43	19	0	0	0	0
AF	0	0.751718	81	60	21	0	0	0	0
AF	0	0.752030	120	88	32	0	0	0	0
AF	0	0.752342	81	54	27	0	0	0	0
AF	0	0.752655	74	49	25	0	0	0	0
AF	0	0.752967	68	46	22	0	0	0	0
AF	0	0.753279	70	43	27	0	0	0	0
AF	0	0.753592	83	53	30	0	0	0	0
AF	0	0.753904	77	52	25	0	0	0	0
AF	0	0.754216	77	54	23	0	0	0	0
AF	0	0.754528	67	43	24	0	0	0	0
AF	0	0.754841	112	85	27	0	0	0	0
AF	0	0.755153	59	44	15	0	0	0	0
AF	0	0.755465	94	61	33	0	0	0	0
AF	0	0.755778	72	57	15	0	0	0	0
AF	0	0.756090	87	62	25	0	0	0	0
AF	0	0.756402	80	49	31	0	0	0	0
AF	0	0.756715	74	46	28	0	0	0	0
AF	0	0.757027	77	51	26	0	0	0	0
AF	0	0.757339	89	56	33	0	0	0	0
AF	0	0.757651	73	49	24	0	0	0	0
AF	0	0.757964	72	50	22	0	0	0	0
AF	0	0.758276	96	63	33	0	0	0	0
AF	0	0.758588	71	42	29	0	0	0	0
AF	0	0.758901	49	30	19	0	0	0	0
AF	0	0.759213	80	48	32	0	0	0	0
AF	0	0.759525	96	66	30	0	0	0	0
AF	0	0.759838	120	84	36	0	0	0	0
AF	0	0.760150	90	58	32	0	0	0	0
AF	0	0.760462	102	64	38	0	0	0	0
AF	0	0.760775	87	54	33	0	0	0	0
AF	0	0.761087	55	38	17	0	0	0	0
AF	0	0.761399	62	43	19	0	0	0	0
AF	0	0.761711	56	40	16	0	0	0	0
AF	0	0.762024	79	57	22	0	0	0	0
AF	0	0.762336	76	57	19	0	0	0	0
AF	0	0.762648	66	44	22	0	0	0	0
AF	0	0.762961	57	37	20	0	0	0	0
AF	0	0.763273	66	45	21	0	0	0	0
AF	0	0.763585	46	32	14	0	0	0	0
AF	0	0.763898	70	57	13	0	0	0	0
AF	0	0.764210	89	58	31	0	0	0	0
AF	0	0.764522	73	51	22	0	0	0	0
AF	0	0.764834	65	42	23	0	0	0	0
AF	0	0.765147	64	41	23	0	0	0	0
AF	0	0.765459	58	46	12	0	0	0	0
AF	0	0.765771	75	48	27	0	0	0	0
AF	0	0.766084	70	47	23	0	0	0	0
AF	0	0.766396	73	46	27	0	0	0	0
AF	0	0.766708	67	44	23	0	0	0	0
AF	0	0.767021	77	48	29	0	0	0	0
AF	0	0.767333	65	41	24	0	0	0	0
AF	0	0.767645	59	37	22	0	0	0	0
AF	0	0.767958	104	69	35	0	0	0	0
AF	0	0.768270	62	41	21	0	0	0	0
AF	0	0.768582	60	39	21	0	0	0	0
AF	0	0.768894	71	48	23	0	0	0	0
AF	0	0.769207	49	33	16	0	0	0	0
AF	0	0.769519	49	34	15	0	0	0	0
AF	0	0.769831	63	39	24	0	0	0	0
AF	0	0.770144	59	39	20	0	0	0	0
AF	0	0.770456	69	46	23	0	0	0	0
AF	0	0.770768	64	44	20	0	0	0	0
AF	0	0.771081	66	36	30	0	0	0	0
AF	0	0.771393	114	75	39	0	0	0	0
AF	0	0.771705	104	74	30	0	0	0	0
AF	0	0.772017	101	69	32	0	0	0	0
AF	0	0.772330	87	53	34	0	0	0	0
AF	0	0.772642	68	50	18	0	0	0	0
AF	0	0.772954	80	55	25	0	0	0	0
AF	0	0.773267	65	42	23	0	0	0	0
AF	0	0.773579	79	58	21	0	0	0	0
AF	0	0.773891	77	55	22	0	0	0	0
AF	0	0.774204	85	58	27	0	0	0	0
AF	0	0.774516	88	63	25	0	0	0	0
AF	0	0.774828	67	43	24	0	0	0	0
AF	0	0.775141	74	42	32	0	0	0	0
AF	0	0.775453	74	55	19	0	0	0	0
AF	0	0.775765	60	41	19	0	0	0	0
AF	0	0.776077	68	44	24	0	0	0	0
AF	0	0.776390	86	61	25	0	0	0	0
AF	0	0.776702	82	56	26	0	0	0	0
AF	0	0.777014	90	57	33	0	0	0	0
AF	0	0.777327	102	69	33	0	0	0	0
AF	0	0.777639	89	60	29	0	0	0	0
AF	0	0.777951	53	42	11	0	0	0	0
AF	0	0.778264	62	47	15	0	0	0	0
AF	0	0.778576	63	39	24	0	0	0	0
AF	0	0.778888	51	36	15	0	0	0	0
AF	0	0.779200	81	49	32	0	0	0	0
AF	0	0.779513	83	50	33	0	0	0	0
AF	0	0.779825	87	66	21	0	0	0	0
AF	0	0.780137	105	72	33	0	0	0	0
AF	0	0.780450	106	70	36	0	0	0	0
AF	0	0.780762	83	57	26	0	0	0	0
AF	0	0.781074	70	50	20	0	0	0	0
AF	0	0.781387	85	53	32	0	0	0	0
AF	0	0.781699	72	48	24	0	0	0	0
AF	0	0.782011	80	53	27	0	0	0	0
AF	0	0.782324	70	42	28	0	0	0	0
AF	0	0.782636	88	56	32	0	0	0	0
AF	0	0.782948	66	38	28	0	0	0	0
AF	0	0.783260	67	43	24	0	0	0	0
AF	0	0.783573	81	53	28	0	0	0	0
AF	0	0.783885	112	71	41	0	0	0	0
AF	0	0.784197	86	53	33	0	0	0	0
AF	0	0.784510	50	37	13	0	0	0	0
AF	0	0.784822	93	60	33	0	0	0	0
AF	0	0.785134	100	77	23	0	0	0	0
AF	0	0.785447	93	65	28	0	0	0	0
AF	0	0.785759	73	55	18	0	0	0	0
AF	0	0.786071	73	49	24	0	0	0	0
AF	0	0.786384	72	49	23	0	0	0	0
AF	0	0.786696	56	30	26	0	0	0	0
AF	0	0.787008	62	46	16	0	0	0	0
AF	0	0.787320	80	61	19	0	0	0	0
AF	0	0.787633	55	36	19	0	0	0	0
AF	0	0.787945	83	50	33	0	0	0	0
AF	0	0.788257	103	69	34	0	0	0	0
AF	0	0.788570	71	45	26	0	0	0	0
AF	0	0.788882	66	50	16	0	0	0	0
AF	0	0.789194	59	40	19	0	0	0	0
AF	0	0.789507	92	63	29	0	0	0	0
AF	0	0.789819	60	40	20	0	0	0	0
AF	0	0.790131	51	38	13	0	0	0	0
AF	0	0.790443	61	35	26	0	0	0	0
AF	0	0.790756	84	57	27	0	0	0	0
AF	0	0.791068	49	29	20	0	0	0	0
AF	0	0.791380	62	43	19	0	0	0	0
AF	0	0.791693	80	51	29	0	0	0	0
AF	0	0.792005	78	48	30	0	0	0	0
AF	0	0.792317	61	41	20	0	0	0	0
AF	0	0.792630	60	38	22	0	0	0	0
AF	0	0.792942	92	53	39	0	0	0	0
AF	0	0.793254	78	53	25	0	0	0	0
AF	0	0.793567	45	36	9	0	0	0	0
AF	0	0.793879	79	57	22	0	0	0	0
AF	0	0.794191	66	44	22	0	0	0	0
AF	0	0.794503	52	37	15	0	0	0	0
AF	0	0.794816	80	60	20	0	0	0	0
AF	0	0.795128	81	62	19	0	0	0	0
AF	0	0.795440	60	37	23	0	0	0	0
AF	0	0.795753	79	56	23	0	0	0	0
AF	0	0.796065	74	50	24	0	0	0	0
AF	0	0.796377	66	52	14	0	0	0	0
AF	0	0.796690	71	47	24	0	0	0	0
AF	0	0.797002	87	63	24	0	0	0	0
AF	0	0.797314	83	57	26	0	0	0	0
AF	0	0.797626	84	55	29	0	0	0	0
AF	0	0.797939	129	87	42	0	0	0	0
AF	0	0.798251	88	61	27	0	0	0	0
AF	0	0.798563	90	64	26	0	0	0	0
AF	0	0.798876	77	40	37	0	0	0	0
AF	0	0.799188	54	35	19	0	0	0	0
AF	0	0.799500	85	53	32	0	0	0	0
AF	0	0.799813	87	62	25	0	0	0	0
AF	0	0.800125	68	48	20	0	0	0	0
AF	0	0.800437	64	40	24	0	0	0	0
AF	0	0.800750	66	41	25	0	0	0	0
AF	0	0.801062	81	57	24	0	0	0	0
AF	0	0.801374	57	35	22	0	0	0	0
AF	0	0.801686	60	43	17	0	0	0	0
AF	0	0.801999	93	64	29	0	0	0	0
AF	0	0.802311	86	54	32	0	0	0	0
AF	0	0.802623	71	53	18	0	0	0	0
AF	0	0.802936	72	54	18	0	0	0	0
AF	0	0.803248	82	52	30	0	0	0	0
AF	0	0.803560	73	54	19	0	0	0	0
AF	0	0.803873	43	30	13	0	0	0	0
AF	0	0.804185	57	37	20	0	0	0	0
AF	0	0.804497	75	53	22	0	0	0	0
AF	0	0.804809	67	45	22	0	0	0	0
AF	0	0.805122	85	50	35	0	0	0	0
AF	0	0.805434	56	42	14	0	0	0	0
AF	0	0.805746	84	59	25	0	0	0	0
AF	0	0.806059	112	73	39	0	0	0	0
AF	0	0.806371	82	58	24	0	0	0	0
AF	0	0.806683	65	45	20	0	0	0	0
AF	0	0.806996	80	56	24	0	0	0	0
AF	0	0.807308	67	42	25	0	0	0	0
AF	0	0.807620	89	60	29	0	0	0	0
AF	0	0.807933	82	53	29	0	0	0	0
AF	0	0.808245	98	66	32	0	0	0	0
AF	0	0.808557	86	50	36	0	0	0	0
AF	0	0.808869	53	33	20	0	0	0	0
AF	0	0.809182	66	44	22	0	0	0	0
AF	0	0.809494	86	61	25	0	0	0	0
AF	0	0.809806	85	54	31	0	0	0	0
AF	0	0.810119	71	46	25	0	0	0	0
AF	0	0.810431	62	48	14	0	0	0	0
AF	0	0.810743	71	50	21	0	0	0	0
AF	0	0.811056	68	45	23	0	0	0	0
AF	0	0.811368	79	55	24	0	0	0	0
AF	0	0.811680	73	47	26	0	0	0	0
AF	0	0.811993	63	39	24	0	0	0	0
AF	0	0.812305	78	47	31	0	0	0	0
AF	0	0.812617	88	58	30	0	0	0	0
AF	0	0.812929	70	53	17	0	0	0	0
AF	0	0.813242	80	44	36	0	0	0	0
AF	0	0.813554	65	45	20	0	0	0	0
AF	0	0.813866	69	49	20	0	0	0	0
AF	0	0.814179	42	32	10	0	0	0	0
AF	0	0.814491	62	37	25	0	0	0	0
AF	0	0.814803	72	45	27	0	0	0	0
AF	0	0.815116	77	56	21	0	0	0	0
AF	0	0.815428	54	33	21	0	0	0	0
AF	0	0.815740	73	51	22	0	0	0	0
AF	0	0.816052	110	68	42	0	0	0	0
AF	0	0.816365	57	39	18	0	0	0	0
AF	0	0.816677	78	56	22	0	0	0	0
AF	0	0.816989	96	59	37	0	0	0	0
AF	0	0.817302	74	43	31	0	0	0	0
AF	0	0.817614	75	53	22	0	0	0	0
AF	0	0.817926	64	46	18	0	0	0	0
AF	0	0.818239	61	42	19	0	0	0	0
AF	0	0.818551	77	48	29	0	0	0	0
AF	0	0.818863	77	53	24	0	0	0	0
AF	0	0.819176	73	45	28	0	0	0	0
AF	0	0.819488	90	64	26	0	0	0	0
AF	0	0.819800	112	72	40	0	0	0	0
AF	0	0.820112	82	50	32	0	0	0	0
AF	0	0.820425	52	32	20	0	0	0	0
AF	0	0.820737	87	55	32	0	0	0	0
AF	0	0.821049	66	44	22	0	0	0	0
AF	0	0.821362	74	49	25	0	0	0	0
AF	0	0.821674	83	55	28	0	0	0	0
AF	0	0.821986	63	37	26	0	0	0	0
AF	0	0.822299	46	29	17	0	0	0	0
AF	0	0.822611	62	36	26	0	0	0	0
AF	0	0.822923	64	38	26	0	0	0	0
AF	0	0.823235	39	25	14	0	0	0	0
AF	0	0.823548	53	31	22	0	0	0	0
AF	0	0.823860	49	32	17	0	0	0	0
AF	0	0.824172	61	38	23	0	0	0	0
AF	0	0.824485	52	38	14	0	0	0	0
AF	0	0.824797	51	32	19	0	0	0	0
AF	0	0.825109	69	46	23	0	0	0	0
AF	0	0.825422	73	43	30	0	0	0	0
AF	0	0.825734	70	49	21	0	0	0	0
AF	0	0.826046	51	29	22	0	0	0	0
AF	0	0.826359	69	45	24	0	0	0	0
AF	0	0.826671	57	40	17	0	0	0	0
AF	0	0.826983	53	39	14	0	0	0	0
AF	0	0.827295	68	49	19	0	0	0	0
AF	0	0.827608	71	49	22	0	0	0	0
AF	0	0.827920	45	27	18	0	0	0	0
AF	0	0.828232	64	40	24	0	0	0	0
AF	0	0.828545	63	45	18	0	0	0	0
AF	0	0.828857	97	64	33	0	0	0	0
AF	0	0.829169	93	68	25	0	0	0	0
AF	0	0.829482	72	41	31	0	0	0	0
AF	0	0.829794	79	50	29	0	0	0	0
AF	0	0.830106	62	39	23	0	0	0	0
AF	0	0.830418	68	44	24	0	0	0	0
AF	0	0.830731	68	50	18	0	0	0	0
AF	0	0.831043	96	64	32	0	0	0	0
AF	0	0.831355	85	62	23	0	0	0	0
AF	0	0.831668	73	47	26	0	0	0	0
AF	0	0.831980	72	52	20	0	0	0	0
AF	0	0.832292	141	98	43	0	0	0	0
AF	0	0.832605	99	66	33	0	0	0	0
AF	0	0.832917	107	74	33	0	0	0	0
AF	0	0.833229	110	72	38	0	0	0	0
AF	0	0.833542	72	46	26	0	0	0	0
AF	0	0.833854	57	45	12	0	0	0	0
AF	0	0.834166	55	38	17	0	0	0	0
AF	0	0.834478	59	39	20	0	0	0	0
AF	0	0.834791	62	41	21	0	0	0	0
AF	0	0.835103	39	30	9	0	0	0	0
AF	0	0.835415	66	35	31	0	0	0	0
AF	0	0.835728	72	46	26	0	0	0	0
AF	0	0.836040	108	76	32	0	0	0	0
AF	0	0.836352	85	50	35	0	0	0	0
AF	0	0.836665	87	49	38	0	0	0	0
AF	0	0.836977	71	52	19	0	0	0	0
AF	0	0.837289	94	60	34	0	0	0	0
AF	0	0.837601	48	32	16	0	0	0	0
AF	0	0.837914	71	46	25	0	0	0	0
AF	0	0.838226	93	61	32	0	0	0	0
AF	0	0.838538	65	44	21	0	0	0	0
AF	0	0.838851	49	32	17	0	0	0	0
AF	0	0.839163	52	36	16	0	0	0	0
AF	0	0.839475	61	39	22	0	0	0	0
AF	0	0.839788	74	49	25	0	0	0	0
AF	0	0.840100	86	56	30	0	0	0	0
AF	0	0.840412	97	68	29	0	0	0	0
AF	0	0.840725	84	64	20	0	0	0	0
AF	0	0.841037	55	37	18	0	0	0	0
AF	0	0.841349	65	39	26	0	0	0	0
AF	0	0.841661	66	45	21	0	0	0	0
AF	0	0.841974	89	62	27	0	0	0	0
AF	0	0.842286	61	39	22	0	0	0	0
AF	0	0.842598	52	36	16	0	0	0	0
AF	0	0.842911	61	45	16	0	0	0	0
AF	0	0.843223	70	41	29	0	0	0	0
AF	0	0.843535	50	34	16	0	0	0	0
AF	0	0.843848	58	39	19	0	0	0	0
AF	0	0.844160	45	32	13	0	0	0	0
AF	0	0.844472	69	44	25	0	0	0	0
AF	0	0.844785	66	44	22	0	0	0	0
AF	0	0.845097	88	60	28	0	0	0	0
AF	0	0.845409	66	40	26	0	0	0	0
AF	0	0.845721	37	28	9	0	0	0	0
AF	0	0.846034	56	38	18	0	0	0	0
AF	0	0.846346	59	43	16	0	0	0	0
AF	0	0.846658	85	55	30	0	0	0	0
AF	0	0.846971	49	34	15	0	0	0	0
AF	0	0.847283	76	51	25	0	0	0	0
AF	0	0.847595	53	29	24	0	0	0	0
AF	0	0.847908	44	31	13	0	0	0	0
AF	0	0.848220	54	38	16	0	0	0	0
AF	0	0.848532	60	43	17	0	0	0	0
AF	0	0.848844	62	43	19	0	0	0	0
AF	0	0.849157	66	51	15	0	0	0	0
AF	0	0.849469	80	46	34	0	0	0	0
AF	0	0.849781	100	69	31	0	0	0	0
AF	0	0.850094	87	59	28	0	0	0	0
AF	0	0.850406	94	62	32	0	0	0	0
AF	0	0.850718	119	81	38	0	0	0	0
AF	0	0.851031	88	57	31	0	0	0	0
AF	0	0.851343	66	49	17	0	0	0	0
AF	0	0.851655	53	37	16	0	0	0	0
AF	0	0.851968	63	39	24	0	0	0	0
AF	0	0.852280	69	44	25	0	0	0	0
AF	0	0.852592	86	59	27	0	0	0	0
AF	0	0.852904	60	41	19	0	0	0	0
AF	0	0.853217	59	39	20	0	0	0	0
AF	0	0.853529	60	43	17	0	0	0	0
AF	0	0.853841	62	40	22	0	0	0	0
AF	0	0.854154	76	54	22	0	0	0	0
AF	0	0.854466	64	47	17	0	0	0	0
AF	0	0.854778	73	62	11	0	0	0	0
AF	0	0.855091	69	47	22	0	0	0	0
AF	0	0.855403	54	32	22	0	0	0	0
AF	0	0.855715	67	46	21	0	0	0	0
AF	0	0.856027	107	61	46	0	0	0	0
AF	0	0.856340	65	48	17	0	0	0	0
AF	0	0.856652	71	52	19	0	0	0	0
AF	0	0.856964	52	41	11	0	0	0	0
AF	0	0.857277	64	44	20	0	0	0	0
AF	0	0.857589	61	43	18	0	0	0	0
AF	0	0.857901	77	51	26	0	0	0	0
AF	0	0.858214	52	32	20	0	0	0	0
AF	0	0.858526	107	72	35	0	0	0	0
AF	0	0.858838	84	44	40	0	0	0	0
AF	0	0.859151	47	29	18	0	0	0	0
AF	0	0.859463	55	42	13	0	0	0	0
AF	0	0.859775	43	31	12	0	0	0	0
AF	0	0.860087	60	41	19	0	0	0	0
AF	0	0.860400	54	36	18	0	0	0	0
AF	0	0.860712	41	27	14	0	0	0	0
AF	0	0.861024	59	37	22	0	0	0	0
AF	0	0.861337	51	38	13	0	0	0	0
AF	0	0.861649	70	48	22	0	0	0	0
AF	0	0.861961	70	50	20	0	0	0	0
AF	0	0.862274	98	69	29	0	0	0	0
AF	0	0.862586	57	40	17	0	0	0	0
AF	0	0.862898	55	36	19	0	0	0	0
AF	0	0.863210	71	55	16	0	0	0	0
AF	0	0.863523	60	44	16	0	0	0	0
AF	0	0.863835	72	48	24	0	0	0	0
AF	0	0.864147	116	81	35	0	0	0	0
AF	0	0.864460	133	86	47	0	0	0	0
AF	0	0.864772	87	60	27	0	0	0	0
AF	0	0.865084	61	36	25	0	0	0	0
AF	0	0.865397	72	56	16	0	0	0	0
AF	0	0.865709	64	49	15	0	0	0	0
AF	0	0.866021	69	48	21	0	0	0	0
AF	0	0.866334	75	50	25	0	0	0	0
AF	0	0.866646	94	68	26	0	0	0	0
AF	0	0.866958	73	48	25	0	0	0	0
AF	0	0.867270	61	42	19	0	0	0	0
AF	0	0.867583	66	46	20	0	0	0	0
AF	0	0.867895	58	37	21	0	0	0	0
AF	0	0.868207	79	60	19	0	0	0	0
AF	0	0.868520	51	29	22	0	0	0	0
AF	0	0.868832	59	47	12	0	0	0	0
AF	0	0.869144	56	34	22	0	0	0	0
AF	0	0.869457	100	63	37	0	0	0	0
AF	0	0.869769	59	34	25	0	0	0	0
AF	0	0.870081	84	58	26	0	0	0	0
AF	0	0.870394	77	45	32	0	0	0	0
AF	0	0.870706	65	42	23	0	0	0	0
AF	0	0.871018	64	47	17	0	0	0	0
AF	0	0.871330	62	45	17	0	0	0	0
AF	0	0.871643	77	45	32	0	0	0	0
AF	0	0.871955	94	61	33	0	0	0	0
AF	0	0.872267	82	59	23	0	0	0	0
AF	0	0.872580	55	38	17	0	0	0	0
AF	0	0.872892	82	55	27	0	0	0	0
AF	0	0.873204	116	77	39	0	0	0	0
AF	0	0.873517	75	46	29	0	0	0	0
AF	0	0.873829	78	55	23	0	0	0	0
AF	0	0.874141	73	53	20	0	0	0	0
AF	0	0.874453	101	56	45	0	0	0	0
AF	0	0.874766	73	54	19	0	0	0	0
AF	0	0.875078	47	33	14	0	0	0	0
AF	0	0.875390	52	37	15	0	0	0	0
AF	0	0.875703	49	33	16	0	0	0	0
AF	0	0.876015	73	53	20	0	0	0	0
AF	0	0.876327	38	25	13	0	0	0	0
AF	0	0.876640	51	36	15	0	0	0	0
AF	0	0.876952	66	39	27	0	0	0	0
AF	0	0.877264	90	61	29	0	0	0	0
AF	0	0.877577	103	77	26	0	0	0	0
AF	0	0.877889	61	44	17	0	0	0	0
AF	0	0.878201	56	43	13	0	0	0	0
AF	0	0.878513	64	48	16	0	0	0	0
AF	0	0.878826	57	37	20	0	0	0	0
AF	0	0.879138	72	46	26	0	0	0	0
AF	0	0.879450	60	38	22	0	0	0	0
AF	0	0.879763	58	46	12	0	0	0	0
AF	0	0.880075	87	54	33	0	0	0	0
AF	0	0.880387	52	27	25	0	0	0	0
AF	0	0.880700	52	39	13	0	0	0	0
AF	0	0.881012	62	48	14	0	0	0	0
AF	0	0.881324	97	66	31	0	0	0	0
AF	0	0.881636	74	49	25	0	0	0	0
AF	0	0.881949	59	42	17	0	0	0	0
AF	0	0.882261	85	58	27	0	0	0	0
AF	0	0.882573	107	68	39	0	0	0	0
AF	0	0.882886	69	50	19	0	0	0	0
AF	0	0.883198	68	49	19	0	0	0	0
AF	0	0.883510	90	64	26	0	0	0	0
AF	0	0.883823	43	25	18	0	0	0	0
AF	0	0.884135	75	44	31	0	0	0	0
AF	0	0.884447	62	40	22	0	0	0	0
AF	0	0.884760	60	37	23	0	0	0	0
AF	0	0.885072	49	34	15	0	0	0	0
AF	0	0.885384	42	29	13	0	0	0	0
AF	0	0.885696	74	48	26	0	0	0	0
AF	0	0.886009	83	53	30	0	0	0	0
AF	0	0.886321	75	53	22	0	0	0	0
AF	0	0.886633	41	25	16	0	0	0	0
AF	0	0.886946	53	37	16	0	0	0	0
AF	0	0.887258	54	35	19	0	0	0	0
AF	0	0.887570	55	32	23	0	0	0	0
AF	0	0.887883	96	59	37	0	0	0	0
AF	0	0.888195	77	54	23	0	0	0	0
AF	0	0.888507	68	43	25	0	0	0	0
AF	0	0.888819	54	39	15	0	0	0	0
AF	0	0.889132	74	49	25	0	0	0	0
AF	0	0.889444	59	34	25	0	0	0	0
AF	0	0.889756	104	64	40	0	0	0	0
AF	0	0.890069	83	52	31	0	0	0	0
AF	0	0.890381	66	42	24	0	0	0	0
AF	0	0.890693	54	31	23	0	0	0	0
AF	0	0.891006	60	44	16	0	0	0	0
AF	0	0.891318	74	44	30	0	0	0	0
AF	0	0.891630	54	32	22	0	0	0	0
AF	0	0.891943	44	32	12	0	0	0	0
AF	0	0.892255	67	44	23	0	0	0	0
AF	0	0.892567	63	37	26	0	0	0	0
AF	0	0.892879	72	54	18	0	0	0	0
AF	0	0.893192	68	43	25	0	0	0	0
AF	0	0.893504	87	58	29	0	0	0	0
AF	0	0.893816	96	61	35	0	0	0	0
AF	0	0.894129	57	35	22	0	0	0	0
AF	0	0.894441	60	33	27	0	0	0	0
AF	0	0.894753	54	35	19	0	0	0	0
AF	0	0.895066	94	59	35	0	0	0	0
AF	0	0.895378	72	46	26	0	0	0	0
AF	0	0.895690	67	46	21	0	0	0	0
AF	0	0.896002	55	37	18	0	0	0	0
AF	0	0.896315	58	40	18	0	0	0	0
AF	0	0.896627	71	42	29	0	0	0	0
AF	0	0.896939	59	39	20	0	0	0	0
AF	0	0.897252	67	50	17	0	0	0	0
AF	0	0.897564	104	56	48	0	0	0	0
AF	0	0.897876	78	60	18	0	0	0	0
AF	0	0.898189	59	43	16	0	0	0	0
AF	0	0.898501	49	31	18	0	0	0	0
AF	0	0.898813	42	34	8	0	0	0	0
AF	0	0.899126	50	28	22	0	0	0	0
AF	0	0.899438	41	25	16	0	0	0	0
AF	0	0.899750	62	42	20	0	0	0	0
AF	0	0.900062	49	29	20	0	0	0	0
AF	0	0.900375	59	43	16	0	0	0	0
AF	0	0.900687	72	47	25	0	0	0	0
AF	0	0.900999	93	68	25	0	0	0	0
AF	0	0.901312	66	41	25	0	0	0	0
AF	0	0.901624	142	90	52	0	0	0	0
AF	0	0.901936	66	42	24	0	0	0	0
AF	0	0.902249	54	26	28	0	0	0	0
AF	0	0.902561	58	41	17	0	0	0	0
AF	0	0.902873	69	48	21	0	0	0	0
AF	0	0.903186	70	48	22	0	0	0	0
AF	0	0.903498	54	28	26	0	0	0	0
AF	0	0.903810	37	28	9	0	0	0	0
AF	0	0.904122	57	35	22	0	0	0	0
AF	0	0.904435	70	49	21	0	0	0	0
AF	0	0.904747	56	41	15	0	0	0	0
AF	0	0.905059	47	29	18	0	0	0	0
AF	0	0.905372	63	40	23	0	0	0	0
AF	0	0.905684	46	32	14	0	0	0	0
AF	0	0.905996	38	26	12	0	0	0	0
AF	0	0.906309	46	30	16	0	0	0	0
AF	0	0.906621	68	50	18	0	0	0	0
AF	0	0.906933	56	28	28	0	0	0	0
AF	0	0.907245	62	38	24	0	0	0	0
AF	0	0.907558	46	30	16	0	0	0	0
AF	0	0.907870	62	44	18	0	0	0	0
AF	0	0.908182	114	85	29	0	0	0	0
AF	0	0.908495	51	36	15	0	0	0	0
AF	0	0.908807	64	43	21	0	0	0	0
AF	0	0.909119	65	40	25	0	0	0	0
AF	0	0.909432	67	43	24	0	0	0	0
AF	0	0.909744	56	35	21	0	0	0	0
AF	0	0.910056	62	45	17	0	0	0	0
AF	0	0.910369	86	57	29	0	0	0	0
AF	0	0.910681	122	84	38	0	0	0	0
AF	0	0.910993	78	51	27	0	0	0	0
AF	0	0.911305	70	45	25	0	0	0	0
AF	0	0.911618	62	41	21	0	0	0	0
AF	0	0.911930	61	47	14	0	0	0	0
AF	0	0.912242	66	44	22	0	0	0	0
AF	0	0.912555	57	48	9	0	0	0	0
AF	0	0.912867	58	36	22	0	0	0	0
AF	0	0.913179	85	57	28	0	0	0	0
AF	0	0.913492	51	40	11	0	0	0	0
AF	0	0.913804	52	34	18	0	0	0	0
AF	0	0.914116	66	49	17	0	0	0	0
AF	0	0.914428	57	39	18	0	0	0	0
AF	0	0.914741	80	57	23	0	0	0	0
AF	0	0.915053	51	34	17	0	0	0	0
AF	0	0.915365	78	49	29	0	0	0	0
AF	0	0.915678	63	41	22	0	0	0	0
AF	0	0.915990	83	52	31	0	0	0	0
AF	0	0.916302	78	48	30	0	0	0	0
AF	0	0.916615	67	48	19	0	0	0	0
AF	0	0.916927	53	34	19	0	0	0	0
AF	0	0.917239	41	27	14	0	0	0	0
AF	0	0.917552	82	54	28	0	0	0	0
AF	0	0.917864	71	43	28	0	0	0	0
AF	0	0.918176	60	40	20	0	0	0	0
AF	0	0.918488	49	27	22	0	0	0	0
AF	0	0.918801	60	38	22	0	0	0	0
AF	0	0.919113	65	42	23	0	0	0	0
AF	0	0.919425	87	56	31	0	0	0	0
AF	0	0.919738	52	41	11	0	0	0	0
AF	0	0.920050	75	54	21	0	0	0	0
AF	0	0.920362	77	55	22	0	0	0	0
AF	0	0.920675	71	51	20	0	0	0	0
AF	0	0.920987	65	49	16	0	0	0	0
AF	0	0.921299	77	50	27	0	0	0	0
AF	0	0.921611	59	44	15	0	0	0	0
AF	0	0.921924	47	34	13	0	0	0	0
AF	0	0.922236	36	22	14	0	0	0	0
AF	0	0.922548	61	38	23	0	0	0	0
AF	0	0.922861	63	46	17	0	0	0	0
AF	0	0.923173	104	67	37	0	0	0	0
AF	0	0.923485	46	32	14	0	0	0	0
AF	0	0.923798	77	52	25	0	0	0	0
AF	0	0.924110	81	53	28	0	0	0	0
AF	0	0.924422	62	50	12	0	0	0	0
AF	0	0.924735	58	34	24	0	0	0	0
AF	0	0.925047	81	56	25	0	0	0	0
AF	0	0.925359	93	64	29	0	0	0	0
AF	0	0.925671	71	45	26	0	0	0	0
AF	0	0.925984	73	48	25	0	0	0	0
AF	0	0.926296	84	49	35	0	0	0	0
AF	0	0.926608	67	46	21	0	0	0	0
AF	0	0.926921	79	54	25	0	0	0	0
AF	0	0.927233	74	57	17	0	0	0	0
AF	0	0.927545	63	38	25	0	0	0	0
AF	0	0.927858	93	61	32	0	0	0	0
AF	0	0.928170	49	31	18	0	0	0	0
AF	0	0.928482	40	28	12	0	0	0	0
AF	0	0.928795	66	48	18	0	0	0	0
AF	0	0.929107	49	31	18	0	0	0	0
AF	0	0.929419	82	42	40	0	0	0	0
AF	0	0.929731	62	36	26	0	0	0	0
AF	0	0.930044	89	58	31	0	0	0	0
AF	0	0.930356	61	40	21	0	0	0	0
AF	0	0.930668	61	42	19	0	0	0	0
AF	0	0.930981	47	36	11	0	0	0	0
AF	0	0.931293	38	30	8	0	0	0	0
AF	0	0.931605	61	46	15	0	0	0	0
AF	0	0.931918	53	37	16	0	0	0	0
AF	0	0.932230	51	34	17	0	0	0	0
AF	0	0.932542	69	45	24	0	0	0	0
AF	0	0.932854	48	32	16	0	0	0	0
AF	0	0.933167	52	35	17	0	0	0	0
AF	0	0.933479	53	37	16	0	0	0	0
AF	0	0.933791	43	35	8	0	0	0	0
AF	0	0.934104	54	32	22	0	0	0	0
AF	0	0.934416	59	38	21	0	0	0	0
AF	0	0.934728	85	57	28	0	0	0	0
AF	0	0.935041	61	39	22	0	0	0	0
AF	0	0.935353	78	50	28	0	0	0	0
AF	0	0.935665	57	34	23	0	0	0	0
AF	0	0.935978	64	43	21	0	0	0	0
AF	0	0.936290	68	43	25	0	0	0	0
AF	0	0.936602	44	28	16	0	0	0	0
AF	0	0.936914	46	27	19	0	0	0	0
AF	0	0.937227	40	32	8	0	0	0	0
AF	0	0.937539	61	43	18	0	0	0	0
AF	0	0.937851	69	46	23	0	0	0	0
AF	0	0.938164	59	35	24	0	0	0	0
AF	0	0.938476	53	33	20	0	0	0	0
AF	0	0.938788	63	39	24	0	0	0	0
AF	0	0.939101	61	37	24	0	0	0	0
AF	0	0.939413	68	45	23	0	0	0	0
AF	0	0.939725	60	38	22	0	0	0	0
AF	0	0.940037	50	36	14	0	0	0	0
AF	0	0.940350	47	27	20	0	0	0	0
AF	0	0.940662	55	43	12	0	0	0	0
AF	0	0.940974	54	34	20	0	0	0	0
AF	0	0.941287	86	63	23	0	0	0	0
AF	0	0.941599	105	70	35	0	0	0	0
AF	0	0.941911	91	70	21	0	0	0	0
AF	0	0.942224	63	41	22	0	0	0	0
AF	0	0.942536	72	44	28	0	0	0	0
AF	0	0.942848	77	56	21	0	0	0	0
AF	0	0.943161	51	31	20	0	0	0	0
AF	0	0.943473	54	36	18	0	0	0	0
AF	0	0.943785	67	45	22	0	0	0	0
AF	0	0.944097	67	48	19	0	0	0	0
AF	0	0.944410	62	37	25	0	0	0	0
AF	0	0.944722	57	38	19	0	0	0	0
AF	0	0.945034	71	49	22	0	0	0	0
AF	0	0.945347	48	30	18	0	0	0	0
AF	0	0.945659	69	42	27	0	0	0	0
AF	0	0.945971	65	42	23	0	0	0	0
AF	0	0.946284	63	45	18	0	0	0	0
AF	0	0.946596	45	30	15	0	0	0	0
AF	0	0.946908	62	44	18	0	0	0	0
AF	0	0.947220	37	22	15	0	0	0	0
AF	0	0.947533	44	30	14	0	0	0	0
AF	0	0.947845	69	42	27	0	0	0	0
AF	0	0.948157	88	56	32	0	0	0	0
AF	0	0.948470	67	46	21	0	0	0	0
AF	0	0.948782	101	81	20	0	0	0	0
AF	0	0.949094	66	49	17	0	0	0	0
AF	0	0.949407	71	35	36	0	0	0	0
AF	0	0.949719	50	31	19	0	0	0	0
AF	0	0.950031	79	54	25	0	0	0	0
AF	0	0.950344	66	48	18	0	0	0	0
AF	0	0.950656	97	63	34	0	0	0	0
AF	0	0.950968	75	49	26	0	0	0	0
AF	0	0.951280	46	33	13	0	0	0	0
AF	0	0.951593	96	62	34	0	0	0	0
AF	0	0.951905	69	48	21	0	0	0	0
AF	0	0.952217	61	37	24	0	0	0	0
AF	0	0.952530	60	41	19	0	0	0	0
AF	0	0.952842	68	44	24	0	0	0	0
AF	0	0.953154	72	43	29	0	0	0	0
AF	0	0.953467	74	44	30	0	0	0	0
AF	0	0.953779	55	39	16	0	0	0	0
AF	0	0.954091	63	45	18	0	0	0	0
AF	0	0.954403	70	50	20	0	0	0	0
AF	0	0.954716	77	50	27	0	0	0	0
AF	0	0.955028	88	63	25	0	0	0	0
AF	0	0.955340	80	48	32	0	0	0	0
AF	0	0.955653	74	58	16	0	0	0	0
AF	0	0.955965	81	47	34	0	0	0	0
AF	0	0.956277	90	56	34	0	0	0	0
AF	0	0.956590	86	54	32	0	0	0	0
AF	0	0.956902	70	44	26	0	0	0	0
AF	0	0.957214	58	40	18	0	0	0	0
AF	0	0.957527	78	44	34	0	0	0	0
AF	0	0.957839	57	45	12	0	0	0	0
AF	0	0.958151	67	48	19	0	0	0	0
AF	0	0.958463	53	30	23	0	0	0	0
AF	0	0.958776	83	51	32	0	0	0	0
AF	0	0.959088	87	58	29	0	0	0	0
AF	0	0.959400	84	58	26	0	0	0	0
AF	0	0.959713	71	52	19	0	0	0	0
AF	0	0.960025	53	39	14	0	0	0	0
AF	0	0.960337	73	50	23	0	0	0	0
AF	0	0.960650	171	112	59	0	0	0	0
AF	0	0.960962	110	70	40	0	0	0	0
AF	0	0.961274	118	80	38	0	0	0	0
AF	0	0.961587	89	60	29	0	0	0	0
AF	0	0.961899	91	64	27	0	0	0	0
AF	0	0.962211	70	46	24	0	0	0	0
AF	0	0.962523	89	54	35	0	0	0	0
AF	0	0.962836	64	43	21	0	0	0	0
AF	0	0.963148	89	63	26	0	0	0	0
AF	0	0.963460	102	64	38	0	0	0	0
AF	0	0.963773	66	52	14	0	0	0	0
AF	0	0.964085	61	49	12	0	0	0	0
AF	0	0.964397	86	55	31	0	0	0	0
AF	0	0.964710	74	48	26	0	0	0	0
AF	0	0.965022	90	61	29	0	0	0	0
AF	0	0.965334	72	55	17	0	0	0	0
AF	0	0.965646	86	56	30	0	0	0	0
AF	0	0.965959	74	50	24	0	0	0	0
AF	0	0.966271	75	48	27	0	0	0	0
AF	0	0.966583	93	67	26	0	0	0	0
AF	0	0.966896	50	33	17	0	0	0	0
AF	0	0.967208	95	56	39	0	0	0	0
AF	0	0.967520	62	43	19	0	0	0	0
AF	0	0.967833	80	56	24	0	0	0	0
AF	0	0.968145	103	64	39	0	0	0	0
AF	0	0.968457	101	72	29	0	0	0	0
AF	0	0.968770	86	60	26	0	0	0	0
AF	0	0.969082	63	38	25	0	0	0	0
AF	0	0.969394	73	48	25	0	0	0	0
AF	0	0.969706	69	49	20	0	0	0	0
AF	0	0.970019	73	47	26	0	0	0	0
AF	0	0.970331	83	52	31	0	0	0	0
AF	0	0.970643	105	67	38	0	0	0	0
AF	0	0.970956	92	61	31	0	0	0	0
AF	0	0.971268	89	63	26	0	0	0	0
AF	0	0.971580	108	79	29	0	0	0	0
AF	0	0.971893	121	78	43	0	0	0	0
AF	0	0.972205	105	71	34	0	0	0	0
AF	0	0.972517	130	85	45	0	0	0	0
AF	0	0.972829	113	80	33	0	0	0	0
AF	0	0.973142	109	73	36	0	0	0	0
AF	0	0.973454	125	86	39	0	0	0	0
AF	0	0.973766	101	64	37	0	0	0	0
AF	0	0.974079	97	75	22	0	0	0	0
AF	0	0.974391	80	50	30	0	0	0	0
AF	0	0.974703	145	97	48	0	0	0	0
AF	0	0.975016	145	106	39	0	0	0	0
AF	0	0.975328	101	74	27	0	0	0	0
AF	0	0.975640	91	63	28	0	0	0	0
AF	0	0.975953	66	46	20	0	0	0	0
AF	0	0.976265	91	69	22	0	0	0	0
AF	0	0.976577	77	58	19	0	0	0	0
AF	0	0.976889	84	50	34	0	0	0	0
AF	0	0.977202	85	60	25	0	0	0	0
AF	0	0.977514	105	74	31	0	0	0	0
AF	0	0.977826	146	108	38	0	0	0	0
AF	0	0.978139	116	77	39	0	0	0	0
AF	0	0.978451	100	73	27	0	0	0	0
AF	0	0.978763	120	82	38	0	0	0	0
AF	0	0.979076	155	104	51	0	0	0	0
AF	0	0.979388	107	72	35	0	0	0	0
AF	0	0.979700	105	75	30	0	0	0	0
AF	0	0.980012	128	94	34	0	0	0	0
AF	0	0.980325	100	68	32	0	0	0	0
AF	0	0.980637	118	81	37	0	0	0	0
AF	0	0.980949	139	97	42	0	0	0	0
AF	0	0.981262	114	78	36	0	0	0	0
AF	0	0.981574	124	81	43	0	0	0	0
AF	0	0.981886	151	101	50	0	0	0	0
AF	0	0.982199	125	91	34	0	0	0	0
AF	0	0.982511	88	60	28	0	0	0	0
AF	0	0.982823	140	107	33	0	0	0	0
AF	0	0.983136	148	106	42	0	0	0	0
AF	0	0.983448	137	98	39	0	0	0	0
AF	0	0.983760	121	82	39	0	0	0	0
AF	0	0.984072	110	72	38	0	0	0	0
AF	0	0.984385	174	113	61	0	0	0	0
AF	0	0.984697	178	121	57	0	0	0	0
AF	0	0.985009	151	99	52	0	0	0	0
AF	0	0.985322	127	78	49	0	0	0	0
AF	0	0.985634	142	106	36	0	0	0	0
AF	0	0.985946	140	91	49	0	0	0	0
AF	0	0.986259	136	97	39	0	0	0	0
AF	0	0.986571	92	62	30	0	0	0	0
AF	0	0.986883	121	90	31	0	0	0	0
AF	0	0.987196	133	91	42	0	0	0	0
AF	0	0.987508	168	111	57	0	0	0	0
AF	0	0.987820	126	81	45	0	0	0	0
AF	0	0.988132	134	88	46	0	0	0	0
AF	0	0.988445	186	125	61	0	0	0	0
AF	0	0.988757	152	106	46	0	0	0	0
AF	0	0.989069	102	68	34	0	0	0	0
AF	0	0.989382	183	128	55	0	0	0	0
AF	0	0.989694	206	143	63	0	0	0	0
AF	0	0.990006	133	94	39	0	0	0	0
AF	0	0.990319	148	96	52	0	0	0	0
AF	0	0.990631	131	90	41	0	0	0	0
AF	0	0.990943	167	119	48	0	0	0	0
AF	0	0.991255	110	75	35	0	0	0	0
AF	0	0.991568	139	89	50	0	0	0	0
AF	0	0.991880	142	91	51	0	0	0	0
AF	0	0.992192	150	104	46	0	0	0	0
AF	0	0.992505	180	117	63	0	0	0	0
AF	0	0.992817	196	119	77	0	0	0	0
AF	0	0.993129	171	114	57	0	0	0	0
AF	0	0.993442	119	76	43	0	0	0	0
AF	0	0.993754	137	86	51	0	0	0	0
AF	0	0.994066	140	98	42	0	0	0	0
AF	0	0.994379	185	130	55	0	0	0	0
AF	0	0.994691	191	126	65	0	0	0	0
AF	0	0.995003	204	141	63	0	0	0	0
AF	0	0.995315	185	129	56	0	0	0	0
AF	0	0.995628	143	89	54	0	0	0	0
AF	0	0.995940	173	106	67	0	0	0	0
AF	0	0.996252	166	115	51	0	0	0	0
AF	0	0.996565	207	153	54	0	0	0	0
AF	0	0.996877	172	113	59	0	0	0	0
AF	0	0.997189	184	129	55	0	0	0	0
AF	0	0.997502	184	136	48	0	0	0	0
AF	0	0.997814	155	97	58	0	0	0	0
AF	0	0.998126	206	140	66	0	0	0	0
AF	0	0.998438	228	143	85	0	0	0	0
AF	0	0.998751	215	142	73	0	0	0	0
AF	0	0.999063	311	219	92	0	0	0	0
AF	0	0.999375	161	107	54	0	0	0	0
# QUAL, Stats by quality
# QUAL	[2]id	[3]Quality	[4]number of SNPs	[5]number of transitions (1st ALT)	[6]number of transversions (1st ALT)	[7]number of indels
QUAL	0	.	2567781	1725001	842780	0
# IDD, InDel distribution:
# IDD	[2]id	[3]length (deletions negative)	[4]number of sites	[5]number of genotypes	[6]mean VAF
# ST, Substitution types:
# ST	[2]id	[3]type	[4]count
ST	0	A>C	99171
ST	0	A>G	368651
ST	0	A>T	97349
ST	0	C>A	124551
ST	0	C>G	101748
ST	0	C>T	491599
ST	0	G>A	493636
ST	0	G>C	101208
ST	0	G>T	120619
ST	0	T>A	100557
ST	0	T>C	371115
ST	0	T>G	97577
# DP, depth:
#   - set id, see above
#   - the depth bin, corresponds to the depth (unless --depth was given)
#   - number of genotypes with this depth (zero unless -s/-S was given)
#   - fraction of genotypes with this depth (zero unless -s/-S was given)
#   - number of sites with this depth
#   - fraction of sites with this depth
# DP, Depth distribution
# DP	[2]id	[3]bin	[4]number of genotypes	[5]fraction of genotypes (%)	[6]number of sites	[7]fraction of sites (%)
