# This file was produced by bcftools stats (1.21+htslib-1.21) and can be plotted using plot-vcfstats.
# The command line was:	bcftools stats  /hpc/local/Rocky8/dhl_ec/software/MonopogenLite/resources/1kGP_high_coverage_Illumina.SNVonly_poly.filtered_AF_5e-04.norm.fixvariantid.chr12.vcf.gz
#
# Definition of sets:
# ID	[2]id	[3]tab-separated file names
ID	0	/hpc/local/Rocky8/dhl_ec/software/MonopogenLite/resources/1kGP_high_coverage_Illumina.SNVonly_poly.filtered_AF_5e-04.norm.fixvariantid.chr12.vcf.gz
# SN, Summary numbers:
#   number of records   .. number of data rows in the VCF
#   number of no-ALTs   .. reference-only sites, ALT is either "." or identical to REF
#   number of SNPs      .. number of rows with a SNP
#   number of MNPs      .. number of rows with a MNP, such as CC>TT
#   number of indels    .. number of rows with an indel
#   number of others    .. number of rows with other type, for example a symbolic allele or
#                          a complex substitution, such as ACT>TCGA
#   number of multiallelic sites     .. number of rows with multiple alternate alleles
#   number of multiallelic SNP sites .. number of rows with multiple alternate alleles, all SNPs
# 
#   Note that rows containing multiple types will be counted multiple times, in each
#   counter. For example, a row with a SNP and an indel increments both the SNP and
#   the indel counter.
# 
# SN	[2]id	[3]key	[4]value
SN	0	number of samples:	3202
SN	0	number of records:	1727352
SN	0	number of no-ALTs:	0
SN	0	number of SNPs:	1727352
SN	0	number of MNPs:	0
SN	0	number of indels:	0
SN	0	number of others:	0
SN	0	number of multiallelic sites:	0
SN	0	number of multiallelic SNP sites:	0
# TSTV, transitions/transversions
#   - transitions, see https://en.wikipedia.org/wiki/Transition_(genetics)
#   - transversions, see https://en.wikipedia.org/wiki/Transversion
# TSTV	[2]id	[3]ts	[4]tv	[5]ts/tv	[6]ts (1st ALT)	[7]tv (1st ALT)	[8]ts/tv (1st ALT)
TSTV	0	1180098	547254	2.16	1180098	547254	2.16
# SiS, Singleton stats:
#   - allele count, i.e. the number of singleton genotypes (AC=1)
#   - number of transitions, see above
#   - number of transversions, see above
#   - repeat-consistent, inconsistent and n/a: experimental and useless stats [DEPRECATED]
# SiS	[2]id	[3]allele count	[4]number of SNPs	[5]number of transitions	[6]number of transversions	[7]number of indels	[8]repeat-consistent	[9]repeat-inconsistent	[10]not applicable
SiS	0	1	0	0	0	0	0	0	0
# AF, Stats by non-reference allele frequency:
# AF	[2]id	[3]allele frequency	[4]number of SNPs	[5]number of transitions	[6]number of transversions	[7]number of indels	[8]repeat-consistent	[9]repeat-inconsistent	[10]not applicable
AF	0	0.000312	176089	121700	54389	0	0	0	0
AF	0	0.000625	202255	139424	62831	0	0	0	0
AF	0	0.000937	123956	85119	38837	0	0	0	0
AF	0	0.001249	86386	59208	27178	0	0	0	0
AF	0	0.001562	65547	44801	20746	0	0	0	0
AF	0	0.001874	53097	36318	16779	0	0	0	0
AF	0	0.002186	43539	29726	13813	0	0	0	0
AF	0	0.002498	37360	25439	11921	0	0	0	0
AF	0	0.002811	32183	21917	10266	0	0	0	0
AF	0	0.003123	28702	19576	9126	0	0	0	0
AF	0	0.003435	25705	17532	8173	0	0	0	0
AF	0	0.003748	22859	15522	7337	0	0	0	0
AF	0	0.004060	20885	14131	6754	0	0	0	0
AF	0	0.004372	18821	12789	6032	0	0	0	0
AF	0	0.004685	17209	11689	5520	0	0	0	0
AF	0	0.004997	15722	10623	5099	0	0	0	0
AF	0	0.005309	14746	10003	4743	0	0	0	0
AF	0	0.005621	14264	9625	4639	0	0	0	0
AF	0	0.005934	13157	8896	4261	0	0	0	0
AF	0	0.006246	12009	8180	3829	0	0	0	0
AF	0	0.006558	11567	7851	3716	0	0	0	0
AF	0	0.006871	11101	7570	3531	0	0	0	0
AF	0	0.007183	10107	6871	3236	0	0	0	0
AF	0	0.007495	10242	6994	3248	0	0	0	0
AF	0	0.007808	9066	6098	2968	0	0	0	0
AF	0	0.008120	9061	6110	2951	0	0	0	0
AF	0	0.008432	8223	5503	2720	0	0	0	0
AF	0	0.008745	7644	5233	2411	0	0	0	0
AF	0	0.009057	7392	4960	2432	0	0	0	0
AF	0	0.009369	7212	4894	2318	0	0	0	0
AF	0	0.009681	7056	4720	2336	0	0	0	0
AF	0	0.009994	6715	4528	2187	0	0	0	0
AF	0	0.010306	6357	4286	2071	0	0	0	0
AF	0	0.010618	5950	4020	1930	0	0	0	0
AF	0	0.010931	5568	3751	1817	0	0	0	0
AF	0	0.011243	5680	3905	1775	0	0	0	0
AF	0	0.011555	5378	3660	1718	0	0	0	0
AF	0	0.011868	5182	3469	1713	0	0	0	0
AF	0	0.012180	5411	3640	1771	0	0	0	0
AF	0	0.012492	4821	3272	1549	0	0	0	0
AF	0	0.012804	4849	3293	1556	0	0	0	0
AF	0	0.013117	4275	2935	1340	0	0	0	0
AF	0	0.013429	4180	2844	1336	0	0	0	0
AF	0	0.013741	4415	3039	1376	0	0	0	0
AF	0	0.014054	4116	2798	1318	0	0	0	0
AF	0	0.014366	4109	2759	1350	0	0	0	0
AF	0	0.014678	3745	2570	1175	0	0	0	0
AF	0	0.014991	4025	2773	1252	0	0	0	0
AF	0	0.015303	3860	2573	1287	0	0	0	0
AF	0	0.015615	3756	2561	1195	0	0	0	0
AF	0	0.015928	3482	2407	1075	0	0	0	0
AF	0	0.016240	3353	2298	1055	0	0	0	0
AF	0	0.016552	3444	2381	1063	0	0	0	0
AF	0	0.016864	3445	2351	1094	0	0	0	0
AF	0	0.017177	3190	2185	1005	0	0	0	0
AF	0	0.017489	3017	2007	1010	0	0	0	0
AF	0	0.017801	2875	1973	902	0	0	0	0
AF	0	0.018114	2980	2037	943	0	0	0	0
AF	0	0.018426	2909	1952	957	0	0	0	0
AF	0	0.018738	2731	1860	871	0	0	0	0
AF	0	0.019051	2879	2008	871	0	0	0	0
AF	0	0.019363	3041	2100	941	0	0	0	0
AF	0	0.019675	2346	1578	768	0	0	0	0
AF	0	0.019988	2372	1610	762	0	0	0	0
AF	0	0.020300	2455	1646	809	0	0	0	0
AF	0	0.020612	2326	1582	744	0	0	0	0
AF	0	0.020924	2583	1717	866	0	0	0	0
AF	0	0.021237	2310	1554	756	0	0	0	0
AF	0	0.021549	2317	1621	696	0	0	0	0
AF	0	0.021861	2152	1474	678	0	0	0	0
AF	0	0.022174	2315	1574	741	0	0	0	0
AF	0	0.022486	2174	1489	685	0	0	0	0
AF	0	0.022798	1918	1298	620	0	0	0	0
AF	0	0.023111	1986	1320	666	0	0	0	0
AF	0	0.023423	2142	1451	691	0	0	0	0
AF	0	0.023735	1992	1332	660	0	0	0	0
AF	0	0.024047	2005	1369	636	0	0	0	0
AF	0	0.024360	1879	1257	622	0	0	0	0
AF	0	0.024672	2050	1407	643	0	0	0	0
AF	0	0.024984	2191	1465	726	0	0	0	0
AF	0	0.025297	1990	1343	647	0	0	0	0
AF	0	0.025609	1700	1167	533	0	0	0	0
AF	0	0.025921	1833	1237	596	0	0	0	0
AF	0	0.026234	1742	1196	546	0	0	0	0
AF	0	0.026546	1705	1100	605	0	0	0	0
AF	0	0.026858	1641	1135	506	0	0	0	0
AF	0	0.027171	1605	1110	495	0	0	0	0
AF	0	0.027483	1566	1053	513	0	0	0	0
AF	0	0.027795	1502	1044	458	0	0	0	0
AF	0	0.028107	1571	1064	507	0	0	0	0
AF	0	0.028420	1501	997	504	0	0	0	0
AF	0	0.028732	1557	1073	484	0	0	0	0
AF	0	0.029044	1523	1028	495	0	0	0	0
AF	0	0.029357	1368	920	448	0	0	0	0
AF	0	0.029669	1440	971	469	0	0	0	0
AF	0	0.029981	1356	935	421	0	0	0	0
AF	0	0.030294	1537	1046	491	0	0	0	0
AF	0	0.030606	1444	984	460	0	0	0	0
AF	0	0.030918	1392	984	408	0	0	0	0
AF	0	0.031230	1407	940	467	0	0	0	0
AF	0	0.031543	1396	972	424	0	0	0	0
AF	0	0.031855	1475	990	485	0	0	0	0
AF	0	0.032167	1339	925	414	0	0	0	0
AF	0	0.032480	2165	1392	773	0	0	0	0
AF	0	0.032792	2974	1928	1046	0	0	0	0
AF	0	0.033104	1463	1009	454	0	0	0	0
AF	0	0.033417	1360	918	442	0	0	0	0
AF	0	0.033729	1252	836	416	0	0	0	0
AF	0	0.034041	1188	805	383	0	0	0	0
AF	0	0.034354	1270	887	383	0	0	0	0
AF	0	0.034666	1079	746	333	0	0	0	0
AF	0	0.034978	1042	718	324	0	0	0	0
AF	0	0.035290	1177	782	395	0	0	0	0
AF	0	0.035603	1154	809	345	0	0	0	0
AF	0	0.035915	1071	712	359	0	0	0	0
AF	0	0.036227	1149	763	386	0	0	0	0
AF	0	0.036540	1095	764	331	0	0	0	0
AF	0	0.036852	1089	737	352	0	0	0	0
AF	0	0.037164	1034	698	336	0	0	0	0
AF	0	0.037477	1068	723	345	0	0	0	0
AF	0	0.037789	1022	726	296	0	0	0	0
AF	0	0.038101	1095	725	370	0	0	0	0
AF	0	0.038413	998	685	313	0	0	0	0
AF	0	0.038726	968	658	310	0	0	0	0
AF	0	0.039038	1021	716	305	0	0	0	0
AF	0	0.039350	971	641	330	0	0	0	0
AF	0	0.039663	1060	729	331	0	0	0	0
AF	0	0.039975	880	587	293	0	0	0	0
AF	0	0.040287	908	601	307	0	0	0	0
AF	0	0.040600	817	546	271	0	0	0	0
AF	0	0.040912	832	560	272	0	0	0	0
AF	0	0.041224	841	594	247	0	0	0	0
AF	0	0.041537	888	591	297	0	0	0	0
AF	0	0.041849	956	651	305	0	0	0	0
AF	0	0.042161	951	661	290	0	0	0	0
AF	0	0.042473	885	629	256	0	0	0	0
AF	0	0.042786	941	629	312	0	0	0	0
AF	0	0.043098	908	624	284	0	0	0	0
AF	0	0.043410	775	516	259	0	0	0	0
AF	0	0.043723	877	568	309	0	0	0	0
AF	0	0.044035	861	582	279	0	0	0	0
AF	0	0.044347	816	554	262	0	0	0	0
AF	0	0.044660	863	591	272	0	0	0	0
AF	0	0.044972	809	559	250	0	0	0	0
AF	0	0.045284	797	538	259	0	0	0	0
AF	0	0.045597	870	601	269	0	0	0	0
AF	0	0.045909	885	587	298	0	0	0	0
AF	0	0.046221	859	582	277	0	0	0	0
AF	0	0.046533	931	639	292	0	0	0	0
AF	0	0.046846	956	646	310	0	0	0	0
AF	0	0.047158	727	511	216	0	0	0	0
AF	0	0.047470	819	560	259	0	0	0	0
AF	0	0.047783	786	539	247	0	0	0	0
AF	0	0.048095	893	613	280	0	0	0	0
AF	0	0.048407	798	527	271	0	0	0	0
AF	0	0.048720	676	461	215	0	0	0	0
AF	0	0.049032	778	539	239	0	0	0	0
AF	0	0.049344	782	513	269	0	0	0	0
AF	0	0.049656	766	542	224	0	0	0	0
AF	0	0.049969	771	539	232	0	0	0	0
AF	0	0.050281	687	473	214	0	0	0	0
AF	0	0.050593	755	502	253	0	0	0	0
AF	0	0.050906	632	432	200	0	0	0	0
AF	0	0.051218	690	467	223	0	0	0	0
AF	0	0.051530	671	476	195	0	0	0	0
AF	0	0.051843	627	427	200	0	0	0	0
AF	0	0.052155	723	474	249	0	0	0	0
AF	0	0.052467	688	469	219	0	0	0	0
AF	0	0.052780	645	440	205	0	0	0	0
AF	0	0.053092	746	521	225	0	0	0	0
AF	0	0.053404	637	445	192	0	0	0	0
AF	0	0.053716	644	450	194	0	0	0	0
AF	0	0.054029	587	421	166	0	0	0	0
AF	0	0.054341	583	383	200	0	0	0	0
AF	0	0.054653	595	398	197	0	0	0	0
AF	0	0.054966	600	417	183	0	0	0	0
AF	0	0.055278	593	424	169	0	0	0	0
AF	0	0.055590	636	439	197	0	0	0	0
AF	0	0.055903	540	376	164	0	0	0	0
AF	0	0.056215	653	471	182	0	0	0	0
AF	0	0.056527	776	519	257	0	0	0	0
AF	0	0.056839	641	435	206	0	0	0	0
AF	0	0.057152	601	411	190	0	0	0	0
AF	0	0.057464	565	389	176	0	0	0	0
AF	0	0.057776	540	371	169	0	0	0	0
AF	0	0.058089	570	388	182	0	0	0	0
AF	0	0.058401	524	353	171	0	0	0	0
AF	0	0.058713	509	343	166	0	0	0	0
AF	0	0.059026	531	383	148	0	0	0	0
AF	0	0.059338	568	396	172	0	0	0	0
AF	0	0.059650	539	375	164	0	0	0	0
AF	0	0.059963	585	385	200	0	0	0	0
AF	0	0.060275	516	364	152	0	0	0	0
AF	0	0.060587	515	343	172	0	0	0	0
AF	0	0.060899	669	445	224	0	0	0	0
AF	0	0.061212	530	344	186	0	0	0	0
AF	0	0.061524	558	399	159	0	0	0	0
AF	0	0.061836	566	401	165	0	0	0	0
AF	0	0.062149	542	382	160	0	0	0	0
AF	0	0.062461	568	400	168	0	0	0	0
AF	0	0.062773	513	360	153	0	0	0	0
AF	0	0.063086	500	334	166	0	0	0	0
AF	0	0.063398	614	418	196	0	0	0	0
AF	0	0.063710	544	382	162	0	0	0	0
AF	0	0.064022	545	372	173	0	0	0	0
AF	0	0.064335	556	393	163	0	0	0	0
AF	0	0.064647	504	340	164	0	0	0	0
AF	0	0.064959	524	364	160	0	0	0	0
AF	0	0.065272	525	373	152	0	0	0	0
AF	0	0.065584	490	331	159	0	0	0	0
AF	0	0.065896	416	296	120	0	0	0	0
AF	0	0.066209	489	328	161	0	0	0	0
AF	0	0.066521	491	327	164	0	0	0	0
AF	0	0.066833	499	350	149	0	0	0	0
AF	0	0.067146	505	323	182	0	0	0	0
AF	0	0.067458	490	338	152	0	0	0	0
AF	0	0.067770	391	267	124	0	0	0	0
AF	0	0.068082	330	215	115	0	0	0	0
AF	0	0.068395	439	304	135	0	0	0	0
AF	0	0.068707	420	295	125	0	0	0	0
AF	0	0.069019	442	305	137	0	0	0	0
AF	0	0.069332	553	377	176	0	0	0	0
AF	0	0.069644	493	338	155	0	0	0	0
AF	0	0.069956	498	358	140	0	0	0	0
AF	0	0.070269	524	345	179	0	0	0	0
AF	0	0.070581	523	336	187	0	0	0	0
AF	0	0.070893	469	328	141	0	0	0	0
AF	0	0.071205	511	352	159	0	0	0	0
AF	0	0.071518	521	340	181	0	0	0	0
AF	0	0.071830	486	334	152	0	0	0	0
AF	0	0.072142	415	278	137	0	0	0	0
AF	0	0.072455	399	269	130	0	0	0	0
AF	0	0.072767	424	275	149	0	0	0	0
AF	0	0.073079	431	278	153	0	0	0	0
AF	0	0.073392	370	255	115	0	0	0	0
AF	0	0.073704	440	315	125	0	0	0	0
AF	0	0.074016	464	303	161	0	0	0	0
AF	0	0.074329	475	333	142	0	0	0	0
AF	0	0.074641	448	329	119	0	0	0	0
AF	0	0.074953	474	322	152	0	0	0	0
AF	0	0.075265	415	281	134	0	0	0	0
AF	0	0.075578	450	313	137	0	0	0	0
AF	0	0.075890	486	339	147	0	0	0	0
AF	0	0.076202	377	257	120	0	0	0	0
AF	0	0.076515	398	272	126	0	0	0	0
AF	0	0.076827	521	363	158	0	0	0	0
AF	0	0.077139	426	279	147	0	0	0	0
AF	0	0.077452	435	297	138	0	0	0	0
AF	0	0.077764	460	315	145	0	0	0	0
AF	0	0.078076	441	285	156	0	0	0	0
AF	0	0.078389	379	246	133	0	0	0	0
AF	0	0.078701	383	272	111	0	0	0	0
AF	0	0.079013	435	296	139	0	0	0	0
AF	0	0.079325	399	280	119	0	0	0	0
AF	0	0.079638	466	322	144	0	0	0	0
AF	0	0.079950	478	344	134	0	0	0	0
AF	0	0.080262	372	242	130	0	0	0	0
AF	0	0.080575	409	294	115	0	0	0	0
AF	0	0.080887	438	306	132	0	0	0	0
AF	0	0.081199	361	246	115	0	0	0	0
AF	0	0.081512	352	243	109	0	0	0	0
AF	0	0.081824	386	272	114	0	0	0	0
AF	0	0.082136	363	262	101	0	0	0	0
AF	0	0.082448	424	287	137	0	0	0	0
AF	0	0.082761	351	245	106	0	0	0	0
AF	0	0.083073	358	249	109	0	0	0	0
AF	0	0.083385	393	280	113	0	0	0	0
AF	0	0.083698	375	267	108	0	0	0	0
AF	0	0.084010	383	259	124	0	0	0	0
AF	0	0.084322	430	297	133	0	0	0	0
AF	0	0.084635	317	223	94	0	0	0	0
AF	0	0.084947	281	200	81	0	0	0	0
AF	0	0.085259	309	213	96	0	0	0	0
AF	0	0.085572	345	230	115	0	0	0	0
AF	0	0.085884	352	224	128	0	0	0	0
AF	0	0.086196	382	261	121	0	0	0	0
AF	0	0.086508	383	276	107	0	0	0	0
AF	0	0.086821	365	238	127	0	0	0	0
AF	0	0.087133	371	248	123	0	0	0	0
AF	0	0.087445	359	255	104	0	0	0	0
AF	0	0.087758	382	239	143	0	0	0	0
AF	0	0.088070	328	213	115	0	0	0	0
AF	0	0.088382	360	245	115	0	0	0	0
AF	0	0.088695	376	263	113	0	0	0	0
AF	0	0.089007	372	235	137	0	0	0	0
AF	0	0.089319	320	207	113	0	0	0	0
AF	0	0.089631	357	238	119	0	0	0	0
AF	0	0.089944	433	308	125	0	0	0	0
AF	0	0.090256	380	251	129	0	0	0	0
AF	0	0.090568	399	265	134	0	0	0	0
AF	0	0.090881	445	283	162	0	0	0	0
AF	0	0.091193	451	285	166	0	0	0	0
AF	0	0.091505	385	275	110	0	0	0	0
AF	0	0.091818	363	245	118	0	0	0	0
AF	0	0.092130	367	263	104	0	0	0	0
AF	0	0.092442	388	264	124	0	0	0	0
AF	0	0.092755	337	234	103	0	0	0	0
AF	0	0.093067	366	236	130	0	0	0	0
AF	0	0.093379	409	277	132	0	0	0	0
AF	0	0.093691	328	217	111	0	0	0	0
AF	0	0.094004	353	245	108	0	0	0	0
AF	0	0.094316	328	221	107	0	0	0	0
AF	0	0.094628	372	257	115	0	0	0	0
AF	0	0.094941	337	227	110	0	0	0	0
AF	0	0.095253	318	215	103	0	0	0	0
AF	0	0.095565	331	228	103	0	0	0	0
AF	0	0.095878	335	227	108	0	0	0	0
AF	0	0.096190	291	185	106	0	0	0	0
AF	0	0.096502	284	192	92	0	0	0	0
AF	0	0.096814	253	174	79	0	0	0	0
AF	0	0.097127	266	177	89	0	0	0	0
AF	0	0.097439	243	162	81	0	0	0	0
AF	0	0.097751	323	225	98	0	0	0	0
AF	0	0.098064	311	201	110	0	0	0	0
AF	0	0.098376	269	185	84	0	0	0	0
AF	0	0.098688	295	204	91	0	0	0	0
AF	0	0.099001	298	188	110	0	0	0	0
AF	0	0.099313	372	241	131	0	0	0	0
AF	0	0.099625	334	242	92	0	0	0	0
AF	0	0.099938	336	239	97	0	0	0	0
AF	0	0.100250	326	230	96	0	0	0	0
AF	0	0.100562	295	211	84	0	0	0	0
AF	0	0.100874	346	223	123	0	0	0	0
AF	0	0.101187	328	226	102	0	0	0	0
AF	0	0.101499	287	198	89	0	0	0	0
AF	0	0.101811	312	217	95	0	0	0	0
AF	0	0.102124	307	213	94	0	0	0	0
AF	0	0.102436	314	213	101	0	0	0	0
AF	0	0.102748	274	185	89	0	0	0	0
AF	0	0.103061	299	197	102	0	0	0	0
AF	0	0.103373	325	218	107	0	0	0	0
AF	0	0.103685	270	192	78	0	0	0	0
AF	0	0.103998	312	223	89	0	0	0	0
AF	0	0.104310	344	238	106	0	0	0	0
AF	0	0.104622	317	230	87	0	0	0	0
AF	0	0.104934	321	223	98	0	0	0	0
AF	0	0.105247	315	218	97	0	0	0	0
AF	0	0.105559	316	215	101	0	0	0	0
AF	0	0.105871	271	186	85	0	0	0	0
AF	0	0.106184	310	219	91	0	0	0	0
AF	0	0.106496	329	227	102	0	0	0	0
AF	0	0.106808	312	207	105	0	0	0	0
AF	0	0.107121	288	201	87	0	0	0	0
AF	0	0.107433	283	192	91	0	0	0	0
AF	0	0.107745	290	200	90	0	0	0	0
AF	0	0.108057	313	213	100	0	0	0	0
AF	0	0.108370	318	215	103	0	0	0	0
AF	0	0.108682	291	202	89	0	0	0	0
AF	0	0.108994	267	182	85	0	0	0	0
AF	0	0.109307	253	175	78	0	0	0	0
AF	0	0.109619	262	177	85	0	0	0	0
AF	0	0.109931	239	152	87	0	0	0	0
AF	0	0.110244	252	165	87	0	0	0	0
AF	0	0.110556	297	198	99	0	0	0	0
AF	0	0.110868	289	190	99	0	0	0	0
AF	0	0.111181	284	190	94	0	0	0	0
AF	0	0.111493	298	207	91	0	0	0	0
AF	0	0.111805	264	180	84	0	0	0	0
AF	0	0.112117	264	181	83	0	0	0	0
AF	0	0.112430	277	189	88	0	0	0	0
AF	0	0.112742	312	202	110	0	0	0	0
AF	0	0.113054	338	223	115	0	0	0	0
AF	0	0.113367	284	187	97	0	0	0	0
AF	0	0.113679	241	157	84	0	0	0	0
AF	0	0.113991	232	144	88	0	0	0	0
AF	0	0.114304	291	202	89	0	0	0	0
AF	0	0.114616	267	169	98	0	0	0	0
AF	0	0.114928	287	200	87	0	0	0	0
AF	0	0.115240	319	221	98	0	0	0	0
AF	0	0.115553	289	216	73	0	0	0	0
AF	0	0.115865	333	226	107	0	0	0	0
AF	0	0.116177	268	177	91	0	0	0	0
AF	0	0.116490	344	229	115	0	0	0	0
AF	0	0.116802	293	203	90	0	0	0	0
AF	0	0.117114	292	194	98	0	0	0	0
AF	0	0.117427	259	199	60	0	0	0	0
AF	0	0.117739	242	173	69	0	0	0	0
AF	0	0.118051	255	162	93	0	0	0	0
AF	0	0.118364	265	190	75	0	0	0	0
AF	0	0.118676	277	185	92	0	0	0	0
AF	0	0.118988	250	168	82	0	0	0	0
AF	0	0.119300	246	164	82	0	0	0	0
AF	0	0.119613	278	196	82	0	0	0	0
AF	0	0.119925	277	182	95	0	0	0	0
AF	0	0.120237	272	181	91	0	0	0	0
AF	0	0.120550	275	197	78	0	0	0	0
AF	0	0.120862	279	195	84	0	0	0	0
AF	0	0.121174	259	177	82	0	0	0	0
AF	0	0.121487	279	190	89	0	0	0	0
AF	0	0.121799	368	239	129	0	0	0	0
AF	0	0.122111	314	218	96	0	0	0	0
AF	0	0.122423	263	173	90	0	0	0	0
AF	0	0.122736	258	161	97	0	0	0	0
AF	0	0.123048	273	198	75	0	0	0	0
AF	0	0.123360	350	231	119	0	0	0	0
AF	0	0.123673	327	224	103	0	0	0	0
AF	0	0.123985	298	194	104	0	0	0	0
AF	0	0.124297	271	187	84	0	0	0	0
AF	0	0.124610	264	180	84	0	0	0	0
AF	0	0.124922	288	187	101	0	0	0	0
AF	0	0.125234	300	207	93	0	0	0	0
AF	0	0.125547	305	212	93	0	0	0	0
AF	0	0.125859	260	180	80	0	0	0	0
AF	0	0.126171	268	183	85	0	0	0	0
AF	0	0.126483	286	192	94	0	0	0	0
AF	0	0.126796	234	165	69	0	0	0	0
AF	0	0.127108	355	247	108	0	0	0	0
AF	0	0.127420	305	204	101	0	0	0	0
AF	0	0.127733	255	166	89	0	0	0	0
AF	0	0.128045	275	203	72	0	0	0	0
AF	0	0.128357	355	240	115	0	0	0	0
AF	0	0.128670	270	190	80	0	0	0	0
AF	0	0.128982	293	196	97	0	0	0	0
AF	0	0.129294	262	170	92	0	0	0	0
AF	0	0.129606	300	204	96	0	0	0	0
AF	0	0.129919	388	266	122	0	0	0	0
AF	0	0.130231	296	214	82	0	0	0	0
AF	0	0.130543	285	193	92	0	0	0	0
AF	0	0.130856	242	155	87	0	0	0	0
AF	0	0.131168	312	197	115	0	0	0	0
AF	0	0.131480	260	167	93	0	0	0	0
AF	0	0.131793	286	199	87	0	0	0	0
AF	0	0.132105	243	161	82	0	0	0	0
AF	0	0.132417	308	219	89	0	0	0	0
AF	0	0.132730	223	143	80	0	0	0	0
AF	0	0.133042	263	171	92	0	0	0	0
AF	0	0.133354	265	185	80	0	0	0	0
AF	0	0.133666	240	166	74	0	0	0	0
AF	0	0.133979	251	177	74	0	0	0	0
AF	0	0.134291	270	176	94	0	0	0	0
AF	0	0.134603	215	140	75	0	0	0	0
AF	0	0.134916	333	223	110	0	0	0	0
AF	0	0.135228	246	160	86	0	0	0	0
AF	0	0.135540	233	144	89	0	0	0	0
AF	0	0.135853	234	165	69	0	0	0	0
AF	0	0.136165	235	176	59	0	0	0	0
AF	0	0.136477	255	174	81	0	0	0	0
AF	0	0.136790	261	179	82	0	0	0	0
AF	0	0.137102	236	167	69	0	0	0	0
AF	0	0.137414	224	154	70	0	0	0	0
AF	0	0.137726	262	179	83	0	0	0	0
AF	0	0.138039	226	146	80	0	0	0	0
AF	0	0.138351	263	186	77	0	0	0	0
AF	0	0.138663	262	176	86	0	0	0	0
AF	0	0.138976	267	172	95	0	0	0	0
AF	0	0.139288	281	189	92	0	0	0	0
AF	0	0.139600	305	209	96	0	0	0	0
AF	0	0.139913	251	169	82	0	0	0	0
AF	0	0.140225	231	159	72	0	0	0	0
AF	0	0.140537	217	146	71	0	0	0	0
AF	0	0.140849	296	194	102	0	0	0	0
AF	0	0.141162	287	201	86	0	0	0	0
AF	0	0.141474	260	163	97	0	0	0	0
AF	0	0.141786	231	166	65	0	0	0	0
AF	0	0.142099	234	164	70	0	0	0	0
AF	0	0.142411	262	179	83	0	0	0	0
AF	0	0.142723	281	203	78	0	0	0	0
AF	0	0.143036	259	177	82	0	0	0	0
AF	0	0.143348	234	161	73	0	0	0	0
AF	0	0.143660	206	137	69	0	0	0	0
AF	0	0.143973	254	169	85	0	0	0	0
AF	0	0.144285	248	171	77	0	0	0	0
AF	0	0.144597	228	152	76	0	0	0	0
AF	0	0.144909	228	172	56	0	0	0	0
AF	0	0.145222	258	166	92	0	0	0	0
AF	0	0.145534	219	145	74	0	0	0	0
AF	0	0.145846	228	149	79	0	0	0	0
AF	0	0.146159	271	169	102	0	0	0	0
AF	0	0.146471	355	241	114	0	0	0	0
AF	0	0.146783	253	169	84	0	0	0	0
AF	0	0.147096	238	165	73	0	0	0	0
AF	0	0.147408	234	172	62	0	0	0	0
AF	0	0.147720	226	151	75	0	0	0	0
AF	0	0.148032	216	143	73	0	0	0	0
AF	0	0.148345	223	151	72	0	0	0	0
AF	0	0.148657	221	148	73	0	0	0	0
AF	0	0.148969	275	180	95	0	0	0	0
AF	0	0.149282	263	176	87	0	0	0	0
AF	0	0.149594	224	142	82	0	0	0	0
AF	0	0.149906	235	150	85	0	0	0	0
AF	0	0.150219	233	156	77	0	0	0	0
AF	0	0.150531	220	148	72	0	0	0	0
AF	0	0.150843	223	146	77	0	0	0	0
AF	0	0.151156	199	147	52	0	0	0	0
AF	0	0.151468	217	144	73	0	0	0	0
AF	0	0.151780	236	161	75	0	0	0	0
AF	0	0.152092	245	161	84	0	0	0	0
AF	0	0.152405	223	171	52	0	0	0	0
AF	0	0.152717	189	119	70	0	0	0	0
AF	0	0.153029	214	148	66	0	0	0	0
AF	0	0.153342	186	123	63	0	0	0	0
AF	0	0.153654	220	150	70	0	0	0	0
AF	0	0.153966	212	146	66	0	0	0	0
AF	0	0.154279	205	147	58	0	0	0	0
AF	0	0.154591	218	144	74	0	0	0	0
AF	0	0.154903	270	192	78	0	0	0	0
AF	0	0.155215	195	138	57	0	0	0	0
AF	0	0.155528	247	169	78	0	0	0	0
AF	0	0.155840	224	150	74	0	0	0	0
AF	0	0.156152	292	207	85	0	0	0	0
AF	0	0.156465	241	165	76	0	0	0	0
AF	0	0.156777	322	237	85	0	0	0	0
AF	0	0.157089	253	164	89	0	0	0	0
AF	0	0.157402	209	143	66	0	0	0	0
AF	0	0.157714	161	111	50	0	0	0	0
AF	0	0.158026	217	142	75	0	0	0	0
AF	0	0.158339	175	122	53	0	0	0	0
AF	0	0.158651	205	146	59	0	0	0	0
AF	0	0.158963	199	139	60	0	0	0	0
AF	0	0.159275	223	162	61	0	0	0	0
AF	0	0.159588	226	153	73	0	0	0	0
AF	0	0.159900	267	184	83	0	0	0	0
AF	0	0.160212	248	167	81	0	0	0	0
AF	0	0.160525	234	148	86	0	0	0	0
AF	0	0.160837	214	151	63	0	0	0	0
AF	0	0.161149	277	192	85	0	0	0	0
AF	0	0.161462	217	146	71	0	0	0	0
AF	0	0.161774	218	154	64	0	0	0	0
AF	0	0.162086	201	145	56	0	0	0	0
AF	0	0.162399	238	148	90	0	0	0	0
AF	0	0.162711	197	137	60	0	0	0	0
AF	0	0.163023	214	150	64	0	0	0	0
AF	0	0.163335	221	149	72	0	0	0	0
AF	0	0.163648	202	142	60	0	0	0	0
AF	0	0.163960	202	139	63	0	0	0	0
AF	0	0.164272	163	113	50	0	0	0	0
AF	0	0.164585	206	142	64	0	0	0	0
AF	0	0.164897	239	161	78	0	0	0	0
AF	0	0.165209	271	179	92	0	0	0	0
AF	0	0.165522	230	153	77	0	0	0	0
AF	0	0.165834	209	151	58	0	0	0	0
AF	0	0.166146	192	141	51	0	0	0	0
AF	0	0.166458	211	146	65	0	0	0	0
AF	0	0.166771	241	170	71	0	0	0	0
AF	0	0.167083	258	167	91	0	0	0	0
AF	0	0.167395	276	179	97	0	0	0	0
AF	0	0.167708	344	244	100	0	0	0	0
AF	0	0.168020	267	184	83	0	0	0	0
AF	0	0.168332	326	212	114	0	0	0	0
AF	0	0.168645	206	123	83	0	0	0	0
AF	0	0.168957	235	158	77	0	0	0	0
AF	0	0.169269	308	210	98	0	0	0	0
AF	0	0.169582	229	156	73	0	0	0	0
AF	0	0.169894	212	140	72	0	0	0	0
AF	0	0.170206	207	134	73	0	0	0	0
AF	0	0.170518	216	151	65	0	0	0	0
AF	0	0.170831	246	182	64	0	0	0	0
AF	0	0.171143	209	136	73	0	0	0	0
AF	0	0.171455	201	149	52	0	0	0	0
AF	0	0.171768	191	130	61	0	0	0	0
AF	0	0.172080	229	149	80	0	0	0	0
AF	0	0.172392	244	160	84	0	0	0	0
AF	0	0.172705	200	135	65	0	0	0	0
AF	0	0.173017	215	141	74	0	0	0	0
AF	0	0.173329	199	134	65	0	0	0	0
AF	0	0.173641	190	129	61	0	0	0	0
AF	0	0.173954	183	125	58	0	0	0	0
AF	0	0.174266	177	130	47	0	0	0	0
AF	0	0.174578	166	110	56	0	0	0	0
AF	0	0.174891	201	120	81	0	0	0	0
AF	0	0.175203	193	132	61	0	0	0	0
AF	0	0.175515	160	108	52	0	0	0	0
AF	0	0.175828	236	171	65	0	0	0	0
AF	0	0.176140	229	140	89	0	0	0	0
AF	0	0.176452	221	154	67	0	0	0	0
AF	0	0.176765	197	123	74	0	0	0	0
AF	0	0.177077	162	109	53	0	0	0	0
AF	0	0.177389	165	120	45	0	0	0	0
AF	0	0.177701	175	118	57	0	0	0	0
AF	0	0.178014	156	103	53	0	0	0	0
AF	0	0.178326	198	126	72	0	0	0	0
AF	0	0.178638	153	99	54	0	0	0	0
AF	0	0.178951	192	138	54	0	0	0	0
AF	0	0.179263	204	150	54	0	0	0	0
AF	0	0.179575	223	148	75	0	0	0	0
AF	0	0.179888	186	127	59	0	0	0	0
AF	0	0.180200	204	138	66	0	0	0	0
AF	0	0.180512	176	123	53	0	0	0	0
AF	0	0.180824	197	129	68	0	0	0	0
AF	0	0.181137	184	127	57	0	0	0	0
AF	0	0.181449	190	129	61	0	0	0	0
AF	0	0.181761	179	119	60	0	0	0	0
AF	0	0.182074	193	131	62	0	0	0	0
AF	0	0.182386	161	106	55	0	0	0	0
AF	0	0.182698	170	107	63	0	0	0	0
AF	0	0.183011	152	101	51	0	0	0	0
AF	0	0.183323	193	123	70	0	0	0	0
AF	0	0.183635	198	139	59	0	0	0	0
AF	0	0.183948	266	182	84	0	0	0	0
AF	0	0.184260	185	136	49	0	0	0	0
AF	0	0.184572	146	105	41	0	0	0	0
AF	0	0.184884	178	104	74	0	0	0	0
AF	0	0.185197	190	131	59	0	0	0	0
AF	0	0.185509	179	114	65	0	0	0	0
AF	0	0.185821	244	163	81	0	0	0	0
AF	0	0.186134	203	138	65	0	0	0	0
AF	0	0.186446	215	151	64	0	0	0	0
AF	0	0.186758	189	125	64	0	0	0	0
AF	0	0.187071	181	126	55	0	0	0	0
AF	0	0.187383	186	126	60	0	0	0	0
AF	0	0.187695	190	131	59	0	0	0	0
AF	0	0.188007	165	113	52	0	0	0	0
AF	0	0.188320	147	94	53	0	0	0	0
AF	0	0.188632	171	111	60	0	0	0	0
AF	0	0.188944	166	118	48	0	0	0	0
AF	0	0.189257	171	114	57	0	0	0	0
AF	0	0.189569	167	118	49	0	0	0	0
AF	0	0.189881	168	110	58	0	0	0	0
AF	0	0.190194	155	115	40	0	0	0	0
AF	0	0.190506	163	104	59	0	0	0	0
AF	0	0.190818	260	180	80	0	0	0	0
AF	0	0.191131	179	127	52	0	0	0	0
AF	0	0.191443	203	130	73	0	0	0	0
AF	0	0.191755	164	112	52	0	0	0	0
AF	0	0.192067	138	94	44	0	0	0	0
AF	0	0.192380	165	104	61	0	0	0	0
AF	0	0.192692	204	143	61	0	0	0	0
AF	0	0.193004	165	115	50	0	0	0	0
AF	0	0.193317	153	107	46	0	0	0	0
AF	0	0.193629	195	135	60	0	0	0	0
AF	0	0.193941	174	120	54	0	0	0	0
AF	0	0.194254	153	101	52	0	0	0	0
AF	0	0.194566	194	126	68	0	0	0	0
AF	0	0.194878	154	103	51	0	0	0	0
AF	0	0.195191	136	96	40	0	0	0	0
AF	0	0.195503	152	109	43	0	0	0	0
AF	0	0.195815	176	117	59	0	0	0	0
AF	0	0.196127	197	137	60	0	0	0	0
AF	0	0.196440	198	145	53	0	0	0	0
AF	0	0.196752	158	112	46	0	0	0	0
AF	0	0.197064	176	121	55	0	0	0	0
AF	0	0.197377	164	114	50	0	0	0	0
AF	0	0.197689	177	114	63	0	0	0	0
AF	0	0.198001	155	99	56	0	0	0	0
AF	0	0.198314	156	97	59	0	0	0	0
AF	0	0.198626	181	117	64	0	0	0	0
AF	0	0.198938	141	102	39	0	0	0	0
AF	0	0.199250	187	136	51	0	0	0	0
AF	0	0.199563	188	114	74	0	0	0	0
AF	0	0.199875	194	124	70	0	0	0	0
AF	0	0.200187	194	141	53	0	0	0	0
AF	0	0.200500	185	127	58	0	0	0	0
AF	0	0.200812	187	126	61	0	0	0	0
AF	0	0.201124	203	140	63	0	0	0	0
AF	0	0.201437	183	128	55	0	0	0	0
AF	0	0.201749	204	140	64	0	0	0	0
AF	0	0.202061	190	133	57	0	0	0	0
AF	0	0.202374	205	132	73	0	0	0	0
AF	0	0.202686	180	125	55	0	0	0	0
AF	0	0.202998	182	126	56	0	0	0	0
AF	0	0.203310	177	120	57	0	0	0	0
AF	0	0.203623	202	149	53	0	0	0	0
AF	0	0.203935	210	145	65	0	0	0	0
AF	0	0.204247	259	179	80	0	0	0	0
AF	0	0.204560	243	166	77	0	0	0	0
AF	0	0.204872	174	127	47	0	0	0	0
AF	0	0.205184	196	135	61	0	0	0	0
AF	0	0.205497	219	145	74	0	0	0	0
AF	0	0.205809	161	102	59	0	0	0	0
AF	0	0.206121	170	111	59	0	0	0	0
AF	0	0.206433	186	118	68	0	0	0	0
AF	0	0.206746	163	118	45	0	0	0	0
AF	0	0.207058	160	111	49	0	0	0	0
AF	0	0.207370	182	123	59	0	0	0	0
AF	0	0.207683	162	116	46	0	0	0	0
AF	0	0.207995	141	98	43	0	0	0	0
AF	0	0.208307	186	121	65	0	0	0	0
AF	0	0.208620	158	114	44	0	0	0	0
AF	0	0.208932	190	131	59	0	0	0	0
AF	0	0.209244	143	91	52	0	0	0	0
AF	0	0.209557	126	96	30	0	0	0	0
AF	0	0.209869	142	92	50	0	0	0	0
AF	0	0.210181	138	88	50	0	0	0	0
AF	0	0.210493	153	102	51	0	0	0	0
AF	0	0.210806	168	120	48	0	0	0	0
AF	0	0.211118	143	92	51	0	0	0	0
AF	0	0.211430	173	113	60	0	0	0	0
AF	0	0.211743	174	116	58	0	0	0	0
AF	0	0.212055	166	114	52	0	0	0	0
AF	0	0.212367	155	107	48	0	0	0	0
AF	0	0.212680	123	83	40	0	0	0	0
AF	0	0.212992	152	100	52	0	0	0	0
AF	0	0.213304	158	97	61	0	0	0	0
AF	0	0.213616	149	102	47	0	0	0	0
AF	0	0.213929	128	89	39	0	0	0	0
AF	0	0.214241	133	87	46	0	0	0	0
AF	0	0.214553	149	111	38	0	0	0	0
AF	0	0.214866	139	98	41	0	0	0	0
AF	0	0.215178	118	78	40	0	0	0	0
AF	0	0.215490	142	89	53	0	0	0	0
AF	0	0.215803	143	105	38	0	0	0	0
AF	0	0.216115	168	114	54	0	0	0	0
AF	0	0.216427	174	120	54	0	0	0	0
AF	0	0.216740	171	114	57	0	0	0	0
AF	0	0.217052	123	98	25	0	0	0	0
AF	0	0.217364	135	99	36	0	0	0	0
AF	0	0.217676	154	110	44	0	0	0	0
AF	0	0.217989	170	117	53	0	0	0	0
AF	0	0.218301	141	93	48	0	0	0	0
AF	0	0.218613	154	107	47	0	0	0	0
AF	0	0.218926	119	84	35	0	0	0	0
AF	0	0.219238	155	109	46	0	0	0	0
AF	0	0.219550	138	93	45	0	0	0	0
AF	0	0.219863	180	118	62	0	0	0	0
AF	0	0.220175	186	117	69	0	0	0	0
AF	0	0.220487	185	123	62	0	0	0	0
AF	0	0.220800	184	112	72	0	0	0	0
AF	0	0.221112	164	111	53	0	0	0	0
AF	0	0.221424	163	112	51	0	0	0	0
AF	0	0.221736	196	137	59	0	0	0	0
AF	0	0.222049	192	114	78	0	0	0	0
AF	0	0.222361	131	86	45	0	0	0	0
AF	0	0.222673	152	104	48	0	0	0	0
AF	0	0.222986	133	87	46	0	0	0	0
AF	0	0.223298	150	103	47	0	0	0	0
AF	0	0.223610	127	86	41	0	0	0	0
AF	0	0.223923	168	120	48	0	0	0	0
AF	0	0.224235	145	97	48	0	0	0	0
AF	0	0.224547	209	143	66	0	0	0	0
AF	0	0.224859	144	97	47	0	0	0	0
AF	0	0.225172	127	84	43	0	0	0	0
AF	0	0.225484	152	116	36	0	0	0	0
AF	0	0.225796	174	116	58	0	0	0	0
AF	0	0.226109	177	118	59	0	0	0	0
AF	0	0.226421	158	109	49	0	0	0	0
AF	0	0.226733	180	128	52	0	0	0	0
AF	0	0.227046	169	122	47	0	0	0	0
AF	0	0.227358	214	149	65	0	0	0	0
AF	0	0.227670	190	128	62	0	0	0	0
AF	0	0.227983	190	115	75	0	0	0	0
AF	0	0.228295	178	130	48	0	0	0	0
AF	0	0.228607	177	120	57	0	0	0	0
AF	0	0.228919	139	90	49	0	0	0	0
AF	0	0.229232	194	123	71	0	0	0	0
AF	0	0.229544	172	115	57	0	0	0	0
AF	0	0.229856	182	120	62	0	0	0	0
AF	0	0.230169	199	129	70	0	0	0	0
AF	0	0.230481	197	144	53	0	0	0	0
AF	0	0.230793	137	87	50	0	0	0	0
AF	0	0.231106	148	98	50	0	0	0	0
AF	0	0.231418	118	79	39	0	0	0	0
AF	0	0.231730	140	105	35	0	0	0	0
AF	0	0.232042	118	89	29	0	0	0	0
AF	0	0.232355	143	88	55	0	0	0	0
AF	0	0.232667	147	102	45	0	0	0	0
AF	0	0.232979	159	105	54	0	0	0	0
AF	0	0.233292	191	115	76	0	0	0	0
AF	0	0.233604	145	100	45	0	0	0	0
AF	0	0.233916	116	78	38	0	0	0	0
AF	0	0.234229	126	89	37	0	0	0	0
AF	0	0.234541	117	84	33	0	0	0	0
AF	0	0.234853	126	96	30	0	0	0	0
AF	0	0.235166	135	96	39	0	0	0	0
AF	0	0.235478	148	103	45	0	0	0	0
AF	0	0.235790	116	81	35	0	0	0	0
AF	0	0.236102	149	94	55	0	0	0	0
AF	0	0.236415	130	91	39	0	0	0	0
AF	0	0.236727	123	77	46	0	0	0	0
AF	0	0.237039	128	80	48	0	0	0	0
AF	0	0.237352	162	105	57	0	0	0	0
AF	0	0.237664	131	95	36	0	0	0	0
AF	0	0.237976	173	120	53	0	0	0	0
AF	0	0.238289	160	104	56	0	0	0	0
AF	0	0.238601	146	115	31	0	0	0	0
AF	0	0.238913	132	89	43	0	0	0	0
AF	0	0.239225	112	75	37	0	0	0	0
AF	0	0.239538	130	91	39	0	0	0	0
AF	0	0.239850	132	93	39	0	0	0	0
AF	0	0.240162	178	105	73	0	0	0	0
AF	0	0.240475	132	89	43	0	0	0	0
AF	0	0.240787	152	101	51	0	0	0	0
AF	0	0.241099	124	88	36	0	0	0	0
AF	0	0.241412	114	80	34	0	0	0	0
AF	0	0.241724	122	73	49	0	0	0	0
AF	0	0.242036	109	76	33	0	0	0	0
AF	0	0.242349	118	77	41	0	0	0	0
AF	0	0.242661	114	85	29	0	0	0	0
AF	0	0.242973	129	86	43	0	0	0	0
AF	0	0.243285	156	104	52	0	0	0	0
AF	0	0.243598	140	106	34	0	0	0	0
AF	0	0.243910	205	139	66	0	0	0	0
AF	0	0.244222	160	113	47	0	0	0	0
AF	0	0.244535	263	184	79	0	0	0	0
AF	0	0.244847	181	129	52	0	0	0	0
AF	0	0.245159	172	117	55	0	0	0	0
AF	0	0.245472	133	94	39	0	0	0	0
AF	0	0.245784	154	111	43	0	0	0	0
AF	0	0.246096	184	126	58	0	0	0	0
AF	0	0.246408	149	103	46	0	0	0	0
AF	0	0.246721	144	106	38	0	0	0	0
AF	0	0.247033	138	94	44	0	0	0	0
AF	0	0.247345	139	93	46	0	0	0	0
AF	0	0.247658	155	94	61	0	0	0	0
AF	0	0.247970	119	87	32	0	0	0	0
AF	0	0.248282	151	107	44	0	0	0	0
AF	0	0.248595	167	115	52	0	0	0	0
AF	0	0.248907	129	78	51	0	0	0	0
AF	0	0.249219	159	105	54	0	0	0	0
AF	0	0.249532	147	102	45	0	0	0	0
AF	0	0.249844	173	121	52	0	0	0	0
AF	0	0.250156	130	96	34	0	0	0	0
AF	0	0.250468	155	102	53	0	0	0	0
AF	0	0.250781	121	83	38	0	0	0	0
AF	0	0.251093	145	90	55	0	0	0	0
AF	0	0.251405	130	90	40	0	0	0	0
AF	0	0.251718	116	80	36	0	0	0	0
AF	0	0.252030	146	101	45	0	0	0	0
AF	0	0.252342	151	101	50	0	0	0	0
AF	0	0.252655	149	98	51	0	0	0	0
AF	0	0.252967	135	95	40	0	0	0	0
AF	0	0.253279	165	111	54	0	0	0	0
AF	0	0.253592	126	89	37	0	0	0	0
AF	0	0.253904	129	84	45	0	0	0	0
AF	0	0.254216	137	91	46	0	0	0	0
AF	0	0.254528	143	105	38	0	0	0	0
AF	0	0.254841	117	78	39	0	0	0	0
AF	0	0.255153	128	94	34	0	0	0	0
AF	0	0.255465	142	93	49	0	0	0	0
AF	0	0.255778	134	100	34	0	0	0	0
AF	0	0.256090	149	103	46	0	0	0	0
AF	0	0.256402	225	140	85	0	0	0	0
AF	0	0.256715	194	128	66	0	0	0	0
AF	0	0.257027	154	110	44	0	0	0	0
AF	0	0.257339	130	97	33	0	0	0	0
AF	0	0.257651	136	93	43	0	0	0	0
AF	0	0.257964	131	92	39	0	0	0	0
AF	0	0.258276	145	110	35	0	0	0	0
AF	0	0.258588	174	111	63	0	0	0	0
AF	0	0.258901	149	96	53	0	0	0	0
AF	0	0.259213	163	102	61	0	0	0	0
AF	0	0.259525	147	107	40	0	0	0	0
AF	0	0.259838	162	119	43	0	0	0	0
AF	0	0.260150	184	121	63	0	0	0	0
AF	0	0.260462	149	104	45	0	0	0	0
AF	0	0.260775	167	97	70	0	0	0	0
AF	0	0.261087	128	85	43	0	0	0	0
AF	0	0.261399	150	94	56	0	0	0	0
AF	0	0.261711	137	96	41	0	0	0	0
AF	0	0.262024	146	99	47	0	0	0	0
AF	0	0.262336	124	99	25	0	0	0	0
AF	0	0.262648	136	97	39	0	0	0	0
AF	0	0.262961	126	85	41	0	0	0	0
AF	0	0.263273	132	102	30	0	0	0	0
AF	0	0.263585	152	105	47	0	0	0	0
AF	0	0.263898	128	94	34	0	0	0	0
AF	0	0.264210	139	91	48	0	0	0	0
AF	0	0.264522	140	99	41	0	0	0	0
AF	0	0.264834	148	106	42	0	0	0	0
AF	0	0.265147	157	109	48	0	0	0	0
AF	0	0.265459	136	94	42	0	0	0	0
AF	0	0.265771	139	104	35	0	0	0	0
AF	0	0.266084	101	69	32	0	0	0	0
AF	0	0.266396	120	84	36	0	0	0	0
AF	0	0.266708	143	98	45	0	0	0	0
AF	0	0.267021	115	82	33	0	0	0	0
AF	0	0.267333	109	80	29	0	0	0	0
AF	0	0.267645	181	120	61	0	0	0	0
AF	0	0.267958	129	95	34	0	0	0	0
AF	0	0.268270	136	100	36	0	0	0	0
AF	0	0.268582	146	95	51	0	0	0	0
AF	0	0.268894	139	100	39	0	0	0	0
AF	0	0.269207	105	61	44	0	0	0	0
AF	0	0.269519	118	86	32	0	0	0	0
AF	0	0.269831	127	90	37	0	0	0	0
AF	0	0.270144	131	89	42	0	0	0	0
AF	0	0.270456	131	81	50	0	0	0	0
AF	0	0.270768	138	101	37	0	0	0	0
AF	0	0.271081	136	98	38	0	0	0	0
AF	0	0.271393	127	76	51	0	0	0	0
AF	0	0.271705	113	72	41	0	0	0	0
AF	0	0.272017	114	82	32	0	0	0	0
AF	0	0.272330	127	77	50	0	0	0	0
AF	0	0.272642	118	82	36	0	0	0	0
AF	0	0.272954	133	84	49	0	0	0	0
AF	0	0.273267	155	107	48	0	0	0	0
AF	0	0.273579	130	87	43	0	0	0	0
AF	0	0.273891	104	71	33	0	0	0	0
AF	0	0.274204	103	69	34	0	0	0	0
AF	0	0.274516	120	74	46	0	0	0	0
AF	0	0.274828	141	94	47	0	0	0	0
AF	0	0.275141	127	90	37	0	0	0	0
AF	0	0.275453	125	93	32	0	0	0	0
AF	0	0.275765	147	96	51	0	0	0	0
AF	0	0.276077	133	92	41	0	0	0	0
AF	0	0.276390	129	100	29	0	0	0	0
AF	0	0.276702	177	119	58	0	0	0	0
AF	0	0.277014	157	102	55	0	0	0	0
AF	0	0.277327	122	70	52	0	0	0	0
AF	0	0.277639	131	89	42	0	0	0	0
AF	0	0.277951	125	84	41	0	0	0	0
AF	0	0.278264	129	91	38	0	0	0	0
AF	0	0.278576	125	73	52	0	0	0	0
AF	0	0.278888	126	81	45	0	0	0	0
AF	0	0.279200	136	83	53	0	0	0	0
AF	0	0.279513	139	96	43	0	0	0	0
AF	0	0.279825	141	100	41	0	0	0	0
AF	0	0.280137	113	73	40	0	0	0	0
AF	0	0.280450	152	104	48	0	0	0	0
AF	0	0.280762	142	92	50	0	0	0	0
AF	0	0.281074	113	77	36	0	0	0	0
AF	0	0.281387	96	64	32	0	0	0	0
AF	0	0.281699	112	71	41	0	0	0	0
AF	0	0.282011	170	111	59	0	0	0	0
AF	0	0.282324	169	121	48	0	0	0	0
AF	0	0.282636	152	107	45	0	0	0	0
AF	0	0.282948	151	112	39	0	0	0	0
AF	0	0.283260	133	89	44	0	0	0	0
AF	0	0.283573	170	114	56	0	0	0	0
AF	0	0.283885	140	104	36	0	0	0	0
AF	0	0.284197	155	106	49	0	0	0	0
AF	0	0.284510	146	94	52	0	0	0	0
AF	0	0.284822	117	76	41	0	0	0	0
AF	0	0.285134	152	109	43	0	0	0	0
AF	0	0.285447	193	130	63	0	0	0	0
AF	0	0.285759	161	107	54	0	0	0	0
AF	0	0.286071	134	110	24	0	0	0	0
AF	0	0.286384	154	99	55	0	0	0	0
AF	0	0.286696	98	65	33	0	0	0	0
AF	0	0.287008	120	91	29	0	0	0	0
AF	0	0.287320	121	83	38	0	0	0	0
AF	0	0.287633	130	90	40	0	0	0	0
AF	0	0.287945	131	93	38	0	0	0	0
AF	0	0.288257	150	89	61	0	0	0	0
AF	0	0.288570	144	107	37	0	0	0	0
AF	0	0.288882	113	87	26	0	0	0	0
AF	0	0.289194	109	70	39	0	0	0	0
AF	0	0.289507	124	83	41	0	0	0	0
AF	0	0.289819	115	70	45	0	0	0	0
AF	0	0.290131	118	75	43	0	0	0	0
AF	0	0.290443	165	116	49	0	0	0	0
AF	0	0.290756	119	91	28	0	0	0	0
AF	0	0.291068	159	115	44	0	0	0	0
AF	0	0.291380	135	99	36	0	0	0	0
AF	0	0.291693	121	92	29	0	0	0	0
AF	0	0.292005	112	75	37	0	0	0	0
AF	0	0.292317	102	66	36	0	0	0	0
AF	0	0.292630	127	87	40	0	0	0	0
AF	0	0.292942	128	86	42	0	0	0	0
AF	0	0.293254	161	116	45	0	0	0	0
AF	0	0.293567	130	98	32	0	0	0	0
AF	0	0.293879	155	119	36	0	0	0	0
AF	0	0.294191	120	70	50	0	0	0	0
AF	0	0.294503	113	79	34	0	0	0	0
AF	0	0.294816	107	76	31	0	0	0	0
AF	0	0.295128	107	79	28	0	0	0	0
AF	0	0.295440	107	68	39	0	0	0	0
AF	0	0.295753	137	93	44	0	0	0	0
AF	0	0.296065	130	91	39	0	0	0	0
AF	0	0.296377	131	85	46	0	0	0	0
AF	0	0.296690	137	93	44	0	0	0	0
AF	0	0.297002	135	92	43	0	0	0	0
AF	0	0.297314	122	82	40	0	0	0	0
AF	0	0.297626	123	90	33	0	0	0	0
AF	0	0.297939	113	79	34	0	0	0	0
AF	0	0.298251	138	86	52	0	0	0	0
AF	0	0.298563	93	62	31	0	0	0	0
AF	0	0.298876	123	77	46	0	0	0	0
AF	0	0.299188	84	57	27	0	0	0	0
AF	0	0.299500	118	82	36	0	0	0	0
AF	0	0.299813	125	78	47	0	0	0	0
AF	0	0.300125	131	78	53	0	0	0	0
AF	0	0.300437	134	91	43	0	0	0	0
AF	0	0.300750	101	68	33	0	0	0	0
AF	0	0.301062	131	96	35	0	0	0	0
AF	0	0.301374	122	86	36	0	0	0	0
AF	0	0.301686	124	77	47	0	0	0	0
AF	0	0.301999	97	68	29	0	0	0	0
AF	0	0.302311	120	81	39	0	0	0	0
AF	0	0.302623	154	106	48	0	0	0	0
AF	0	0.302936	134	87	47	0	0	0	0
AF	0	0.303248	139	93	46	0	0	0	0
AF	0	0.303560	135	94	41	0	0	0	0
AF	0	0.303873	139	91	48	0	0	0	0
AF	0	0.304185	154	111	43	0	0	0	0
AF	0	0.304497	137	91	46	0	0	0	0
AF	0	0.304809	102	84	18	0	0	0	0
AF	0	0.305122	136	90	46	0	0	0	0
AF	0	0.305434	120	87	33	0	0	0	0
AF	0	0.305746	140	97	43	0	0	0	0
AF	0	0.306059	138	98	40	0	0	0	0
AF	0	0.306371	154	112	42	0	0	0	0
AF	0	0.306683	130	84	46	0	0	0	0
AF	0	0.306996	202	130	72	0	0	0	0
AF	0	0.307308	124	85	39	0	0	0	0
AF	0	0.307620	137	98	39	0	0	0	0
AF	0	0.307933	128	81	47	0	0	0	0
AF	0	0.308245	169	102	67	0	0	0	0
AF	0	0.308557	131	95	36	0	0	0	0
AF	0	0.308869	124	84	40	0	0	0	0
AF	0	0.309182	109	73	36	0	0	0	0
AF	0	0.309494	133	88	45	0	0	0	0
AF	0	0.309806	113	77	36	0	0	0	0
AF	0	0.310119	110	75	35	0	0	0	0
AF	0	0.310431	118	82	36	0	0	0	0
AF	0	0.310743	127	80	47	0	0	0	0
AF	0	0.311056	119	85	34	0	0	0	0
AF	0	0.311368	108	71	37	0	0	0	0
AF	0	0.311680	114	76	38	0	0	0	0
AF	0	0.311993	136	98	38	0	0	0	0
AF	0	0.312305	115	87	28	0	0	0	0
AF	0	0.312617	118	76	42	0	0	0	0
AF	0	0.312929	146	88	58	0	0	0	0
AF	0	0.313242	130	74	56	0	0	0	0
AF	0	0.313554	109	71	38	0	0	0	0
AF	0	0.313866	102	66	36	0	0	0	0
AF	0	0.314179	101	73	28	0	0	0	0
AF	0	0.314491	149	93	56	0	0	0	0
AF	0	0.314803	140	91	49	0	0	0	0
AF	0	0.315116	124	74	50	0	0	0	0
AF	0	0.315428	116	72	44	0	0	0	0
AF	0	0.315740	106	68	38	0	0	0	0
AF	0	0.316052	106	74	32	0	0	0	0
AF	0	0.316365	181	113	68	0	0	0	0
AF	0	0.316677	95	66	29	0	0	0	0
AF	0	0.316989	102	67	35	0	0	0	0
AF	0	0.317302	139	93	46	0	0	0	0
AF	0	0.317614	132	92	40	0	0	0	0
AF	0	0.317926	150	110	40	0	0	0	0
AF	0	0.318239	132	95	37	0	0	0	0
AF	0	0.318551	145	100	45	0	0	0	0
AF	0	0.318863	112	64	48	0	0	0	0
AF	0	0.319176	99	70	29	0	0	0	0
AF	0	0.319488	125	86	39	0	0	0	0
AF	0	0.319800	98	73	25	0	0	0	0
AF	0	0.320112	108	70	38	0	0	0	0
AF	0	0.320425	109	70	39	0	0	0	0
AF	0	0.320737	99	75	24	0	0	0	0
AF	0	0.321049	104	73	31	0	0	0	0
AF	0	0.321362	108	68	40	0	0	0	0
AF	0	0.321674	93	71	22	0	0	0	0
AF	0	0.321986	122	78	44	0	0	0	0
AF	0	0.322299	112	79	33	0	0	0	0
AF	0	0.322611	104	72	32	0	0	0	0
AF	0	0.322923	93	65	28	0	0	0	0
AF	0	0.323235	119	83	36	0	0	0	0
AF	0	0.323548	96	67	29	0	0	0	0
AF	0	0.323860	105	71	34	0	0	0	0
AF	0	0.324172	107	69	38	0	0	0	0
AF	0	0.324485	118	86	32	0	0	0	0
AF	0	0.324797	89	58	31	0	0	0	0
AF	0	0.325109	94	66	28	0	0	0	0
AF	0	0.325422	115	78	37	0	0	0	0
AF	0	0.325734	95	60	35	0	0	0	0
AF	0	0.326046	105	84	21	0	0	0	0
AF	0	0.326359	107	73	34	0	0	0	0
AF	0	0.326671	84	56	28	0	0	0	0
AF	0	0.326983	107	79	28	0	0	0	0
AF	0	0.327295	108	79	29	0	0	0	0
AF	0	0.327608	118	85	33	0	0	0	0
AF	0	0.327920	111	72	39	0	0	0	0
AF	0	0.328232	125	89	36	0	0	0	0
AF	0	0.328545	133	93	40	0	0	0	0
AF	0	0.328857	101	71	30	0	0	0	0
AF	0	0.329169	75	55	20	0	0	0	0
AF	0	0.329482	100	70	30	0	0	0	0
AF	0	0.329794	103	75	28	0	0	0	0
AF	0	0.330106	80	48	32	0	0	0	0
AF	0	0.330418	99	69	30	0	0	0	0
AF	0	0.330731	98	67	31	0	0	0	0
AF	0	0.331043	80	55	25	0	0	0	0
AF	0	0.331355	130	85	45	0	0	0	0
AF	0	0.331668	109	70	39	0	0	0	0
AF	0	0.331980	119	77	42	0	0	0	0
AF	0	0.332292	97	66	31	0	0	0	0
AF	0	0.332605	84	59	25	0	0	0	0
AF	0	0.332917	105	68	37	0	0	0	0
AF	0	0.333229	106	70	36	0	0	0	0
AF	0	0.333542	82	53	29	0	0	0	0
AF	0	0.333854	91	65	26	0	0	0	0
AF	0	0.334166	86	59	27	0	0	0	0
AF	0	0.334478	110	69	41	0	0	0	0
AF	0	0.334791	117	70	47	0	0	0	0
AF	0	0.335103	131	87	44	0	0	0	0
AF	0	0.335415	98	73	25	0	0	0	0
AF	0	0.335728	152	112	40	0	0	0	0
AF	0	0.336040	109	72	37	0	0	0	0
AF	0	0.336352	148	97	51	0	0	0	0
AF	0	0.336665	115	79	36	0	0	0	0
AF	0	0.336977	133	88	45	0	0	0	0
AF	0	0.337289	100	63	37	0	0	0	0
AF	0	0.337601	113	83	30	0	0	0	0
AF	0	0.337914	119	84	35	0	0	0	0
AF	0	0.338226	109	77	32	0	0	0	0
AF	0	0.338538	122	82	40	0	0	0	0
AF	0	0.338851	102	68	34	0	0	0	0
AF	0	0.339163	126	79	47	0	0	0	0
AF	0	0.339475	78	55	23	0	0	0	0
AF	0	0.339788	95	70	25	0	0	0	0
AF	0	0.340100	95	69	26	0	0	0	0
AF	0	0.340412	103	72	31	0	0	0	0
AF	0	0.340725	113	74	39	0	0	0	0
AF	0	0.341037	150	95	55	0	0	0	0
AF	0	0.341349	111	70	41	0	0	0	0
AF	0	0.341661	100	59	41	0	0	0	0
AF	0	0.341974	92	63	29	0	0	0	0
AF	0	0.342286	85	60	25	0	0	0	0
AF	0	0.342598	67	38	29	0	0	0	0
AF	0	0.342911	97	73	24	0	0	0	0
AF	0	0.343223	89	58	31	0	0	0	0
AF	0	0.343535	118	81	37	0	0	0	0
AF	0	0.343848	110	72	38	0	0	0	0
AF	0	0.344160	94	60	34	0	0	0	0
AF	0	0.344472	100	69	31	0	0	0	0
AF	0	0.344785	94	58	36	0	0	0	0
AF	0	0.345097	78	58	20	0	0	0	0
AF	0	0.345409	108	86	22	0	0	0	0
AF	0	0.345721	139	90	49	0	0	0	0
AF	0	0.346034	134	93	41	0	0	0	0
AF	0	0.346346	102	71	31	0	0	0	0
AF	0	0.346658	87	63	24	0	0	0	0
AF	0	0.346971	104	68	36	0	0	0	0
AF	0	0.347283	100	67	33	0	0	0	0
AF	0	0.347595	108	71	37	0	0	0	0
AF	0	0.347908	116	80	36	0	0	0	0
AF	0	0.348220	132	90	42	0	0	0	0
AF	0	0.348532	150	95	55	0	0	0	0
AF	0	0.348844	104	69	35	0	0	0	0
AF	0	0.349157	93	60	33	0	0	0	0
AF	0	0.349469	116	81	35	0	0	0	0
AF	0	0.349781	106	69	37	0	0	0	0
AF	0	0.350094	106	80	26	0	0	0	0
AF	0	0.350406	115	79	36	0	0	0	0
AF	0	0.350718	92	71	21	0	0	0	0
AF	0	0.351031	96	60	36	0	0	0	0
AF	0	0.351343	90	67	23	0	0	0	0
AF	0	0.351655	94	64	30	0	0	0	0
AF	0	0.351968	120	75	45	0	0	0	0
AF	0	0.352280	118	73	45	0	0	0	0
AF	0	0.352592	101	61	40	0	0	0	0
AF	0	0.352904	90	64	26	0	0	0	0
AF	0	0.353217	95	57	38	0	0	0	0
AF	0	0.353529	96	61	35	0	0	0	0
AF	0	0.353841	138	99	39	0	0	0	0
AF	0	0.354154	120	82	38	0	0	0	0
AF	0	0.354466	144	104	40	0	0	0	0
AF	0	0.354778	124	85	39	0	0	0	0
AF	0	0.355091	111	74	37	0	0	0	0
AF	0	0.355403	91	58	33	0	0	0	0
AF	0	0.355715	132	86	46	0	0	0	0
AF	0	0.356027	138	85	53	0	0	0	0
AF	0	0.356340	195	126	69	0	0	0	0
AF	0	0.356652	286	180	106	0	0	0	0
AF	0	0.356964	77	54	23	0	0	0	0
AF	0	0.357277	90	55	35	0	0	0	0
AF	0	0.357589	109	76	33	0	0	0	0
AF	0	0.357901	106	60	46	0	0	0	0
AF	0	0.358214	98	78	20	0	0	0	0
AF	0	0.358526	115	73	42	0	0	0	0
AF	0	0.358838	155	100	55	0	0	0	0
AF	0	0.359151	117	75	42	0	0	0	0
AF	0	0.359463	108	78	30	0	0	0	0
AF	0	0.359775	94	64	30	0	0	0	0
AF	0	0.360087	87	63	24	0	0	0	0
AF	0	0.360400	73	49	24	0	0	0	0
AF	0	0.360712	87	62	25	0	0	0	0
AF	0	0.361024	119	80	39	0	0	0	0
AF	0	0.361337	98	65	33	0	0	0	0
AF	0	0.361649	91	60	31	0	0	0	0
AF	0	0.361961	117	82	35	0	0	0	0
AF	0	0.362274	131	82	49	0	0	0	0
AF	0	0.362586	75	50	25	0	0	0	0
AF	0	0.362898	97	64	33	0	0	0	0
AF	0	0.363210	107	78	29	0	0	0	0
AF	0	0.363523	107	64	43	0	0	0	0
AF	0	0.363835	144	89	55	0	0	0	0
AF	0	0.364147	111	78	33	0	0	0	0
AF	0	0.364460	121	92	29	0	0	0	0
AF	0	0.364772	111	70	41	0	0	0	0
AF	0	0.365084	108	73	35	0	0	0	0
AF	0	0.365397	123	81	42	0	0	0	0
AF	0	0.365709	100	65	35	0	0	0	0
AF	0	0.366021	113	71	42	0	0	0	0
AF	0	0.366334	115	67	48	0	0	0	0
AF	0	0.366646	121	80	41	0	0	0	0
AF	0	0.366958	98	64	34	0	0	0	0
AF	0	0.367270	97	69	28	0	0	0	0
AF	0	0.367583	106	65	41	0	0	0	0
AF	0	0.367895	124	80	44	0	0	0	0
AF	0	0.368207	88	51	37	0	0	0	0
AF	0	0.368520	103	74	29	0	0	0	0
AF	0	0.368832	94	68	26	0	0	0	0
AF	0	0.369144	89	56	33	0	0	0	0
AF	0	0.369457	91	64	27	0	0	0	0
AF	0	0.369769	100	68	32	0	0	0	0
AF	0	0.370081	121	82	39	0	0	0	0
AF	0	0.370394	89	52	37	0	0	0	0
AF	0	0.370706	87	61	26	0	0	0	0
AF	0	0.371018	92	65	27	0	0	0	0
AF	0	0.371330	93	55	38	0	0	0	0
AF	0	0.371643	95	69	26	0	0	0	0
AF	0	0.371955	120	87	33	0	0	0	0
AF	0	0.372267	102	69	33	0	0	0	0
AF	0	0.372580	97	67	30	0	0	0	0
AF	0	0.372892	67	43	24	0	0	0	0
AF	0	0.373204	96	70	26	0	0	0	0
AF	0	0.373517	79	48	31	0	0	0	0
AF	0	0.373829	73	51	22	0	0	0	0
AF	0	0.374141	79	60	19	0	0	0	0
AF	0	0.374453	91	55	36	0	0	0	0
AF	0	0.374766	70	43	27	0	0	0	0
AF	0	0.375078	84	52	32	0	0	0	0
AF	0	0.375390	87	61	26	0	0	0	0
AF	0	0.375703	89	51	38	0	0	0	0
AF	0	0.376015	94	61	33	0	0	0	0
AF	0	0.376327	101	71	30	0	0	0	0
AF	0	0.376640	76	54	22	0	0	0	0
AF	0	0.376952	100	66	34	0	0	0	0
AF	0	0.377264	68	45	23	0	0	0	0
AF	0	0.377577	139	99	40	0	0	0	0
AF	0	0.377889	124	80	44	0	0	0	0
AF	0	0.378201	166	110	56	0	0	0	0
AF	0	0.378513	153	107	46	0	0	0	0
AF	0	0.378826	61	46	15	0	0	0	0
AF	0	0.379138	107	85	22	0	0	0	0
AF	0	0.379450	95	67	28	0	0	0	0
AF	0	0.379763	88	57	31	0	0	0	0
AF	0	0.380075	99	66	33	0	0	0	0
AF	0	0.380387	77	59	18	0	0	0	0
AF	0	0.380700	115	81	34	0	0	0	0
AF	0	0.381012	91	63	28	0	0	0	0
AF	0	0.381324	98	60	38	0	0	0	0
AF	0	0.381636	73	56	17	0	0	0	0
AF	0	0.381949	105	77	28	0	0	0	0
AF	0	0.382261	85	60	25	0	0	0	0
AF	0	0.382573	95	69	26	0	0	0	0
AF	0	0.382886	91	68	23	0	0	0	0
AF	0	0.383198	122	79	43	0	0	0	0
AF	0	0.383510	105	74	31	0	0	0	0
AF	0	0.383823	92	68	24	0	0	0	0
AF	0	0.384135	100	64	36	0	0	0	0
AF	0	0.384447	112	79	33	0	0	0	0
AF	0	0.384760	103	71	32	0	0	0	0
AF	0	0.385072	89	53	36	0	0	0	0
AF	0	0.385384	91	62	29	0	0	0	0
AF	0	0.385696	69	50	19	0	0	0	0
AF	0	0.386009	82	52	30	0	0	0	0
AF	0	0.386321	75	47	28	0	0	0	0
AF	0	0.386633	76	46	30	0	0	0	0
AF	0	0.386946	100	63	37	0	0	0	0
AF	0	0.387258	64	44	20	0	0	0	0
AF	0	0.387570	94	55	39	0	0	0	0
AF	0	0.387883	67	45	22	0	0	0	0
AF	0	0.388195	73	57	16	0	0	0	0
AF	0	0.388507	97	68	29	0	0	0	0
AF	0	0.388819	80	54	26	0	0	0	0
AF	0	0.389132	77	51	26	0	0	0	0
AF	0	0.389444	68	46	22	0	0	0	0
AF	0	0.389756	62	39	23	0	0	0	0
AF	0	0.390069	81	57	24	0	0	0	0
AF	0	0.390381	68	43	25	0	0	0	0
AF	0	0.390693	61	47	14	0	0	0	0
AF	0	0.391006	77	51	26	0	0	0	0
AF	0	0.391318	75	45	30	0	0	0	0
AF	0	0.391630	92	66	26	0	0	0	0
AF	0	0.391943	87	53	34	0	0	0	0
AF	0	0.392255	94	62	32	0	0	0	0
AF	0	0.392567	88	59	29	0	0	0	0
AF	0	0.392879	96	69	27	0	0	0	0
AF	0	0.393192	87	58	29	0	0	0	0
AF	0	0.393504	109	71	38	0	0	0	0
AF	0	0.393816	81	59	22	0	0	0	0
AF	0	0.394129	89	58	31	0	0	0	0
AF	0	0.394441	100	62	38	0	0	0	0
AF	0	0.394753	88	63	25	0	0	0	0
AF	0	0.395066	111	70	41	0	0	0	0
AF	0	0.395378	104	73	31	0	0	0	0
AF	0	0.395690	76	49	27	0	0	0	0
AF	0	0.396002	95	62	33	0	0	0	0
AF	0	0.396315	88	65	23	0	0	0	0
AF	0	0.396627	59	42	17	0	0	0	0
AF	0	0.396939	83	58	25	0	0	0	0
AF	0	0.397252	79	51	28	0	0	0	0
AF	0	0.397564	91	59	32	0	0	0	0
AF	0	0.397876	78	52	26	0	0	0	0
AF	0	0.398189	65	42	23	0	0	0	0
AF	0	0.398501	71	48	23	0	0	0	0
AF	0	0.398813	70	48	22	0	0	0	0
AF	0	0.399126	74	47	27	0	0	0	0
AF	0	0.399438	69	47	22	0	0	0	0
AF	0	0.399750	105	65	40	0	0	0	0
AF	0	0.400062	75	54	21	0	0	0	0
AF	0	0.400375	77	56	21	0	0	0	0
AF	0	0.400687	97	62	35	0	0	0	0
AF	0	0.400999	96	64	32	0	0	0	0
AF	0	0.401312	87	61	26	0	0	0	0
AF	0	0.401624	100	66	34	0	0	0	0
AF	0	0.401936	86	56	30	0	0	0	0
AF	0	0.402249	74	50	24	0	0	0	0
AF	0	0.402561	80	57	23	0	0	0	0
AF	0	0.402873	70	51	19	0	0	0	0
AF	0	0.403186	90	60	30	0	0	0	0
AF	0	0.403498	84	53	31	0	0	0	0
AF	0	0.403810	67	44	23	0	0	0	0
AF	0	0.404122	83	60	23	0	0	0	0
AF	0	0.404435	93	66	27	0	0	0	0
AF	0	0.404747	84	49	35	0	0	0	0
AF	0	0.405059	67	38	29	0	0	0	0
AF	0	0.405372	89	59	30	0	0	0	0
AF	0	0.405684	109	74	35	0	0	0	0
AF	0	0.405996	74	53	21	0	0	0	0
AF	0	0.406309	58	44	14	0	0	0	0
AF	0	0.406621	99	61	38	0	0	0	0
AF	0	0.406933	102	71	31	0	0	0	0
AF	0	0.407245	82	52	30	0	0	0	0
AF	0	0.407558	84	59	25	0	0	0	0
AF	0	0.407870	59	35	24	0	0	0	0
AF	0	0.408182	93	61	32	0	0	0	0
AF	0	0.408495	71	50	21	0	0	0	0
AF	0	0.408807	74	55	19	0	0	0	0
AF	0	0.409119	85	57	28	0	0	0	0
AF	0	0.409432	68	44	24	0	0	0	0
AF	0	0.409744	96	65	31	0	0	0	0
AF	0	0.410056	62	42	20	0	0	0	0
AF	0	0.410369	74	49	25	0	0	0	0
AF	0	0.410681	75	52	23	0	0	0	0
AF	0	0.410993	150	106	44	0	0	0	0
AF	0	0.411305	99	65	34	0	0	0	0
AF	0	0.411618	71	51	20	0	0	0	0
AF	0	0.411930	91	54	37	0	0	0	0
AF	0	0.412242	95	58	37	0	0	0	0
AF	0	0.412555	74	57	17	0	0	0	0
AF	0	0.412867	87	62	25	0	0	0	0
AF	0	0.413179	72	49	23	0	0	0	0
AF	0	0.413492	69	42	27	0	0	0	0
AF	0	0.413804	79	54	25	0	0	0	0
AF	0	0.414116	90	63	27	0	0	0	0
AF	0	0.414428	111	81	30	0	0	0	0
AF	0	0.414741	76	53	23	0	0	0	0
AF	0	0.415053	74	52	22	0	0	0	0
AF	0	0.415365	86	57	29	0	0	0	0
AF	0	0.415678	79	53	26	0	0	0	0
AF	0	0.415990	72	44	28	0	0	0	0
AF	0	0.416302	72	48	24	0	0	0	0
AF	0	0.416615	57	39	18	0	0	0	0
AF	0	0.416927	98	69	29	0	0	0	0
AF	0	0.417239	77	49	28	0	0	0	0
AF	0	0.417552	65	36	29	0	0	0	0
AF	0	0.417864	96	65	31	0	0	0	0
AF	0	0.418176	98	68	30	0	0	0	0
AF	0	0.418488	99	67	32	0	0	0	0
AF	0	0.418801	67	44	23	0	0	0	0
AF	0	0.419113	76	44	32	0	0	0	0
AF	0	0.419425	69	47	22	0	0	0	0
AF	0	0.419738	74	48	26	0	0	0	0
AF	0	0.420050	78	49	29	0	0	0	0
AF	0	0.420362	83	65	18	0	0	0	0
AF	0	0.420675	78	55	23	0	0	0	0
AF	0	0.420987	81	50	31	0	0	0	0
AF	0	0.421299	85	56	29	0	0	0	0
AF	0	0.421611	84	55	29	0	0	0	0
AF	0	0.421924	102	75	27	0	0	0	0
AF	0	0.422236	110	78	32	0	0	0	0
AF	0	0.422548	81	62	19	0	0	0	0
AF	0	0.422861	100	66	34	0	0	0	0
AF	0	0.423173	74	48	26	0	0	0	0
AF	0	0.423485	73	56	17	0	0	0	0
AF	0	0.423798	82	56	26	0	0	0	0
AF	0	0.424110	74	44	30	0	0	0	0
AF	0	0.424422	64	47	17	0	0	0	0
AF	0	0.424735	89	56	33	0	0	0	0
AF	0	0.425047	97	67	30	0	0	0	0
AF	0	0.425359	98	75	23	0	0	0	0
AF	0	0.425671	67	46	21	0	0	0	0
AF	0	0.425984	64	47	17	0	0	0	0
AF	0	0.426296	99	62	37	0	0	0	0
AF	0	0.426608	114	81	33	0	0	0	0
AF	0	0.426921	98	67	31	0	0	0	0
AF	0	0.427233	63	44	19	0	0	0	0
AF	0	0.427545	69	53	16	0	0	0	0
AF	0	0.427858	78	48	30	0	0	0	0
AF	0	0.428170	96	68	28	0	0	0	0
AF	0	0.428482	81	57	24	0	0	0	0
AF	0	0.428795	81	55	26	0	0	0	0
AF	0	0.429107	106	65	41	0	0	0	0
AF	0	0.429419	82	58	24	0	0	0	0
AF	0	0.429731	79	53	26	0	0	0	0
AF	0	0.430044	121	86	35	0	0	0	0
AF	0	0.430356	109	68	41	0	0	0	0
AF	0	0.430668	80	53	27	0	0	0	0
AF	0	0.430981	85	55	30	0	0	0	0
AF	0	0.431293	67	46	21	0	0	0	0
AF	0	0.431605	70	49	21	0	0	0	0
AF	0	0.431918	68	46	22	0	0	0	0
AF	0	0.432230	77	54	23	0	0	0	0
AF	0	0.432542	99	66	33	0	0	0	0
AF	0	0.432854	78	61	17	0	0	0	0
AF	0	0.433167	68	49	19	0	0	0	0
AF	0	0.433479	94	62	32	0	0	0	0
AF	0	0.433791	87	59	28	0	0	0	0
AF	0	0.434104	85	56	29	0	0	0	0
AF	0	0.434416	89	59	30	0	0	0	0
AF	0	0.434728	73	42	31	0	0	0	0
AF	0	0.435041	76	60	16	0	0	0	0
AF	0	0.435353	80	53	27	0	0	0	0
AF	0	0.435665	99	77	22	0	0	0	0
AF	0	0.435978	72	45	27	0	0	0	0
AF	0	0.436290	62	43	19	0	0	0	0
AF	0	0.436602	81	57	24	0	0	0	0
AF	0	0.436914	94	66	28	0	0	0	0
AF	0	0.437227	67	51	16	0	0	0	0
AF	0	0.437539	73	48	25	0	0	0	0
AF	0	0.437851	69	50	19	0	0	0	0
AF	0	0.438164	95	63	32	0	0	0	0
AF	0	0.438476	67	49	18	0	0	0	0
AF	0	0.438788	72	52	20	0	0	0	0
AF	0	0.439101	73	52	21	0	0	0	0
AF	0	0.439413	70	49	21	0	0	0	0
AF	0	0.439725	103	78	25	0	0	0	0
AF	0	0.440037	92	65	27	0	0	0	0
AF	0	0.440350	74	51	23	0	0	0	0
AF	0	0.440662	66	42	24	0	0	0	0
AF	0	0.440974	67	41	26	0	0	0	0
AF	0	0.441287	76	50	26	0	0	0	0
AF	0	0.441599	57	34	23	0	0	0	0
AF	0	0.441911	66	43	23	0	0	0	0
AF	0	0.442224	87	59	28	0	0	0	0
AF	0	0.442536	48	26	22	0	0	0	0
AF	0	0.442848	76	51	25	0	0	0	0
AF	0	0.443161	80	64	16	0	0	0	0
AF	0	0.443473	68	40	28	0	0	0	0
AF	0	0.443785	70	43	27	0	0	0	0
AF	0	0.444097	68	45	23	0	0	0	0
AF	0	0.444410	67	44	23	0	0	0	0
AF	0	0.444722	78	51	27	0	0	0	0
AF	0	0.445034	59	36	23	0	0	0	0
AF	0	0.445347	53	31	22	0	0	0	0
AF	0	0.445659	59	43	16	0	0	0	0
AF	0	0.445971	69	47	22	0	0	0	0
AF	0	0.446284	61	38	23	0	0	0	0
AF	0	0.446596	79	53	26	0	0	0	0
AF	0	0.446908	91	68	23	0	0	0	0
AF	0	0.447220	68	42	26	0	0	0	0
AF	0	0.447533	88	63	25	0	0	0	0
AF	0	0.447845	74	51	23	0	0	0	0
AF	0	0.448157	49	29	20	0	0	0	0
AF	0	0.448470	78	57	21	0	0	0	0
AF	0	0.448782	75	46	29	0	0	0	0
AF	0	0.449094	67	44	23	0	0	0	0
AF	0	0.449407	63	46	17	0	0	0	0
AF	0	0.449719	83	54	29	0	0	0	0
AF	0	0.450031	88	62	26	0	0	0	0
AF	0	0.450344	75	53	22	0	0	0	0
AF	0	0.450656	67	53	14	0	0	0	0
AF	0	0.450968	82	57	25	0	0	0	0
AF	0	0.451280	85	63	22	0	0	0	0
AF	0	0.451593	72	53	19	0	0	0	0
AF	0	0.451905	128	89	39	0	0	0	0
AF	0	0.452217	82	58	24	0	0	0	0
AF	0	0.452530	62	44	18	0	0	0	0
AF	0	0.452842	62	42	20	0	0	0	0
AF	0	0.453154	76	56	20	0	0	0	0
AF	0	0.453467	75	50	25	0	0	0	0
AF	0	0.453779	66	46	20	0	0	0	0
AF	0	0.454091	70	50	20	0	0	0	0
AF	0	0.454403	63	45	18	0	0	0	0
AF	0	0.454716	84	58	26	0	0	0	0
AF	0	0.455028	96	69	27	0	0	0	0
AF	0	0.455340	99	69	30	0	0	0	0
AF	0	0.455653	71	54	17	0	0	0	0
AF	0	0.455965	71	57	14	0	0	0	0
AF	0	0.456277	81	53	28	0	0	0	0
AF	0	0.456590	92	69	23	0	0	0	0
AF	0	0.456902	63	43	20	0	0	0	0
AF	0	0.457214	97	66	31	0	0	0	0
AF	0	0.457527	114	76	38	0	0	0	0
AF	0	0.457839	71	48	23	0	0	0	0
AF	0	0.458151	100	66	34	0	0	0	0
AF	0	0.458463	55	36	19	0	0	0	0
AF	0	0.458776	67	47	20	0	0	0	0
AF	0	0.459088	68	53	15	0	0	0	0
AF	0	0.459400	82	50	32	0	0	0	0
AF	0	0.459713	75	51	24	0	0	0	0
AF	0	0.460025	88	60	28	0	0	0	0
AF	0	0.460337	60	34	26	0	0	0	0
AF	0	0.460650	54	35	19	0	0	0	0
AF	0	0.460962	82	65	17	0	0	0	0
AF	0	0.461274	54	37	17	0	0	0	0
AF	0	0.461587	76	49	27	0	0	0	0
AF	0	0.461899	66	49	17	0	0	0	0
AF	0	0.462211	92	65	27	0	0	0	0
AF	0	0.462523	82	60	22	0	0	0	0
AF	0	0.462836	81	53	28	0	0	0	0
AF	0	0.463148	73	47	26	0	0	0	0
AF	0	0.463460	72	50	22	0	0	0	0
AF	0	0.463773	75	48	27	0	0	0	0
AF	0	0.464085	62	43	19	0	0	0	0
AF	0	0.464397	53	36	17	0	0	0	0
AF	0	0.464710	65	40	25	0	0	0	0
AF	0	0.465022	63	45	18	0	0	0	0
AF	0	0.465334	87	63	24	0	0	0	0
AF	0	0.465646	78	58	20	0	0	0	0
AF	0	0.465959	69	53	16	0	0	0	0
AF	0	0.466271	58	42	16	0	0	0	0
AF	0	0.466583	68	47	21	0	0	0	0
AF	0	0.466896	56	37	19	0	0	0	0
AF	0	0.467208	81	57	24	0	0	0	0
AF	0	0.467520	79	56	23	0	0	0	0
AF	0	0.467833	62	47	15	0	0	0	0
AF	0	0.468145	73	49	24	0	0	0	0
AF	0	0.468457	95	64	31	0	0	0	0
AF	0	0.468770	82	47	35	0	0	0	0
AF	0	0.469082	79	61	18	0	0	0	0
AF	0	0.469394	75	47	28	0	0	0	0
AF	0	0.469706	75	52	23	0	0	0	0
AF	0	0.470019	76	60	16	0	0	0	0
AF	0	0.470331	65	44	21	0	0	0	0
AF	0	0.470643	60	48	12	0	0	0	0
AF	0	0.470956	57	35	22	0	0	0	0
AF	0	0.471268	75	52	23	0	0	0	0
AF	0	0.471580	99	66	33	0	0	0	0
AF	0	0.471893	64	43	21	0	0	0	0
AF	0	0.472205	63	47	16	0	0	0	0
AF	0	0.472517	58	39	19	0	0	0	0
AF	0	0.472829	68	48	20	0	0	0	0
AF	0	0.473142	79	53	26	0	0	0	0
AF	0	0.473454	73	53	20	0	0	0	0
AF	0	0.473766	84	60	24	0	0	0	0
AF	0	0.474079	69	46	23	0	0	0	0
AF	0	0.474391	65	43	22	0	0	0	0
AF	0	0.474703	76	47	29	0	0	0	0
AF	0	0.475016	91	65	26	0	0	0	0
AF	0	0.475328	97	70	27	0	0	0	0
AF	0	0.475640	96	65	31	0	0	0	0
AF	0	0.475953	70	49	21	0	0	0	0
AF	0	0.476265	63	40	23	0	0	0	0
AF	0	0.476577	56	32	24	0	0	0	0
AF	0	0.476889	64	42	22	0	0	0	0
AF	0	0.477202	61	42	19	0	0	0	0
AF	0	0.477514	51	32	19	0	0	0	0
AF	0	0.477826	51	34	17	0	0	0	0
AF	0	0.478139	83	59	24	0	0	0	0
AF	0	0.478451	66	49	17	0	0	0	0
AF	0	0.478763	79	59	20	0	0	0	0
AF	0	0.479076	76	48	28	0	0	0	0
AF	0	0.479388	73	50	23	0	0	0	0
AF	0	0.479700	87	64	23	0	0	0	0
AF	0	0.480012	95	66	29	0	0	0	0
AF	0	0.480325	69	44	25	0	0	0	0
AF	0	0.480637	75	54	21	0	0	0	0
AF	0	0.480949	72	50	22	0	0	0	0
AF	0	0.481262	72	50	22	0	0	0	0
AF	0	0.481574	70	43	27	0	0	0	0
AF	0	0.481886	51	34	17	0	0	0	0
AF	0	0.482199	53	34	19	0	0	0	0
AF	0	0.482511	73	44	29	0	0	0	0
AF	0	0.482823	49	34	15	0	0	0	0
AF	0	0.483136	55	35	20	0	0	0	0
AF	0	0.483448	59	36	23	0	0	0	0
AF	0	0.483760	63	39	24	0	0	0	0
AF	0	0.484072	61	42	19	0	0	0	0
AF	0	0.484385	57	38	19	0	0	0	0
AF	0	0.484697	75	50	25	0	0	0	0
AF	0	0.485009	62	35	27	0	0	0	0
AF	0	0.485322	57	34	23	0	0	0	0
AF	0	0.485634	74	53	21	0	0	0	0
AF	0	0.485946	75	45	30	0	0	0	0
AF	0	0.486259	88	62	26	0	0	0	0
AF	0	0.486571	69	49	20	0	0	0	0
AF	0	0.486883	92	64	28	0	0	0	0
AF	0	0.487196	74	46	28	0	0	0	0
AF	0	0.487508	97	62	35	0	0	0	0
AF	0	0.487820	70	52	18	0	0	0	0
AF	0	0.488132	65	41	24	0	0	0	0
AF	0	0.488445	85	67	18	0	0	0	0
AF	0	0.488757	61	38	23	0	0	0	0
AF	0	0.489069	77	55	22	0	0	0	0
AF	0	0.489382	70	46	24	0	0	0	0
AF	0	0.489694	69	42	27	0	0	0	0
AF	0	0.490006	74	54	20	0	0	0	0
AF	0	0.490319	127	79	48	0	0	0	0
AF	0	0.490631	78	60	18	0	0	0	0
AF	0	0.490943	62	37	25	0	0	0	0
AF	0	0.491255	58	38	20	0	0	0	0
AF	0	0.491568	62	34	28	0	0	0	0
AF	0	0.491880	69	51	18	0	0	0	0
AF	0	0.492192	75	49	26	0	0	0	0
AF	0	0.492505	71	53	18	0	0	0	0
AF	0	0.492817	54	33	21	0	0	0	0
AF	0	0.493129	64	46	18	0	0	0	0
AF	0	0.493442	79	48	31	0	0	0	0
AF	0	0.493754	79	53	26	0	0	0	0
AF	0	0.494066	79	53	26	0	0	0	0
AF	0	0.494379	59	33	26	0	0	0	0
AF	0	0.494691	87	52	35	0	0	0	0
AF	0	0.495003	61	46	15	0	0	0	0
AF	0	0.495315	54	42	12	0	0	0	0
AF	0	0.495628	82	60	22	0	0	0	0
AF	0	0.495940	73	52	21	0	0	0	0
AF	0	0.496252	58	40	18	0	0	0	0
AF	0	0.496565	71	50	21	0	0	0	0
AF	0	0.496877	67	55	12	0	0	0	0
AF	0	0.497189	82	61	21	0	0	0	0
AF	0	0.497502	71	46	25	0	0	0	0
AF	0	0.497814	76	44	32	0	0	0	0
AF	0	0.498126	75	52	23	0	0	0	0
AF	0	0.498438	56	35	21	0	0	0	0
AF	0	0.498751	62	46	16	0	0	0	0
AF	0	0.499063	61	48	13	0	0	0	0
AF	0	0.499375	76	55	21	0	0	0	0
AF	0	0.499688	110	84	26	0	0	0	0
AF	0	0.500000	58	33	25	0	0	0	0
AF	0	0.500312	49	38	11	0	0	0	0
AF	0	0.500625	88	63	25	0	0	0	0
AF	0	0.500937	69	48	21	0	0	0	0
AF	0	0.501249	72	48	24	0	0	0	0
AF	0	0.501562	60	45	15	0	0	0	0
AF	0	0.501874	60	44	16	0	0	0	0
AF	0	0.502186	82	48	34	0	0	0	0
AF	0	0.502498	78	60	18	0	0	0	0
AF	0	0.502811	79	56	23	0	0	0	0
AF	0	0.503123	83	51	32	0	0	0	0
AF	0	0.503435	77	54	23	0	0	0	0
AF	0	0.503748	85	55	30	0	0	0	0
AF	0	0.504060	92	60	32	0	0	0	0
AF	0	0.504372	71	55	16	0	0	0	0
AF	0	0.504685	69	45	24	0	0	0	0
AF	0	0.504997	82	63	19	0	0	0	0
AF	0	0.505309	70	50	20	0	0	0	0
AF	0	0.505621	55	43	12	0	0	0	0
AF	0	0.505934	73	51	22	0	0	0	0
AF	0	0.506246	70	49	21	0	0	0	0
AF	0	0.506558	92	61	31	0	0	0	0
AF	0	0.506871	84	63	21	0	0	0	0
AF	0	0.507183	78	64	14	0	0	0	0
AF	0	0.507495	59	40	19	0	0	0	0
AF	0	0.507808	77	49	28	0	0	0	0
AF	0	0.508120	81	56	25	0	0	0	0
AF	0	0.508432	94	56	38	0	0	0	0
AF	0	0.508745	87	62	25	0	0	0	0
AF	0	0.509057	102	67	35	0	0	0	0
AF	0	0.509369	93	62	31	0	0	0	0
AF	0	0.509681	95	65	30	0	0	0	0
AF	0	0.509994	107	68	39	0	0	0	0
AF	0	0.510306	121	80	41	0	0	0	0
AF	0	0.510618	135	87	48	0	0	0	0
AF	0	0.510931	153	97	56	0	0	0	0
AF	0	0.511243	111	84	27	0	0	0	0
AF	0	0.511555	131	93	38	0	0	0	0
AF	0	0.511868	143	94	49	0	0	0	0
AF	0	0.512180	130	83	47	0	0	0	0
AF	0	0.512492	63	47	16	0	0	0	0
AF	0	0.512804	62	39	23	0	0	0	0
AF	0	0.513117	69	43	26	0	0	0	0
AF	0	0.513429	81	54	27	0	0	0	0
AF	0	0.513741	83	56	27	0	0	0	0
AF	0	0.514054	55	44	11	0	0	0	0
AF	0	0.514366	62	48	14	0	0	0	0
AF	0	0.514678	79	52	27	0	0	0	0
AF	0	0.514991	56	37	19	0	0	0	0
AF	0	0.515303	63	45	18	0	0	0	0
AF	0	0.515615	76	51	25	0	0	0	0
AF	0	0.515928	67	51	16	0	0	0	0
AF	0	0.516240	50	34	16	0	0	0	0
AF	0	0.516552	35	23	12	0	0	0	0
AF	0	0.516864	78	60	18	0	0	0	0
AF	0	0.517177	80	49	31	0	0	0	0
AF	0	0.517489	52	35	17	0	0	0	0
AF	0	0.517801	76	50	26	0	0	0	0
AF	0	0.518114	54	36	18	0	0	0	0
AF	0	0.518426	54	35	19	0	0	0	0
AF	0	0.518738	84	53	31	0	0	0	0
AF	0	0.519051	70	46	24	0	0	0	0
AF	0	0.519363	57	37	20	0	0	0	0
AF	0	0.519675	57	41	16	0	0	0	0
AF	0	0.519988	68	45	23	0	0	0	0
AF	0	0.520300	69	45	24	0	0	0	0
AF	0	0.520612	60	37	23	0	0	0	0
AF	0	0.520924	52	37	15	0	0	0	0
AF	0	0.521237	91	58	33	0	0	0	0
AF	0	0.521549	62	44	18	0	0	0	0
AF	0	0.521861	82	51	31	0	0	0	0
AF	0	0.522174	50	41	9	0	0	0	0
AF	0	0.522486	73	44	29	0	0	0	0
AF	0	0.522798	103	68	35	0	0	0	0
AF	0	0.523111	120	79	41	0	0	0	0
AF	0	0.523423	68	50	18	0	0	0	0
AF	0	0.523735	70	51	19	0	0	0	0
AF	0	0.524047	59	42	17	0	0	0	0
AF	0	0.524360	77	51	26	0	0	0	0
AF	0	0.524672	73	51	22	0	0	0	0
AF	0	0.524984	64	51	13	0	0	0	0
AF	0	0.525297	89	63	26	0	0	0	0
AF	0	0.525609	92	66	26	0	0	0	0
AF	0	0.525921	63	42	21	0	0	0	0
AF	0	0.526234	66	40	26	0	0	0	0
AF	0	0.526546	79	45	34	0	0	0	0
AF	0	0.526858	70	43	27	0	0	0	0
AF	0	0.527171	63	46	17	0	0	0	0
AF	0	0.527483	73	50	23	0	0	0	0
AF	0	0.527795	92	60	32	0	0	0	0
AF	0	0.528107	69	53	16	0	0	0	0
AF	0	0.528420	79	60	19	0	0	0	0
AF	0	0.528732	57	38	19	0	0	0	0
AF	0	0.529044	59	43	16	0	0	0	0
AF	0	0.529357	56	36	20	0	0	0	0
AF	0	0.529669	67	41	26	0	0	0	0
AF	0	0.529981	69	44	25	0	0	0	0
AF	0	0.530294	63	44	19	0	0	0	0
AF	0	0.530606	52	36	16	0	0	0	0
AF	0	0.530918	77	54	23	0	0	0	0
AF	0	0.531230	57	40	17	0	0	0	0
AF	0	0.531543	75	44	31	0	0	0	0
AF	0	0.531855	57	38	19	0	0	0	0
AF	0	0.532167	73	49	24	0	0	0	0
AF	0	0.532480	61	36	25	0	0	0	0
AF	0	0.532792	65	40	25	0	0	0	0
AF	0	0.533104	75	50	25	0	0	0	0
AF	0	0.533417	69	51	18	0	0	0	0
AF	0	0.533729	63	45	18	0	0	0	0
AF	0	0.534041	60	40	20	0	0	0	0
AF	0	0.534354	49	38	11	0	0	0	0
AF	0	0.534666	64	44	20	0	0	0	0
AF	0	0.534978	59	47	12	0	0	0	0
AF	0	0.535290	72	50	22	0	0	0	0
AF	0	0.535603	77	48	29	0	0	0	0
AF	0	0.535915	61	44	17	0	0	0	0
AF	0	0.536227	66	46	20	0	0	0	0
AF	0	0.536540	59	45	14	0	0	0	0
AF	0	0.536852	60	50	10	0	0	0	0
AF	0	0.537164	59	36	23	0	0	0	0
AF	0	0.537477	71	54	17	0	0	0	0
AF	0	0.537789	54	36	18	0	0	0	0
AF	0	0.538101	74	46	28	0	0	0	0
AF	0	0.538413	59	32	27	0	0	0	0
AF	0	0.538726	73	48	25	0	0	0	0
AF	0	0.539038	91	57	34	0	0	0	0
AF	0	0.539350	95	70	25	0	0	0	0
AF	0	0.539663	81	56	25	0	0	0	0
AF	0	0.539975	65	44	21	0	0	0	0
AF	0	0.540287	45	29	16	0	0	0	0
AF	0	0.540600	60	41	19	0	0	0	0
AF	0	0.540912	73	57	16	0	0	0	0
AF	0	0.541224	70	51	19	0	0	0	0
AF	0	0.541537	64	40	24	0	0	0	0
AF	0	0.541849	68	39	29	0	0	0	0
AF	0	0.542161	72	52	20	0	0	0	0
AF	0	0.542473	57	43	14	0	0	0	0
AF	0	0.542786	70	51	19	0	0	0	0
AF	0	0.543098	74	47	27	0	0	0	0
AF	0	0.543410	60	40	20	0	0	0	0
AF	0	0.543723	46	34	12	0	0	0	0
AF	0	0.544035	34	23	11	0	0	0	0
AF	0	0.544347	55	37	18	0	0	0	0
AF	0	0.544660	66	43	23	0	0	0	0
AF	0	0.544972	53	36	17	0	0	0	0
AF	0	0.545284	61	46	15	0	0	0	0
AF	0	0.545597	98	72	26	0	0	0	0
AF	0	0.545909	57	37	20	0	0	0	0
AF	0	0.546221	51	37	14	0	0	0	0
AF	0	0.546533	72	44	28	0	0	0	0
AF	0	0.546846	60	41	19	0	0	0	0
AF	0	0.547158	81	52	29	0	0	0	0
AF	0	0.547470	69	45	24	0	0	0	0
AF	0	0.547783	65	50	15	0	0	0	0
AF	0	0.548095	71	43	28	0	0	0	0
AF	0	0.548407	70	44	26	0	0	0	0
AF	0	0.548720	79	58	21	0	0	0	0
AF	0	0.549032	76	55	21	0	0	0	0
AF	0	0.549344	83	61	22	0	0	0	0
AF	0	0.549656	105	69	36	0	0	0	0
AF	0	0.549969	75	50	25	0	0	0	0
AF	0	0.550281	66	41	25	0	0	0	0
AF	0	0.550593	80	58	22	0	0	0	0
AF	0	0.550906	58	38	20	0	0	0	0
AF	0	0.551218	55	37	18	0	0	0	0
AF	0	0.551530	58	36	22	0	0	0	0
AF	0	0.551843	61	36	25	0	0	0	0
AF	0	0.552155	66	40	26	0	0	0	0
AF	0	0.552467	62	40	22	0	0	0	0
AF	0	0.552780	56	35	21	0	0	0	0
AF	0	0.553092	59	47	12	0	0	0	0
AF	0	0.553404	63	41	22	0	0	0	0
AF	0	0.553716	64	49	15	0	0	0	0
AF	0	0.554029	68	52	16	0	0	0	0
AF	0	0.554341	69	48	21	0	0	0	0
AF	0	0.554653	54	39	15	0	0	0	0
AF	0	0.554966	80	53	27	0	0	0	0
AF	0	0.555278	61	42	19	0	0	0	0
AF	0	0.555590	70	42	28	0	0	0	0
AF	0	0.555903	44	25	19	0	0	0	0
AF	0	0.556215	57	39	18	0	0	0	0
AF	0	0.556527	59	41	18	0	0	0	0
AF	0	0.556839	60	41	19	0	0	0	0
AF	0	0.557152	66	50	16	0	0	0	0
AF	0	0.557464	62	44	18	0	0	0	0
AF	0	0.557776	83	58	25	0	0	0	0
AF	0	0.558089	61	40	21	0	0	0	0
AF	0	0.558401	64	41	23	0	0	0	0
AF	0	0.558713	63	43	20	0	0	0	0
AF	0	0.559026	46	27	19	0	0	0	0
AF	0	0.559338	46	31	15	0	0	0	0
AF	0	0.559650	53	32	21	0	0	0	0
AF	0	0.559963	60	46	14	0	0	0	0
AF	0	0.560275	36	27	9	0	0	0	0
AF	0	0.560587	46	32	14	0	0	0	0
AF	0	0.560899	42	32	10	0	0	0	0
AF	0	0.561212	47	36	11	0	0	0	0
AF	0	0.561524	49	37	12	0	0	0	0
AF	0	0.561836	44	28	16	0	0	0	0
AF	0	0.562149	45	29	16	0	0	0	0
AF	0	0.562461	42	25	17	0	0	0	0
AF	0	0.562773	52	34	18	0	0	0	0
AF	0	0.563086	61	45	16	0	0	0	0
AF	0	0.563398	48	34	14	0	0	0	0
AF	0	0.563710	36	18	18	0	0	0	0
AF	0	0.564022	58	37	21	0	0	0	0
AF	0	0.564335	42	27	15	0	0	0	0
AF	0	0.564647	60	38	22	0	0	0	0
AF	0	0.564959	69	57	12	0	0	0	0
AF	0	0.565272	47	33	14	0	0	0	0
AF	0	0.565584	45	26	19	0	0	0	0
AF	0	0.565896	63	45	18	0	0	0	0
AF	0	0.566209	56	42	14	0	0	0	0
AF	0	0.566521	62	45	17	0	0	0	0
AF	0	0.566833	62	44	18	0	0	0	0
AF	0	0.567146	67	49	18	0	0	0	0
AF	0	0.567458	86	55	31	0	0	0	0
AF	0	0.567770	110	71	39	0	0	0	0
AF	0	0.568082	96	65	31	0	0	0	0
AF	0	0.568395	83	54	29	0	0	0	0
AF	0	0.568707	53	37	16	0	0	0	0
AF	0	0.569019	84	56	28	0	0	0	0
AF	0	0.569332	45	34	11	0	0	0	0
AF	0	0.569644	65	47	18	0	0	0	0
AF	0	0.569956	61	41	20	0	0	0	0
AF	0	0.570269	57	42	15	0	0	0	0
AF	0	0.570581	59	42	17	0	0	0	0
AF	0	0.570893	88	53	35	0	0	0	0
AF	0	0.571205	67	39	28	0	0	0	0
AF	0	0.571518	46	34	12	0	0	0	0
AF	0	0.571830	77	45	32	0	0	0	0
AF	0	0.572142	65	41	24	0	0	0	0
AF	0	0.572455	55	45	10	0	0	0	0
AF	0	0.572767	54	32	22	0	0	0	0
AF	0	0.573079	48	32	16	0	0	0	0
AF	0	0.573392	54	30	24	0	0	0	0
AF	0	0.573704	59	44	15	0	0	0	0
AF	0	0.574016	40	29	11	0	0	0	0
AF	0	0.574329	46	34	12	0	0	0	0
AF	0	0.574641	59	38	21	0	0	0	0
AF	0	0.574953	71	49	22	0	0	0	0
AF	0	0.575265	77	46	31	0	0	0	0
AF	0	0.575578	73	51	22	0	0	0	0
AF	0	0.575890	51	33	18	0	0	0	0
AF	0	0.576202	57	43	14	0	0	0	0
AF	0	0.576515	38	27	11	0	0	0	0
AF	0	0.576827	63	43	20	0	0	0	0
AF	0	0.577139	65	47	18	0	0	0	0
AF	0	0.577452	64	42	22	0	0	0	0
AF	0	0.577764	55	38	17	0	0	0	0
AF	0	0.578076	53	39	14	0	0	0	0
AF	0	0.578389	76	53	23	0	0	0	0
AF	0	0.578701	72	54	18	0	0	0	0
AF	0	0.579013	65	49	16	0	0	0	0
AF	0	0.579325	60	38	22	0	0	0	0
AF	0	0.579638	80	51	29	0	0	0	0
AF	0	0.579950	53	39	14	0	0	0	0
AF	0	0.580262	52	36	16	0	0	0	0
AF	0	0.580575	94	69	25	0	0	0	0
AF	0	0.580887	59	38	21	0	0	0	0
AF	0	0.581199	58	42	16	0	0	0	0
AF	0	0.581512	88	67	21	0	0	0	0
AF	0	0.581824	71	51	20	0	0	0	0
AF	0	0.582136	73	45	28	0	0	0	0
AF	0	0.582448	74	51	23	0	0	0	0
AF	0	0.582761	65	43	22	0	0	0	0
AF	0	0.583073	78	53	25	0	0	0	0
AF	0	0.583385	90	61	29	0	0	0	0
AF	0	0.583698	80	61	19	0	0	0	0
AF	0	0.584010	65	47	18	0	0	0	0
AF	0	0.584322	68	43	25	0	0	0	0
AF	0	0.584635	54	32	22	0	0	0	0
AF	0	0.584947	58	42	16	0	0	0	0
AF	0	0.585259	68	48	20	0	0	0	0
AF	0	0.585572	48	36	12	0	0	0	0
AF	0	0.585884	58	43	15	0	0	0	0
AF	0	0.586196	62	44	18	0	0	0	0
AF	0	0.586508	88	62	26	0	0	0	0
AF	0	0.586821	58	37	21	0	0	0	0
AF	0	0.587133	54	40	14	0	0	0	0
AF	0	0.587445	87	60	27	0	0	0	0
AF	0	0.587758	73	46	27	0	0	0	0
AF	0	0.588070	59	40	19	0	0	0	0
AF	0	0.588382	53	34	19	0	0	0	0
AF	0	0.588695	54	38	16	0	0	0	0
AF	0	0.589007	48	35	13	0	0	0	0
AF	0	0.589319	73	48	25	0	0	0	0
AF	0	0.589631	68	37	31	0	0	0	0
AF	0	0.589944	42	34	8	0	0	0	0
AF	0	0.590256	84	60	24	0	0	0	0
AF	0	0.590568	69	44	25	0	0	0	0
AF	0	0.590881	64	45	19	0	0	0	0
AF	0	0.591193	72	49	23	0	0	0	0
AF	0	0.591505	51	36	15	0	0	0	0
AF	0	0.591818	54	36	18	0	0	0	0
AF	0	0.592130	57	36	21	0	0	0	0
AF	0	0.592442	66	47	19	0	0	0	0
AF	0	0.592755	61	38	23	0	0	0	0
AF	0	0.593067	45	35	10	0	0	0	0
AF	0	0.593379	65	44	21	0	0	0	0
AF	0	0.593691	41	28	13	0	0	0	0
AF	0	0.594004	54	35	19	0	0	0	0
AF	0	0.594316	56	41	15	0	0	0	0
AF	0	0.594628	52	35	17	0	0	0	0
AF	0	0.594941	55	43	12	0	0	0	0
AF	0	0.595253	61	36	25	0	0	0	0
AF	0	0.595565	90	54	36	0	0	0	0
AF	0	0.595878	62	42	20	0	0	0	0
AF	0	0.596190	55	41	14	0	0	0	0
AF	0	0.596502	52	32	20	0	0	0	0
AF	0	0.596814	61	40	21	0	0	0	0
AF	0	0.597127	66	47	19	0	0	0	0
AF	0	0.597439	80	58	22	0	0	0	0
AF	0	0.597751	85	57	28	0	0	0	0
AF	0	0.598064	98	65	33	0	0	0	0
AF	0	0.598376	90	64	26	0	0	0	0
AF	0	0.598688	43	36	7	0	0	0	0
AF	0	0.599001	47	33	14	0	0	0	0
AF	0	0.599313	64	41	23	0	0	0	0
AF	0	0.599625	63	39	24	0	0	0	0
AF	0	0.599938	57	42	15	0	0	0	0
AF	0	0.600250	69	44	25	0	0	0	0
AF	0	0.600562	74	51	23	0	0	0	0
AF	0	0.600874	57	37	20	0	0	0	0
AF	0	0.601187	52	34	18	0	0	0	0
AF	0	0.601499	59	42	17	0	0	0	0
AF	0	0.601811	59	41	18	0	0	0	0
AF	0	0.602124	78	47	31	0	0	0	0
AF	0	0.602436	64	44	20	0	0	0	0
AF	0	0.602748	45	30	15	0	0	0	0
AF	0	0.603061	54	39	15	0	0	0	0
AF	0	0.603373	44	33	11	0	0	0	0
AF	0	0.603685	42	28	14	0	0	0	0
AF	0	0.603998	51	37	14	0	0	0	0
AF	0	0.604310	53	41	12	0	0	0	0
AF	0	0.604622	57	39	18	0	0	0	0
AF	0	0.604934	56	42	14	0	0	0	0
AF	0	0.605247	59	46	13	0	0	0	0
AF	0	0.605559	80	55	25	0	0	0	0
AF	0	0.605871	53	38	15	0	0	0	0
AF	0	0.606184	50	32	18	0	0	0	0
AF	0	0.606496	75	55	20	0	0	0	0
AF	0	0.606808	73	55	18	0	0	0	0
AF	0	0.607121	58	34	24	0	0	0	0
AF	0	0.607433	51	39	12	0	0	0	0
AF	0	0.607745	49	33	16	0	0	0	0
AF	0	0.608057	53	32	21	0	0	0	0
AF	0	0.608370	77	52	25	0	0	0	0
AF	0	0.608682	67	44	23	0	0	0	0
AF	0	0.608994	55	42	13	0	0	0	0
AF	0	0.609307	58	43	15	0	0	0	0
AF	0	0.609619	67	44	23	0	0	0	0
AF	0	0.609931	86	57	29	0	0	0	0
AF	0	0.610244	60	44	16	0	0	0	0
AF	0	0.610556	59	37	22	0	0	0	0
AF	0	0.610868	49	39	10	0	0	0	0
AF	0	0.611181	47	30	17	0	0	0	0
AF	0	0.611493	59	42	17	0	0	0	0
AF	0	0.611805	68	54	14	0	0	0	0
AF	0	0.612117	57	33	24	0	0	0	0
AF	0	0.612430	73	42	31	0	0	0	0
AF	0	0.612742	108	73	35	0	0	0	0
AF	0	0.613054	53	38	15	0	0	0	0
AF	0	0.613367	54	38	16	0	0	0	0
AF	0	0.613679	62	40	22	0	0	0	0
AF	0	0.613991	66	44	22	0	0	0	0
AF	0	0.614304	70	45	25	0	0	0	0
AF	0	0.614616	87	64	23	0	0	0	0
AF	0	0.614928	61	41	20	0	0	0	0
AF	0	0.615240	55	36	19	0	0	0	0
AF	0	0.615553	59	40	19	0	0	0	0
AF	0	0.615865	55	39	16	0	0	0	0
AF	0	0.616177	79	56	23	0	0	0	0
AF	0	0.616490	54	36	18	0	0	0	0
AF	0	0.616802	64	43	21	0	0	0	0
AF	0	0.617114	55	37	18	0	0	0	0
AF	0	0.617427	61	39	22	0	0	0	0
AF	0	0.617739	50	34	16	0	0	0	0
AF	0	0.618051	59	35	24	0	0	0	0
AF	0	0.618364	48	31	17	0	0	0	0
AF	0	0.618676	66	47	19	0	0	0	0
AF	0	0.618988	58	37	21	0	0	0	0
AF	0	0.619300	46	32	14	0	0	0	0
AF	0	0.619613	48	33	15	0	0	0	0
AF	0	0.619925	56	29	27	0	0	0	0
AF	0	0.620237	63	45	18	0	0	0	0
AF	0	0.620550	69	42	27	0	0	0	0
AF	0	0.620862	60	42	18	0	0	0	0
AF	0	0.621174	54	38	16	0	0	0	0
AF	0	0.621487	67	42	25	0	0	0	0
AF	0	0.621799	70	40	30	0	0	0	0
AF	0	0.622111	48	29	19	0	0	0	0
AF	0	0.622423	69	49	20	0	0	0	0
AF	0	0.622736	71	45	26	0	0	0	0
AF	0	0.623048	100	76	24	0	0	0	0
AF	0	0.623360	81	53	28	0	0	0	0
AF	0	0.623673	61	43	18	0	0	0	0
AF	0	0.623985	76	52	24	0	0	0	0
AF	0	0.624297	62	42	20	0	0	0	0
AF	0	0.624610	53	40	13	0	0	0	0
AF	0	0.624922	66	37	29	0	0	0	0
AF	0	0.625234	51	38	13	0	0	0	0
AF	0	0.625547	74	48	26	0	0	0	0
AF	0	0.625859	69	50	19	0	0	0	0
AF	0	0.626171	62	43	19	0	0	0	0
AF	0	0.626483	42	29	13	0	0	0	0
AF	0	0.626796	60	39	21	0	0	0	0
AF	0	0.627108	58	41	17	0	0	0	0
AF	0	0.627420	55	47	8	0	0	0	0
AF	0	0.627733	64	42	22	0	0	0	0
AF	0	0.628045	56	36	20	0	0	0	0
AF	0	0.628357	57	36	21	0	0	0	0
AF	0	0.628670	48	35	13	0	0	0	0
AF	0	0.628982	57	35	22	0	0	0	0
AF	0	0.629294	61	45	16	0	0	0	0
AF	0	0.629606	54	34	20	0	0	0	0
AF	0	0.629919	58	45	13	0	0	0	0
AF	0	0.630231	49	35	14	0	0	0	0
AF	0	0.630543	53	40	13	0	0	0	0
AF	0	0.630856	53	36	17	0	0	0	0
AF	0	0.631168	62	42	20	0	0	0	0
AF	0	0.631480	66	48	18	0	0	0	0
AF	0	0.631793	90	64	26	0	0	0	0
AF	0	0.632105	60	47	13	0	0	0	0
AF	0	0.632417	57	37	20	0	0	0	0
AF	0	0.632730	45	32	13	0	0	0	0
AF	0	0.633042	49	31	18	0	0	0	0
AF	0	0.633354	46	34	12	0	0	0	0
AF	0	0.633666	44	30	14	0	0	0	0
AF	0	0.633979	55	35	20	0	0	0	0
AF	0	0.634291	46	32	14	0	0	0	0
AF	0	0.634603	49	35	14	0	0	0	0
AF	0	0.634916	57	37	20	0	0	0	0
AF	0	0.635228	53	38	15	0	0	0	0
AF	0	0.635540	54	40	14	0	0	0	0
AF	0	0.635853	53	34	19	0	0	0	0
AF	0	0.636165	58	44	14	0	0	0	0
AF	0	0.636477	55	40	15	0	0	0	0
AF	0	0.636790	76	53	23	0	0	0	0
AF	0	0.637102	56	37	19	0	0	0	0
AF	0	0.637414	66	44	22	0	0	0	0
AF	0	0.637726	55	31	24	0	0	0	0
AF	0	0.638039	50	25	25	0	0	0	0
AF	0	0.638351	63	46	17	0	0	0	0
AF	0	0.638663	65	46	19	0	0	0	0
AF	0	0.638976	51	32	19	0	0	0	0
AF	0	0.639288	65	50	15	0	0	0	0
AF	0	0.639600	55	41	14	0	0	0	0
AF	0	0.639913	47	32	15	0	0	0	0
AF	0	0.640225	53	36	17	0	0	0	0
AF	0	0.640537	59	38	21	0	0	0	0
AF	0	0.640849	82	55	27	0	0	0	0
AF	0	0.641162	65	50	15	0	0	0	0
AF	0	0.641474	70	52	18	0	0	0	0
AF	0	0.641786	53	37	16	0	0	0	0
AF	0	0.642099	56	36	20	0	0	0	0
AF	0	0.642411	50	35	15	0	0	0	0
AF	0	0.642723	60	40	20	0	0	0	0
AF	0	0.643036	64	45	19	0	0	0	0
AF	0	0.643348	64	44	20	0	0	0	0
AF	0	0.643660	57	42	15	0	0	0	0
AF	0	0.643973	57	37	20	0	0	0	0
AF	0	0.644285	41	35	6	0	0	0	0
AF	0	0.644597	47	36	11	0	0	0	0
AF	0	0.644909	53	36	17	0	0	0	0
AF	0	0.645222	60	37	23	0	0	0	0
AF	0	0.645534	54	35	19	0	0	0	0
AF	0	0.645846	50	36	14	0	0	0	0
AF	0	0.646159	62	41	21	0	0	0	0
AF	0	0.646471	64	50	14	0	0	0	0
AF	0	0.646783	47	34	13	0	0	0	0
AF	0	0.647096	58	42	16	0	0	0	0
AF	0	0.647408	69	54	15	0	0	0	0
AF	0	0.647720	53	39	14	0	0	0	0
AF	0	0.648032	70	46	24	0	0	0	0
AF	0	0.648345	69	46	23	0	0	0	0
AF	0	0.648657	49	38	11	0	0	0	0
AF	0	0.648969	42	28	14	0	0	0	0
AF	0	0.649282	63	44	19	0	0	0	0
AF	0	0.649594	57	39	18	0	0	0	0
AF	0	0.649906	40	28	12	0	0	0	0
AF	0	0.650219	54	41	13	0	0	0	0
AF	0	0.650531	32	19	13	0	0	0	0
AF	0	0.650843	45	31	14	0	0	0	0
AF	0	0.651156	75	56	19	0	0	0	0
AF	0	0.651468	42	28	14	0	0	0	0
AF	0	0.651780	56	40	16	0	0	0	0
AF	0	0.652092	56	40	16	0	0	0	0
AF	0	0.652405	45	31	14	0	0	0	0
AF	0	0.652717	54	40	14	0	0	0	0
AF	0	0.653029	66	43	23	0	0	0	0
AF	0	0.653342	46	32	14	0	0	0	0
AF	0	0.653654	48	33	15	0	0	0	0
AF	0	0.653966	74	45	29	0	0	0	0
AF	0	0.654279	52	35	17	0	0	0	0
AF	0	0.654591	56	38	18	0	0	0	0
AF	0	0.654903	60	37	23	0	0	0	0
AF	0	0.655215	38	25	13	0	0	0	0
AF	0	0.655528	65	41	24	0	0	0	0
AF	0	0.655840	70	51	19	0	0	0	0
AF	0	0.656152	51	33	18	0	0	0	0
AF	0	0.656465	57	40	17	0	0	0	0
AF	0	0.656777	59	40	19	0	0	0	0
AF	0	0.657089	45	33	12	0	0	0	0
AF	0	0.657402	47	34	13	0	0	0	0
AF	0	0.657714	49	37	12	0	0	0	0
AF	0	0.658026	51	32	19	0	0	0	0
AF	0	0.658339	75	49	26	0	0	0	0
AF	0	0.658651	55	37	18	0	0	0	0
AF	0	0.658963	52	37	15	0	0	0	0
AF	0	0.659275	70	46	24	0	0	0	0
AF	0	0.659588	50	30	20	0	0	0	0
AF	0	0.659900	54	36	18	0	0	0	0
AF	0	0.660212	39	28	11	0	0	0	0
AF	0	0.660525	46	30	16	0	0	0	0
AF	0	0.660837	50	37	13	0	0	0	0
AF	0	0.661149	48	33	15	0	0	0	0
AF	0	0.661462	44	31	13	0	0	0	0
AF	0	0.661774	60	40	20	0	0	0	0
AF	0	0.662086	42	29	13	0	0	0	0
AF	0	0.662399	52	37	15	0	0	0	0
AF	0	0.662711	63	38	25	0	0	0	0
AF	0	0.663023	48	31	17	0	0	0	0
AF	0	0.663335	58	40	18	0	0	0	0
AF	0	0.663648	48	36	12	0	0	0	0
AF	0	0.663960	58	37	21	0	0	0	0
AF	0	0.664272	53	33	20	0	0	0	0
AF	0	0.664585	39	23	16	0	0	0	0
AF	0	0.664897	54	36	18	0	0	0	0
AF	0	0.665209	40	27	13	0	0	0	0
AF	0	0.665522	52	36	16	0	0	0	0
AF	0	0.665834	71	52	19	0	0	0	0
AF	0	0.666146	70	54	16	0	0	0	0
AF	0	0.666458	50	33	17	0	0	0	0
AF	0	0.666771	44	32	12	0	0	0	0
AF	0	0.667083	39	26	13	0	0	0	0
AF	0	0.667395	44	36	8	0	0	0	0
AF	0	0.667708	43	31	12	0	0	0	0
AF	0	0.668020	42	30	12	0	0	0	0
AF	0	0.668332	71	42	29	0	0	0	0
AF	0	0.668645	40	28	12	0	0	0	0
AF	0	0.668957	54	37	17	0	0	0	0
AF	0	0.669269	46	32	14	0	0	0	0
AF	0	0.669582	64	47	17	0	0	0	0
AF	0	0.669894	55	33	22	0	0	0	0
AF	0	0.670206	45	30	15	0	0	0	0
AF	0	0.670518	56	41	15	0	0	0	0
AF	0	0.670831	46	29	17	0	0	0	0
AF	0	0.671143	46	32	14	0	0	0	0
AF	0	0.671455	53	37	16	0	0	0	0
AF	0	0.671768	61	43	18	0	0	0	0
AF	0	0.672080	58	35	23	0	0	0	0
AF	0	0.672392	66	53	13	0	0	0	0
AF	0	0.672705	61	46	15	0	0	0	0
AF	0	0.673017	57	36	21	0	0	0	0
AF	0	0.673329	61	43	18	0	0	0	0
AF	0	0.673641	52	29	23	0	0	0	0
AF	0	0.673954	54	37	17	0	0	0	0
AF	0	0.674266	54	38	16	0	0	0	0
AF	0	0.674578	54	32	22	0	0	0	0
AF	0	0.674891	44	29	15	0	0	0	0
AF	0	0.675203	60	40	20	0	0	0	0
AF	0	0.675515	38	24	14	0	0	0	0
AF	0	0.675828	40	26	14	0	0	0	0
AF	0	0.676140	51	38	13	0	0	0	0
AF	0	0.676452	49	35	14	0	0	0	0
AF	0	0.676765	32	24	8	0	0	0	0
AF	0	0.677077	50	37	13	0	0	0	0
AF	0	0.677389	50	35	15	0	0	0	0
AF	0	0.677701	59	41	18	0	0	0	0
AF	0	0.678014	35	23	12	0	0	0	0
AF	0	0.678326	64	49	15	0	0	0	0
AF	0	0.678638	60	47	13	0	0	0	0
AF	0	0.678951	71	49	22	0	0	0	0
AF	0	0.679263	69	46	23	0	0	0	0
AF	0	0.679575	57	43	14	0	0	0	0
AF	0	0.679888	78	57	21	0	0	0	0
AF	0	0.680200	61	38	23	0	0	0	0
AF	0	0.680512	51	35	16	0	0	0	0
AF	0	0.680824	45	30	15	0	0	0	0
AF	0	0.681137	65	45	20	0	0	0	0
AF	0	0.681449	57	37	20	0	0	0	0
AF	0	0.681761	41	25	16	0	0	0	0
AF	0	0.682074	61	39	22	0	0	0	0
AF	0	0.682386	54	40	14	0	0	0	0
AF	0	0.682698	78	53	25	0	0	0	0
AF	0	0.683011	57	38	19	0	0	0	0
AF	0	0.683323	32	25	7	0	0	0	0
AF	0	0.683635	46	30	16	0	0	0	0
AF	0	0.683948	37	26	11	0	0	0	0
AF	0	0.684260	45	28	17	0	0	0	0
AF	0	0.684572	72	50	22	0	0	0	0
AF	0	0.684884	56	42	14	0	0	0	0
AF	0	0.685197	37	26	11	0	0	0	0
AF	0	0.685509	38	23	15	0	0	0	0
AF	0	0.685821	40	26	14	0	0	0	0
AF	0	0.686134	43	25	18	0	0	0	0
AF	0	0.686446	26	19	7	0	0	0	0
AF	0	0.686758	37	24	13	0	0	0	0
AF	0	0.687071	52	38	14	0	0	0	0
AF	0	0.687383	45	27	18	0	0	0	0
AF	0	0.687695	61	41	20	0	0	0	0
AF	0	0.688007	62	50	12	0	0	0	0
AF	0	0.688320	69	53	16	0	0	0	0
AF	0	0.688632	53	37	16	0	0	0	0
AF	0	0.688944	50	29	21	0	0	0	0
AF	0	0.689257	61	42	19	0	0	0	0
AF	0	0.689569	56	42	14	0	0	0	0
AF	0	0.689881	64	40	24	0	0	0	0
AF	0	0.690194	54	38	16	0	0	0	0
AF	0	0.690506	66	44	22	0	0	0	0
AF	0	0.690818	48	30	18	0	0	0	0
AF	0	0.691131	34	23	11	0	0	0	0
AF	0	0.691443	89	62	27	0	0	0	0
AF	0	0.691755	56	38	18	0	0	0	0
AF	0	0.692067	57	39	18	0	0	0	0
AF	0	0.692380	73	48	25	0	0	0	0
AF	0	0.692692	57	35	22	0	0	0	0
AF	0	0.693004	52	39	13	0	0	0	0
AF	0	0.693317	67	43	24	0	0	0	0
AF	0	0.693629	59	36	23	0	0	0	0
AF	0	0.693941	54	39	15	0	0	0	0
AF	0	0.694254	66	41	25	0	0	0	0
AF	0	0.694566	49	30	19	0	0	0	0
AF	0	0.694878	50	37	13	0	0	0	0
AF	0	0.695191	65	42	23	0	0	0	0
AF	0	0.695503	131	97	34	0	0	0	0
AF	0	0.695815	115	73	42	0	0	0	0
AF	0	0.696127	88	64	24	0	0	0	0
AF	0	0.696440	70	40	30	0	0	0	0
AF	0	0.696752	68	50	18	0	0	0	0
AF	0	0.697064	57	43	14	0	0	0	0
AF	0	0.697377	43	29	14	0	0	0	0
AF	0	0.697689	56	33	23	0	0	0	0
AF	0	0.698001	96	75	21	0	0	0	0
AF	0	0.698314	88	62	26	0	0	0	0
AF	0	0.698626	77	54	23	0	0	0	0
AF	0	0.698938	47	37	10	0	0	0	0
AF	0	0.699250	48	40	8	0	0	0	0
AF	0	0.699563	42	23	19	0	0	0	0
AF	0	0.699875	42	30	12	0	0	0	0
AF	0	0.700187	94	61	33	0	0	0	0
AF	0	0.700500	78	51	27	0	0	0	0
AF	0	0.700812	47	30	17	0	0	0	0
AF	0	0.701124	40	29	11	0	0	0	0
AF	0	0.701437	41	27	14	0	0	0	0
AF	0	0.701749	49	34	15	0	0	0	0
AF	0	0.702061	36	29	7	0	0	0	0
AF	0	0.702374	58	36	22	0	0	0	0
AF	0	0.702686	50	37	13	0	0	0	0
AF	0	0.702998	64	41	23	0	0	0	0
AF	0	0.703310	49	33	16	0	0	0	0
AF	0	0.703623	34	26	8	0	0	0	0
AF	0	0.703935	45	23	22	0	0	0	0
AF	0	0.704247	44	21	23	0	0	0	0
AF	0	0.704560	35	21	14	0	0	0	0
AF	0	0.704872	50	32	18	0	0	0	0
AF	0	0.705184	34	27	7	0	0	0	0
AF	0	0.705497	42	27	15	0	0	0	0
AF	0	0.705809	55	39	16	0	0	0	0
AF	0	0.706121	31	23	8	0	0	0	0
AF	0	0.706433	53	35	18	0	0	0	0
AF	0	0.706746	55	38	17	0	0	0	0
AF	0	0.707058	34	26	8	0	0	0	0
AF	0	0.707370	34	21	13	0	0	0	0
AF	0	0.707683	54	38	16	0	0	0	0
AF	0	0.707995	80	59	21	0	0	0	0
AF	0	0.708307	86	59	27	0	0	0	0
AF	0	0.708620	58	45	13	0	0	0	0
AF	0	0.708932	44	30	14	0	0	0	0
AF	0	0.709244	61	40	21	0	0	0	0
AF	0	0.709557	43	31	12	0	0	0	0
AF	0	0.709869	45	26	19	0	0	0	0
AF	0	0.710181	51	33	18	0	0	0	0
AF	0	0.710493	47	30	17	0	0	0	0
AF	0	0.710806	66	42	24	0	0	0	0
AF	0	0.711118	38	30	8	0	0	0	0
AF	0	0.711430	47	27	20	0	0	0	0
AF	0	0.711743	50	36	14	0	0	0	0
AF	0	0.712055	47	30	17	0	0	0	0
AF	0	0.712367	47	33	14	0	0	0	0
AF	0	0.712680	61	41	20	0	0	0	0
AF	0	0.712992	63	51	12	0	0	0	0
AF	0	0.713304	52	27	25	0	0	0	0
AF	0	0.713616	62	44	18	0	0	0	0
AF	0	0.713929	53	33	20	0	0	0	0
AF	0	0.714241	42	31	11	0	0	0	0
AF	0	0.714553	48	30	18	0	0	0	0
AF	0	0.714866	39	28	11	0	0	0	0
AF	0	0.715178	49	35	14	0	0	0	0
AF	0	0.715490	49	34	15	0	0	0	0
AF	0	0.715803	47	28	19	0	0	0	0
AF	0	0.716115	35	19	16	0	0	0	0
AF	0	0.716427	41	28	13	0	0	0	0
AF	0	0.716740	36	28	8	0	0	0	0
AF	0	0.717052	42	29	13	0	0	0	0
AF	0	0.717364	31	17	14	0	0	0	0
AF	0	0.717676	45	33	12	0	0	0	0
AF	0	0.717989	44	37	7	0	0	0	0
AF	0	0.718301	35	23	12	0	0	0	0
AF	0	0.718613	48	29	19	0	0	0	0
AF	0	0.718926	44	35	9	0	0	0	0
AF	0	0.719238	49	38	11	0	0	0	0
AF	0	0.719550	51	40	11	0	0	0	0
AF	0	0.719863	54	31	23	0	0	0	0
AF	0	0.720175	50	42	8	0	0	0	0
AF	0	0.720487	49	34	15	0	0	0	0
AF	0	0.720800	49	36	13	0	0	0	0
AF	0	0.721112	56	34	22	0	0	0	0
AF	0	0.721424	58	37	21	0	0	0	0
AF	0	0.721736	67	45	22	0	0	0	0
AF	0	0.722049	57	39	18	0	0	0	0
AF	0	0.722361	35	23	12	0	0	0	0
AF	0	0.722673	43	29	14	0	0	0	0
AF	0	0.722986	52	39	13	0	0	0	0
AF	0	0.723298	53	33	20	0	0	0	0
AF	0	0.723610	63	49	14	0	0	0	0
AF	0	0.723923	57	42	15	0	0	0	0
AF	0	0.724235	53	44	9	0	0	0	0
AF	0	0.724547	50	34	16	0	0	0	0
AF	0	0.724859	42	32	10	0	0	0	0
AF	0	0.725172	54	34	20	0	0	0	0
AF	0	0.725484	45	25	20	0	0	0	0
AF	0	0.725796	43	31	12	0	0	0	0
AF	0	0.726109	45	30	15	0	0	0	0
AF	0	0.726421	41	29	12	0	0	0	0
AF	0	0.726733	44	30	14	0	0	0	0
AF	0	0.727046	47	31	16	0	0	0	0
AF	0	0.727358	46	27	19	0	0	0	0
AF	0	0.727670	39	27	12	0	0	0	0
AF	0	0.727983	63	43	20	0	0	0	0
AF	0	0.728295	50	32	18	0	0	0	0
AF	0	0.728607	56	42	14	0	0	0	0
AF	0	0.728919	64	45	19	0	0	0	0
AF	0	0.729232	63	39	24	0	0	0	0
AF	0	0.729544	37	27	10	0	0	0	0
AF	0	0.729856	43	28	15	0	0	0	0
AF	0	0.730169	48	36	12	0	0	0	0
AF	0	0.730481	47	29	18	0	0	0	0
AF	0	0.730793	54	40	14	0	0	0	0
AF	0	0.731106	53	30	23	0	0	0	0
AF	0	0.731418	63	37	26	0	0	0	0
AF	0	0.731730	65	48	17	0	0	0	0
AF	0	0.732042	53	36	17	0	0	0	0
AF	0	0.732355	52	37	15	0	0	0	0
AF	0	0.732667	42	26	16	0	0	0	0
AF	0	0.732979	38	23	15	0	0	0	0
AF	0	0.733292	39	28	11	0	0	0	0
AF	0	0.733604	50	36	14	0	0	0	0
AF	0	0.733916	39	29	10	0	0	0	0
AF	0	0.734229	41	24	17	0	0	0	0
AF	0	0.734541	56	36	20	0	0	0	0
AF	0	0.734853	36	25	11	0	0	0	0
AF	0	0.735166	51	34	17	0	0	0	0
AF	0	0.735478	40	28	12	0	0	0	0
AF	0	0.735790	68	45	23	0	0	0	0
AF	0	0.736102	53	31	22	0	0	0	0
AF	0	0.736415	46	35	11	0	0	0	0
AF	0	0.736727	50	29	21	0	0	0	0
AF	0	0.737039	47	32	15	0	0	0	0
AF	0	0.737352	51	34	17	0	0	0	0
AF	0	0.737664	43	33	10	0	0	0	0
AF	0	0.737976	50	38	12	0	0	0	0
AF	0	0.738289	43	30	13	0	0	0	0
AF	0	0.738601	47	37	10	0	0	0	0
AF	0	0.738913	82	53	29	0	0	0	0
AF	0	0.739225	56	41	15	0	0	0	0
AF	0	0.739538	60	40	20	0	0	0	0
AF	0	0.739850	52	38	14	0	0	0	0
AF	0	0.740162	61	41	20	0	0	0	0
AF	0	0.740475	56	38	18	0	0	0	0
AF	0	0.740787	49	32	17	0	0	0	0
AF	0	0.741099	43	31	12	0	0	0	0
AF	0	0.741412	40	28	12	0	0	0	0
AF	0	0.741724	35	23	12	0	0	0	0
AF	0	0.742036	37	23	14	0	0	0	0
AF	0	0.742349	39	26	13	0	0	0	0
AF	0	0.742661	38	22	16	0	0	0	0
AF	0	0.742973	42	25	17	0	0	0	0
AF	0	0.743285	39	27	12	0	0	0	0
AF	0	0.743598	39	29	10	0	0	0	0
AF	0	0.743910	44	32	12	0	0	0	0
AF	0	0.744222	50	36	14	0	0	0	0
AF	0	0.744535	44	30	14	0	0	0	0
AF	0	0.744847	74	58	16	0	0	0	0
AF	0	0.745159	80	56	24	0	0	0	0
AF	0	0.745472	42	30	12	0	0	0	0
AF	0	0.745784	40	19	21	0	0	0	0
AF	0	0.746096	62	41	21	0	0	0	0
AF	0	0.746408	42	31	11	0	0	0	0
AF	0	0.746721	39	27	12	0	0	0	0
AF	0	0.747033	45	34	11	0	0	0	0
AF	0	0.747345	47	31	16	0	0	0	0
AF	0	0.747658	47	30	17	0	0	0	0
AF	0	0.747970	47	35	12	0	0	0	0
AF	0	0.748282	35	25	10	0	0	0	0
AF	0	0.748595	49	34	15	0	0	0	0
AF	0	0.748907	56	37	19	0	0	0	0
AF	0	0.749219	31	19	12	0	0	0	0
AF	0	0.749532	46	32	14	0	0	0	0
AF	0	0.749844	46	38	8	0	0	0	0
AF	0	0.750156	39	22	17	0	0	0	0
AF	0	0.750468	47	33	14	0	0	0	0
AF	0	0.750781	36	27	9	0	0	0	0
AF	0	0.751093	42	29	13	0	0	0	0
AF	0	0.751405	55	35	20	0	0	0	0
AF	0	0.751718	72	48	24	0	0	0	0
AF	0	0.752030	73	52	21	0	0	0	0
AF	0	0.752342	93	64	29	0	0	0	0
AF	0	0.752655	90	53	37	0	0	0	0
AF	0	0.752967	68	44	24	0	0	0	0
AF	0	0.753279	54	33	21	0	0	0	0
AF	0	0.753592	41	31	10	0	0	0	0
AF	0	0.753904	28	20	8	0	0	0	0
AF	0	0.754216	35	24	11	0	0	0	0
AF	0	0.754528	41	25	16	0	0	0	0
AF	0	0.754841	47	30	17	0	0	0	0
AF	0	0.755153	65	46	19	0	0	0	0
AF	0	0.755465	46	31	15	0	0	0	0
AF	0	0.755778	77	50	27	0	0	0	0
AF	0	0.756090	42	29	13	0	0	0	0
AF	0	0.756402	43	26	17	0	0	0	0
AF	0	0.756715	70	51	19	0	0	0	0
AF	0	0.757027	45	30	15	0	0	0	0
AF	0	0.757339	45	30	15	0	0	0	0
AF	0	0.757651	59	39	20	0	0	0	0
AF	0	0.757964	46	31	15	0	0	0	0
AF	0	0.758276	42	29	13	0	0	0	0
AF	0	0.758588	68	46	22	0	0	0	0
AF	0	0.758901	48	30	18	0	0	0	0
AF	0	0.759213	59	44	15	0	0	0	0
AF	0	0.759525	64	40	24	0	0	0	0
AF	0	0.759838	36	24	12	0	0	0	0
AF	0	0.760150	42	33	9	0	0	0	0
AF	0	0.760462	50	34	16	0	0	0	0
AF	0	0.760775	65	48	17	0	0	0	0
AF	0	0.761087	74	46	28	0	0	0	0
AF	0	0.761399	70	53	17	0	0	0	0
AF	0	0.761711	48	33	15	0	0	0	0
AF	0	0.762024	42	28	14	0	0	0	0
AF	0	0.762336	48	38	10	0	0	0	0
AF	0	0.762648	43	28	15	0	0	0	0
AF	0	0.762961	46	38	8	0	0	0	0
AF	0	0.763273	38	26	12	0	0	0	0
AF	0	0.763585	48	29	19	0	0	0	0
AF	0	0.763898	51	28	23	0	0	0	0
AF	0	0.764210	50	33	17	0	0	0	0
AF	0	0.764522	34	26	8	0	0	0	0
AF	0	0.764834	41	34	7	0	0	0	0
AF	0	0.765147	60	39	21	0	0	0	0
AF	0	0.765459	28	18	10	0	0	0	0
AF	0	0.765771	37	30	7	0	0	0	0
AF	0	0.766084	26	18	8	0	0	0	0
AF	0	0.766396	57	42	15	0	0	0	0
AF	0	0.766708	37	24	13	0	0	0	0
AF	0	0.767021	59	44	15	0	0	0	0
AF	0	0.767333	44	30	14	0	0	0	0
AF	0	0.767645	39	26	13	0	0	0	0
AF	0	0.767958	48	36	12	0	0	0	0
AF	0	0.768270	36	29	7	0	0	0	0
AF	0	0.768582	32	19	13	0	0	0	0
AF	0	0.768894	30	27	3	0	0	0	0
AF	0	0.769207	43	24	19	0	0	0	0
AF	0	0.769519	35	24	11	0	0	0	0
AF	0	0.769831	54	38	16	0	0	0	0
AF	0	0.770144	43	37	6	0	0	0	0
AF	0	0.770456	48	36	12	0	0	0	0
AF	0	0.770768	45	33	12	0	0	0	0
AF	0	0.771081	63	44	19	0	0	0	0
AF	0	0.771393	66	46	20	0	0	0	0
AF	0	0.771705	43	32	11	0	0	0	0
AF	0	0.772017	52	30	22	0	0	0	0
AF	0	0.772330	72	47	25	0	0	0	0
AF	0	0.772642	40	25	15	0	0	0	0
AF	0	0.772954	39	30	9	0	0	0	0
AF	0	0.773267	51	35	16	0	0	0	0
AF	0	0.773579	35	20	15	0	0	0	0
AF	0	0.773891	46	25	21	0	0	0	0
AF	0	0.774204	54	40	14	0	0	0	0
AF	0	0.774516	30	19	11	0	0	0	0
AF	0	0.774828	45	26	19	0	0	0	0
AF	0	0.775141	51	34	17	0	0	0	0
AF	0	0.775453	36	24	12	0	0	0	0
AF	0	0.775765	50	37	13	0	0	0	0
AF	0	0.776077	42	24	18	0	0	0	0
AF	0	0.776390	69	48	21	0	0	0	0
AF	0	0.776702	39	27	12	0	0	0	0
AF	0	0.777014	40	25	15	0	0	0	0
AF	0	0.777327	49	33	16	0	0	0	0
AF	0	0.777639	53	37	16	0	0	0	0
AF	0	0.777951	40	29	11	0	0	0	0
AF	0	0.778264	54	34	20	0	0	0	0
AF	0	0.778576	64	40	24	0	0	0	0
AF	0	0.778888	62	44	18	0	0	0	0
AF	0	0.779200	50	33	17	0	0	0	0
AF	0	0.779513	53	39	14	0	0	0	0
AF	0	0.779825	51	38	13	0	0	0	0
AF	0	0.780137	42	32	10	0	0	0	0
AF	0	0.780450	35	25	10	0	0	0	0
AF	0	0.780762	60	40	20	0	0	0	0
AF	0	0.781074	46	27	19	0	0	0	0
AF	0	0.781387	53	35	18	0	0	0	0
AF	0	0.781699	45	31	14	0	0	0	0
AF	0	0.782011	53	35	18	0	0	0	0
AF	0	0.782324	36	22	14	0	0	0	0
AF	0	0.782636	56	41	15	0	0	0	0
AF	0	0.782948	43	35	8	0	0	0	0
AF	0	0.783260	61	37	24	0	0	0	0
AF	0	0.783573	61	42	19	0	0	0	0
AF	0	0.783885	47	27	20	0	0	0	0
AF	0	0.784197	51	34	17	0	0	0	0
AF	0	0.784510	51	32	19	0	0	0	0
AF	0	0.784822	49	36	13	0	0	0	0
AF	0	0.785134	68	46	22	0	0	0	0
AF	0	0.785447	53	36	17	0	0	0	0
AF	0	0.785759	45	29	16	0	0	0	0
AF	0	0.786071	46	31	15	0	0	0	0
AF	0	0.786384	56	34	22	0	0	0	0
AF	0	0.786696	40	26	14	0	0	0	0
AF	0	0.787008	25	17	8	0	0	0	0
AF	0	0.787320	33	20	13	0	0	0	0
AF	0	0.787633	35	20	15	0	0	0	0
AF	0	0.787945	46	33	13	0	0	0	0
AF	0	0.788257	34	25	9	0	0	0	0
AF	0	0.788570	52	36	16	0	0	0	0
AF	0	0.788882	102	67	35	0	0	0	0
AF	0	0.789194	51	39	12	0	0	0	0
AF	0	0.789507	52	34	18	0	0	0	0
AF	0	0.789819	41	26	15	0	0	0	0
AF	0	0.790131	33	19	14	0	0	0	0
AF	0	0.790443	46	32	14	0	0	0	0
AF	0	0.790756	42	26	16	0	0	0	0
AF	0	0.791068	44	29	15	0	0	0	0
AF	0	0.791380	50	35	15	0	0	0	0
AF	0	0.791693	57	38	19	0	0	0	0
AF	0	0.792005	59	32	27	0	0	0	0
AF	0	0.792317	52	39	13	0	0	0	0
AF	0	0.792630	46	34	12	0	0	0	0
AF	0	0.792942	49	31	18	0	0	0	0
AF	0	0.793254	60	42	18	0	0	0	0
AF	0	0.793567	40	28	12	0	0	0	0
AF	0	0.793879	41	30	11	0	0	0	0
AF	0	0.794191	59	45	14	0	0	0	0
AF	0	0.794503	42	23	19	0	0	0	0
AF	0	0.794816	25	18	7	0	0	0	0
AF	0	0.795128	35	29	6	0	0	0	0
AF	0	0.795440	31	22	9	0	0	0	0
AF	0	0.795753	47	33	14	0	0	0	0
AF	0	0.796065	50	32	18	0	0	0	0
AF	0	0.796377	44	29	15	0	0	0	0
AF	0	0.796690	44	31	13	0	0	0	0
AF	0	0.797002	55	38	17	0	0	0	0
AF	0	0.797314	59	40	19	0	0	0	0
AF	0	0.797626	57	42	15	0	0	0	0
AF	0	0.797939	44	30	14	0	0	0	0
AF	0	0.798251	48	36	12	0	0	0	0
AF	0	0.798563	60	39	21	0	0	0	0
AF	0	0.798876	43	32	11	0	0	0	0
AF	0	0.799188	28	23	5	0	0	0	0
AF	0	0.799500	36	29	7	0	0	0	0
AF	0	0.799813	33	21	12	0	0	0	0
AF	0	0.800125	43	30	13	0	0	0	0
AF	0	0.800437	22	15	7	0	0	0	0
AF	0	0.800750	41	24	17	0	0	0	0
AF	0	0.801062	35	25	10	0	0	0	0
AF	0	0.801374	37	26	11	0	0	0	0
AF	0	0.801686	41	29	12	0	0	0	0
AF	0	0.801999	40	27	13	0	0	0	0
AF	0	0.802311	49	31	18	0	0	0	0
AF	0	0.802623	45	36	9	0	0	0	0
AF	0	0.802936	56	38	18	0	0	0	0
AF	0	0.803248	45	30	15	0	0	0	0
AF	0	0.803560	35	23	12	0	0	0	0
AF	0	0.803873	51	37	14	0	0	0	0
AF	0	0.804185	44	34	10	0	0	0	0
AF	0	0.804497	28	15	13	0	0	0	0
AF	0	0.804809	52	40	12	0	0	0	0
AF	0	0.805122	77	49	28	0	0	0	0
AF	0	0.805434	82	60	22	0	0	0	0
AF	0	0.805746	62	36	26	0	0	0	0
AF	0	0.806059	65	43	22	0	0	0	0
AF	0	0.806371	53	40	13	0	0	0	0
AF	0	0.806683	42	27	15	0	0	0	0
AF	0	0.806996	46	31	15	0	0	0	0
AF	0	0.807308	32	24	8	0	0	0	0
AF	0	0.807620	36	24	12	0	0	0	0
AF	0	0.807933	62	34	28	0	0	0	0
AF	0	0.808245	57	38	19	0	0	0	0
AF	0	0.808557	44	30	14	0	0	0	0
AF	0	0.808869	53	38	15	0	0	0	0
AF	0	0.809182	68	45	23	0	0	0	0
AF	0	0.809494	52	38	14	0	0	0	0
AF	0	0.809806	33	25	8	0	0	0	0
AF	0	0.810119	39	28	11	0	0	0	0
AF	0	0.810431	43	33	10	0	0	0	0
AF	0	0.810743	52	32	20	0	0	0	0
AF	0	0.811056	39	28	11	0	0	0	0
AF	0	0.811368	49	33	16	0	0	0	0
AF	0	0.811680	48	32	16	0	0	0	0
AF	0	0.811993	55	34	21	0	0	0	0
AF	0	0.812305	37	28	9	0	0	0	0
AF	0	0.812617	60	42	18	0	0	0	0
AF	0	0.812929	46	29	17	0	0	0	0
AF	0	0.813242	37	27	10	0	0	0	0
AF	0	0.813554	36	27	9	0	0	0	0
AF	0	0.813866	25	16	9	0	0	0	0
AF	0	0.814179	30	16	14	0	0	0	0
AF	0	0.814491	29	14	15	0	0	0	0
AF	0	0.814803	40	27	13	0	0	0	0
AF	0	0.815116	38	28	10	0	0	0	0
AF	0	0.815428	38	31	7	0	0	0	0
AF	0	0.815740	46	32	14	0	0	0	0
AF	0	0.816052	71	51	20	0	0	0	0
AF	0	0.816365	55	41	14	0	0	0	0
AF	0	0.816677	53	38	15	0	0	0	0
AF	0	0.816989	38	25	13	0	0	0	0
AF	0	0.817302	50	32	18	0	0	0	0
AF	0	0.817614	35	24	11	0	0	0	0
AF	0	0.817926	49	38	11	0	0	0	0
AF	0	0.818239	41	25	16	0	0	0	0
AF	0	0.818551	36	28	8	0	0	0	0
AF	0	0.818863	36	27	9	0	0	0	0
AF	0	0.819176	43	31	12	0	0	0	0
AF	0	0.819488	41	21	20	0	0	0	0
AF	0	0.819800	48	34	14	0	0	0	0
AF	0	0.820112	58	37	21	0	0	0	0
AF	0	0.820425	69	44	25	0	0	0	0
AF	0	0.820737	53	31	22	0	0	0	0
AF	0	0.821049	76	52	24	0	0	0	0
AF	0	0.821362	51	39	12	0	0	0	0
AF	0	0.821674	28	19	9	0	0	0	0
AF	0	0.821986	48	35	13	0	0	0	0
AF	0	0.822299	57	43	14	0	0	0	0
AF	0	0.822611	44	33	11	0	0	0	0
AF	0	0.822923	54	38	16	0	0	0	0
AF	0	0.823235	48	36	12	0	0	0	0
AF	0	0.823548	67	47	20	0	0	0	0
AF	0	0.823860	47	34	13	0	0	0	0
AF	0	0.824172	37	28	9	0	0	0	0
AF	0	0.824485	34	21	13	0	0	0	0
AF	0	0.824797	43	27	16	0	0	0	0
AF	0	0.825109	56	44	12	0	0	0	0
AF	0	0.825422	57	39	18	0	0	0	0
AF	0	0.825734	73	51	22	0	0	0	0
AF	0	0.826046	45	28	17	0	0	0	0
AF	0	0.826359	51	38	13	0	0	0	0
AF	0	0.826671	39	26	13	0	0	0	0
AF	0	0.826983	41	33	8	0	0	0	0
AF	0	0.827295	46	32	14	0	0	0	0
AF	0	0.827608	64	47	17	0	0	0	0
AF	0	0.827920	50	31	19	0	0	0	0
AF	0	0.828232	32	18	14	0	0	0	0
AF	0	0.828545	37	27	10	0	0	0	0
AF	0	0.828857	60	48	12	0	0	0	0
AF	0	0.829169	92	60	32	0	0	0	0
AF	0	0.829482	63	36	27	0	0	0	0
AF	0	0.829794	55	32	23	0	0	0	0
AF	0	0.830106	55	47	8	0	0	0	0
AF	0	0.830418	39	31	8	0	0	0	0
AF	0	0.830731	33	20	13	0	0	0	0
AF	0	0.831043	56	34	22	0	0	0	0
AF	0	0.831355	48	32	16	0	0	0	0
AF	0	0.831668	59	40	19	0	0	0	0
AF	0	0.831980	57	35	22	0	0	0	0
AF	0	0.832292	50	32	18	0	0	0	0
AF	0	0.832605	50	35	15	0	0	0	0
AF	0	0.832917	43	37	6	0	0	0	0
AF	0	0.833229	54	34	20	0	0	0	0
AF	0	0.833542	33	25	8	0	0	0	0
AF	0	0.833854	50	30	20	0	0	0	0
AF	0	0.834166	43	28	15	0	0	0	0
AF	0	0.834478	42	25	17	0	0	0	0
AF	0	0.834791	31	20	11	0	0	0	0
AF	0	0.835103	34	21	13	0	0	0	0
AF	0	0.835415	59	43	16	0	0	0	0
AF	0	0.835728	19	12	7	0	0	0	0
AF	0	0.836040	40	26	14	0	0	0	0
AF	0	0.836352	46	32	14	0	0	0	0
AF	0	0.836665	31	23	8	0	0	0	0
AF	0	0.836977	60	39	21	0	0	0	0
AF	0	0.837289	32	22	10	0	0	0	0
AF	0	0.837601	35	18	17	0	0	0	0
AF	0	0.837914	40	30	10	0	0	0	0
AF	0	0.838226	40	27	13	0	0	0	0
AF	0	0.838538	33	19	14	0	0	0	0
AF	0	0.838851	45	32	13	0	0	0	0
AF	0	0.839163	30	23	7	0	0	0	0
AF	0	0.839475	35	19	16	0	0	0	0
AF	0	0.839788	44	36	8	0	0	0	0
AF	0	0.840100	30	23	7	0	0	0	0
AF	0	0.840412	39	26	13	0	0	0	0
AF	0	0.840725	40	23	17	0	0	0	0
AF	0	0.841037	61	32	29	0	0	0	0
AF	0	0.841349	45	31	14	0	0	0	0
AF	0	0.841661	45	37	8	0	0	0	0
AF	0	0.841974	47	28	19	0	0	0	0
AF	0	0.842286	28	22	6	0	0	0	0
AF	0	0.842598	40	27	13	0	0	0	0
AF	0	0.842911	47	29	18	0	0	0	0
AF	0	0.843223	32	21	11	0	0	0	0
AF	0	0.843535	47	31	16	0	0	0	0
AF	0	0.843848	42	26	16	0	0	0	0
AF	0	0.844160	36	24	12	0	0	0	0
AF	0	0.844472	42	28	14	0	0	0	0
AF	0	0.844785	53	28	25	0	0	0	0
AF	0	0.845097	45	34	11	0	0	0	0
AF	0	0.845409	32	22	10	0	0	0	0
AF	0	0.845721	50	32	18	0	0	0	0
AF	0	0.846034	48	37	11	0	0	0	0
AF	0	0.846346	52	40	12	0	0	0	0
AF	0	0.846658	41	32	9	0	0	0	0
AF	0	0.846971	81	47	34	0	0	0	0
AF	0	0.847283	39	27	12	0	0	0	0
AF	0	0.847595	45	24	21	0	0	0	0
AF	0	0.847908	36	27	9	0	0	0	0
AF	0	0.848220	61	43	18	0	0	0	0
AF	0	0.848532	46	32	14	0	0	0	0
AF	0	0.848844	38	27	11	0	0	0	0
AF	0	0.849157	44	28	16	0	0	0	0
AF	0	0.849469	42	27	15	0	0	0	0
AF	0	0.849781	44	29	15	0	0	0	0
AF	0	0.850094	33	23	10	0	0	0	0
AF	0	0.850406	51	31	20	0	0	0	0
AF	0	0.850718	58	33	25	0	0	0	0
AF	0	0.851031	59	45	14	0	0	0	0
AF	0	0.851343	55	36	19	0	0	0	0
AF	0	0.851655	51	38	13	0	0	0	0
AF	0	0.851968	45	37	8	0	0	0	0
AF	0	0.852280	43	36	7	0	0	0	0
AF	0	0.852592	47	33	14	0	0	0	0
AF	0	0.852904	31	22	9	0	0	0	0
AF	0	0.853217	23	17	6	0	0	0	0
AF	0	0.853529	30	20	10	0	0	0	0
AF	0	0.853841	42	24	18	0	0	0	0
AF	0	0.854154	32	20	12	0	0	0	0
AF	0	0.854466	39	31	8	0	0	0	0
AF	0	0.854778	37	25	12	0	0	0	0
AF	0	0.855091	35	26	9	0	0	0	0
AF	0	0.855403	44	32	12	0	0	0	0
AF	0	0.855715	53	33	20	0	0	0	0
AF	0	0.856027	43	37	6	0	0	0	0
AF	0	0.856340	47	27	20	0	0	0	0
AF	0	0.856652	43	29	14	0	0	0	0
AF	0	0.856964	38	27	11	0	0	0	0
AF	0	0.857277	57	35	22	0	0	0	0
AF	0	0.857589	36	28	8	0	0	0	0
AF	0	0.857901	43	27	16	0	0	0	0
AF	0	0.858214	33	23	10	0	0	0	0
AF	0	0.858526	31	20	11	0	0	0	0
AF	0	0.858838	25	13	12	0	0	0	0
AF	0	0.859151	33	20	13	0	0	0	0
AF	0	0.859463	27	20	7	0	0	0	0
AF	0	0.859775	26	14	12	0	0	0	0
AF	0	0.860087	36	25	11	0	0	0	0
AF	0	0.860400	36	27	9	0	0	0	0
AF	0	0.860712	39	28	11	0	0	0	0
AF	0	0.861024	53	34	19	0	0	0	0
AF	0	0.861337	50	33	17	0	0	0	0
AF	0	0.861649	39	29	10	0	0	0	0
AF	0	0.861961	57	39	18	0	0	0	0
AF	0	0.862274	32	19	13	0	0	0	0
AF	0	0.862586	42	26	16	0	0	0	0
AF	0	0.862898	45	36	9	0	0	0	0
AF	0	0.863210	38	28	10	0	0	0	0
AF	0	0.863523	23	16	7	0	0	0	0
AF	0	0.863835	31	21	10	0	0	0	0
AF	0	0.864147	38	22	16	0	0	0	0
AF	0	0.864460	37	22	15	0	0	0	0
AF	0	0.864772	46	27	19	0	0	0	0
AF	0	0.865084	32	21	11	0	0	0	0
AF	0	0.865397	75	53	22	0	0	0	0
AF	0	0.865709	66	50	16	0	0	0	0
AF	0	0.866021	35	26	9	0	0	0	0
AF	0	0.866334	32	25	7	0	0	0	0
AF	0	0.866646	43	31	12	0	0	0	0
AF	0	0.866958	36	26	10	0	0	0	0
AF	0	0.867270	29	19	10	0	0	0	0
AF	0	0.867583	32	23	9	0	0	0	0
AF	0	0.867895	32	26	6	0	0	0	0
AF	0	0.868207	42	28	14	0	0	0	0
AF	0	0.868520	50	34	16	0	0	0	0
AF	0	0.868832	39	24	15	0	0	0	0
AF	0	0.869144	39	25	14	0	0	0	0
AF	0	0.869457	32	20	12	0	0	0	0
AF	0	0.869769	37	22	15	0	0	0	0
AF	0	0.870081	37	24	13	0	0	0	0
AF	0	0.870394	33	23	10	0	0	0	0
AF	0	0.870706	34	26	8	0	0	0	0
AF	0	0.871018	28	18	10	0	0	0	0
AF	0	0.871330	32	19	13	0	0	0	0
AF	0	0.871643	40	33	7	0	0	0	0
AF	0	0.871955	48	30	18	0	0	0	0
AF	0	0.872267	31	24	7	0	0	0	0
AF	0	0.872580	37	26	11	0	0	0	0
AF	0	0.872892	33	22	11	0	0	0	0
AF	0	0.873204	47	31	16	0	0	0	0
AF	0	0.873517	43	28	15	0	0	0	0
AF	0	0.873829	35	21	14	0	0	0	0
AF	0	0.874141	35	29	6	0	0	0	0
AF	0	0.874453	58	35	23	0	0	0	0
AF	0	0.874766	43	29	14	0	0	0	0
AF	0	0.875078	30	17	13	0	0	0	0
AF	0	0.875390	24	18	6	0	0	0	0
AF	0	0.875703	23	15	8	0	0	0	0
AF	0	0.876015	29	13	16	0	0	0	0
AF	0	0.876327	38	23	15	0	0	0	0
AF	0	0.876640	31	25	6	0	0	0	0
AF	0	0.876952	32	26	6	0	0	0	0
AF	0	0.877264	36	25	11	0	0	0	0
AF	0	0.877577	50	32	18	0	0	0	0
AF	0	0.877889	48	35	13	0	0	0	0
AF	0	0.878201	58	39	19	0	0	0	0
AF	0	0.878513	35	29	6	0	0	0	0
AF	0	0.878826	28	20	8	0	0	0	0
AF	0	0.879138	32	26	6	0	0	0	0
AF	0	0.879450	44	27	17	0	0	0	0
AF	0	0.879763	44	33	11	0	0	0	0
AF	0	0.880075	45	30	15	0	0	0	0
AF	0	0.880387	42	27	15	0	0	0	0
AF	0	0.880700	39	30	9	0	0	0	0
AF	0	0.881012	33	18	15	0	0	0	0
AF	0	0.881324	37	25	12	0	0	0	0
AF	0	0.881636	45	31	14	0	0	0	0
AF	0	0.881949	34	23	11	0	0	0	0
AF	0	0.882261	41	29	12	0	0	0	0
AF	0	0.882573	25	21	4	0	0	0	0
AF	0	0.882886	53	33	20	0	0	0	0
AF	0	0.883198	55	38	17	0	0	0	0
AF	0	0.883510	38	32	6	0	0	0	0
AF	0	0.883823	41	29	12	0	0	0	0
AF	0	0.884135	40	27	13	0	0	0	0
AF	0	0.884447	30	17	13	0	0	0	0
AF	0	0.884760	27	18	9	0	0	0	0
AF	0	0.885072	42	32	10	0	0	0	0
AF	0	0.885384	24	17	7	0	0	0	0
AF	0	0.885696	27	20	7	0	0	0	0
AF	0	0.886009	31	22	9	0	0	0	0
AF	0	0.886321	33	20	13	0	0	0	0
AF	0	0.886633	38	23	15	0	0	0	0
AF	0	0.886946	31	20	11	0	0	0	0
AF	0	0.887258	42	29	13	0	0	0	0
AF	0	0.887570	60	42	18	0	0	0	0
AF	0	0.887883	38	25	13	0	0	0	0
AF	0	0.888195	36	23	13	0	0	0	0
AF	0	0.888507	28	21	7	0	0	0	0
AF	0	0.888819	27	18	9	0	0	0	0
AF	0	0.889132	39	20	19	0	0	0	0
AF	0	0.889444	46	29	17	0	0	0	0
AF	0	0.889756	32	25	7	0	0	0	0
AF	0	0.890069	34	25	9	0	0	0	0
AF	0	0.890381	59	34	25	0	0	0	0
AF	0	0.890693	38	24	14	0	0	0	0
AF	0	0.891006	39	28	11	0	0	0	0
AF	0	0.891318	34	26	8	0	0	0	0
AF	0	0.891630	38	25	13	0	0	0	0
AF	0	0.891943	35	23	12	0	0	0	0
AF	0	0.892255	33	26	7	0	0	0	0
AF	0	0.892567	38	25	13	0	0	0	0
AF	0	0.892879	33	18	15	0	0	0	0
AF	0	0.893192	25	22	3	0	0	0	0
AF	0	0.893504	39	30	9	0	0	0	0
AF	0	0.893816	42	28	14	0	0	0	0
AF	0	0.894129	46	37	9	0	0	0	0
AF	0	0.894441	31	17	14	0	0	0	0
AF	0	0.894753	23	17	6	0	0	0	0
AF	0	0.895066	29	20	9	0	0	0	0
AF	0	0.895378	33	24	9	0	0	0	0
AF	0	0.895690	34	22	12	0	0	0	0
AF	0	0.896002	27	19	8	0	0	0	0
AF	0	0.896315	28	16	12	0	0	0	0
AF	0	0.896627	33	21	12	0	0	0	0
AF	0	0.896939	36	24	12	0	0	0	0
AF	0	0.897252	56	42	14	0	0	0	0
AF	0	0.897564	39	26	13	0	0	0	0
AF	0	0.897876	57	35	22	0	0	0	0
AF	0	0.898189	41	27	14	0	0	0	0
AF	0	0.898501	25	19	6	0	0	0	0
AF	0	0.898813	39	26	13	0	0	0	0
AF	0	0.899126	39	29	10	0	0	0	0
AF	0	0.899438	42	29	13	0	0	0	0
AF	0	0.899750	58	43	15	0	0	0	0
AF	0	0.900062	39	27	12	0	0	0	0
AF	0	0.900375	30	22	8	0	0	0	0
AF	0	0.900687	61	43	18	0	0	0	0
AF	0	0.900999	39	24	15	0	0	0	0
AF	0	0.901312	66	51	15	0	0	0	0
AF	0	0.901624	57	38	19	0	0	0	0
AF	0	0.901936	38	24	14	0	0	0	0
AF	0	0.902249	50	30	20	0	0	0	0
AF	0	0.902561	42	34	8	0	0	0	0
AF	0	0.902873	59	48	11	0	0	0	0
AF	0	0.903186	52	37	15	0	0	0	0
AF	0	0.903498	40	27	13	0	0	0	0
AF	0	0.903810	45	34	11	0	0	0	0
AF	0	0.904122	43	32	11	0	0	0	0
AF	0	0.904435	54	38	16	0	0	0	0
AF	0	0.904747	48	35	13	0	0	0	0
AF	0	0.905059	40	27	13	0	0	0	0
AF	0	0.905372	37	26	11	0	0	0	0
AF	0	0.905684	33	19	14	0	0	0	0
AF	0	0.905996	26	15	11	0	0	0	0
AF	0	0.906309	27	20	7	0	0	0	0
AF	0	0.906621	33	18	15	0	0	0	0
AF	0	0.906933	35	23	12	0	0	0	0
AF	0	0.907245	27	20	7	0	0	0	0
AF	0	0.907558	34	24	10	0	0	0	0
AF	0	0.907870	37	27	10	0	0	0	0
AF	0	0.908182	25	18	7	0	0	0	0
AF	0	0.908495	34	19	15	0	0	0	0
AF	0	0.908807	28	18	10	0	0	0	0
AF	0	0.909119	34	21	13	0	0	0	0
AF	0	0.909432	52	32	20	0	0	0	0
AF	0	0.909744	39	27	12	0	0	0	0
AF	0	0.910056	41	28	13	0	0	0	0
AF	0	0.910369	38	27	11	0	0	0	0
AF	0	0.910681	45	25	20	0	0	0	0
AF	0	0.910993	39	26	13	0	0	0	0
AF	0	0.911305	31	24	7	0	0	0	0
AF	0	0.911618	30	25	5	0	0	0	0
AF	0	0.911930	26	22	4	0	0	0	0
AF	0	0.912242	32	22	10	0	0	0	0
AF	0	0.912555	72	43	29	0	0	0	0
AF	0	0.912867	22	18	4	0	0	0	0
AF	0	0.913179	25	16	9	0	0	0	0
AF	0	0.913492	28	20	8	0	0	0	0
AF	0	0.913804	40	29	11	0	0	0	0
AF	0	0.914116	30	20	10	0	0	0	0
AF	0	0.914428	31	17	14	0	0	0	0
AF	0	0.914741	42	29	13	0	0	0	0
AF	0	0.915053	43	30	13	0	0	0	0
AF	0	0.915365	32	27	5	0	0	0	0
AF	0	0.915678	35	18	17	0	0	0	0
AF	0	0.915990	46	31	15	0	0	0	0
AF	0	0.916302	61	44	17	0	0	0	0
AF	0	0.916615	39	26	13	0	0	0	0
AF	0	0.916927	48	32	16	0	0	0	0
AF	0	0.917239	29	19	10	0	0	0	0
AF	0	0.917552	35	24	11	0	0	0	0
AF	0	0.917864	35	22	13	0	0	0	0
AF	0	0.918176	25	14	11	0	0	0	0
AF	0	0.918488	23	16	7	0	0	0	0
AF	0	0.918801	29	24	5	0	0	0	0
AF	0	0.919113	36	26	10	0	0	0	0
AF	0	0.919425	41	27	14	0	0	0	0
AF	0	0.919738	36	23	13	0	0	0	0
AF	0	0.920050	32	21	11	0	0	0	0
AF	0	0.920362	26	20	6	0	0	0	0
AF	0	0.920675	34	16	18	0	0	0	0
AF	0	0.920987	33	22	11	0	0	0	0
AF	0	0.921299	47	34	13	0	0	0	0
AF	0	0.921611	38	34	4	0	0	0	0
AF	0	0.921924	36	26	10	0	0	0	0
AF	0	0.922236	25	19	6	0	0	0	0
AF	0	0.922548	38	30	8	0	0	0	0
AF	0	0.922861	38	30	8	0	0	0	0
AF	0	0.923173	45	28	17	0	0	0	0
AF	0	0.923485	48	27	21	0	0	0	0
AF	0	0.923798	36	26	10	0	0	0	0
AF	0	0.924110	33	25	8	0	0	0	0
AF	0	0.924422	58	43	15	0	0	0	0
AF	0	0.924735	31	22	9	0	0	0	0
AF	0	0.925047	50	31	19	0	0	0	0
AF	0	0.925359	50	42	8	0	0	0	0
AF	0	0.925671	59	39	20	0	0	0	0
AF	0	0.925984	46	32	14	0	0	0	0
AF	0	0.926296	36	25	11	0	0	0	0
AF	0	0.926608	52	39	13	0	0	0	0
AF	0	0.926921	59	40	19	0	0	0	0
AF	0	0.927233	93	65	28	0	0	0	0
AF	0	0.927545	31	18	13	0	0	0	0
AF	0	0.927858	40	30	10	0	0	0	0
AF	0	0.928170	44	32	12	0	0	0	0
AF	0	0.928482	26	17	9	0	0	0	0
AF	0	0.928795	28	15	13	0	0	0	0
AF	0	0.929107	54	38	16	0	0	0	0
AF	0	0.929419	49	32	17	0	0	0	0
AF	0	0.929731	33	27	6	0	0	0	0
AF	0	0.930044	42	23	19	0	0	0	0
AF	0	0.930356	51	34	17	0	0	0	0
AF	0	0.930668	45	33	12	0	0	0	0
AF	0	0.930981	47	32	15	0	0	0	0
AF	0	0.931293	46	33	13	0	0	0	0
AF	0	0.931605	54	38	16	0	0	0	0
AF	0	0.931918	60	32	28	0	0	0	0
AF	0	0.932230	59	41	18	0	0	0	0
AF	0	0.932542	44	22	22	0	0	0	0
AF	0	0.932854	44	30	14	0	0	0	0
AF	0	0.933167	37	24	13	0	0	0	0
AF	0	0.933479	53	36	17	0	0	0	0
AF	0	0.933791	51	33	18	0	0	0	0
AF	0	0.934104	31	23	8	0	0	0	0
AF	0	0.934416	36	26	10	0	0	0	0
AF	0	0.934728	33	25	8	0	0	0	0
AF	0	0.935041	41	26	15	0	0	0	0
AF	0	0.935353	31	20	11	0	0	0	0
AF	0	0.935665	44	28	16	0	0	0	0
AF	0	0.935978	34	23	11	0	0	0	0
AF	0	0.936290	32	15	17	0	0	0	0
AF	0	0.936602	36	26	10	0	0	0	0
AF	0	0.936914	39	26	13	0	0	0	0
AF	0	0.937227	38	31	7	0	0	0	0
AF	0	0.937539	38	27	11	0	0	0	0
AF	0	0.937851	39	31	8	0	0	0	0
AF	0	0.938164	37	25	12	0	0	0	0
AF	0	0.938476	36	28	8	0	0	0	0
AF	0	0.938788	41	28	13	0	0	0	0
AF	0	0.939101	43	28	15	0	0	0	0
AF	0	0.939413	38	27	11	0	0	0	0
AF	0	0.939725	42	24	18	0	0	0	0
AF	0	0.940037	26	22	4	0	0	0	0
AF	0	0.940350	42	35	7	0	0	0	0
AF	0	0.940662	27	18	9	0	0	0	0
AF	0	0.940974	27	13	14	0	0	0	0
AF	0	0.941287	36	20	16	0	0	0	0
AF	0	0.941599	39	26	13	0	0	0	0
AF	0	0.941911	37	23	14	0	0	0	0
AF	0	0.942224	46	31	15	0	0	0	0
AF	0	0.942536	43	30	13	0	0	0	0
AF	0	0.942848	46	29	17	0	0	0	0
AF	0	0.943161	51	27	24	0	0	0	0
AF	0	0.943473	36	20	16	0	0	0	0
AF	0	0.943785	26	23	3	0	0	0	0
AF	0	0.944097	57	40	17	0	0	0	0
AF	0	0.944410	51	35	16	0	0	0	0
AF	0	0.944722	64	46	18	0	0	0	0
AF	0	0.945034	35	23	12	0	0	0	0
AF	0	0.945347	41	30	11	0	0	0	0
AF	0	0.945659	30	20	10	0	0	0	0
AF	0	0.945971	50	34	16	0	0	0	0
AF	0	0.946284	57	38	19	0	0	0	0
AF	0	0.946596	40	31	9	0	0	0	0
AF	0	0.946908	29	18	11	0	0	0	0
AF	0	0.947220	31	22	9	0	0	0	0
AF	0	0.947533	40	23	17	0	0	0	0
AF	0	0.947845	32	25	7	0	0	0	0
AF	0	0.948157	38	25	13	0	0	0	0
AF	0	0.948470	100	69	31	0	0	0	0
AF	0	0.948782	28	16	12	0	0	0	0
AF	0	0.949094	38	29	9	0	0	0	0
AF	0	0.949407	58	42	16	0	0	0	0
AF	0	0.949719	50	35	15	0	0	0	0
AF	0	0.950031	54	31	23	0	0	0	0
AF	0	0.950344	32	25	7	0	0	0	0
AF	0	0.950656	58	47	11	0	0	0	0
AF	0	0.950968	33	24	9	0	0	0	0
AF	0	0.951280	44	27	17	0	0	0	0
AF	0	0.951593	48	34	14	0	0	0	0
AF	0	0.951905	38	25	13	0	0	0	0
AF	0	0.952217	59	39	20	0	0	0	0
AF	0	0.952530	41	30	11	0	0	0	0
AF	0	0.952842	52	36	16	0	0	0	0
AF	0	0.953154	28	20	8	0	0	0	0
AF	0	0.953467	43	25	18	0	0	0	0
AF	0	0.953779	71	44	27	0	0	0	0
AF	0	0.954091	54	37	17	0	0	0	0
AF	0	0.954403	32	23	9	0	0	0	0
AF	0	0.954716	50	36	14	0	0	0	0
AF	0	0.955028	45	33	12	0	0	0	0
AF	0	0.955340	51	29	22	0	0	0	0
AF	0	0.955653	56	35	21	0	0	0	0
AF	0	0.955965	87	61	26	0	0	0	0
AF	0	0.956277	54	39	15	0	0	0	0
AF	0	0.956590	63	41	22	0	0	0	0
AF	0	0.956902	144	102	42	0	0	0	0
AF	0	0.957214	54	36	18	0	0	0	0
AF	0	0.957527	39	27	12	0	0	0	0
AF	0	0.957839	41	28	13	0	0	0	0
AF	0	0.958151	52	40	12	0	0	0	0
AF	0	0.958463	41	26	15	0	0	0	0
AF	0	0.958776	58	40	18	0	0	0	0
AF	0	0.959088	56	37	19	0	0	0	0
AF	0	0.959400	69	46	23	0	0	0	0
AF	0	0.959713	68	43	25	0	0	0	0
AF	0	0.960025	45	28	17	0	0	0	0
AF	0	0.960337	60	42	18	0	0	0	0
AF	0	0.960650	42	32	10	0	0	0	0
AF	0	0.960962	52	36	16	0	0	0	0
AF	0	0.961274	47	32	15	0	0	0	0
AF	0	0.961587	42	26	16	0	0	0	0
AF	0	0.961899	68	45	23	0	0	0	0
AF	0	0.962211	47	36	11	0	0	0	0
AF	0	0.962523	37	24	13	0	0	0	0
AF	0	0.962836	71	47	24	0	0	0	0
AF	0	0.963148	57	43	14	0	0	0	0
AF	0	0.963460	41	28	13	0	0	0	0
AF	0	0.963773	63	42	21	0	0	0	0
AF	0	0.964085	48	30	18	0	0	0	0
AF	0	0.964397	54	39	15	0	0	0	0
AF	0	0.964710	62	45	17	0	0	0	0
AF	0	0.965022	63	42	21	0	0	0	0
AF	0	0.965334	43	30	13	0	0	0	0
AF	0	0.965646	47	36	11	0	0	0	0
AF	0	0.965959	62	48	14	0	0	0	0
AF	0	0.966271	39	25	14	0	0	0	0
AF	0	0.966583	50	32	18	0	0	0	0
AF	0	0.966896	67	45	22	0	0	0	0
AF	0	0.967208	73	55	18	0	0	0	0
AF	0	0.967520	65	45	20	0	0	0	0
AF	0	0.967833	54	41	13	0	0	0	0
AF	0	0.968145	48	30	18	0	0	0	0
AF	0	0.968457	44	30	14	0	0	0	0
AF	0	0.968770	53	36	17	0	0	0	0
AF	0	0.969082	50	39	11	0	0	0	0
AF	0	0.969394	45	29	16	0	0	0	0
AF	0	0.969706	56	33	23	0	0	0	0
AF	0	0.970019	66	44	22	0	0	0	0
AF	0	0.970331	34	22	12	0	0	0	0
AF	0	0.970643	55	35	20	0	0	0	0
AF	0	0.970956	40	26	14	0	0	0	0
AF	0	0.971268	35	24	11	0	0	0	0
AF	0	0.971580	51	36	15	0	0	0	0
AF	0	0.971893	49	34	15	0	0	0	0
AF	0	0.972205	38	34	4	0	0	0	0
AF	0	0.972517	40	30	10	0	0	0	0
AF	0	0.972829	27	21	6	0	0	0	0
AF	0	0.973142	33	20	13	0	0	0	0
AF	0	0.973454	43	31	12	0	0	0	0
AF	0	0.973766	35	25	10	0	0	0	0
AF	0	0.974079	36	22	14	0	0	0	0
AF	0	0.974391	68	47	21	0	0	0	0
AF	0	0.974703	60	40	20	0	0	0	0
AF	0	0.975016	76	57	19	0	0	0	0
AF	0	0.975328	76	59	17	0	0	0	0
AF	0	0.975640	109	69	40	0	0	0	0
AF	0	0.975953	67	47	20	0	0	0	0
AF	0	0.976265	49	40	9	0	0	0	0
AF	0	0.976577	73	51	22	0	0	0	0
AF	0	0.976889	83	55	28	0	0	0	0
AF	0	0.977202	102	65	37	0	0	0	0
AF	0	0.977514	78	45	33	0	0	0	0
AF	0	0.977826	70	42	28	0	0	0	0
AF	0	0.978139	63	47	16	0	0	0	0
AF	0	0.978451	61	41	20	0	0	0	0
AF	0	0.978763	106	67	39	0	0	0	0
AF	0	0.979076	94	66	28	0	0	0	0
AF	0	0.979388	88	63	25	0	0	0	0
AF	0	0.979700	105	70	35	0	0	0	0
AF	0	0.980012	84	56	28	0	0	0	0
AF	0	0.980325	79	52	27	0	0	0	0
AF	0	0.980637	76	48	28	0	0	0	0
AF	0	0.980949	47	27	20	0	0	0	0
AF	0	0.981262	41	29	12	0	0	0	0
AF	0	0.981574	79	49	30	0	0	0	0
AF	0	0.981886	81	61	20	0	0	0	0
AF	0	0.982199	69	47	22	0	0	0	0
AF	0	0.982511	78	52	26	0	0	0	0
AF	0	0.982823	81	53	28	0	0	0	0
AF	0	0.983136	78	58	20	0	0	0	0
AF	0	0.983448	74	50	24	0	0	0	0
AF	0	0.983760	88	49	39	0	0	0	0
AF	0	0.984072	57	44	13	0	0	0	0
AF	0	0.984385	53	33	20	0	0	0	0
AF	0	0.984697	90	64	26	0	0	0	0
AF	0	0.985009	75	51	24	0	0	0	0
AF	0	0.985322	71	46	25	0	0	0	0
AF	0	0.985634	73	44	29	0	0	0	0
AF	0	0.985946	62	38	24	0	0	0	0
AF	0	0.986259	83	62	21	0	0	0	0
AF	0	0.986571	65	39	26	0	0	0	0
AF	0	0.986883	72	43	29	0	0	0	0
AF	0	0.987196	80	57	23	0	0	0	0
AF	0	0.987508	87	62	25	0	0	0	0
AF	0	0.987820	80	52	28	0	0	0	0
AF	0	0.988132	99	63	36	0	0	0	0
AF	0	0.988445	63	41	22	0	0	0	0
AF	0	0.988757	87	60	27	0	0	0	0
AF	0	0.989069	89	67	22	0	0	0	0
AF	0	0.989382	84	56	28	0	0	0	0
AF	0	0.989694	76	48	28	0	0	0	0
AF	0	0.990006	71	53	18	0	0	0	0
AF	0	0.990319	66	47	19	0	0	0	0
AF	0	0.990631	62	45	17	0	0	0	0
AF	0	0.990943	42	29	13	0	0	0	0
AF	0	0.991255	58	38	20	0	0	0	0
AF	0	0.991568	61	39	22	0	0	0	0
AF	0	0.991880	74	51	23	0	0	0	0
AF	0	0.992192	75	55	20	0	0	0	0
AF	0	0.992505	63	39	24	0	0	0	0
AF	0	0.992817	69	42	27	0	0	0	0
AF	0	0.993129	107	64	43	0	0	0	0
AF	0	0.993442	90	59	31	0	0	0	0
AF	0	0.993754	84	67	17	0	0	0	0
AF	0	0.994066	116	87	29	0	0	0	0
AF	0	0.994379	70	50	20	0	0	0	0
AF	0	0.994691	96	61	35	0	0	0	0
AF	0	0.995003	107	78	29	0	0	0	0
AF	0	0.995315	85	54	31	0	0	0	0
AF	0	0.995628	112	69	43	0	0	0	0
AF	0	0.995940	185	112	73	0	0	0	0
AF	0	0.996252	141	88	53	0	0	0	0
AF	0	0.996565	82	52	30	0	0	0	0
AF	0	0.996877	105	72	33	0	0	0	0
AF	0	0.997189	110	75	35	0	0	0	0
AF	0	0.997502	81	53	28	0	0	0	0
AF	0	0.997814	90	56	34	0	0	0	0
AF	0	0.998126	96	68	28	0	0	0	0
AF	0	0.998438	105	73	32	0	0	0	0
AF	0	0.998751	109	68	41	0	0	0	0
AF	0	0.999063	160	105	55	0	0	0	0
AF	0	0.999375	96	65	31	0	0	0	0
# QUAL, Stats by quality
# QUAL	[2]id	[3]Quality	[4]number of SNPs	[5]number of transitions (1st ALT)	[6]number of transversions (1st ALT)	[7]number of indels
QUAL	0	.	1727352	1180098	547254	0
# IDD, InDel distribution:
# IDD	[2]id	[3]length (deletions negative)	[4]number of sites	[5]number of genotypes	[6]mean VAF
# ST, Substitution types:
# ST	[2]id	[3]type	[4]count
ST	0	A>C	63575
ST	0	A>G	238478
ST	0	A>T	60039
ST	0	C>A	80982
ST	0	C>G	70750
ST	0	C>T	350330
ST	0	G>A	355018
ST	0	G>C	69945
ST	0	G>T	77776
ST	0	T>A	61927
ST	0	T>C	236272
ST	0	T>G	62260
# DP, depth:
#   - set id, see above
#   - the depth bin, corresponds to the depth (unless --depth was given)
#   - number of genotypes with this depth (zero unless -s/-S was given)
#   - fraction of genotypes with this depth (zero unless -s/-S was given)
#   - number of sites with this depth
#   - fraction of sites with this depth
# DP, Depth distribution
# DP	[2]id	[3]bin	[4]number of genotypes	[5]fraction of genotypes (%)	[6]number of sites	[7]fraction of sites (%)
