# This file was produced by bcftools stats (1.21+htslib-1.21) and can be plotted using plot-vcfstats.
# The command line was:	bcftools stats  /hpc/local/Rocky8/dhl_ec/software/MonopogenLite/resources/1kGP_high_coverage_Illumina.SNVonly_poly.filtered_AF_5e-04.norm.fixvariantid.chr20.vcf.gz
#
# Definition of sets:
# ID	[2]id	[3]tab-separated file names
ID	0	/hpc/local/Rocky8/dhl_ec/software/MonopogenLite/resources/1kGP_high_coverage_Illumina.SNVonly_poly.filtered_AF_5e-04.norm.fixvariantid.chr20.vcf.gz
# SN, Summary numbers:
#   number of records   .. number of data rows in the VCF
#   number of no-ALTs   .. reference-only sites, ALT is either "." or identical to REF
#   number of SNPs      .. number of rows with a SNP
#   number of MNPs      .. number of rows with a MNP, such as CC>TT
#   number of indels    .. number of rows with an indel
#   number of others    .. number of rows with other type, for example a symbolic allele or
#                          a complex substitution, such as ACT>TCGA
#   number of multiallelic sites     .. number of rows with multiple alternate alleles
#   number of multiallelic SNP sites .. number of rows with multiple alternate alleles, all SNPs
# 
#   Note that rows containing multiple types will be counted multiple times, in each
#   counter. For example, a row with a SNP and an indel increments both the SNP and
#   the indel counter.
# 
# SN	[2]id	[3]key	[4]value
SN	0	number of samples:	3202
SN	0	number of records:	860315
SN	0	number of no-ALTs:	0
SN	0	number of SNPs:	860315
SN	0	number of MNPs:	0
SN	0	number of indels:	0
SN	0	number of others:	0
SN	0	number of multiallelic sites:	0
SN	0	number of multiallelic SNP sites:	0
# TSTV, transitions/transversions
#   - transitions, see https://en.wikipedia.org/wiki/Transition_(genetics)
#   - transversions, see https://en.wikipedia.org/wiki/Transversion
# TSTV	[2]id	[3]ts	[4]tv	[5]ts/tv	[6]ts (1st ALT)	[7]tv (1st ALT)	[8]ts/tv (1st ALT)
TSTV	0	592335	267980	2.21	592335	267980	2.21
# SiS, Singleton stats:
#   - allele count, i.e. the number of singleton genotypes (AC=1)
#   - number of transitions, see above
#   - number of transversions, see above
#   - repeat-consistent, inconsistent and n/a: experimental and useless stats [DEPRECATED]
# SiS	[2]id	[3]allele count	[4]number of SNPs	[5]number of transitions	[6]number of transversions	[7]number of indels	[8]repeat-consistent	[9]repeat-inconsistent	[10]not applicable
SiS	0	1	0	0	0	0	0	0	0
# AF, Stats by non-reference allele frequency:
# AF	[2]id	[3]allele frequency	[4]number of SNPs	[5]number of transitions	[6]number of transversions	[7]number of indels	[8]repeat-consistent	[9]repeat-inconsistent	[10]not applicable
AF	0	0.000312	87646	61006	26640	0	0	0	0
AF	0	0.000625	102384	70933	31451	0	0	0	0
AF	0	0.000937	62967	43419	19548	0	0	0	0
AF	0	0.001249	43552	30088	13464	0	0	0	0
AF	0	0.001562	34325	23483	10842	0	0	0	0
AF	0	0.001874	28557	19550	9007	0	0	0	0
AF	0	0.002186	22999	15846	7153	0	0	0	0
AF	0	0.002498	19033	13031	6002	0	0	0	0
AF	0	0.002811	16411	11195	5216	0	0	0	0
AF	0	0.003123	14357	9879	4478	0	0	0	0
AF	0	0.003435	12443	8566	3877	0	0	0	0
AF	0	0.003748	11250	7711	3539	0	0	0	0
AF	0	0.004060	10460	7149	3311	0	0	0	0
AF	0	0.004372	9265	6349	2916	0	0	0	0
AF	0	0.004685	8382	5747	2635	0	0	0	0
AF	0	0.004997	8310	5626	2684	0	0	0	0
AF	0	0.005309	7729	5251	2478	0	0	0	0
AF	0	0.005621	6754	4639	2115	0	0	0	0
AF	0	0.005934	6420	4454	1966	0	0	0	0
AF	0	0.006246	6019	4105	1914	0	0	0	0
AF	0	0.006558	5843	3976	1867	0	0	0	0
AF	0	0.006871	5379	3708	1671	0	0	0	0
AF	0	0.007183	5267	3624	1643	0	0	0	0
AF	0	0.007495	4894	3328	1566	0	0	0	0
AF	0	0.007808	4705	3219	1486	0	0	0	0
AF	0	0.008120	4729	3208	1521	0	0	0	0
AF	0	0.008432	3934	2710	1224	0	0	0	0
AF	0	0.008745	3988	2751	1237	0	0	0	0
AF	0	0.009057	3719	2521	1198	0	0	0	0
AF	0	0.009369	3721	2530	1191	0	0	0	0
AF	0	0.009681	3457	2352	1105	0	0	0	0
AF	0	0.009994	3321	2275	1046	0	0	0	0
AF	0	0.010306	3146	2181	965	0	0	0	0
AF	0	0.010618	3102	2116	986	0	0	0	0
AF	0	0.010931	2828	1902	926	0	0	0	0
AF	0	0.011243	2998	2030	968	0	0	0	0
AF	0	0.011555	3138	2168	970	0	0	0	0
AF	0	0.011868	2692	1811	881	0	0	0	0
AF	0	0.012180	2632	1831	801	0	0	0	0
AF	0	0.012492	2397	1602	795	0	0	0	0
AF	0	0.012804	2380	1632	748	0	0	0	0
AF	0	0.013117	2190	1505	685	0	0	0	0
AF	0	0.013429	2245	1524	721	0	0	0	0
AF	0	0.013741	2387	1640	747	0	0	0	0
AF	0	0.014054	2333	1601	732	0	0	0	0
AF	0	0.014366	2059	1437	622	0	0	0	0
AF	0	0.014678	2075	1387	688	0	0	0	0
AF	0	0.014991	2043	1411	632	0	0	0	0
AF	0	0.015303	1937	1320	617	0	0	0	0
AF	0	0.015615	1737	1168	569	0	0	0	0
AF	0	0.015928	1767	1188	579	0	0	0	0
AF	0	0.016240	1794	1221	573	0	0	0	0
AF	0	0.016552	1957	1279	678	0	0	0	0
AF	0	0.016864	1667	1169	498	0	0	0	0
AF	0	0.017177	1674	1126	548	0	0	0	0
AF	0	0.017489	1558	1075	483	0	0	0	0
AF	0	0.017801	1593	1061	532	0	0	0	0
AF	0	0.018114	1657	1134	523	0	0	0	0
AF	0	0.018426	1578	1102	476	0	0	0	0
AF	0	0.018738	1452	987	465	0	0	0	0
AF	0	0.019051	1306	872	434	0	0	0	0
AF	0	0.019363	1364	949	415	0	0	0	0
AF	0	0.019675	1228	849	379	0	0	0	0
AF	0	0.019988	1319	949	370	0	0	0	0
AF	0	0.020300	1199	811	388	0	0	0	0
AF	0	0.020612	1266	910	356	0	0	0	0
AF	0	0.020924	1201	850	351	0	0	0	0
AF	0	0.021237	1170	801	369	0	0	0	0
AF	0	0.021549	1223	833	390	0	0	0	0
AF	0	0.021861	1075	770	305	0	0	0	0
AF	0	0.022174	1206	825	381	0	0	0	0
AF	0	0.022486	1188	797	391	0	0	0	0
AF	0	0.022798	1079	724	355	0	0	0	0
AF	0	0.023111	1063	743	320	0	0	0	0
AF	0	0.023423	1018	699	319	0	0	0	0
AF	0	0.023735	1064	736	328	0	0	0	0
AF	0	0.024047	907	631	276	0	0	0	0
AF	0	0.024360	935	616	319	0	0	0	0
AF	0	0.024672	907	620	287	0	0	0	0
AF	0	0.024984	939	636	303	0	0	0	0
AF	0	0.025297	957	655	302	0	0	0	0
AF	0	0.025609	813	542	271	0	0	0	0
AF	0	0.025921	808	555	253	0	0	0	0
AF	0	0.026234	780	564	216	0	0	0	0
AF	0	0.026546	863	592	271	0	0	0	0
AF	0	0.026858	852	592	260	0	0	0	0
AF	0	0.027171	843	566	277	0	0	0	0
AF	0	0.027483	835	584	251	0	0	0	0
AF	0	0.027795	752	509	243	0	0	0	0
AF	0	0.028107	703	467	236	0	0	0	0
AF	0	0.028420	737	512	225	0	0	0	0
AF	0	0.028732	793	537	256	0	0	0	0
AF	0	0.029044	708	492	216	0	0	0	0
AF	0	0.029357	666	443	223	0	0	0	0
AF	0	0.029669	834	594	240	0	0	0	0
AF	0	0.029981	701	500	201	0	0	0	0
AF	0	0.030294	633	449	184	0	0	0	0
AF	0	0.030606	628	441	187	0	0	0	0
AF	0	0.030918	730	493	237	0	0	0	0
AF	0	0.031230	706	481	225	0	0	0	0
AF	0	0.031543	598	414	184	0	0	0	0
AF	0	0.031855	615	428	187	0	0	0	0
AF	0	0.032167	613	405	208	0	0	0	0
AF	0	0.032480	665	448	217	0	0	0	0
AF	0	0.032792	602	416	186	0	0	0	0
AF	0	0.033104	718	501	217	0	0	0	0
AF	0	0.033417	640	446	194	0	0	0	0
AF	0	0.033729	541	368	173	0	0	0	0
AF	0	0.034041	527	343	184	0	0	0	0
AF	0	0.034354	566	361	205	0	0	0	0
AF	0	0.034666	671	450	221	0	0	0	0
AF	0	0.034978	603	409	194	0	0	0	0
AF	0	0.035290	660	426	234	0	0	0	0
AF	0	0.035603	603	417	186	0	0	0	0
AF	0	0.035915	499	349	150	0	0	0	0
AF	0	0.036227	552	370	182	0	0	0	0
AF	0	0.036540	506	356	150	0	0	0	0
AF	0	0.036852	501	353	148	0	0	0	0
AF	0	0.037164	416	305	111	0	0	0	0
AF	0	0.037477	420	300	120	0	0	0	0
AF	0	0.037789	488	337	151	0	0	0	0
AF	0	0.038101	485	320	165	0	0	0	0
AF	0	0.038413	469	323	146	0	0	0	0
AF	0	0.038726	587	388	199	0	0	0	0
AF	0	0.039038	561	385	176	0	0	0	0
AF	0	0.039350	552	387	165	0	0	0	0
AF	0	0.039663	461	307	154	0	0	0	0
AF	0	0.039975	449	310	139	0	0	0	0
AF	0	0.040287	480	327	153	0	0	0	0
AF	0	0.040600	484	339	145	0	0	0	0
AF	0	0.040912	430	309	121	0	0	0	0
AF	0	0.041224	385	266	119	0	0	0	0
AF	0	0.041537	454	297	157	0	0	0	0
AF	0	0.041849	437	295	142	0	0	0	0
AF	0	0.042161	445	301	144	0	0	0	0
AF	0	0.042473	378	264	114	0	0	0	0
AF	0	0.042786	427	298	129	0	0	0	0
AF	0	0.043098	398	282	116	0	0	0	0
AF	0	0.043410	488	335	153	0	0	0	0
AF	0	0.043723	383	271	112	0	0	0	0
AF	0	0.044035	373	265	108	0	0	0	0
AF	0	0.044347	435	309	126	0	0	0	0
AF	0	0.044660	402	292	110	0	0	0	0
AF	0	0.044972	381	258	123	0	0	0	0
AF	0	0.045284	395	289	106	0	0	0	0
AF	0	0.045597	345	237	108	0	0	0	0
AF	0	0.045909	356	232	124	0	0	0	0
AF	0	0.046221	454	314	140	0	0	0	0
AF	0	0.046533	350	237	113	0	0	0	0
AF	0	0.046846	346	246	100	0	0	0	0
AF	0	0.047158	290	209	81	0	0	0	0
AF	0	0.047470	349	244	105	0	0	0	0
AF	0	0.047783	324	220	104	0	0	0	0
AF	0	0.048095	334	226	108	0	0	0	0
AF	0	0.048407	327	227	100	0	0	0	0
AF	0	0.048720	364	261	103	0	0	0	0
AF	0	0.049032	349	244	105	0	0	0	0
AF	0	0.049344	299	212	87	0	0	0	0
AF	0	0.049656	297	207	90	0	0	0	0
AF	0	0.049969	317	235	82	0	0	0	0
AF	0	0.050281	345	238	107	0	0	0	0
AF	0	0.050593	413	287	126	0	0	0	0
AF	0	0.050906	331	226	105	0	0	0	0
AF	0	0.051218	317	204	113	0	0	0	0
AF	0	0.051530	336	229	107	0	0	0	0
AF	0	0.051843	305	212	93	0	0	0	0
AF	0	0.052155	305	222	83	0	0	0	0
AF	0	0.052467	283	200	83	0	0	0	0
AF	0	0.052780	360	242	118	0	0	0	0
AF	0	0.053092	357	261	96	0	0	0	0
AF	0	0.053404	371	267	104	0	0	0	0
AF	0	0.053716	317	212	105	0	0	0	0
AF	0	0.054029	292	193	99	0	0	0	0
AF	0	0.054341	291	196	95	0	0	0	0
AF	0	0.054653	305	212	93	0	0	0	0
AF	0	0.054966	276	183	93	0	0	0	0
AF	0	0.055278	267	195	72	0	0	0	0
AF	0	0.055590	264	168	96	0	0	0	0
AF	0	0.055903	274	182	92	0	0	0	0
AF	0	0.056215	253	171	82	0	0	0	0
AF	0	0.056527	298	200	98	0	0	0	0
AF	0	0.056839	266	187	79	0	0	0	0
AF	0	0.057152	245	171	74	0	0	0	0
AF	0	0.057464	245	172	73	0	0	0	0
AF	0	0.057776	272	171	101	0	0	0	0
AF	0	0.058089	260	173	87	0	0	0	0
AF	0	0.058401	280	196	84	0	0	0	0
AF	0	0.058713	314	217	97	0	0	0	0
AF	0	0.059026	237	163	74	0	0	0	0
AF	0	0.059338	260	183	77	0	0	0	0
AF	0	0.059650	222	151	71	0	0	0	0
AF	0	0.059963	198	147	51	0	0	0	0
AF	0	0.060275	274	174	100	0	0	0	0
AF	0	0.060587	276	189	87	0	0	0	0
AF	0	0.060899	249	177	72	0	0	0	0
AF	0	0.061212	241	174	67	0	0	0	0
AF	0	0.061524	216	150	66	0	0	0	0
AF	0	0.061836	222	155	67	0	0	0	0
AF	0	0.062149	282	192	90	0	0	0	0
AF	0	0.062461	267	191	76	0	0	0	0
AF	0	0.062773	264	186	78	0	0	0	0
AF	0	0.063086	231	173	58	0	0	0	0
AF	0	0.063398	212	153	59	0	0	0	0
AF	0	0.063710	188	126	62	0	0	0	0
AF	0	0.064022	259	175	84	0	0	0	0
AF	0	0.064335	220	157	63	0	0	0	0
AF	0	0.064647	208	138	70	0	0	0	0
AF	0	0.064959	224	156	68	0	0	0	0
AF	0	0.065272	219	146	73	0	0	0	0
AF	0	0.065584	221	151	70	0	0	0	0
AF	0	0.065896	202	130	72	0	0	0	0
AF	0	0.066209	237	156	81	0	0	0	0
AF	0	0.066521	186	126	60	0	0	0	0
AF	0	0.066833	226	161	65	0	0	0	0
AF	0	0.067146	231	154	77	0	0	0	0
AF	0	0.067458	236	168	68	0	0	0	0
AF	0	0.067770	219	155	64	0	0	0	0
AF	0	0.068082	193	139	54	0	0	0	0
AF	0	0.068395	215	146	69	0	0	0	0
AF	0	0.068707	227	169	58	0	0	0	0
AF	0	0.069019	196	129	67	0	0	0	0
AF	0	0.069332	196	134	62	0	0	0	0
AF	0	0.069644	256	183	73	0	0	0	0
AF	0	0.069956	228	155	73	0	0	0	0
AF	0	0.070269	205	130	75	0	0	0	0
AF	0	0.070581	238	169	69	0	0	0	0
AF	0	0.070893	191	132	59	0	0	0	0
AF	0	0.071205	273	193	80	0	0	0	0
AF	0	0.071518	229	143	86	0	0	0	0
AF	0	0.071830	248	163	85	0	0	0	0
AF	0	0.072142	211	146	65	0	0	0	0
AF	0	0.072455	218	139	79	0	0	0	0
AF	0	0.072767	204	142	62	0	0	0	0
AF	0	0.073079	253	175	78	0	0	0	0
AF	0	0.073392	343	232	111	0	0	0	0
AF	0	0.073704	220	164	56	0	0	0	0
AF	0	0.074016	217	145	72	0	0	0	0
AF	0	0.074329	235	161	74	0	0	0	0
AF	0	0.074641	196	121	75	0	0	0	0
AF	0	0.074953	204	149	55	0	0	0	0
AF	0	0.075265	171	111	60	0	0	0	0
AF	0	0.075578	200	134	66	0	0	0	0
AF	0	0.075890	209	144	65	0	0	0	0
AF	0	0.076202	178	117	61	0	0	0	0
AF	0	0.076515	194	137	57	0	0	0	0
AF	0	0.076827	170	106	64	0	0	0	0
AF	0	0.077139	206	133	73	0	0	0	0
AF	0	0.077452	189	129	60	0	0	0	0
AF	0	0.077764	223	160	63	0	0	0	0
AF	0	0.078076	202	145	57	0	0	0	0
AF	0	0.078389	225	158	67	0	0	0	0
AF	0	0.078701	208	145	63	0	0	0	0
AF	0	0.079013	191	124	67	0	0	0	0
AF	0	0.079325	276	200	76	0	0	0	0
AF	0	0.079638	186	125	61	0	0	0	0
AF	0	0.079950	206	145	61	0	0	0	0
AF	0	0.080262	221	158	63	0	0	0	0
AF	0	0.080575	186	129	57	0	0	0	0
AF	0	0.080887	182	125	57	0	0	0	0
AF	0	0.081199	224	153	71	0	0	0	0
AF	0	0.081512	216	136	80	0	0	0	0
AF	0	0.081824	217	144	73	0	0	0	0
AF	0	0.082136	216	160	56	0	0	0	0
AF	0	0.082448	265	182	83	0	0	0	0
AF	0	0.082761	184	122	62	0	0	0	0
AF	0	0.083073	203	142	61	0	0	0	0
AF	0	0.083385	213	141	72	0	0	0	0
AF	0	0.083698	170	120	50	0	0	0	0
AF	0	0.084010	170	117	53	0	0	0	0
AF	0	0.084322	178	121	57	0	0	0	0
AF	0	0.084635	150	111	39	0	0	0	0
AF	0	0.084947	195	134	61	0	0	0	0
AF	0	0.085259	193	132	61	0	0	0	0
AF	0	0.085572	181	119	62	0	0	0	0
AF	0	0.085884	158	105	53	0	0	0	0
AF	0	0.086196	194	139	55	0	0	0	0
AF	0	0.086508	234	167	67	0	0	0	0
AF	0	0.086821	176	127	49	0	0	0	0
AF	0	0.087133	164	108	56	0	0	0	0
AF	0	0.087445	209	144	65	0	0	0	0
AF	0	0.087758	146	103	43	0	0	0	0
AF	0	0.088070	160	104	56	0	0	0	0
AF	0	0.088382	207	140	67	0	0	0	0
AF	0	0.088695	196	125	71	0	0	0	0
AF	0	0.089007	156	98	58	0	0	0	0
AF	0	0.089319	155	113	42	0	0	0	0
AF	0	0.089631	190	125	65	0	0	0	0
AF	0	0.089944	191	146	45	0	0	0	0
AF	0	0.090256	173	123	50	0	0	0	0
AF	0	0.090568	170	123	47	0	0	0	0
AF	0	0.090881	223	148	75	0	0	0	0
AF	0	0.091193	173	114	59	0	0	0	0
AF	0	0.091505	161	113	48	0	0	0	0
AF	0	0.091818	144	101	43	0	0	0	0
AF	0	0.092130	158	108	50	0	0	0	0
AF	0	0.092442	160	115	45	0	0	0	0
AF	0	0.092755	246	167	79	0	0	0	0
AF	0	0.093067	170	115	55	0	0	0	0
AF	0	0.093379	136	95	41	0	0	0	0
AF	0	0.093691	162	115	47	0	0	0	0
AF	0	0.094004	160	117	43	0	0	0	0
AF	0	0.094316	129	92	37	0	0	0	0
AF	0	0.094628	189	130	59	0	0	0	0
AF	0	0.094941	146	109	37	0	0	0	0
AF	0	0.095253	127	86	41	0	0	0	0
AF	0	0.095565	146	109	37	0	0	0	0
AF	0	0.095878	136	100	36	0	0	0	0
AF	0	0.096190	134	92	42	0	0	0	0
AF	0	0.096502	138	108	30	0	0	0	0
AF	0	0.096814	165	117	48	0	0	0	0
AF	0	0.097127	149	99	50	0	0	0	0
AF	0	0.097439	190	131	59	0	0	0	0
AF	0	0.097751	146	106	40	0	0	0	0
AF	0	0.098064	141	93	48	0	0	0	0
AF	0	0.098376	158	109	49	0	0	0	0
AF	0	0.098688	189	128	61	0	0	0	0
AF	0	0.099001	160	120	40	0	0	0	0
AF	0	0.099313	168	117	51	0	0	0	0
AF	0	0.099625	152	100	52	0	0	0	0
AF	0	0.099938	128	89	39	0	0	0	0
AF	0	0.100250	171	116	55	0	0	0	0
AF	0	0.100562	141	101	40	0	0	0	0
AF	0	0.100874	145	102	43	0	0	0	0
AF	0	0.101187	150	102	48	0	0	0	0
AF	0	0.101499	129	95	34	0	0	0	0
AF	0	0.101811	136	101	35	0	0	0	0
AF	0	0.102124	169	115	54	0	0	0	0
AF	0	0.102436	133	90	43	0	0	0	0
AF	0	0.102748	143	95	48	0	0	0	0
AF	0	0.103061	145	99	46	0	0	0	0
AF	0	0.103373	118	87	31	0	0	0	0
AF	0	0.103685	142	103	39	0	0	0	0
AF	0	0.103998	161	109	52	0	0	0	0
AF	0	0.104310	149	105	44	0	0	0	0
AF	0	0.104622	182	122	60	0	0	0	0
AF	0	0.104934	160	104	56	0	0	0	0
AF	0	0.105247	149	101	48	0	0	0	0
AF	0	0.105559	135	93	42	0	0	0	0
AF	0	0.105871	133	93	40	0	0	0	0
AF	0	0.106184	124	81	43	0	0	0	0
AF	0	0.106496	164	117	47	0	0	0	0
AF	0	0.106808	139	89	50	0	0	0	0
AF	0	0.107121	136	94	42	0	0	0	0
AF	0	0.107433	141	101	40	0	0	0	0
AF	0	0.107745	138	97	41	0	0	0	0
AF	0	0.108057	178	130	48	0	0	0	0
AF	0	0.108370	143	100	43	0	0	0	0
AF	0	0.108682	166	110	56	0	0	0	0
AF	0	0.108994	199	139	60	0	0	0	0
AF	0	0.109307	127	93	34	0	0	0	0
AF	0	0.109619	141	100	41	0	0	0	0
AF	0	0.109931	125	79	46	0	0	0	0
AF	0	0.110244	152	97	55	0	0	0	0
AF	0	0.110556	148	95	53	0	0	0	0
AF	0	0.110868	129	85	44	0	0	0	0
AF	0	0.111181	129	90	39	0	0	0	0
AF	0	0.111493	156	113	43	0	0	0	0
AF	0	0.111805	197	140	57	0	0	0	0
AF	0	0.112117	186	121	65	0	0	0	0
AF	0	0.112430	114	76	38	0	0	0	0
AF	0	0.112742	131	82	49	0	0	0	0
AF	0	0.113054	113	79	34	0	0	0	0
AF	0	0.113367	141	104	37	0	0	0	0
AF	0	0.113679	122	89	33	0	0	0	0
AF	0	0.113991	131	91	40	0	0	0	0
AF	0	0.114304	136	101	35	0	0	0	0
AF	0	0.114616	124	91	33	0	0	0	0
AF	0	0.114928	150	106	44	0	0	0	0
AF	0	0.115240	174	119	55	0	0	0	0
AF	0	0.115553	140	107	33	0	0	0	0
AF	0	0.115865	133	89	44	0	0	0	0
AF	0	0.116177	152	108	44	0	0	0	0
AF	0	0.116490	130	89	41	0	0	0	0
AF	0	0.116802	143	104	39	0	0	0	0
AF	0	0.117114	129	95	34	0	0	0	0
AF	0	0.117427	131	97	34	0	0	0	0
AF	0	0.117739	139	104	35	0	0	0	0
AF	0	0.118051	131	91	40	0	0	0	0
AF	0	0.118364	135	94	41	0	0	0	0
AF	0	0.118676	125	80	45	0	0	0	0
AF	0	0.118988	179	120	59	0	0	0	0
AF	0	0.119300	132	100	32	0	0	0	0
AF	0	0.119613	164	109	55	0	0	0	0
AF	0	0.119925	114	83	31	0	0	0	0
AF	0	0.120237	162	112	50	0	0	0	0
AF	0	0.120550	207	132	75	0	0	0	0
AF	0	0.120862	166	107	59	0	0	0	0
AF	0	0.121174	127	89	38	0	0	0	0
AF	0	0.121487	123	84	39	0	0	0	0
AF	0	0.121799	132	93	39	0	0	0	0
AF	0	0.122111	144	92	52	0	0	0	0
AF	0	0.122423	133	90	43	0	0	0	0
AF	0	0.122736	109	72	37	0	0	0	0
AF	0	0.123048	130	96	34	0	0	0	0
AF	0	0.123360	121	80	41	0	0	0	0
AF	0	0.123673	127	88	39	0	0	0	0
AF	0	0.123985	130	98	32	0	0	0	0
AF	0	0.124297	124	84	40	0	0	0	0
AF	0	0.124610	159	110	49	0	0	0	0
AF	0	0.124922	136	90	46	0	0	0	0
AF	0	0.125234	186	127	59	0	0	0	0
AF	0	0.125547	148	109	39	0	0	0	0
AF	0	0.125859	141	102	39	0	0	0	0
AF	0	0.126171	134	81	53	0	0	0	0
AF	0	0.126483	156	114	42	0	0	0	0
AF	0	0.126796	141	92	49	0	0	0	0
AF	0	0.127108	141	97	44	0	0	0	0
AF	0	0.127420	140	92	48	0	0	0	0
AF	0	0.127733	153	100	53	0	0	0	0
AF	0	0.128045	159	113	46	0	0	0	0
AF	0	0.128357	133	97	36	0	0	0	0
AF	0	0.128670	138	91	47	0	0	0	0
AF	0	0.128982	176	115	61	0	0	0	0
AF	0	0.129294	160	102	58	0	0	0	0
AF	0	0.129606	182	119	63	0	0	0	0
AF	0	0.129919	155	103	52	0	0	0	0
AF	0	0.130231	163	107	56	0	0	0	0
AF	0	0.130543	166	119	47	0	0	0	0
AF	0	0.130856	123	83	40	0	0	0	0
AF	0	0.131168	142	101	41	0	0	0	0
AF	0	0.131480	159	105	54	0	0	0	0
AF	0	0.131793	118	76	42	0	0	0	0
AF	0	0.132105	120	84	36	0	0	0	0
AF	0	0.132417	125	88	37	0	0	0	0
AF	0	0.132730	112	81	31	0	0	0	0
AF	0	0.133042	103	74	29	0	0	0	0
AF	0	0.133354	107	73	34	0	0	0	0
AF	0	0.133666	105	74	31	0	0	0	0
AF	0	0.133979	114	79	35	0	0	0	0
AF	0	0.134291	130	87	43	0	0	0	0
AF	0	0.134603	108	69	39	0	0	0	0
AF	0	0.134916	82	59	23	0	0	0	0
AF	0	0.135228	102	66	36	0	0	0	0
AF	0	0.135540	122	99	23	0	0	0	0
AF	0	0.135853	112	78	34	0	0	0	0
AF	0	0.136165	118	84	34	0	0	0	0
AF	0	0.136477	161	105	56	0	0	0	0
AF	0	0.136790	127	92	35	0	0	0	0
AF	0	0.137102	95	65	30	0	0	0	0
AF	0	0.137414	122	87	35	0	0	0	0
AF	0	0.137726	103	73	30	0	0	0	0
AF	0	0.138039	103	72	31	0	0	0	0
AF	0	0.138351	110	83	27	0	0	0	0
AF	0	0.138663	123	79	44	0	0	0	0
AF	0	0.138976	94	71	23	0	0	0	0
AF	0	0.139288	125	90	35	0	0	0	0
AF	0	0.139600	133	85	48	0	0	0	0
AF	0	0.139913	106	75	31	0	0	0	0
AF	0	0.140225	129	92	37	0	0	0	0
AF	0	0.140537	106	72	34	0	0	0	0
AF	0	0.140849	122	79	43	0	0	0	0
AF	0	0.141162	122	79	43	0	0	0	0
AF	0	0.141474	147	96	51	0	0	0	0
AF	0	0.141786	126	92	34	0	0	0	0
AF	0	0.142099	106	66	40	0	0	0	0
AF	0	0.142411	109	65	44	0	0	0	0
AF	0	0.142723	107	73	34	0	0	0	0
AF	0	0.143036	114	78	36	0	0	0	0
AF	0	0.143348	101	66	35	0	0	0	0
AF	0	0.143660	123	93	30	0	0	0	0
AF	0	0.143973	143	102	41	0	0	0	0
AF	0	0.144285	103	70	33	0	0	0	0
AF	0	0.144597	101	68	33	0	0	0	0
AF	0	0.144909	105	68	37	0	0	0	0
AF	0	0.145222	111	75	36	0	0	0	0
AF	0	0.145534	110	76	34	0	0	0	0
AF	0	0.145846	111	82	29	0	0	0	0
AF	0	0.146159	120	83	37	0	0	0	0
AF	0	0.146471	95	63	32	0	0	0	0
AF	0	0.146783	84	53	31	0	0	0	0
AF	0	0.147096	97	66	31	0	0	0	0
AF	0	0.147408	117	76	41	0	0	0	0
AF	0	0.147720	128	84	44	0	0	0	0
AF	0	0.148032	130	97	33	0	0	0	0
AF	0	0.148345	102	69	33	0	0	0	0
AF	0	0.148657	105	66	39	0	0	0	0
AF	0	0.148969	108	78	30	0	0	0	0
AF	0	0.149282	163	105	58	0	0	0	0
AF	0	0.149594	112	64	48	0	0	0	0
AF	0	0.149906	138	98	40	0	0	0	0
AF	0	0.150219	107	76	31	0	0	0	0
AF	0	0.150531	112	74	38	0	0	0	0
AF	0	0.150843	117	82	35	0	0	0	0
AF	0	0.151156	127	89	38	0	0	0	0
AF	0	0.151468	131	85	46	0	0	0	0
AF	0	0.151780	133	95	38	0	0	0	0
AF	0	0.152092	126	87	39	0	0	0	0
AF	0	0.152405	133	99	34	0	0	0	0
AF	0	0.152717	121	84	37	0	0	0	0
AF	0	0.153029	108	69	39	0	0	0	0
AF	0	0.153342	132	91	41	0	0	0	0
AF	0	0.153654	113	79	34	0	0	0	0
AF	0	0.153966	96	68	28	0	0	0	0
AF	0	0.154279	90	60	30	0	0	0	0
AF	0	0.154591	126	93	33	0	0	0	0
AF	0	0.154903	92	57	35	0	0	0	0
AF	0	0.155215	118	75	43	0	0	0	0
AF	0	0.155528	145	93	52	0	0	0	0
AF	0	0.155840	105	76	29	0	0	0	0
AF	0	0.156152	93	72	21	0	0	0	0
AF	0	0.156465	132	97	35	0	0	0	0
AF	0	0.156777	108	66	42	0	0	0	0
AF	0	0.157089	133	88	45	0	0	0	0
AF	0	0.157402	123	80	43	0	0	0	0
AF	0	0.157714	111	83	28	0	0	0	0
AF	0	0.158026	106	72	34	0	0	0	0
AF	0	0.158339	122	83	39	0	0	0	0
AF	0	0.158651	119	87	32	0	0	0	0
AF	0	0.158963	113	82	31	0	0	0	0
AF	0	0.159275	102	73	29	0	0	0	0
AF	0	0.159588	99	66	33	0	0	0	0
AF	0	0.159900	78	57	21	0	0	0	0
AF	0	0.160212	94	61	33	0	0	0	0
AF	0	0.160525	97	73	24	0	0	0	0
AF	0	0.160837	121	81	40	0	0	0	0
AF	0	0.161149	71	49	22	0	0	0	0
AF	0	0.161462	117	78	39	0	0	0	0
AF	0	0.161774	95	68	27	0	0	0	0
AF	0	0.162086	93	64	29	0	0	0	0
AF	0	0.162399	107	78	29	0	0	0	0
AF	0	0.162711	121	90	31	0	0	0	0
AF	0	0.163023	83	61	22	0	0	0	0
AF	0	0.163335	117	80	37	0	0	0	0
AF	0	0.163648	103	74	29	0	0	0	0
AF	0	0.163960	105	74	31	0	0	0	0
AF	0	0.164272	116	74	42	0	0	0	0
AF	0	0.164585	102	68	34	0	0	0	0
AF	0	0.164897	91	63	28	0	0	0	0
AF	0	0.165209	94	64	30	0	0	0	0
AF	0	0.165522	83	58	25	0	0	0	0
AF	0	0.165834	114	71	43	0	0	0	0
AF	0	0.166146	93	62	31	0	0	0	0
AF	0	0.166458	108	80	28	0	0	0	0
AF	0	0.166771	84	57	27	0	0	0	0
AF	0	0.167083	100	63	37	0	0	0	0
AF	0	0.167395	88	53	35	0	0	0	0
AF	0	0.167708	91	64	27	0	0	0	0
AF	0	0.168020	91	69	22	0	0	0	0
AF	0	0.168332	109	74	35	0	0	0	0
AF	0	0.168645	96	76	20	0	0	0	0
AF	0	0.168957	108	75	33	0	0	0	0
AF	0	0.169269	84	57	27	0	0	0	0
AF	0	0.169582	112	81	31	0	0	0	0
AF	0	0.169894	108	74	34	0	0	0	0
AF	0	0.170206	141	96	45	0	0	0	0
AF	0	0.170518	128	94	34	0	0	0	0
AF	0	0.170831	113	76	37	0	0	0	0
AF	0	0.171143	106	68	38	0	0	0	0
AF	0	0.171455	115	83	32	0	0	0	0
AF	0	0.171768	112	83	29	0	0	0	0
AF	0	0.172080	128	89	39	0	0	0	0
AF	0	0.172392	113	78	35	0	0	0	0
AF	0	0.172705	125	85	40	0	0	0	0
AF	0	0.173017	89	61	28	0	0	0	0
AF	0	0.173329	80	56	24	0	0	0	0
AF	0	0.173641	97	70	27	0	0	0	0
AF	0	0.173954	102	72	30	0	0	0	0
AF	0	0.174266	99	67	32	0	0	0	0
AF	0	0.174578	91	62	29	0	0	0	0
AF	0	0.174891	91	71	20	0	0	0	0
AF	0	0.175203	103	55	48	0	0	0	0
AF	0	0.175515	107	77	30	0	0	0	0
AF	0	0.175828	96	77	19	0	0	0	0
AF	0	0.176140	91	66	25	0	0	0	0
AF	0	0.176452	90	58	32	0	0	0	0
AF	0	0.176765	99	70	29	0	0	0	0
AF	0	0.177077	116	81	35	0	0	0	0
AF	0	0.177389	114	84	30	0	0	0	0
AF	0	0.177701	81	57	24	0	0	0	0
AF	0	0.178014	123	83	40	0	0	0	0
AF	0	0.178326	78	54	24	0	0	0	0
AF	0	0.178638	102	71	31	0	0	0	0
AF	0	0.178951	108	76	32	0	0	0	0
AF	0	0.179263	117	74	43	0	0	0	0
AF	0	0.179575	95	71	24	0	0	0	0
AF	0	0.179888	106	63	43	0	0	0	0
AF	0	0.180200	119	82	37	0	0	0	0
AF	0	0.180512	115	82	33	0	0	0	0
AF	0	0.180824	95	68	27	0	0	0	0
AF	0	0.181137	121	87	34	0	0	0	0
AF	0	0.181449	96	66	30	0	0	0	0
AF	0	0.181761	139	93	46	0	0	0	0
AF	0	0.182074	96	68	28	0	0	0	0
AF	0	0.182386	86	57	29	0	0	0	0
AF	0	0.182698	108	76	32	0	0	0	0
AF	0	0.183011	93	57	36	0	0	0	0
AF	0	0.183323	103	76	27	0	0	0	0
AF	0	0.183635	105	69	36	0	0	0	0
AF	0	0.183948	92	63	29	0	0	0	0
AF	0	0.184260	76	50	26	0	0	0	0
AF	0	0.184572	120	78	42	0	0	0	0
AF	0	0.184884	99	73	26	0	0	0	0
AF	0	0.185197	87	62	25	0	0	0	0
AF	0	0.185509	84	49	35	0	0	0	0
AF	0	0.185821	87	63	24	0	0	0	0
AF	0	0.186134	77	56	21	0	0	0	0
AF	0	0.186446	101	73	28	0	0	0	0
AF	0	0.186758	73	45	28	0	0	0	0
AF	0	0.187071	101	70	31	0	0	0	0
AF	0	0.187383	77	54	23	0	0	0	0
AF	0	0.187695	98	69	29	0	0	0	0
AF	0	0.188007	104	78	26	0	0	0	0
AF	0	0.188320	88	62	26	0	0	0	0
AF	0	0.188632	90	58	32	0	0	0	0
AF	0	0.188944	104	76	28	0	0	0	0
AF	0	0.189257	97	78	19	0	0	0	0
AF	0	0.189569	95	62	33	0	0	0	0
AF	0	0.189881	86	57	29	0	0	0	0
AF	0	0.190194	78	51	27	0	0	0	0
AF	0	0.190506	80	49	31	0	0	0	0
AF	0	0.190818	95	63	32	0	0	0	0
AF	0	0.191131	78	50	28	0	0	0	0
AF	0	0.191443	88	61	27	0	0	0	0
AF	0	0.191755	80	52	28	0	0	0	0
AF	0	0.192067	88	55	33	0	0	0	0
AF	0	0.192380	70	47	23	0	0	0	0
AF	0	0.192692	82	57	25	0	0	0	0
AF	0	0.193004	91	61	30	0	0	0	0
AF	0	0.193317	103	83	20	0	0	0	0
AF	0	0.193629	77	53	24	0	0	0	0
AF	0	0.193941	103	68	35	0	0	0	0
AF	0	0.194254	82	54	28	0	0	0	0
AF	0	0.194566	67	43	24	0	0	0	0
AF	0	0.194878	81	57	24	0	0	0	0
AF	0	0.195191	113	76	37	0	0	0	0
AF	0	0.195503	99	65	34	0	0	0	0
AF	0	0.195815	75	41	34	0	0	0	0
AF	0	0.196127	76	52	24	0	0	0	0
AF	0	0.196440	101	70	31	0	0	0	0
AF	0	0.196752	124	89	35	0	0	0	0
AF	0	0.197064	112	77	35	0	0	0	0
AF	0	0.197377	91	63	28	0	0	0	0
AF	0	0.197689	92	66	26	0	0	0	0
AF	0	0.198001	61	39	22	0	0	0	0
AF	0	0.198314	69	48	21	0	0	0	0
AF	0	0.198626	77	50	27	0	0	0	0
AF	0	0.198938	86	61	25	0	0	0	0
AF	0	0.199250	78	48	30	0	0	0	0
AF	0	0.199563	92	65	27	0	0	0	0
AF	0	0.199875	89	62	27	0	0	0	0
AF	0	0.200187	120	85	35	0	0	0	0
AF	0	0.200500	84	51	33	0	0	0	0
AF	0	0.200812	67	47	20	0	0	0	0
AF	0	0.201124	70	53	17	0	0	0	0
AF	0	0.201437	83	57	26	0	0	0	0
AF	0	0.201749	92	64	28	0	0	0	0
AF	0	0.202061	94	60	34	0	0	0	0
AF	0	0.202374	107	79	28	0	0	0	0
AF	0	0.202686	118	85	33	0	0	0	0
AF	0	0.202998	73	48	25	0	0	0	0
AF	0	0.203310	84	59	25	0	0	0	0
AF	0	0.203623	94	68	26	0	0	0	0
AF	0	0.203935	69	46	23	0	0	0	0
AF	0	0.204247	83	54	29	0	0	0	0
AF	0	0.204560	88	63	25	0	0	0	0
AF	0	0.204872	85	62	23	0	0	0	0
AF	0	0.205184	77	54	23	0	0	0	0
AF	0	0.205497	66	46	20	0	0	0	0
AF	0	0.205809	91	62	29	0	0	0	0
AF	0	0.206121	82	59	23	0	0	0	0
AF	0	0.206433	70	49	21	0	0	0	0
AF	0	0.206746	78	56	22	0	0	0	0
AF	0	0.207058	83	65	18	0	0	0	0
AF	0	0.207370	89	59	30	0	0	0	0
AF	0	0.207683	85	47	38	0	0	0	0
AF	0	0.207995	62	40	22	0	0	0	0
AF	0	0.208307	97	67	30	0	0	0	0
AF	0	0.208620	62	45	17	0	0	0	0
AF	0	0.208932	67	57	10	0	0	0	0
AF	0	0.209244	86	51	35	0	0	0	0
AF	0	0.209557	65	44	21	0	0	0	0
AF	0	0.209869	70	43	27	0	0	0	0
AF	0	0.210181	90	68	22	0	0	0	0
AF	0	0.210493	63	47	16	0	0	0	0
AF	0	0.210806	89	63	26	0	0	0	0
AF	0	0.211118	94	63	31	0	0	0	0
AF	0	0.211430	75	47	28	0	0	0	0
AF	0	0.211743	72	51	21	0	0	0	0
AF	0	0.212055	85	57	28	0	0	0	0
AF	0	0.212367	72	50	22	0	0	0	0
AF	0	0.212680	72	50	22	0	0	0	0
AF	0	0.212992	65	50	15	0	0	0	0
AF	0	0.213304	71	50	21	0	0	0	0
AF	0	0.213616	85	66	19	0	0	0	0
AF	0	0.213929	80	60	20	0	0	0	0
AF	0	0.214241	58	35	23	0	0	0	0
AF	0	0.214553	66	43	23	0	0	0	0
AF	0	0.214866	82	63	19	0	0	0	0
AF	0	0.215178	84	52	32	0	0	0	0
AF	0	0.215490	90	57	33	0	0	0	0
AF	0	0.215803	86	64	22	0	0	0	0
AF	0	0.216115	84	58	26	0	0	0	0
AF	0	0.216427	78	55	23	0	0	0	0
AF	0	0.216740	63	44	19	0	0	0	0
AF	0	0.217052	79	59	20	0	0	0	0
AF	0	0.217364	76	55	21	0	0	0	0
AF	0	0.217676	66	45	21	0	0	0	0
AF	0	0.217989	76	54	22	0	0	0	0
AF	0	0.218301	78	64	14	0	0	0	0
AF	0	0.218613	76	49	27	0	0	0	0
AF	0	0.218926	63	38	25	0	0	0	0
AF	0	0.219238	71	52	19	0	0	0	0
AF	0	0.219550	50	35	15	0	0	0	0
AF	0	0.219863	61	47	14	0	0	0	0
AF	0	0.220175	119	80	39	0	0	0	0
AF	0	0.220487	95	63	32	0	0	0	0
AF	0	0.220800	87	63	24	0	0	0	0
AF	0	0.221112	71	52	19	0	0	0	0
AF	0	0.221424	84	61	23	0	0	0	0
AF	0	0.221736	74	54	20	0	0	0	0
AF	0	0.222049	65	38	27	0	0	0	0
AF	0	0.222361	86	57	29	0	0	0	0
AF	0	0.222673	46	31	15	0	0	0	0
AF	0	0.222986	62	49	13	0	0	0	0
AF	0	0.223298	96	67	29	0	0	0	0
AF	0	0.223610	80	50	30	0	0	0	0
AF	0	0.223923	78	51	27	0	0	0	0
AF	0	0.224235	73	45	28	0	0	0	0
AF	0	0.224547	75	49	26	0	0	0	0
AF	0	0.224859	77	56	21	0	0	0	0
AF	0	0.225172	59	40	19	0	0	0	0
AF	0	0.225484	57	43	14	0	0	0	0
AF	0	0.225796	68	46	22	0	0	0	0
AF	0	0.226109	67	44	23	0	0	0	0
AF	0	0.226421	57	47	10	0	0	0	0
AF	0	0.226733	58	42	16	0	0	0	0
AF	0	0.227046	76	48	28	0	0	0	0
AF	0	0.227358	78	54	24	0	0	0	0
AF	0	0.227670	76	54	22	0	0	0	0
AF	0	0.227983	90	60	30	0	0	0	0
AF	0	0.228295	87	61	26	0	0	0	0
AF	0	0.228607	99	65	34	0	0	0	0
AF	0	0.228919	81	56	25	0	0	0	0
AF	0	0.229232	98	72	26	0	0	0	0
AF	0	0.229544	79	57	22	0	0	0	0
AF	0	0.229856	79	51	28	0	0	0	0
AF	0	0.230169	77	47	30	0	0	0	0
AF	0	0.230481	64	42	22	0	0	0	0
AF	0	0.230793	72	56	16	0	0	0	0
AF	0	0.231106	76	57	19	0	0	0	0
AF	0	0.231418	89	66	23	0	0	0	0
AF	0	0.231730	71	47	24	0	0	0	0
AF	0	0.232042	78	48	30	0	0	0	0
AF	0	0.232355	60	36	24	0	0	0	0
AF	0	0.232667	73	53	20	0	0	0	0
AF	0	0.232979	65	44	21	0	0	0	0
AF	0	0.233292	73	53	20	0	0	0	0
AF	0	0.233604	67	49	18	0	0	0	0
AF	0	0.233916	71	44	27	0	0	0	0
AF	0	0.234229	76	46	30	0	0	0	0
AF	0	0.234541	76	51	25	0	0	0	0
AF	0	0.234853	70	53	17	0	0	0	0
AF	0	0.235166	89	64	25	0	0	0	0
AF	0	0.235478	101	67	34	0	0	0	0
AF	0	0.235790	103	69	34	0	0	0	0
AF	0	0.236102	77	59	18	0	0	0	0
AF	0	0.236415	81	55	26	0	0	0	0
AF	0	0.236727	86	64	22	0	0	0	0
AF	0	0.237039	74	52	22	0	0	0	0
AF	0	0.237352	95	70	25	0	0	0	0
AF	0	0.237664	67	44	23	0	0	0	0
AF	0	0.237976	69	45	24	0	0	0	0
AF	0	0.238289	93	62	31	0	0	0	0
AF	0	0.238601	86	54	32	0	0	0	0
AF	0	0.238913	69	47	22	0	0	0	0
AF	0	0.239225	77	53	24	0	0	0	0
AF	0	0.239538	72	56	16	0	0	0	0
AF	0	0.239850	79	57	22	0	0	0	0
AF	0	0.240162	95	74	21	0	0	0	0
AF	0	0.240475	89	61	28	0	0	0	0
AF	0	0.240787	112	85	27	0	0	0	0
AF	0	0.241099	74	46	28	0	0	0	0
AF	0	0.241412	71	50	21	0	0	0	0
AF	0	0.241724	71	49	22	0	0	0	0
AF	0	0.242036	77	59	18	0	0	0	0
AF	0	0.242349	92	62	30	0	0	0	0
AF	0	0.242661	73	48	25	0	0	0	0
AF	0	0.242973	73	51	22	0	0	0	0
AF	0	0.243285	62	45	17	0	0	0	0
AF	0	0.243598	96	68	28	0	0	0	0
AF	0	0.243910	76	44	32	0	0	0	0
AF	0	0.244222	53	40	13	0	0	0	0
AF	0	0.244535	60	32	28	0	0	0	0
AF	0	0.244847	84	57	27	0	0	0	0
AF	0	0.245159	58	38	20	0	0	0	0
AF	0	0.245472	60	40	20	0	0	0	0
AF	0	0.245784	57	43	14	0	0	0	0
AF	0	0.246096	49	38	11	0	0	0	0
AF	0	0.246408	76	49	27	0	0	0	0
AF	0	0.246721	86	58	28	0	0	0	0
AF	0	0.247033	92	64	28	0	0	0	0
AF	0	0.247345	72	54	18	0	0	0	0
AF	0	0.247658	60	40	20	0	0	0	0
AF	0	0.247970	56	40	16	0	0	0	0
AF	0	0.248282	57	35	22	0	0	0	0
AF	0	0.248595	72	51	21	0	0	0	0
AF	0	0.248907	80	55	25	0	0	0	0
AF	0	0.249219	70	45	25	0	0	0	0
AF	0	0.249532	92	64	28	0	0	0	0
AF	0	0.249844	77	54	23	0	0	0	0
AF	0	0.250156	73	48	25	0	0	0	0
AF	0	0.250468	73	49	24	0	0	0	0
AF	0	0.250781	43	25	18	0	0	0	0
AF	0	0.251093	92	70	22	0	0	0	0
AF	0	0.251405	82	60	22	0	0	0	0
AF	0	0.251718	111	79	32	0	0	0	0
AF	0	0.252030	74	53	21	0	0	0	0
AF	0	0.252342	83	53	30	0	0	0	0
AF	0	0.252655	78	55	23	0	0	0	0
AF	0	0.252967	96	62	34	0	0	0	0
AF	0	0.253279	53	46	7	0	0	0	0
AF	0	0.253592	55	35	20	0	0	0	0
AF	0	0.253904	89	65	24	0	0	0	0
AF	0	0.254216	74	54	20	0	0	0	0
AF	0	0.254528	69	42	27	0	0	0	0
AF	0	0.254841	48	34	14	0	0	0	0
AF	0	0.255153	64	44	20	0	0	0	0
AF	0	0.255465	68	51	17	0	0	0	0
AF	0	0.255778	66	50	16	0	0	0	0
AF	0	0.256090	64	40	24	0	0	0	0
AF	0	0.256402	75	54	21	0	0	0	0
AF	0	0.256715	53	33	20	0	0	0	0
AF	0	0.257027	60	38	22	0	0	0	0
AF	0	0.257339	62	50	12	0	0	0	0
AF	0	0.257651	54	34	20	0	0	0	0
AF	0	0.257964	60	39	21	0	0	0	0
AF	0	0.258276	66	43	23	0	0	0	0
AF	0	0.258588	48	33	15	0	0	0	0
AF	0	0.258901	57	44	13	0	0	0	0
AF	0	0.259213	63	43	20	0	0	0	0
AF	0	0.259525	65	47	18	0	0	0	0
AF	0	0.259838	79	60	19	0	0	0	0
AF	0	0.260150	63	42	21	0	0	0	0
AF	0	0.260462	56	38	18	0	0	0	0
AF	0	0.260775	57	43	14	0	0	0	0
AF	0	0.261087	52	35	17	0	0	0	0
AF	0	0.261399	53	38	15	0	0	0	0
AF	0	0.261711	44	25	19	0	0	0	0
AF	0	0.262024	52	39	13	0	0	0	0
AF	0	0.262336	47	34	13	0	0	0	0
AF	0	0.262648	60	39	21	0	0	0	0
AF	0	0.262961	59	40	19	0	0	0	0
AF	0	0.263273	62	38	24	0	0	0	0
AF	0	0.263585	52	33	19	0	0	0	0
AF	0	0.263898	76	57	19	0	0	0	0
AF	0	0.264210	49	34	15	0	0	0	0
AF	0	0.264522	42	30	12	0	0	0	0
AF	0	0.264834	48	37	11	0	0	0	0
AF	0	0.265147	64	41	23	0	0	0	0
AF	0	0.265459	60	38	22	0	0	0	0
AF	0	0.265771	67	44	23	0	0	0	0
AF	0	0.266084	60	49	11	0	0	0	0
AF	0	0.266396	68	51	17	0	0	0	0
AF	0	0.266708	41	28	13	0	0	0	0
AF	0	0.267021	59	38	21	0	0	0	0
AF	0	0.267333	56	34	22	0	0	0	0
AF	0	0.267645	63	43	20	0	0	0	0
AF	0	0.267958	63	41	22	0	0	0	0
AF	0	0.268270	56	37	19	0	0	0	0
AF	0	0.268582	55	36	19	0	0	0	0
AF	0	0.268894	57	38	19	0	0	0	0
AF	0	0.269207	58	39	19	0	0	0	0
AF	0	0.269519	97	71	26	0	0	0	0
AF	0	0.269831	45	34	11	0	0	0	0
AF	0	0.270144	76	44	32	0	0	0	0
AF	0	0.270456	81	52	29	0	0	0	0
AF	0	0.270768	72	45	27	0	0	0	0
AF	0	0.271081	69	47	22	0	0	0	0
AF	0	0.271393	62	41	21	0	0	0	0
AF	0	0.271705	54	39	15	0	0	0	0
AF	0	0.272017	49	31	18	0	0	0	0
AF	0	0.272330	59	40	19	0	0	0	0
AF	0	0.272642	62	47	15	0	0	0	0
AF	0	0.272954	52	34	18	0	0	0	0
AF	0	0.273267	69	52	17	0	0	0	0
AF	0	0.273579	63	46	17	0	0	0	0
AF	0	0.273891	56	41	15	0	0	0	0
AF	0	0.274204	54	33	21	0	0	0	0
AF	0	0.274516	67	42	25	0	0	0	0
AF	0	0.274828	73	49	24	0	0	0	0
AF	0	0.275141	78	55	23	0	0	0	0
AF	0	0.275453	50	35	15	0	0	0	0
AF	0	0.275765	61	41	20	0	0	0	0
AF	0	0.276077	65	45	20	0	0	0	0
AF	0	0.276390	54	36	18	0	0	0	0
AF	0	0.276702	52	40	12	0	0	0	0
AF	0	0.277014	59	41	18	0	0	0	0
AF	0	0.277327	68	42	26	0	0	0	0
AF	0	0.277639	60	40	20	0	0	0	0
AF	0	0.277951	95	68	27	0	0	0	0
AF	0	0.278264	60	42	18	0	0	0	0
AF	0	0.278576	61	45	16	0	0	0	0
AF	0	0.278888	62	39	23	0	0	0	0
AF	0	0.279200	59	43	16	0	0	0	0
AF	0	0.279513	63	43	20	0	0	0	0
AF	0	0.279825	47	33	14	0	0	0	0
AF	0	0.280137	55	38	17	0	0	0	0
AF	0	0.280450	51	34	17	0	0	0	0
AF	0	0.280762	60	42	18	0	0	0	0
AF	0	0.281074	57	37	20	0	0	0	0
AF	0	0.281387	46	33	13	0	0	0	0
AF	0	0.281699	44	28	16	0	0	0	0
AF	0	0.282011	50	39	11	0	0	0	0
AF	0	0.282324	48	36	12	0	0	0	0
AF	0	0.282636	67	40	27	0	0	0	0
AF	0	0.282948	54	35	19	0	0	0	0
AF	0	0.283260	80	55	25	0	0	0	0
AF	0	0.283573	72	40	32	0	0	0	0
AF	0	0.283885	58	40	18	0	0	0	0
AF	0	0.284197	131	91	40	0	0	0	0
AF	0	0.284510	59	37	22	0	0	0	0
AF	0	0.284822	50	30	20	0	0	0	0
AF	0	0.285134	59	40	19	0	0	0	0
AF	0	0.285447	47	33	14	0	0	0	0
AF	0	0.285759	53	38	15	0	0	0	0
AF	0	0.286071	65	45	20	0	0	0	0
AF	0	0.286384	52	34	18	0	0	0	0
AF	0	0.286696	52	34	18	0	0	0	0
AF	0	0.287008	47	30	17	0	0	0	0
AF	0	0.287320	59	41	18	0	0	0	0
AF	0	0.287633	58	40	18	0	0	0	0
AF	0	0.287945	33	27	6	0	0	0	0
AF	0	0.288257	48	32	16	0	0	0	0
AF	0	0.288570	64	50	14	0	0	0	0
AF	0	0.288882	46	31	15	0	0	0	0
AF	0	0.289194	64	49	15	0	0	0	0
AF	0	0.289507	62	44	18	0	0	0	0
AF	0	0.289819	55	36	19	0	0	0	0
AF	0	0.290131	59	39	20	0	0	0	0
AF	0	0.290443	52	31	21	0	0	0	0
AF	0	0.290756	55	44	11	0	0	0	0
AF	0	0.291068	59	46	13	0	0	0	0
AF	0	0.291380	66	48	18	0	0	0	0
AF	0	0.291693	53	34	19	0	0	0	0
AF	0	0.292005	61	41	20	0	0	0	0
AF	0	0.292317	50	34	16	0	0	0	0
AF	0	0.292630	54	39	15	0	0	0	0
AF	0	0.292942	81	49	32	0	0	0	0
AF	0	0.293254	75	47	28	0	0	0	0
AF	0	0.293567	73	53	20	0	0	0	0
AF	0	0.293879	61	44	17	0	0	0	0
AF	0	0.294191	72	41	31	0	0	0	0
AF	0	0.294503	54	34	20	0	0	0	0
AF	0	0.294816	81	59	22	0	0	0	0
AF	0	0.295128	58	35	23	0	0	0	0
AF	0	0.295440	68	50	18	0	0	0	0
AF	0	0.295753	47	37	10	0	0	0	0
AF	0	0.296065	58	34	24	0	0	0	0
AF	0	0.296377	63	38	25	0	0	0	0
AF	0	0.296690	66	47	19	0	0	0	0
AF	0	0.297002	70	52	18	0	0	0	0
AF	0	0.297314	101	62	39	0	0	0	0
AF	0	0.297626	68	48	20	0	0	0	0
AF	0	0.297939	82	55	27	0	0	0	0
AF	0	0.298251	59	38	21	0	0	0	0
AF	0	0.298563	69	49	20	0	0	0	0
AF	0	0.298876	78	51	27	0	0	0	0
AF	0	0.299188	66	46	20	0	0	0	0
AF	0	0.299500	50	34	16	0	0	0	0
AF	0	0.299813	46	36	10	0	0	0	0
AF	0	0.300125	63	39	24	0	0	0	0
AF	0	0.300437	65	44	21	0	0	0	0
AF	0	0.300750	76	59	17	0	0	0	0
AF	0	0.301062	75	49	26	0	0	0	0
AF	0	0.301374	72	51	21	0	0	0	0
AF	0	0.301686	50	35	15	0	0	0	0
AF	0	0.301999	49	30	19	0	0	0	0
AF	0	0.302311	49	32	17	0	0	0	0
AF	0	0.302623	65	49	16	0	0	0	0
AF	0	0.302936	65	38	27	0	0	0	0
AF	0	0.303248	60	38	22	0	0	0	0
AF	0	0.303560	81	57	24	0	0	0	0
AF	0	0.303873	88	58	30	0	0	0	0
AF	0	0.304185	50	36	14	0	0	0	0
AF	0	0.304497	55	36	19	0	0	0	0
AF	0	0.304809	61	45	16	0	0	0	0
AF	0	0.305122	42	27	15	0	0	0	0
AF	0	0.305434	46	31	15	0	0	0	0
AF	0	0.305746	56	44	12	0	0	0	0
AF	0	0.306059	45	25	20	0	0	0	0
AF	0	0.306371	57	45	12	0	0	0	0
AF	0	0.306683	48	32	16	0	0	0	0
AF	0	0.306996	67	40	27	0	0	0	0
AF	0	0.307308	48	30	18	0	0	0	0
AF	0	0.307620	56	39	17	0	0	0	0
AF	0	0.307933	44	29	15	0	0	0	0
AF	0	0.308245	56	39	17	0	0	0	0
AF	0	0.308557	52	35	17	0	0	0	0
AF	0	0.308869	49	39	10	0	0	0	0
AF	0	0.309182	56	34	22	0	0	0	0
AF	0	0.309494	55	35	20	0	0	0	0
AF	0	0.309806	69	45	24	0	0	0	0
AF	0	0.310119	42	28	14	0	0	0	0
AF	0	0.310431	62	46	16	0	0	0	0
AF	0	0.310743	56	38	18	0	0	0	0
AF	0	0.311056	65	43	22	0	0	0	0
AF	0	0.311368	50	36	14	0	0	0	0
AF	0	0.311680	49	38	11	0	0	0	0
AF	0	0.311993	56	41	15	0	0	0	0
AF	0	0.312305	64	41	23	0	0	0	0
AF	0	0.312617	53	41	12	0	0	0	0
AF	0	0.312929	55	38	17	0	0	0	0
AF	0	0.313242	44	32	12	0	0	0	0
AF	0	0.313554	49	34	15	0	0	0	0
AF	0	0.313866	50	38	12	0	0	0	0
AF	0	0.314179	61	40	21	0	0	0	0
AF	0	0.314491	40	28	12	0	0	0	0
AF	0	0.314803	35	25	10	0	0	0	0
AF	0	0.315116	50	37	13	0	0	0	0
AF	0	0.315428	59	45	14	0	0	0	0
AF	0	0.315740	70	48	22	0	0	0	0
AF	0	0.316052	49	32	17	0	0	0	0
AF	0	0.316365	47	32	15	0	0	0	0
AF	0	0.316677	53	33	20	0	0	0	0
AF	0	0.316989	45	32	13	0	0	0	0
AF	0	0.317302	53	40	13	0	0	0	0
AF	0	0.317614	45	27	18	0	0	0	0
AF	0	0.317926	33	21	12	0	0	0	0
AF	0	0.318239	62	40	22	0	0	0	0
AF	0	0.318551	76	59	17	0	0	0	0
AF	0	0.318863	41	26	15	0	0	0	0
AF	0	0.319176	40	25	15	0	0	0	0
AF	0	0.319488	46	32	14	0	0	0	0
AF	0	0.319800	53	38	15	0	0	0	0
AF	0	0.320112	62	44	18	0	0	0	0
AF	0	0.320425	45	32	13	0	0	0	0
AF	0	0.320737	59	43	16	0	0	0	0
AF	0	0.321049	50	31	19	0	0	0	0
AF	0	0.321362	49	36	13	0	0	0	0
AF	0	0.321674	73	50	23	0	0	0	0
AF	0	0.321986	46	25	21	0	0	0	0
AF	0	0.322299	37	21	16	0	0	0	0
AF	0	0.322611	48	26	22	0	0	0	0
AF	0	0.322923	48	33	15	0	0	0	0
AF	0	0.323235	46	34	12	0	0	0	0
AF	0	0.323548	59	39	20	0	0	0	0
AF	0	0.323860	50	36	14	0	0	0	0
AF	0	0.324172	62	40	22	0	0	0	0
AF	0	0.324485	52	35	17	0	0	0	0
AF	0	0.324797	61	44	17	0	0	0	0
AF	0	0.325109	46	29	17	0	0	0	0
AF	0	0.325422	49	36	13	0	0	0	0
AF	0	0.325734	63	42	21	0	0	0	0
AF	0	0.326046	43	30	13	0	0	0	0
AF	0	0.326359	55	38	17	0	0	0	0
AF	0	0.326671	62	47	15	0	0	0	0
AF	0	0.326983	39	25	14	0	0	0	0
AF	0	0.327295	44	32	12	0	0	0	0
AF	0	0.327608	49	35	14	0	0	0	0
AF	0	0.327920	46	30	16	0	0	0	0
AF	0	0.328232	40	32	8	0	0	0	0
AF	0	0.328545	61	40	21	0	0	0	0
AF	0	0.328857	46	26	20	0	0	0	0
AF	0	0.329169	43	28	15	0	0	0	0
AF	0	0.329482	50	35	15	0	0	0	0
AF	0	0.329794	51	34	17	0	0	0	0
AF	0	0.330106	51	34	17	0	0	0	0
AF	0	0.330418	52	39	13	0	0	0	0
AF	0	0.330731	44	33	11	0	0	0	0
AF	0	0.331043	59	38	21	0	0	0	0
AF	0	0.331355	58	39	19	0	0	0	0
AF	0	0.331668	41	31	10	0	0	0	0
AF	0	0.331980	52	39	13	0	0	0	0
AF	0	0.332292	57	37	20	0	0	0	0
AF	0	0.332605	62	45	17	0	0	0	0
AF	0	0.332917	63	42	21	0	0	0	0
AF	0	0.333229	50	35	15	0	0	0	0
AF	0	0.333542	50	36	14	0	0	0	0
AF	0	0.333854	42	27	15	0	0	0	0
AF	0	0.334166	41	30	11	0	0	0	0
AF	0	0.334478	47	33	14	0	0	0	0
AF	0	0.334791	36	27	9	0	0	0	0
AF	0	0.335103	44	31	13	0	0	0	0
AF	0	0.335415	69	48	21	0	0	0	0
AF	0	0.335728	63	48	15	0	0	0	0
AF	0	0.336040	54	38	16	0	0	0	0
AF	0	0.336352	56	40	16	0	0	0	0
AF	0	0.336665	56	36	20	0	0	0	0
AF	0	0.336977	64	49	15	0	0	0	0
AF	0	0.337289	72	50	22	0	0	0	0
AF	0	0.337601	52	36	16	0	0	0	0
AF	0	0.337914	57	39	18	0	0	0	0
AF	0	0.338226	57	37	20	0	0	0	0
AF	0	0.338538	53	33	20	0	0	0	0
AF	0	0.338851	89	72	17	0	0	0	0
AF	0	0.339163	40	32	8	0	0	0	0
AF	0	0.339475	68	50	18	0	0	0	0
AF	0	0.339788	60	43	17	0	0	0	0
AF	0	0.340100	53	32	21	0	0	0	0
AF	0	0.340412	51	35	16	0	0	0	0
AF	0	0.340725	48	33	15	0	0	0	0
AF	0	0.341037	53	39	14	0	0	0	0
AF	0	0.341349	45	31	14	0	0	0	0
AF	0	0.341661	57	42	15	0	0	0	0
AF	0	0.341974	53	32	21	0	0	0	0
AF	0	0.342286	55	37	18	0	0	0	0
AF	0	0.342598	39	30	9	0	0	0	0
AF	0	0.342911	41	31	10	0	0	0	0
AF	0	0.343223	52	31	21	0	0	0	0
AF	0	0.343535	48	29	19	0	0	0	0
AF	0	0.343848	40	29	11	0	0	0	0
AF	0	0.344160	51	28	23	0	0	0	0
AF	0	0.344472	44	29	15	0	0	0	0
AF	0	0.344785	55	38	17	0	0	0	0
AF	0	0.345097	45	35	10	0	0	0	0
AF	0	0.345409	35	22	13	0	0	0	0
AF	0	0.345721	46	31	15	0	0	0	0
AF	0	0.346034	51	34	17	0	0	0	0
AF	0	0.346346	50	37	13	0	0	0	0
AF	0	0.346658	45	28	17	0	0	0	0
AF	0	0.346971	61	38	23	0	0	0	0
AF	0	0.347283	50	41	9	0	0	0	0
AF	0	0.347595	46	32	14	0	0	0	0
AF	0	0.347908	49	33	16	0	0	0	0
AF	0	0.348220	51	35	16	0	0	0	0
AF	0	0.348532	79	49	30	0	0	0	0
AF	0	0.348844	91	62	29	0	0	0	0
AF	0	0.349157	103	68	35	0	0	0	0
AF	0	0.349469	79	56	23	0	0	0	0
AF	0	0.349781	50	32	18	0	0	0	0
AF	0	0.350094	57	35	22	0	0	0	0
AF	0	0.350406	46	31	15	0	0	0	0
AF	0	0.350718	49	29	20	0	0	0	0
AF	0	0.351031	52	41	11	0	0	0	0
AF	0	0.351343	55	38	17	0	0	0	0
AF	0	0.351655	57	37	20	0	0	0	0
AF	0	0.351968	42	29	13	0	0	0	0
AF	0	0.352280	71	46	25	0	0	0	0
AF	0	0.352592	60	45	15	0	0	0	0
AF	0	0.352904	56	43	13	0	0	0	0
AF	0	0.353217	91	63	28	0	0	0	0
AF	0	0.353529	65	42	23	0	0	0	0
AF	0	0.353841	68	48	20	0	0	0	0
AF	0	0.354154	63	44	19	0	0	0	0
AF	0	0.354466	85	58	27	0	0	0	0
AF	0	0.354778	62	45	17	0	0	0	0
AF	0	0.355091	53	37	16	0	0	0	0
AF	0	0.355403	49	31	18	0	0	0	0
AF	0	0.355715	32	21	11	0	0	0	0
AF	0	0.356027	50	37	13	0	0	0	0
AF	0	0.356340	40	27	13	0	0	0	0
AF	0	0.356652	50	32	18	0	0	0	0
AF	0	0.356964	52	35	17	0	0	0	0
AF	0	0.357277	58	43	15	0	0	0	0
AF	0	0.357589	81	56	25	0	0	0	0
AF	0	0.357901	57	37	20	0	0	0	0
AF	0	0.358214	51	31	20	0	0	0	0
AF	0	0.358526	41	31	10	0	0	0	0
AF	0	0.358838	55	40	15	0	0	0	0
AF	0	0.359151	59	37	22	0	0	0	0
AF	0	0.359463	49	33	16	0	0	0	0
AF	0	0.359775	52	33	19	0	0	0	0
AF	0	0.360087	52	32	20	0	0	0	0
AF	0	0.360400	60	43	17	0	0	0	0
AF	0	0.360712	41	30	11	0	0	0	0
AF	0	0.361024	39	28	11	0	0	0	0
AF	0	0.361337	40	30	10	0	0	0	0
AF	0	0.361649	45	32	13	0	0	0	0
AF	0	0.361961	60	44	16	0	0	0	0
AF	0	0.362274	50	32	18	0	0	0	0
AF	0	0.362586	61	43	18	0	0	0	0
AF	0	0.362898	34	24	10	0	0	0	0
AF	0	0.363210	55	34	21	0	0	0	0
AF	0	0.363523	55	37	18	0	0	0	0
AF	0	0.363835	40	31	9	0	0	0	0
AF	0	0.364147	40	23	17	0	0	0	0
AF	0	0.364460	43	29	14	0	0	0	0
AF	0	0.364772	59	44	15	0	0	0	0
AF	0	0.365084	37	27	10	0	0	0	0
AF	0	0.365397	34	26	8	0	0	0	0
AF	0	0.365709	27	22	5	0	0	0	0
AF	0	0.366021	60	45	15	0	0	0	0
AF	0	0.366334	35	21	14	0	0	0	0
AF	0	0.366646	35	24	11	0	0	0	0
AF	0	0.366958	50	34	16	0	0	0	0
AF	0	0.367270	50	34	16	0	0	0	0
AF	0	0.367583	39	35	4	0	0	0	0
AF	0	0.367895	33	20	13	0	0	0	0
AF	0	0.368207	58	44	14	0	0	0	0
AF	0	0.368520	48	37	11	0	0	0	0
AF	0	0.368832	46	36	10	0	0	0	0
AF	0	0.369144	58	35	23	0	0	0	0
AF	0	0.369457	45	29	16	0	0	0	0
AF	0	0.369769	28	17	11	0	0	0	0
AF	0	0.370081	32	24	8	0	0	0	0
AF	0	0.370394	50	32	18	0	0	0	0
AF	0	0.370706	51	37	14	0	0	0	0
AF	0	0.371018	44	31	13	0	0	0	0
AF	0	0.371330	40	27	13	0	0	0	0
AF	0	0.371643	35	25	10	0	0	0	0
AF	0	0.371955	44	30	14	0	0	0	0
AF	0	0.372267	45	25	20	0	0	0	0
AF	0	0.372580	58	47	11	0	0	0	0
AF	0	0.372892	65	50	15	0	0	0	0
AF	0	0.373204	62	39	23	0	0	0	0
AF	0	0.373517	43	29	14	0	0	0	0
AF	0	0.373829	51	33	18	0	0	0	0
AF	0	0.374141	39	26	13	0	0	0	0
AF	0	0.374453	73	52	21	0	0	0	0
AF	0	0.374766	38	26	12	0	0	0	0
AF	0	0.375078	47	30	17	0	0	0	0
AF	0	0.375390	48	33	15	0	0	0	0
AF	0	0.375703	38	25	13	0	0	0	0
AF	0	0.376015	44	33	11	0	0	0	0
AF	0	0.376327	53	33	20	0	0	0	0
AF	0	0.376640	37	24	13	0	0	0	0
AF	0	0.376952	54	36	18	0	0	0	0
AF	0	0.377264	53	42	11	0	0	0	0
AF	0	0.377577	42	26	16	0	0	0	0
AF	0	0.377889	49	32	17	0	0	0	0
AF	0	0.378201	51	34	17	0	0	0	0
AF	0	0.378513	52	36	16	0	0	0	0
AF	0	0.378826	46	31	15	0	0	0	0
AF	0	0.379138	52	31	21	0	0	0	0
AF	0	0.379450	46	40	6	0	0	0	0
AF	0	0.379763	35	21	14	0	0	0	0
AF	0	0.380075	44	29	15	0	0	0	0
AF	0	0.380387	36	26	10	0	0	0	0
AF	0	0.380700	33	25	8	0	0	0	0
AF	0	0.381012	56	41	15	0	0	0	0
AF	0	0.381324	39	31	8	0	0	0	0
AF	0	0.381636	34	28	6	0	0	0	0
AF	0	0.381949	48	29	19	0	0	0	0
AF	0	0.382261	40	29	11	0	0	0	0
AF	0	0.382573	46	35	11	0	0	0	0
AF	0	0.382886	40	28	12	0	0	0	0
AF	0	0.383198	39	32	7	0	0	0	0
AF	0	0.383510	35	26	9	0	0	0	0
AF	0	0.383823	52	33	19	0	0	0	0
AF	0	0.384135	38	25	13	0	0	0	0
AF	0	0.384447	42	28	14	0	0	0	0
AF	0	0.384760	57	39	18	0	0	0	0
AF	0	0.385072	38	26	12	0	0	0	0
AF	0	0.385384	37	29	8	0	0	0	0
AF	0	0.385696	39	32	7	0	0	0	0
AF	0	0.386009	40	32	8	0	0	0	0
AF	0	0.386321	39	30	9	0	0	0	0
AF	0	0.386633	45	35	10	0	0	0	0
AF	0	0.386946	48	31	17	0	0	0	0
AF	0	0.387258	44	31	13	0	0	0	0
AF	0	0.387570	47	35	12	0	0	0	0
AF	0	0.387883	31	24	7	0	0	0	0
AF	0	0.388195	37	25	12	0	0	0	0
AF	0	0.388507	44	30	14	0	0	0	0
AF	0	0.388819	49	32	17	0	0	0	0
AF	0	0.389132	40	31	9	0	0	0	0
AF	0	0.389444	43	28	15	0	0	0	0
AF	0	0.389756	65	41	24	0	0	0	0
AF	0	0.390069	31	21	10	0	0	0	0
AF	0	0.390381	33	22	11	0	0	0	0
AF	0	0.390693	50	38	12	0	0	0	0
AF	0	0.391006	35	28	7	0	0	0	0
AF	0	0.391318	45	32	13	0	0	0	0
AF	0	0.391630	57	42	15	0	0	0	0
AF	0	0.391943	48	37	11	0	0	0	0
AF	0	0.392255	42	29	13	0	0	0	0
AF	0	0.392567	48	32	16	0	0	0	0
AF	0	0.392879	44	28	16	0	0	0	0
AF	0	0.393192	51	32	19	0	0	0	0
AF	0	0.393504	54	34	20	0	0	0	0
AF	0	0.393816	42	26	16	0	0	0	0
AF	0	0.394129	32	19	13	0	0	0	0
AF	0	0.394441	40	27	13	0	0	0	0
AF	0	0.394753	40	26	14	0	0	0	0
AF	0	0.395066	50	33	17	0	0	0	0
AF	0	0.395378	37	21	16	0	0	0	0
AF	0	0.395690	50	31	19	0	0	0	0
AF	0	0.396002	51	38	13	0	0	0	0
AF	0	0.396315	49	29	20	0	0	0	0
AF	0	0.396627	58	35	23	0	0	0	0
AF	0	0.396939	46	31	15	0	0	0	0
AF	0	0.397252	46	31	15	0	0	0	0
AF	0	0.397564	46	30	16	0	0	0	0
AF	0	0.397876	56	41	15	0	0	0	0
AF	0	0.398189	36	27	9	0	0	0	0
AF	0	0.398501	58	39	19	0	0	0	0
AF	0	0.398813	36	25	11	0	0	0	0
AF	0	0.399126	54	39	15	0	0	0	0
AF	0	0.399438	47	32	15	0	0	0	0
AF	0	0.399750	51	39	12	0	0	0	0
AF	0	0.400062	45	31	14	0	0	0	0
AF	0	0.400375	40	30	10	0	0	0	0
AF	0	0.400687	62	42	20	0	0	0	0
AF	0	0.400999	49	29	20	0	0	0	0
AF	0	0.401312	48	33	15	0	0	0	0
AF	0	0.401624	33	20	13	0	0	0	0
AF	0	0.401936	41	32	9	0	0	0	0
AF	0	0.402249	36	26	10	0	0	0	0
AF	0	0.402561	55	38	17	0	0	0	0
AF	0	0.402873	32	18	14	0	0	0	0
AF	0	0.403186	45	33	12	0	0	0	0
AF	0	0.403498	40	30	10	0	0	0	0
AF	0	0.403810	44	35	9	0	0	0	0
AF	0	0.404122	32	23	9	0	0	0	0
AF	0	0.404435	33	20	13	0	0	0	0
AF	0	0.404747	42	31	11	0	0	0	0
AF	0	0.405059	48	30	18	0	0	0	0
AF	0	0.405372	36	27	9	0	0	0	0
AF	0	0.405684	44	29	15	0	0	0	0
AF	0	0.405996	47	35	12	0	0	0	0
AF	0	0.406309	43	31	12	0	0	0	0
AF	0	0.406621	40	29	11	0	0	0	0
AF	0	0.406933	40	31	9	0	0	0	0
AF	0	0.407245	54	38	16	0	0	0	0
AF	0	0.407558	45	34	11	0	0	0	0
AF	0	0.407870	42	28	14	0	0	0	0
AF	0	0.408182	33	27	6	0	0	0	0
AF	0	0.408495	48	32	16	0	0	0	0
AF	0	0.408807	38	30	8	0	0	0	0
AF	0	0.409119	40	28	12	0	0	0	0
AF	0	0.409432	32	22	10	0	0	0	0
AF	0	0.409744	36	20	16	0	0	0	0
AF	0	0.410056	40	28	12	0	0	0	0
AF	0	0.410369	49	35	14	0	0	0	0
AF	0	0.410681	52	36	16	0	0	0	0
AF	0	0.410993	56	42	14	0	0	0	0
AF	0	0.411305	46	35	11	0	0	0	0
AF	0	0.411618	28	19	9	0	0	0	0
AF	0	0.411930	29	20	9	0	0	0	0
AF	0	0.412242	26	17	9	0	0	0	0
AF	0	0.412555	65	38	27	0	0	0	0
AF	0	0.412867	58	45	13	0	0	0	0
AF	0	0.413179	41	32	9	0	0	0	0
AF	0	0.413492	48	32	16	0	0	0	0
AF	0	0.413804	41	27	14	0	0	0	0
AF	0	0.414116	30	20	10	0	0	0	0
AF	0	0.414428	42	30	12	0	0	0	0
AF	0	0.414741	41	28	13	0	0	0	0
AF	0	0.415053	39	26	13	0	0	0	0
AF	0	0.415365	35	28	7	0	0	0	0
AF	0	0.415678	43	34	9	0	0	0	0
AF	0	0.415990	30	17	13	0	0	0	0
AF	0	0.416302	49	33	16	0	0	0	0
AF	0	0.416615	29	21	8	0	0	0	0
AF	0	0.416927	48	32	16	0	0	0	0
AF	0	0.417239	35	19	16	0	0	0	0
AF	0	0.417552	44	35	9	0	0	0	0
AF	0	0.417864	39	29	10	0	0	0	0
AF	0	0.418176	60	42	18	0	0	0	0
AF	0	0.418488	45	29	16	0	0	0	0
AF	0	0.418801	50	38	12	0	0	0	0
AF	0	0.419113	34	28	6	0	0	0	0
AF	0	0.419425	54	37	17	0	0	0	0
AF	0	0.419738	43	28	15	0	0	0	0
AF	0	0.420050	42	31	11	0	0	0	0
AF	0	0.420362	39	27	12	0	0	0	0
AF	0	0.420675	32	24	8	0	0	0	0
AF	0	0.420987	36	24	12	0	0	0	0
AF	0	0.421299	37	30	7	0	0	0	0
AF	0	0.421611	33	17	16	0	0	0	0
AF	0	0.421924	25	19	6	0	0	0	0
AF	0	0.422236	26	18	8	0	0	0	0
AF	0	0.422548	51	39	12	0	0	0	0
AF	0	0.422861	42	32	10	0	0	0	0
AF	0	0.423173	60	43	17	0	0	0	0
AF	0	0.423485	64	45	19	0	0	0	0
AF	0	0.423798	36	28	8	0	0	0	0
AF	0	0.424110	38	27	11	0	0	0	0
AF	0	0.424422	34	23	11	0	0	0	0
AF	0	0.424735	28	16	12	0	0	0	0
AF	0	0.425047	50	30	20	0	0	0	0
AF	0	0.425359	60	37	23	0	0	0	0
AF	0	0.425671	42	30	12	0	0	0	0
AF	0	0.425984	34	23	11	0	0	0	0
AF	0	0.426296	26	17	9	0	0	0	0
AF	0	0.426608	35	23	12	0	0	0	0
AF	0	0.426921	32	17	15	0	0	0	0
AF	0	0.427233	42	28	14	0	0	0	0
AF	0	0.427545	44	32	12	0	0	0	0
AF	0	0.427858	49	39	10	0	0	0	0
AF	0	0.428170	40	32	8	0	0	0	0
AF	0	0.428482	36	19	17	0	0	0	0
AF	0	0.428795	47	29	18	0	0	0	0
AF	0	0.429107	38	24	14	0	0	0	0
AF	0	0.429419	47	31	16	0	0	0	0
AF	0	0.429731	24	19	5	0	0	0	0
AF	0	0.430044	57	37	20	0	0	0	0
AF	0	0.430356	50	27	23	0	0	0	0
AF	0	0.430668	51	35	16	0	0	0	0
AF	0	0.430981	34	24	10	0	0	0	0
AF	0	0.431293	43	24	19	0	0	0	0
AF	0	0.431605	41	31	10	0	0	0	0
AF	0	0.431918	30	20	10	0	0	0	0
AF	0	0.432230	31	22	9	0	0	0	0
AF	0	0.432542	42	29	13	0	0	0	0
AF	0	0.432854	45	29	16	0	0	0	0
AF	0	0.433167	33	21	12	0	0	0	0
AF	0	0.433479	28	17	11	0	0	0	0
AF	0	0.433791	39	26	13	0	0	0	0
AF	0	0.434104	45	27	18	0	0	0	0
AF	0	0.434416	29	19	10	0	0	0	0
AF	0	0.434728	33	19	14	0	0	0	0
AF	0	0.435041	31	21	10	0	0	0	0
AF	0	0.435353	32	22	10	0	0	0	0
AF	0	0.435665	37	29	8	0	0	0	0
AF	0	0.435978	38	28	10	0	0	0	0
AF	0	0.436290	30	18	12	0	0	0	0
AF	0	0.436602	29	19	10	0	0	0	0
AF	0	0.436914	32	24	8	0	0	0	0
AF	0	0.437227	43	36	7	0	0	0	0
AF	0	0.437539	45	30	15	0	0	0	0
AF	0	0.437851	43	26	17	0	0	0	0
AF	0	0.438164	68	51	17	0	0	0	0
AF	0	0.438476	47	29	18	0	0	0	0
AF	0	0.438788	33	22	11	0	0	0	0
AF	0	0.439101	40	28	12	0	0	0	0
AF	0	0.439413	33	24	9	0	0	0	0
AF	0	0.439725	35	25	10	0	0	0	0
AF	0	0.440037	35	24	11	0	0	0	0
AF	0	0.440350	32	26	6	0	0	0	0
AF	0	0.440662	42	30	12	0	0	0	0
AF	0	0.440974	35	25	10	0	0	0	0
AF	0	0.441287	51	41	10	0	0	0	0
AF	0	0.441599	45	32	13	0	0	0	0
AF	0	0.441911	27	17	10	0	0	0	0
AF	0	0.442224	45	31	14	0	0	0	0
AF	0	0.442536	36	26	10	0	0	0	0
AF	0	0.442848	30	20	10	0	0	0	0
AF	0	0.443161	30	17	13	0	0	0	0
AF	0	0.443473	47	40	7	0	0	0	0
AF	0	0.443785	57	41	16	0	0	0	0
AF	0	0.444097	32	20	12	0	0	0	0
AF	0	0.444410	44	32	12	0	0	0	0
AF	0	0.444722	51	37	14	0	0	0	0
AF	0	0.445034	36	20	16	0	0	0	0
AF	0	0.445347	44	28	16	0	0	0	0
AF	0	0.445659	38	25	13	0	0	0	0
AF	0	0.445971	43	31	12	0	0	0	0
AF	0	0.446284	32	26	6	0	0	0	0
AF	0	0.446596	73	52	21	0	0	0	0
AF	0	0.446908	48	29	19	0	0	0	0
AF	0	0.447220	35	24	11	0	0	0	0
AF	0	0.447533	30	14	16	0	0	0	0
AF	0	0.447845	33	22	11	0	0	0	0
AF	0	0.448157	38	20	18	0	0	0	0
AF	0	0.448470	35	26	9	0	0	0	0
AF	0	0.448782	35	24	11	0	0	0	0
AF	0	0.449094	60	43	17	0	0	0	0
AF	0	0.449407	31	18	13	0	0	0	0
AF	0	0.449719	29	20	9	0	0	0	0
AF	0	0.450031	27	18	9	0	0	0	0
AF	0	0.450344	30	21	9	0	0	0	0
AF	0	0.450656	35	22	13	0	0	0	0
AF	0	0.450968	43	25	18	0	0	0	0
AF	0	0.451280	49	37	12	0	0	0	0
AF	0	0.451593	32	23	9	0	0	0	0
AF	0	0.451905	37	22	15	0	0	0	0
AF	0	0.452217	36	27	9	0	0	0	0
AF	0	0.452530	38	29	9	0	0	0	0
AF	0	0.452842	51	38	13	0	0	0	0
AF	0	0.453154	39	28	11	0	0	0	0
AF	0	0.453467	29	22	7	0	0	0	0
AF	0	0.453779	41	28	13	0	0	0	0
AF	0	0.454091	41	28	13	0	0	0	0
AF	0	0.454403	32	25	7	0	0	0	0
AF	0	0.454716	37	24	13	0	0	0	0
AF	0	0.455028	28	23	5	0	0	0	0
AF	0	0.455340	23	15	8	0	0	0	0
AF	0	0.455653	26	16	10	0	0	0	0
AF	0	0.455965	49	29	20	0	0	0	0
AF	0	0.456277	32	20	12	0	0	0	0
AF	0	0.456590	41	27	14	0	0	0	0
AF	0	0.456902	28	18	10	0	0	0	0
AF	0	0.457214	39	30	9	0	0	0	0
AF	0	0.457527	38	29	9	0	0	0	0
AF	0	0.457839	54	41	13	0	0	0	0
AF	0	0.458151	34	24	10	0	0	0	0
AF	0	0.458463	40	29	11	0	0	0	0
AF	0	0.458776	24	18	6	0	0	0	0
AF	0	0.459088	25	16	9	0	0	0	0
AF	0	0.459400	42	29	13	0	0	0	0
AF	0	0.459713	46	31	15	0	0	0	0
AF	0	0.460025	49	29	20	0	0	0	0
AF	0	0.460337	39	24	15	0	0	0	0
AF	0	0.460650	24	18	6	0	0	0	0
AF	0	0.460962	25	20	5	0	0	0	0
AF	0	0.461274	33	23	10	0	0	0	0
AF	0	0.461587	36	22	14	0	0	0	0
AF	0	0.461899	33	21	12	0	0	0	0
AF	0	0.462211	30	13	17	0	0	0	0
AF	0	0.462523	46	35	11	0	0	0	0
AF	0	0.462836	36	28	8	0	0	0	0
AF	0	0.463148	38	26	12	0	0	0	0
AF	0	0.463460	36	27	9	0	0	0	0
AF	0	0.463773	50	37	13	0	0	0	0
AF	0	0.464085	43	35	8	0	0	0	0
AF	0	0.464397	25	18	7	0	0	0	0
AF	0	0.464710	30	20	10	0	0	0	0
AF	0	0.465022	27	19	8	0	0	0	0
AF	0	0.465334	33	20	13	0	0	0	0
AF	0	0.465646	26	17	9	0	0	0	0
AF	0	0.465959	35	26	9	0	0	0	0
AF	0	0.466271	40	26	14	0	0	0	0
AF	0	0.466583	51	34	17	0	0	0	0
AF	0	0.466896	39	29	10	0	0	0	0
AF	0	0.467208	38	28	10	0	0	0	0
AF	0	0.467520	32	25	7	0	0	0	0
AF	0	0.467833	25	12	13	0	0	0	0
AF	0	0.468145	53	33	20	0	0	0	0
AF	0	0.468457	54	43	11	0	0	0	0
AF	0	0.468770	43	26	17	0	0	0	0
AF	0	0.469082	56	36	20	0	0	0	0
AF	0	0.469394	36	25	11	0	0	0	0
AF	0	0.469706	41	30	11	0	0	0	0
AF	0	0.470019	48	31	17	0	0	0	0
AF	0	0.470331	72	46	26	0	0	0	0
AF	0	0.470643	62	42	20	0	0	0	0
AF	0	0.470956	41	25	16	0	0	0	0
AF	0	0.471268	35	23	12	0	0	0	0
AF	0	0.471580	44	29	15	0	0	0	0
AF	0	0.471893	41	28	13	0	0	0	0
AF	0	0.472205	48	34	14	0	0	0	0
AF	0	0.472517	35	26	9	0	0	0	0
AF	0	0.472829	47	30	17	0	0	0	0
AF	0	0.473142	41	29	12	0	0	0	0
AF	0	0.473454	36	28	8	0	0	0	0
AF	0	0.473766	43	28	15	0	0	0	0
AF	0	0.474079	38	25	13	0	0	0	0
AF	0	0.474391	36	29	7	0	0	0	0
AF	0	0.474703	40	30	10	0	0	0	0
AF	0	0.475016	38	30	8	0	0	0	0
AF	0	0.475328	32	18	14	0	0	0	0
AF	0	0.475640	43	23	20	0	0	0	0
AF	0	0.475953	57	41	16	0	0	0	0
AF	0	0.476265	46	29	17	0	0	0	0
AF	0	0.476577	45	28	17	0	0	0	0
AF	0	0.476889	40	21	19	0	0	0	0
AF	0	0.477202	41	33	8	0	0	0	0
AF	0	0.477514	43	32	11	0	0	0	0
AF	0	0.477826	76	54	22	0	0	0	0
AF	0	0.478139	42	31	11	0	0	0	0
AF	0	0.478451	43	29	14	0	0	0	0
AF	0	0.478763	39	23	16	0	0	0	0
AF	0	0.479076	41	28	13	0	0	0	0
AF	0	0.479388	54	33	21	0	0	0	0
AF	0	0.479700	53	40	13	0	0	0	0
AF	0	0.480012	61	34	27	0	0	0	0
AF	0	0.480325	44	27	17	0	0	0	0
AF	0	0.480637	65	45	20	0	0	0	0
AF	0	0.480949	46	28	18	0	0	0	0
AF	0	0.481262	46	30	16	0	0	0	0
AF	0	0.481574	54	31	23	0	0	0	0
AF	0	0.481886	45	30	15	0	0	0	0
AF	0	0.482199	44	24	20	0	0	0	0
AF	0	0.482511	43	23	20	0	0	0	0
AF	0	0.482823	30	17	13	0	0	0	0
AF	0	0.483136	51	38	13	0	0	0	0
AF	0	0.483448	68	41	27	0	0	0	0
AF	0	0.483760	30	20	10	0	0	0	0
AF	0	0.484072	53	34	19	0	0	0	0
AF	0	0.484385	34	23	11	0	0	0	0
AF	0	0.484697	44	35	9	0	0	0	0
AF	0	0.485009	32	23	9	0	0	0	0
AF	0	0.485322	47	28	19	0	0	0	0
AF	0	0.485634	31	25	6	0	0	0	0
AF	0	0.485946	46	37	9	0	0	0	0
AF	0	0.486259	23	17	6	0	0	0	0
AF	0	0.486571	27	18	9	0	0	0	0
AF	0	0.486883	38	29	9	0	0	0	0
AF	0	0.487196	43	28	15	0	0	0	0
AF	0	0.487508	33	20	13	0	0	0	0
AF	0	0.487820	43	29	14	0	0	0	0
AF	0	0.488132	32	18	14	0	0	0	0
AF	0	0.488445	45	33	12	0	0	0	0
AF	0	0.488757	32	25	7	0	0	0	0
AF	0	0.489069	38	30	8	0	0	0	0
AF	0	0.489382	26	17	9	0	0	0	0
AF	0	0.489694	48	38	10	0	0	0	0
AF	0	0.490006	39	27	12	0	0	0	0
AF	0	0.490319	51	39	12	0	0	0	0
AF	0	0.490631	33	18	15	0	0	0	0
AF	0	0.490943	38	30	8	0	0	0	0
AF	0	0.491255	31	22	9	0	0	0	0
AF	0	0.491568	34	25	9	0	0	0	0
AF	0	0.491880	30	20	10	0	0	0	0
AF	0	0.492192	45	25	20	0	0	0	0
AF	0	0.492505	46	33	13	0	0	0	0
AF	0	0.492817	42	30	12	0	0	0	0
AF	0	0.493129	41	27	14	0	0	0	0
AF	0	0.493442	29	23	6	0	0	0	0
AF	0	0.493754	53	35	18	0	0	0	0
AF	0	0.494066	47	30	17	0	0	0	0
AF	0	0.494379	35	24	11	0	0	0	0
AF	0	0.494691	45	32	13	0	0	0	0
AF	0	0.495003	38	30	8	0	0	0	0
AF	0	0.495315	44	34	10	0	0	0	0
AF	0	0.495628	44	30	14	0	0	0	0
AF	0	0.495940	38	25	13	0	0	0	0
AF	0	0.496252	52	36	16	0	0	0	0
AF	0	0.496565	80	66	14	0	0	0	0
AF	0	0.496877	47	31	16	0	0	0	0
AF	0	0.497189	37	24	13	0	0	0	0
AF	0	0.497502	42	33	9	0	0	0	0
AF	0	0.497814	33	18	15	0	0	0	0
AF	0	0.498126	40	30	10	0	0	0	0
AF	0	0.498438	41	32	9	0	0	0	0
AF	0	0.498751	45	34	11	0	0	0	0
AF	0	0.499063	53	40	13	0	0	0	0
AF	0	0.499375	44	32	12	0	0	0	0
AF	0	0.499688	119	75	44	0	0	0	0
AF	0	0.500000	81	52	29	0	0	0	0
AF	0	0.500312	43	28	15	0	0	0	0
AF	0	0.500625	38	26	12	0	0	0	0
AF	0	0.500937	48	33	15	0	0	0	0
AF	0	0.501249	39	29	10	0	0	0	0
AF	0	0.501562	51	36	15	0	0	0	0
AF	0	0.501874	25	22	3	0	0	0	0
AF	0	0.502186	33	28	5	0	0	0	0
AF	0	0.502498	34	24	10	0	0	0	0
AF	0	0.502811	32	24	8	0	0	0	0
AF	0	0.503123	34	24	10	0	0	0	0
AF	0	0.503435	35	27	8	0	0	0	0
AF	0	0.503748	23	12	11	0	0	0	0
AF	0	0.504060	28	22	6	0	0	0	0
AF	0	0.504372	39	30	9	0	0	0	0
AF	0	0.504685	34	27	7	0	0	0	0
AF	0	0.504997	23	16	7	0	0	0	0
AF	0	0.505309	43	29	14	0	0	0	0
AF	0	0.505621	21	13	8	0	0	0	0
AF	0	0.505934	36	26	10	0	0	0	0
AF	0	0.506246	37	28	9	0	0	0	0
AF	0	0.506558	35	28	7	0	0	0	0
AF	0	0.506871	26	21	5	0	0	0	0
AF	0	0.507183	45	30	15	0	0	0	0
AF	0	0.507495	52	37	15	0	0	0	0
AF	0	0.507808	42	31	11	0	0	0	0
AF	0	0.508120	34	24	10	0	0	0	0
AF	0	0.508432	35	24	11	0	0	0	0
AF	0	0.508745	35	28	7	0	0	0	0
AF	0	0.509057	36	29	7	0	0	0	0
AF	0	0.509369	25	17	8	0	0	0	0
AF	0	0.509681	52	33	19	0	0	0	0
AF	0	0.509994	32	23	9	0	0	0	0
AF	0	0.510306	24	15	9	0	0	0	0
AF	0	0.510618	27	23	4	0	0	0	0
AF	0	0.510931	48	30	18	0	0	0	0
AF	0	0.511243	32	22	10	0	0	0	0
AF	0	0.511555	34	21	13	0	0	0	0
AF	0	0.511868	22	18	4	0	0	0	0
AF	0	0.512180	29	20	9	0	0	0	0
AF	0	0.512492	39	25	14	0	0	0	0
AF	0	0.512804	38	24	14	0	0	0	0
AF	0	0.513117	27	19	8	0	0	0	0
AF	0	0.513429	24	19	5	0	0	0	0
AF	0	0.513741	48	40	8	0	0	0	0
AF	0	0.514054	37	29	8	0	0	0	0
AF	0	0.514366	33	22	11	0	0	0	0
AF	0	0.514678	33	24	9	0	0	0	0
AF	0	0.514991	26	21	5	0	0	0	0
AF	0	0.515303	36	30	6	0	0	0	0
AF	0	0.515615	30	21	9	0	0	0	0
AF	0	0.515928	24	15	9	0	0	0	0
AF	0	0.516240	51	38	13	0	0	0	0
AF	0	0.516552	42	28	14	0	0	0	0
AF	0	0.516864	44	37	7	0	0	0	0
AF	0	0.517177	38	29	9	0	0	0	0
AF	0	0.517489	44	28	16	0	0	0	0
AF	0	0.517801	35	27	8	0	0	0	0
AF	0	0.518114	32	20	12	0	0	0	0
AF	0	0.518426	39	29	10	0	0	0	0
AF	0	0.518738	34	22	12	0	0	0	0
AF	0	0.519051	48	39	9	0	0	0	0
AF	0	0.519363	44	27	17	0	0	0	0
AF	0	0.519675	32	24	8	0	0	0	0
AF	0	0.519988	31	18	13	0	0	0	0
AF	0	0.520300	48	32	16	0	0	0	0
AF	0	0.520612	63	43	20	0	0	0	0
AF	0	0.520924	56	35	21	0	0	0	0
AF	0	0.521237	58	38	20	0	0	0	0
AF	0	0.521549	84	61	23	0	0	0	0
AF	0	0.521861	48	39	9	0	0	0	0
AF	0	0.522174	53	36	17	0	0	0	0
AF	0	0.522486	47	33	14	0	0	0	0
AF	0	0.522798	21	11	10	0	0	0	0
AF	0	0.523111	47	35	12	0	0	0	0
AF	0	0.523423	39	33	6	0	0	0	0
AF	0	0.523735	45	32	13	0	0	0	0
AF	0	0.524047	39	31	8	0	0	0	0
AF	0	0.524360	61	41	20	0	0	0	0
AF	0	0.524672	36	23	13	0	0	0	0
AF	0	0.524984	34	27	7	0	0	0	0
AF	0	0.525297	50	34	16	0	0	0	0
AF	0	0.525609	52	34	18	0	0	0	0
AF	0	0.525921	46	34	12	0	0	0	0
AF	0	0.526234	43	25	18	0	0	0	0
AF	0	0.526546	48	35	13	0	0	0	0
AF	0	0.526858	43	31	12	0	0	0	0
AF	0	0.527171	58	42	16	0	0	0	0
AF	0	0.527483	41	30	11	0	0	0	0
AF	0	0.527795	39	24	15	0	0	0	0
AF	0	0.528107	35	22	13	0	0	0	0
AF	0	0.528420	27	20	7	0	0	0	0
AF	0	0.528732	57	41	16	0	0	0	0
AF	0	0.529044	86	67	19	0	0	0	0
AF	0	0.529357	50	37	13	0	0	0	0
AF	0	0.529669	20	12	8	0	0	0	0
AF	0	0.529981	27	19	8	0	0	0	0
AF	0	0.530294	32	22	10	0	0	0	0
AF	0	0.530606	36	26	10	0	0	0	0
AF	0	0.530918	26	18	8	0	0	0	0
AF	0	0.531230	28	19	9	0	0	0	0
AF	0	0.531543	27	17	10	0	0	0	0
AF	0	0.531855	28	18	10	0	0	0	0
AF	0	0.532167	35	24	11	0	0	0	0
AF	0	0.532480	30	16	14	0	0	0	0
AF	0	0.532792	34	22	12	0	0	0	0
AF	0	0.533104	44	34	10	0	0	0	0
AF	0	0.533417	52	37	15	0	0	0	0
AF	0	0.533729	40	29	11	0	0	0	0
AF	0	0.534041	35	24	11	0	0	0	0
AF	0	0.534354	37	26	11	0	0	0	0
AF	0	0.534666	34	27	7	0	0	0	0
AF	0	0.534978	25	19	6	0	0	0	0
AF	0	0.535290	37	31	6	0	0	0	0
AF	0	0.535603	34	25	9	0	0	0	0
AF	0	0.535915	32	22	10	0	0	0	0
AF	0	0.536227	29	22	7	0	0	0	0
AF	0	0.536540	33	26	7	0	0	0	0
AF	0	0.536852	37	28	9	0	0	0	0
AF	0	0.537164	34	22	12	0	0	0	0
AF	0	0.537477	36	26	10	0	0	0	0
AF	0	0.537789	29	22	7	0	0	0	0
AF	0	0.538101	25	13	12	0	0	0	0
AF	0	0.538413	28	19	9	0	0	0	0
AF	0	0.538726	26	19	7	0	0	0	0
AF	0	0.539038	38	22	16	0	0	0	0
AF	0	0.539350	27	21	6	0	0	0	0
AF	0	0.539663	23	17	6	0	0	0	0
AF	0	0.539975	38	29	9	0	0	0	0
AF	0	0.540287	34	19	15	0	0	0	0
AF	0	0.540600	36	20	16	0	0	0	0
AF	0	0.540912	21	16	5	0	0	0	0
AF	0	0.541224	24	18	6	0	0	0	0
AF	0	0.541537	31	24	7	0	0	0	0
AF	0	0.541849	21	11	10	0	0	0	0
AF	0	0.542161	34	26	8	0	0	0	0
AF	0	0.542473	26	20	6	0	0	0	0
AF	0	0.542786	31	21	10	0	0	0	0
AF	0	0.543098	23	17	6	0	0	0	0
AF	0	0.543410	20	13	7	0	0	0	0
AF	0	0.543723	25	18	7	0	0	0	0
AF	0	0.544035	32	24	8	0	0	0	0
AF	0	0.544347	38	29	9	0	0	0	0
AF	0	0.544660	46	30	16	0	0	0	0
AF	0	0.544972	60	45	15	0	0	0	0
AF	0	0.545284	36	26	10	0	0	0	0
AF	0	0.545597	15	8	7	0	0	0	0
AF	0	0.545909	24	17	7	0	0	0	0
AF	0	0.546221	46	31	15	0	0	0	0
AF	0	0.546533	24	20	4	0	0	0	0
AF	0	0.546846	44	30	14	0	0	0	0
AF	0	0.547158	19	11	8	0	0	0	0
AF	0	0.547470	31	20	11	0	0	0	0
AF	0	0.547783	40	24	16	0	0	0	0
AF	0	0.548095	15	12	3	0	0	0	0
AF	0	0.548407	30	23	7	0	0	0	0
AF	0	0.548720	29	21	8	0	0	0	0
AF	0	0.549032	21	14	7	0	0	0	0
AF	0	0.549344	31	21	10	0	0	0	0
AF	0	0.549656	25	20	5	0	0	0	0
AF	0	0.549969	28	19	9	0	0	0	0
AF	0	0.550281	23	18	5	0	0	0	0
AF	0	0.550593	23	12	11	0	0	0	0
AF	0	0.550906	29	17	12	0	0	0	0
AF	0	0.551218	21	13	8	0	0	0	0
AF	0	0.551530	40	29	11	0	0	0	0
AF	0	0.551843	24	14	10	0	0	0	0
AF	0	0.552155	27	18	9	0	0	0	0
AF	0	0.552467	22	17	5	0	0	0	0
AF	0	0.552780	31	22	9	0	0	0	0
AF	0	0.553092	30	18	12	0	0	0	0
AF	0	0.553404	23	11	12	0	0	0	0
AF	0	0.553716	22	13	9	0	0	0	0
AF	0	0.554029	26	17	9	0	0	0	0
AF	0	0.554341	36	28	8	0	0	0	0
AF	0	0.554653	42	23	19	0	0	0	0
AF	0	0.554966	28	18	10	0	0	0	0
AF	0	0.555278	26	20	6	0	0	0	0
AF	0	0.555590	31	20	11	0	0	0	0
AF	0	0.555903	50	34	16	0	0	0	0
AF	0	0.556215	20	13	7	0	0	0	0
AF	0	0.556527	36	28	8	0	0	0	0
AF	0	0.556839	65	40	25	0	0	0	0
AF	0	0.557152	38	23	15	0	0	0	0
AF	0	0.557464	31	19	12	0	0	0	0
AF	0	0.557776	41	25	16	0	0	0	0
AF	0	0.558089	33	24	9	0	0	0	0
AF	0	0.558401	31	19	12	0	0	0	0
AF	0	0.558713	27	18	9	0	0	0	0
AF	0	0.559026	27	21	6	0	0	0	0
AF	0	0.559338	28	19	9	0	0	0	0
AF	0	0.559650	34	19	15	0	0	0	0
AF	0	0.559963	29	22	7	0	0	0	0
AF	0	0.560275	32	22	10	0	0	0	0
AF	0	0.560587	33	22	11	0	0	0	0
AF	0	0.560899	21	13	8	0	0	0	0
AF	0	0.561212	34	22	12	0	0	0	0
AF	0	0.561524	18	13	5	0	0	0	0
AF	0	0.561836	40	20	20	0	0	0	0
AF	0	0.562149	31	23	8	0	0	0	0
AF	0	0.562461	20	14	6	0	0	0	0
AF	0	0.562773	26	15	11	0	0	0	0
AF	0	0.563086	21	17	4	0	0	0	0
AF	0	0.563398	25	16	9	0	0	0	0
AF	0	0.563710	30	19	11	0	0	0	0
AF	0	0.564022	25	17	8	0	0	0	0
AF	0	0.564335	29	25	4	0	0	0	0
AF	0	0.564647	43	32	11	0	0	0	0
AF	0	0.564959	28	21	7	0	0	0	0
AF	0	0.565272	45	34	11	0	0	0	0
AF	0	0.565584	46	33	13	0	0	0	0
AF	0	0.565896	17	11	6	0	0	0	0
AF	0	0.566209	23	16	7	0	0	0	0
AF	0	0.566521	29	22	7	0	0	0	0
AF	0	0.566833	25	18	7	0	0	0	0
AF	0	0.567146	31	18	13	0	0	0	0
AF	0	0.567458	53	38	15	0	0	0	0
AF	0	0.567770	32	23	9	0	0	0	0
AF	0	0.568082	34	19	15	0	0	0	0
AF	0	0.568395	27	17	10	0	0	0	0
AF	0	0.568707	40	25	15	0	0	0	0
AF	0	0.569019	30	19	11	0	0	0	0
AF	0	0.569332	32	20	12	0	0	0	0
AF	0	0.569644	36	24	12	0	0	0	0
AF	0	0.569956	30	19	11	0	0	0	0
AF	0	0.570269	23	15	8	0	0	0	0
AF	0	0.570581	23	16	7	0	0	0	0
AF	0	0.570893	26	16	10	0	0	0	0
AF	0	0.571205	28	21	7	0	0	0	0
AF	0	0.571518	30	21	9	0	0	0	0
AF	0	0.571830	45	30	15	0	0	0	0
AF	0	0.572142	35	25	10	0	0	0	0
AF	0	0.572455	39	19	20	0	0	0	0
AF	0	0.572767	28	16	12	0	0	0	0
AF	0	0.573079	20	15	5	0	0	0	0
AF	0	0.573392	32	26	6	0	0	0	0
AF	0	0.573704	46	25	21	0	0	0	0
AF	0	0.574016	31	21	10	0	0	0	0
AF	0	0.574329	32	25	7	0	0	0	0
AF	0	0.574641	31	25	6	0	0	0	0
AF	0	0.574953	30	25	5	0	0	0	0
AF	0	0.575265	21	14	7	0	0	0	0
AF	0	0.575578	28	20	8	0	0	0	0
AF	0	0.575890	33	25	8	0	0	0	0
AF	0	0.576202	17	13	4	0	0	0	0
AF	0	0.576515	35	23	12	0	0	0	0
AF	0	0.576827	43	31	12	0	0	0	0
AF	0	0.577139	32	22	10	0	0	0	0
AF	0	0.577452	31	20	11	0	0	0	0
AF	0	0.577764	27	20	7	0	0	0	0
AF	0	0.578076	37	26	11	0	0	0	0
AF	0	0.578389	44	27	17	0	0	0	0
AF	0	0.578701	42	33	9	0	0	0	0
AF	0	0.579013	31	19	12	0	0	0	0
AF	0	0.579325	30	23	7	0	0	0	0
AF	0	0.579638	28	22	6	0	0	0	0
AF	0	0.579950	45	34	11	0	0	0	0
AF	0	0.580262	29	19	10	0	0	0	0
AF	0	0.580575	35	25	10	0	0	0	0
AF	0	0.580887	33	28	5	0	0	0	0
AF	0	0.581199	34	21	13	0	0	0	0
AF	0	0.581512	25	20	5	0	0	0	0
AF	0	0.581824	29	21	8	0	0	0	0
AF	0	0.582136	24	19	5	0	0	0	0
AF	0	0.582448	72	49	23	0	0	0	0
AF	0	0.582761	33	16	17	0	0	0	0
AF	0	0.583073	29	19	10	0	0	0	0
AF	0	0.583385	42	27	15	0	0	0	0
AF	0	0.583698	57	37	20	0	0	0	0
AF	0	0.584010	17	15	2	0	0	0	0
AF	0	0.584322	35	23	12	0	0	0	0
AF	0	0.584635	30	16	14	0	0	0	0
AF	0	0.584947	35	27	8	0	0	0	0
AF	0	0.585259	25	19	6	0	0	0	0
AF	0	0.585572	32	18	14	0	0	0	0
AF	0	0.585884	35	22	13	0	0	0	0
AF	0	0.586196	37	27	10	0	0	0	0
AF	0	0.586508	26	20	6	0	0	0	0
AF	0	0.586821	31	21	10	0	0	0	0
AF	0	0.587133	30	19	11	0	0	0	0
AF	0	0.587445	35	21	14	0	0	0	0
AF	0	0.587758	20	13	7	0	0	0	0
AF	0	0.588070	24	14	10	0	0	0	0
AF	0	0.588382	41	27	14	0	0	0	0
AF	0	0.588695	48	30	18	0	0	0	0
AF	0	0.589007	20	17	3	0	0	0	0
AF	0	0.589319	30	19	11	0	0	0	0
AF	0	0.589631	22	16	6	0	0	0	0
AF	0	0.589944	19	13	6	0	0	0	0
AF	0	0.590256	29	16	13	0	0	0	0
AF	0	0.590568	28	22	6	0	0	0	0
AF	0	0.590881	23	13	10	0	0	0	0
AF	0	0.591193	18	10	8	0	0	0	0
AF	0	0.591505	18	13	5	0	0	0	0
AF	0	0.591818	20	10	10	0	0	0	0
AF	0	0.592130	25	18	7	0	0	0	0
AF	0	0.592442	33	20	13	0	0	0	0
AF	0	0.592755	27	18	9	0	0	0	0
AF	0	0.593067	20	19	1	0	0	0	0
AF	0	0.593379	21	15	6	0	0	0	0
AF	0	0.593691	22	15	7	0	0	0	0
AF	0	0.594004	25	19	6	0	0	0	0
AF	0	0.594316	24	13	11	0	0	0	0
AF	0	0.594628	23	17	6	0	0	0	0
AF	0	0.594941	24	16	8	0	0	0	0
AF	0	0.595253	32	19	13	0	0	0	0
AF	0	0.595565	23	20	3	0	0	0	0
AF	0	0.595878	36	25	11	0	0	0	0
AF	0	0.596190	44	32	12	0	0	0	0
AF	0	0.596502	19	12	7	0	0	0	0
AF	0	0.596814	38	24	14	0	0	0	0
AF	0	0.597127	40	25	15	0	0	0	0
AF	0	0.597439	94	54	40	0	0	0	0
AF	0	0.597751	34	26	8	0	0	0	0
AF	0	0.598064	30	23	7	0	0	0	0
AF	0	0.598376	28	18	10	0	0	0	0
AF	0	0.598688	21	11	10	0	0	0	0
AF	0	0.599001	29	24	5	0	0	0	0
AF	0	0.599313	16	11	5	0	0	0	0
AF	0	0.599625	28	22	6	0	0	0	0
AF	0	0.599938	28	18	10	0	0	0	0
AF	0	0.600250	18	7	11	0	0	0	0
AF	0	0.600562	30	24	6	0	0	0	0
AF	0	0.600874	29	13	16	0	0	0	0
AF	0	0.601187	32	17	15	0	0	0	0
AF	0	0.601499	34	18	16	0	0	0	0
AF	0	0.601811	30	17	13	0	0	0	0
AF	0	0.602124	35	24	11	0	0	0	0
AF	0	0.602436	29	22	7	0	0	0	0
AF	0	0.602748	23	15	8	0	0	0	0
AF	0	0.603061	19	11	8	0	0	0	0
AF	0	0.603373	17	12	5	0	0	0	0
AF	0	0.603685	59	42	17	0	0	0	0
AF	0	0.603998	23	17	6	0	0	0	0
AF	0	0.604310	24	16	8	0	0	0	0
AF	0	0.604622	33	20	13	0	0	0	0
AF	0	0.604934	25	17	8	0	0	0	0
AF	0	0.605247	29	19	10	0	0	0	0
AF	0	0.605559	20	17	3	0	0	0	0
AF	0	0.605871	33	25	8	0	0	0	0
AF	0	0.606184	11	7	4	0	0	0	0
AF	0	0.606496	25	18	7	0	0	0	0
AF	0	0.606808	24	15	9	0	0	0	0
AF	0	0.607121	32	25	7	0	0	0	0
AF	0	0.607433	42	25	17	0	0	0	0
AF	0	0.607745	34	23	11	0	0	0	0
AF	0	0.608057	33	23	10	0	0	0	0
AF	0	0.608370	25	17	8	0	0	0	0
AF	0	0.608682	26	21	5	0	0	0	0
AF	0	0.608994	27	18	9	0	0	0	0
AF	0	0.609307	29	20	9	0	0	0	0
AF	0	0.609619	24	12	12	0	0	0	0
AF	0	0.609931	36	20	16	0	0	0	0
AF	0	0.610244	31	28	3	0	0	0	0
AF	0	0.610556	20	16	4	0	0	0	0
AF	0	0.610868	24	9	15	0	0	0	0
AF	0	0.611181	29	23	6	0	0	0	0
AF	0	0.611493	42	34	8	0	0	0	0
AF	0	0.611805	31	22	9	0	0	0	0
AF	0	0.612117	30	22	8	0	0	0	0
AF	0	0.612430	27	20	7	0	0	0	0
AF	0	0.612742	33	23	10	0	0	0	0
AF	0	0.613054	23	13	10	0	0	0	0
AF	0	0.613367	24	17	7	0	0	0	0
AF	0	0.613679	34	24	10	0	0	0	0
AF	0	0.613991	49	39	10	0	0	0	0
AF	0	0.614304	64	44	20	0	0	0	0
AF	0	0.614616	58	45	13	0	0	0	0
AF	0	0.614928	23	13	10	0	0	0	0
AF	0	0.615240	34	20	14	0	0	0	0
AF	0	0.615553	35	22	13	0	0	0	0
AF	0	0.615865	28	19	9	0	0	0	0
AF	0	0.616177	18	14	4	0	0	0	0
AF	0	0.616490	18	11	7	0	0	0	0
AF	0	0.616802	36	25	11	0	0	0	0
AF	0	0.617114	26	20	6	0	0	0	0
AF	0	0.617427	21	15	6	0	0	0	0
AF	0	0.617739	34	21	13	0	0	0	0
AF	0	0.618051	24	17	7	0	0	0	0
AF	0	0.618364	36	27	9	0	0	0	0
AF	0	0.618676	28	20	8	0	0	0	0
AF	0	0.618988	34	25	9	0	0	0	0
AF	0	0.619300	16	9	7	0	0	0	0
AF	0	0.619613	25	17	8	0	0	0	0
AF	0	0.619925	27	17	10	0	0	0	0
AF	0	0.620237	28	20	8	0	0	0	0
AF	0	0.620550	22	17	5	0	0	0	0
AF	0	0.620862	14	11	3	0	0	0	0
AF	0	0.621174	15	12	3	0	0	0	0
AF	0	0.621487	26	20	6	0	0	0	0
AF	0	0.621799	18	11	7	0	0	0	0
AF	0	0.622111	23	16	7	0	0	0	0
AF	0	0.622423	23	15	8	0	0	0	0
AF	0	0.622736	21	10	11	0	0	0	0
AF	0	0.623048	19	13	6	0	0	0	0
AF	0	0.623360	29	17	12	0	0	0	0
AF	0	0.623673	28	15	13	0	0	0	0
AF	0	0.623985	21	8	13	0	0	0	0
AF	0	0.624297	33	22	11	0	0	0	0
AF	0	0.624610	18	15	3	0	0	0	0
AF	0	0.624922	35	29	6	0	0	0	0
AF	0	0.625234	37	27	10	0	0	0	0
AF	0	0.625547	35	20	15	0	0	0	0
AF	0	0.625859	32	23	9	0	0	0	0
AF	0	0.626171	17	14	3	0	0	0	0
AF	0	0.626483	18	11	7	0	0	0	0
AF	0	0.626796	25	22	3	0	0	0	0
AF	0	0.627108	19	14	5	0	0	0	0
AF	0	0.627420	16	12	4	0	0	0	0
AF	0	0.627733	20	16	4	0	0	0	0
AF	0	0.628045	14	12	2	0	0	0	0
AF	0	0.628357	19	17	2	0	0	0	0
AF	0	0.628670	28	24	4	0	0	0	0
AF	0	0.628982	25	14	11	0	0	0	0
AF	0	0.629294	26	17	9	0	0	0	0
AF	0	0.629606	26	17	9	0	0	0	0
AF	0	0.629919	45	28	17	0	0	0	0
AF	0	0.630231	10	6	4	0	0	0	0
AF	0	0.630543	18	10	8	0	0	0	0
AF	0	0.630856	18	8	10	0	0	0	0
AF	0	0.631168	20	12	8	0	0	0	0
AF	0	0.631480	30	22	8	0	0	0	0
AF	0	0.631793	21	14	7	0	0	0	0
AF	0	0.632105	33	26	7	0	0	0	0
AF	0	0.632417	27	19	8	0	0	0	0
AF	0	0.632730	25	15	10	0	0	0	0
AF	0	0.633042	24	18	6	0	0	0	0
AF	0	0.633354	25	14	11	0	0	0	0
AF	0	0.633666	25	17	8	0	0	0	0
AF	0	0.633979	29	18	11	0	0	0	0
AF	0	0.634291	22	16	6	0	0	0	0
AF	0	0.634603	27	20	7	0	0	0	0
AF	0	0.634916	23	16	7	0	0	0	0
AF	0	0.635228	19	14	5	0	0	0	0
AF	0	0.635540	21	14	7	0	0	0	0
AF	0	0.635853	24	17	7	0	0	0	0
AF	0	0.636165	25	17	8	0	0	0	0
AF	0	0.636477	23	17	6	0	0	0	0
AF	0	0.636790	38	33	5	0	0	0	0
AF	0	0.637102	25	18	7	0	0	0	0
AF	0	0.637414	20	9	11	0	0	0	0
AF	0	0.637726	22	13	9	0	0	0	0
AF	0	0.638039	28	15	13	0	0	0	0
AF	0	0.638351	28	22	6	0	0	0	0
AF	0	0.638663	27	19	8	0	0	0	0
AF	0	0.638976	19	14	5	0	0	0	0
AF	0	0.639288	24	16	8	0	0	0	0
AF	0	0.639600	18	12	6	0	0	0	0
AF	0	0.639913	30	24	6	0	0	0	0
AF	0	0.640225	10	8	2	0	0	0	0
AF	0	0.640537	28	18	10	0	0	0	0
AF	0	0.640849	26	20	6	0	0	0	0
AF	0	0.641162	25	17	8	0	0	0	0
AF	0	0.641474	23	17	6	0	0	0	0
AF	0	0.641786	20	15	5	0	0	0	0
AF	0	0.642099	34	22	12	0	0	0	0
AF	0	0.642411	16	12	4	0	0	0	0
AF	0	0.642723	69	47	22	0	0	0	0
AF	0	0.643036	34	23	11	0	0	0	0
AF	0	0.643348	16	12	4	0	0	0	0
AF	0	0.643660	21	13	8	0	0	0	0
AF	0	0.643973	25	21	4	0	0	0	0
AF	0	0.644285	29	21	8	0	0	0	0
AF	0	0.644597	28	21	7	0	0	0	0
AF	0	0.644909	23	18	5	0	0	0	0
AF	0	0.645222	19	17	2	0	0	0	0
AF	0	0.645534	22	18	4	0	0	0	0
AF	0	0.645846	31	21	10	0	0	0	0
AF	0	0.646159	33	26	7	0	0	0	0
AF	0	0.646471	39	29	10	0	0	0	0
AF	0	0.646783	23	19	4	0	0	0	0
AF	0	0.647096	27	22	5	0	0	0	0
AF	0	0.647408	28	24	4	0	0	0	0
AF	0	0.647720	30	18	12	0	0	0	0
AF	0	0.648032	32	21	11	0	0	0	0
AF	0	0.648345	33	26	7	0	0	0	0
AF	0	0.648657	24	17	7	0	0	0	0
AF	0	0.648969	31	20	11	0	0	0	0
AF	0	0.649282	31	19	12	0	0	0	0
AF	0	0.649594	18	14	4	0	0	0	0
AF	0	0.649906	19	15	4	0	0	0	0
AF	0	0.650219	30	21	9	0	0	0	0
AF	0	0.650531	30	22	8	0	0	0	0
AF	0	0.650843	22	18	4	0	0	0	0
AF	0	0.651156	26	16	10	0	0	0	0
AF	0	0.651468	35	24	11	0	0	0	0
AF	0	0.651780	20	15	5	0	0	0	0
AF	0	0.652092	20	16	4	0	0	0	0
AF	0	0.652405	20	9	11	0	0	0	0
AF	0	0.652717	17	13	4	0	0	0	0
AF	0	0.653029	19	11	8	0	0	0	0
AF	0	0.653342	25	16	9	0	0	0	0
AF	0	0.653654	16	10	6	0	0	0	0
AF	0	0.653966	28	23	5	0	0	0	0
AF	0	0.654279	20	17	3	0	0	0	0
AF	0	0.654591	25	14	11	0	0	0	0
AF	0	0.654903	25	20	5	0	0	0	0
AF	0	0.655215	29	23	6	0	0	0	0
AF	0	0.655528	18	12	6	0	0	0	0
AF	0	0.655840	23	16	7	0	0	0	0
AF	0	0.656152	32	19	13	0	0	0	0
AF	0	0.656465	22	14	8	0	0	0	0
AF	0	0.656777	24	19	5	0	0	0	0
AF	0	0.657089	30	16	14	0	0	0	0
AF	0	0.657402	35	26	9	0	0	0	0
AF	0	0.657714	24	17	7	0	0	0	0
AF	0	0.658026	33	24	9	0	0	0	0
AF	0	0.658339	24	21	3	0	0	0	0
AF	0	0.658651	21	15	6	0	0	0	0
AF	0	0.658963	31	22	9	0	0	0	0
AF	0	0.659275	22	16	6	0	0	0	0
AF	0	0.659588	28	17	11	0	0	0	0
AF	0	0.659900	23	18	5	0	0	0	0
AF	0	0.660212	26	17	9	0	0	0	0
AF	0	0.660525	24	17	7	0	0	0	0
AF	0	0.660837	36	28	8	0	0	0	0
AF	0	0.661149	32	25	7	0	0	0	0
AF	0	0.661462	42	28	14	0	0	0	0
AF	0	0.661774	48	32	16	0	0	0	0
AF	0	0.662086	32	26	6	0	0	0	0
AF	0	0.662399	22	13	9	0	0	0	0
AF	0	0.662711	24	15	9	0	0	0	0
AF	0	0.663023	19	15	4	0	0	0	0
AF	0	0.663335	25	19	6	0	0	0	0
AF	0	0.663648	21	12	9	0	0	0	0
AF	0	0.663960	29	20	9	0	0	0	0
AF	0	0.664272	21	16	5	0	0	0	0
AF	0	0.664585	17	13	4	0	0	0	0
AF	0	0.664897	28	17	11	0	0	0	0
AF	0	0.665209	25	14	11	0	0	0	0
AF	0	0.665522	35	24	11	0	0	0	0
AF	0	0.665834	35	25	10	0	0	0	0
AF	0	0.666146	21	18	3	0	0	0	0
AF	0	0.666458	27	16	11	0	0	0	0
AF	0	0.666771	29	20	9	0	0	0	0
AF	0	0.667083	32	24	8	0	0	0	0
AF	0	0.667395	37	23	14	0	0	0	0
AF	0	0.667708	20	17	3	0	0	0	0
AF	0	0.668020	26	18	8	0	0	0	0
AF	0	0.668332	23	16	7	0	0	0	0
AF	0	0.668645	25	17	8	0	0	0	0
AF	0	0.668957	28	18	10	0	0	0	0
AF	0	0.669269	22	12	10	0	0	0	0
AF	0	0.669582	20	17	3	0	0	0	0
AF	0	0.669894	42	27	15	0	0	0	0
AF	0	0.670206	38	31	7	0	0	0	0
AF	0	0.670518	44	32	12	0	0	0	0
AF	0	0.670831	30	21	9	0	0	0	0
AF	0	0.671143	29	16	13	0	0	0	0
AF	0	0.671455	28	18	10	0	0	0	0
AF	0	0.671768	24	13	11	0	0	0	0
AF	0	0.672080	31	17	14	0	0	0	0
AF	0	0.672392	31	26	5	0	0	0	0
AF	0	0.672705	27	19	8	0	0	0	0
AF	0	0.673017	23	17	6	0	0	0	0
AF	0	0.673329	23	18	5	0	0	0	0
AF	0	0.673641	21	14	7	0	0	0	0
AF	0	0.673954	22	12	10	0	0	0	0
AF	0	0.674266	28	16	12	0	0	0	0
AF	0	0.674578	39	27	12	0	0	0	0
AF	0	0.674891	44	30	14	0	0	0	0
AF	0	0.675203	42	29	13	0	0	0	0
AF	0	0.675515	27	22	5	0	0	0	0
AF	0	0.675828	22	17	5	0	0	0	0
AF	0	0.676140	30	26	4	0	0	0	0
AF	0	0.676452	12	6	6	0	0	0	0
AF	0	0.676765	25	19	6	0	0	0	0
AF	0	0.677077	33	24	9	0	0	0	0
AF	0	0.677389	30	16	14	0	0	0	0
AF	0	0.677701	19	13	6	0	0	0	0
AF	0	0.678014	23	16	7	0	0	0	0
AF	0	0.678326	16	10	6	0	0	0	0
AF	0	0.678638	23	17	6	0	0	0	0
AF	0	0.678951	22	18	4	0	0	0	0
AF	0	0.679263	22	19	3	0	0	0	0
AF	0	0.679575	22	14	8	0	0	0	0
AF	0	0.679888	28	16	12	0	0	0	0
AF	0	0.680200	10	4	6	0	0	0	0
AF	0	0.680512	30	20	10	0	0	0	0
AF	0	0.680824	13	9	4	0	0	0	0
AF	0	0.681137	20	15	5	0	0	0	0
AF	0	0.681449	13	9	4	0	0	0	0
AF	0	0.681761	15	12	3	0	0	0	0
AF	0	0.682074	11	9	2	0	0	0	0
AF	0	0.682386	20	12	8	0	0	0	0
AF	0	0.682698	22	15	7	0	0	0	0
AF	0	0.683011	18	12	6	0	0	0	0
AF	0	0.683323	42	34	8	0	0	0	0
AF	0	0.683635	25	19	6	0	0	0	0
AF	0	0.683948	22	17	5	0	0	0	0
AF	0	0.684260	16	11	5	0	0	0	0
AF	0	0.684572	22	17	5	0	0	0	0
AF	0	0.684884	20	11	9	0	0	0	0
AF	0	0.685197	21	15	6	0	0	0	0
AF	0	0.685509	24	17	7	0	0	0	0
AF	0	0.685821	17	11	6	0	0	0	0
AF	0	0.686134	18	10	8	0	0	0	0
AF	0	0.686446	30	21	9	0	0	0	0
AF	0	0.686758	21	10	11	0	0	0	0
AF	0	0.687071	29	22	7	0	0	0	0
AF	0	0.687383	25	18	7	0	0	0	0
AF	0	0.687695	22	12	10	0	0	0	0
AF	0	0.688007	29	20	9	0	0	0	0
AF	0	0.688320	27	18	9	0	0	0	0
AF	0	0.688632	34	24	10	0	0	0	0
AF	0	0.688944	25	17	8	0	0	0	0
AF	0	0.689257	27	21	6	0	0	0	0
AF	0	0.689569	26	19	7	0	0	0	0
AF	0	0.689881	33	26	7	0	0	0	0
AF	0	0.690194	26	21	5	0	0	0	0
AF	0	0.690506	18	7	11	0	0	0	0
AF	0	0.690818	13	9	4	0	0	0	0
AF	0	0.691131	22	13	9	0	0	0	0
AF	0	0.691443	36	25	11	0	0	0	0
AF	0	0.691755	50	34	16	0	0	0	0
AF	0	0.692067	27	18	9	0	0	0	0
AF	0	0.692380	26	20	6	0	0	0	0
AF	0	0.692692	44	29	15	0	0	0	0
AF	0	0.693004	20	12	8	0	0	0	0
AF	0	0.693317	26	22	4	0	0	0	0
AF	0	0.693629	24	18	6	0	0	0	0
AF	0	0.693941	27	24	3	0	0	0	0
AF	0	0.694254	27	21	6	0	0	0	0
AF	0	0.694566	23	19	4	0	0	0	0
AF	0	0.694878	23	16	7	0	0	0	0
AF	0	0.695191	18	13	5	0	0	0	0
AF	0	0.695503	20	17	3	0	0	0	0
AF	0	0.695815	23	16	7	0	0	0	0
AF	0	0.696127	19	12	7	0	0	0	0
AF	0	0.696440	25	18	7	0	0	0	0
AF	0	0.696752	22	18	4	0	0	0	0
AF	0	0.697064	24	17	7	0	0	0	0
AF	0	0.697377	30	19	11	0	0	0	0
AF	0	0.697689	18	13	5	0	0	0	0
AF	0	0.698001	27	21	6	0	0	0	0
AF	0	0.698314	23	15	8	0	0	0	0
AF	0	0.698626	6	6	0	0	0	0	0
AF	0	0.698938	25	17	8	0	0	0	0
AF	0	0.699250	19	10	9	0	0	0	0
AF	0	0.699563	22	16	6	0	0	0	0
AF	0	0.699875	14	14	0	0	0	0	0
AF	0	0.700187	24	17	7	0	0	0	0
AF	0	0.700500	15	6	9	0	0	0	0
AF	0	0.700812	25	13	12	0	0	0	0
AF	0	0.701124	17	12	5	0	0	0	0
AF	0	0.701437	26	22	4	0	0	0	0
AF	0	0.701749	15	13	2	0	0	0	0
AF	0	0.702061	22	11	11	0	0	0	0
AF	0	0.702374	22	15	7	0	0	0	0
AF	0	0.702686	29	23	6	0	0	0	0
AF	0	0.702998	32	23	9	0	0	0	0
AF	0	0.703310	15	10	5	0	0	0	0
AF	0	0.703623	18	10	8	0	0	0	0
AF	0	0.703935	24	20	4	0	0	0	0
AF	0	0.704247	15	8	7	0	0	0	0
AF	0	0.704560	30	18	12	0	0	0	0
AF	0	0.704872	19	15	4	0	0	0	0
AF	0	0.705184	25	17	8	0	0	0	0
AF	0	0.705497	27	20	7	0	0	0	0
AF	0	0.705809	23	20	3	0	0	0	0
AF	0	0.706121	22	14	8	0	0	0	0
AF	0	0.706433	36	24	12	0	0	0	0
AF	0	0.706746	23	16	7	0	0	0	0
AF	0	0.707058	20	17	3	0	0	0	0
AF	0	0.707370	22	16	6	0	0	0	0
AF	0	0.707683	21	12	9	0	0	0	0
AF	0	0.707995	22	16	6	0	0	0	0
AF	0	0.708307	19	14	5	0	0	0	0
AF	0	0.708620	31	21	10	0	0	0	0
AF	0	0.708932	29	22	7	0	0	0	0
AF	0	0.709244	21	15	6	0	0	0	0
AF	0	0.709557	16	11	5	0	0	0	0
AF	0	0.709869	20	17	3	0	0	0	0
AF	0	0.710181	27	20	7	0	0	0	0
AF	0	0.710493	22	17	5	0	0	0	0
AF	0	0.710806	14	12	2	0	0	0	0
AF	0	0.711118	18	15	3	0	0	0	0
AF	0	0.711430	13	11	2	0	0	0	0
AF	0	0.711743	22	16	6	0	0	0	0
AF	0	0.712055	19	11	8	0	0	0	0
AF	0	0.712367	24	19	5	0	0	0	0
AF	0	0.712680	9	6	3	0	0	0	0
AF	0	0.712992	29	18	11	0	0	0	0
AF	0	0.713304	23	16	7	0	0	0	0
AF	0	0.713616	37	21	16	0	0	0	0
AF	0	0.713929	14	12	2	0	0	0	0
AF	0	0.714241	31	22	9	0	0	0	0
AF	0	0.714553	15	10	5	0	0	0	0
AF	0	0.714866	11	6	5	0	0	0	0
AF	0	0.715178	14	7	7	0	0	0	0
AF	0	0.715490	18	15	3	0	0	0	0
AF	0	0.715803	19	15	4	0	0	0	0
AF	0	0.716115	8	3	5	0	0	0	0
AF	0	0.716427	19	14	5	0	0	0	0
AF	0	0.716740	29	18	11	0	0	0	0
AF	0	0.717052	19	13	6	0	0	0	0
AF	0	0.717364	13	9	4	0	0	0	0
AF	0	0.717676	26	18	8	0	0	0	0
AF	0	0.717989	12	6	6	0	0	0	0
AF	0	0.718301	27	15	12	0	0	0	0
AF	0	0.718613	23	17	6	0	0	0	0
AF	0	0.718926	13	12	1	0	0	0	0
AF	0	0.719238	29	16	13	0	0	0	0
AF	0	0.719550	25	14	11	0	0	0	0
AF	0	0.719863	25	15	10	0	0	0	0
AF	0	0.720175	28	23	5	0	0	0	0
AF	0	0.720487	40	29	11	0	0	0	0
AF	0	0.720800	27	18	9	0	0	0	0
AF	0	0.721112	32	18	14	0	0	0	0
AF	0	0.721424	24	12	12	0	0	0	0
AF	0	0.721736	22	16	6	0	0	0	0
AF	0	0.722049	30	24	6	0	0	0	0
AF	0	0.722361	21	13	8	0	0	0	0
AF	0	0.722673	37	24	13	0	0	0	0
AF	0	0.722986	22	13	9	0	0	0	0
AF	0	0.723298	30	19	11	0	0	0	0
AF	0	0.723610	22	13	9	0	0	0	0
AF	0	0.723923	21	13	8	0	0	0	0
AF	0	0.724235	19	12	7	0	0	0	0
AF	0	0.724547	25	18	7	0	0	0	0
AF	0	0.724859	12	9	3	0	0	0	0
AF	0	0.725172	10	7	3	0	0	0	0
AF	0	0.725484	27	17	10	0	0	0	0
AF	0	0.725796	15	11	4	0	0	0	0
AF	0	0.726109	20	12	8	0	0	0	0
AF	0	0.726421	11	8	3	0	0	0	0
AF	0	0.726733	17	12	5	0	0	0	0
AF	0	0.727046	16	13	3	0	0	0	0
AF	0	0.727358	17	12	5	0	0	0	0
AF	0	0.727670	24	14	10	0	0	0	0
AF	0	0.727983	29	19	10	0	0	0	0
AF	0	0.728295	21	14	7	0	0	0	0
AF	0	0.728607	25	14	11	0	0	0	0
AF	0	0.728919	19	12	7	0	0	0	0
AF	0	0.729232	21	18	3	0	0	0	0
AF	0	0.729544	24	15	9	0	0	0	0
AF	0	0.729856	18	12	6	0	0	0	0
AF	0	0.730169	33	25	8	0	0	0	0
AF	0	0.730481	25	18	7	0	0	0	0
AF	0	0.730793	30	18	12	0	0	0	0
AF	0	0.731106	25	19	6	0	0	0	0
AF	0	0.731418	28	21	7	0	0	0	0
AF	0	0.731730	13	10	3	0	0	0	0
AF	0	0.732042	23	17	6	0	0	0	0
AF	0	0.732355	37	26	11	0	0	0	0
AF	0	0.732667	18	14	4	0	0	0	0
AF	0	0.732979	21	14	7	0	0	0	0
AF	0	0.733292	20	14	6	0	0	0	0
AF	0	0.733604	17	12	5	0	0	0	0
AF	0	0.733916	20	15	5	0	0	0	0
AF	0	0.734229	15	8	7	0	0	0	0
AF	0	0.734541	28	17	11	0	0	0	0
AF	0	0.734853	24	15	9	0	0	0	0
AF	0	0.735166	13	7	6	0	0	0	0
AF	0	0.735478	12	9	3	0	0	0	0
AF	0	0.735790	13	11	2	0	0	0	0
AF	0	0.736102	21	14	7	0	0	0	0
AF	0	0.736415	15	6	9	0	0	0	0
AF	0	0.736727	17	13	4	0	0	0	0
AF	0	0.737039	28	17	11	0	0	0	0
AF	0	0.737352	11	6	5	0	0	0	0
AF	0	0.737664	16	8	8	0	0	0	0
AF	0	0.737976	21	13	8	0	0	0	0
AF	0	0.738289	22	17	5	0	0	0	0
AF	0	0.738601	24	18	6	0	0	0	0
AF	0	0.738913	24	14	10	0	0	0	0
AF	0	0.739225	26	15	11	0	0	0	0
AF	0	0.739538	12	9	3	0	0	0	0
AF	0	0.739850	11	9	2	0	0	0	0
AF	0	0.740162	19	12	7	0	0	0	0
AF	0	0.740475	16	9	7	0	0	0	0
AF	0	0.740787	19	16	3	0	0	0	0
AF	0	0.741099	20	15	5	0	0	0	0
AF	0	0.741412	23	17	6	0	0	0	0
AF	0	0.741724	13	11	2	0	0	0	0
AF	0	0.742036	16	11	5	0	0	0	0
AF	0	0.742349	24	17	7	0	0	0	0
AF	0	0.742661	18	12	6	0	0	0	0
AF	0	0.742973	21	17	4	0	0	0	0
AF	0	0.743285	24	15	9	0	0	0	0
AF	0	0.743598	29	19	10	0	0	0	0
AF	0	0.743910	23	12	11	0	0	0	0
AF	0	0.744222	19	10	9	0	0	0	0
AF	0	0.744535	20	14	6	0	0	0	0
AF	0	0.744847	22	17	5	0	0	0	0
AF	0	0.745159	22	17	5	0	0	0	0
AF	0	0.745472	23	16	7	0	0	0	0
AF	0	0.745784	17	15	2	0	0	0	0
AF	0	0.746096	16	8	8	0	0	0	0
AF	0	0.746408	20	17	3	0	0	0	0
AF	0	0.746721	16	10	6	0	0	0	0
AF	0	0.747033	18	14	4	0	0	0	0
AF	0	0.747345	21	17	4	0	0	0	0
AF	0	0.747658	19	12	7	0	0	0	0
AF	0	0.747970	23	14	9	0	0	0	0
AF	0	0.748282	25	14	11	0	0	0	0
AF	0	0.748595	19	9	10	0	0	0	0
AF	0	0.748907	22	14	8	0	0	0	0
AF	0	0.749219	28	20	8	0	0	0	0
AF	0	0.749532	21	14	7	0	0	0	0
AF	0	0.749844	10	9	1	0	0	0	0
AF	0	0.750156	20	12	8	0	0	0	0
AF	0	0.750468	24	16	8	0	0	0	0
AF	0	0.750781	16	12	4	0	0	0	0
AF	0	0.751093	12	7	5	0	0	0	0
AF	0	0.751405	17	10	7	0	0	0	0
AF	0	0.751718	17	10	7	0	0	0	0
AF	0	0.752030	11	5	6	0	0	0	0
AF	0	0.752342	17	11	6	0	0	0	0
AF	0	0.752655	24	20	4	0	0	0	0
AF	0	0.752967	26	19	7	0	0	0	0
AF	0	0.753279	14	11	3	0	0	0	0
AF	0	0.753592	26	20	6	0	0	0	0
AF	0	0.753904	16	11	5	0	0	0	0
AF	0	0.754216	21	15	6	0	0	0	0
AF	0	0.754528	17	11	6	0	0	0	0
AF	0	0.754841	17	10	7	0	0	0	0
AF	0	0.755153	16	13	3	0	0	0	0
AF	0	0.755465	17	9	8	0	0	0	0
AF	0	0.755778	32	19	13	0	0	0	0
AF	0	0.756090	19	13	6	0	0	0	0
AF	0	0.756402	20	13	7	0	0	0	0
AF	0	0.756715	14	11	3	0	0	0	0
AF	0	0.757027	14	11	3	0	0	0	0
AF	0	0.757339	14	12	2	0	0	0	0
AF	0	0.757651	11	6	5	0	0	0	0
AF	0	0.757964	15	10	5	0	0	0	0
AF	0	0.758276	24	16	8	0	0	0	0
AF	0	0.758588	30	23	7	0	0	0	0
AF	0	0.758901	26	16	10	0	0	0	0
AF	0	0.759213	32	23	9	0	0	0	0
AF	0	0.759525	22	14	8	0	0	0	0
AF	0	0.759838	13	10	3	0	0	0	0
AF	0	0.760150	23	15	8	0	0	0	0
AF	0	0.760462	29	20	9	0	0	0	0
AF	0	0.760775	25	12	13	0	0	0	0
AF	0	0.761087	18	15	3	0	0	0	0
AF	0	0.761399	25	18	7	0	0	0	0
AF	0	0.761711	24	17	7	0	0	0	0
AF	0	0.762024	17	12	5	0	0	0	0
AF	0	0.762336	34	21	13	0	0	0	0
AF	0	0.762648	41	29	12	0	0	0	0
AF	0	0.762961	20	14	6	0	0	0	0
AF	0	0.763273	17	8	9	0	0	0	0
AF	0	0.763585	26	12	14	0	0	0	0
AF	0	0.763898	26	19	7	0	0	0	0
AF	0	0.764210	20	19	1	0	0	0	0
AF	0	0.764522	23	16	7	0	0	0	0
AF	0	0.764834	24	17	7	0	0	0	0
AF	0	0.765147	27	16	11	0	0	0	0
AF	0	0.765459	17	10	7	0	0	0	0
AF	0	0.765771	39	26	13	0	0	0	0
AF	0	0.766084	23	18	5	0	0	0	0
AF	0	0.766396	15	11	4	0	0	0	0
AF	0	0.766708	19	14	5	0	0	0	0
AF	0	0.767021	14	11	3	0	0	0	0
AF	0	0.767333	20	14	6	0	0	0	0
AF	0	0.767645	23	15	8	0	0	0	0
AF	0	0.767958	19	14	5	0	0	0	0
AF	0	0.768270	15	9	6	0	0	0	0
AF	0	0.768582	23	17	6	0	0	0	0
AF	0	0.768894	23	13	10	0	0	0	0
AF	0	0.769207	29	18	11	0	0	0	0
AF	0	0.769519	24	14	10	0	0	0	0
AF	0	0.769831	20	15	5	0	0	0	0
AF	0	0.770144	30	22	8	0	0	0	0
AF	0	0.770456	29	17	12	0	0	0	0
AF	0	0.770768	18	10	8	0	0	0	0
AF	0	0.771081	19	10	9	0	0	0	0
AF	0	0.771393	16	11	5	0	0	0	0
AF	0	0.771705	25	15	10	0	0	0	0
AF	0	0.772017	26	19	7	0	0	0	0
AF	0	0.772330	19	13	6	0	0	0	0
AF	0	0.772642	25	19	6	0	0	0	0
AF	0	0.772954	17	15	2	0	0	0	0
AF	0	0.773267	14	10	4	0	0	0	0
AF	0	0.773579	7	3	4	0	0	0	0
AF	0	0.773891	18	10	8	0	0	0	0
AF	0	0.774204	22	16	6	0	0	0	0
AF	0	0.774516	7	5	2	0	0	0	0
AF	0	0.774828	22	13	9	0	0	0	0
AF	0	0.775141	20	16	4	0	0	0	0
AF	0	0.775453	12	8	4	0	0	0	0
AF	0	0.775765	18	15	3	0	0	0	0
AF	0	0.776077	17	11	6	0	0	0	0
AF	0	0.776390	21	10	11	0	0	0	0
AF	0	0.776702	20	13	7	0	0	0	0
AF	0	0.777014	22	15	7	0	0	0	0
AF	0	0.777327	20	14	6	0	0	0	0
AF	0	0.777639	16	11	5	0	0	0	0
AF	0	0.777951	22	11	11	0	0	0	0
AF	0	0.778264	21	9	12	0	0	0	0
AF	0	0.778576	17	11	6	0	0	0	0
AF	0	0.778888	19	12	7	0	0	0	0
AF	0	0.779200	26	18	8	0	0	0	0
AF	0	0.779513	13	9	4	0	0	0	0
AF	0	0.779825	20	16	4	0	0	0	0
AF	0	0.780137	30	19	11	0	0	0	0
AF	0	0.780450	33	26	7	0	0	0	0
AF	0	0.780762	11	7	4	0	0	0	0
AF	0	0.781074	31	18	13	0	0	0	0
AF	0	0.781387	33	26	7	0	0	0	0
AF	0	0.781699	20	10	10	0	0	0	0
AF	0	0.782011	13	11	2	0	0	0	0
AF	0	0.782324	12	8	4	0	0	0	0
AF	0	0.782636	16	10	6	0	0	0	0
AF	0	0.782948	20	14	6	0	0	0	0
AF	0	0.783260	20	14	6	0	0	0	0
AF	0	0.783573	23	17	6	0	0	0	0
AF	0	0.783885	15	10	5	0	0	0	0
AF	0	0.784197	15	10	5	0	0	0	0
AF	0	0.784510	10	5	5	0	0	0	0
AF	0	0.784822	22	15	7	0	0	0	0
AF	0	0.785134	17	15	2	0	0	0	0
AF	0	0.785447	21	15	6	0	0	0	0
AF	0	0.785759	27	20	7	0	0	0	0
AF	0	0.786071	25	16	9	0	0	0	0
AF	0	0.786384	22	17	5	0	0	0	0
AF	0	0.786696	18	10	8	0	0	0	0
AF	0	0.787008	15	11	4	0	0	0	0
AF	0	0.787320	12	8	4	0	0	0	0
AF	0	0.787633	34	24	10	0	0	0	0
AF	0	0.787945	17	15	2	0	0	0	0
AF	0	0.788257	21	15	6	0	0	0	0
AF	0	0.788570	21	12	9	0	0	0	0
AF	0	0.788882	20	14	6	0	0	0	0
AF	0	0.789194	15	11	4	0	0	0	0
AF	0	0.789507	31	25	6	0	0	0	0
AF	0	0.789819	25	20	5	0	0	0	0
AF	0	0.790131	21	11	10	0	0	0	0
AF	0	0.790443	18	14	4	0	0	0	0
AF	0	0.790756	14	11	3	0	0	0	0
AF	0	0.791068	14	10	4	0	0	0	0
AF	0	0.791380	28	16	12	0	0	0	0
AF	0	0.791693	22	16	6	0	0	0	0
AF	0	0.792005	29	17	12	0	0	0	0
AF	0	0.792317	21	17	4	0	0	0	0
AF	0	0.792630	13	6	7	0	0	0	0
AF	0	0.792942	16	12	4	0	0	0	0
AF	0	0.793254	17	12	5	0	0	0	0
AF	0	0.793567	16	13	3	0	0	0	0
AF	0	0.793879	35	25	10	0	0	0	0
AF	0	0.794191	23	12	11	0	0	0	0
AF	0	0.794503	26	18	8	0	0	0	0
AF	0	0.794816	26	22	4	0	0	0	0
AF	0	0.795128	11	8	3	0	0	0	0
AF	0	0.795440	11	6	5	0	0	0	0
AF	0	0.795753	19	12	7	0	0	0	0
AF	0	0.796065	23	16	7	0	0	0	0
AF	0	0.796377	23	15	8	0	0	0	0
AF	0	0.796690	22	18	4	0	0	0	0
AF	0	0.797002	28	18	10	0	0	0	0
AF	0	0.797314	27	16	11	0	0	0	0
AF	0	0.797626	23	16	7	0	0	0	0
AF	0	0.797939	21	15	6	0	0	0	0
AF	0	0.798251	19	15	4	0	0	0	0
AF	0	0.798563	21	15	6	0	0	0	0
AF	0	0.798876	23	19	4	0	0	0	0
AF	0	0.799188	11	8	3	0	0	0	0
AF	0	0.799500	19	13	6	0	0	0	0
AF	0	0.799813	23	17	6	0	0	0	0
AF	0	0.800125	25	16	9	0	0	0	0
AF	0	0.800437	20	15	5	0	0	0	0
AF	0	0.800750	23	15	8	0	0	0	0
AF	0	0.801062	20	16	4	0	0	0	0
AF	0	0.801374	10	8	2	0	0	0	0
AF	0	0.801686	23	18	5	0	0	0	0
AF	0	0.801999	22	16	6	0	0	0	0
AF	0	0.802311	20	14	6	0	0	0	0
AF	0	0.802623	13	9	4	0	0	0	0
AF	0	0.802936	17	11	6	0	0	0	0
AF	0	0.803248	10	7	3	0	0	0	0
AF	0	0.803560	22	14	8	0	0	0	0
AF	0	0.803873	19	10	9	0	0	0	0
AF	0	0.804185	19	8	11	0	0	0	0
AF	0	0.804497	21	13	8	0	0	0	0
AF	0	0.804809	39	26	13	0	0	0	0
AF	0	0.805122	22	12	10	0	0	0	0
AF	0	0.805434	20	13	7	0	0	0	0
AF	0	0.805746	35	24	11	0	0	0	0
AF	0	0.806059	30	21	9	0	0	0	0
AF	0	0.806371	20	14	6	0	0	0	0
AF	0	0.806683	22	19	3	0	0	0	0
AF	0	0.806996	18	14	4	0	0	0	0
AF	0	0.807308	15	9	6	0	0	0	0
AF	0	0.807620	11	9	2	0	0	0	0
AF	0	0.807933	18	13	5	0	0	0	0
AF	0	0.808245	25	17	8	0	0	0	0
AF	0	0.808557	30	24	6	0	0	0	0
AF	0	0.808869	13	10	3	0	0	0	0
AF	0	0.809182	12	9	3	0	0	0	0
AF	0	0.809494	25	18	7	0	0	0	0
AF	0	0.809806	16	13	3	0	0	0	0
AF	0	0.810119	22	17	5	0	0	0	0
AF	0	0.810431	13	9	4	0	0	0	0
AF	0	0.810743	31	21	10	0	0	0	0
AF	0	0.811056	27	18	9	0	0	0	0
AF	0	0.811368	21	15	6	0	0	0	0
AF	0	0.811680	22	12	10	0	0	0	0
AF	0	0.811993	36	18	18	0	0	0	0
AF	0	0.812305	39	27	12	0	0	0	0
AF	0	0.812617	26	21	5	0	0	0	0
AF	0	0.812929	42	24	18	0	0	0	0
AF	0	0.813242	22	13	9	0	0	0	0
AF	0	0.813554	18	11	7	0	0	0	0
AF	0	0.813866	18	13	5	0	0	0	0
AF	0	0.814179	21	12	9	0	0	0	0
AF	0	0.814491	59	42	17	0	0	0	0
AF	0	0.814803	54	40	14	0	0	0	0
AF	0	0.815116	37	29	8	0	0	0	0
AF	0	0.815428	19	13	6	0	0	0	0
AF	0	0.815740	37	31	6	0	0	0	0
AF	0	0.816052	26	14	12	0	0	0	0
AF	0	0.816365	12	10	2	0	0	0	0
AF	0	0.816677	22	17	5	0	0	0	0
AF	0	0.816989	17	12	5	0	0	0	0
AF	0	0.817302	15	11	4	0	0	0	0
AF	0	0.817614	23	16	7	0	0	0	0
AF	0	0.817926	26	21	5	0	0	0	0
AF	0	0.818239	20	15	5	0	0	0	0
AF	0	0.818551	32	25	7	0	0	0	0
AF	0	0.818863	19	15	4	0	0	0	0
AF	0	0.819176	35	21	14	0	0	0	0
AF	0	0.819488	18	11	7	0	0	0	0
AF	0	0.819800	24	14	10	0	0	0	0
AF	0	0.820112	23	19	4	0	0	0	0
AF	0	0.820425	25	16	9	0	0	0	0
AF	0	0.820737	17	9	8	0	0	0	0
AF	0	0.821049	9	8	1	0	0	0	0
AF	0	0.821362	22	14	8	0	0	0	0
AF	0	0.821674	12	9	3	0	0	0	0
AF	0	0.821986	15	8	7	0	0	0	0
AF	0	0.822299	15	11	4	0	0	0	0
AF	0	0.822611	13	7	6	0	0	0	0
AF	0	0.822923	16	6	10	0	0	0	0
AF	0	0.823235	18	15	3	0	0	0	0
AF	0	0.823548	22	15	7	0	0	0	0
AF	0	0.823860	12	8	4	0	0	0	0
AF	0	0.824172	21	11	10	0	0	0	0
AF	0	0.824485	19	7	12	0	0	0	0
AF	0	0.824797	19	13	6	0	0	0	0
AF	0	0.825109	16	12	4	0	0	0	0
AF	0	0.825422	12	7	5	0	0	0	0
AF	0	0.825734	16	9	7	0	0	0	0
AF	0	0.826046	24	14	10	0	0	0	0
AF	0	0.826359	26	19	7	0	0	0	0
AF	0	0.826671	20	14	6	0	0	0	0
AF	0	0.826983	18	9	9	0	0	0	0
AF	0	0.827295	28	22	6	0	0	0	0
AF	0	0.827608	23	16	7	0	0	0	0
AF	0	0.827920	31	19	12	0	0	0	0
AF	0	0.828232	14	10	4	0	0	0	0
AF	0	0.828545	12	6	6	0	0	0	0
AF	0	0.828857	10	5	5	0	0	0	0
AF	0	0.829169	23	15	8	0	0	0	0
AF	0	0.829482	13	9	4	0	0	0	0
AF	0	0.829794	14	7	7	0	0	0	0
AF	0	0.830106	13	7	6	0	0	0	0
AF	0	0.830418	15	11	4	0	0	0	0
AF	0	0.830731	19	17	2	0	0	0	0
AF	0	0.831043	15	12	3	0	0	0	0
AF	0	0.831355	14	13	1	0	0	0	0
AF	0	0.831668	15	11	4	0	0	0	0
AF	0	0.831980	15	9	6	0	0	0	0
AF	0	0.832292	23	14	9	0	0	0	0
AF	0	0.832605	28	21	7	0	0	0	0
AF	0	0.832917	31	20	11	0	0	0	0
AF	0	0.833229	16	10	6	0	0	0	0
AF	0	0.833542	16	8	8	0	0	0	0
AF	0	0.833854	26	19	7	0	0	0	0
AF	0	0.834166	26	20	6	0	0	0	0
AF	0	0.834478	16	10	6	0	0	0	0
AF	0	0.834791	22	14	8	0	0	0	0
AF	0	0.835103	14	10	4	0	0	0	0
AF	0	0.835415	10	6	4	0	0	0	0
AF	0	0.835728	17	13	4	0	0	0	0
AF	0	0.836040	19	12	7	0	0	0	0
AF	0	0.836352	14	9	5	0	0	0	0
AF	0	0.836665	14	9	5	0	0	0	0
AF	0	0.836977	12	6	6	0	0	0	0
AF	0	0.837289	19	13	6	0	0	0	0
AF	0	0.837601	11	8	3	0	0	0	0
AF	0	0.837914	8	6	2	0	0	0	0
AF	0	0.838226	10	7	3	0	0	0	0
AF	0	0.838538	19	15	4	0	0	0	0
AF	0	0.838851	8	6	2	0	0	0	0
AF	0	0.839163	12	8	4	0	0	0	0
AF	0	0.839475	21	12	9	0	0	0	0
AF	0	0.839788	19	12	7	0	0	0	0
AF	0	0.840100	15	9	6	0	0	0	0
AF	0	0.840412	19	13	6	0	0	0	0
AF	0	0.840725	18	11	7	0	0	0	0
AF	0	0.841037	16	11	5	0	0	0	0
AF	0	0.841349	23	15	8	0	0	0	0
AF	0	0.841661	12	10	2	0	0	0	0
AF	0	0.841974	17	13	4	0	0	0	0
AF	0	0.842286	28	17	11	0	0	0	0
AF	0	0.842598	38	26	12	0	0	0	0
AF	0	0.842911	14	11	3	0	0	0	0
AF	0	0.843223	27	21	6	0	0	0	0
AF	0	0.843535	37	30	7	0	0	0	0
AF	0	0.843848	25	16	9	0	0	0	0
AF	0	0.844160	16	12	4	0	0	0	0
AF	0	0.844472	14	8	6	0	0	0	0
AF	0	0.844785	17	12	5	0	0	0	0
AF	0	0.845097	20	16	4	0	0	0	0
AF	0	0.845409	11	6	5	0	0	0	0
AF	0	0.845721	19	13	6	0	0	0	0
AF	0	0.846034	23	17	6	0	0	0	0
AF	0	0.846346	21	15	6	0	0	0	0
AF	0	0.846658	13	7	6	0	0	0	0
AF	0	0.846971	25	17	8	0	0	0	0
AF	0	0.847283	12	8	4	0	0	0	0
AF	0	0.847595	15	11	4	0	0	0	0
AF	0	0.847908	13	11	2	0	0	0	0
AF	0	0.848220	13	8	5	0	0	0	0
AF	0	0.848532	27	23	4	0	0	0	0
AF	0	0.848844	23	15	8	0	0	0	0
AF	0	0.849157	16	9	7	0	0	0	0
AF	0	0.849469	10	6	4	0	0	0	0
AF	0	0.849781	14	9	5	0	0	0	0
AF	0	0.850094	19	13	6	0	0	0	0
AF	0	0.850406	8	6	2	0	0	0	0
AF	0	0.850718	17	10	7	0	0	0	0
AF	0	0.851031	21	11	10	0	0	0	0
AF	0	0.851343	18	10	8	0	0	0	0
AF	0	0.851655	17	9	8	0	0	0	0
AF	0	0.851968	10	7	3	0	0	0	0
AF	0	0.852280	18	14	4	0	0	0	0
AF	0	0.852592	23	13	10	0	0	0	0
AF	0	0.852904	9	8	1	0	0	0	0
AF	0	0.853217	13	7	6	0	0	0	0
AF	0	0.853529	22	13	9	0	0	0	0
AF	0	0.853841	19	12	7	0	0	0	0
AF	0	0.854154	15	12	3	0	0	0	0
AF	0	0.854466	11	10	1	0	0	0	0
AF	0	0.854778	17	9	8	0	0	0	0
AF	0	0.855091	16	11	5	0	0	0	0
AF	0	0.855403	23	12	11	0	0	0	0
AF	0	0.855715	12	6	6	0	0	0	0
AF	0	0.856027	18	10	8	0	0	0	0
AF	0	0.856340	15	9	6	0	0	0	0
AF	0	0.856652	18	12	6	0	0	0	0
AF	0	0.856964	5	3	2	0	0	0	0
AF	0	0.857277	16	11	5	0	0	0	0
AF	0	0.857589	14	11	3	0	0	0	0
AF	0	0.857901	21	16	5	0	0	0	0
AF	0	0.858214	13	9	4	0	0	0	0
AF	0	0.858526	20	16	4	0	0	0	0
AF	0	0.858838	8	5	3	0	0	0	0
AF	0	0.859151	16	11	5	0	0	0	0
AF	0	0.859463	11	7	4	0	0	0	0
AF	0	0.859775	11	7	4	0	0	0	0
AF	0	0.860087	9	7	2	0	0	0	0
AF	0	0.860400	13	7	6	0	0	0	0
AF	0	0.860712	10	4	6	0	0	0	0
AF	0	0.861024	16	8	8	0	0	0	0
AF	0	0.861337	13	11	2	0	0	0	0
AF	0	0.861649	13	10	3	0	0	0	0
AF	0	0.861961	18	12	6	0	0	0	0
AF	0	0.862274	18	11	7	0	0	0	0
AF	0	0.862586	10	8	2	0	0	0	0
AF	0	0.862898	18	10	8	0	0	0	0
AF	0	0.863210	19	16	3	0	0	0	0
AF	0	0.863523	12	11	1	0	0	0	0
AF	0	0.863835	16	8	8	0	0	0	0
AF	0	0.864147	20	17	3	0	0	0	0
AF	0	0.864460	16	11	5	0	0	0	0
AF	0	0.864772	7	6	1	0	0	0	0
AF	0	0.865084	5	3	2	0	0	0	0
AF	0	0.865397	11	7	4	0	0	0	0
AF	0	0.865709	18	14	4	0	0	0	0
AF	0	0.866021	16	8	8	0	0	0	0
AF	0	0.866334	16	9	7	0	0	0	0
AF	0	0.866646	12	7	5	0	0	0	0
AF	0	0.866958	17	13	4	0	0	0	0
AF	0	0.867270	11	8	3	0	0	0	0
AF	0	0.867583	4	2	2	0	0	0	0
AF	0	0.867895	8	4	4	0	0	0	0
AF	0	0.868207	17	15	2	0	0	0	0
AF	0	0.868520	6	6	0	0	0	0	0
AF	0	0.868832	11	6	5	0	0	0	0
AF	0	0.869144	14	10	4	0	0	0	0
AF	0	0.869457	12	6	6	0	0	0	0
AF	0	0.869769	12	10	2	0	0	0	0
AF	0	0.870081	13	8	5	0	0	0	0
AF	0	0.870394	13	8	5	0	0	0	0
AF	0	0.870706	9	5	4	0	0	0	0
AF	0	0.871018	9	3	6	0	0	0	0
AF	0	0.871330	10	9	1	0	0	0	0
AF	0	0.871643	12	7	5	0	0	0	0
AF	0	0.871955	9	9	0	0	0	0	0
AF	0	0.872267	18	14	4	0	0	0	0
AF	0	0.872580	12	9	3	0	0	0	0
AF	0	0.872892	13	8	5	0	0	0	0
AF	0	0.873204	24	19	5	0	0	0	0
AF	0	0.873517	18	11	7	0	0	0	0
AF	0	0.873829	10	9	1	0	0	0	0
AF	0	0.874141	8	3	5	0	0	0	0
AF	0	0.874453	15	10	5	0	0	0	0
AF	0	0.874766	12	7	5	0	0	0	0
AF	0	0.875078	14	10	4	0	0	0	0
AF	0	0.875390	9	7	2	0	0	0	0
AF	0	0.875703	14	9	5	0	0	0	0
AF	0	0.876015	13	9	4	0	0	0	0
AF	0	0.876327	13	9	4	0	0	0	0
AF	0	0.876640	9	5	4	0	0	0	0
AF	0	0.876952	7	4	3	0	0	0	0
AF	0	0.877264	11	7	4	0	0	0	0
AF	0	0.877577	10	9	1	0	0	0	0
AF	0	0.877889	14	11	3	0	0	0	0
AF	0	0.878201	16	10	6	0	0	0	0
AF	0	0.878513	15	12	3	0	0	0	0
AF	0	0.878826	16	13	3	0	0	0	0
AF	0	0.879138	25	22	3	0	0	0	0
AF	0	0.879450	9	7	2	0	0	0	0
AF	0	0.879763	11	9	2	0	0	0	0
AF	0	0.880075	17	10	7	0	0	0	0
AF	0	0.880387	13	6	7	0	0	0	0
AF	0	0.880700	18	11	7	0	0	0	0
AF	0	0.881012	22	15	7	0	0	0	0
AF	0	0.881324	18	15	3	0	0	0	0
AF	0	0.881636	18	16	2	0	0	0	0
AF	0	0.881949	22	14	8	0	0	0	0
AF	0	0.882261	17	13	4	0	0	0	0
AF	0	0.882573	18	14	4	0	0	0	0
AF	0	0.882886	14	11	3	0	0	0	0
AF	0	0.883198	14	10	4	0	0	0	0
AF	0	0.883510	12	9	3	0	0	0	0
AF	0	0.883823	25	23	2	0	0	0	0
AF	0	0.884135	12	8	4	0	0	0	0
AF	0	0.884447	9	4	5	0	0	0	0
AF	0	0.884760	17	11	6	0	0	0	0
AF	0	0.885072	13	9	4	0	0	0	0
AF	0	0.885384	10	6	4	0	0	0	0
AF	0	0.885696	18	13	5	0	0	0	0
AF	0	0.886009	6	5	1	0	0	0	0
AF	0	0.886321	7	6	1	0	0	0	0
AF	0	0.886633	15	8	7	0	0	0	0
AF	0	0.886946	16	9	7	0	0	0	0
AF	0	0.887258	22	15	7	0	0	0	0
AF	0	0.887570	23	18	5	0	0	0	0
AF	0	0.887883	15	13	2	0	0	0	0
AF	0	0.888195	13	9	4	0	0	0	0
AF	0	0.888507	7	5	2	0	0	0	0
AF	0	0.888819	15	13	2	0	0	0	0
AF	0	0.889132	16	10	6	0	0	0	0
AF	0	0.889444	14	13	1	0	0	0	0
AF	0	0.889756	15	9	6	0	0	0	0
AF	0	0.890069	22	15	7	0	0	0	0
AF	0	0.890381	21	15	6	0	0	0	0
AF	0	0.890693	18	12	6	0	0	0	0
AF	0	0.891006	12	9	3	0	0	0	0
AF	0	0.891318	10	8	2	0	0	0	0
AF	0	0.891630	12	8	4	0	0	0	0
AF	0	0.891943	26	17	9	0	0	0	0
AF	0	0.892255	13	10	3	0	0	0	0
AF	0	0.892567	17	15	2	0	0	0	0
AF	0	0.892879	7	5	2	0	0	0	0
AF	0	0.893192	12	8	4	0	0	0	0
AF	0	0.893504	9	6	3	0	0	0	0
AF	0	0.893816	8	4	4	0	0	0	0
AF	0	0.894129	11	8	3	0	0	0	0
AF	0	0.894441	13	6	7	0	0	0	0
AF	0	0.894753	16	11	5	0	0	0	0
AF	0	0.895066	10	8	2	0	0	0	0
AF	0	0.895378	12	10	2	0	0	0	0
AF	0	0.895690	10	8	2	0	0	0	0
AF	0	0.896002	19	13	6	0	0	0	0
AF	0	0.896315	16	14	2	0	0	0	0
AF	0	0.896627	9	7	2	0	0	0	0
AF	0	0.896939	19	12	7	0	0	0	0
AF	0	0.897252	25	14	11	0	0	0	0
AF	0	0.897564	20	13	7	0	0	0	0
AF	0	0.897876	20	17	3	0	0	0	0
AF	0	0.898189	22	16	6	0	0	0	0
AF	0	0.898501	7	3	4	0	0	0	0
AF	0	0.898813	19	13	6	0	0	0	0
AF	0	0.899126	10	8	2	0	0	0	0
AF	0	0.899438	18	15	3	0	0	0	0
AF	0	0.899750	11	7	4	0	0	0	0
AF	0	0.900062	12	9	3	0	0	0	0
AF	0	0.900375	12	9	3	0	0	0	0
AF	0	0.900687	22	17	5	0	0	0	0
AF	0	0.900999	17	16	1	0	0	0	0
AF	0	0.901312	9	7	2	0	0	0	0
AF	0	0.901624	16	12	4	0	0	0	0
AF	0	0.901936	23	18	5	0	0	0	0
AF	0	0.902249	12	9	3	0	0	0	0
AF	0	0.902561	18	12	6	0	0	0	0
AF	0	0.902873	8	8	0	0	0	0	0
AF	0	0.903186	11	5	6	0	0	0	0
AF	0	0.903498	12	7	5	0	0	0	0
AF	0	0.903810	22	16	6	0	0	0	0
AF	0	0.904122	13	9	4	0	0	0	0
AF	0	0.904435	19	13	6	0	0	0	0
AF	0	0.904747	17	15	2	0	0	0	0
AF	0	0.905059	9	7	2	0	0	0	0
AF	0	0.905372	15	10	5	0	0	0	0
AF	0	0.905684	11	8	3	0	0	0	0
AF	0	0.905996	15	10	5	0	0	0	0
AF	0	0.906309	19	17	2	0	0	0	0
AF	0	0.906621	19	11	8	0	0	0	0
AF	0	0.906933	6	4	2	0	0	0	0
AF	0	0.907245	7	5	2	0	0	0	0
AF	0	0.907558	11	10	1	0	0	0	0
AF	0	0.907870	12	10	2	0	0	0	0
AF	0	0.908182	11	8	3	0	0	0	0
AF	0	0.908495	18	12	6	0	0	0	0
AF	0	0.908807	7	4	3	0	0	0	0
AF	0	0.909119	17	10	7	0	0	0	0
AF	0	0.909432	16	12	4	0	0	0	0
AF	0	0.909744	8	6	2	0	0	0	0
AF	0	0.910056	11	7	4	0	0	0	0
AF	0	0.910369	7	4	3	0	0	0	0
AF	0	0.910681	22	15	7	0	0	0	0
AF	0	0.910993	10	4	6	0	0	0	0
AF	0	0.911305	28	22	6	0	0	0	0
AF	0	0.911618	10	6	4	0	0	0	0
AF	0	0.911930	13	5	8	0	0	0	0
AF	0	0.912242	7	4	3	0	0	0	0
AF	0	0.912555	13	7	6	0	0	0	0
AF	0	0.912867	13	11	2	0	0	0	0
AF	0	0.913179	7	5	2	0	0	0	0
AF	0	0.913492	12	7	5	0	0	0	0
AF	0	0.913804	11	7	4	0	0	0	0
AF	0	0.914116	10	5	5	0	0	0	0
AF	0	0.914428	7	5	2	0	0	0	0
AF	0	0.914741	5	3	2	0	0	0	0
AF	0	0.915053	6	2	4	0	0	0	0
AF	0	0.915365	17	15	2	0	0	0	0
AF	0	0.915678	14	11	3	0	0	0	0
AF	0	0.915990	12	8	4	0	0	0	0
AF	0	0.916302	14	12	2	0	0	0	0
AF	0	0.916615	17	13	4	0	0	0	0
AF	0	0.916927	15	10	5	0	0	0	0
AF	0	0.917239	14	11	3	0	0	0	0
AF	0	0.917552	20	13	7	0	0	0	0
AF	0	0.917864	22	15	7	0	0	0	0
AF	0	0.918176	9	7	2	0	0	0	0
AF	0	0.918488	12	7	5	0	0	0	0
AF	0	0.918801	23	16	7	0	0	0	0
AF	0	0.919113	18	15	3	0	0	0	0
AF	0	0.919425	9	7	2	0	0	0	0
AF	0	0.919738	9	6	3	0	0	0	0
AF	0	0.920050	13	9	4	0	0	0	0
AF	0	0.920362	15	11	4	0	0	0	0
AF	0	0.920675	17	10	7	0	0	0	0
AF	0	0.920987	14	9	5	0	0	0	0
AF	0	0.921299	12	10	2	0	0	0	0
AF	0	0.921611	12	7	5	0	0	0	0
AF	0	0.921924	9	6	3	0	0	0	0
AF	0	0.922236	18	14	4	0	0	0	0
AF	0	0.922548	10	7	3	0	0	0	0
AF	0	0.922861	14	7	7	0	0	0	0
AF	0	0.923173	9	6	3	0	0	0	0
AF	0	0.923485	2	2	0	0	0	0	0
AF	0	0.923798	5	3	2	0	0	0	0
AF	0	0.924110	13	7	6	0	0	0	0
AF	0	0.924422	17	11	6	0	0	0	0
AF	0	0.924735	17	12	5	0	0	0	0
AF	0	0.925047	18	14	4	0	0	0	0
AF	0	0.925359	15	8	7	0	0	0	0
AF	0	0.925671	14	10	4	0	0	0	0
AF	0	0.925984	18	11	7	0	0	0	0
AF	0	0.926296	15	10	5	0	0	0	0
AF	0	0.926608	10	6	4	0	0	0	0
AF	0	0.926921	21	9	12	0	0	0	0
AF	0	0.927233	16	11	5	0	0	0	0
AF	0	0.927545	8	3	5	0	0	0	0
AF	0	0.927858	14	7	7	0	0	0	0
AF	0	0.928170	18	14	4	0	0	0	0
AF	0	0.928482	12	7	5	0	0	0	0
AF	0	0.928795	14	9	5	0	0	0	0
AF	0	0.929107	11	9	2	0	0	0	0
AF	0	0.929419	3	2	1	0	0	0	0
AF	0	0.929731	6	6	0	0	0	0	0
AF	0	0.930044	13	7	6	0	0	0	0
AF	0	0.930356	8	4	4	0	0	0	0
AF	0	0.930668	10	6	4	0	0	0	0
AF	0	0.930981	4	4	0	0	0	0	0
AF	0	0.931293	10	8	2	0	0	0	0
AF	0	0.931605	9	8	1	0	0	0	0
AF	0	0.931918	16	8	8	0	0	0	0
AF	0	0.932230	14	10	4	0	0	0	0
AF	0	0.932542	9	6	3	0	0	0	0
AF	0	0.932854	5	3	2	0	0	0	0
AF	0	0.933167	14	12	2	0	0	0	0
AF	0	0.933479	11	8	3	0	0	0	0
AF	0	0.933791	10	7	3	0	0	0	0
AF	0	0.934104	11	8	3	0	0	0	0
AF	0	0.934416	10	6	4	0	0	0	0
AF	0	0.934728	11	9	2	0	0	0	0
AF	0	0.935041	15	13	2	0	0	0	0
AF	0	0.935353	14	13	1	0	0	0	0
AF	0	0.935665	13	10	3	0	0	0	0
AF	0	0.935978	14	9	5	0	0	0	0
AF	0	0.936290	17	12	5	0	0	0	0
AF	0	0.936602	10	5	5	0	0	0	0
AF	0	0.936914	11	9	2	0	0	0	0
AF	0	0.937227	12	7	5	0	0	0	0
AF	0	0.937539	16	12	4	0	0	0	0
AF	0	0.937851	18	14	4	0	0	0	0
AF	0	0.938164	8	4	4	0	0	0	0
AF	0	0.938476	20	13	7	0	0	0	0
AF	0	0.938788	10	7	3	0	0	0	0
AF	0	0.939101	14	8	6	0	0	0	0
AF	0	0.939413	6	4	2	0	0	0	0
AF	0	0.939725	6	3	3	0	0	0	0
AF	0	0.940037	6	4	2	0	0	0	0
AF	0	0.940350	16	13	3	0	0	0	0
AF	0	0.940662	14	9	5	0	0	0	0
AF	0	0.940974	16	5	11	0	0	0	0
AF	0	0.941287	14	10	4	0	0	0	0
AF	0	0.941599	13	7	6	0	0	0	0
AF	0	0.941911	19	14	5	0	0	0	0
AF	0	0.942224	9	4	5	0	0	0	0
AF	0	0.942536	20	12	8	0	0	0	0
AF	0	0.942848	11	9	2	0	0	0	0
AF	0	0.943161	13	7	6	0	0	0	0
AF	0	0.943473	16	11	5	0	0	0	0
AF	0	0.943785	15	9	6	0	0	0	0
AF	0	0.944097	18	14	4	0	0	0	0
AF	0	0.944410	17	13	4	0	0	0	0
AF	0	0.944722	9	7	2	0	0	0	0
AF	0	0.945034	14	10	4	0	0	0	0
AF	0	0.945347	6	3	3	0	0	0	0
AF	0	0.945659	16	10	6	0	0	0	0
AF	0	0.945971	14	10	4	0	0	0	0
AF	0	0.946284	9	6	3	0	0	0	0
AF	0	0.946596	24	17	7	0	0	0	0
AF	0	0.946908	17	10	7	0	0	0	0
AF	0	0.947220	11	7	4	0	0	0	0
AF	0	0.947533	11	5	6	0	0	0	0
AF	0	0.947845	19	14	5	0	0	0	0
AF	0	0.948157	17	11	6	0	0	0	0
AF	0	0.948470	22	16	6	0	0	0	0
AF	0	0.948782	13	9	4	0	0	0	0
AF	0	0.949094	9	6	3	0	0	0	0
AF	0	0.949407	10	8	2	0	0	0	0
AF	0	0.949719	13	7	6	0	0	0	0
AF	0	0.950031	17	12	5	0	0	0	0
AF	0	0.950344	26	18	8	0	0	0	0
AF	0	0.950656	12	7	5	0	0	0	0
AF	0	0.950968	31	24	7	0	0	0	0
AF	0	0.951280	31	24	7	0	0	0	0
AF	0	0.951593	14	9	5	0	0	0	0
AF	0	0.951905	14	10	4	0	0	0	0
AF	0	0.952217	9	6	3	0	0	0	0
AF	0	0.952530	15	11	4	0	0	0	0
AF	0	0.952842	16	11	5	0	0	0	0
AF	0	0.953154	21	17	4	0	0	0	0
AF	0	0.953467	34	25	9	0	0	0	0
AF	0	0.953779	19	13	6	0	0	0	0
AF	0	0.954091	8	4	4	0	0	0	0
AF	0	0.954403	14	11	3	0	0	0	0
AF	0	0.954716	17	16	1	0	0	0	0
AF	0	0.955028	20	11	9	0	0	0	0
AF	0	0.955340	12	9	3	0	0	0	0
AF	0	0.955653	12	9	3	0	0	0	0
AF	0	0.955965	26	20	6	0	0	0	0
AF	0	0.956277	32	27	5	0	0	0	0
AF	0	0.956590	15	12	3	0	0	0	0
AF	0	0.956902	12	10	2	0	0	0	0
AF	0	0.957214	8	5	3	0	0	0	0
AF	0	0.957527	19	16	3	0	0	0	0
AF	0	0.957839	17	10	7	0	0	0	0
AF	0	0.958151	17	11	6	0	0	0	0
AF	0	0.958463	6	5	1	0	0	0	0
AF	0	0.958776	8	6	2	0	0	0	0
AF	0	0.959088	7	5	2	0	0	0	0
AF	0	0.959400	6	3	3	0	0	0	0
AF	0	0.959713	23	16	7	0	0	0	0
AF	0	0.960025	36	29	7	0	0	0	0
AF	0	0.960337	17	13	4	0	0	0	0
AF	0	0.960650	19	13	6	0	0	0	0
AF	0	0.960962	10	9	1	0	0	0	0
AF	0	0.961274	18	13	5	0	0	0	0
AF	0	0.961587	25	14	11	0	0	0	0
AF	0	0.961899	11	7	4	0	0	0	0
AF	0	0.962211	16	8	8	0	0	0	0
AF	0	0.962523	11	7	4	0	0	0	0
AF	0	0.962836	10	5	5	0	0	0	0
AF	0	0.963148	20	18	2	0	0	0	0
AF	0	0.963460	8	4	4	0	0	0	0
AF	0	0.963773	22	14	8	0	0	0	0
AF	0	0.964085	16	12	4	0	0	0	0
AF	0	0.964397	17	13	4	0	0	0	0
AF	0	0.964710	30	22	8	0	0	0	0
AF	0	0.965022	17	9	8	0	0	0	0
AF	0	0.965334	12	7	5	0	0	0	0
AF	0	0.965646	30	17	13	0	0	0	0
AF	0	0.965959	25	16	9	0	0	0	0
AF	0	0.966271	21	17	4	0	0	0	0
AF	0	0.966583	27	18	9	0	0	0	0
AF	0	0.966896	24	18	6	0	0	0	0
AF	0	0.967208	23	17	6	0	0	0	0
AF	0	0.967520	19	13	6	0	0	0	0
AF	0	0.967833	18	13	5	0	0	0	0
AF	0	0.968145	16	13	3	0	0	0	0
AF	0	0.968457	29	24	5	0	0	0	0
AF	0	0.968770	21	16	5	0	0	0	0
AF	0	0.969082	37	22	15	0	0	0	0
AF	0	0.969394	38	23	15	0	0	0	0
AF	0	0.969706	12	8	4	0	0	0	0
AF	0	0.970019	13	9	4	0	0	0	0
AF	0	0.970331	10	7	3	0	0	0	0
AF	0	0.970643	13	10	3	0	0	0	0
AF	0	0.970956	16	12	4	0	0	0	0
AF	0	0.971268	18	12	6	0	0	0	0
AF	0	0.971580	9	8	1	0	0	0	0
AF	0	0.971893	19	12	7	0	0	0	0
AF	0	0.972205	12	8	4	0	0	0	0
AF	0	0.972517	24	15	9	0	0	0	0
AF	0	0.972829	11	9	2	0	0	0	0
AF	0	0.973142	11	7	4	0	0	0	0
AF	0	0.973454	13	7	6	0	0	0	0
AF	0	0.973766	12	7	5	0	0	0	0
AF	0	0.974079	17	12	5	0	0	0	0
AF	0	0.974391	18	11	7	0	0	0	0
AF	0	0.974703	17	10	7	0	0	0	0
AF	0	0.975016	13	7	6	0	0	0	0
AF	0	0.975328	21	16	5	0	0	0	0
AF	0	0.975640	16	7	9	0	0	0	0
AF	0	0.975953	17	8	9	0	0	0	0
AF	0	0.976265	15	11	4	0	0	0	0
AF	0	0.976577	17	12	5	0	0	0	0
AF	0	0.976889	13	10	3	0	0	0	0
AF	0	0.977202	10	3	7	0	0	0	0
AF	0	0.977514	15	7	8	0	0	0	0
AF	0	0.977826	17	12	5	0	0	0	0
AF	0	0.978139	15	10	5	0	0	0	0
AF	0	0.978451	21	17	4	0	0	0	0
AF	0	0.978763	5	5	0	0	0	0	0
AF	0	0.979076	7	3	4	0	0	0	0
AF	0	0.979388	6	4	2	0	0	0	0
AF	0	0.979700	22	10	12	0	0	0	0
AF	0	0.980012	21	14	7	0	0	0	0
AF	0	0.980325	12	8	4	0	0	0	0
AF	0	0.980637	12	6	6	0	0	0	0
AF	0	0.980949	24	12	12	0	0	0	0
AF	0	0.981262	18	12	6	0	0	0	0
AF	0	0.981574	31	21	10	0	0	0	0
AF	0	0.981886	25	15	10	0	0	0	0
AF	0	0.982199	17	12	5	0	0	0	0
AF	0	0.982511	11	10	1	0	0	0	0
AF	0	0.982823	32	21	11	0	0	0	0
AF	0	0.983136	29	25	4	0	0	0	0
AF	0	0.983448	13	7	6	0	0	0	0
AF	0	0.983760	30	20	10	0	0	0	0
AF	0	0.984072	24	17	7	0	0	0	0
AF	0	0.984385	30	23	7	0	0	0	0
AF	0	0.984697	64	45	19	0	0	0	0
AF	0	0.985009	15	11	4	0	0	0	0
AF	0	0.985322	17	12	5	0	0	0	0
AF	0	0.985634	20	14	6	0	0	0	0
AF	0	0.985946	13	5	8	0	0	0	0
AF	0	0.986259	29	21	8	0	0	0	0
AF	0	0.986571	24	17	7	0	0	0	0
AF	0	0.986883	21	16	5	0	0	0	0
AF	0	0.987196	24	15	9	0	0	0	0
AF	0	0.987508	28	25	3	0	0	0	0
AF	0	0.987820	28	20	8	0	0	0	0
AF	0	0.988132	29	21	8	0	0	0	0
AF	0	0.988445	20	10	10	0	0	0	0
AF	0	0.988757	36	29	7	0	0	0	0
AF	0	0.989069	27	22	5	0	0	0	0
AF	0	0.989382	19	17	2	0	0	0	0
AF	0	0.989694	22	14	8	0	0	0	0
AF	0	0.990006	20	12	8	0	0	0	0
AF	0	0.990319	38	30	8	0	0	0	0
AF	0	0.990631	46	31	15	0	0	0	0
AF	0	0.990943	18	14	4	0	0	0	0
AF	0	0.991255	29	19	10	0	0	0	0
AF	0	0.991568	22	18	4	0	0	0	0
AF	0	0.991880	28	18	10	0	0	0	0
AF	0	0.992192	42	25	17	0	0	0	0
AF	0	0.992505	41	29	12	0	0	0	0
AF	0	0.992817	27	18	9	0	0	0	0
AF	0	0.993129	56	38	18	0	0	0	0
AF	0	0.993442	39	27	12	0	0	0	0
AF	0	0.993754	61	45	16	0	0	0	0
AF	0	0.994066	26	15	11	0	0	0	0
AF	0	0.994379	47	27	20	0	0	0	0
AF	0	0.994691	64	42	22	0	0	0	0
AF	0	0.995003	32	27	5	0	0	0	0
AF	0	0.995315	26	15	11	0	0	0	0
AF	0	0.995628	44	31	13	0	0	0	0
AF	0	0.995940	19	14	5	0	0	0	0
AF	0	0.996252	44	26	18	0	0	0	0
AF	0	0.996565	76	46	30	0	0	0	0
AF	0	0.996877	36	23	13	0	0	0	0
AF	0	0.997189	41	29	12	0	0	0	0
AF	0	0.997502	40	27	13	0	0	0	0
AF	0	0.997814	50	35	15	0	0	0	0
AF	0	0.998126	73	56	17	0	0	0	0
AF	0	0.998438	63	43	20	0	0	0	0
AF	0	0.998751	60	40	20	0	0	0	0
AF	0	0.999063	55	37	18	0	0	0	0
AF	0	0.999375	34	23	11	0	0	0	0
# QUAL, Stats by quality
# QUAL	[2]id	[3]Quality	[4]number of SNPs	[5]number of transitions (1st ALT)	[6]number of transversions (1st ALT)	[7]number of indels
QUAL	0	.	860315	592335	267980	0
# IDD, InDel distribution:
# IDD	[2]id	[3]length (deletions negative)	[4]number of sites	[5]number of genotypes	[6]mean VAF
# ST, Substitution types:
# ST	[2]id	[3]type	[4]count
ST	0	A>C	29155
ST	0	A>G	110860
ST	0	A>T	27813
ST	0	C>A	41226
ST	0	C>G	36400
ST	0	C>T	184807
ST	0	G>A	188986
ST	0	G>C	36281
ST	0	G>T	39711
ST	0	T>A	28591
ST	0	T>C	107682
ST	0	T>G	28803
# DP, depth:
#   - set id, see above
#   - the depth bin, corresponds to the depth (unless --depth was given)
#   - number of genotypes with this depth (zero unless -s/-S was given)
#   - fraction of genotypes with this depth (zero unless -s/-S was given)
#   - number of sites with this depth
#   - fraction of sites with this depth
# DP, Depth distribution
# DP	[2]id	[3]bin	[4]number of genotypes	[5]fraction of genotypes (%)	[6]number of sites	[7]fraction of sites (%)
