# This file was produced by bcftools stats (1.21+htslib-1.21) and can be plotted using plot-vcfstats.
# The command line was:	bcftools stats  /hpc/local/Rocky8/dhl_ec/software/MonopogenLite/resources/1kGP_high_coverage_Illumina.SNVonly_poly.filtered_AF_5e-04.norm.fixvariantid.chr15.vcf.gz
#
# Definition of sets:
# ID	[2]id	[3]tab-separated file names
ID	0	/hpc/local/Rocky8/dhl_ec/software/MonopogenLite/resources/1kGP_high_coverage_Illumina.SNVonly_poly.filtered_AF_5e-04.norm.fixvariantid.chr15.vcf.gz
# SN, Summary numbers:
#   number of records   .. number of data rows in the VCF
#   number of no-ALTs   .. reference-only sites, ALT is either "." or identical to REF
#   number of SNPs      .. number of rows with a SNP
#   number of MNPs      .. number of rows with a MNP, such as CC>TT
#   number of indels    .. number of rows with an indel
#   number of others    .. number of rows with other type, for example a symbolic allele or
#                          a complex substitution, such as ACT>TCGA
#   number of multiallelic sites     .. number of rows with multiple alternate alleles
#   number of multiallelic SNP sites .. number of rows with multiple alternate alleles, all SNPs
# 
#   Note that rows containing multiple types will be counted multiple times, in each
#   counter. For example, a row with a SNP and an indel increments both the SNP and
#   the indel counter.
# 
# SN	[2]id	[3]key	[4]value
SN	0	number of samples:	3202
SN	0	number of records:	1094127
SN	0	number of no-ALTs:	0
SN	0	number of SNPs:	1094127
SN	0	number of MNPs:	0
SN	0	number of indels:	0
SN	0	number of others:	0
SN	0	number of multiallelic sites:	0
SN	0	number of multiallelic SNP sites:	0
# TSTV, transitions/transversions
#   - transitions, see https://en.wikipedia.org/wiki/Transition_(genetics)
#   - transversions, see https://en.wikipedia.org/wiki/Transversion
# TSTV	[2]id	[3]ts	[4]tv	[5]ts/tv	[6]ts (1st ALT)	[7]tv (1st ALT)	[8]ts/tv (1st ALT)
TSTV	0	742305	351822	2.11	742305	351822	2.11
# SiS, Singleton stats:
#   - allele count, i.e. the number of singleton genotypes (AC=1)
#   - number of transitions, see above
#   - number of transversions, see above
#   - repeat-consistent, inconsistent and n/a: experimental and useless stats [DEPRECATED]
# SiS	[2]id	[3]allele count	[4]number of SNPs	[5]number of transitions	[6]number of transversions	[7]number of indels	[8]repeat-consistent	[9]repeat-inconsistent	[10]not applicable
SiS	0	1	0	0	0	0	0	0	0
# AF, Stats by non-reference allele frequency:
# AF	[2]id	[3]allele frequency	[4]number of SNPs	[5]number of transitions	[6]number of transversions	[7]number of indels	[8]repeat-consistent	[9]repeat-inconsistent	[10]not applicable
AF	0	0.000312	111337	76738	34599	0	0	0	0
AF	0	0.000625	128846	88398	40448	0	0	0	0
AF	0	0.000937	78250	53355	24895	0	0	0	0
AF	0	0.001249	54830	37442	17388	0	0	0	0
AF	0	0.001562	41677	28342	13335	0	0	0	0
AF	0	0.001874	34048	22969	11079	0	0	0	0
AF	0	0.002186	27573	18533	9040	0	0	0	0
AF	0	0.002498	24181	16520	7661	0	0	0	0
AF	0	0.002811	21045	14251	6794	0	0	0	0
AF	0	0.003123	18096	12176	5920	0	0	0	0
AF	0	0.003435	16260	11046	5214	0	0	0	0
AF	0	0.003748	14172	9626	4546	0	0	0	0
AF	0	0.004060	13232	8925	4307	0	0	0	0
AF	0	0.004372	12236	8243	3993	0	0	0	0
AF	0	0.004685	11254	7619	3635	0	0	0	0
AF	0	0.004997	10460	7162	3298	0	0	0	0
AF	0	0.005309	9756	6613	3143	0	0	0	0
AF	0	0.005621	8755	5961	2794	0	0	0	0
AF	0	0.005934	8392	5645	2747	0	0	0	0
AF	0	0.006246	7949	5417	2532	0	0	0	0
AF	0	0.006558	7197	4892	2305	0	0	0	0
AF	0	0.006871	6822	4575	2247	0	0	0	0
AF	0	0.007183	6585	4365	2220	0	0	0	0
AF	0	0.007495	6530	4353	2177	0	0	0	0
AF	0	0.007808	5663	3812	1851	0	0	0	0
AF	0	0.008120	5493	3701	1792	0	0	0	0
AF	0	0.008432	5678	3815	1863	0	0	0	0
AF	0	0.008745	5284	3574	1710	0	0	0	0
AF	0	0.009057	5110	3456	1654	0	0	0	0
AF	0	0.009369	4658	3120	1538	0	0	0	0
AF	0	0.009681	4594	3080	1514	0	0	0	0
AF	0	0.009994	4339	2885	1454	0	0	0	0
AF	0	0.010306	4300	2869	1431	0	0	0	0
AF	0	0.010618	3862	2596	1266	0	0	0	0
AF	0	0.010931	3972	2674	1298	0	0	0	0
AF	0	0.011243	3855	2589	1266	0	0	0	0
AF	0	0.011555	3481	2313	1168	0	0	0	0
AF	0	0.011868	3389	2250	1139	0	0	0	0
AF	0	0.012180	3455	2344	1111	0	0	0	0
AF	0	0.012492	3260	2142	1118	0	0	0	0
AF	0	0.012804	3303	2197	1106	0	0	0	0
AF	0	0.013117	3109	2088	1021	0	0	0	0
AF	0	0.013429	2854	1930	924	0	0	0	0
AF	0	0.013741	2803	1868	935	0	0	0	0
AF	0	0.014054	2603	1703	900	0	0	0	0
AF	0	0.014366	2620	1733	887	0	0	0	0
AF	0	0.014678	2508	1681	827	0	0	0	0
AF	0	0.014991	2522	1686	836	0	0	0	0
AF	0	0.015303	2343	1627	716	0	0	0	0
AF	0	0.015615	2309	1583	726	0	0	0	0
AF	0	0.015928	2276	1539	737	0	0	0	0
AF	0	0.016240	2305	1583	722	0	0	0	0
AF	0	0.016552	2248	1501	747	0	0	0	0
AF	0	0.016864	2125	1427	698	0	0	0	0
AF	0	0.017177	2091	1443	648	0	0	0	0
AF	0	0.017489	1909	1312	597	0	0	0	0
AF	0	0.017801	1824	1203	621	0	0	0	0
AF	0	0.018114	2079	1397	682	0	0	0	0
AF	0	0.018426	1899	1247	652	0	0	0	0
AF	0	0.018738	1728	1189	539	0	0	0	0
AF	0	0.019051	1628	1125	503	0	0	0	0
AF	0	0.019363	1712	1145	567	0	0	0	0
AF	0	0.019675	1681	1157	524	0	0	0	0
AF	0	0.019988	1561	1069	492	0	0	0	0
AF	0	0.020300	1566	1088	478	0	0	0	0
AF	0	0.020612	1484	991	493	0	0	0	0
AF	0	0.020924	1346	915	431	0	0	0	0
AF	0	0.021237	1322	899	423	0	0	0	0
AF	0	0.021549	1331	912	419	0	0	0	0
AF	0	0.021861	1450	985	465	0	0	0	0
AF	0	0.022174	1298	886	412	0	0	0	0
AF	0	0.022486	1231	841	390	0	0	0	0
AF	0	0.022798	1510	1046	464	0	0	0	0
AF	0	0.023111	1408	947	461	0	0	0	0
AF	0	0.023423	1196	818	378	0	0	0	0
AF	0	0.023735	1245	817	428	0	0	0	0
AF	0	0.024047	1129	770	359	0	0	0	0
AF	0	0.024360	1104	749	355	0	0	0	0
AF	0	0.024672	1070	737	333	0	0	0	0
AF	0	0.024984	1042	687	355	0	0	0	0
AF	0	0.025297	1063	721	342	0	0	0	0
AF	0	0.025609	1169	760	409	0	0	0	0
AF	0	0.025921	1135	775	360	0	0	0	0
AF	0	0.026234	1016	681	335	0	0	0	0
AF	0	0.026546	971	650	321	0	0	0	0
AF	0	0.026858	1099	751	348	0	0	0	0
AF	0	0.027171	987	683	304	0	0	0	0
AF	0	0.027483	954	626	328	0	0	0	0
AF	0	0.027795	939	635	304	0	0	0	0
AF	0	0.028107	925	622	303	0	0	0	0
AF	0	0.028420	914	623	291	0	0	0	0
AF	0	0.028732	906	621	285	0	0	0	0
AF	0	0.029044	950	659	291	0	0	0	0
AF	0	0.029357	891	598	293	0	0	0	0
AF	0	0.029669	901	641	260	0	0	0	0
AF	0	0.029981	904	621	283	0	0	0	0
AF	0	0.030294	796	553	243	0	0	0	0
AF	0	0.030606	743	498	245	0	0	0	0
AF	0	0.030918	778	510	268	0	0	0	0
AF	0	0.031230	837	567	270	0	0	0	0
AF	0	0.031543	814	544	270	0	0	0	0
AF	0	0.031855	892	586	306	0	0	0	0
AF	0	0.032167	968	629	339	0	0	0	0
AF	0	0.032480	851	576	275	0	0	0	0
AF	0	0.032792	898	603	295	0	0	0	0
AF	0	0.033104	855	585	270	0	0	0	0
AF	0	0.033417	853	563	290	0	0	0	0
AF	0	0.033729	792	543	249	0	0	0	0
AF	0	0.034041	714	491	223	0	0	0	0
AF	0	0.034354	801	535	266	0	0	0	0
AF	0	0.034666	812	560	252	0	0	0	0
AF	0	0.034978	766	535	231	0	0	0	0
AF	0	0.035290	852	595	257	0	0	0	0
AF	0	0.035603	785	543	242	0	0	0	0
AF	0	0.035915	737	482	255	0	0	0	0
AF	0	0.036227	703	472	231	0	0	0	0
AF	0	0.036540	599	402	197	0	0	0	0
AF	0	0.036852	634	421	213	0	0	0	0
AF	0	0.037164	615	407	208	0	0	0	0
AF	0	0.037477	638	447	191	0	0	0	0
AF	0	0.037789	568	386	182	0	0	0	0
AF	0	0.038101	765	538	227	0	0	0	0
AF	0	0.038413	541	359	182	0	0	0	0
AF	0	0.038726	523	352	171	0	0	0	0
AF	0	0.039038	564	387	177	0	0	0	0
AF	0	0.039350	607	408	199	0	0	0	0
AF	0	0.039663	599	384	215	0	0	0	0
AF	0	0.039975	523	346	177	0	0	0	0
AF	0	0.040287	573	381	192	0	0	0	0
AF	0	0.040600	571	385	186	0	0	0	0
AF	0	0.040912	539	352	187	0	0	0	0
AF	0	0.041224	571	374	197	0	0	0	0
AF	0	0.041537	607	424	183	0	0	0	0
AF	0	0.041849	524	368	156	0	0	0	0
AF	0	0.042161	536	346	190	0	0	0	0
AF	0	0.042473	548	368	180	0	0	0	0
AF	0	0.042786	594	394	200	0	0	0	0
AF	0	0.043098	583	410	173	0	0	0	0
AF	0	0.043410	576	377	199	0	0	0	0
AF	0	0.043723	555	354	201	0	0	0	0
AF	0	0.044035	513	363	150	0	0	0	0
AF	0	0.044347	538	353	185	0	0	0	0
AF	0	0.044660	494	342	152	0	0	0	0
AF	0	0.044972	497	328	169	0	0	0	0
AF	0	0.045284	452	298	154	0	0	0	0
AF	0	0.045597	480	331	149	0	0	0	0
AF	0	0.045909	482	329	153	0	0	0	0
AF	0	0.046221	472	311	161	0	0	0	0
AF	0	0.046533	554	374	180	0	0	0	0
AF	0	0.046846	553	383	170	0	0	0	0
AF	0	0.047158	502	328	174	0	0	0	0
AF	0	0.047470	480	311	169	0	0	0	0
AF	0	0.047783	422	285	137	0	0	0	0
AF	0	0.048095	461	310	151	0	0	0	0
AF	0	0.048407	426	270	156	0	0	0	0
AF	0	0.048720	422	303	119	0	0	0	0
AF	0	0.049032	407	267	140	0	0	0	0
AF	0	0.049344	397	274	123	0	0	0	0
AF	0	0.049656	395	281	114	0	0	0	0
AF	0	0.049969	450	293	157	0	0	0	0
AF	0	0.050281	413	255	158	0	0	0	0
AF	0	0.050593	421	281	140	0	0	0	0
AF	0	0.050906	463	306	157	0	0	0	0
AF	0	0.051218	427	265	162	0	0	0	0
AF	0	0.051530	416	284	132	0	0	0	0
AF	0	0.051843	427	296	131	0	0	0	0
AF	0	0.052155	448	317	131	0	0	0	0
AF	0	0.052467	465	341	124	0	0	0	0
AF	0	0.052780	425	287	138	0	0	0	0
AF	0	0.053092	451	322	129	0	0	0	0
AF	0	0.053404	391	273	118	0	0	0	0
AF	0	0.053716	402	264	138	0	0	0	0
AF	0	0.054029	459	309	150	0	0	0	0
AF	0	0.054341	461	320	141	0	0	0	0
AF	0	0.054653	370	240	130	0	0	0	0
AF	0	0.054966	443	286	157	0	0	0	0
AF	0	0.055278	400	262	138	0	0	0	0
AF	0	0.055590	380	242	138	0	0	0	0
AF	0	0.055903	355	229	126	0	0	0	0
AF	0	0.056215	348	221	127	0	0	0	0
AF	0	0.056527	403	267	136	0	0	0	0
AF	0	0.056839	396	253	143	0	0	0	0
AF	0	0.057152	417	278	139	0	0	0	0
AF	0	0.057464	384	272	112	0	0	0	0
AF	0	0.057776	434	291	143	0	0	0	0
AF	0	0.058089	367	252	115	0	0	0	0
AF	0	0.058401	406	246	160	0	0	0	0
AF	0	0.058713	374	271	103	0	0	0	0
AF	0	0.059026	344	230	114	0	0	0	0
AF	0	0.059338	387	279	108	0	0	0	0
AF	0	0.059650	409	260	149	0	0	0	0
AF	0	0.059963	321	206	115	0	0	0	0
AF	0	0.060275	339	221	118	0	0	0	0
AF	0	0.060587	351	224	127	0	0	0	0
AF	0	0.060899	310	218	92	0	0	0	0
AF	0	0.061212	330	232	98	0	0	0	0
AF	0	0.061524	371	247	124	0	0	0	0
AF	0	0.061836	301	206	95	0	0	0	0
AF	0	0.062149	322	221	101	0	0	0	0
AF	0	0.062461	338	229	109	0	0	0	0
AF	0	0.062773	287	192	95	0	0	0	0
AF	0	0.063086	243	163	80	0	0	0	0
AF	0	0.063398	290	189	101	0	0	0	0
AF	0	0.063710	301	203	98	0	0	0	0
AF	0	0.064022	327	223	104	0	0	0	0
AF	0	0.064335	286	180	106	0	0	0	0
AF	0	0.064647	291	186	105	0	0	0	0
AF	0	0.064959	271	184	87	0	0	0	0
AF	0	0.065272	327	233	94	0	0	0	0
AF	0	0.065584	296	206	90	0	0	0	0
AF	0	0.065896	250	159	91	0	0	0	0
AF	0	0.066209	277	176	101	0	0	0	0
AF	0	0.066521	319	213	106	0	0	0	0
AF	0	0.066833	275	192	83	0	0	0	0
AF	0	0.067146	261	181	80	0	0	0	0
AF	0	0.067458	265	173	92	0	0	0	0
AF	0	0.067770	303	212	91	0	0	0	0
AF	0	0.068082	253	167	86	0	0	0	0
AF	0	0.068395	322	218	104	0	0	0	0
AF	0	0.068707	292	192	100	0	0	0	0
AF	0	0.069019	283	192	91	0	0	0	0
AF	0	0.069332	267	172	95	0	0	0	0
AF	0	0.069644	253	173	80	0	0	0	0
AF	0	0.069956	357	249	108	0	0	0	0
AF	0	0.070269	322	212	110	0	0	0	0
AF	0	0.070581	252	163	89	0	0	0	0
AF	0	0.070893	254	179	75	0	0	0	0
AF	0	0.071205	287	181	106	0	0	0	0
AF	0	0.071518	232	161	71	0	0	0	0
AF	0	0.071830	264	180	84	0	0	0	0
AF	0	0.072142	283	192	91	0	0	0	0
AF	0	0.072455	268	197	71	0	0	0	0
AF	0	0.072767	260	172	88	0	0	0	0
AF	0	0.073079	257	168	89	0	0	0	0
AF	0	0.073392	276	201	75	0	0	0	0
AF	0	0.073704	253	169	84	0	0	0	0
AF	0	0.074016	251	172	79	0	0	0	0
AF	0	0.074329	298	192	106	0	0	0	0
AF	0	0.074641	247	165	82	0	0	0	0
AF	0	0.074953	252	175	77	0	0	0	0
AF	0	0.075265	265	175	90	0	0	0	0
AF	0	0.075578	241	162	79	0	0	0	0
AF	0	0.075890	266	183	83	0	0	0	0
AF	0	0.076202	251	178	73	0	0	0	0
AF	0	0.076515	268	176	92	0	0	0	0
AF	0	0.076827	235	153	82	0	0	0	0
AF	0	0.077139	277	184	93	0	0	0	0
AF	0	0.077452	236	148	88	0	0	0	0
AF	0	0.077764	250	156	94	0	0	0	0
AF	0	0.078076	252	168	84	0	0	0	0
AF	0	0.078389	250	176	74	0	0	0	0
AF	0	0.078701	285	189	96	0	0	0	0
AF	0	0.079013	263	178	85	0	0	0	0
AF	0	0.079325	299	191	108	0	0	0	0
AF	0	0.079638	247	165	82	0	0	0	0
AF	0	0.079950	260	172	88	0	0	0	0
AF	0	0.080262	260	158	102	0	0	0	0
AF	0	0.080575	250	181	69	0	0	0	0
AF	0	0.080887	264	174	90	0	0	0	0
AF	0	0.081199	243	163	80	0	0	0	0
AF	0	0.081512	232	160	72	0	0	0	0
AF	0	0.081824	220	150	70	0	0	0	0
AF	0	0.082136	254	188	66	0	0	0	0
AF	0	0.082448	298	191	107	0	0	0	0
AF	0	0.082761	244	170	74	0	0	0	0
AF	0	0.083073	238	155	83	0	0	0	0
AF	0	0.083385	237	161	76	0	0	0	0
AF	0	0.083698	199	128	71	0	0	0	0
AF	0	0.084010	247	148	99	0	0	0	0
AF	0	0.084322	269	187	82	0	0	0	0
AF	0	0.084635	198	138	60	0	0	0	0
AF	0	0.084947	246	164	82	0	0	0	0
AF	0	0.085259	222	152	70	0	0	0	0
AF	0	0.085572	227	140	87	0	0	0	0
AF	0	0.085884	250	167	83	0	0	0	0
AF	0	0.086196	236	167	69	0	0	0	0
AF	0	0.086508	243	159	84	0	0	0	0
AF	0	0.086821	215	155	60	0	0	0	0
AF	0	0.087133	266	180	86	0	0	0	0
AF	0	0.087445	225	155	70	0	0	0	0
AF	0	0.087758	206	143	63	0	0	0	0
AF	0	0.088070	224	156	68	0	0	0	0
AF	0	0.088382	183	121	62	0	0	0	0
AF	0	0.088695	228	152	76	0	0	0	0
AF	0	0.089007	220	149	71	0	0	0	0
AF	0	0.089319	232	139	93	0	0	0	0
AF	0	0.089631	257	155	102	0	0	0	0
AF	0	0.089944	277	184	93	0	0	0	0
AF	0	0.090256	210	141	69	0	0	0	0
AF	0	0.090568	197	140	57	0	0	0	0
AF	0	0.090881	247	165	82	0	0	0	0
AF	0	0.091193	222	163	59	0	0	0	0
AF	0	0.091505	220	140	80	0	0	0	0
AF	0	0.091818	197	140	57	0	0	0	0
AF	0	0.092130	214	146	68	0	0	0	0
AF	0	0.092442	204	143	61	0	0	0	0
AF	0	0.092755	219	150	69	0	0	0	0
AF	0	0.093067	210	138	72	0	0	0	0
AF	0	0.093379	223	148	75	0	0	0	0
AF	0	0.093691	197	128	69	0	0	0	0
AF	0	0.094004	200	129	71	0	0	0	0
AF	0	0.094316	253	167	86	0	0	0	0
AF	0	0.094628	198	138	60	0	0	0	0
AF	0	0.094941	258	167	91	0	0	0	0
AF	0	0.095253	237	163	74	0	0	0	0
AF	0	0.095565	237	154	83	0	0	0	0
AF	0	0.095878	199	137	62	0	0	0	0
AF	0	0.096190	289	202	87	0	0	0	0
AF	0	0.096502	237	163	74	0	0	0	0
AF	0	0.096814	261	173	88	0	0	0	0
AF	0	0.097127	200	133	67	0	0	0	0
AF	0	0.097439	200	130	70	0	0	0	0
AF	0	0.097751	203	133	70	0	0	0	0
AF	0	0.098064	220	145	75	0	0	0	0
AF	0	0.098376	208	131	77	0	0	0	0
AF	0	0.098688	212	158	54	0	0	0	0
AF	0	0.099001	202	142	60	0	0	0	0
AF	0	0.099313	196	128	68	0	0	0	0
AF	0	0.099625	223	159	64	0	0	0	0
AF	0	0.099938	232	151	81	0	0	0	0
AF	0	0.100250	170	116	54	0	0	0	0
AF	0	0.100562	177	111	66	0	0	0	0
AF	0	0.100874	189	120	69	0	0	0	0
AF	0	0.101187	189	129	60	0	0	0	0
AF	0	0.101499	225	151	74	0	0	0	0
AF	0	0.101811	240	161	79	0	0	0	0
AF	0	0.102124	204	132	72	0	0	0	0
AF	0	0.102436	214	141	73	0	0	0	0
AF	0	0.102748	179	119	60	0	0	0	0
AF	0	0.103061	199	141	58	0	0	0	0
AF	0	0.103373	174	110	64	0	0	0	0
AF	0	0.103685	203	140	63	0	0	0	0
AF	0	0.103998	227	163	64	0	0	0	0
AF	0	0.104310	186	127	59	0	0	0	0
AF	0	0.104622	198	129	69	0	0	0	0
AF	0	0.104934	169	118	51	0	0	0	0
AF	0	0.105247	205	155	50	0	0	0	0
AF	0	0.105559	185	127	58	0	0	0	0
AF	0	0.105871	179	106	73	0	0	0	0
AF	0	0.106184	176	110	66	0	0	0	0
AF	0	0.106496	185	117	68	0	0	0	0
AF	0	0.106808	200	134	66	0	0	0	0
AF	0	0.107121	194	127	67	0	0	0	0
AF	0	0.107433	237	162	75	0	0	0	0
AF	0	0.107745	220	146	74	0	0	0	0
AF	0	0.108057	213	135	78	0	0	0	0
AF	0	0.108370	196	126	70	0	0	0	0
AF	0	0.108682	190	116	74	0	0	0	0
AF	0	0.108994	190	122	68	0	0	0	0
AF	0	0.109307	189	113	76	0	0	0	0
AF	0	0.109619	166	101	65	0	0	0	0
AF	0	0.109931	194	139	55	0	0	0	0
AF	0	0.110244	194	134	60	0	0	0	0
AF	0	0.110556	157	111	46	0	0	0	0
AF	0	0.110868	192	139	53	0	0	0	0
AF	0	0.111181	168	107	61	0	0	0	0
AF	0	0.111493	174	116	58	0	0	0	0
AF	0	0.111805	159	92	67	0	0	0	0
AF	0	0.112117	142	93	49	0	0	0	0
AF	0	0.112430	154	104	50	0	0	0	0
AF	0	0.112742	175	117	58	0	0	0	0
AF	0	0.113054	200	134	66	0	0	0	0
AF	0	0.113367	197	125	72	0	0	0	0
AF	0	0.113679	182	119	63	0	0	0	0
AF	0	0.113991	227	152	75	0	0	0	0
AF	0	0.114304	191	130	61	0	0	0	0
AF	0	0.114616	199	124	75	0	0	0	0
AF	0	0.114928	193	120	73	0	0	0	0
AF	0	0.115240	144	106	38	0	0	0	0
AF	0	0.115553	174	125	49	0	0	0	0
AF	0	0.115865	166	100	66	0	0	0	0
AF	0	0.116177	176	123	53	0	0	0	0
AF	0	0.116490	188	129	59	0	0	0	0
AF	0	0.116802	176	118	58	0	0	0	0
AF	0	0.117114	188	127	61	0	0	0	0
AF	0	0.117427	175	114	61	0	0	0	0
AF	0	0.117739	171	112	59	0	0	0	0
AF	0	0.118051	185	131	54	0	0	0	0
AF	0	0.118364	212	138	74	0	0	0	0
AF	0	0.118676	189	125	64	0	0	0	0
AF	0	0.118988	214	143	71	0	0	0	0
AF	0	0.119300	165	124	41	0	0	0	0
AF	0	0.119613	177	109	68	0	0	0	0
AF	0	0.119925	164	100	64	0	0	0	0
AF	0	0.120237	203	125	78	0	0	0	0
AF	0	0.120550	171	110	61	0	0	0	0
AF	0	0.120862	199	136	63	0	0	0	0
AF	0	0.121174	201	140	61	0	0	0	0
AF	0	0.121487	166	109	57	0	0	0	0
AF	0	0.121799	187	119	68	0	0	0	0
AF	0	0.122111	186	125	61	0	0	0	0
AF	0	0.122423	158	104	54	0	0	0	0
AF	0	0.122736	165	108	57	0	0	0	0
AF	0	0.123048	143	106	37	0	0	0	0
AF	0	0.123360	159	112	47	0	0	0	0
AF	0	0.123673	158	109	49	0	0	0	0
AF	0	0.123985	163	109	54	0	0	0	0
AF	0	0.124297	182	126	56	0	0	0	0
AF	0	0.124610	170	116	54	0	0	0	0
AF	0	0.124922	173	120	53	0	0	0	0
AF	0	0.125234	155	99	56	0	0	0	0
AF	0	0.125547	194	128	66	0	0	0	0
AF	0	0.125859	152	99	53	0	0	0	0
AF	0	0.126171	169	111	58	0	0	0	0
AF	0	0.126483	174	128	46	0	0	0	0
AF	0	0.126796	142	87	55	0	0	0	0
AF	0	0.127108	176	121	55	0	0	0	0
AF	0	0.127420	155	109	46	0	0	0	0
AF	0	0.127733	174	112	62	0	0	0	0
AF	0	0.128045	197	148	49	0	0	0	0
AF	0	0.128357	174	115	59	0	0	0	0
AF	0	0.128670	146	104	42	0	0	0	0
AF	0	0.128982	191	128	63	0	0	0	0
AF	0	0.129294	180	108	72	0	0	0	0
AF	0	0.129606	191	129	62	0	0	0	0
AF	0	0.129919	175	120	55	0	0	0	0
AF	0	0.130231	174	113	61	0	0	0	0
AF	0	0.130543	177	106	71	0	0	0	0
AF	0	0.130856	189	129	60	0	0	0	0
AF	0	0.131168	151	99	52	0	0	0	0
AF	0	0.131480	192	130	62	0	0	0	0
AF	0	0.131793	188	122	66	0	0	0	0
AF	0	0.132105	205	133	72	0	0	0	0
AF	0	0.132417	184	127	57	0	0	0	0
AF	0	0.132730	196	142	54	0	0	0	0
AF	0	0.133042	187	121	66	0	0	0	0
AF	0	0.133354	161	108	53	0	0	0	0
AF	0	0.133666	204	129	75	0	0	0	0
AF	0	0.133979	228	158	70	0	0	0	0
AF	0	0.134291	206	141	65	0	0	0	0
AF	0	0.134603	198	139	59	0	0	0	0
AF	0	0.134916	172	107	65	0	0	0	0
AF	0	0.135228	172	114	58	0	0	0	0
AF	0	0.135540	198	128	70	0	0	0	0
AF	0	0.135853	164	108	56	0	0	0	0
AF	0	0.136165	174	126	48	0	0	0	0
AF	0	0.136477	201	143	58	0	0	0	0
AF	0	0.136790	182	122	60	0	0	0	0
AF	0	0.137102	218	141	77	0	0	0	0
AF	0	0.137414	210	136	74	0	0	0	0
AF	0	0.137726	154	98	56	0	0	0	0
AF	0	0.138039	161	116	45	0	0	0	0
AF	0	0.138351	167	103	64	0	0	0	0
AF	0	0.138663	155	96	59	0	0	0	0
AF	0	0.138976	172	117	55	0	0	0	0
AF	0	0.139288	211	130	81	0	0	0	0
AF	0	0.139600	166	108	58	0	0	0	0
AF	0	0.139913	216	154	62	0	0	0	0
AF	0	0.140225	211	139	72	0	0	0	0
AF	0	0.140537	160	106	54	0	0	0	0
AF	0	0.140849	176	126	50	0	0	0	0
AF	0	0.141162	157	108	49	0	0	0	0
AF	0	0.141474	148	109	39	0	0	0	0
AF	0	0.141786	131	90	41	0	0	0	0
AF	0	0.142099	141	89	52	0	0	0	0
AF	0	0.142411	147	105	42	0	0	0	0
AF	0	0.142723	160	118	42	0	0	0	0
AF	0	0.143036	135	93	42	0	0	0	0
AF	0	0.143348	175	119	56	0	0	0	0
AF	0	0.143660	145	104	41	0	0	0	0
AF	0	0.143973	165	108	57	0	0	0	0
AF	0	0.144285	167	116	51	0	0	0	0
AF	0	0.144597	167	111	56	0	0	0	0
AF	0	0.144909	171	112	59	0	0	0	0
AF	0	0.145222	211	141	70	0	0	0	0
AF	0	0.145534	236	166	70	0	0	0	0
AF	0	0.145846	181	122	59	0	0	0	0
AF	0	0.146159	137	90	47	0	0	0	0
AF	0	0.146471	171	131	40	0	0	0	0
AF	0	0.146783	181	115	66	0	0	0	0
AF	0	0.147096	141	95	46	0	0	0	0
AF	0	0.147408	143	93	50	0	0	0	0
AF	0	0.147720	155	102	53	0	0	0	0
AF	0	0.148032	141	78	63	0	0	0	0
AF	0	0.148345	140	85	55	0	0	0	0
AF	0	0.148657	143	96	47	0	0	0	0
AF	0	0.148969	141	94	47	0	0	0	0
AF	0	0.149282	141	94	47	0	0	0	0
AF	0	0.149594	133	98	35	0	0	0	0
AF	0	0.149906	168	112	56	0	0	0	0
AF	0	0.150219	159	104	55	0	0	0	0
AF	0	0.150531	144	97	47	0	0	0	0
AF	0	0.150843	150	97	53	0	0	0	0
AF	0	0.151156	179	133	46	0	0	0	0
AF	0	0.151468	166	112	54	0	0	0	0
AF	0	0.151780	147	105	42	0	0	0	0
AF	0	0.152092	184	131	53	0	0	0	0
AF	0	0.152405	163	107	56	0	0	0	0
AF	0	0.152717	151	104	47	0	0	0	0
AF	0	0.153029	151	104	47	0	0	0	0
AF	0	0.153342	150	92	58	0	0	0	0
AF	0	0.153654	146	96	50	0	0	0	0
AF	0	0.153966	148	104	44	0	0	0	0
AF	0	0.154279	144	97	47	0	0	0	0
AF	0	0.154591	155	96	59	0	0	0	0
AF	0	0.154903	153	101	52	0	0	0	0
AF	0	0.155215	166	114	52	0	0	0	0
AF	0	0.155528	162	107	55	0	0	0	0
AF	0	0.155840	122	87	35	0	0	0	0
AF	0	0.156152	151	98	53	0	0	0	0
AF	0	0.156465	178	114	64	0	0	0	0
AF	0	0.156777	131	84	47	0	0	0	0
AF	0	0.157089	134	97	37	0	0	0	0
AF	0	0.157402	143	99	44	0	0	0	0
AF	0	0.157714	147	104	43	0	0	0	0
AF	0	0.158026	168	117	51	0	0	0	0
AF	0	0.158339	138	88	50	0	0	0	0
AF	0	0.158651	148	100	48	0	0	0	0
AF	0	0.158963	101	79	22	0	0	0	0
AF	0	0.159275	143	98	45	0	0	0	0
AF	0	0.159588	115	82	33	0	0	0	0
AF	0	0.159900	122	93	29	0	0	0	0
AF	0	0.160212	124	74	50	0	0	0	0
AF	0	0.160525	144	87	57	0	0	0	0
AF	0	0.160837	154	105	49	0	0	0	0
AF	0	0.161149	131	89	42	0	0	0	0
AF	0	0.161462	131	85	46	0	0	0	0
AF	0	0.161774	101	69	32	0	0	0	0
AF	0	0.162086	109	76	33	0	0	0	0
AF	0	0.162399	109	81	28	0	0	0	0
AF	0	0.162711	135	89	46	0	0	0	0
AF	0	0.163023	133	87	46	0	0	0	0
AF	0	0.163335	125	85	40	0	0	0	0
AF	0	0.163648	134	91	43	0	0	0	0
AF	0	0.163960	133	78	55	0	0	0	0
AF	0	0.164272	138	101	37	0	0	0	0
AF	0	0.164585	135	90	45	0	0	0	0
AF	0	0.164897	102	57	45	0	0	0	0
AF	0	0.165209	116	72	44	0	0	0	0
AF	0	0.165522	124	86	38	0	0	0	0
AF	0	0.165834	105	63	42	0	0	0	0
AF	0	0.166146	125	85	40	0	0	0	0
AF	0	0.166458	142	84	58	0	0	0	0
AF	0	0.166771	147	99	48	0	0	0	0
AF	0	0.167083	139	97	42	0	0	0	0
AF	0	0.167395	121	83	38	0	0	0	0
AF	0	0.167708	136	91	45	0	0	0	0
AF	0	0.168020	111	72	39	0	0	0	0
AF	0	0.168332	98	61	37	0	0	0	0
AF	0	0.168645	137	91	46	0	0	0	0
AF	0	0.168957	134	90	44	0	0	0	0
AF	0	0.169269	127	93	34	0	0	0	0
AF	0	0.169582	119	90	29	0	0	0	0
AF	0	0.169894	123	86	37	0	0	0	0
AF	0	0.170206	106	66	40	0	0	0	0
AF	0	0.170518	121	77	44	0	0	0	0
AF	0	0.170831	134	86	48	0	0	0	0
AF	0	0.171143	129	88	41	0	0	0	0
AF	0	0.171455	153	111	42	0	0	0	0
AF	0	0.171768	125	73	52	0	0	0	0
AF	0	0.172080	106	77	29	0	0	0	0
AF	0	0.172392	107	74	33	0	0	0	0
AF	0	0.172705	135	91	44	0	0	0	0
AF	0	0.173017	128	89	39	0	0	0	0
AF	0	0.173329	104	71	33	0	0	0	0
AF	0	0.173641	109	76	33	0	0	0	0
AF	0	0.173954	136	81	55	0	0	0	0
AF	0	0.174266	137	90	47	0	0	0	0
AF	0	0.174578	116	72	44	0	0	0	0
AF	0	0.174891	122	92	30	0	0	0	0
AF	0	0.175203	115	78	37	0	0	0	0
AF	0	0.175515	134	89	45	0	0	0	0
AF	0	0.175828	132	93	39	0	0	0	0
AF	0	0.176140	144	99	45	0	0	0	0
AF	0	0.176452	125	77	48	0	0	0	0
AF	0	0.176765	108	74	34	0	0	0	0
AF	0	0.177077	104	67	37	0	0	0	0
AF	0	0.177389	144	96	48	0	0	0	0
AF	0	0.177701	108	71	37	0	0	0	0
AF	0	0.178014	115	84	31	0	0	0	0
AF	0	0.178326	145	105	40	0	0	0	0
AF	0	0.178638	173	120	53	0	0	0	0
AF	0	0.178951	152	101	51	0	0	0	0
AF	0	0.179263	145	94	51	0	0	0	0
AF	0	0.179575	111	68	43	0	0	0	0
AF	0	0.179888	115	74	41	0	0	0	0
AF	0	0.180200	108	75	33	0	0	0	0
AF	0	0.180512	154	104	50	0	0	0	0
AF	0	0.180824	159	113	46	0	0	0	0
AF	0	0.181137	126	95	31	0	0	0	0
AF	0	0.181449	157	108	49	0	0	0	0
AF	0	0.181761	163	107	56	0	0	0	0
AF	0	0.182074	113	73	40	0	0	0	0
AF	0	0.182386	122	80	42	0	0	0	0
AF	0	0.182698	126	85	41	0	0	0	0
AF	0	0.183011	109	64	45	0	0	0	0
AF	0	0.183323	121	83	38	0	0	0	0
AF	0	0.183635	111	71	40	0	0	0	0
AF	0	0.183948	104	77	27	0	0	0	0
AF	0	0.184260	111	83	28	0	0	0	0
AF	0	0.184572	135	88	47	0	0	0	0
AF	0	0.184884	97	60	37	0	0	0	0
AF	0	0.185197	109	75	34	0	0	0	0
AF	0	0.185509	95	61	34	0	0	0	0
AF	0	0.185821	113	66	47	0	0	0	0
AF	0	0.186134	123	94	29	0	0	0	0
AF	0	0.186446	129	93	36	0	0	0	0
AF	0	0.186758	100	54	46	0	0	0	0
AF	0	0.187071	122	78	44	0	0	0	0
AF	0	0.187383	129	84	45	0	0	0	0
AF	0	0.187695	115	76	39	0	0	0	0
AF	0	0.188007	110	71	39	0	0	0	0
AF	0	0.188320	102	64	38	0	0	0	0
AF	0	0.188632	117	84	33	0	0	0	0
AF	0	0.188944	125	83	42	0	0	0	0
AF	0	0.189257	115	86	29	0	0	0	0
AF	0	0.189569	122	77	45	0	0	0	0
AF	0	0.189881	112	71	41	0	0	0	0
AF	0	0.190194	137	92	45	0	0	0	0
AF	0	0.190506	139	84	55	0	0	0	0
AF	0	0.190818	132	85	47	0	0	0	0
AF	0	0.191131	117	67	50	0	0	0	0
AF	0	0.191443	137	99	38	0	0	0	0
AF	0	0.191755	132	86	46	0	0	0	0
AF	0	0.192067	108	79	29	0	0	0	0
AF	0	0.192380	129	76	53	0	0	0	0
AF	0	0.192692	100	73	27	0	0	0	0
AF	0	0.193004	128	79	49	0	0	0	0
AF	0	0.193317	113	76	37	0	0	0	0
AF	0	0.193629	130	97	33	0	0	0	0
AF	0	0.193941	123	78	45	0	0	0	0
AF	0	0.194254	152	103	49	0	0	0	0
AF	0	0.194566	134	95	39	0	0	0	0
AF	0	0.194878	120	79	41	0	0	0	0
AF	0	0.195191	140	94	46	0	0	0	0
AF	0	0.195503	149	104	45	0	0	0	0
AF	0	0.195815	140	95	45	0	0	0	0
AF	0	0.196127	147	99	48	0	0	0	0
AF	0	0.196440	145	92	53	0	0	0	0
AF	0	0.196752	128	90	38	0	0	0	0
AF	0	0.197064	114	77	37	0	0	0	0
AF	0	0.197377	101	63	38	0	0	0	0
AF	0	0.197689	117	82	35	0	0	0	0
AF	0	0.198001	107	67	40	0	0	0	0
AF	0	0.198314	95	70	25	0	0	0	0
AF	0	0.198626	130	88	42	0	0	0	0
AF	0	0.198938	142	93	49	0	0	0	0
AF	0	0.199250	122	77	45	0	0	0	0
AF	0	0.199563	123	76	47	0	0	0	0
AF	0	0.199875	137	86	51	0	0	0	0
AF	0	0.200187	120	73	47	0	0	0	0
AF	0	0.200500	125	83	42	0	0	0	0
AF	0	0.200812	158	115	43	0	0	0	0
AF	0	0.201124	126	87	39	0	0	0	0
AF	0	0.201437	114	71	43	0	0	0	0
AF	0	0.201749	88	65	23	0	0	0	0
AF	0	0.202061	104	66	38	0	0	0	0
AF	0	0.202374	132	93	39	0	0	0	0
AF	0	0.202686	97	71	26	0	0	0	0
AF	0	0.202998	99	69	30	0	0	0	0
AF	0	0.203310	111	83	28	0	0	0	0
AF	0	0.203623	103	62	41	0	0	0	0
AF	0	0.203935	111	71	40	0	0	0	0
AF	0	0.204247	107	70	37	0	0	0	0
AF	0	0.204560	113	71	42	0	0	0	0
AF	0	0.204872	98	57	41	0	0	0	0
AF	0	0.205184	96	69	27	0	0	0	0
AF	0	0.205497	83	59	24	0	0	0	0
AF	0	0.205809	105	69	36	0	0	0	0
AF	0	0.206121	119	85	34	0	0	0	0
AF	0	0.206433	97	69	28	0	0	0	0
AF	0	0.206746	102	67	35	0	0	0	0
AF	0	0.207058	110	72	38	0	0	0	0
AF	0	0.207370	120	85	35	0	0	0	0
AF	0	0.207683	91	55	36	0	0	0	0
AF	0	0.207995	107	70	37	0	0	0	0
AF	0	0.208307	118	82	36	0	0	0	0
AF	0	0.208620	111	78	33	0	0	0	0
AF	0	0.208932	120	79	41	0	0	0	0
AF	0	0.209244	124	86	38	0	0	0	0
AF	0	0.209557	94	68	26	0	0	0	0
AF	0	0.209869	135	88	47	0	0	0	0
AF	0	0.210181	123	88	35	0	0	0	0
AF	0	0.210493	108	73	35	0	0	0	0
AF	0	0.210806	94	62	32	0	0	0	0
AF	0	0.211118	99	66	33	0	0	0	0
AF	0	0.211430	113	67	46	0	0	0	0
AF	0	0.211743	93	58	35	0	0	0	0
AF	0	0.212055	123	87	36	0	0	0	0
AF	0	0.212367	116	81	35	0	0	0	0
AF	0	0.212680	152	105	47	0	0	0	0
AF	0	0.212992	133	78	55	0	0	0	0
AF	0	0.213304	109	70	39	0	0	0	0
AF	0	0.213616	126	86	40	0	0	0	0
AF	0	0.213929	111	79	32	0	0	0	0
AF	0	0.214241	118	75	43	0	0	0	0
AF	0	0.214553	126	92	34	0	0	0	0
AF	0	0.214866	100	74	26	0	0	0	0
AF	0	0.215178	105	69	36	0	0	0	0
AF	0	0.215490	122	77	45	0	0	0	0
AF	0	0.215803	162	114	48	0	0	0	0
AF	0	0.216115	99	74	25	0	0	0	0
AF	0	0.216427	94	59	35	0	0	0	0
AF	0	0.216740	96	63	33	0	0	0	0
AF	0	0.217052	108	73	35	0	0	0	0
AF	0	0.217364	106	68	38	0	0	0	0
AF	0	0.217676	84	60	24	0	0	0	0
AF	0	0.217989	110	83	27	0	0	0	0
AF	0	0.218301	99	68	31	0	0	0	0
AF	0	0.218613	76	48	28	0	0	0	0
AF	0	0.218926	101	69	32	0	0	0	0
AF	0	0.219238	88	57	31	0	0	0	0
AF	0	0.219550	94	63	31	0	0	0	0
AF	0	0.219863	84	67	17	0	0	0	0
AF	0	0.220175	101	62	39	0	0	0	0
AF	0	0.220487	100	66	34	0	0	0	0
AF	0	0.220800	116	81	35	0	0	0	0
AF	0	0.221112	104	63	41	0	0	0	0
AF	0	0.221424	97	59	38	0	0	0	0
AF	0	0.221736	91	54	37	0	0	0	0
AF	0	0.222049	89	53	36	0	0	0	0
AF	0	0.222361	100	76	24	0	0	0	0
AF	0	0.222673	107	71	36	0	0	0	0
AF	0	0.222986	88	62	26	0	0	0	0
AF	0	0.223298	78	53	25	0	0	0	0
AF	0	0.223610	92	63	29	0	0	0	0
AF	0	0.223923	68	47	21	0	0	0	0
AF	0	0.224235	109	71	38	0	0	0	0
AF	0	0.224547	113	76	37	0	0	0	0
AF	0	0.224859	86	54	32	0	0	0	0
AF	0	0.225172	74	49	25	0	0	0	0
AF	0	0.225484	104	70	34	0	0	0	0
AF	0	0.225796	85	57	28	0	0	0	0
AF	0	0.226109	71	51	20	0	0	0	0
AF	0	0.226421	97	61	36	0	0	0	0
AF	0	0.226733	101	68	33	0	0	0	0
AF	0	0.227046	96	62	34	0	0	0	0
AF	0	0.227358	109	78	31	0	0	0	0
AF	0	0.227670	78	56	22	0	0	0	0
AF	0	0.227983	98	62	36	0	0	0	0
AF	0	0.228295	95	62	33	0	0	0	0
AF	0	0.228607	97	66	31	0	0	0	0
AF	0	0.228919	102	65	37	0	0	0	0
AF	0	0.229232	88	63	25	0	0	0	0
AF	0	0.229544	91	62	29	0	0	0	0
AF	0	0.229856	99	68	31	0	0	0	0
AF	0	0.230169	84	60	24	0	0	0	0
AF	0	0.230481	94	68	26	0	0	0	0
AF	0	0.230793	118	81	37	0	0	0	0
AF	0	0.231106	114	77	37	0	0	0	0
AF	0	0.231418	127	82	45	0	0	0	0
AF	0	0.231730	107	73	34	0	0	0	0
AF	0	0.232042	97	60	37	0	0	0	0
AF	0	0.232355	96	63	33	0	0	0	0
AF	0	0.232667	77	52	25	0	0	0	0
AF	0	0.232979	97	64	33	0	0	0	0
AF	0	0.233292	102	64	38	0	0	0	0
AF	0	0.233604	117	82	35	0	0	0	0
AF	0	0.233916	88	58	30	0	0	0	0
AF	0	0.234229	80	54	26	0	0	0	0
AF	0	0.234541	92	56	36	0	0	0	0
AF	0	0.234853	83	52	31	0	0	0	0
AF	0	0.235166	80	58	22	0	0	0	0
AF	0	0.235478	115	79	36	0	0	0	0
AF	0	0.235790	105	76	29	0	0	0	0
AF	0	0.236102	124	73	51	0	0	0	0
AF	0	0.236415	108	75	33	0	0	0	0
AF	0	0.236727	100	62	38	0	0	0	0
AF	0	0.237039	105	73	32	0	0	0	0
AF	0	0.237352	85	50	35	0	0	0	0
AF	0	0.237664	78	50	28	0	0	0	0
AF	0	0.237976	103	71	32	0	0	0	0
AF	0	0.238289	101	64	37	0	0	0	0
AF	0	0.238601	131	80	51	0	0	0	0
AF	0	0.238913	131	86	45	0	0	0	0
AF	0	0.239225	94	60	34	0	0	0	0
AF	0	0.239538	84	63	21	0	0	0	0
AF	0	0.239850	92	60	32	0	0	0	0
AF	0	0.240162	93	74	19	0	0	0	0
AF	0	0.240475	122	76	46	0	0	0	0
AF	0	0.240787	257	153	104	0	0	0	0
AF	0	0.241099	103	63	40	0	0	0	0
AF	0	0.241412	89	56	33	0	0	0	0
AF	0	0.241724	96	62	34	0	0	0	0
AF	0	0.242036	114	76	38	0	0	0	0
AF	0	0.242349	99	62	37	0	0	0	0
AF	0	0.242661	89	65	24	0	0	0	0
AF	0	0.242973	102	70	32	0	0	0	0
AF	0	0.243285	81	44	37	0	0	0	0
AF	0	0.243598	95	68	27	0	0	0	0
AF	0	0.243910	85	51	34	0	0	0	0
AF	0	0.244222	80	51	29	0	0	0	0
AF	0	0.244535	87	56	31	0	0	0	0
AF	0	0.244847	88	57	31	0	0	0	0
AF	0	0.245159	76	52	24	0	0	0	0
AF	0	0.245472	64	48	16	0	0	0	0
AF	0	0.245784	89	54	35	0	0	0	0
AF	0	0.246096	84	52	32	0	0	0	0
AF	0	0.246408	82	64	18	0	0	0	0
AF	0	0.246721	78	58	20	0	0	0	0
AF	0	0.247033	82	52	30	0	0	0	0
AF	0	0.247345	94	60	34	0	0	0	0
AF	0	0.247658	92	63	29	0	0	0	0
AF	0	0.247970	77	57	20	0	0	0	0
AF	0	0.248282	80	45	35	0	0	0	0
AF	0	0.248595	81	59	22	0	0	0	0
AF	0	0.248907	78	53	25	0	0	0	0
AF	0	0.249219	82	59	23	0	0	0	0
AF	0	0.249532	94	64	30	0	0	0	0
AF	0	0.249844	78	50	28	0	0	0	0
AF	0	0.250156	97	68	29	0	0	0	0
AF	0	0.250468	90	68	22	0	0	0	0
AF	0	0.250781	126	94	32	0	0	0	0
AF	0	0.251093	107	77	30	0	0	0	0
AF	0	0.251405	96	72	24	0	0	0	0
AF	0	0.251718	95	64	31	0	0	0	0
AF	0	0.252030	83	54	29	0	0	0	0
AF	0	0.252342	80	46	34	0	0	0	0
AF	0	0.252655	94	65	29	0	0	0	0
AF	0	0.252967	82	59	23	0	0	0	0
AF	0	0.253279	71	42	29	0	0	0	0
AF	0	0.253592	86	52	34	0	0	0	0
AF	0	0.253904	94	69	25	0	0	0	0
AF	0	0.254216	93	57	36	0	0	0	0
AF	0	0.254528	106	81	25	0	0	0	0
AF	0	0.254841	100	65	35	0	0	0	0
AF	0	0.255153	98	64	34	0	0	0	0
AF	0	0.255465	78	54	24	0	0	0	0
AF	0	0.255778	94	66	28	0	0	0	0
AF	0	0.256090	91	65	26	0	0	0	0
AF	0	0.256402	105	68	37	0	0	0	0
AF	0	0.256715	82	57	25	0	0	0	0
AF	0	0.257027	107	68	39	0	0	0	0
AF	0	0.257339	110	75	35	0	0	0	0
AF	0	0.257651	113	72	41	0	0	0	0
AF	0	0.257964	93	65	28	0	0	0	0
AF	0	0.258276	77	61	16	0	0	0	0
AF	0	0.258588	97	67	30	0	0	0	0
AF	0	0.258901	79	45	34	0	0	0	0
AF	0	0.259213	87	54	33	0	0	0	0
AF	0	0.259525	79	49	30	0	0	0	0
AF	0	0.259838	81	52	29	0	0	0	0
AF	0	0.260150	86	63	23	0	0	0	0
AF	0	0.260462	67	51	16	0	0	0	0
AF	0	0.260775	77	52	25	0	0	0	0
AF	0	0.261087	82	52	30	0	0	0	0
AF	0	0.261399	83	60	23	0	0	0	0
AF	0	0.261711	70	42	28	0	0	0	0
AF	0	0.262024	75	47	28	0	0	0	0
AF	0	0.262336	79	49	30	0	0	0	0
AF	0	0.262648	97	70	27	0	0	0	0
AF	0	0.262961	80	50	30	0	0	0	0
AF	0	0.263273	86	62	24	0	0	0	0
AF	0	0.263585	84	51	33	0	0	0	0
AF	0	0.263898	77	53	24	0	0	0	0
AF	0	0.264210	79	48	31	0	0	0	0
AF	0	0.264522	76	55	21	0	0	0	0
AF	0	0.264834	75	51	24	0	0	0	0
AF	0	0.265147	78	47	31	0	0	0	0
AF	0	0.265459	72	50	22	0	0	0	0
AF	0	0.265771	99	68	31	0	0	0	0
AF	0	0.266084	83	57	26	0	0	0	0
AF	0	0.266396	89	57	32	0	0	0	0
AF	0	0.266708	72	52	20	0	0	0	0
AF	0	0.267021	85	60	25	0	0	0	0
AF	0	0.267333	69	54	15	0	0	0	0
AF	0	0.267645	90	60	30	0	0	0	0
AF	0	0.267958	71	51	20	0	0	0	0
AF	0	0.268270	91	69	22	0	0	0	0
AF	0	0.268582	65	44	21	0	0	0	0
AF	0	0.268894	76	48	28	0	0	0	0
AF	0	0.269207	106	69	37	0	0	0	0
AF	0	0.269519	86	58	28	0	0	0	0
AF	0	0.269831	85	57	28	0	0	0	0
AF	0	0.270144	90	59	31	0	0	0	0
AF	0	0.270456	106	69	37	0	0	0	0
AF	0	0.270768	105	76	29	0	0	0	0
AF	0	0.271081	82	51	31	0	0	0	0
AF	0	0.271393	76	54	22	0	0	0	0
AF	0	0.271705	182	118	64	0	0	0	0
AF	0	0.272017	111	78	33	0	0	0	0
AF	0	0.272330	94	72	22	0	0	0	0
AF	0	0.272642	102	67	35	0	0	0	0
AF	0	0.272954	94	69	25	0	0	0	0
AF	0	0.273267	80	47	33	0	0	0	0
AF	0	0.273579	68	46	22	0	0	0	0
AF	0	0.273891	68	45	23	0	0	0	0
AF	0	0.274204	79	51	28	0	0	0	0
AF	0	0.274516	75	50	25	0	0	0	0
AF	0	0.274828	68	44	24	0	0	0	0
AF	0	0.275141	83	53	30	0	0	0	0
AF	0	0.275453	78	53	25	0	0	0	0
AF	0	0.275765	73	47	26	0	0	0	0
AF	0	0.276077	85	55	30	0	0	0	0
AF	0	0.276390	100	72	28	0	0	0	0
AF	0	0.276702	97	66	31	0	0	0	0
AF	0	0.277014	91	67	24	0	0	0	0
AF	0	0.277327	101	73	28	0	0	0	0
AF	0	0.277639	76	48	28	0	0	0	0
AF	0	0.277951	77	58	19	0	0	0	0
AF	0	0.278264	58	39	19	0	0	0	0
AF	0	0.278576	69	39	30	0	0	0	0
AF	0	0.278888	68	45	23	0	0	0	0
AF	0	0.279200	76	47	29	0	0	0	0
AF	0	0.279513	70	52	18	0	0	0	0
AF	0	0.279825	70	47	23	0	0	0	0
AF	0	0.280137	62	43	19	0	0	0	0
AF	0	0.280450	86	52	34	0	0	0	0
AF	0	0.280762	70	44	26	0	0	0	0
AF	0	0.281074	68	48	20	0	0	0	0
AF	0	0.281387	63	48	15	0	0	0	0
AF	0	0.281699	68	48	20	0	0	0	0
AF	0	0.282011	60	42	18	0	0	0	0
AF	0	0.282324	85	57	28	0	0	0	0
AF	0	0.282636	75	49	26	0	0	0	0
AF	0	0.282948	69	48	21	0	0	0	0
AF	0	0.283260	74	47	27	0	0	0	0
AF	0	0.283573	76	52	24	0	0	0	0
AF	0	0.283885	88	59	29	0	0	0	0
AF	0	0.284197	90	64	26	0	0	0	0
AF	0	0.284510	73	51	22	0	0	0	0
AF	0	0.284822	60	39	21	0	0	0	0
AF	0	0.285134	75	61	14	0	0	0	0
AF	0	0.285447	75	49	26	0	0	0	0
AF	0	0.285759	79	44	35	0	0	0	0
AF	0	0.286071	66	37	29	0	0	0	0
AF	0	0.286384	64	40	24	0	0	0	0
AF	0	0.286696	69	49	20	0	0	0	0
AF	0	0.287008	67	45	22	0	0	0	0
AF	0	0.287320	74	56	18	0	0	0	0
AF	0	0.287633	64	44	20	0	0	0	0
AF	0	0.287945	76	50	26	0	0	0	0
AF	0	0.288257	72	47	25	0	0	0	0
AF	0	0.288570	56	38	18	0	0	0	0
AF	0	0.288882	58	33	25	0	0	0	0
AF	0	0.289194	71	46	25	0	0	0	0
AF	0	0.289507	74	51	23	0	0	0	0
AF	0	0.289819	74	54	20	0	0	0	0
AF	0	0.290131	76	50	26	0	0	0	0
AF	0	0.290443	75	54	21	0	0	0	0
AF	0	0.290756	72	47	25	0	0	0	0
AF	0	0.291068	78	60	18	0	0	0	0
AF	0	0.291380	80	56	24	0	0	0	0
AF	0	0.291693	91	53	38	0	0	0	0
AF	0	0.292005	91	63	28	0	0	0	0
AF	0	0.292317	64	39	25	0	0	0	0
AF	0	0.292630	57	31	26	0	0	0	0
AF	0	0.292942	69	48	21	0	0	0	0
AF	0	0.293254	78	56	22	0	0	0	0
AF	0	0.293567	78	58	20	0	0	0	0
AF	0	0.293879	88	67	21	0	0	0	0
AF	0	0.294191	92	63	29	0	0	0	0
AF	0	0.294503	78	57	21	0	0	0	0
AF	0	0.294816	69	51	18	0	0	0	0
AF	0	0.295128	71	53	18	0	0	0	0
AF	0	0.295440	63	41	22	0	0	0	0
AF	0	0.295753	61	32	29	0	0	0	0
AF	0	0.296065	64	44	20	0	0	0	0
AF	0	0.296377	57	40	17	0	0	0	0
AF	0	0.296690	73	52	21	0	0	0	0
AF	0	0.297002	77	54	23	0	0	0	0
AF	0	0.297314	70	51	19	0	0	0	0
AF	0	0.297626	76	50	26	0	0	0	0
AF	0	0.297939	74	53	21	0	0	0	0
AF	0	0.298251	74	52	22	0	0	0	0
AF	0	0.298563	75	52	23	0	0	0	0
AF	0	0.298876	78	52	26	0	0	0	0
AF	0	0.299188	85	53	32	0	0	0	0
AF	0	0.299500	108	78	30	0	0	0	0
AF	0	0.299813	100	63	37	0	0	0	0
AF	0	0.300125	77	48	29	0	0	0	0
AF	0	0.300437	76	55	21	0	0	0	0
AF	0	0.300750	106	72	34	0	0	0	0
AF	0	0.301062	75	53	22	0	0	0	0
AF	0	0.301374	93	68	25	0	0	0	0
AF	0	0.301686	83	64	19	0	0	0	0
AF	0	0.301999	81	52	29	0	0	0	0
AF	0	0.302311	93	67	26	0	0	0	0
AF	0	0.302623	75	44	31	0	0	0	0
AF	0	0.302936	86	56	30	0	0	0	0
AF	0	0.303248	74	50	24	0	0	0	0
AF	0	0.303560	72	49	23	0	0	0	0
AF	0	0.303873	78	51	27	0	0	0	0
AF	0	0.304185	66	46	20	0	0	0	0
AF	0	0.304497	83	49	34	0	0	0	0
AF	0	0.304809	129	90	39	0	0	0	0
AF	0	0.305122	75	53	22	0	0	0	0
AF	0	0.305434	72	51	21	0	0	0	0
AF	0	0.305746	55	42	13	0	0	0	0
AF	0	0.306059	74	48	26	0	0	0	0
AF	0	0.306371	94	58	36	0	0	0	0
AF	0	0.306683	66	44	22	0	0	0	0
AF	0	0.306996	82	51	31	0	0	0	0
AF	0	0.307308	89	62	27	0	0	0	0
AF	0	0.307620	87	59	28	0	0	0	0
AF	0	0.307933	101	61	40	0	0	0	0
AF	0	0.308245	99	64	35	0	0	0	0
AF	0	0.308557	87	50	37	0	0	0	0
AF	0	0.308869	71	50	21	0	0	0	0
AF	0	0.309182	83	59	24	0	0	0	0
AF	0	0.309494	57	33	24	0	0	0	0
AF	0	0.309806	74	47	27	0	0	0	0
AF	0	0.310119	76	48	28	0	0	0	0
AF	0	0.310431	80	57	23	0	0	0	0
AF	0	0.310743	78	50	28	0	0	0	0
AF	0	0.311056	75	45	30	0	0	0	0
AF	0	0.311368	65	41	24	0	0	0	0
AF	0	0.311680	73	46	27	0	0	0	0
AF	0	0.311993	91	61	30	0	0	0	0
AF	0	0.312305	77	43	34	0	0	0	0
AF	0	0.312617	101	78	23	0	0	0	0
AF	0	0.312929	74	44	30	0	0	0	0
AF	0	0.313242	95	57	38	0	0	0	0
AF	0	0.313554	62	43	19	0	0	0	0
AF	0	0.313866	69	51	18	0	0	0	0
AF	0	0.314179	91	48	43	0	0	0	0
AF	0	0.314491	71	42	29	0	0	0	0
AF	0	0.314803	82	46	36	0	0	0	0
AF	0	0.315116	96	64	32	0	0	0	0
AF	0	0.315428	78	48	30	0	0	0	0
AF	0	0.315740	77	54	23	0	0	0	0
AF	0	0.316052	74	46	28	0	0	0	0
AF	0	0.316365	69	45	24	0	0	0	0
AF	0	0.316677	67	46	21	0	0	0	0
AF	0	0.316989	80	54	26	0	0	0	0
AF	0	0.317302	89	63	26	0	0	0	0
AF	0	0.317614	72	50	22	0	0	0	0
AF	0	0.317926	92	56	36	0	0	0	0
AF	0	0.318239	80	58	22	0	0	0	0
AF	0	0.318551	84	57	27	0	0	0	0
AF	0	0.318863	89	65	24	0	0	0	0
AF	0	0.319176	89	61	28	0	0	0	0
AF	0	0.319488	91	62	29	0	0	0	0
AF	0	0.319800	66	43	23	0	0	0	0
AF	0	0.320112	78	54	24	0	0	0	0
AF	0	0.320425	65	48	17	0	0	0	0
AF	0	0.320737	73	53	20	0	0	0	0
AF	0	0.321049	64	51	13	0	0	0	0
AF	0	0.321362	98	67	31	0	0	0	0
AF	0	0.321674	92	58	34	0	0	0	0
AF	0	0.321986	77	56	21	0	0	0	0
AF	0	0.322299	74	51	23	0	0	0	0
AF	0	0.322611	62	38	24	0	0	0	0
AF	0	0.322923	95	61	34	0	0	0	0
AF	0	0.323235	82	58	24	0	0	0	0
AF	0	0.323548	69	46	23	0	0	0	0
AF	0	0.323860	94	66	28	0	0	0	0
AF	0	0.324172	73	55	18	0	0	0	0
AF	0	0.324485	58	39	19	0	0	0	0
AF	0	0.324797	78	59	19	0	0	0	0
AF	0	0.325109	94	70	24	0	0	0	0
AF	0	0.325422	63	41	22	0	0	0	0
AF	0	0.325734	59	40	19	0	0	0	0
AF	0	0.326046	83	54	29	0	0	0	0
AF	0	0.326359	64	48	16	0	0	0	0
AF	0	0.326671	72	45	27	0	0	0	0
AF	0	0.326983	71	52	19	0	0	0	0
AF	0	0.327295	59	39	20	0	0	0	0
AF	0	0.327608	64	45	19	0	0	0	0
AF	0	0.327920	95	71	24	0	0	0	0
AF	0	0.328232	98	69	29	0	0	0	0
AF	0	0.328545	52	39	13	0	0	0	0
AF	0	0.328857	79	55	24	0	0	0	0
AF	0	0.329169	64	45	19	0	0	0	0
AF	0	0.329482	66	46	20	0	0	0	0
AF	0	0.329794	65	48	17	0	0	0	0
AF	0	0.330106	65	40	25	0	0	0	0
AF	0	0.330418	60	35	25	0	0	0	0
AF	0	0.330731	70	50	20	0	0	0	0
AF	0	0.331043	60	39	21	0	0	0	0
AF	0	0.331355	71	42	29	0	0	0	0
AF	0	0.331668	49	30	19	0	0	0	0
AF	0	0.331980	60	42	18	0	0	0	0
AF	0	0.332292	67	48	19	0	0	0	0
AF	0	0.332605	55	30	25	0	0	0	0
AF	0	0.332917	67	49	18	0	0	0	0
AF	0	0.333229	69	45	24	0	0	0	0
AF	0	0.333542	74	43	31	0	0	0	0
AF	0	0.333854	60	47	13	0	0	0	0
AF	0	0.334166	55	43	12	0	0	0	0
AF	0	0.334478	58	38	20	0	0	0	0
AF	0	0.334791	65	37	28	0	0	0	0
AF	0	0.335103	55	36	19	0	0	0	0
AF	0	0.335415	69	43	26	0	0	0	0
AF	0	0.335728	58	36	22	0	0	0	0
AF	0	0.336040	72	48	24	0	0	0	0
AF	0	0.336352	74	48	26	0	0	0	0
AF	0	0.336665	59	39	20	0	0	0	0
AF	0	0.336977	55	44	11	0	0	0	0
AF	0	0.337289	64	44	20	0	0	0	0
AF	0	0.337601	58	43	15	0	0	0	0
AF	0	0.337914	53	37	16	0	0	0	0
AF	0	0.338226	71	50	21	0	0	0	0
AF	0	0.338538	58	33	25	0	0	0	0
AF	0	0.338851	64	41	23	0	0	0	0
AF	0	0.339163	73	54	19	0	0	0	0
AF	0	0.339475	75	50	25	0	0	0	0
AF	0	0.339788	86	68	18	0	0	0	0
AF	0	0.340100	59	40	19	0	0	0	0
AF	0	0.340412	76	55	21	0	0	0	0
AF	0	0.340725	66	53	13	0	0	0	0
AF	0	0.341037	80	44	36	0	0	0	0
AF	0	0.341349	66	41	25	0	0	0	0
AF	0	0.341661	66	39	27	0	0	0	0
AF	0	0.341974	58	42	16	0	0	0	0
AF	0	0.342286	79	58	21	0	0	0	0
AF	0	0.342598	78	44	34	0	0	0	0
AF	0	0.342911	60	40	20	0	0	0	0
AF	0	0.343223	74	50	24	0	0	0	0
AF	0	0.343535	70	47	23	0	0	0	0
AF	0	0.343848	82	56	26	0	0	0	0
AF	0	0.344160	49	39	10	0	0	0	0
AF	0	0.344472	66	44	22	0	0	0	0
AF	0	0.344785	70	49	21	0	0	0	0
AF	0	0.345097	88	64	24	0	0	0	0
AF	0	0.345409	81	53	28	0	0	0	0
AF	0	0.345721	71	54	17	0	0	0	0
AF	0	0.346034	67	41	26	0	0	0	0
AF	0	0.346346	73	49	24	0	0	0	0
AF	0	0.346658	73	50	23	0	0	0	0
AF	0	0.346971	76	53	23	0	0	0	0
AF	0	0.347283	84	57	27	0	0	0	0
AF	0	0.347595	86	54	32	0	0	0	0
AF	0	0.347908	69	46	23	0	0	0	0
AF	0	0.348220	77	54	23	0	0	0	0
AF	0	0.348532	66	50	16	0	0	0	0
AF	0	0.348844	59	35	24	0	0	0	0
AF	0	0.349157	78	46	32	0	0	0	0
AF	0	0.349469	74	43	31	0	0	0	0
AF	0	0.349781	55	38	17	0	0	0	0
AF	0	0.350094	51	34	17	0	0	0	0
AF	0	0.350406	46	29	17	0	0	0	0
AF	0	0.350718	58	44	14	0	0	0	0
AF	0	0.351031	52	39	13	0	0	0	0
AF	0	0.351343	61	38	23	0	0	0	0
AF	0	0.351655	58	38	20	0	0	0	0
AF	0	0.351968	56	39	17	0	0	0	0
AF	0	0.352280	61	48	13	0	0	0	0
AF	0	0.352592	49	33	16	0	0	0	0
AF	0	0.352904	51	34	17	0	0	0	0
AF	0	0.353217	57	38	19	0	0	0	0
AF	0	0.353529	50	35	15	0	0	0	0
AF	0	0.353841	62	47	15	0	0	0	0
AF	0	0.354154	48	33	15	0	0	0	0
AF	0	0.354466	35	22	13	0	0	0	0
AF	0	0.354778	47	31	16	0	0	0	0
AF	0	0.355091	60	44	16	0	0	0	0
AF	0	0.355403	53	41	12	0	0	0	0
AF	0	0.355715	76	52	24	0	0	0	0
AF	0	0.356027	55	33	22	0	0	0	0
AF	0	0.356340	71	41	30	0	0	0	0
AF	0	0.356652	58	32	26	0	0	0	0
AF	0	0.356964	59	36	23	0	0	0	0
AF	0	0.357277	68	51	17	0	0	0	0
AF	0	0.357589	60	40	20	0	0	0	0
AF	0	0.357901	57	35	22	0	0	0	0
AF	0	0.358214	61	38	23	0	0	0	0
AF	0	0.358526	54	35	19	0	0	0	0
AF	0	0.358838	62	40	22	0	0	0	0
AF	0	0.359151	55	37	18	0	0	0	0
AF	0	0.359463	57	44	13	0	0	0	0
AF	0	0.359775	64	40	24	0	0	0	0
AF	0	0.360087	77	47	30	0	0	0	0
AF	0	0.360400	75	46	29	0	0	0	0
AF	0	0.360712	62	40	22	0	0	0	0
AF	0	0.361024	72	57	15	0	0	0	0
AF	0	0.361337	87	58	29	0	0	0	0
AF	0	0.361649	77	51	26	0	0	0	0
AF	0	0.361961	59	39	20	0	0	0	0
AF	0	0.362274	53	38	15	0	0	0	0
AF	0	0.362586	54	37	17	0	0	0	0
AF	0	0.362898	65	43	22	0	0	0	0
AF	0	0.363210	54	31	23	0	0	0	0
AF	0	0.363523	57	36	21	0	0	0	0
AF	0	0.363835	74	50	24	0	0	0	0
AF	0	0.364147	65	45	20	0	0	0	0
AF	0	0.364460	75	50	25	0	0	0	0
AF	0	0.364772	81	54	27	0	0	0	0
AF	0	0.365084	59	37	22	0	0	0	0
AF	0	0.365397	61	42	19	0	0	0	0
AF	0	0.365709	58	40	18	0	0	0	0
AF	0	0.366021	75	52	23	0	0	0	0
AF	0	0.366334	79	54	25	0	0	0	0
AF	0	0.366646	65	51	14	0	0	0	0
AF	0	0.366958	79	54	25	0	0	0	0
AF	0	0.367270	65	43	22	0	0	0	0
AF	0	0.367583	68	42	26	0	0	0	0
AF	0	0.367895	49	30	19	0	0	0	0
AF	0	0.368207	71	50	21	0	0	0	0
AF	0	0.368520	55	33	22	0	0	0	0
AF	0	0.368832	54	41	13	0	0	0	0
AF	0	0.369144	66	41	25	0	0	0	0
AF	0	0.369457	66	46	20	0	0	0	0
AF	0	0.369769	60	35	25	0	0	0	0
AF	0	0.370081	45	27	18	0	0	0	0
AF	0	0.370394	76	49	27	0	0	0	0
AF	0	0.370706	76	59	17	0	0	0	0
AF	0	0.371018	74	54	20	0	0	0	0
AF	0	0.371330	92	51	41	0	0	0	0
AF	0	0.371643	79	54	25	0	0	0	0
AF	0	0.371955	62	40	22	0	0	0	0
AF	0	0.372267	64	41	23	0	0	0	0
AF	0	0.372580	56	38	18	0	0	0	0
AF	0	0.372892	54	36	18	0	0	0	0
AF	0	0.373204	62	52	10	0	0	0	0
AF	0	0.373517	58	40	18	0	0	0	0
AF	0	0.373829	73	44	29	0	0	0	0
AF	0	0.374141	64	43	21	0	0	0	0
AF	0	0.374453	62	43	19	0	0	0	0
AF	0	0.374766	70	44	26	0	0	0	0
AF	0	0.375078	70	46	24	0	0	0	0
AF	0	0.375390	64	39	25	0	0	0	0
AF	0	0.375703	74	48	26	0	0	0	0
AF	0	0.376015	63	42	21	0	0	0	0
AF	0	0.376327	72	51	21	0	0	0	0
AF	0	0.376640	56	38	18	0	0	0	0
AF	0	0.376952	80	55	25	0	0	0	0
AF	0	0.377264	60	43	17	0	0	0	0
AF	0	0.377577	83	56	27	0	0	0	0
AF	0	0.377889	82	52	30	0	0	0	0
AF	0	0.378201	75	49	26	0	0	0	0
AF	0	0.378513	84	56	28	0	0	0	0
AF	0	0.378826	57	40	17	0	0	0	0
AF	0	0.379138	72	52	20	0	0	0	0
AF	0	0.379450	71	56	15	0	0	0	0
AF	0	0.379763	59	42	17	0	0	0	0
AF	0	0.380075	70	51	19	0	0	0	0
AF	0	0.380387	76	57	19	0	0	0	0
AF	0	0.380700	54	36	18	0	0	0	0
AF	0	0.381012	41	26	15	0	0	0	0
AF	0	0.381324	69	50	19	0	0	0	0
AF	0	0.381636	67	49	18	0	0	0	0
AF	0	0.381949	75	44	31	0	0	0	0
AF	0	0.382261	64	44	20	0	0	0	0
AF	0	0.382573	61	47	14	0	0	0	0
AF	0	0.382886	67	43	24	0	0	0	0
AF	0	0.383198	59	44	15	0	0	0	0
AF	0	0.383510	54	33	21	0	0	0	0
AF	0	0.383823	60	43	17	0	0	0	0
AF	0	0.384135	45	30	15	0	0	0	0
AF	0	0.384447	60	37	23	0	0	0	0
AF	0	0.384760	42	25	17	0	0	0	0
AF	0	0.385072	54	36	18	0	0	0	0
AF	0	0.385384	56	39	17	0	0	0	0
AF	0	0.385696	52	36	16	0	0	0	0
AF	0	0.386009	57	38	19	0	0	0	0
AF	0	0.386321	54	32	22	0	0	0	0
AF	0	0.386633	69	42	27	0	0	0	0
AF	0	0.386946	58	35	23	0	0	0	0
AF	0	0.387258	58	32	26	0	0	0	0
AF	0	0.387570	60	29	31	0	0	0	0
AF	0	0.387883	64	43	21	0	0	0	0
AF	0	0.388195	68	50	18	0	0	0	0
AF	0	0.388507	63	41	22	0	0	0	0
AF	0	0.388819	84	65	19	0	0	0	0
AF	0	0.389132	60	41	19	0	0	0	0
AF	0	0.389444	66	43	23	0	0	0	0
AF	0	0.389756	61	42	19	0	0	0	0
AF	0	0.390069	61	40	21	0	0	0	0
AF	0	0.390381	69	47	22	0	0	0	0
AF	0	0.390693	85	55	30	0	0	0	0
AF	0	0.391006	80	63	17	0	0	0	0
AF	0	0.391318	71	47	24	0	0	0	0
AF	0	0.391630	68	51	17	0	0	0	0
AF	0	0.391943	81	62	19	0	0	0	0
AF	0	0.392255	75	57	18	0	0	0	0
AF	0	0.392567	46	28	18	0	0	0	0
AF	0	0.392879	64	42	22	0	0	0	0
AF	0	0.393192	57	39	18	0	0	0	0
AF	0	0.393504	52	34	18	0	0	0	0
AF	0	0.393816	54	37	17	0	0	0	0
AF	0	0.394129	71	44	27	0	0	0	0
AF	0	0.394441	66	44	22	0	0	0	0
AF	0	0.394753	54	36	18	0	0	0	0
AF	0	0.395066	61	43	18	0	0	0	0
AF	0	0.395378	65	43	22	0	0	0	0
AF	0	0.395690	52	42	10	0	0	0	0
AF	0	0.396002	63	43	20	0	0	0	0
AF	0	0.396315	49	36	13	0	0	0	0
AF	0	0.396627	49	30	19	0	0	0	0
AF	0	0.396939	48	29	19	0	0	0	0
AF	0	0.397252	66	42	24	0	0	0	0
AF	0	0.397564	55	41	14	0	0	0	0
AF	0	0.397876	69	45	24	0	0	0	0
AF	0	0.398189	73	48	25	0	0	0	0
AF	0	0.398501	57	44	13	0	0	0	0
AF	0	0.398813	75	42	33	0	0	0	0
AF	0	0.399126	93	59	34	0	0	0	0
AF	0	0.399438	60	33	27	0	0	0	0
AF	0	0.399750	68	45	23	0	0	0	0
AF	0	0.400062	45	33	12	0	0	0	0
AF	0	0.400375	54	32	22	0	0	0	0
AF	0	0.400687	43	34	9	0	0	0	0
AF	0	0.400999	71	48	23	0	0	0	0
AF	0	0.401312	43	28	15	0	0	0	0
AF	0	0.401624	50	31	19	0	0	0	0
AF	0	0.401936	51	30	21	0	0	0	0
AF	0	0.402249	70	46	24	0	0	0	0
AF	0	0.402561	57	38	19	0	0	0	0
AF	0	0.402873	63	47	16	0	0	0	0
AF	0	0.403186	46	32	14	0	0	0	0
AF	0	0.403498	60	41	19	0	0	0	0
AF	0	0.403810	72	49	23	0	0	0	0
AF	0	0.404122	61	43	18	0	0	0	0
AF	0	0.404435	53	41	12	0	0	0	0
AF	0	0.404747	58	35	23	0	0	0	0
AF	0	0.405059	64	38	26	0	0	0	0
AF	0	0.405372	53	38	15	0	0	0	0
AF	0	0.405684	73	54	19	0	0	0	0
AF	0	0.405996	117	76	41	0	0	0	0
AF	0	0.406309	137	100	37	0	0	0	0
AF	0	0.406621	76	57	19	0	0	0	0
AF	0	0.406933	94	62	32	0	0	0	0
AF	0	0.407245	76	54	22	0	0	0	0
AF	0	0.407558	44	30	14	0	0	0	0
AF	0	0.407870	69	42	27	0	0	0	0
AF	0	0.408182	60	41	19	0	0	0	0
AF	0	0.408495	60	45	15	0	0	0	0
AF	0	0.408807	67	51	16	0	0	0	0
AF	0	0.409119	67	50	17	0	0	0	0
AF	0	0.409432	70	50	20	0	0	0	0
AF	0	0.409744	67	39	28	0	0	0	0
AF	0	0.410056	73	52	21	0	0	0	0
AF	0	0.410369	73	50	23	0	0	0	0
AF	0	0.410681	65	38	27	0	0	0	0
AF	0	0.410993	60	45	15	0	0	0	0
AF	0	0.411305	80	56	24	0	0	0	0
AF	0	0.411618	96	66	30	0	0	0	0
AF	0	0.411930	76	42	34	0	0	0	0
AF	0	0.412242	57	38	19	0	0	0	0
AF	0	0.412555	66	51	15	0	0	0	0
AF	0	0.412867	71	51	20	0	0	0	0
AF	0	0.413179	91	71	20	0	0	0	0
AF	0	0.413492	58	33	25	0	0	0	0
AF	0	0.413804	51	34	17	0	0	0	0
AF	0	0.414116	51	36	15	0	0	0	0
AF	0	0.414428	61	40	21	0	0	0	0
AF	0	0.414741	41	30	11	0	0	0	0
AF	0	0.415053	46	27	19	0	0	0	0
AF	0	0.415365	51	34	17	0	0	0	0
AF	0	0.415678	47	35	12	0	0	0	0
AF	0	0.415990	55	41	14	0	0	0	0
AF	0	0.416302	54	39	15	0	0	0	0
AF	0	0.416615	53	32	21	0	0	0	0
AF	0	0.416927	59	37	22	0	0	0	0
AF	0	0.417239	66	43	23	0	0	0	0
AF	0	0.417552	57	44	13	0	0	0	0
AF	0	0.417864	42	26	16	0	0	0	0
AF	0	0.418176	36	21	15	0	0	0	0
AF	0	0.418488	53	34	19	0	0	0	0
AF	0	0.418801	59	37	22	0	0	0	0
AF	0	0.419113	59	39	20	0	0	0	0
AF	0	0.419425	48	33	15	0	0	0	0
AF	0	0.419738	52	35	17	0	0	0	0
AF	0	0.420050	41	29	12	0	0	0	0
AF	0	0.420362	57	36	21	0	0	0	0
AF	0	0.420675	61	36	25	0	0	0	0
AF	0	0.420987	51	32	19	0	0	0	0
AF	0	0.421299	63	39	24	0	0	0	0
AF	0	0.421611	58	45	13	0	0	0	0
AF	0	0.421924	57	40	17	0	0	0	0
AF	0	0.422236	57	31	26	0	0	0	0
AF	0	0.422548	56	36	20	0	0	0	0
AF	0	0.422861	60	40	20	0	0	0	0
AF	0	0.423173	64	46	18	0	0	0	0
AF	0	0.423485	69	50	19	0	0	0	0
AF	0	0.423798	46	31	15	0	0	0	0
AF	0	0.424110	66	42	24	0	0	0	0
AF	0	0.424422	68	43	25	0	0	0	0
AF	0	0.424735	67	44	23	0	0	0	0
AF	0	0.425047	75	48	27	0	0	0	0
AF	0	0.425359	79	50	29	0	0	0	0
AF	0	0.425671	52	40	12	0	0	0	0
AF	0	0.425984	60	44	16	0	0	0	0
AF	0	0.426296	57	34	23	0	0	0	0
AF	0	0.426608	57	36	21	0	0	0	0
AF	0	0.426921	56	39	17	0	0	0	0
AF	0	0.427233	59	43	16	0	0	0	0
AF	0	0.427545	49	35	14	0	0	0	0
AF	0	0.427858	48	32	16	0	0	0	0
AF	0	0.428170	68	53	15	0	0	0	0
AF	0	0.428482	46	31	15	0	0	0	0
AF	0	0.428795	49	36	13	0	0	0	0
AF	0	0.429107	56	38	18	0	0	0	0
AF	0	0.429419	50	30	20	0	0	0	0
AF	0	0.429731	61	47	14	0	0	0	0
AF	0	0.430044	54	35	19	0	0	0	0
AF	0	0.430356	70	43	27	0	0	0	0
AF	0	0.430668	87	58	29	0	0	0	0
AF	0	0.430981	46	29	17	0	0	0	0
AF	0	0.431293	57	43	14	0	0	0	0
AF	0	0.431605	46	36	10	0	0	0	0
AF	0	0.431918	60	39	21	0	0	0	0
AF	0	0.432230	60	39	21	0	0	0	0
AF	0	0.432542	49	32	17	0	0	0	0
AF	0	0.432854	79	50	29	0	0	0	0
AF	0	0.433167	72	50	22	0	0	0	0
AF	0	0.433479	57	40	17	0	0	0	0
AF	0	0.433791	62	41	21	0	0	0	0
AF	0	0.434104	76	54	22	0	0	0	0
AF	0	0.434416	65	49	16	0	0	0	0
AF	0	0.434728	54	34	20	0	0	0	0
AF	0	0.435041	61	40	21	0	0	0	0
AF	0	0.435353	64	45	19	0	0	0	0
AF	0	0.435665	86	62	24	0	0	0	0
AF	0	0.435978	56	33	23	0	0	0	0
AF	0	0.436290	48	33	15	0	0	0	0
AF	0	0.436602	61	44	17	0	0	0	0
AF	0	0.436914	51	38	13	0	0	0	0
AF	0	0.437227	54	39	15	0	0	0	0
AF	0	0.437539	69	52	17	0	0	0	0
AF	0	0.437851	75	49	26	0	0	0	0
AF	0	0.438164	65	45	20	0	0	0	0
AF	0	0.438476	61	38	23	0	0	0	0
AF	0	0.438788	53	41	12	0	0	0	0
AF	0	0.439101	75	53	22	0	0	0	0
AF	0	0.439413	66	47	19	0	0	0	0
AF	0	0.439725	102	73	29	0	0	0	0
AF	0	0.440037	57	36	21	0	0	0	0
AF	0	0.440350	43	32	11	0	0	0	0
AF	0	0.440662	59	47	12	0	0	0	0
AF	0	0.440974	65	42	23	0	0	0	0
AF	0	0.441287	63	45	18	0	0	0	0
AF	0	0.441599	71	53	18	0	0	0	0
AF	0	0.441911	56	41	15	0	0	0	0
AF	0	0.442224	47	33	14	0	0	0	0
AF	0	0.442536	56	38	18	0	0	0	0
AF	0	0.442848	50	28	22	0	0	0	0
AF	0	0.443161	68	40	28	0	0	0	0
AF	0	0.443473	55	41	14	0	0	0	0
AF	0	0.443785	46	33	13	0	0	0	0
AF	0	0.444097	58	35	23	0	0	0	0
AF	0	0.444410	52	35	17	0	0	0	0
AF	0	0.444722	50	38	12	0	0	0	0
AF	0	0.445034	82	54	28	0	0	0	0
AF	0	0.445347	63	41	22	0	0	0	0
AF	0	0.445659	87	61	26	0	0	0	0
AF	0	0.445971	58	40	18	0	0	0	0
AF	0	0.446284	45	28	17	0	0	0	0
AF	0	0.446596	59	46	13	0	0	0	0
AF	0	0.446908	51	30	21	0	0	0	0
AF	0	0.447220	41	32	9	0	0	0	0
AF	0	0.447533	61	40	21	0	0	0	0
AF	0	0.447845	48	29	19	0	0	0	0
AF	0	0.448157	56	46	10	0	0	0	0
AF	0	0.448470	59	47	12	0	0	0	0
AF	0	0.448782	53	38	15	0	0	0	0
AF	0	0.449094	45	28	17	0	0	0	0
AF	0	0.449407	60	35	25	0	0	0	0
AF	0	0.449719	59	41	18	0	0	0	0
AF	0	0.450031	55	31	24	0	0	0	0
AF	0	0.450344	48	27	21	0	0	0	0
AF	0	0.450656	44	27	17	0	0	0	0
AF	0	0.450968	51	36	15	0	0	0	0
AF	0	0.451280	45	30	15	0	0	0	0
AF	0	0.451593	64	42	22	0	0	0	0
AF	0	0.451905	43	33	10	0	0	0	0
AF	0	0.452217	66	47	19	0	0	0	0
AF	0	0.452530	60	45	15	0	0	0	0
AF	0	0.452842	59	39	20	0	0	0	0
AF	0	0.453154	41	30	11	0	0	0	0
AF	0	0.453467	43	32	11	0	0	0	0
AF	0	0.453779	66	41	25	0	0	0	0
AF	0	0.454091	40	28	12	0	0	0	0
AF	0	0.454403	42	30	12	0	0	0	0
AF	0	0.454716	57	35	22	0	0	0	0
AF	0	0.455028	47	33	14	0	0	0	0
AF	0	0.455340	47	33	14	0	0	0	0
AF	0	0.455653	39	28	11	0	0	0	0
AF	0	0.455965	39	28	11	0	0	0	0
AF	0	0.456277	41	33	8	0	0	0	0
AF	0	0.456590	65	50	15	0	0	0	0
AF	0	0.456902	60	39	21	0	0	0	0
AF	0	0.457214	44	31	13	0	0	0	0
AF	0	0.457527	57	42	15	0	0	0	0
AF	0	0.457839	38	23	15	0	0	0	0
AF	0	0.458151	34	23	11	0	0	0	0
AF	0	0.458463	41	25	16	0	0	0	0
AF	0	0.458776	53	34	19	0	0	0	0
AF	0	0.459088	49	37	12	0	0	0	0
AF	0	0.459400	41	28	13	0	0	0	0
AF	0	0.459713	59	40	19	0	0	0	0
AF	0	0.460025	72	53	19	0	0	0	0
AF	0	0.460337	67	48	19	0	0	0	0
AF	0	0.460650	69	50	19	0	0	0	0
AF	0	0.460962	49	34	15	0	0	0	0
AF	0	0.461274	48	33	15	0	0	0	0
AF	0	0.461587	53	36	17	0	0	0	0
AF	0	0.461899	64	43	21	0	0	0	0
AF	0	0.462211	34	17	17	0	0	0	0
AF	0	0.462523	52	34	18	0	0	0	0
AF	0	0.462836	44	24	20	0	0	0	0
AF	0	0.463148	40	31	9	0	0	0	0
AF	0	0.463460	50	29	21	0	0	0	0
AF	0	0.463773	29	14	15	0	0	0	0
AF	0	0.464085	50	30	20	0	0	0	0
AF	0	0.464397	55	31	24	0	0	0	0
AF	0	0.464710	40	24	16	0	0	0	0
AF	0	0.465022	37	27	10	0	0	0	0
AF	0	0.465334	55	46	9	0	0	0	0
AF	0	0.465646	68	55	13	0	0	0	0
AF	0	0.465959	46	24	22	0	0	0	0
AF	0	0.466271	43	29	14	0	0	0	0
AF	0	0.466583	44	27	17	0	0	0	0
AF	0	0.466896	54	34	20	0	0	0	0
AF	0	0.467208	49	35	14	0	0	0	0
AF	0	0.467520	51	29	22	0	0	0	0
AF	0	0.467833	55	36	19	0	0	0	0
AF	0	0.468145	39	25	14	0	0	0	0
AF	0	0.468457	51	37	14	0	0	0	0
AF	0	0.468770	49	32	17	0	0	0	0
AF	0	0.469082	43	30	13	0	0	0	0
AF	0	0.469394	37	21	16	0	0	0	0
AF	0	0.469706	57	42	15	0	0	0	0
AF	0	0.470019	39	31	8	0	0	0	0
AF	0	0.470331	40	30	10	0	0	0	0
AF	0	0.470643	30	20	10	0	0	0	0
AF	0	0.470956	40	23	17	0	0	0	0
AF	0	0.471268	40	27	13	0	0	0	0
AF	0	0.471580	36	22	14	0	0	0	0
AF	0	0.471893	64	42	22	0	0	0	0
AF	0	0.472205	51	33	18	0	0	0	0
AF	0	0.472517	53	32	21	0	0	0	0
AF	0	0.472829	50	31	19	0	0	0	0
AF	0	0.473142	43	26	17	0	0	0	0
AF	0	0.473454	32	24	8	0	0	0	0
AF	0	0.473766	44	34	10	0	0	0	0
AF	0	0.474079	52	35	17	0	0	0	0
AF	0	0.474391	41	31	10	0	0	0	0
AF	0	0.474703	40	27	13	0	0	0	0
AF	0	0.475016	60	43	17	0	0	0	0
AF	0	0.475328	57	36	21	0	0	0	0
AF	0	0.475640	41	26	15	0	0	0	0
AF	0	0.475953	49	32	17	0	0	0	0
AF	0	0.476265	43	26	17	0	0	0	0
AF	0	0.476577	52	29	23	0	0	0	0
AF	0	0.476889	33	23	10	0	0	0	0
AF	0	0.477202	30	19	11	0	0	0	0
AF	0	0.477514	32	24	8	0	0	0	0
AF	0	0.477826	56	38	18	0	0	0	0
AF	0	0.478139	62	43	19	0	0	0	0
AF	0	0.478451	48	27	21	0	0	0	0
AF	0	0.478763	49	28	21	0	0	0	0
AF	0	0.479076	56	42	14	0	0	0	0
AF	0	0.479388	56	43	13	0	0	0	0
AF	0	0.479700	45	31	14	0	0	0	0
AF	0	0.480012	37	23	14	0	0	0	0
AF	0	0.480325	47	36	11	0	0	0	0
AF	0	0.480637	38	24	14	0	0	0	0
AF	0	0.480949	61	43	18	0	0	0	0
AF	0	0.481262	49	26	23	0	0	0	0
AF	0	0.481574	32	22	10	0	0	0	0
AF	0	0.481886	42	34	8	0	0	0	0
AF	0	0.482199	44	30	14	0	0	0	0
AF	0	0.482511	38	26	12	0	0	0	0
AF	0	0.482823	37	26	11	0	0	0	0
AF	0	0.483136	52	30	22	0	0	0	0
AF	0	0.483448	51	30	21	0	0	0	0
AF	0	0.483760	35	17	18	0	0	0	0
AF	0	0.484072	53	35	18	0	0	0	0
AF	0	0.484385	43	26	17	0	0	0	0
AF	0	0.484697	38	24	14	0	0	0	0
AF	0	0.485009	36	27	9	0	0	0	0
AF	0	0.485322	40	20	20	0	0	0	0
AF	0	0.485634	33	23	10	0	0	0	0
AF	0	0.485946	48	32	16	0	0	0	0
AF	0	0.486259	36	26	10	0	0	0	0
AF	0	0.486571	43	30	13	0	0	0	0
AF	0	0.486883	31	23	8	0	0	0	0
AF	0	0.487196	36	19	17	0	0	0	0
AF	0	0.487508	46	28	18	0	0	0	0
AF	0	0.487820	43	28	15	0	0	0	0
AF	0	0.488132	44	35	9	0	0	0	0
AF	0	0.488445	57	37	20	0	0	0	0
AF	0	0.488757	51	38	13	0	0	0	0
AF	0	0.489069	34	19	15	0	0	0	0
AF	0	0.489382	55	40	15	0	0	0	0
AF	0	0.489694	46	36	10	0	0	0	0
AF	0	0.490006	44	24	20	0	0	0	0
AF	0	0.490319	35	28	7	0	0	0	0
AF	0	0.490631	60	36	24	0	0	0	0
AF	0	0.490943	37	27	10	0	0	0	0
AF	0	0.491255	39	27	12	0	0	0	0
AF	0	0.491568	37	26	11	0	0	0	0
AF	0	0.491880	59	44	15	0	0	0	0
AF	0	0.492192	84	53	31	0	0	0	0
AF	0	0.492505	52	39	13	0	0	0	0
AF	0	0.492817	76	51	25	0	0	0	0
AF	0	0.493129	101	72	29	0	0	0	0
AF	0	0.493442	46	29	17	0	0	0	0
AF	0	0.493754	47	29	18	0	0	0	0
AF	0	0.494066	43	28	15	0	0	0	0
AF	0	0.494379	33	20	13	0	0	0	0
AF	0	0.494691	31	22	9	0	0	0	0
AF	0	0.495003	44	32	12	0	0	0	0
AF	0	0.495315	49	35	14	0	0	0	0
AF	0	0.495628	42	26	16	0	0	0	0
AF	0	0.495940	49	31	18	0	0	0	0
AF	0	0.496252	49	35	14	0	0	0	0
AF	0	0.496565	55	42	13	0	0	0	0
AF	0	0.496877	68	55	13	0	0	0	0
AF	0	0.497189	63	44	19	0	0	0	0
AF	0	0.497502	51	35	16	0	0	0	0
AF	0	0.497814	53	34	19	0	0	0	0
AF	0	0.498126	52	33	19	0	0	0	0
AF	0	0.498438	42	29	13	0	0	0	0
AF	0	0.498751	42	29	13	0	0	0	0
AF	0	0.499063	40	28	12	0	0	0	0
AF	0	0.499375	47	24	23	0	0	0	0
AF	0	0.499688	56	28	28	0	0	0	0
AF	0	0.500000	41	30	11	0	0	0	0
AF	0	0.500312	35	26	9	0	0	0	0
AF	0	0.500625	34	23	11	0	0	0	0
AF	0	0.500937	45	31	14	0	0	0	0
AF	0	0.501249	36	25	11	0	0	0	0
AF	0	0.501562	38	26	12	0	0	0	0
AF	0	0.501874	42	29	13	0	0	0	0
AF	0	0.502186	27	15	12	0	0	0	0
AF	0	0.502498	41	35	6	0	0	0	0
AF	0	0.502811	43	37	6	0	0	0	0
AF	0	0.503123	51	39	12	0	0	0	0
AF	0	0.503435	41	32	9	0	0	0	0
AF	0	0.503748	24	13	11	0	0	0	0
AF	0	0.504060	33	24	9	0	0	0	0
AF	0	0.504372	39	28	11	0	0	0	0
AF	0	0.504685	26	16	10	0	0	0	0
AF	0	0.504997	34	23	11	0	0	0	0
AF	0	0.505309	41	29	12	0	0	0	0
AF	0	0.505621	33	25	8	0	0	0	0
AF	0	0.505934	38	24	14	0	0	0	0
AF	0	0.506246	28	18	10	0	0	0	0
AF	0	0.506558	31	24	7	0	0	0	0
AF	0	0.506871	26	19	7	0	0	0	0
AF	0	0.507183	41	28	13	0	0	0	0
AF	0	0.507495	41	24	17	0	0	0	0
AF	0	0.507808	35	22	13	0	0	0	0
AF	0	0.508120	29	24	5	0	0	0	0
AF	0	0.508432	28	22	6	0	0	0	0
AF	0	0.508745	48	32	16	0	0	0	0
AF	0	0.509057	38	31	7	0	0	0	0
AF	0	0.509369	42	31	11	0	0	0	0
AF	0	0.509681	45	28	17	0	0	0	0
AF	0	0.509994	36	29	7	0	0	0	0
AF	0	0.510306	47	27	20	0	0	0	0
AF	0	0.510618	42	32	10	0	0	0	0
AF	0	0.510931	43	31	12	0	0	0	0
AF	0	0.511243	77	51	26	0	0	0	0
AF	0	0.511555	49	36	13	0	0	0	0
AF	0	0.511868	47	35	12	0	0	0	0
AF	0	0.512180	39	26	13	0	0	0	0
AF	0	0.512492	44	32	12	0	0	0	0
AF	0	0.512804	53	40	13	0	0	0	0
AF	0	0.513117	48	34	14	0	0	0	0
AF	0	0.513429	42	30	12	0	0	0	0
AF	0	0.513741	48	35	13	0	0	0	0
AF	0	0.514054	34	25	9	0	0	0	0
AF	0	0.514366	37	28	9	0	0	0	0
AF	0	0.514678	33	24	9	0	0	0	0
AF	0	0.514991	51	35	16	0	0	0	0
AF	0	0.515303	48	26	22	0	0	0	0
AF	0	0.515615	51	28	23	0	0	0	0
AF	0	0.515928	46	34	12	0	0	0	0
AF	0	0.516240	34	27	7	0	0	0	0
AF	0	0.516552	32	24	8	0	0	0	0
AF	0	0.516864	57	40	17	0	0	0	0
AF	0	0.517177	43	29	14	0	0	0	0
AF	0	0.517489	49	34	15	0	0	0	0
AF	0	0.517801	47	35	12	0	0	0	0
AF	0	0.518114	37	25	12	0	0	0	0
AF	0	0.518426	40	24	16	0	0	0	0
AF	0	0.518738	41	31	10	0	0	0	0
AF	0	0.519051	40	24	16	0	0	0	0
AF	0	0.519363	36	25	11	0	0	0	0
AF	0	0.519675	39	20	19	0	0	0	0
AF	0	0.519988	39	25	14	0	0	0	0
AF	0	0.520300	22	10	12	0	0	0	0
AF	0	0.520612	29	17	12	0	0	0	0
AF	0	0.520924	35	26	9	0	0	0	0
AF	0	0.521237	26	16	10	0	0	0	0
AF	0	0.521549	29	26	3	0	0	0	0
AF	0	0.521861	38	21	17	0	0	0	0
AF	0	0.522174	38	27	11	0	0	0	0
AF	0	0.522486	36	19	17	0	0	0	0
AF	0	0.522798	40	24	16	0	0	0	0
AF	0	0.523111	44	28	16	0	0	0	0
AF	0	0.523423	30	20	10	0	0	0	0
AF	0	0.523735	42	25	17	0	0	0	0
AF	0	0.524047	38	22	16	0	0	0	0
AF	0	0.524360	37	23	14	0	0	0	0
AF	0	0.524672	39	23	16	0	0	0	0
AF	0	0.524984	33	20	13	0	0	0	0
AF	0	0.525297	42	27	15	0	0	0	0
AF	0	0.525609	46	35	11	0	0	0	0
AF	0	0.525921	34	23	11	0	0	0	0
AF	0	0.526234	28	24	4	0	0	0	0
AF	0	0.526546	33	20	13	0	0	0	0
AF	0	0.526858	44	27	17	0	0	0	0
AF	0	0.527171	40	34	6	0	0	0	0
AF	0	0.527483	36	24	12	0	0	0	0
AF	0	0.527795	32	26	6	0	0	0	0
AF	0	0.528107	42	24	18	0	0	0	0
AF	0	0.528420	51	36	15	0	0	0	0
AF	0	0.528732	52	35	17	0	0	0	0
AF	0	0.529044	47	33	14	0	0	0	0
AF	0	0.529357	38	27	11	0	0	0	0
AF	0	0.529669	28	14	14	0	0	0	0
AF	0	0.529981	42	28	14	0	0	0	0
AF	0	0.530294	38	27	11	0	0	0	0
AF	0	0.530606	40	30	10	0	0	0	0
AF	0	0.530918	51	36	15	0	0	0	0
AF	0	0.531230	34	24	10	0	0	0	0
AF	0	0.531543	37	27	10	0	0	0	0
AF	0	0.531855	33	15	18	0	0	0	0
AF	0	0.532167	36	23	13	0	0	0	0
AF	0	0.532480	49	38	11	0	0	0	0
AF	0	0.532792	65	41	24	0	0	0	0
AF	0	0.533104	46	31	15	0	0	0	0
AF	0	0.533417	35	24	11	0	0	0	0
AF	0	0.533729	43	25	18	0	0	0	0
AF	0	0.534041	39	29	10	0	0	0	0
AF	0	0.534354	28	23	5	0	0	0	0
AF	0	0.534666	40	26	14	0	0	0	0
AF	0	0.534978	46	36	10	0	0	0	0
AF	0	0.535290	32	23	9	0	0	0	0
AF	0	0.535603	25	13	12	0	0	0	0
AF	0	0.535915	28	19	9	0	0	0	0
AF	0	0.536227	47	31	16	0	0	0	0
AF	0	0.536540	41	24	17	0	0	0	0
AF	0	0.536852	26	15	11	0	0	0	0
AF	0	0.537164	41	27	14	0	0	0	0
AF	0	0.537477	27	20	7	0	0	0	0
AF	0	0.537789	42	28	14	0	0	0	0
AF	0	0.538101	33	25	8	0	0	0	0
AF	0	0.538413	34	28	6	0	0	0	0
AF	0	0.538726	32	21	11	0	0	0	0
AF	0	0.539038	31	21	10	0	0	0	0
AF	0	0.539350	47	30	17	0	0	0	0
AF	0	0.539663	39	26	13	0	0	0	0
AF	0	0.539975	28	18	10	0	0	0	0
AF	0	0.540287	41	24	17	0	0	0	0
AF	0	0.540600	41	29	12	0	0	0	0
AF	0	0.540912	44	30	14	0	0	0	0
AF	0	0.541224	40	30	10	0	0	0	0
AF	0	0.541537	45	30	15	0	0	0	0
AF	0	0.541849	44	36	8	0	0	0	0
AF	0	0.542161	33	24	9	0	0	0	0
AF	0	0.542473	38	20	18	0	0	0	0
AF	0	0.542786	44	33	11	0	0	0	0
AF	0	0.543098	40	27	13	0	0	0	0
AF	0	0.543410	49	33	16	0	0	0	0
AF	0	0.543723	45	33	12	0	0	0	0
AF	0	0.544035	36	24	12	0	0	0	0
AF	0	0.544347	59	39	20	0	0	0	0
AF	0	0.544660	66	43	23	0	0	0	0
AF	0	0.544972	43	28	15	0	0	0	0
AF	0	0.545284	46	33	13	0	0	0	0
AF	0	0.545597	48	33	15	0	0	0	0
AF	0	0.545909	37	28	9	0	0	0	0
AF	0	0.546221	41	24	17	0	0	0	0
AF	0	0.546533	47	30	17	0	0	0	0
AF	0	0.546846	36	24	12	0	0	0	0
AF	0	0.547158	34	25	9	0	0	0	0
AF	0	0.547470	33	20	13	0	0	0	0
AF	0	0.547783	40	31	9	0	0	0	0
AF	0	0.548095	42	33	9	0	0	0	0
AF	0	0.548407	33	24	9	0	0	0	0
AF	0	0.548720	37	26	11	0	0	0	0
AF	0	0.549032	39	24	15	0	0	0	0
AF	0	0.549344	35	20	15	0	0	0	0
AF	0	0.549656	41	28	13	0	0	0	0
AF	0	0.549969	40	20	20	0	0	0	0
AF	0	0.550281	26	17	9	0	0	0	0
AF	0	0.550593	36	29	7	0	0	0	0
AF	0	0.550906	30	23	7	0	0	0	0
AF	0	0.551218	20	16	4	0	0	0	0
AF	0	0.551530	43	29	14	0	0	0	0
AF	0	0.551843	26	20	6	0	0	0	0
AF	0	0.552155	34	25	9	0	0	0	0
AF	0	0.552467	32	13	19	0	0	0	0
AF	0	0.552780	46	29	17	0	0	0	0
AF	0	0.553092	46	32	14	0	0	0	0
AF	0	0.553404	44	26	18	0	0	0	0
AF	0	0.553716	45	28	17	0	0	0	0
AF	0	0.554029	53	31	22	0	0	0	0
AF	0	0.554341	51	35	16	0	0	0	0
AF	0	0.554653	33	25	8	0	0	0	0
AF	0	0.554966	41	25	16	0	0	0	0
AF	0	0.555278	44	27	17	0	0	0	0
AF	0	0.555590	48	36	12	0	0	0	0
AF	0	0.555903	37	29	8	0	0	0	0
AF	0	0.556215	41	25	16	0	0	0	0
AF	0	0.556527	54	36	18	0	0	0	0
AF	0	0.556839	30	20	10	0	0	0	0
AF	0	0.557152	44	36	8	0	0	0	0
AF	0	0.557464	47	33	14	0	0	0	0
AF	0	0.557776	27	17	10	0	0	0	0
AF	0	0.558089	40	29	11	0	0	0	0
AF	0	0.558401	30	18	12	0	0	0	0
AF	0	0.558713	26	17	9	0	0	0	0
AF	0	0.559026	30	25	5	0	0	0	0
AF	0	0.559338	35	26	9	0	0	0	0
AF	0	0.559650	37	21	16	0	0	0	0
AF	0	0.559963	28	20	8	0	0	0	0
AF	0	0.560275	33	21	12	0	0	0	0
AF	0	0.560587	36	25	11	0	0	0	0
AF	0	0.560899	34	21	13	0	0	0	0
AF	0	0.561212	30	21	9	0	0	0	0
AF	0	0.561524	24	13	11	0	0	0	0
AF	0	0.561836	37	29	8	0	0	0	0
AF	0	0.562149	30	21	9	0	0	0	0
AF	0	0.562461	34	20	14	0	0	0	0
AF	0	0.562773	26	15	11	0	0	0	0
AF	0	0.563086	39	26	13	0	0	0	0
AF	0	0.563398	34	22	12	0	0	0	0
AF	0	0.563710	31	23	8	0	0	0	0
AF	0	0.564022	31	28	3	0	0	0	0
AF	0	0.564335	36	18	18	0	0	0	0
AF	0	0.564647	36	20	16	0	0	0	0
AF	0	0.564959	25	18	7	0	0	0	0
AF	0	0.565272	35	23	12	0	0	0	0
AF	0	0.565584	35	15	20	0	0	0	0
AF	0	0.565896	35	26	9	0	0	0	0
AF	0	0.566209	27	15	12	0	0	0	0
AF	0	0.566521	53	39	14	0	0	0	0
AF	0	0.566833	37	23	14	0	0	0	0
AF	0	0.567146	34	25	9	0	0	0	0
AF	0	0.567458	35	23	12	0	0	0	0
AF	0	0.567770	41	24	17	0	0	0	0
AF	0	0.568082	31	18	13	0	0	0	0
AF	0	0.568395	53	41	12	0	0	0	0
AF	0	0.568707	27	16	11	0	0	0	0
AF	0	0.569019	35	24	11	0	0	0	0
AF	0	0.569332	45	25	20	0	0	0	0
AF	0	0.569644	28	20	8	0	0	0	0
AF	0	0.569956	39	30	9	0	0	0	0
AF	0	0.570269	30	18	12	0	0	0	0
AF	0	0.570581	27	17	10	0	0	0	0
AF	0	0.570893	48	30	18	0	0	0	0
AF	0	0.571205	46	30	16	0	0	0	0
AF	0	0.571518	49	31	18	0	0	0	0
AF	0	0.571830	45	32	13	0	0	0	0
AF	0	0.572142	40	29	11	0	0	0	0
AF	0	0.572455	38	31	7	0	0	0	0
AF	0	0.572767	43	31	12	0	0	0	0
AF	0	0.573079	44	30	14	0	0	0	0
AF	0	0.573392	31	19	12	0	0	0	0
AF	0	0.573704	20	12	8	0	0	0	0
AF	0	0.574016	41	29	12	0	0	0	0
AF	0	0.574329	36	20	16	0	0	0	0
AF	0	0.574641	33	22	11	0	0	0	0
AF	0	0.574953	22	15	7	0	0	0	0
AF	0	0.575265	33	19	14	0	0	0	0
AF	0	0.575578	34	24	10	0	0	0	0
AF	0	0.575890	36	27	9	0	0	0	0
AF	0	0.576202	43	31	12	0	0	0	0
AF	0	0.576515	41	29	12	0	0	0	0
AF	0	0.576827	46	30	16	0	0	0	0
AF	0	0.577139	31	22	9	0	0	0	0
AF	0	0.577452	38	23	15	0	0	0	0
AF	0	0.577764	42	32	10	0	0	0	0
AF	0	0.578076	35	28	7	0	0	0	0
AF	0	0.578389	32	23	9	0	0	0	0
AF	0	0.578701	18	11	7	0	0	0	0
AF	0	0.579013	28	18	10	0	0	0	0
AF	0	0.579325	28	17	11	0	0	0	0
AF	0	0.579638	40	31	9	0	0	0	0
AF	0	0.579950	32	23	9	0	0	0	0
AF	0	0.580262	33	23	10	0	0	0	0
AF	0	0.580575	43	31	12	0	0	0	0
AF	0	0.580887	33	19	14	0	0	0	0
AF	0	0.581199	19	13	6	0	0	0	0
AF	0	0.581512	24	15	9	0	0	0	0
AF	0	0.581824	37	24	13	0	0	0	0
AF	0	0.582136	36	26	10	0	0	0	0
AF	0	0.582448	24	14	10	0	0	0	0
AF	0	0.582761	34	19	15	0	0	0	0
AF	0	0.583073	27	18	9	0	0	0	0
AF	0	0.583385	41	31	10	0	0	0	0
AF	0	0.583698	25	19	6	0	0	0	0
AF	0	0.584010	37	25	12	0	0	0	0
AF	0	0.584322	48	32	16	0	0	0	0
AF	0	0.584635	47	30	17	0	0	0	0
AF	0	0.584947	36	25	11	0	0	0	0
AF	0	0.585259	34	21	13	0	0	0	0
AF	0	0.585572	35	28	7	0	0	0	0
AF	0	0.585884	33	21	12	0	0	0	0
AF	0	0.586196	38	27	11	0	0	0	0
AF	0	0.586508	29	19	10	0	0	0	0
AF	0	0.586821	37	23	14	0	0	0	0
AF	0	0.587133	39	21	18	0	0	0	0
AF	0	0.587445	30	21	9	0	0	0	0
AF	0	0.587758	31	20	11	0	0	0	0
AF	0	0.588070	29	17	12	0	0	0	0
AF	0	0.588382	36	23	13	0	0	0	0
AF	0	0.588695	22	16	6	0	0	0	0
AF	0	0.589007	35	18	17	0	0	0	0
AF	0	0.589319	38	24	14	0	0	0	0
AF	0	0.589631	24	18	6	0	0	0	0
AF	0	0.589944	36	25	11	0	0	0	0
AF	0	0.590256	35	23	12	0	0	0	0
AF	0	0.590568	42	24	18	0	0	0	0
AF	0	0.590881	40	27	13	0	0	0	0
AF	0	0.591193	28	17	11	0	0	0	0
AF	0	0.591505	36	27	9	0	0	0	0
AF	0	0.591818	25	12	13	0	0	0	0
AF	0	0.592130	28	20	8	0	0	0	0
AF	0	0.592442	33	26	7	0	0	0	0
AF	0	0.592755	47	27	20	0	0	0	0
AF	0	0.593067	41	32	9	0	0	0	0
AF	0	0.593379	37	23	14	0	0	0	0
AF	0	0.593691	40	34	6	0	0	0	0
AF	0	0.594004	33	22	11	0	0	0	0
AF	0	0.594316	32	19	13	0	0	0	0
AF	0	0.594628	32	23	9	0	0	0	0
AF	0	0.594941	38	25	13	0	0	0	0
AF	0	0.595253	44	26	18	0	0	0	0
AF	0	0.595565	36	21	15	0	0	0	0
AF	0	0.595878	30	18	12	0	0	0	0
AF	0	0.596190	25	15	10	0	0	0	0
AF	0	0.596502	23	19	4	0	0	0	0
AF	0	0.596814	60	41	19	0	0	0	0
AF	0	0.597127	29	24	5	0	0	0	0
AF	0	0.597439	39	30	9	0	0	0	0
AF	0	0.597751	31	19	12	0	0	0	0
AF	0	0.598064	28	23	5	0	0	0	0
AF	0	0.598376	40	25	15	0	0	0	0
AF	0	0.598688	23	15	8	0	0	0	0
AF	0	0.599001	25	19	6	0	0	0	0
AF	0	0.599313	31	20	11	0	0	0	0
AF	0	0.599625	35	18	17	0	0	0	0
AF	0	0.599938	27	15	12	0	0	0	0
AF	0	0.600250	42	37	5	0	0	0	0
AF	0	0.600562	29	14	15	0	0	0	0
AF	0	0.600874	31	22	9	0	0	0	0
AF	0	0.601187	24	16	8	0	0	0	0
AF	0	0.601499	31	20	11	0	0	0	0
AF	0	0.601811	50	33	17	0	0	0	0
AF	0	0.602124	45	32	13	0	0	0	0
AF	0	0.602436	35	22	13	0	0	0	0
AF	0	0.602748	41	31	10	0	0	0	0
AF	0	0.603061	53	33	20	0	0	0	0
AF	0	0.603373	37	23	14	0	0	0	0
AF	0	0.603685	35	20	15	0	0	0	0
AF	0	0.603998	31	21	10	0	0	0	0
AF	0	0.604310	27	19	8	0	0	0	0
AF	0	0.604622	31	22	9	0	0	0	0
AF	0	0.604934	32	23	9	0	0	0	0
AF	0	0.605247	37	22	15	0	0	0	0
AF	0	0.605559	37	21	16	0	0	0	0
AF	0	0.605871	32	23	9	0	0	0	0
AF	0	0.606184	43	30	13	0	0	0	0
AF	0	0.606496	30	17	13	0	0	0	0
AF	0	0.606808	37	23	14	0	0	0	0
AF	0	0.607121	48	31	17	0	0	0	0
AF	0	0.607433	39	21	18	0	0	0	0
AF	0	0.607745	15	9	6	0	0	0	0
AF	0	0.608057	45	28	17	0	0	0	0
AF	0	0.608370	44	29	15	0	0	0	0
AF	0	0.608682	52	32	20	0	0	0	0
AF	0	0.608994	34	21	13	0	0	0	0
AF	0	0.609307	29	18	11	0	0	0	0
AF	0	0.609619	30	24	6	0	0	0	0
AF	0	0.609931	36	20	16	0	0	0	0
AF	0	0.610244	39	23	16	0	0	0	0
AF	0	0.610556	34	22	12	0	0	0	0
AF	0	0.610868	45	35	10	0	0	0	0
AF	0	0.611181	42	28	14	0	0	0	0
AF	0	0.611493	51	30	21	0	0	0	0
AF	0	0.611805	37	27	10	0	0	0	0
AF	0	0.612117	26	19	7	0	0	0	0
AF	0	0.612430	32	21	11	0	0	0	0
AF	0	0.612742	31	22	9	0	0	0	0
AF	0	0.613054	47	26	21	0	0	0	0
AF	0	0.613367	39	25	14	0	0	0	0
AF	0	0.613679	36	22	14	0	0	0	0
AF	0	0.613991	33	23	10	0	0	0	0
AF	0	0.614304	25	14	11	0	0	0	0
AF	0	0.614616	40	24	16	0	0	0	0
AF	0	0.614928	44	30	14	0	0	0	0
AF	0	0.615240	44	27	17	0	0	0	0
AF	0	0.615553	35	27	8	0	0	0	0
AF	0	0.615865	42	24	18	0	0	0	0
AF	0	0.616177	34	20	14	0	0	0	0
AF	0	0.616490	27	16	11	0	0	0	0
AF	0	0.616802	29	11	18	0	0	0	0
AF	0	0.617114	32	22	10	0	0	0	0
AF	0	0.617427	24	18	6	0	0	0	0
AF	0	0.617739	32	19	13	0	0	0	0
AF	0	0.618051	34	19	15	0	0	0	0
AF	0	0.618364	39	25	14	0	0	0	0
AF	0	0.618676	25	20	5	0	0	0	0
AF	0	0.618988	34	25	9	0	0	0	0
AF	0	0.619300	35	21	14	0	0	0	0
AF	0	0.619613	37	26	11	0	0	0	0
AF	0	0.619925	26	16	10	0	0	0	0
AF	0	0.620237	34	25	9	0	0	0	0
AF	0	0.620550	52	34	18	0	0	0	0
AF	0	0.620862	54	40	14	0	0	0	0
AF	0	0.621174	37	26	11	0	0	0	0
AF	0	0.621487	45	32	13	0	0	0	0
AF	0	0.621799	39	25	14	0	0	0	0
AF	0	0.622111	29	18	11	0	0	0	0
AF	0	0.622423	24	16	8	0	0	0	0
AF	0	0.622736	36	21	15	0	0	0	0
AF	0	0.623048	39	27	12	0	0	0	0
AF	0	0.623360	41	25	16	0	0	0	0
AF	0	0.623673	39	30	9	0	0	0	0
AF	0	0.623985	27	17	10	0	0	0	0
AF	0	0.624297	36	21	15	0	0	0	0
AF	0	0.624610	27	18	9	0	0	0	0
AF	0	0.624922	34	21	13	0	0	0	0
AF	0	0.625234	39	25	14	0	0	0	0
AF	0	0.625547	39	29	10	0	0	0	0
AF	0	0.625859	38	24	14	0	0	0	0
AF	0	0.626171	27	17	10	0	0	0	0
AF	0	0.626483	43	31	12	0	0	0	0
AF	0	0.626796	36	26	10	0	0	0	0
AF	0	0.627108	26	15	11	0	0	0	0
AF	0	0.627420	27	18	9	0	0	0	0
AF	0	0.627733	25	16	9	0	0	0	0
AF	0	0.628045	34	25	9	0	0	0	0
AF	0	0.628357	31	23	8	0	0	0	0
AF	0	0.628670	33	21	12	0	0	0	0
AF	0	0.628982	27	18	9	0	0	0	0
AF	0	0.629294	32	26	6	0	0	0	0
AF	0	0.629606	21	6	15	0	0	0	0
AF	0	0.629919	44	29	15	0	0	0	0
AF	0	0.630231	37	26	11	0	0	0	0
AF	0	0.630543	41	29	12	0	0	0	0
AF	0	0.630856	33	27	6	0	0	0	0
AF	0	0.631168	29	20	9	0	0	0	0
AF	0	0.631480	29	20	9	0	0	0	0
AF	0	0.631793	34	24	10	0	0	0	0
AF	0	0.632105	29	23	6	0	0	0	0
AF	0	0.632417	29	19	10	0	0	0	0
AF	0	0.632730	21	13	8	0	0	0	0
AF	0	0.633042	50	34	16	0	0	0	0
AF	0	0.633354	39	30	9	0	0	0	0
AF	0	0.633666	39	27	12	0	0	0	0
AF	0	0.633979	51	29	22	0	0	0	0
AF	0	0.634291	38	25	13	0	0	0	0
AF	0	0.634603	49	30	19	0	0	0	0
AF	0	0.634916	55	36	19	0	0	0	0
AF	0	0.635228	37	25	12	0	0	0	0
AF	0	0.635540	41	27	14	0	0	0	0
AF	0	0.635853	40	34	6	0	0	0	0
AF	0	0.636165	41	25	16	0	0	0	0
AF	0	0.636477	25	15	10	0	0	0	0
AF	0	0.636790	25	13	12	0	0	0	0
AF	0	0.637102	37	24	13	0	0	0	0
AF	0	0.637414	32	24	8	0	0	0	0
AF	0	0.637726	48	33	15	0	0	0	0
AF	0	0.638039	48	35	13	0	0	0	0
AF	0	0.638351	45	30	15	0	0	0	0
AF	0	0.638663	25	14	11	0	0	0	0
AF	0	0.638976	43	28	15	0	0	0	0
AF	0	0.639288	29	22	7	0	0	0	0
AF	0	0.639600	30	22	8	0	0	0	0
AF	0	0.639913	37	25	12	0	0	0	0
AF	0	0.640225	37	22	15	0	0	0	0
AF	0	0.640537	29	15	14	0	0	0	0
AF	0	0.640849	33	25	8	0	0	0	0
AF	0	0.641162	33	25	8	0	0	0	0
AF	0	0.641474	32	21	11	0	0	0	0
AF	0	0.641786	30	16	14	0	0	0	0
AF	0	0.642099	42	26	16	0	0	0	0
AF	0	0.642411	39	33	6	0	0	0	0
AF	0	0.642723	32	22	10	0	0	0	0
AF	0	0.643036	29	18	11	0	0	0	0
AF	0	0.643348	34	20	14	0	0	0	0
AF	0	0.643660	27	15	12	0	0	0	0
AF	0	0.643973	16	14	2	0	0	0	0
AF	0	0.644285	49	38	11	0	0	0	0
AF	0	0.644597	42	23	19	0	0	0	0
AF	0	0.644909	46	30	16	0	0	0	0
AF	0	0.645222	36	24	12	0	0	0	0
AF	0	0.645534	53	39	14	0	0	0	0
AF	0	0.645846	29	19	10	0	0	0	0
AF	0	0.646159	32	25	7	0	0	0	0
AF	0	0.646471	42	31	11	0	0	0	0
AF	0	0.646783	39	26	13	0	0	0	0
AF	0	0.647096	33	24	9	0	0	0	0
AF	0	0.647408	26	13	13	0	0	0	0
AF	0	0.647720	27	15	12	0	0	0	0
AF	0	0.648032	30	20	10	0	0	0	0
AF	0	0.648345	30	24	6	0	0	0	0
AF	0	0.648657	37	24	13	0	0	0	0
AF	0	0.648969	38	26	12	0	0	0	0
AF	0	0.649282	29	20	9	0	0	0	0
AF	0	0.649594	46	26	20	0	0	0	0
AF	0	0.649906	33	25	8	0	0	0	0
AF	0	0.650219	27	14	13	0	0	0	0
AF	0	0.650531	39	28	11	0	0	0	0
AF	0	0.650843	24	14	10	0	0	0	0
AF	0	0.651156	31	16	15	0	0	0	0
AF	0	0.651468	25	17	8	0	0	0	0
AF	0	0.651780	43	23	20	0	0	0	0
AF	0	0.652092	27	12	15	0	0	0	0
AF	0	0.652405	33	24	9	0	0	0	0
AF	0	0.652717	33	23	10	0	0	0	0
AF	0	0.653029	35	19	16	0	0	0	0
AF	0	0.653342	29	18	11	0	0	0	0
AF	0	0.653654	28	22	6	0	0	0	0
AF	0	0.653966	27	22	5	0	0	0	0
AF	0	0.654279	33	24	9	0	0	0	0
AF	0	0.654591	38	28	10	0	0	0	0
AF	0	0.654903	27	18	9	0	0	0	0
AF	0	0.655215	35	21	14	0	0	0	0
AF	0	0.655528	36	27	9	0	0	0	0
AF	0	0.655840	30	21	9	0	0	0	0
AF	0	0.656152	31	20	11	0	0	0	0
AF	0	0.656465	33	22	11	0	0	0	0
AF	0	0.656777	36	26	10	0	0	0	0
AF	0	0.657089	19	13	6	0	0	0	0
AF	0	0.657402	36	24	12	0	0	0	0
AF	0	0.657714	20	16	4	0	0	0	0
AF	0	0.658026	24	19	5	0	0	0	0
AF	0	0.658339	32	19	13	0	0	0	0
AF	0	0.658651	29	19	10	0	0	0	0
AF	0	0.658963	45	34	11	0	0	0	0
AF	0	0.659275	30	23	7	0	0	0	0
AF	0	0.659588	26	14	12	0	0	0	0
AF	0	0.659900	27	17	10	0	0	0	0
AF	0	0.660212	29	23	6	0	0	0	0
AF	0	0.660525	26	11	15	0	0	0	0
AF	0	0.660837	35	27	8	0	0	0	0
AF	0	0.661149	19	16	3	0	0	0	0
AF	0	0.661462	19	12	7	0	0	0	0
AF	0	0.661774	28	18	10	0	0	0	0
AF	0	0.662086	27	16	11	0	0	0	0
AF	0	0.662399	26	13	13	0	0	0	0
AF	0	0.662711	32	26	6	0	0	0	0
AF	0	0.663023	29	22	7	0	0	0	0
AF	0	0.663335	25	17	8	0	0	0	0
AF	0	0.663648	39	26	13	0	0	0	0
AF	0	0.663960	42	25	17	0	0	0	0
AF	0	0.664272	37	28	9	0	0	0	0
AF	0	0.664585	24	20	4	0	0	0	0
AF	0	0.664897	33	28	5	0	0	0	0
AF	0	0.665209	26	16	10	0	0	0	0
AF	0	0.665522	34	23	11	0	0	0	0
AF	0	0.665834	35	23	12	0	0	0	0
AF	0	0.666146	28	17	11	0	0	0	0
AF	0	0.666458	30	20	10	0	0	0	0
AF	0	0.666771	34	22	12	0	0	0	0
AF	0	0.667083	24	14	10	0	0	0	0
AF	0	0.667395	30	15	15	0	0	0	0
AF	0	0.667708	23	14	9	0	0	0	0
AF	0	0.668020	20	16	4	0	0	0	0
AF	0	0.668332	28	17	11	0	0	0	0
AF	0	0.668645	24	15	9	0	0	0	0
AF	0	0.668957	29	17	12	0	0	0	0
AF	0	0.669269	24	15	9	0	0	0	0
AF	0	0.669582	37	27	10	0	0	0	0
AF	0	0.669894	38	22	16	0	0	0	0
AF	0	0.670206	35	22	13	0	0	0	0
AF	0	0.670518	31	22	9	0	0	0	0
AF	0	0.670831	22	12	10	0	0	0	0
AF	0	0.671143	20	16	4	0	0	0	0
AF	0	0.671455	29	19	10	0	0	0	0
AF	0	0.671768	29	16	13	0	0	0	0
AF	0	0.672080	29	24	5	0	0	0	0
AF	0	0.672392	35	22	13	0	0	0	0
AF	0	0.672705	31	21	10	0	0	0	0
AF	0	0.673017	23	16	7	0	0	0	0
AF	0	0.673329	41	27	14	0	0	0	0
AF	0	0.673641	38	24	14	0	0	0	0
AF	0	0.673954	24	19	5	0	0	0	0
AF	0	0.674266	34	23	11	0	0	0	0
AF	0	0.674578	30	22	8	0	0	0	0
AF	0	0.674891	29	18	11	0	0	0	0
AF	0	0.675203	36	20	16	0	0	0	0
AF	0	0.675515	23	18	5	0	0	0	0
AF	0	0.675828	26	16	10	0	0	0	0
AF	0	0.676140	19	9	10	0	0	0	0
AF	0	0.676452	27	16	11	0	0	0	0
AF	0	0.676765	23	15	8	0	0	0	0
AF	0	0.677077	25	16	9	0	0	0	0
AF	0	0.677389	20	12	8	0	0	0	0
AF	0	0.677701	43	28	15	0	0	0	0
AF	0	0.678014	30	25	5	0	0	0	0
AF	0	0.678326	32	26	6	0	0	0	0
AF	0	0.678638	30	16	14	0	0	0	0
AF	0	0.678951	32	19	13	0	0	0	0
AF	0	0.679263	32	22	10	0	0	0	0
AF	0	0.679575	27	20	7	0	0	0	0
AF	0	0.679888	32	22	10	0	0	0	0
AF	0	0.680200	35	31	4	0	0	0	0
AF	0	0.680512	37	29	8	0	0	0	0
AF	0	0.680824	31	26	5	0	0	0	0
AF	0	0.681137	27	16	11	0	0	0	0
AF	0	0.681449	25	15	10	0	0	0	0
AF	0	0.681761	23	18	5	0	0	0	0
AF	0	0.682074	42	27	15	0	0	0	0
AF	0	0.682386	38	24	14	0	0	0	0
AF	0	0.682698	27	16	11	0	0	0	0
AF	0	0.683011	24	15	9	0	0	0	0
AF	0	0.683323	34	25	9	0	0	0	0
AF	0	0.683635	46	34	12	0	0	0	0
AF	0	0.683948	31	23	8	0	0	0	0
AF	0	0.684260	38	23	15	0	0	0	0
AF	0	0.684572	34	18	16	0	0	0	0
AF	0	0.684884	27	16	11	0	0	0	0
AF	0	0.685197	38	26	12	0	0	0	0
AF	0	0.685509	18	14	4	0	0	0	0
AF	0	0.685821	35	28	7	0	0	0	0
AF	0	0.686134	23	16	7	0	0	0	0
AF	0	0.686446	31	20	11	0	0	0	0
AF	0	0.686758	55	37	18	0	0	0	0
AF	0	0.687071	42	35	7	0	0	0	0
AF	0	0.687383	49	29	20	0	0	0	0
AF	0	0.687695	25	13	12	0	0	0	0
AF	0	0.688007	30	23	7	0	0	0	0
AF	0	0.688320	23	15	8	0	0	0	0
AF	0	0.688632	16	14	2	0	0	0	0
AF	0	0.688944	52	34	18	0	0	0	0
AF	0	0.689257	50	25	25	0	0	0	0
AF	0	0.689569	51	44	7	0	0	0	0
AF	0	0.689881	40	24	16	0	0	0	0
AF	0	0.690194	33	25	8	0	0	0	0
AF	0	0.690506	30	16	14	0	0	0	0
AF	0	0.690818	32	24	8	0	0	0	0
AF	0	0.691131	34	24	10	0	0	0	0
AF	0	0.691443	28	23	5	0	0	0	0
AF	0	0.691755	33	23	10	0	0	0	0
AF	0	0.692067	30	19	11	0	0	0	0
AF	0	0.692380	25	20	5	0	0	0	0
AF	0	0.692692	31	19	12	0	0	0	0
AF	0	0.693004	42	32	10	0	0	0	0
AF	0	0.693317	33	26	7	0	0	0	0
AF	0	0.693629	21	14	7	0	0	0	0
AF	0	0.693941	52	32	20	0	0	0	0
AF	0	0.694254	27	19	8	0	0	0	0
AF	0	0.694566	29	19	10	0	0	0	0
AF	0	0.694878	37	28	9	0	0	0	0
AF	0	0.695191	35	17	18	0	0	0	0
AF	0	0.695503	19	12	7	0	0	0	0
AF	0	0.695815	37	25	12	0	0	0	0
AF	0	0.696127	27	19	8	0	0	0	0
AF	0	0.696440	33	22	11	0	0	0	0
AF	0	0.696752	31	16	15	0	0	0	0
AF	0	0.697064	32	19	13	0	0	0	0
AF	0	0.697377	37	23	14	0	0	0	0
AF	0	0.697689	32	26	6	0	0	0	0
AF	0	0.698001	44	23	21	0	0	0	0
AF	0	0.698314	32	21	11	0	0	0	0
AF	0	0.698626	34	29	5	0	0	0	0
AF	0	0.698938	28	21	7	0	0	0	0
AF	0	0.699250	31	19	12	0	0	0	0
AF	0	0.699563	31	23	8	0	0	0	0
AF	0	0.699875	39	27	12	0	0	0	0
AF	0	0.700187	24	12	12	0	0	0	0
AF	0	0.700500	25	21	4	0	0	0	0
AF	0	0.700812	31	24	7	0	0	0	0
AF	0	0.701124	27	16	11	0	0	0	0
AF	0	0.701437	23	16	7	0	0	0	0
AF	0	0.701749	24	15	9	0	0	0	0
AF	0	0.702061	22	15	7	0	0	0	0
AF	0	0.702374	17	12	5	0	0	0	0
AF	0	0.702686	24	17	7	0	0	0	0
AF	0	0.702998	22	16	6	0	0	0	0
AF	0	0.703310	23	14	9	0	0	0	0
AF	0	0.703623	33	19	14	0	0	0	0
AF	0	0.703935	32	21	11	0	0	0	0
AF	0	0.704247	24	17	7	0	0	0	0
AF	0	0.704560	16	11	5	0	0	0	0
AF	0	0.704872	27	17	10	0	0	0	0
AF	0	0.705184	28	19	9	0	0	0	0
AF	0	0.705497	35	28	7	0	0	0	0
AF	0	0.705809	19	12	7	0	0	0	0
AF	0	0.706121	30	17	13	0	0	0	0
AF	0	0.706433	25	15	10	0	0	0	0
AF	0	0.706746	20	18	2	0	0	0	0
AF	0	0.707058	23	17	6	0	0	0	0
AF	0	0.707370	35	24	11	0	0	0	0
AF	0	0.707683	30	23	7	0	0	0	0
AF	0	0.707995	28	17	11	0	0	0	0
AF	0	0.708307	36	21	15	0	0	0	0
AF	0	0.708620	26	21	5	0	0	0	0
AF	0	0.708932	29	19	10	0	0	0	0
AF	0	0.709244	26	18	8	0	0	0	0
AF	0	0.709557	28	21	7	0	0	0	0
AF	0	0.709869	21	12	9	0	0	0	0
AF	0	0.710181	35	26	9	0	0	0	0
AF	0	0.710493	25	17	8	0	0	0	0
AF	0	0.710806	25	15	10	0	0	0	0
AF	0	0.711118	17	9	8	0	0	0	0
AF	0	0.711430	18	10	8	0	0	0	0
AF	0	0.711743	23	15	8	0	0	0	0
AF	0	0.712055	35	24	11	0	0	0	0
AF	0	0.712367	39	27	12	0	0	0	0
AF	0	0.712680	19	10	9	0	0	0	0
AF	0	0.712992	42	26	16	0	0	0	0
AF	0	0.713304	23	16	7	0	0	0	0
AF	0	0.713616	31	22	9	0	0	0	0
AF	0	0.713929	22	18	4	0	0	0	0
AF	0	0.714241	21	16	5	0	0	0	0
AF	0	0.714553	24	18	6	0	0	0	0
AF	0	0.714866	28	20	8	0	0	0	0
AF	0	0.715178	24	15	9	0	0	0	0
AF	0	0.715490	26	21	5	0	0	0	0
AF	0	0.715803	20	12	8	0	0	0	0
AF	0	0.716115	31	20	11	0	0	0	0
AF	0	0.716427	43	33	10	0	0	0	0
AF	0	0.716740	45	30	15	0	0	0	0
AF	0	0.717052	36	25	11	0	0	0	0
AF	0	0.717364	39	28	11	0	0	0	0
AF	0	0.717676	27	18	9	0	0	0	0
AF	0	0.717989	34	25	9	0	0	0	0
AF	0	0.718301	30	23	7	0	0	0	0
AF	0	0.718613	23	15	8	0	0	0	0
AF	0	0.718926	28	12	16	0	0	0	0
AF	0	0.719238	36	20	16	0	0	0	0
AF	0	0.719550	42	33	9	0	0	0	0
AF	0	0.719863	27	18	9	0	0	0	0
AF	0	0.720175	30	21	9	0	0	0	0
AF	0	0.720487	27	22	5	0	0	0	0
AF	0	0.720800	21	12	9	0	0	0	0
AF	0	0.721112	22	16	6	0	0	0	0
AF	0	0.721424	32	26	6	0	0	0	0
AF	0	0.721736	25	19	6	0	0	0	0
AF	0	0.722049	29	22	7	0	0	0	0
AF	0	0.722361	34	24	10	0	0	0	0
AF	0	0.722673	38	26	12	0	0	0	0
AF	0	0.722986	19	14	5	0	0	0	0
AF	0	0.723298	27	24	3	0	0	0	0
AF	0	0.723610	36	28	8	0	0	0	0
AF	0	0.723923	26	18	8	0	0	0	0
AF	0	0.724235	27	19	8	0	0	0	0
AF	0	0.724547	21	19	2	0	0	0	0
AF	0	0.724859	25	20	5	0	0	0	0
AF	0	0.725172	25	16	9	0	0	0	0
AF	0	0.725484	26	18	8	0	0	0	0
AF	0	0.725796	40	27	13	0	0	0	0
AF	0	0.726109	29	20	9	0	0	0	0
AF	0	0.726421	38	24	14	0	0	0	0
AF	0	0.726733	33	25	8	0	0	0	0
AF	0	0.727046	33	19	14	0	0	0	0
AF	0	0.727358	18	14	4	0	0	0	0
AF	0	0.727670	20	12	8	0	0	0	0
AF	0	0.727983	29	22	7	0	0	0	0
AF	0	0.728295	31	16	15	0	0	0	0
AF	0	0.728607	21	13	8	0	0	0	0
AF	0	0.728919	30	16	14	0	0	0	0
AF	0	0.729232	28	15	13	0	0	0	0
AF	0	0.729544	21	15	6	0	0	0	0
AF	0	0.729856	27	19	8	0	0	0	0
AF	0	0.730169	25	19	6	0	0	0	0
AF	0	0.730481	31	19	12	0	0	0	0
AF	0	0.730793	30	23	7	0	0	0	0
AF	0	0.731106	29	19	10	0	0	0	0
AF	0	0.731418	26	17	9	0	0	0	0
AF	0	0.731730	32	18	14	0	0	0	0
AF	0	0.732042	26	21	5	0	0	0	0
AF	0	0.732355	28	20	8	0	0	0	0
AF	0	0.732667	30	24	6	0	0	0	0
AF	0	0.732979	32	22	10	0	0	0	0
AF	0	0.733292	35	18	17	0	0	0	0
AF	0	0.733604	41	31	10	0	0	0	0
AF	0	0.733916	51	36	15	0	0	0	0
AF	0	0.734229	34	26	8	0	0	0	0
AF	0	0.734541	35	14	21	0	0	0	0
AF	0	0.734853	19	9	10	0	0	0	0
AF	0	0.735166	27	19	8	0	0	0	0
AF	0	0.735478	35	23	12	0	0	0	0
AF	0	0.735790	31	18	13	0	0	0	0
AF	0	0.736102	29	24	5	0	0	0	0
AF	0	0.736415	28	17	11	0	0	0	0
AF	0	0.736727	35	27	8	0	0	0	0
AF	0	0.737039	24	13	11	0	0	0	0
AF	0	0.737352	22	15	7	0	0	0	0
AF	0	0.737664	34	19	15	0	0	0	0
AF	0	0.737976	35	23	12	0	0	0	0
AF	0	0.738289	30	19	11	0	0	0	0
AF	0	0.738601	14	12	2	0	0	0	0
AF	0	0.738913	22	14	8	0	0	0	0
AF	0	0.739225	32	22	10	0	0	0	0
AF	0	0.739538	23	17	6	0	0	0	0
AF	0	0.739850	21	13	8	0	0	0	0
AF	0	0.740162	31	21	10	0	0	0	0
AF	0	0.740475	42	27	15	0	0	0	0
AF	0	0.740787	26	17	9	0	0	0	0
AF	0	0.741099	30	22	8	0	0	0	0
AF	0	0.741412	24	16	8	0	0	0	0
AF	0	0.741724	26	18	8	0	0	0	0
AF	0	0.742036	19	16	3	0	0	0	0
AF	0	0.742349	22	14	8	0	0	0	0
AF	0	0.742661	27	16	11	0	0	0	0
AF	0	0.742973	29	21	8	0	0	0	0
AF	0	0.743285	26	17	9	0	0	0	0
AF	0	0.743598	28	18	10	0	0	0	0
AF	0	0.743910	29	22	7	0	0	0	0
AF	0	0.744222	26	21	5	0	0	0	0
AF	0	0.744535	32	20	12	0	0	0	0
AF	0	0.744847	34	24	10	0	0	0	0
AF	0	0.745159	35	25	10	0	0	0	0
AF	0	0.745472	43	33	10	0	0	0	0
AF	0	0.745784	25	17	8	0	0	0	0
AF	0	0.746096	37	23	14	0	0	0	0
AF	0	0.746408	38	21	17	0	0	0	0
AF	0	0.746721	24	20	4	0	0	0	0
AF	0	0.747033	35	25	10	0	0	0	0
AF	0	0.747345	25	17	8	0	0	0	0
AF	0	0.747658	23	15	8	0	0	0	0
AF	0	0.747970	31	21	10	0	0	0	0
AF	0	0.748282	23	15	8	0	0	0	0
AF	0	0.748595	30	21	9	0	0	0	0
AF	0	0.748907	30	19	11	0	0	0	0
AF	0	0.749219	41	30	11	0	0	0	0
AF	0	0.749532	30	23	7	0	0	0	0
AF	0	0.749844	21	17	4	0	0	0	0
AF	0	0.750156	25	16	9	0	0	0	0
AF	0	0.750468	22	16	6	0	0	0	0
AF	0	0.750781	34	21	13	0	0	0	0
AF	0	0.751093	21	14	7	0	0	0	0
AF	0	0.751405	28	23	5	0	0	0	0
AF	0	0.751718	33	25	8	0	0	0	0
AF	0	0.752030	21	17	4	0	0	0	0
AF	0	0.752342	19	13	6	0	0	0	0
AF	0	0.752655	32	22	10	0	0	0	0
AF	0	0.752967	25	16	9	0	0	0	0
AF	0	0.753279	32	23	9	0	0	0	0
AF	0	0.753592	35	24	11	0	0	0	0
AF	0	0.753904	40	29	11	0	0	0	0
AF	0	0.754216	35	27	8	0	0	0	0
AF	0	0.754528	25	10	15	0	0	0	0
AF	0	0.754841	35	24	11	0	0	0	0
AF	0	0.755153	32	22	10	0	0	0	0
AF	0	0.755465	25	14	11	0	0	0	0
AF	0	0.755778	30	20	10	0	0	0	0
AF	0	0.756090	37	30	7	0	0	0	0
AF	0	0.756402	22	15	7	0	0	0	0
AF	0	0.756715	22	18	4	0	0	0	0
AF	0	0.757027	28	20	8	0	0	0	0
AF	0	0.757339	19	16	3	0	0	0	0
AF	0	0.757651	16	11	5	0	0	0	0
AF	0	0.757964	41	26	15	0	0	0	0
AF	0	0.758276	25	17	8	0	0	0	0
AF	0	0.758588	26	15	11	0	0	0	0
AF	0	0.758901	26	17	9	0	0	0	0
AF	0	0.759213	22	13	9	0	0	0	0
AF	0	0.759525	35	22	13	0	0	0	0
AF	0	0.759838	21	18	3	0	0	0	0
AF	0	0.760150	29	19	10	0	0	0	0
AF	0	0.760462	20	11	9	0	0	0	0
AF	0	0.760775	16	10	6	0	0	0	0
AF	0	0.761087	19	13	6	0	0	0	0
AF	0	0.761399	26	18	8	0	0	0	0
AF	0	0.761711	28	13	15	0	0	0	0
AF	0	0.762024	20	10	10	0	0	0	0
AF	0	0.762336	26	15	11	0	0	0	0
AF	0	0.762648	22	14	8	0	0	0	0
AF	0	0.762961	16	11	5	0	0	0	0
AF	0	0.763273	20	15	5	0	0	0	0
AF	0	0.763585	29	19	10	0	0	0	0
AF	0	0.763898	34	24	10	0	0	0	0
AF	0	0.764210	51	34	17	0	0	0	0
AF	0	0.764522	23	19	4	0	0	0	0
AF	0	0.764834	22	15	7	0	0	0	0
AF	0	0.765147	28	19	9	0	0	0	0
AF	0	0.765459	26	21	5	0	0	0	0
AF	0	0.765771	21	12	9	0	0	0	0
AF	0	0.766084	26	17	9	0	0	0	0
AF	0	0.766396	55	35	20	0	0	0	0
AF	0	0.766708	26	20	6	0	0	0	0
AF	0	0.767021	35	26	9	0	0	0	0
AF	0	0.767333	31	21	10	0	0	0	0
AF	0	0.767645	37	27	10	0	0	0	0
AF	0	0.767958	26	13	13	0	0	0	0
AF	0	0.768270	36	24	12	0	0	0	0
AF	0	0.768582	31	21	10	0	0	0	0
AF	0	0.768894	22	15	7	0	0	0	0
AF	0	0.769207	17	11	6	0	0	0	0
AF	0	0.769519	16	12	4	0	0	0	0
AF	0	0.769831	27	18	9	0	0	0	0
AF	0	0.770144	38	29	9	0	0	0	0
AF	0	0.770456	28	22	6	0	0	0	0
AF	0	0.770768	22	17	5	0	0	0	0
AF	0	0.771081	37	26	11	0	0	0	0
AF	0	0.771393	30	20	10	0	0	0	0
AF	0	0.771705	33	25	8	0	0	0	0
AF	0	0.772017	25	18	7	0	0	0	0
AF	0	0.772330	31	25	6	0	0	0	0
AF	0	0.772642	22	20	2	0	0	0	0
AF	0	0.772954	29	23	6	0	0	0	0
AF	0	0.773267	23	12	11	0	0	0	0
AF	0	0.773579	43	29	14	0	0	0	0
AF	0	0.773891	25	17	8	0	0	0	0
AF	0	0.774204	21	12	9	0	0	0	0
AF	0	0.774516	27	16	11	0	0	0	0
AF	0	0.774828	29	18	11	0	0	0	0
AF	0	0.775141	21	13	8	0	0	0	0
AF	0	0.775453	32	13	19	0	0	0	0
AF	0	0.775765	26	21	5	0	0	0	0
AF	0	0.776077	23	18	5	0	0	0	0
AF	0	0.776390	27	20	7	0	0	0	0
AF	0	0.776702	22	16	6	0	0	0	0
AF	0	0.777014	26	19	7	0	0	0	0
AF	0	0.777327	17	11	6	0	0	0	0
AF	0	0.777639	31	22	9	0	0	0	0
AF	0	0.777951	25	18	7	0	0	0	0
AF	0	0.778264	31	21	10	0	0	0	0
AF	0	0.778576	35	17	18	0	0	0	0
AF	0	0.778888	34	26	8	0	0	0	0
AF	0	0.779200	25	20	5	0	0	0	0
AF	0	0.779513	29	16	13	0	0	0	0
AF	0	0.779825	24	16	8	0	0	0	0
AF	0	0.780137	23	18	5	0	0	0	0
AF	0	0.780450	17	13	4	0	0	0	0
AF	0	0.780762	20	12	8	0	0	0	0
AF	0	0.781074	28	20	8	0	0	0	0
AF	0	0.781387	33	23	10	0	0	0	0
AF	0	0.781699	21	16	5	0	0	0	0
AF	0	0.782011	20	14	6	0	0	0	0
AF	0	0.782324	34	23	11	0	0	0	0
AF	0	0.782636	37	26	11	0	0	0	0
AF	0	0.782948	28	22	6	0	0	0	0
AF	0	0.783260	25	14	11	0	0	0	0
AF	0	0.783573	17	9	8	0	0	0	0
AF	0	0.783885	12	8	4	0	0	0	0
AF	0	0.784197	28	26	2	0	0	0	0
AF	0	0.784510	22	13	9	0	0	0	0
AF	0	0.784822	27	18	9	0	0	0	0
AF	0	0.785134	28	19	9	0	0	0	0
AF	0	0.785447	28	20	8	0	0	0	0
AF	0	0.785759	17	13	4	0	0	0	0
AF	0	0.786071	19	14	5	0	0	0	0
AF	0	0.786384	24	16	8	0	0	0	0
AF	0	0.786696	28	23	5	0	0	0	0
AF	0	0.787008	20	17	3	0	0	0	0
AF	0	0.787320	20	13	7	0	0	0	0
AF	0	0.787633	30	24	6	0	0	0	0
AF	0	0.787945	12	9	3	0	0	0	0
AF	0	0.788257	17	11	6	0	0	0	0
AF	0	0.788570	25	16	9	0	0	0	0
AF	0	0.788882	27	19	8	0	0	0	0
AF	0	0.789194	19	8	11	0	0	0	0
AF	0	0.789507	18	11	7	0	0	0	0
AF	0	0.789819	24	17	7	0	0	0	0
AF	0	0.790131	17	14	3	0	0	0	0
AF	0	0.790443	16	8	8	0	0	0	0
AF	0	0.790756	32	24	8	0	0	0	0
AF	0	0.791068	29	21	8	0	0	0	0
AF	0	0.791380	20	17	3	0	0	0	0
AF	0	0.791693	22	17	5	0	0	0	0
AF	0	0.792005	20	13	7	0	0	0	0
AF	0	0.792317	34	23	11	0	0	0	0
AF	0	0.792630	34	21	13	0	0	0	0
AF	0	0.792942	21	17	4	0	0	0	0
AF	0	0.793254	27	18	9	0	0	0	0
AF	0	0.793567	32	17	15	0	0	0	0
AF	0	0.793879	88	58	30	0	0	0	0
AF	0	0.794191	24	16	8	0	0	0	0
AF	0	0.794503	12	6	6	0	0	0	0
AF	0	0.794816	16	10	6	0	0	0	0
AF	0	0.795128	38	25	13	0	0	0	0
AF	0	0.795440	22	15	7	0	0	0	0
AF	0	0.795753	12	10	2	0	0	0	0
AF	0	0.796065	16	10	6	0	0	0	0
AF	0	0.796377	18	13	5	0	0	0	0
AF	0	0.796690	31	22	9	0	0	0	0
AF	0	0.797002	62	37	25	0	0	0	0
AF	0	0.797314	47	36	11	0	0	0	0
AF	0	0.797626	34	25	9	0	0	0	0
AF	0	0.797939	41	28	13	0	0	0	0
AF	0	0.798251	33	16	17	0	0	0	0
AF	0	0.798563	26	20	6	0	0	0	0
AF	0	0.798876	44	30	14	0	0	0	0
AF	0	0.799188	57	34	23	0	0	0	0
AF	0	0.799500	63	46	17	0	0	0	0
AF	0	0.799813	25	19	6	0	0	0	0
AF	0	0.800125	30	26	4	0	0	0	0
AF	0	0.800437	23	19	4	0	0	0	0
AF	0	0.800750	28	16	12	0	0	0	0
AF	0	0.801062	26	16	10	0	0	0	0
AF	0	0.801374	28	18	10	0	0	0	0
AF	0	0.801686	32	21	11	0	0	0	0
AF	0	0.801999	20	11	9	0	0	0	0
AF	0	0.802311	30	16	14	0	0	0	0
AF	0	0.802623	29	17	12	0	0	0	0
AF	0	0.802936	27	21	6	0	0	0	0
AF	0	0.803248	28	14	14	0	0	0	0
AF	0	0.803560	25	17	8	0	0	0	0
AF	0	0.803873	30	22	8	0	0	0	0
AF	0	0.804185	19	15	4	0	0	0	0
AF	0	0.804497	25	16	9	0	0	0	0
AF	0	0.804809	29	19	10	0	0	0	0
AF	0	0.805122	38	25	13	0	0	0	0
AF	0	0.805434	44	38	6	0	0	0	0
AF	0	0.805746	32	22	10	0	0	0	0
AF	0	0.806059	20	12	8	0	0	0	0
AF	0	0.806371	25	18	7	0	0	0	0
AF	0	0.806683	21	10	11	0	0	0	0
AF	0	0.806996	38	25	13	0	0	0	0
AF	0	0.807308	30	25	5	0	0	0	0
AF	0	0.807620	28	21	7	0	0	0	0
AF	0	0.807933	20	12	8	0	0	0	0
AF	0	0.808245	12	8	4	0	0	0	0
AF	0	0.808557	21	14	7	0	0	0	0
AF	0	0.808869	29	17	12	0	0	0	0
AF	0	0.809182	30	20	10	0	0	0	0
AF	0	0.809494	34	27	7	0	0	0	0
AF	0	0.809806	30	23	7	0	0	0	0
AF	0	0.810119	28	21	7	0	0	0	0
AF	0	0.810431	33	27	6	0	0	0	0
AF	0	0.810743	19	11	8	0	0	0	0
AF	0	0.811056	20	13	7	0	0	0	0
AF	0	0.811368	31	18	13	0	0	0	0
AF	0	0.811680	28	19	9	0	0	0	0
AF	0	0.811993	27	21	6	0	0	0	0
AF	0	0.812305	20	12	8	0	0	0	0
AF	0	0.812617	31	24	7	0	0	0	0
AF	0	0.812929	33	26	7	0	0	0	0
AF	0	0.813242	37	30	7	0	0	0	0
AF	0	0.813554	34	25	9	0	0	0	0
AF	0	0.813866	25	11	14	0	0	0	0
AF	0	0.814179	43	30	13	0	0	0	0
AF	0	0.814491	25	18	7	0	0	0	0
AF	0	0.814803	25	16	9	0	0	0	0
AF	0	0.815116	35	20	15	0	0	0	0
AF	0	0.815428	15	12	3	0	0	0	0
AF	0	0.815740	21	9	12	0	0	0	0
AF	0	0.816052	19	14	5	0	0	0	0
AF	0	0.816365	23	18	5	0	0	0	0
AF	0	0.816677	28	20	8	0	0	0	0
AF	0	0.816989	23	16	7	0	0	0	0
AF	0	0.817302	22	15	7	0	0	0	0
AF	0	0.817614	27	21	6	0	0	0	0
AF	0	0.817926	24	18	6	0	0	0	0
AF	0	0.818239	20	16	4	0	0	0	0
AF	0	0.818551	19	12	7	0	0	0	0
AF	0	0.818863	32	19	13	0	0	0	0
AF	0	0.819176	19	12	7	0	0	0	0
AF	0	0.819488	24	18	6	0	0	0	0
AF	0	0.819800	14	8	6	0	0	0	0
AF	0	0.820112	17	14	3	0	0	0	0
AF	0	0.820425	14	10	4	0	0	0	0
AF	0	0.820737	8	7	1	0	0	0	0
AF	0	0.821049	17	9	8	0	0	0	0
AF	0	0.821362	20	15	5	0	0	0	0
AF	0	0.821674	23	15	8	0	0	0	0
AF	0	0.821986	12	5	7	0	0	0	0
AF	0	0.822299	21	18	3	0	0	0	0
AF	0	0.822611	21	13	8	0	0	0	0
AF	0	0.822923	18	10	8	0	0	0	0
AF	0	0.823235	28	23	5	0	0	0	0
AF	0	0.823548	25	12	13	0	0	0	0
AF	0	0.823860	28	21	7	0	0	0	0
AF	0	0.824172	17	6	11	0	0	0	0
AF	0	0.824485	28	19	9	0	0	0	0
AF	0	0.824797	22	12	10	0	0	0	0
AF	0	0.825109	35	27	8	0	0	0	0
AF	0	0.825422	19	17	2	0	0	0	0
AF	0	0.825734	24	13	11	0	0	0	0
AF	0	0.826046	24	17	7	0	0	0	0
AF	0	0.826359	24	15	9	0	0	0	0
AF	0	0.826671	25	16	9	0	0	0	0
AF	0	0.826983	24	14	10	0	0	0	0
AF	0	0.827295	22	16	6	0	0	0	0
AF	0	0.827608	32	24	8	0	0	0	0
AF	0	0.827920	31	20	11	0	0	0	0
AF	0	0.828232	33	23	10	0	0	0	0
AF	0	0.828545	28	21	7	0	0	0	0
AF	0	0.828857	30	17	13	0	0	0	0
AF	0	0.829169	22	16	6	0	0	0	0
AF	0	0.829482	41	29	12	0	0	0	0
AF	0	0.829794	28	21	7	0	0	0	0
AF	0	0.830106	19	13	6	0	0	0	0
AF	0	0.830418	27	16	11	0	0	0	0
AF	0	0.830731	30	24	6	0	0	0	0
AF	0	0.831043	27	15	12	0	0	0	0
AF	0	0.831355	26	14	12	0	0	0	0
AF	0	0.831668	21	14	7	0	0	0	0
AF	0	0.831980	27	16	11	0	0	0	0
AF	0	0.832292	28	22	6	0	0	0	0
AF	0	0.832605	32	20	12	0	0	0	0
AF	0	0.832917	19	14	5	0	0	0	0
AF	0	0.833229	27	20	7	0	0	0	0
AF	0	0.833542	32	25	7	0	0	0	0
AF	0	0.833854	17	9	8	0	0	0	0
AF	0	0.834166	29	17	12	0	0	0	0
AF	0	0.834478	48	38	10	0	0	0	0
AF	0	0.834791	35	25	10	0	0	0	0
AF	0	0.835103	23	14	9	0	0	0	0
AF	0	0.835415	21	14	7	0	0	0	0
AF	0	0.835728	25	16	9	0	0	0	0
AF	0	0.836040	19	14	5	0	0	0	0
AF	0	0.836352	29	20	9	0	0	0	0
AF	0	0.836665	25	16	9	0	0	0	0
AF	0	0.836977	31	24	7	0	0	0	0
AF	0	0.837289	18	14	4	0	0	0	0
AF	0	0.837601	24	17	7	0	0	0	0
AF	0	0.837914	19	12	7	0	0	0	0
AF	0	0.838226	30	27	3	0	0	0	0
AF	0	0.838538	33	22	11	0	0	0	0
AF	0	0.838851	25	18	7	0	0	0	0
AF	0	0.839163	19	15	4	0	0	0	0
AF	0	0.839475	23	14	9	0	0	0	0
AF	0	0.839788	27	20	7	0	0	0	0
AF	0	0.840100	26	20	6	0	0	0	0
AF	0	0.840412	27	19	8	0	0	0	0
AF	0	0.840725	23	17	6	0	0	0	0
AF	0	0.841037	25	18	7	0	0	0	0
AF	0	0.841349	23	17	6	0	0	0	0
AF	0	0.841661	21	15	6	0	0	0	0
AF	0	0.841974	20	13	7	0	0	0	0
AF	0	0.842286	21	20	1	0	0	0	0
AF	0	0.842598	23	14	9	0	0	0	0
AF	0	0.842911	22	13	9	0	0	0	0
AF	0	0.843223	20	10	10	0	0	0	0
AF	0	0.843535	11	7	4	0	0	0	0
AF	0	0.843848	29	24	5	0	0	0	0
AF	0	0.844160	27	16	11	0	0	0	0
AF	0	0.844472	24	15	9	0	0	0	0
AF	0	0.844785	25	15	10	0	0	0	0
AF	0	0.845097	33	25	8	0	0	0	0
AF	0	0.845409	26	17	9	0	0	0	0
AF	0	0.845721	36	27	9	0	0	0	0
AF	0	0.846034	31	22	9	0	0	0	0
AF	0	0.846346	29	19	10	0	0	0	0
AF	0	0.846658	35	23	12	0	0	0	0
AF	0	0.846971	24	17	7	0	0	0	0
AF	0	0.847283	27	24	3	0	0	0	0
AF	0	0.847595	25	19	6	0	0	0	0
AF	0	0.847908	23	9	14	0	0	0	0
AF	0	0.848220	38	22	16	0	0	0	0
AF	0	0.848532	21	15	6	0	0	0	0
AF	0	0.848844	15	11	4	0	0	0	0
AF	0	0.849157	17	11	6	0	0	0	0
AF	0	0.849469	26	16	10	0	0	0	0
AF	0	0.849781	20	14	6	0	0	0	0
AF	0	0.850094	20	13	7	0	0	0	0
AF	0	0.850406	24	13	11	0	0	0	0
AF	0	0.850718	26	18	8	0	0	0	0
AF	0	0.851031	27	17	10	0	0	0	0
AF	0	0.851343	16	12	4	0	0	0	0
AF	0	0.851655	28	23	5	0	0	0	0
AF	0	0.851968	19	9	10	0	0	0	0
AF	0	0.852280	22	16	6	0	0	0	0
AF	0	0.852592	32	22	10	0	0	0	0
AF	0	0.852904	25	16	9	0	0	0	0
AF	0	0.853217	41	25	16	0	0	0	0
AF	0	0.853529	28	18	10	0	0	0	0
AF	0	0.853841	21	16	5	0	0	0	0
AF	0	0.854154	23	15	8	0	0	0	0
AF	0	0.854466	26	17	9	0	0	0	0
AF	0	0.854778	28	20	8	0	0	0	0
AF	0	0.855091	35	22	13	0	0	0	0
AF	0	0.855403	27	19	8	0	0	0	0
AF	0	0.855715	29	18	11	0	0	0	0
AF	0	0.856027	23	16	7	0	0	0	0
AF	0	0.856340	18	14	4	0	0	0	0
AF	0	0.856652	15	13	2	0	0	0	0
AF	0	0.856964	24	16	8	0	0	0	0
AF	0	0.857277	26	20	6	0	0	0	0
AF	0	0.857589	30	14	16	0	0	0	0
AF	0	0.857901	31	20	11	0	0	0	0
AF	0	0.858214	29	20	9	0	0	0	0
AF	0	0.858526	30	22	8	0	0	0	0
AF	0	0.858838	34	20	14	0	0	0	0
AF	0	0.859151	41	23	18	0	0	0	0
AF	0	0.859463	40	27	13	0	0	0	0
AF	0	0.859775	39	22	17	0	0	0	0
AF	0	0.860087	27	20	7	0	0	0	0
AF	0	0.860400	34	19	15	0	0	0	0
AF	0	0.860712	21	19	2	0	0	0	0
AF	0	0.861024	19	16	3	0	0	0	0
AF	0	0.861337	30	22	8	0	0	0	0
AF	0	0.861649	18	12	6	0	0	0	0
AF	0	0.861961	22	12	10	0	0	0	0
AF	0	0.862274	26	17	9	0	0	0	0
AF	0	0.862586	26	14	12	0	0	0	0
AF	0	0.862898	29	17	12	0	0	0	0
AF	0	0.863210	18	12	6	0	0	0	0
AF	0	0.863523	25	18	7	0	0	0	0
AF	0	0.863835	34	22	12	0	0	0	0
AF	0	0.864147	31	17	14	0	0	0	0
AF	0	0.864460	19	15	4	0	0	0	0
AF	0	0.864772	30	21	9	0	0	0	0
AF	0	0.865084	23	18	5	0	0	0	0
AF	0	0.865397	26	13	13	0	0	0	0
AF	0	0.865709	27	18	9	0	0	0	0
AF	0	0.866021	30	25	5	0	0	0	0
AF	0	0.866334	16	10	6	0	0	0	0
AF	0	0.866646	29	19	10	0	0	0	0
AF	0	0.866958	21	13	8	0	0	0	0
AF	0	0.867270	27	19	8	0	0	0	0
AF	0	0.867583	31	23	8	0	0	0	0
AF	0	0.867895	27	20	7	0	0	0	0
AF	0	0.868207	36	25	11	0	0	0	0
AF	0	0.868520	25	16	9	0	0	0	0
AF	0	0.868832	25	19	6	0	0	0	0
AF	0	0.869144	84	59	25	0	0	0	0
AF	0	0.869457	29	16	13	0	0	0	0
AF	0	0.869769	19	14	5	0	0	0	0
AF	0	0.870081	21	13	8	0	0	0	0
AF	0	0.870394	30	19	11	0	0	0	0
AF	0	0.870706	22	15	7	0	0	0	0
AF	0	0.871018	18	12	6	0	0	0	0
AF	0	0.871330	23	18	5	0	0	0	0
AF	0	0.871643	29	18	11	0	0	0	0
AF	0	0.871955	19	15	4	0	0	0	0
AF	0	0.872267	17	11	6	0	0	0	0
AF	0	0.872580	19	15	4	0	0	0	0
AF	0	0.872892	17	10	7	0	0	0	0
AF	0	0.873204	23	17	6	0	0	0	0
AF	0	0.873517	18	12	6	0	0	0	0
AF	0	0.873829	17	8	9	0	0	0	0
AF	0	0.874141	13	9	4	0	0	0	0
AF	0	0.874453	16	11	5	0	0	0	0
AF	0	0.874766	27	19	8	0	0	0	0
AF	0	0.875078	20	14	6	0	0	0	0
AF	0	0.875390	26	21	5	0	0	0	0
AF	0	0.875703	36	30	6	0	0	0	0
AF	0	0.876015	38	22	16	0	0	0	0
AF	0	0.876327	25	21	4	0	0	0	0
AF	0	0.876640	34	22	12	0	0	0	0
AF	0	0.876952	26	20	6	0	0	0	0
AF	0	0.877264	32	24	8	0	0	0	0
AF	0	0.877577	32	23	9	0	0	0	0
AF	0	0.877889	19	12	7	0	0	0	0
AF	0	0.878201	18	12	6	0	0	0	0
AF	0	0.878513	20	16	4	0	0	0	0
AF	0	0.878826	16	12	4	0	0	0	0
AF	0	0.879138	12	9	3	0	0	0	0
AF	0	0.879450	26	15	11	0	0	0	0
AF	0	0.879763	27	18	9	0	0	0	0
AF	0	0.880075	32	25	7	0	0	0	0
AF	0	0.880387	23	16	7	0	0	0	0
AF	0	0.880700	14	9	5	0	0	0	0
AF	0	0.881012	28	17	11	0	0	0	0
AF	0	0.881324	34	22	12	0	0	0	0
AF	0	0.881636	27	16	11	0	0	0	0
AF	0	0.881949	18	15	3	0	0	0	0
AF	0	0.882261	31	19	12	0	0	0	0
AF	0	0.882573	45	26	19	0	0	0	0
AF	0	0.882886	35	20	15	0	0	0	0
AF	0	0.883198	36	24	12	0	0	0	0
AF	0	0.883510	37	28	9	0	0	0	0
AF	0	0.883823	38	29	9	0	0	0	0
AF	0	0.884135	24	13	11	0	0	0	0
AF	0	0.884447	20	13	7	0	0	0	0
AF	0	0.884760	26	16	10	0	0	0	0
AF	0	0.885072	23	13	10	0	0	0	0
AF	0	0.885384	15	11	4	0	0	0	0
AF	0	0.885696	22	13	9	0	0	0	0
AF	0	0.886009	28	21	7	0	0	0	0
AF	0	0.886321	28	15	13	0	0	0	0
AF	0	0.886633	30	14	16	0	0	0	0
AF	0	0.886946	35	23	12	0	0	0	0
AF	0	0.887258	27	17	10	0	0	0	0
AF	0	0.887570	29	19	10	0	0	0	0
AF	0	0.887883	18	11	7	0	0	0	0
AF	0	0.888195	17	9	8	0	0	0	0
AF	0	0.888507	21	17	4	0	0	0	0
AF	0	0.888819	18	13	5	0	0	0	0
AF	0	0.889132	20	11	9	0	0	0	0
AF	0	0.889444	40	27	13	0	0	0	0
AF	0	0.889756	22	18	4	0	0	0	0
AF	0	0.890069	20	16	4	0	0	0	0
AF	0	0.890381	22	15	7	0	0	0	0
AF	0	0.890693	19	9	10	0	0	0	0
AF	0	0.891006	27	18	9	0	0	0	0
AF	0	0.891318	18	12	6	0	0	0	0
AF	0	0.891630	19	8	11	0	0	0	0
AF	0	0.891943	27	13	14	0	0	0	0
AF	0	0.892255	25	13	12	0	0	0	0
AF	0	0.892567	27	17	10	0	0	0	0
AF	0	0.892879	19	11	8	0	0	0	0
AF	0	0.893192	24	12	12	0	0	0	0
AF	0	0.893504	26	19	7	0	0	0	0
AF	0	0.893816	34	22	12	0	0	0	0
AF	0	0.894129	26	13	13	0	0	0	0
AF	0	0.894441	21	10	11	0	0	0	0
AF	0	0.894753	14	9	5	0	0	0	0
AF	0	0.895066	17	10	7	0	0	0	0
AF	0	0.895378	16	14	2	0	0	0	0
AF	0	0.895690	17	12	5	0	0	0	0
AF	0	0.896002	25	17	8	0	0	0	0
AF	0	0.896315	9	6	3	0	0	0	0
AF	0	0.896627	18	12	6	0	0	0	0
AF	0	0.896939	16	10	6	0	0	0	0
AF	0	0.897252	29	16	13	0	0	0	0
AF	0	0.897564	35	19	16	0	0	0	0
AF	0	0.897876	23	16	7	0	0	0	0
AF	0	0.898189	23	15	8	0	0	0	0
AF	0	0.898501	23	16	7	0	0	0	0
AF	0	0.898813	15	11	4	0	0	0	0
AF	0	0.899126	19	14	5	0	0	0	0
AF	0	0.899438	24	15	9	0	0	0	0
AF	0	0.899750	25	20	5	0	0	0	0
AF	0	0.900062	21	14	7	0	0	0	0
AF	0	0.900375	29	17	12	0	0	0	0
AF	0	0.900687	25	20	5	0	0	0	0
AF	0	0.900999	40	28	12	0	0	0	0
AF	0	0.901312	12	6	6	0	0	0	0
AF	0	0.901624	13	6	7	0	0	0	0
AF	0	0.901936	15	10	5	0	0	0	0
AF	0	0.902249	24	19	5	0	0	0	0
AF	0	0.902561	25	20	5	0	0	0	0
AF	0	0.902873	23	16	7	0	0	0	0
AF	0	0.903186	24	13	11	0	0	0	0
AF	0	0.903498	41	27	14	0	0	0	0
AF	0	0.903810	14	11	3	0	0	0	0
AF	0	0.904122	12	7	5	0	0	0	0
AF	0	0.904435	14	8	6	0	0	0	0
AF	0	0.904747	20	14	6	0	0	0	0
AF	0	0.905059	25	15	10	0	0	0	0
AF	0	0.905372	41	25	16	0	0	0	0
AF	0	0.905684	24	19	5	0	0	0	0
AF	0	0.905996	31	27	4	0	0	0	0
AF	0	0.906309	29	20	9	0	0	0	0
AF	0	0.906621	20	13	7	0	0	0	0
AF	0	0.906933	25	16	9	0	0	0	0
AF	0	0.907245	19	12	7	0	0	0	0
AF	0	0.907558	20	13	7	0	0	0	0
AF	0	0.907870	17	15	2	0	0	0	0
AF	0	0.908182	17	12	5	0	0	0	0
AF	0	0.908495	19	11	8	0	0	0	0
AF	0	0.908807	33	23	10	0	0	0	0
AF	0	0.909119	24	15	9	0	0	0	0
AF	0	0.909432	40	25	15	0	0	0	0
AF	0	0.909744	33	24	9	0	0	0	0
AF	0	0.910056	23	19	4	0	0	0	0
AF	0	0.910369	27	20	7	0	0	0	0
AF	0	0.910681	39	24	15	0	0	0	0
AF	0	0.910993	24	16	8	0	0	0	0
AF	0	0.911305	26	18	8	0	0	0	0
AF	0	0.911618	16	10	6	0	0	0	0
AF	0	0.911930	23	13	10	0	0	0	0
AF	0	0.912242	32	18	14	0	0	0	0
AF	0	0.912555	38	19	19	0	0	0	0
AF	0	0.912867	22	16	6	0	0	0	0
AF	0	0.913179	45	34	11	0	0	0	0
AF	0	0.913492	19	9	10	0	0	0	0
AF	0	0.913804	27	20	7	0	0	0	0
AF	0	0.914116	19	8	11	0	0	0	0
AF	0	0.914428	14	8	6	0	0	0	0
AF	0	0.914741	17	14	3	0	0	0	0
AF	0	0.915053	14	10	4	0	0	0	0
AF	0	0.915365	17	13	4	0	0	0	0
AF	0	0.915678	14	10	4	0	0	0	0
AF	0	0.915990	22	20	2	0	0	0	0
AF	0	0.916302	24	15	9	0	0	0	0
AF	0	0.916615	51	40	11	0	0	0	0
AF	0	0.916927	36	26	10	0	0	0	0
AF	0	0.917239	23	12	11	0	0	0	0
AF	0	0.917552	13	5	8	0	0	0	0
AF	0	0.917864	20	16	4	0	0	0	0
AF	0	0.918176	23	13	10	0	0	0	0
AF	0	0.918488	14	9	5	0	0	0	0
AF	0	0.918801	23	17	6	0	0	0	0
AF	0	0.919113	19	14	5	0	0	0	0
AF	0	0.919425	17	8	9	0	0	0	0
AF	0	0.919738	14	9	5	0	0	0	0
AF	0	0.920050	22	15	7	0	0	0	0
AF	0	0.920362	15	10	5	0	0	0	0
AF	0	0.920675	24	14	10	0	0	0	0
AF	0	0.920987	21	15	6	0	0	0	0
AF	0	0.921299	28	19	9	0	0	0	0
AF	0	0.921611	22	13	9	0	0	0	0
AF	0	0.921924	26	20	6	0	0	0	0
AF	0	0.922236	23	16	7	0	0	0	0
AF	0	0.922548	27	19	8	0	0	0	0
AF	0	0.922861	22	17	5	0	0	0	0
AF	0	0.923173	25	17	8	0	0	0	0
AF	0	0.923485	47	29	18	0	0	0	0
AF	0	0.923798	22	15	7	0	0	0	0
AF	0	0.924110	19	11	8	0	0	0	0
AF	0	0.924422	21	17	4	0	0	0	0
AF	0	0.924735	18	12	6	0	0	0	0
AF	0	0.925047	23	15	8	0	0	0	0
AF	0	0.925359	22	16	6	0	0	0	0
AF	0	0.925671	21	15	6	0	0	0	0
AF	0	0.925984	30	19	11	0	0	0	0
AF	0	0.926296	22	14	8	0	0	0	0
AF	0	0.926608	21	15	6	0	0	0	0
AF	0	0.926921	21	15	6	0	0	0	0
AF	0	0.927233	19	10	9	0	0	0	0
AF	0	0.927545	14	9	5	0	0	0	0
AF	0	0.927858	20	12	8	0	0	0	0
AF	0	0.928170	26	18	8	0	0	0	0
AF	0	0.928482	38	28	10	0	0	0	0
AF	0	0.928795	47	33	14	0	0	0	0
AF	0	0.929107	33	27	6	0	0	0	0
AF	0	0.929419	21	15	6	0	0	0	0
AF	0	0.929731	25	19	6	0	0	0	0
AF	0	0.930044	26	17	9	0	0	0	0
AF	0	0.930356	24	19	5	0	0	0	0
AF	0	0.930668	29	18	11	0	0	0	0
AF	0	0.930981	23	15	8	0	0	0	0
AF	0	0.931293	32	24	8	0	0	0	0
AF	0	0.931605	31	22	9	0	0	0	0
AF	0	0.931918	31	21	10	0	0	0	0
AF	0	0.932230	23	15	8	0	0	0	0
AF	0	0.932542	29	23	6	0	0	0	0
AF	0	0.932854	30	19	11	0	0	0	0
AF	0	0.933167	29	22	7	0	0	0	0
AF	0	0.933479	21	14	7	0	0	0	0
AF	0	0.933791	16	10	6	0	0	0	0
AF	0	0.934104	25	16	9	0	0	0	0
AF	0	0.934416	32	23	9	0	0	0	0
AF	0	0.934728	16	10	6	0	0	0	0
AF	0	0.935041	26	18	8	0	0	0	0
AF	0	0.935353	20	13	7	0	0	0	0
AF	0	0.935665	22	11	11	0	0	0	0
AF	0	0.935978	29	18	11	0	0	0	0
AF	0	0.936290	34	24	10	0	0	0	0
AF	0	0.936602	40	28	12	0	0	0	0
AF	0	0.936914	26	17	9	0	0	0	0
AF	0	0.937227	21	15	6	0	0	0	0
AF	0	0.937539	21	11	10	0	0	0	0
AF	0	0.937851	13	11	2	0	0	0	0
AF	0	0.938164	19	12	7	0	0	0	0
AF	0	0.938476	20	13	7	0	0	0	0
AF	0	0.938788	32	18	14	0	0	0	0
AF	0	0.939101	23	16	7	0	0	0	0
AF	0	0.939413	45	28	17	0	0	0	0
AF	0	0.939725	25	16	9	0	0	0	0
AF	0	0.940037	36	29	7	0	0	0	0
AF	0	0.940350	37	23	14	0	0	0	0
AF	0	0.940662	37	26	11	0	0	0	0
AF	0	0.940974	18	11	7	0	0	0	0
AF	0	0.941287	22	15	7	0	0	0	0
AF	0	0.941599	32	24	8	0	0	0	0
AF	0	0.941911	37	20	17	0	0	0	0
AF	0	0.942224	36	23	13	0	0	0	0
AF	0	0.942536	30	20	10	0	0	0	0
AF	0	0.942848	11	4	7	0	0	0	0
AF	0	0.943161	37	23	14	0	0	0	0
AF	0	0.943473	36	25	11	0	0	0	0
AF	0	0.943785	19	13	6	0	0	0	0
AF	0	0.944097	18	14	4	0	0	0	0
AF	0	0.944410	21	17	4	0	0	0	0
AF	0	0.944722	25	18	7	0	0	0	0
AF	0	0.945034	27	18	9	0	0	0	0
AF	0	0.945347	26	19	7	0	0	0	0
AF	0	0.945659	34	24	10	0	0	0	0
AF	0	0.945971	37	24	13	0	0	0	0
AF	0	0.946284	24	20	4	0	0	0	0
AF	0	0.946596	24	15	9	0	0	0	0
AF	0	0.946908	31	23	8	0	0	0	0
AF	0	0.947220	30	24	6	0	0	0	0
AF	0	0.947533	27	18	9	0	0	0	0
AF	0	0.947845	27	17	10	0	0	0	0
AF	0	0.948157	21	15	6	0	0	0	0
AF	0	0.948470	26	17	9	0	0	0	0
AF	0	0.948782	25	18	7	0	0	0	0
AF	0	0.949094	21	17	4	0	0	0	0
AF	0	0.949407	30	20	10	0	0	0	0
AF	0	0.949719	20	15	5	0	0	0	0
AF	0	0.950031	25	17	8	0	0	0	0
AF	0	0.950344	25	19	6	0	0	0	0
AF	0	0.950656	20	15	5	0	0	0	0
AF	0	0.950968	26	17	9	0	0	0	0
AF	0	0.951280	28	20	8	0	0	0	0
AF	0	0.951593	12	9	3	0	0	0	0
AF	0	0.951905	17	15	2	0	0	0	0
AF	0	0.952217	40	23	17	0	0	0	0
AF	0	0.952530	20	12	8	0	0	0	0
AF	0	0.952842	25	18	7	0	0	0	0
AF	0	0.953154	21	14	7	0	0	0	0
AF	0	0.953467	21	12	9	0	0	0	0
AF	0	0.953779	21	13	8	0	0	0	0
AF	0	0.954091	24	20	4	0	0	0	0
AF	0	0.954403	30	24	6	0	0	0	0
AF	0	0.954716	30	23	7	0	0	0	0
AF	0	0.955028	33	23	10	0	0	0	0
AF	0	0.955340	31	24	7	0	0	0	0
AF	0	0.955653	23	18	5	0	0	0	0
AF	0	0.955965	31	21	10	0	0	0	0
AF	0	0.956277	28	16	12	0	0	0	0
AF	0	0.956590	31	28	3	0	0	0	0
AF	0	0.956902	22	13	9	0	0	0	0
AF	0	0.957214	38	30	8	0	0	0	0
AF	0	0.957527	39	27	12	0	0	0	0
AF	0	0.957839	35	20	15	0	0	0	0
AF	0	0.958151	25	18	7	0	0	0	0
AF	0	0.958463	26	11	15	0	0	0	0
AF	0	0.958776	29	21	8	0	0	0	0
AF	0	0.959088	30	21	9	0	0	0	0
AF	0	0.959400	17	14	3	0	0	0	0
AF	0	0.959713	28	18	10	0	0	0	0
AF	0	0.960025	24	12	12	0	0	0	0
AF	0	0.960337	19	13	6	0	0	0	0
AF	0	0.960650	33	25	8	0	0	0	0
AF	0	0.960962	17	14	3	0	0	0	0
AF	0	0.961274	16	13	3	0	0	0	0
AF	0	0.961587	25	19	6	0	0	0	0
AF	0	0.961899	42	28	14	0	0	0	0
AF	0	0.962211	41	28	13	0	0	0	0
AF	0	0.962523	48	39	9	0	0	0	0
AF	0	0.962836	25	19	6	0	0	0	0
AF	0	0.963148	32	21	11	0	0	0	0
AF	0	0.963460	36	23	13	0	0	0	0
AF	0	0.963773	41	32	9	0	0	0	0
AF	0	0.964085	32	23	9	0	0	0	0
AF	0	0.964397	37	23	14	0	0	0	0
AF	0	0.964710	33	20	13	0	0	0	0
AF	0	0.965022	22	15	7	0	0	0	0
AF	0	0.965334	41	29	12	0	0	0	0
AF	0	0.965646	40	25	15	0	0	0	0
AF	0	0.965959	34	23	11	0	0	0	0
AF	0	0.966271	32	23	9	0	0	0	0
AF	0	0.966583	27	18	9	0	0	0	0
AF	0	0.966896	28	20	8	0	0	0	0
AF	0	0.967208	23	14	9	0	0	0	0
AF	0	0.967520	41	28	13	0	0	0	0
AF	0	0.967833	29	22	7	0	0	0	0
AF	0	0.968145	28	21	7	0	0	0	0
AF	0	0.968457	24	17	7	0	0	0	0
AF	0	0.968770	22	11	11	0	0	0	0
AF	0	0.969082	30	18	12	0	0	0	0
AF	0	0.969394	29	14	15	0	0	0	0
AF	0	0.969706	27	19	8	0	0	0	0
AF	0	0.970019	29	20	9	0	0	0	0
AF	0	0.970331	34	23	11	0	0	0	0
AF	0	0.970643	30	21	9	0	0	0	0
AF	0	0.970956	22	14	8	0	0	0	0
AF	0	0.971268	28	20	8	0	0	0	0
AF	0	0.971580	36	21	15	0	0	0	0
AF	0	0.971893	38	26	12	0	0	0	0
AF	0	0.972205	65	46	19	0	0	0	0
AF	0	0.972517	38	29	9	0	0	0	0
AF	0	0.972829	37	26	11	0	0	0	0
AF	0	0.973142	47	32	15	0	0	0	0
AF	0	0.973454	42	27	15	0	0	0	0
AF	0	0.973766	30	23	7	0	0	0	0
AF	0	0.974079	38	28	10	0	0	0	0
AF	0	0.974391	43	30	13	0	0	0	0
AF	0	0.974703	47	32	15	0	0	0	0
AF	0	0.975016	35	23	12	0	0	0	0
AF	0	0.975328	42	29	13	0	0	0	0
AF	0	0.975640	29	16	13	0	0	0	0
AF	0	0.975953	28	18	10	0	0	0	0
AF	0	0.976265	33	26	7	0	0	0	0
AF	0	0.976577	35	20	15	0	0	0	0
AF	0	0.976889	38	24	14	0	0	0	0
AF	0	0.977202	41	26	15	0	0	0	0
AF	0	0.977514	34	25	9	0	0	0	0
AF	0	0.977826	34	24	10	0	0	0	0
AF	0	0.978139	40	32	8	0	0	0	0
AF	0	0.978451	51	35	16	0	0	0	0
AF	0	0.978763	42	24	18	0	0	0	0
AF	0	0.979076	24	18	6	0	0	0	0
AF	0	0.979388	37	16	21	0	0	0	0
AF	0	0.979700	44	28	16	0	0	0	0
AF	0	0.980012	42	24	18	0	0	0	0
AF	0	0.980325	49	39	10	0	0	0	0
AF	0	0.980637	67	46	21	0	0	0	0
AF	0	0.980949	91	60	31	0	0	0	0
AF	0	0.981262	42	26	16	0	0	0	0
AF	0	0.981574	43	34	9	0	0	0	0
AF	0	0.981886	54	36	18	0	0	0	0
AF	0	0.982199	38	30	8	0	0	0	0
AF	0	0.982511	41	26	15	0	0	0	0
AF	0	0.982823	48	35	13	0	0	0	0
AF	0	0.983136	56	41	15	0	0	0	0
AF	0	0.983448	76	48	28	0	0	0	0
AF	0	0.983760	41	29	12	0	0	0	0
AF	0	0.984072	51	31	20	0	0	0	0
AF	0	0.984385	73	50	23	0	0	0	0
AF	0	0.984697	47	34	13	0	0	0	0
AF	0	0.985009	40	31	9	0	0	0	0
AF	0	0.985322	51	35	16	0	0	0	0
AF	0	0.985634	47	33	14	0	0	0	0
AF	0	0.985946	44	30	14	0	0	0	0
AF	0	0.986259	52	35	17	0	0	0	0
AF	0	0.986571	65	45	20	0	0	0	0
AF	0	0.986883	53	40	13	0	0	0	0
AF	0	0.987196	43	29	14	0	0	0	0
AF	0	0.987508	55	33	22	0	0	0	0
AF	0	0.987820	45	33	12	0	0	0	0
AF	0	0.988132	47	37	10	0	0	0	0
AF	0	0.988445	51	35	16	0	0	0	0
AF	0	0.988757	32	21	11	0	0	0	0
AF	0	0.989069	34	23	11	0	0	0	0
AF	0	0.989382	54	37	17	0	0	0	0
AF	0	0.989694	54	42	12	0	0	0	0
AF	0	0.990006	45	25	20	0	0	0	0
AF	0	0.990319	49	24	25	0	0	0	0
AF	0	0.990631	84	58	26	0	0	0	0
AF	0	0.990943	49	32	17	0	0	0	0
AF	0	0.991255	55	36	19	0	0	0	0
AF	0	0.991568	51	40	11	0	0	0	0
AF	0	0.991880	62	43	19	0	0	0	0
AF	0	0.992192	79	56	23	0	0	0	0
AF	0	0.992505	60	44	16	0	0	0	0
AF	0	0.992817	43	27	16	0	0	0	0
AF	0	0.993129	64	46	18	0	0	0	0
AF	0	0.993442	52	38	14	0	0	0	0
AF	0	0.993754	73	54	19	0	0	0	0
AF	0	0.994066	37	22	15	0	0	0	0
AF	0	0.994379	38	24	14	0	0	0	0
AF	0	0.994691	76	56	20	0	0	0	0
AF	0	0.995003	74	48	26	0	0	0	0
AF	0	0.995315	68	48	20	0	0	0	0
AF	0	0.995628	52	27	25	0	0	0	0
AF	0	0.995940	61	36	25	0	0	0	0
AF	0	0.996252	45	26	19	0	0	0	0
AF	0	0.996565	58	39	19	0	0	0	0
AF	0	0.996877	62	36	26	0	0	0	0
AF	0	0.997189	73	46	27	0	0	0	0
AF	0	0.997502	78	49	29	0	0	0	0
AF	0	0.997814	62	40	22	0	0	0	0
AF	0	0.998126	62	46	16	0	0	0	0
AF	0	0.998438	114	76	38	0	0	0	0
AF	0	0.998751	137	89	48	0	0	0	0
AF	0	0.999063	147	95	52	0	0	0	0
AF	0	0.999375	90	64	26	0	0	0	0
# QUAL, Stats by quality
# QUAL	[2]id	[3]Quality	[4]number of SNPs	[5]number of transitions (1st ALT)	[6]number of transversions (1st ALT)	[7]number of indels
QUAL	0	.	1094127	742305	351822	0
# IDD, InDel distribution:
# IDD	[2]id	[3]length (deletions negative)	[4]number of sites	[5]number of genotypes	[6]mean VAF
# ST, Substitution types:
# ST	[2]id	[3]type	[4]count
ST	0	A>C	40032
ST	0	A>G	147817
ST	0	A>T	35624
ST	0	C>A	49896
ST	0	C>G	51648
ST	0	C>T	221638
ST	0	G>A	224312
ST	0	G>C	50810
ST	0	G>T	47876
ST	0	T>A	36649
ST	0	T>C	148538
ST	0	T>G	39287
# DP, depth:
#   - set id, see above
#   - the depth bin, corresponds to the depth (unless --depth was given)
#   - number of genotypes with this depth (zero unless -s/-S was given)
#   - fraction of genotypes with this depth (zero unless -s/-S was given)
#   - number of sites with this depth
#   - fraction of sites with this depth
# DP, Depth distribution
# DP	[2]id	[3]bin	[4]number of genotypes	[5]fraction of genotypes (%)	[6]number of sites	[7]fraction of sites (%)
