# This file was produced by bcftools stats (1.21+htslib-1.21) and can be plotted using plot-vcfstats.
# The command line was:	bcftools stats  /hpc/local/Rocky8/dhl_ec/software/MonopogenLite/resources/1kGP_high_coverage_Illumina.SNVonly_poly.filtered_AF_5e-04.norm.fixvariantid.chr8.vcf.gz
#
# Definition of sets:
# ID	[2]id	[3]tab-separated file names
ID	0	/hpc/local/Rocky8/dhl_ec/software/MonopogenLite/resources/1kGP_high_coverage_Illumina.SNVonly_poly.filtered_AF_5e-04.norm.fixvariantid.chr8.vcf.gz
# SN, Summary numbers:
#   number of records   .. number of data rows in the VCF
#   number of no-ALTs   .. reference-only sites, ALT is either "." or identical to REF
#   number of SNPs      .. number of rows with a SNP
#   number of MNPs      .. number of rows with a MNP, such as CC>TT
#   number of indels    .. number of rows with an indel
#   number of others    .. number of rows with other type, for example a symbolic allele or
#                          a complex substitution, such as ACT>TCGA
#   number of multiallelic sites     .. number of rows with multiple alternate alleles
#   number of multiallelic SNP sites .. number of rows with multiple alternate alleles, all SNPs
# 
#   Note that rows containing multiple types will be counted multiple times, in each
#   counter. For example, a row with a SNP and an indel increments both the SNP and
#   the indel counter.
# 
# SN	[2]id	[3]key	[4]value
SN	0	number of samples:	3202
SN	0	number of records:	2033794
SN	0	number of no-ALTs:	0
SN	0	number of SNPs:	2033794
SN	0	number of MNPs:	0
SN	0	number of indels:	0
SN	0	number of others:	0
SN	0	number of multiallelic sites:	0
SN	0	number of multiallelic SNP sites:	0
# TSTV, transitions/transversions
#   - transitions, see https://en.wikipedia.org/wiki/Transition_(genetics)
#   - transversions, see https://en.wikipedia.org/wiki/Transversion
# TSTV	[2]id	[3]ts	[4]tv	[5]ts/tv	[6]ts (1st ALT)	[7]tv (1st ALT)	[8]ts/tv (1st ALT)
TSTV	0	1349326	684468	1.97	1349326	684468	1.97
# SiS, Singleton stats:
#   - allele count, i.e. the number of singleton genotypes (AC=1)
#   - number of transitions, see above
#   - number of transversions, see above
#   - repeat-consistent, inconsistent and n/a: experimental and useless stats [DEPRECATED]
# SiS	[2]id	[3]allele count	[4]number of SNPs	[5]number of transitions	[6]number of transversions	[7]number of indels	[8]repeat-consistent	[9]repeat-inconsistent	[10]not applicable
SiS	0	1	0	0	0	0	0	0	0
# AF, Stats by non-reference allele frequency:
# AF	[2]id	[3]allele frequency	[4]number of SNPs	[5]number of transitions	[6]number of transversions	[7]number of indels	[8]repeat-consistent	[9]repeat-inconsistent	[10]not applicable
AF	0	0.000312	209938	140849	69089	0	0	0	0
AF	0	0.000625	243089	163029	80060	0	0	0	0
AF	0	0.000937	147708	98705	49003	0	0	0	0
AF	0	0.001249	102624	68322	34302	0	0	0	0
AF	0	0.001562	78791	52497	26294	0	0	0	0
AF	0	0.001874	63512	42063	21449	0	0	0	0
AF	0	0.002186	52961	35208	17753	0	0	0	0
AF	0	0.002498	44792	29669	15123	0	0	0	0
AF	0	0.002811	39377	26011	13366	0	0	0	0
AF	0	0.003123	34400	22647	11753	0	0	0	0
AF	0	0.003435	30580	20393	10187	0	0	0	0
AF	0	0.003748	27442	18141	9301	0	0	0	0
AF	0	0.004060	24507	16304	8203	0	0	0	0
AF	0	0.004372	22600	14866	7734	0	0	0	0
AF	0	0.004685	20623	13696	6927	0	0	0	0
AF	0	0.004997	18543	12336	6207	0	0	0	0
AF	0	0.005309	17206	11496	5710	0	0	0	0
AF	0	0.005621	16108	10749	5359	0	0	0	0
AF	0	0.005934	15188	10115	5073	0	0	0	0
AF	0	0.006246	14503	9624	4879	0	0	0	0
AF	0	0.006558	13244	8656	4588	0	0	0	0
AF	0	0.006871	12516	8274	4242	0	0	0	0
AF	0	0.007183	11904	7847	4057	0	0	0	0
AF	0	0.007495	11176	7396	3780	0	0	0	0
AF	0	0.007808	10324	6885	3439	0	0	0	0
AF	0	0.008120	10533	6960	3573	0	0	0	0
AF	0	0.008432	9802	6506	3296	0	0	0	0
AF	0	0.008745	9032	5987	3045	0	0	0	0
AF	0	0.009057	8632	5705	2927	0	0	0	0
AF	0	0.009369	8165	5412	2753	0	0	0	0
AF	0	0.009681	7782	5128	2654	0	0	0	0
AF	0	0.009994	7234	4768	2466	0	0	0	0
AF	0	0.010306	7407	4851	2556	0	0	0	0
AF	0	0.010618	7005	4564	2441	0	0	0	0
AF	0	0.010931	6506	4293	2213	0	0	0	0
AF	0	0.011243	6470	4270	2200	0	0	0	0
AF	0	0.011555	6581	4298	2283	0	0	0	0
AF	0	0.011868	5832	3847	1985	0	0	0	0
AF	0	0.012180	5606	3608	1998	0	0	0	0
AF	0	0.012492	5436	3562	1874	0	0	0	0
AF	0	0.012804	5353	3517	1836	0	0	0	0
AF	0	0.013117	6036	4034	2002	0	0	0	0
AF	0	0.013429	5125	3340	1785	0	0	0	0
AF	0	0.013741	5079	3380	1699	0	0	0	0
AF	0	0.014054	4798	3183	1615	0	0	0	0
AF	0	0.014366	4829	3164	1665	0	0	0	0
AF	0	0.014678	4483	2945	1538	0	0	0	0
AF	0	0.014991	4420	2878	1542	0	0	0	0
AF	0	0.015303	4281	2851	1430	0	0	0	0
AF	0	0.015615	4487	2991	1496	0	0	0	0
AF	0	0.015928	4194	2830	1364	0	0	0	0
AF	0	0.016240	4023	2697	1326	0	0	0	0
AF	0	0.016552	3589	2353	1236	0	0	0	0
AF	0	0.016864	3760	2479	1281	0	0	0	0
AF	0	0.017177	3636	2382	1254	0	0	0	0
AF	0	0.017489	3630	2390	1240	0	0	0	0
AF	0	0.017801	3527	2362	1165	0	0	0	0
AF	0	0.018114	3508	2305	1203	0	0	0	0
AF	0	0.018426	3257	2112	1145	0	0	0	0
AF	0	0.018738	3404	2235	1169	0	0	0	0
AF	0	0.019051	3182	2083	1099	0	0	0	0
AF	0	0.019363	3221	2114	1107	0	0	0	0
AF	0	0.019675	3032	1985	1047	0	0	0	0
AF	0	0.019988	3240	2074	1166	0	0	0	0
AF	0	0.020300	3003	1959	1044	0	0	0	0
AF	0	0.020612	2805	1844	961	0	0	0	0
AF	0	0.020924	2900	1919	981	0	0	0	0
AF	0	0.021237	2929	1943	986	0	0	0	0
AF	0	0.021549	2992	1962	1030	0	0	0	0
AF	0	0.021861	2576	1692	884	0	0	0	0
AF	0	0.022174	2751	1796	955	0	0	0	0
AF	0	0.022486	2528	1652	876	0	0	0	0
AF	0	0.022798	2593	1741	852	0	0	0	0
AF	0	0.023111	2638	1742	896	0	0	0	0
AF	0	0.023423	2713	1744	969	0	0	0	0
AF	0	0.023735	2512	1689	823	0	0	0	0
AF	0	0.024047	2415	1605	810	0	0	0	0
AF	0	0.024360	2390	1587	803	0	0	0	0
AF	0	0.024672	2502	1636	866	0	0	0	0
AF	0	0.024984	2362	1555	807	0	0	0	0
AF	0	0.025297	2428	1625	803	0	0	0	0
AF	0	0.025609	2112	1414	698	0	0	0	0
AF	0	0.025921	2139	1403	736	0	0	0	0
AF	0	0.026234	2090	1380	710	0	0	0	0
AF	0	0.026546	2055	1371	684	0	0	0	0
AF	0	0.026858	1882	1222	660	0	0	0	0
AF	0	0.027171	2176	1442	734	0	0	0	0
AF	0	0.027483	1898	1277	621	0	0	0	0
AF	0	0.027795	1910	1209	701	0	0	0	0
AF	0	0.028107	1965	1311	654	0	0	0	0
AF	0	0.028420	1879	1236	643	0	0	0	0
AF	0	0.028732	1905	1230	675	0	0	0	0
AF	0	0.029044	1789	1203	586	0	0	0	0
AF	0	0.029357	1820	1185	635	0	0	0	0
AF	0	0.029669	1753	1151	602	0	0	0	0
AF	0	0.029981	1790	1163	627	0	0	0	0
AF	0	0.030294	1721	1168	553	0	0	0	0
AF	0	0.030606	2053	1354	699	0	0	0	0
AF	0	0.030918	1618	1068	550	0	0	0	0
AF	0	0.031230	1632	1081	551	0	0	0	0
AF	0	0.031543	1515	1028	487	0	0	0	0
AF	0	0.031855	1463	951	512	0	0	0	0
AF	0	0.032167	1685	1124	561	0	0	0	0
AF	0	0.032480	1564	1037	527	0	0	0	0
AF	0	0.032792	1414	904	510	0	0	0	0
AF	0	0.033104	1385	920	465	0	0	0	0
AF	0	0.033417	1502	1025	477	0	0	0	0
AF	0	0.033729	1465	972	493	0	0	0	0
AF	0	0.034041	1418	913	505	0	0	0	0
AF	0	0.034354	1346	909	437	0	0	0	0
AF	0	0.034666	1464	1021	443	0	0	0	0
AF	0	0.034978	1371	877	494	0	0	0	0
AF	0	0.035290	1341	885	456	0	0	0	0
AF	0	0.035603	1503	1009	494	0	0	0	0
AF	0	0.035915	1284	838	446	0	0	0	0
AF	0	0.036227	1289	824	465	0	0	0	0
AF	0	0.036540	1225	821	404	0	0	0	0
AF	0	0.036852	1203	820	383	0	0	0	0
AF	0	0.037164	1282	842	440	0	0	0	0
AF	0	0.037477	1166	772	394	0	0	0	0
AF	0	0.037789	1310	866	444	0	0	0	0
AF	0	0.038101	1387	897	490	0	0	0	0
AF	0	0.038413	1176	765	411	0	0	0	0
AF	0	0.038726	1269	810	459	0	0	0	0
AF	0	0.039038	1203	801	402	0	0	0	0
AF	0	0.039350	1104	745	359	0	0	0	0
AF	0	0.039663	1092	698	394	0	0	0	0
AF	0	0.039975	1021	667	354	0	0	0	0
AF	0	0.040287	1011	662	349	0	0	0	0
AF	0	0.040600	1097	703	394	0	0	0	0
AF	0	0.040912	1103	719	384	0	0	0	0
AF	0	0.041224	1044	679	365	0	0	0	0
AF	0	0.041537	1013	660	353	0	0	0	0
AF	0	0.041849	972	622	350	0	0	0	0
AF	0	0.042161	998	649	349	0	0	0	0
AF	0	0.042473	887	600	287	0	0	0	0
AF	0	0.042786	940	605	335	0	0	0	0
AF	0	0.043098	1022	666	356	0	0	0	0
AF	0	0.043410	1042	669	373	0	0	0	0
AF	0	0.043723	1065	689	376	0	0	0	0
AF	0	0.044035	1061	676	385	0	0	0	0
AF	0	0.044347	910	595	315	0	0	0	0
AF	0	0.044660	900	589	311	0	0	0	0
AF	0	0.044972	1056	696	360	0	0	0	0
AF	0	0.045284	924	623	301	0	0	0	0
AF	0	0.045597	804	543	261	0	0	0	0
AF	0	0.045909	949	632	317	0	0	0	0
AF	0	0.046221	883	561	322	0	0	0	0
AF	0	0.046533	964	638	326	0	0	0	0
AF	0	0.046846	937	618	319	0	0	0	0
AF	0	0.047158	885	593	292	0	0	0	0
AF	0	0.047470	982	643	339	0	0	0	0
AF	0	0.047783	923	608	315	0	0	0	0
AF	0	0.048095	884	585	299	0	0	0	0
AF	0	0.048407	830	554	276	0	0	0	0
AF	0	0.048720	717	489	228	0	0	0	0
AF	0	0.049032	946	610	336	0	0	0	0
AF	0	0.049344	868	580	288	0	0	0	0
AF	0	0.049656	706	459	247	0	0	0	0
AF	0	0.049969	809	526	283	0	0	0	0
AF	0	0.050281	787	506	281	0	0	0	0
AF	0	0.050593	772	505	267	0	0	0	0
AF	0	0.050906	716	473	243	0	0	0	0
AF	0	0.051218	736	461	275	0	0	0	0
AF	0	0.051530	867	596	271	0	0	0	0
AF	0	0.051843	744	485	259	0	0	0	0
AF	0	0.052155	735	473	262	0	0	0	0
AF	0	0.052467	893	571	322	0	0	0	0
AF	0	0.052780	699	462	237	0	0	0	0
AF	0	0.053092	741	480	261	0	0	0	0
AF	0	0.053404	721	462	259	0	0	0	0
AF	0	0.053716	674	451	223	0	0	0	0
AF	0	0.054029	760	496	264	0	0	0	0
AF	0	0.054341	703	472	231	0	0	0	0
AF	0	0.054653	635	434	201	0	0	0	0
AF	0	0.054966	786	507	279	0	0	0	0
AF	0	0.055278	703	461	242	0	0	0	0
AF	0	0.055590	631	423	208	0	0	0	0
AF	0	0.055903	726	475	251	0	0	0	0
AF	0	0.056215	709	465	244	0	0	0	0
AF	0	0.056527	753	492	261	0	0	0	0
AF	0	0.056839	678	440	238	0	0	0	0
AF	0	0.057152	751	483	268	0	0	0	0
AF	0	0.057464	683	455	228	0	0	0	0
AF	0	0.057776	738	480	258	0	0	0	0
AF	0	0.058089	622	405	217	0	0	0	0
AF	0	0.058401	798	545	253	0	0	0	0
AF	0	0.058713	680	440	240	0	0	0	0
AF	0	0.059026	630	423	207	0	0	0	0
AF	0	0.059338	663	433	230	0	0	0	0
AF	0	0.059650	643	421	222	0	0	0	0
AF	0	0.059963	630	404	226	0	0	0	0
AF	0	0.060275	657	447	210	0	0	0	0
AF	0	0.060587	663	446	217	0	0	0	0
AF	0	0.060899	623	389	234	0	0	0	0
AF	0	0.061212	722	475	247	0	0	0	0
AF	0	0.061524	636	425	211	0	0	0	0
AF	0	0.061836	739	502	237	0	0	0	0
AF	0	0.062149	601	413	188	0	0	0	0
AF	0	0.062461	601	401	200	0	0	0	0
AF	0	0.062773	676	458	218	0	0	0	0
AF	0	0.063086	637	435	202	0	0	0	0
AF	0	0.063398	561	382	179	0	0	0	0
AF	0	0.063710	582	388	194	0	0	0	0
AF	0	0.064022	614	398	216	0	0	0	0
AF	0	0.064335	626	425	201	0	0	0	0
AF	0	0.064647	561	386	175	0	0	0	0
AF	0	0.064959	597	393	204	0	0	0	0
AF	0	0.065272	587	380	207	0	0	0	0
AF	0	0.065584	542	363	179	0	0	0	0
AF	0	0.065896	559	378	181	0	0	0	0
AF	0	0.066209	578	368	210	0	0	0	0
AF	0	0.066521	521	344	177	0	0	0	0
AF	0	0.066833	552	370	182	0	0	0	0
AF	0	0.067146	629	410	219	0	0	0	0
AF	0	0.067458	545	375	170	0	0	0	0
AF	0	0.067770	490	314	176	0	0	0	0
AF	0	0.068082	584	376	208	0	0	0	0
AF	0	0.068395	565	376	189	0	0	0	0
AF	0	0.068707	480	314	166	0	0	0	0
AF	0	0.069019	552	358	194	0	0	0	0
AF	0	0.069332	634	418	216	0	0	0	0
AF	0	0.069644	484	312	172	0	0	0	0
AF	0	0.069956	535	355	180	0	0	0	0
AF	0	0.070269	564	381	183	0	0	0	0
AF	0	0.070581	567	365	202	0	0	0	0
AF	0	0.070893	609	406	203	0	0	0	0
AF	0	0.071205	603	383	220	0	0	0	0
AF	0	0.071518	602	412	190	0	0	0	0
AF	0	0.071830	544	365	179	0	0	0	0
AF	0	0.072142	503	348	155	0	0	0	0
AF	0	0.072455	507	336	171	0	0	0	0
AF	0	0.072767	533	324	209	0	0	0	0
AF	0	0.073079	678	459	219	0	0	0	0
AF	0	0.073392	453	309	144	0	0	0	0
AF	0	0.073704	515	318	197	0	0	0	0
AF	0	0.074016	462	308	154	0	0	0	0
AF	0	0.074329	479	311	168	0	0	0	0
AF	0	0.074641	464	296	168	0	0	0	0
AF	0	0.074953	430	290	140	0	0	0	0
AF	0	0.075265	419	280	139	0	0	0	0
AF	0	0.075578	457	304	153	0	0	0	0
AF	0	0.075890	443	288	155	0	0	0	0
AF	0	0.076202	511	340	171	0	0	0	0
AF	0	0.076515	443	285	158	0	0	0	0
AF	0	0.076827	527	321	206	0	0	0	0
AF	0	0.077139	492	320	172	0	0	0	0
AF	0	0.077452	428	279	149	0	0	0	0
AF	0	0.077764	398	250	148	0	0	0	0
AF	0	0.078076	418	261	157	0	0	0	0
AF	0	0.078389	428	291	137	0	0	0	0
AF	0	0.078701	450	312	138	0	0	0	0
AF	0	0.079013	508	344	164	0	0	0	0
AF	0	0.079325	464	315	149	0	0	0	0
AF	0	0.079638	478	328	150	0	0	0	0
AF	0	0.079950	462	319	143	0	0	0	0
AF	0	0.080262	413	277	136	0	0	0	0
AF	0	0.080575	427	282	145	0	0	0	0
AF	0	0.080887	425	276	149	0	0	0	0
AF	0	0.081199	413	258	155	0	0	0	0
AF	0	0.081512	475	317	158	0	0	0	0
AF	0	0.081824	550	341	209	0	0	0	0
AF	0	0.082136	452	305	147	0	0	0	0
AF	0	0.082448	507	341	166	0	0	0	0
AF	0	0.082761	418	285	133	0	0	0	0
AF	0	0.083073	463	298	165	0	0	0	0
AF	0	0.083385	459	293	166	0	0	0	0
AF	0	0.083698	490	325	165	0	0	0	0
AF	0	0.084010	426	282	144	0	0	0	0
AF	0	0.084322	392	259	133	0	0	0	0
AF	0	0.084635	393	251	142	0	0	0	0
AF	0	0.084947	447	281	166	0	0	0	0
AF	0	0.085259	434	284	150	0	0	0	0
AF	0	0.085572	415	275	140	0	0	0	0
AF	0	0.085884	438	306	132	0	0	0	0
AF	0	0.086196	434	289	145	0	0	0	0
AF	0	0.086508	421	279	142	0	0	0	0
AF	0	0.086821	414	263	151	0	0	0	0
AF	0	0.087133	534	338	196	0	0	0	0
AF	0	0.087445	422	274	148	0	0	0	0
AF	0	0.087758	407	264	143	0	0	0	0
AF	0	0.088070	559	383	176	0	0	0	0
AF	0	0.088382	454	293	161	0	0	0	0
AF	0	0.088695	443	292	151	0	0	0	0
AF	0	0.089007	585	377	208	0	0	0	0
AF	0	0.089319	431	295	136	0	0	0	0
AF	0	0.089631	428	278	150	0	0	0	0
AF	0	0.089944	400	275	125	0	0	0	0
AF	0	0.090256	440	277	163	0	0	0	0
AF	0	0.090568	373	256	117	0	0	0	0
AF	0	0.090881	462	321	141	0	0	0	0
AF	0	0.091193	466	292	174	0	0	0	0
AF	0	0.091505	422	268	154	0	0	0	0
AF	0	0.091818	398	261	137	0	0	0	0
AF	0	0.092130	465	303	162	0	0	0	0
AF	0	0.092442	399	265	134	0	0	0	0
AF	0	0.092755	353	237	116	0	0	0	0
AF	0	0.093067	404	254	150	0	0	0	0
AF	0	0.093379	390	257	133	0	0	0	0
AF	0	0.093691	368	237	131	0	0	0	0
AF	0	0.094004	335	222	113	0	0	0	0
AF	0	0.094316	364	253	111	0	0	0	0
AF	0	0.094628	392	264	128	0	0	0	0
AF	0	0.094941	366	245	121	0	0	0	0
AF	0	0.095253	346	220	126	0	0	0	0
AF	0	0.095565	364	240	124	0	0	0	0
AF	0	0.095878	425	289	136	0	0	0	0
AF	0	0.096190	423	279	144	0	0	0	0
AF	0	0.096502	339	221	118	0	0	0	0
AF	0	0.096814	354	238	116	0	0	0	0
AF	0	0.097127	338	222	116	0	0	0	0
AF	0	0.097439	431	283	148	0	0	0	0
AF	0	0.097751	401	273	128	0	0	0	0
AF	0	0.098064	411	244	167	0	0	0	0
AF	0	0.098376	383	245	138	0	0	0	0
AF	0	0.098688	346	221	125	0	0	0	0
AF	0	0.099001	338	217	121	0	0	0	0
AF	0	0.099313	360	242	118	0	0	0	0
AF	0	0.099625	405	257	148	0	0	0	0
AF	0	0.099938	436	277	159	0	0	0	0
AF	0	0.100250	401	259	142	0	0	0	0
AF	0	0.100562	471	292	179	0	0	0	0
AF	0	0.100874	369	237	132	0	0	0	0
AF	0	0.101187	291	194	97	0	0	0	0
AF	0	0.101499	382	256	126	0	0	0	0
AF	0	0.101811	415	267	148	0	0	0	0
AF	0	0.102124	364	240	124	0	0	0	0
AF	0	0.102436	359	238	121	0	0	0	0
AF	0	0.102748	355	235	120	0	0	0	0
AF	0	0.103061	439	295	144	0	0	0	0
AF	0	0.103373	350	221	129	0	0	0	0
AF	0	0.103685	390	256	134	0	0	0	0
AF	0	0.103998	395	257	138	0	0	0	0
AF	0	0.104310	334	224	110	0	0	0	0
AF	0	0.104622	372	239	133	0	0	0	0
AF	0	0.104934	346	240	106	0	0	0	0
AF	0	0.105247	329	223	106	0	0	0	0
AF	0	0.105559	312	192	120	0	0	0	0
AF	0	0.105871	298	188	110	0	0	0	0
AF	0	0.106184	333	205	128	0	0	0	0
AF	0	0.106496	363	239	124	0	0	0	0
AF	0	0.106808	379	247	132	0	0	0	0
AF	0	0.107121	393	260	133	0	0	0	0
AF	0	0.107433	403	262	141	0	0	0	0
AF	0	0.107745	365	221	144	0	0	0	0
AF	0	0.108057	384	253	131	0	0	0	0
AF	0	0.108370	415	279	136	0	0	0	0
AF	0	0.108682	358	226	132	0	0	0	0
AF	0	0.108994	366	246	120	0	0	0	0
AF	0	0.109307	351	213	138	0	0	0	0
AF	0	0.109619	299	191	108	0	0	0	0
AF	0	0.109931	331	224	107	0	0	0	0
AF	0	0.110244	332	204	128	0	0	0	0
AF	0	0.110556	327	220	107	0	0	0	0
AF	0	0.110868	346	241	105	0	0	0	0
AF	0	0.111181	334	207	127	0	0	0	0
AF	0	0.111493	403	273	130	0	0	0	0
AF	0	0.111805	369	222	147	0	0	0	0
AF	0	0.112117	385	268	117	0	0	0	0
AF	0	0.112430	277	172	105	0	0	0	0
AF	0	0.112742	334	235	99	0	0	0	0
AF	0	0.113054	323	221	102	0	0	0	0
AF	0	0.113367	337	230	107	0	0	0	0
AF	0	0.113679	325	214	111	0	0	0	0
AF	0	0.113991	323	204	119	0	0	0	0
AF	0	0.114304	286	187	99	0	0	0	0
AF	0	0.114616	370	229	141	0	0	0	0
AF	0	0.114928	345	222	123	0	0	0	0
AF	0	0.115240	298	197	101	0	0	0	0
AF	0	0.115553	320	209	111	0	0	0	0
AF	0	0.115865	301	196	105	0	0	0	0
AF	0	0.116177	320	203	117	0	0	0	0
AF	0	0.116490	317	205	112	0	0	0	0
AF	0	0.116802	331	216	115	0	0	0	0
AF	0	0.117114	294	182	112	0	0	0	0
AF	0	0.117427	303	194	109	0	0	0	0
AF	0	0.117739	338	235	103	0	0	0	0
AF	0	0.118051	309	204	105	0	0	0	0
AF	0	0.118364	277	180	97	0	0	0	0
AF	0	0.118676	290	198	92	0	0	0	0
AF	0	0.118988	267	182	85	0	0	0	0
AF	0	0.119300	268	156	112	0	0	0	0
AF	0	0.119613	319	225	94	0	0	0	0
AF	0	0.119925	341	214	127	0	0	0	0
AF	0	0.120237	283	193	90	0	0	0	0
AF	0	0.120550	349	229	120	0	0	0	0
AF	0	0.120862	325	214	111	0	0	0	0
AF	0	0.121174	322	216	106	0	0	0	0
AF	0	0.121487	354	225	129	0	0	0	0
AF	0	0.121799	344	222	122	0	0	0	0
AF	0	0.122111	361	229	132	0	0	0	0
AF	0	0.122423	348	230	118	0	0	0	0
AF	0	0.122736	282	179	103	0	0	0	0
AF	0	0.123048	356	233	123	0	0	0	0
AF	0	0.123360	290	184	106	0	0	0	0
AF	0	0.123673	323	208	115	0	0	0	0
AF	0	0.123985	299	193	106	0	0	0	0
AF	0	0.124297	356	230	126	0	0	0	0
AF	0	0.124610	294	196	98	0	0	0	0
AF	0	0.124922	407	285	122	0	0	0	0
AF	0	0.125234	257	160	97	0	0	0	0
AF	0	0.125547	333	217	116	0	0	0	0
AF	0	0.125859	305	194	111	0	0	0	0
AF	0	0.126171	341	215	126	0	0	0	0
AF	0	0.126483	324	207	117	0	0	0	0
AF	0	0.126796	252	172	80	0	0	0	0
AF	0	0.127108	332	211	121	0	0	0	0
AF	0	0.127420	302	187	115	0	0	0	0
AF	0	0.127733	340	211	129	0	0	0	0
AF	0	0.128045	300	194	106	0	0	0	0
AF	0	0.128357	314	202	112	0	0	0	0
AF	0	0.128670	344	227	117	0	0	0	0
AF	0	0.128982	303	200	103	0	0	0	0
AF	0	0.129294	312	202	110	0	0	0	0
AF	0	0.129606	270	174	96	0	0	0	0
AF	0	0.129919	304	205	99	0	0	0	0
AF	0	0.130231	286	183	103	0	0	0	0
AF	0	0.130543	279	182	97	0	0	0	0
AF	0	0.130856	284	173	111	0	0	0	0
AF	0	0.131168	335	211	124	0	0	0	0
AF	0	0.131480	488	309	179	0	0	0	0
AF	0	0.131793	229	151	78	0	0	0	0
AF	0	0.132105	339	233	106	0	0	0	0
AF	0	0.132417	301	188	113	0	0	0	0
AF	0	0.132730	281	191	90	0	0	0	0
AF	0	0.133042	361	244	117	0	0	0	0
AF	0	0.133354	279	176	103	0	0	0	0
AF	0	0.133666	300	205	95	0	0	0	0
AF	0	0.133979	283	191	92	0	0	0	0
AF	0	0.134291	316	200	116	0	0	0	0
AF	0	0.134603	304	206	98	0	0	0	0
AF	0	0.134916	296	210	86	0	0	0	0
AF	0	0.135228	298	192	106	0	0	0	0
AF	0	0.135540	262	175	87	0	0	0	0
AF	0	0.135853	310	200	110	0	0	0	0
AF	0	0.136165	257	183	74	0	0	0	0
AF	0	0.136477	305	206	99	0	0	0	0
AF	0	0.136790	278	194	84	0	0	0	0
AF	0	0.137102	299	199	100	0	0	0	0
AF	0	0.137414	259	160	99	0	0	0	0
AF	0	0.137726	273	172	101	0	0	0	0
AF	0	0.138039	344	226	118	0	0	0	0
AF	0	0.138351	283	187	96	0	0	0	0
AF	0	0.138663	324	205	119	0	0	0	0
AF	0	0.138976	437	284	153	0	0	0	0
AF	0	0.139288	341	213	128	0	0	0	0
AF	0	0.139600	292	191	101	0	0	0	0
AF	0	0.139913	262	175	87	0	0	0	0
AF	0	0.140225	261	164	97	0	0	0	0
AF	0	0.140537	415	273	142	0	0	0	0
AF	0	0.140849	294	187	107	0	0	0	0
AF	0	0.141162	258	168	90	0	0	0	0
AF	0	0.141474	259	172	87	0	0	0	0
AF	0	0.141786	307	194	113	0	0	0	0
AF	0	0.142099	402	270	132	0	0	0	0
AF	0	0.142411	349	232	117	0	0	0	0
AF	0	0.142723	262	169	93	0	0	0	0
AF	0	0.143036	270	172	98	0	0	0	0
AF	0	0.143348	259	161	98	0	0	0	0
AF	0	0.143660	212	150	62	0	0	0	0
AF	0	0.143973	435	284	151	0	0	0	0
AF	0	0.144285	378	257	121	0	0	0	0
AF	0	0.144597	251	169	82	0	0	0	0
AF	0	0.144909	229	157	72	0	0	0	0
AF	0	0.145222	308	193	115	0	0	0	0
AF	0	0.145534	301	198	103	0	0	0	0
AF	0	0.145846	218	147	71	0	0	0	0
AF	0	0.146159	229	156	73	0	0	0	0
AF	0	0.146471	260	161	99	0	0	0	0
AF	0	0.146783	266	165	101	0	0	0	0
AF	0	0.147096	256	159	97	0	0	0	0
AF	0	0.147408	225	160	65	0	0	0	0
AF	0	0.147720	251	171	80	0	0	0	0
AF	0	0.148032	257	174	83	0	0	0	0
AF	0	0.148345	290	189	101	0	0	0	0
AF	0	0.148657	286	201	85	0	0	0	0
AF	0	0.148969	332	206	126	0	0	0	0
AF	0	0.149282	298	198	100	0	0	0	0
AF	0	0.149594	236	144	92	0	0	0	0
AF	0	0.149906	249	155	94	0	0	0	0
AF	0	0.150219	252	161	91	0	0	0	0
AF	0	0.150531	244	173	71	0	0	0	0
AF	0	0.150843	246	159	87	0	0	0	0
AF	0	0.151156	248	181	67	0	0	0	0
AF	0	0.151468	281	193	88	0	0	0	0
AF	0	0.151780	285	183	102	0	0	0	0
AF	0	0.152092	319	223	96	0	0	0	0
AF	0	0.152405	259	171	88	0	0	0	0
AF	0	0.152717	257	170	87	0	0	0	0
AF	0	0.153029	299	208	91	0	0	0	0
AF	0	0.153342	214	147	67	0	0	0	0
AF	0	0.153654	272	173	99	0	0	0	0
AF	0	0.153966	270	168	102	0	0	0	0
AF	0	0.154279	248	153	95	0	0	0	0
AF	0	0.154591	253	168	85	0	0	0	0
AF	0	0.154903	217	143	74	0	0	0	0
AF	0	0.155215	241	166	75	0	0	0	0
AF	0	0.155528	247	158	89	0	0	0	0
AF	0	0.155840	230	148	82	0	0	0	0
AF	0	0.156152	309	210	99	0	0	0	0
AF	0	0.156465	245	153	92	0	0	0	0
AF	0	0.156777	249	173	76	0	0	0	0
AF	0	0.157089	250	171	79	0	0	0	0
AF	0	0.157402	243	174	69	0	0	0	0
AF	0	0.157714	264	176	88	0	0	0	0
AF	0	0.158026	216	145	71	0	0	0	0
AF	0	0.158339	290	210	80	0	0	0	0
AF	0	0.158651	325	207	118	0	0	0	0
AF	0	0.158963	246	166	80	0	0	0	0
AF	0	0.159275	218	151	67	0	0	0	0
AF	0	0.159588	220	141	79	0	0	0	0
AF	0	0.159900	177	110	67	0	0	0	0
AF	0	0.160212	201	122	79	0	0	0	0
AF	0	0.160525	256	175	81	0	0	0	0
AF	0	0.160837	344	235	109	0	0	0	0
AF	0	0.161149	275	187	88	0	0	0	0
AF	0	0.161462	244	182	62	0	0	0	0
AF	0	0.161774	241	152	89	0	0	0	0
AF	0	0.162086	226	160	66	0	0	0	0
AF	0	0.162399	219	147	72	0	0	0	0
AF	0	0.162711	205	140	65	0	0	0	0
AF	0	0.163023	197	126	71	0	0	0	0
AF	0	0.163335	190	122	68	0	0	0	0
AF	0	0.163648	241	165	76	0	0	0	0
AF	0	0.163960	221	149	72	0	0	0	0
AF	0	0.164272	240	155	85	0	0	0	0
AF	0	0.164585	196	128	68	0	0	0	0
AF	0	0.164897	226	145	81	0	0	0	0
AF	0	0.165209	235	138	97	0	0	0	0
AF	0	0.165522	232	144	88	0	0	0	0
AF	0	0.165834	227	143	84	0	0	0	0
AF	0	0.166146	213	147	66	0	0	0	0
AF	0	0.166458	232	163	69	0	0	0	0
AF	0	0.166771	253	174	79	0	0	0	0
AF	0	0.167083	242	165	77	0	0	0	0
AF	0	0.167395	200	139	61	0	0	0	0
AF	0	0.167708	236	152	84	0	0	0	0
AF	0	0.168020	223	149	74	0	0	0	0
AF	0	0.168332	278	194	84	0	0	0	0
AF	0	0.168645	261	177	84	0	0	0	0
AF	0	0.168957	248	167	81	0	0	0	0
AF	0	0.169269	272	196	76	0	0	0	0
AF	0	0.169582	206	130	76	0	0	0	0
AF	0	0.169894	205	121	84	0	0	0	0
AF	0	0.170206	191	120	71	0	0	0	0
AF	0	0.170518	312	190	122	0	0	0	0
AF	0	0.170831	232	147	85	0	0	0	0
AF	0	0.171143	191	122	69	0	0	0	0
AF	0	0.171455	242	158	84	0	0	0	0
AF	0	0.171768	247	152	95	0	0	0	0
AF	0	0.172080	218	150	68	0	0	0	0
AF	0	0.172392	246	156	90	0	0	0	0
AF	0	0.172705	215	142	73	0	0	0	0
AF	0	0.173017	256	161	95	0	0	0	0
AF	0	0.173329	208	138	70	0	0	0	0
AF	0	0.173641	238	151	87	0	0	0	0
AF	0	0.173954	293	187	106	0	0	0	0
AF	0	0.174266	214	150	64	0	0	0	0
AF	0	0.174578	234	159	75	0	0	0	0
AF	0	0.174891	227	144	83	0	0	0	0
AF	0	0.175203	213	136	77	0	0	0	0
AF	0	0.175515	237	154	83	0	0	0	0
AF	0	0.175828	230	133	97	0	0	0	0
AF	0	0.176140	265	173	92	0	0	0	0
AF	0	0.176452	269	161	108	0	0	0	0
AF	0	0.176765	256	179	77	0	0	0	0
AF	0	0.177077	274	179	95	0	0	0	0
AF	0	0.177389	200	141	59	0	0	0	0
AF	0	0.177701	176	113	63	0	0	0	0
AF	0	0.178014	210	127	83	0	0	0	0
AF	0	0.178326	215	144	71	0	0	0	0
AF	0	0.178638	245	161	84	0	0	0	0
AF	0	0.178951	203	137	66	0	0	0	0
AF	0	0.179263	234	148	86	0	0	0	0
AF	0	0.179575	196	132	64	0	0	0	0
AF	0	0.179888	296	201	95	0	0	0	0
AF	0	0.180200	209	142	67	0	0	0	0
AF	0	0.180512	204	142	62	0	0	0	0
AF	0	0.180824	215	157	58	0	0	0	0
AF	0	0.181137	228	153	75	0	0	0	0
AF	0	0.181449	206	148	58	0	0	0	0
AF	0	0.181761	224	140	84	0	0	0	0
AF	0	0.182074	194	126	68	0	0	0	0
AF	0	0.182386	214	137	77	0	0	0	0
AF	0	0.182698	186	127	59	0	0	0	0
AF	0	0.183011	224	152	72	0	0	0	0
AF	0	0.183323	204	128	76	0	0	0	0
AF	0	0.183635	193	121	72	0	0	0	0
AF	0	0.183948	180	117	63	0	0	0	0
AF	0	0.184260	187	108	79	0	0	0	0
AF	0	0.184572	200	132	68	0	0	0	0
AF	0	0.184884	204	136	68	0	0	0	0
AF	0	0.185197	211	141	70	0	0	0	0
AF	0	0.185509	183	133	50	0	0	0	0
AF	0	0.185821	167	115	52	0	0	0	0
AF	0	0.186134	224	150	74	0	0	0	0
AF	0	0.186446	183	116	67	0	0	0	0
AF	0	0.186758	189	135	54	0	0	0	0
AF	0	0.187071	216	128	88	0	0	0	0
AF	0	0.187383	200	130	70	0	0	0	0
AF	0	0.187695	221	137	84	0	0	0	0
AF	0	0.188007	206	140	66	0	0	0	0
AF	0	0.188320	216	151	65	0	0	0	0
AF	0	0.188632	174	116	58	0	0	0	0
AF	0	0.188944	214	142	72	0	0	0	0
AF	0	0.189257	196	129	67	0	0	0	0
AF	0	0.189569	196	126	70	0	0	0	0
AF	0	0.189881	201	130	71	0	0	0	0
AF	0	0.190194	213	147	66	0	0	0	0
AF	0	0.190506	255	160	95	0	0	0	0
AF	0	0.190818	168	119	49	0	0	0	0
AF	0	0.191131	225	157	68	0	0	0	0
AF	0	0.191443	208	135	73	0	0	0	0
AF	0	0.191755	224	146	78	0	0	0	0
AF	0	0.192067	172	111	61	0	0	0	0
AF	0	0.192380	155	111	44	0	0	0	0
AF	0	0.192692	176	116	60	0	0	0	0
AF	0	0.193004	189	117	72	0	0	0	0
AF	0	0.193317	192	118	74	0	0	0	0
AF	0	0.193629	209	133	76	0	0	0	0
AF	0	0.193941	297	192	105	0	0	0	0
AF	0	0.194254	226	159	67	0	0	0	0
AF	0	0.194566	213	140	73	0	0	0	0
AF	0	0.194878	240	154	86	0	0	0	0
AF	0	0.195191	217	146	71	0	0	0	0
AF	0	0.195503	183	121	62	0	0	0	0
AF	0	0.195815	181	109	72	0	0	0	0
AF	0	0.196127	182	111	71	0	0	0	0
AF	0	0.196440	205	124	81	0	0	0	0
AF	0	0.196752	217	137	80	0	0	0	0
AF	0	0.197064	270	182	88	0	0	0	0
AF	0	0.197377	184	131	53	0	0	0	0
AF	0	0.197689	204	137	67	0	0	0	0
AF	0	0.198001	184	119	65	0	0	0	0
AF	0	0.198314	157	109	48	0	0	0	0
AF	0	0.198626	207	135	72	0	0	0	0
AF	0	0.198938	244	155	89	0	0	0	0
AF	0	0.199250	218	128	90	0	0	0	0
AF	0	0.199563	199	133	66	0	0	0	0
AF	0	0.199875	216	143	73	0	0	0	0
AF	0	0.200187	196	128	68	0	0	0	0
AF	0	0.200500	203	132	71	0	0	0	0
AF	0	0.200812	164	117	47	0	0	0	0
AF	0	0.201124	216	137	79	0	0	0	0
AF	0	0.201437	149	96	53	0	0	0	0
AF	0	0.201749	216	134	82	0	0	0	0
AF	0	0.202061	233	158	75	0	0	0	0
AF	0	0.202374	264	175	89	0	0	0	0
AF	0	0.202686	255	168	87	0	0	0	0
AF	0	0.202998	228	167	61	0	0	0	0
AF	0	0.203310	173	126	47	0	0	0	0
AF	0	0.203623	206	129	77	0	0	0	0
AF	0	0.203935	202	134	68	0	0	0	0
AF	0	0.204247	177	118	59	0	0	0	0
AF	0	0.204560	159	95	64	0	0	0	0
AF	0	0.204872	210	136	74	0	0	0	0
AF	0	0.205184	230	162	68	0	0	0	0
AF	0	0.205497	250	166	84	0	0	0	0
AF	0	0.205809	224	147	77	0	0	0	0
AF	0	0.206121	221	145	76	0	0	0	0
AF	0	0.206433	265	183	82	0	0	0	0
AF	0	0.206746	210	150	60	0	0	0	0
AF	0	0.207058	178	116	62	0	0	0	0
AF	0	0.207370	223	137	86	0	0	0	0
AF	0	0.207683	220	159	61	0	0	0	0
AF	0	0.207995	217	147	70	0	0	0	0
AF	0	0.208307	200	131	69	0	0	0	0
AF	0	0.208620	191	117	74	0	0	0	0
AF	0	0.208932	210	148	62	0	0	0	0
AF	0	0.209244	205	126	79	0	0	0	0
AF	0	0.209557	212	134	78	0	0	0	0
AF	0	0.209869	193	134	59	0	0	0	0
AF	0	0.210181	201	135	66	0	0	0	0
AF	0	0.210493	233	169	64	0	0	0	0
AF	0	0.210806	222	145	77	0	0	0	0
AF	0	0.211118	225	145	80	0	0	0	0
AF	0	0.211430	159	103	56	0	0	0	0
AF	0	0.211743	204	130	74	0	0	0	0
AF	0	0.212055	192	128	64	0	0	0	0
AF	0	0.212367	209	140	69	0	0	0	0
AF	0	0.212680	235	148	87	0	0	0	0
AF	0	0.212992	242	162	80	0	0	0	0
AF	0	0.213304	255	150	105	0	0	0	0
AF	0	0.213616	204	140	64	0	0	0	0
AF	0	0.213929	179	121	58	0	0	0	0
AF	0	0.214241	210	141	69	0	0	0	0
AF	0	0.214553	202	135	67	0	0	0	0
AF	0	0.214866	164	115	49	0	0	0	0
AF	0	0.215178	167	112	55	0	0	0	0
AF	0	0.215490	142	94	48	0	0	0	0
AF	0	0.215803	170	115	55	0	0	0	0
AF	0	0.216115	174	114	60	0	0	0	0
AF	0	0.216427	185	118	67	0	0	0	0
AF	0	0.216740	209	140	69	0	0	0	0
AF	0	0.217052	160	105	55	0	0	0	0
AF	0	0.217364	172	121	51	0	0	0	0
AF	0	0.217676	257	180	77	0	0	0	0
AF	0	0.217989	174	118	56	0	0	0	0
AF	0	0.218301	165	112	53	0	0	0	0
AF	0	0.218613	159	110	49	0	0	0	0
AF	0	0.218926	226	155	71	0	0	0	0
AF	0	0.219238	170	132	38	0	0	0	0
AF	0	0.219550	199	134	65	0	0	0	0
AF	0	0.219863	204	132	72	0	0	0	0
AF	0	0.220175	188	121	67	0	0	0	0
AF	0	0.220487	206	135	71	0	0	0	0
AF	0	0.220800	185	116	69	0	0	0	0
AF	0	0.221112	171	121	50	0	0	0	0
AF	0	0.221424	183	112	71	0	0	0	0
AF	0	0.221736	160	109	51	0	0	0	0
AF	0	0.222049	186	115	71	0	0	0	0
AF	0	0.222361	183	124	59	0	0	0	0
AF	0	0.222673	178	110	68	0	0	0	0
AF	0	0.222986	169	102	67	0	0	0	0
AF	0	0.223298	172	110	62	0	0	0	0
AF	0	0.223610	185	134	51	0	0	0	0
AF	0	0.223923	184	131	53	0	0	0	0
AF	0	0.224235	186	139	47	0	0	0	0
AF	0	0.224547	165	104	61	0	0	0	0
AF	0	0.224859	192	122	70	0	0	0	0
AF	0	0.225172	166	118	48	0	0	0	0
AF	0	0.225484	165	106	59	0	0	0	0
AF	0	0.225796	186	123	63	0	0	0	0
AF	0	0.226109	188	124	64	0	0	0	0
AF	0	0.226421	177	117	60	0	0	0	0
AF	0	0.226733	155	100	55	0	0	0	0
AF	0	0.227046	161	112	49	0	0	0	0
AF	0	0.227358	162	92	70	0	0	0	0
AF	0	0.227670	156	95	61	0	0	0	0
AF	0	0.227983	155	108	47	0	0	0	0
AF	0	0.228295	152	94	58	0	0	0	0
AF	0	0.228607	198	136	62	0	0	0	0
AF	0	0.228919	215	135	80	0	0	0	0
AF	0	0.229232	273	158	115	0	0	0	0
AF	0	0.229544	172	114	58	0	0	0	0
AF	0	0.229856	145	94	51	0	0	0	0
AF	0	0.230169	159	101	58	0	0	0	0
AF	0	0.230481	176	112	64	0	0	0	0
AF	0	0.230793	169	112	57	0	0	0	0
AF	0	0.231106	209	119	90	0	0	0	0
AF	0	0.231418	169	114	55	0	0	0	0
AF	0	0.231730	172	112	60	0	0	0	0
AF	0	0.232042	207	115	92	0	0	0	0
AF	0	0.232355	204	126	78	0	0	0	0
AF	0	0.232667	208	141	67	0	0	0	0
AF	0	0.232979	192	124	68	0	0	0	0
AF	0	0.233292	190	115	75	0	0	0	0
AF	0	0.233604	198	127	71	0	0	0	0
AF	0	0.233916	194	134	60	0	0	0	0
AF	0	0.234229	182	138	44	0	0	0	0
AF	0	0.234541	181	118	63	0	0	0	0
AF	0	0.234853	155	106	49	0	0	0	0
AF	0	0.235166	174	115	59	0	0	0	0
AF	0	0.235478	195	130	65	0	0	0	0
AF	0	0.235790	179	110	69	0	0	0	0
AF	0	0.236102	189	127	62	0	0	0	0
AF	0	0.236415	197	128	69	0	0	0	0
AF	0	0.236727	176	120	56	0	0	0	0
AF	0	0.237039	151	102	49	0	0	0	0
AF	0	0.237352	181	111	70	0	0	0	0
AF	0	0.237664	177	111	66	0	0	0	0
AF	0	0.237976	162	102	60	0	0	0	0
AF	0	0.238289	144	90	54	0	0	0	0
AF	0	0.238601	152	90	62	0	0	0	0
AF	0	0.238913	174	114	60	0	0	0	0
AF	0	0.239225	161	107	54	0	0	0	0
AF	0	0.239538	183	125	58	0	0	0	0
AF	0	0.239850	205	139	66	0	0	0	0
AF	0	0.240162	143	106	37	0	0	0	0
AF	0	0.240475	153	102	51	0	0	0	0
AF	0	0.240787	169	114	55	0	0	0	0
AF	0	0.241099	175	119	56	0	0	0	0
AF	0	0.241412	145	86	59	0	0	0	0
AF	0	0.241724	185	122	63	0	0	0	0
AF	0	0.242036	208	145	63	0	0	0	0
AF	0	0.242349	147	98	49	0	0	0	0
AF	0	0.242661	155	98	57	0	0	0	0
AF	0	0.242973	206	135	71	0	0	0	0
AF	0	0.243285	140	86	54	0	0	0	0
AF	0	0.243598	193	127	66	0	0	0	0
AF	0	0.243910	156	92	64	0	0	0	0
AF	0	0.244222	165	100	65	0	0	0	0
AF	0	0.244535	161	111	50	0	0	0	0
AF	0	0.244847	168	98	70	0	0	0	0
AF	0	0.245159	165	106	59	0	0	0	0
AF	0	0.245472	166	107	59	0	0	0	0
AF	0	0.245784	175	124	51	0	0	0	0
AF	0	0.246096	128	86	42	0	0	0	0
AF	0	0.246408	169	111	58	0	0	0	0
AF	0	0.246721	180	115	65	0	0	0	0
AF	0	0.247033	181	121	60	0	0	0	0
AF	0	0.247345	163	125	38	0	0	0	0
AF	0	0.247658	133	74	59	0	0	0	0
AF	0	0.247970	134	81	53	0	0	0	0
AF	0	0.248282	136	91	45	0	0	0	0
AF	0	0.248595	155	111	44	0	0	0	0
AF	0	0.248907	128	78	50	0	0	0	0
AF	0	0.249219	154	96	58	0	0	0	0
AF	0	0.249532	173	105	68	0	0	0	0
AF	0	0.249844	148	100	48	0	0	0	0
AF	0	0.250156	160	101	59	0	0	0	0
AF	0	0.250468	169	105	64	0	0	0	0
AF	0	0.250781	171	118	53	0	0	0	0
AF	0	0.251093	165	115	50	0	0	0	0
AF	0	0.251405	141	93	48	0	0	0	0
AF	0	0.251718	136	98	38	0	0	0	0
AF	0	0.252030	199	130	69	0	0	0	0
AF	0	0.252342	171	115	56	0	0	0	0
AF	0	0.252655	165	108	57	0	0	0	0
AF	0	0.252967	177	108	69	0	0	0	0
AF	0	0.253279	143	93	50	0	0	0	0
AF	0	0.253592	155	111	44	0	0	0	0
AF	0	0.253904	171	113	58	0	0	0	0
AF	0	0.254216	153	103	50	0	0	0	0
AF	0	0.254528	194	119	75	0	0	0	0
AF	0	0.254841	127	77	50	0	0	0	0
AF	0	0.255153	121	82	39	0	0	0	0
AF	0	0.255465	131	89	42	0	0	0	0
AF	0	0.255778	174	108	66	0	0	0	0
AF	0	0.256090	164	104	60	0	0	0	0
AF	0	0.256402	167	118	49	0	0	0	0
AF	0	0.256715	151	105	46	0	0	0	0
AF	0	0.257027	190	129	61	0	0	0	0
AF	0	0.257339	218	145	73	0	0	0	0
AF	0	0.257651	173	118	55	0	0	0	0
AF	0	0.257964	162	110	52	0	0	0	0
AF	0	0.258276	149	95	54	0	0	0	0
AF	0	0.258588	131	85	46	0	0	0	0
AF	0	0.258901	150	104	46	0	0	0	0
AF	0	0.259213	197	121	76	0	0	0	0
AF	0	0.259525	148	89	59	0	0	0	0
AF	0	0.259838	136	105	31	0	0	0	0
AF	0	0.260150	152	97	55	0	0	0	0
AF	0	0.260462	140	96	44	0	0	0	0
AF	0	0.260775	165	113	52	0	0	0	0
AF	0	0.261087	152	96	56	0	0	0	0
AF	0	0.261399	187	129	58	0	0	0	0
AF	0	0.261711	201	139	62	0	0	0	0
AF	0	0.262024	182	121	61	0	0	0	0
AF	0	0.262336	162	102	60	0	0	0	0
AF	0	0.262648	165	116	49	0	0	0	0
AF	0	0.262961	157	100	57	0	0	0	0
AF	0	0.263273	169	126	43	0	0	0	0
AF	0	0.263585	133	82	51	0	0	0	0
AF	0	0.263898	145	93	52	0	0	0	0
AF	0	0.264210	151	101	50	0	0	0	0
AF	0	0.264522	142	97	45	0	0	0	0
AF	0	0.264834	172	121	51	0	0	0	0
AF	0	0.265147	136	88	48	0	0	0	0
AF	0	0.265459	152	101	51	0	0	0	0
AF	0	0.265771	146	95	51	0	0	0	0
AF	0	0.266084	168	111	57	0	0	0	0
AF	0	0.266396	127	88	39	0	0	0	0
AF	0	0.266708	143	88	55	0	0	0	0
AF	0	0.267021	178	112	66	0	0	0	0
AF	0	0.267333	187	126	61	0	0	0	0
AF	0	0.267645	164	100	64	0	0	0	0
AF	0	0.267958	142	90	52	0	0	0	0
AF	0	0.268270	174	114	60	0	0	0	0
AF	0	0.268582	132	86	46	0	0	0	0
AF	0	0.268894	137	91	46	0	0	0	0
AF	0	0.269207	153	103	50	0	0	0	0
AF	0	0.269519	124	75	49	0	0	0	0
AF	0	0.269831	142	92	50	0	0	0	0
AF	0	0.270144	132	86	46	0	0	0	0
AF	0	0.270456	151	105	46	0	0	0	0
AF	0	0.270768	127	85	42	0	0	0	0
AF	0	0.271081	166	111	55	0	0	0	0
AF	0	0.271393	147	92	55	0	0	0	0
AF	0	0.271705	166	113	53	0	0	0	0
AF	0	0.272017	136	87	49	0	0	0	0
AF	0	0.272330	153	103	50	0	0	0	0
AF	0	0.272642	137	90	47	0	0	0	0
AF	0	0.272954	103	71	32	0	0	0	0
AF	0	0.273267	125	71	54	0	0	0	0
AF	0	0.273579	149	100	49	0	0	0	0
AF	0	0.273891	155	95	60	0	0	0	0
AF	0	0.274204	146	89	57	0	0	0	0
AF	0	0.274516	145	95	50	0	0	0	0
AF	0	0.274828	155	100	55	0	0	0	0
AF	0	0.275141	166	111	55	0	0	0	0
AF	0	0.275453	156	102	54	0	0	0	0
AF	0	0.275765	160	114	46	0	0	0	0
AF	0	0.276077	151	93	58	0	0	0	0
AF	0	0.276390	154	106	48	0	0	0	0
AF	0	0.276702	125	82	43	0	0	0	0
AF	0	0.277014	142	87	55	0	0	0	0
AF	0	0.277327	137	100	37	0	0	0	0
AF	0	0.277639	212	138	74	0	0	0	0
AF	0	0.277951	139	83	56	0	0	0	0
AF	0	0.278264	210	148	62	0	0	0	0
AF	0	0.278576	180	123	57	0	0	0	0
AF	0	0.278888	147	94	53	0	0	0	0
AF	0	0.279200	152	95	57	0	0	0	0
AF	0	0.279513	125	87	38	0	0	0	0
AF	0	0.279825	151	98	53	0	0	0	0
AF	0	0.280137	146	99	47	0	0	0	0
AF	0	0.280450	156	97	59	0	0	0	0
AF	0	0.280762	196	123	73	0	0	0	0
AF	0	0.281074	186	117	69	0	0	0	0
AF	0	0.281387	168	105	63	0	0	0	0
AF	0	0.281699	169	116	53	0	0	0	0
AF	0	0.282011	186	120	66	0	0	0	0
AF	0	0.282324	163	102	61	0	0	0	0
AF	0	0.282636	151	96	55	0	0	0	0
AF	0	0.282948	145	94	51	0	0	0	0
AF	0	0.283260	162	107	55	0	0	0	0
AF	0	0.283573	154	93	61	0	0	0	0
AF	0	0.283885	151	103	48	0	0	0	0
AF	0	0.284197	146	85	61	0	0	0	0
AF	0	0.284510	127	77	50	0	0	0	0
AF	0	0.284822	145	91	54	0	0	0	0
AF	0	0.285134	177	124	53	0	0	0	0
AF	0	0.285447	183	124	59	0	0	0	0
AF	0	0.285759	164	102	62	0	0	0	0
AF	0	0.286071	146	86	60	0	0	0	0
AF	0	0.286384	146	101	45	0	0	0	0
AF	0	0.286696	132	84	48	0	0	0	0
AF	0	0.287008	142	88	54	0	0	0	0
AF	0	0.287320	121	81	40	0	0	0	0
AF	0	0.287633	168	107	61	0	0	0	0
AF	0	0.287945	149	105	44	0	0	0	0
AF	0	0.288257	144	91	53	0	0	0	0
AF	0	0.288570	167	112	55	0	0	0	0
AF	0	0.288882	174	113	61	0	0	0	0
AF	0	0.289194	202	132	70	0	0	0	0
AF	0	0.289507	220	138	82	0	0	0	0
AF	0	0.289819	157	106	51	0	0	0	0
AF	0	0.290131	135	91	44	0	0	0	0
AF	0	0.290443	172	108	64	0	0	0	0
AF	0	0.290756	191	131	60	0	0	0	0
AF	0	0.291068	152	100	52	0	0	0	0
AF	0	0.291380	165	92	73	0	0	0	0
AF	0	0.291693	155	109	46	0	0	0	0
AF	0	0.292005	153	95	58	0	0	0	0
AF	0	0.292317	151	105	46	0	0	0	0
AF	0	0.292630	147	95	52	0	0	0	0
AF	0	0.292942	124	86	38	0	0	0	0
AF	0	0.293254	133	86	47	0	0	0	0
AF	0	0.293567	159	107	52	0	0	0	0
AF	0	0.293879	149	105	44	0	0	0	0
AF	0	0.294191	135	90	45	0	0	0	0
AF	0	0.294503	133	88	45	0	0	0	0
AF	0	0.294816	145	103	42	0	0	0	0
AF	0	0.295128	137	91	46	0	0	0	0
AF	0	0.295440	149	95	54	0	0	0	0
AF	0	0.295753	222	128	94	0	0	0	0
AF	0	0.296065	175	113	62	0	0	0	0
AF	0	0.296377	169	106	63	0	0	0	0
AF	0	0.296690	145	98	47	0	0	0	0
AF	0	0.297002	145	95	50	0	0	0	0
AF	0	0.297314	140	89	51	0	0	0	0
AF	0	0.297626	163	101	62	0	0	0	0
AF	0	0.297939	203	136	67	0	0	0	0
AF	0	0.298251	140	78	62	0	0	0	0
AF	0	0.298563	141	96	45	0	0	0	0
AF	0	0.298876	129	92	37	0	0	0	0
AF	0	0.299188	118	74	44	0	0	0	0
AF	0	0.299500	154	102	52	0	0	0	0
AF	0	0.299813	143	92	51	0	0	0	0
AF	0	0.300125	128	81	47	0	0	0	0
AF	0	0.300437	126	88	38	0	0	0	0
AF	0	0.300750	149	94	55	0	0	0	0
AF	0	0.301062	153	96	57	0	0	0	0
AF	0	0.301374	129	78	51	0	0	0	0
AF	0	0.301686	139	75	64	0	0	0	0
AF	0	0.301999	117	75	42	0	0	0	0
AF	0	0.302311	128	80	48	0	0	0	0
AF	0	0.302623	128	83	45	0	0	0	0
AF	0	0.302936	135	89	46	0	0	0	0
AF	0	0.303248	140	99	41	0	0	0	0
AF	0	0.303560	125	79	46	0	0	0	0
AF	0	0.303873	162	109	53	0	0	0	0
AF	0	0.304185	157	101	56	0	0	0	0
AF	0	0.304497	187	114	73	0	0	0	0
AF	0	0.304809	184	110	74	0	0	0	0
AF	0	0.305122	154	98	56	0	0	0	0
AF	0	0.305434	155	90	65	0	0	0	0
AF	0	0.305746	138	88	50	0	0	0	0
AF	0	0.306059	133	85	48	0	0	0	0
AF	0	0.306371	160	98	62	0	0	0	0
AF	0	0.306683	167	101	66	0	0	0	0
AF	0	0.306996	117	71	46	0	0	0	0
AF	0	0.307308	167	117	50	0	0	0	0
AF	0	0.307620	132	89	43	0	0	0	0
AF	0	0.307933	156	95	61	0	0	0	0
AF	0	0.308245	150	104	46	0	0	0	0
AF	0	0.308557	138	93	45	0	0	0	0
AF	0	0.308869	133	76	57	0	0	0	0
AF	0	0.309182	121	79	42	0	0	0	0
AF	0	0.309494	124	77	47	0	0	0	0
AF	0	0.309806	137	93	44	0	0	0	0
AF	0	0.310119	159	108	51	0	0	0	0
AF	0	0.310431	122	86	36	0	0	0	0
AF	0	0.310743	181	119	62	0	0	0	0
AF	0	0.311056	140	95	45	0	0	0	0
AF	0	0.311368	152	112	40	0	0	0	0
AF	0	0.311680	144	98	46	0	0	0	0
AF	0	0.311993	158	111	47	0	0	0	0
AF	0	0.312305	110	69	41	0	0	0	0
AF	0	0.312617	120	94	26	0	0	0	0
AF	0	0.312929	140	85	55	0	0	0	0
AF	0	0.313242	130	90	40	0	0	0	0
AF	0	0.313554	148	97	51	0	0	0	0
AF	0	0.313866	113	79	34	0	0	0	0
AF	0	0.314179	144	98	46	0	0	0	0
AF	0	0.314491	129	72	57	0	0	0	0
AF	0	0.314803	127	76	51	0	0	0	0
AF	0	0.315116	143	97	46	0	0	0	0
AF	0	0.315428	150	94	56	0	0	0	0
AF	0	0.315740	132	82	50	0	0	0	0
AF	0	0.316052	158	100	58	0	0	0	0
AF	0	0.316365	119	74	45	0	0	0	0
AF	0	0.316677	131	84	47	0	0	0	0
AF	0	0.316989	107	72	35	0	0	0	0
AF	0	0.317302	99	60	39	0	0	0	0
AF	0	0.317614	107	75	32	0	0	0	0
AF	0	0.317926	110	70	40	0	0	0	0
AF	0	0.318239	115	83	32	0	0	0	0
AF	0	0.318551	117	76	41	0	0	0	0
AF	0	0.318863	112	71	41	0	0	0	0
AF	0	0.319176	120	88	32	0	0	0	0
AF	0	0.319488	108	69	39	0	0	0	0
AF	0	0.319800	116	80	36	0	0	0	0
AF	0	0.320112	130	80	50	0	0	0	0
AF	0	0.320425	136	89	47	0	0	0	0
AF	0	0.320737	157	103	54	0	0	0	0
AF	0	0.321049	141	96	45	0	0	0	0
AF	0	0.321362	133	87	46	0	0	0	0
AF	0	0.321674	145	103	42	0	0	0	0
AF	0	0.321986	128	85	43	0	0	0	0
AF	0	0.322299	327	217	110	0	0	0	0
AF	0	0.322611	154	101	53	0	0	0	0
AF	0	0.322923	126	78	48	0	0	0	0
AF	0	0.323235	130	72	58	0	0	0	0
AF	0	0.323548	149	98	51	0	0	0	0
AF	0	0.323860	116	70	46	0	0	0	0
AF	0	0.324172	124	89	35	0	0	0	0
AF	0	0.324485	121	64	57	0	0	0	0
AF	0	0.324797	150	110	40	0	0	0	0
AF	0	0.325109	95	62	33	0	0	0	0
AF	0	0.325422	107	78	29	0	0	0	0
AF	0	0.325734	98	54	44	0	0	0	0
AF	0	0.326046	148	84	64	0	0	0	0
AF	0	0.326359	165	110	55	0	0	0	0
AF	0	0.326671	128	89	39	0	0	0	0
AF	0	0.326983	115	86	29	0	0	0	0
AF	0	0.327295	135	94	41	0	0	0	0
AF	0	0.327608	163	104	59	0	0	0	0
AF	0	0.327920	129	81	48	0	0	0	0
AF	0	0.328232	132	90	42	0	0	0	0
AF	0	0.328545	126	84	42	0	0	0	0
AF	0	0.328857	126	80	46	0	0	0	0
AF	0	0.329169	129	88	41	0	0	0	0
AF	0	0.329482	125	86	39	0	0	0	0
AF	0	0.329794	113	71	42	0	0	0	0
AF	0	0.330106	115	76	39	0	0	0	0
AF	0	0.330418	124	81	43	0	0	0	0
AF	0	0.330731	101	68	33	0	0	0	0
AF	0	0.331043	111	68	43	0	0	0	0
AF	0	0.331355	147	103	44	0	0	0	0
AF	0	0.331668	135	81	54	0	0	0	0
AF	0	0.331980	147	103	44	0	0	0	0
AF	0	0.332292	146	90	56	0	0	0	0
AF	0	0.332605	120	70	50	0	0	0	0
AF	0	0.332917	119	78	41	0	0	0	0
AF	0	0.333229	119	77	42	0	0	0	0
AF	0	0.333542	137	93	44	0	0	0	0
AF	0	0.333854	125	90	35	0	0	0	0
AF	0	0.334166	113	75	38	0	0	0	0
AF	0	0.334478	145	91	54	0	0	0	0
AF	0	0.334791	108	67	41	0	0	0	0
AF	0	0.335103	118	79	39	0	0	0	0
AF	0	0.335415	129	91	38	0	0	0	0
AF	0	0.335728	122	82	40	0	0	0	0
AF	0	0.336040	131	89	42	0	0	0	0
AF	0	0.336352	118	75	43	0	0	0	0
AF	0	0.336665	114	78	36	0	0	0	0
AF	0	0.336977	115	78	37	0	0	0	0
AF	0	0.337289	101	72	29	0	0	0	0
AF	0	0.337601	112	80	32	0	0	0	0
AF	0	0.337914	122	81	41	0	0	0	0
AF	0	0.338226	119	80	39	0	0	0	0
AF	0	0.338538	132	93	39	0	0	0	0
AF	0	0.338851	140	97	43	0	0	0	0
AF	0	0.339163	192	128	64	0	0	0	0
AF	0	0.339475	94	65	29	0	0	0	0
AF	0	0.339788	124	82	42	0	0	0	0
AF	0	0.340100	144	93	51	0	0	0	0
AF	0	0.340412	121	80	41	0	0	0	0
AF	0	0.340725	147	100	47	0	0	0	0
AF	0	0.341037	151	95	56	0	0	0	0
AF	0	0.341349	155	100	55	0	0	0	0
AF	0	0.341661	111	76	35	0	0	0	0
AF	0	0.341974	139	90	49	0	0	0	0
AF	0	0.342286	142	100	42	0	0	0	0
AF	0	0.342598	148	100	48	0	0	0	0
AF	0	0.342911	128	84	44	0	0	0	0
AF	0	0.343223	126	85	41	0	0	0	0
AF	0	0.343535	112	68	44	0	0	0	0
AF	0	0.343848	127	82	45	0	0	0	0
AF	0	0.344160	117	82	35	0	0	0	0
AF	0	0.344472	126	86	40	0	0	0	0
AF	0	0.344785	149	87	62	0	0	0	0
AF	0	0.345097	146	96	50	0	0	0	0
AF	0	0.345409	125	77	48	0	0	0	0
AF	0	0.345721	120	93	27	0	0	0	0
AF	0	0.346034	117	80	37	0	0	0	0
AF	0	0.346346	131	76	55	0	0	0	0
AF	0	0.346658	118	77	41	0	0	0	0
AF	0	0.346971	127	82	45	0	0	0	0
AF	0	0.347283	136	98	38	0	0	0	0
AF	0	0.347595	115	80	35	0	0	0	0
AF	0	0.347908	145	96	49	0	0	0	0
AF	0	0.348220	161	113	48	0	0	0	0
AF	0	0.348532	100	64	36	0	0	0	0
AF	0	0.348844	116	72	44	0	0	0	0
AF	0	0.349157	133	95	38	0	0	0	0
AF	0	0.349469	117	76	41	0	0	0	0
AF	0	0.349781	116	71	45	0	0	0	0
AF	0	0.350094	125	91	34	0	0	0	0
AF	0	0.350406	105	67	38	0	0	0	0
AF	0	0.350718	140	94	46	0	0	0	0
AF	0	0.351031	117	80	37	0	0	0	0
AF	0	0.351343	131	93	38	0	0	0	0
AF	0	0.351655	149	108	41	0	0	0	0
AF	0	0.351968	188	127	61	0	0	0	0
AF	0	0.352280	108	77	31	0	0	0	0
AF	0	0.352592	98	64	34	0	0	0	0
AF	0	0.352904	112	78	34	0	0	0	0
AF	0	0.353217	134	87	47	0	0	0	0
AF	0	0.353529	123	84	39	0	0	0	0
AF	0	0.353841	104	75	29	0	0	0	0
AF	0	0.354154	102	63	39	0	0	0	0
AF	0	0.354466	129	82	47	0	0	0	0
AF	0	0.354778	111	63	48	0	0	0	0
AF	0	0.355091	93	63	30	0	0	0	0
AF	0	0.355403	109	61	48	0	0	0	0
AF	0	0.355715	99	54	45	0	0	0	0
AF	0	0.356027	108	72	36	0	0	0	0
AF	0	0.356340	119	82	37	0	0	0	0
AF	0	0.356652	151	107	44	0	0	0	0
AF	0	0.356964	138	86	52	0	0	0	0
AF	0	0.357277	107	73	34	0	0	0	0
AF	0	0.357589	108	67	41	0	0	0	0
AF	0	0.357901	93	63	30	0	0	0	0
AF	0	0.358214	111	75	36	0	0	0	0
AF	0	0.358526	121	83	38	0	0	0	0
AF	0	0.358838	113	69	44	0	0	0	0
AF	0	0.359151	99	63	36	0	0	0	0
AF	0	0.359463	115	75	40	0	0	0	0
AF	0	0.359775	109	83	26	0	0	0	0
AF	0	0.360087	103	71	32	0	0	0	0
AF	0	0.360400	82	53	29	0	0	0	0
AF	0	0.360712	92	56	36	0	0	0	0
AF	0	0.361024	101	77	24	0	0	0	0
AF	0	0.361337	123	83	40	0	0	0	0
AF	0	0.361649	124	72	52	0	0	0	0
AF	0	0.361961	106	75	31	0	0	0	0
AF	0	0.362274	94	61	33	0	0	0	0
AF	0	0.362586	111	76	35	0	0	0	0
AF	0	0.362898	77	47	30	0	0	0	0
AF	0	0.363210	89	59	30	0	0	0	0
AF	0	0.363523	107	70	37	0	0	0	0
AF	0	0.363835	109	71	38	0	0	0	0
AF	0	0.364147	105	73	32	0	0	0	0
AF	0	0.364460	138	97	41	0	0	0	0
AF	0	0.364772	131	86	45	0	0	0	0
AF	0	0.365084	127	89	38	0	0	0	0
AF	0	0.365397	103	64	39	0	0	0	0
AF	0	0.365709	116	81	35	0	0	0	0
AF	0	0.366021	80	48	32	0	0	0	0
AF	0	0.366334	92	61	31	0	0	0	0
AF	0	0.366646	141	82	59	0	0	0	0
AF	0	0.366958	137	90	47	0	0	0	0
AF	0	0.367270	107	73	34	0	0	0	0
AF	0	0.367583	122	85	37	0	0	0	0
AF	0	0.367895	93	66	27	0	0	0	0
AF	0	0.368207	114	73	41	0	0	0	0
AF	0	0.368520	164	104	60	0	0	0	0
AF	0	0.368832	104	72	32	0	0	0	0
AF	0	0.369144	112	79	33	0	0	0	0
AF	0	0.369457	181	127	54	0	0	0	0
AF	0	0.369769	103	66	37	0	0	0	0
AF	0	0.370081	120	74	46	0	0	0	0
AF	0	0.370394	96	57	39	0	0	0	0
AF	0	0.370706	113	68	45	0	0	0	0
AF	0	0.371018	111	77	34	0	0	0	0
AF	0	0.371330	138	84	54	0	0	0	0
AF	0	0.371643	128	81	47	0	0	0	0
AF	0	0.371955	96	60	36	0	0	0	0
AF	0	0.372267	129	89	40	0	0	0	0
AF	0	0.372580	139	88	51	0	0	0	0
AF	0	0.372892	111	71	40	0	0	0	0
AF	0	0.373204	109	74	35	0	0	0	0
AF	0	0.373517	128	80	48	0	0	0	0
AF	0	0.373829	104	67	37	0	0	0	0
AF	0	0.374141	119	75	44	0	0	0	0
AF	0	0.374453	157	95	62	0	0	0	0
AF	0	0.374766	109	72	37	0	0	0	0
AF	0	0.375078	112	80	32	0	0	0	0
AF	0	0.375390	116	80	36	0	0	0	0
AF	0	0.375703	121	73	48	0	0	0	0
AF	0	0.376015	140	86	54	0	0	0	0
AF	0	0.376327	128	87	41	0	0	0	0
AF	0	0.376640	99	72	27	0	0	0	0
AF	0	0.376952	109	68	41	0	0	0	0
AF	0	0.377264	134	85	49	0	0	0	0
AF	0	0.377577	125	92	33	0	0	0	0
AF	0	0.377889	95	67	28	0	0	0	0
AF	0	0.378201	77	53	24	0	0	0	0
AF	0	0.378513	106	65	41	0	0	0	0
AF	0	0.378826	137	100	37	0	0	0	0
AF	0	0.379138	102	66	36	0	0	0	0
AF	0	0.379450	104	67	37	0	0	0	0
AF	0	0.379763	84	58	26	0	0	0	0
AF	0	0.380075	107	69	38	0	0	0	0
AF	0	0.380387	86	59	27	0	0	0	0
AF	0	0.380700	116	73	43	0	0	0	0
AF	0	0.381012	127	83	44	0	0	0	0
AF	0	0.381324	145	101	44	0	0	0	0
AF	0	0.381636	97	64	33	0	0	0	0
AF	0	0.381949	132	93	39	0	0	0	0
AF	0	0.382261	106	70	36	0	0	0	0
AF	0	0.382573	101	71	30	0	0	0	0
AF	0	0.382886	91	57	34	0	0	0	0
AF	0	0.383198	109	69	40	0	0	0	0
AF	0	0.383510	102	75	27	0	0	0	0
AF	0	0.383823	106	68	38	0	0	0	0
AF	0	0.384135	130	86	44	0	0	0	0
AF	0	0.384447	164	107	57	0	0	0	0
AF	0	0.384760	104	72	32	0	0	0	0
AF	0	0.385072	90	64	26	0	0	0	0
AF	0	0.385384	109	71	38	0	0	0	0
AF	0	0.385696	135	88	47	0	0	0	0
AF	0	0.386009	90	57	33	0	0	0	0
AF	0	0.386321	121	86	35	0	0	0	0
AF	0	0.386633	118	75	43	0	0	0	0
AF	0	0.386946	116	78	38	0	0	0	0
AF	0	0.387258	98	56	42	0	0	0	0
AF	0	0.387570	146	85	61	0	0	0	0
AF	0	0.387883	102	68	34	0	0	0	0
AF	0	0.388195	83	51	32	0	0	0	0
AF	0	0.388507	98	68	30	0	0	0	0
AF	0	0.388819	103	76	27	0	0	0	0
AF	0	0.389132	121	89	32	0	0	0	0
AF	0	0.389444	92	57	35	0	0	0	0
AF	0	0.389756	96	66	30	0	0	0	0
AF	0	0.390069	116	84	32	0	0	0	0
AF	0	0.390381	187	123	64	0	0	0	0
AF	0	0.390693	85	57	28	0	0	0	0
AF	0	0.391006	74	45	29	0	0	0	0
AF	0	0.391318	81	50	31	0	0	0	0
AF	0	0.391630	100	67	33	0	0	0	0
AF	0	0.391943	103	67	36	0	0	0	0
AF	0	0.392255	96	74	22	0	0	0	0
AF	0	0.392567	86	56	30	0	0	0	0
AF	0	0.392879	98	61	37	0	0	0	0
AF	0	0.393192	106	71	35	0	0	0	0
AF	0	0.393504	88	57	31	0	0	0	0
AF	0	0.393816	90	57	33	0	0	0	0
AF	0	0.394129	85	54	31	0	0	0	0
AF	0	0.394441	96	62	34	0	0	0	0
AF	0	0.394753	105	71	34	0	0	0	0
AF	0	0.395066	87	48	39	0	0	0	0
AF	0	0.395378	145	94	51	0	0	0	0
AF	0	0.395690	166	111	55	0	0	0	0
AF	0	0.396002	119	82	37	0	0	0	0
AF	0	0.396315	97	64	33	0	0	0	0
AF	0	0.396627	107	66	41	0	0	0	0
AF	0	0.396939	107	65	42	0	0	0	0
AF	0	0.397252	108	69	39	0	0	0	0
AF	0	0.397564	79	53	26	0	0	0	0
AF	0	0.397876	86	56	30	0	0	0	0
AF	0	0.398189	90	57	33	0	0	0	0
AF	0	0.398501	117	72	45	0	0	0	0
AF	0	0.398813	94	52	42	0	0	0	0
AF	0	0.399126	89	55	34	0	0	0	0
AF	0	0.399438	88	67	21	0	0	0	0
AF	0	0.399750	131	84	47	0	0	0	0
AF	0	0.400062	119	84	35	0	0	0	0
AF	0	0.400375	103	58	45	0	0	0	0
AF	0	0.400687	94	59	35	0	0	0	0
AF	0	0.400999	88	61	27	0	0	0	0
AF	0	0.401312	80	55	25	0	0	0	0
AF	0	0.401624	110	71	39	0	0	0	0
AF	0	0.401936	94	59	35	0	0	0	0
AF	0	0.402249	102	65	37	0	0	0	0
AF	0	0.402561	115	71	44	0	0	0	0
AF	0	0.402873	89	56	33	0	0	0	0
AF	0	0.403186	94	67	27	0	0	0	0
AF	0	0.403498	107	74	33	0	0	0	0
AF	0	0.403810	104	66	38	0	0	0	0
AF	0	0.404122	106	71	35	0	0	0	0
AF	0	0.404435	100	59	41	0	0	0	0
AF	0	0.404747	96	61	35	0	0	0	0
AF	0	0.405059	85	54	31	0	0	0	0
AF	0	0.405372	98	58	40	0	0	0	0
AF	0	0.405684	131	86	45	0	0	0	0
AF	0	0.405996	148	103	45	0	0	0	0
AF	0	0.406309	125	80	45	0	0	0	0
AF	0	0.406621	136	94	42	0	0	0	0
AF	0	0.406933	121	85	36	0	0	0	0
AF	0	0.407245	116	80	36	0	0	0	0
AF	0	0.407558	183	118	65	0	0	0	0
AF	0	0.407870	205	137	68	0	0	0	0
AF	0	0.408182	114	67	47	0	0	0	0
AF	0	0.408495	112	81	31	0	0	0	0
AF	0	0.408807	82	55	27	0	0	0	0
AF	0	0.409119	88	51	37	0	0	0	0
AF	0	0.409432	97	67	30	0	0	0	0
AF	0	0.409744	83	46	37	0	0	0	0
AF	0	0.410056	113	83	30	0	0	0	0
AF	0	0.410369	105	71	34	0	0	0	0
AF	0	0.410681	105	77	28	0	0	0	0
AF	0	0.410993	100	64	36	0	0	0	0
AF	0	0.411305	80	46	34	0	0	0	0
AF	0	0.411618	104	67	37	0	0	0	0
AF	0	0.411930	96	55	41	0	0	0	0
AF	0	0.412242	90	59	31	0	0	0	0
AF	0	0.412555	107	70	37	0	0	0	0
AF	0	0.412867	80	54	26	0	0	0	0
AF	0	0.413179	114	74	40	0	0	0	0
AF	0	0.413492	125	79	46	0	0	0	0
AF	0	0.413804	122	81	41	0	0	0	0
AF	0	0.414116	102	61	41	0	0	0	0
AF	0	0.414428	85	58	27	0	0	0	0
AF	0	0.414741	91	66	25	0	0	0	0
AF	0	0.415053	115	76	39	0	0	0	0
AF	0	0.415365	96	65	31	0	0	0	0
AF	0	0.415678	135	92	43	0	0	0	0
AF	0	0.415990	120	76	44	0	0	0	0
AF	0	0.416302	134	80	54	0	0	0	0
AF	0	0.416615	133	83	50	0	0	0	0
AF	0	0.416927	96	67	29	0	0	0	0
AF	0	0.417239	124	92	32	0	0	0	0
AF	0	0.417552	108	70	38	0	0	0	0
AF	0	0.417864	116	78	38	0	0	0	0
AF	0	0.418176	112	75	37	0	0	0	0
AF	0	0.418488	115	74	41	0	0	0	0
AF	0	0.418801	104	65	39	0	0	0	0
AF	0	0.419113	105	64	41	0	0	0	0
AF	0	0.419425	110	74	36	0	0	0	0
AF	0	0.419738	131	94	37	0	0	0	0
AF	0	0.420050	123	85	38	0	0	0	0
AF	0	0.420362	115	71	44	0	0	0	0
AF	0	0.420675	136	91	45	0	0	0	0
AF	0	0.420987	95	55	40	0	0	0	0
AF	0	0.421299	93	55	38	0	0	0	0
AF	0	0.421611	108	66	42	0	0	0	0
AF	0	0.421924	118	81	37	0	0	0	0
AF	0	0.422236	95	62	33	0	0	0	0
AF	0	0.422548	96	65	31	0	0	0	0
AF	0	0.422861	128	87	41	0	0	0	0
AF	0	0.423173	104	70	34	0	0	0	0
AF	0	0.423485	82	49	33	0	0	0	0
AF	0	0.423798	83	53	30	0	0	0	0
AF	0	0.424110	89	64	25	0	0	0	0
AF	0	0.424422	130	86	44	0	0	0	0
AF	0	0.424735	78	53	25	0	0	0	0
AF	0	0.425047	93	55	38	0	0	0	0
AF	0	0.425359	86	58	28	0	0	0	0
AF	0	0.425671	91	55	36	0	0	0	0
AF	0	0.425984	90	56	34	0	0	0	0
AF	0	0.426296	92	63	29	0	0	0	0
AF	0	0.426608	111	65	46	0	0	0	0
AF	0	0.426921	98	56	42	0	0	0	0
AF	0	0.427233	102	59	43	0	0	0	0
AF	0	0.427545	89	61	28	0	0	0	0
AF	0	0.427858	78	48	30	0	0	0	0
AF	0	0.428170	103	64	39	0	0	0	0
AF	0	0.428482	76	51	25	0	0	0	0
AF	0	0.428795	91	61	30	0	0	0	0
AF	0	0.429107	100	64	36	0	0	0	0
AF	0	0.429419	100	69	31	0	0	0	0
AF	0	0.429731	88	59	29	0	0	0	0
AF	0	0.430044	105	72	33	0	0	0	0
AF	0	0.430356	104	75	29	0	0	0	0
AF	0	0.430668	76	49	27	0	0	0	0
AF	0	0.430981	84	46	38	0	0	0	0
AF	0	0.431293	94	60	34	0	0	0	0
AF	0	0.431605	116	74	42	0	0	0	0
AF	0	0.431918	74	52	22	0	0	0	0
AF	0	0.432230	86	59	27	0	0	0	0
AF	0	0.432542	102	72	30	0	0	0	0
AF	0	0.432854	86	53	33	0	0	0	0
AF	0	0.433167	82	57	25	0	0	0	0
AF	0	0.433479	75	47	28	0	0	0	0
AF	0	0.433791	78	54	24	0	0	0	0
AF	0	0.434104	85	55	30	0	0	0	0
AF	0	0.434416	97	70	27	0	0	0	0
AF	0	0.434728	94	62	32	0	0	0	0
AF	0	0.435041	109	72	37	0	0	0	0
AF	0	0.435353	79	54	25	0	0	0	0
AF	0	0.435665	99	73	26	0	0	0	0
AF	0	0.435978	90	60	30	0	0	0	0
AF	0	0.436290	86	69	17	0	0	0	0
AF	0	0.436602	80	50	30	0	0	0	0
AF	0	0.436914	78	44	34	0	0	0	0
AF	0	0.437227	94	60	34	0	0	0	0
AF	0	0.437539	77	48	29	0	0	0	0
AF	0	0.437851	81	57	24	0	0	0	0
AF	0	0.438164	75	48	27	0	0	0	0
AF	0	0.438476	94	62	32	0	0	0	0
AF	0	0.438788	78	50	28	0	0	0	0
AF	0	0.439101	84	58	26	0	0	0	0
AF	0	0.439413	95	55	40	0	0	0	0
AF	0	0.439725	87	59	28	0	0	0	0
AF	0	0.440037	85	56	29	0	0	0	0
AF	0	0.440350	87	60	27	0	0	0	0
AF	0	0.440662	83	55	28	0	0	0	0
AF	0	0.440974	92	66	26	0	0	0	0
AF	0	0.441287	104	75	29	0	0	0	0
AF	0	0.441599	126	82	44	0	0	0	0
AF	0	0.441911	107	76	31	0	0	0	0
AF	0	0.442224	87	60	27	0	0	0	0
AF	0	0.442536	81	59	22	0	0	0	0
AF	0	0.442848	131	77	54	0	0	0	0
AF	0	0.443161	119	93	26	0	0	0	0
AF	0	0.443473	76	48	28	0	0	0	0
AF	0	0.443785	76	56	20	0	0	0	0
AF	0	0.444097	92	63	29	0	0	0	0
AF	0	0.444410	86	58	28	0	0	0	0
AF	0	0.444722	86	55	31	0	0	0	0
AF	0	0.445034	69	48	21	0	0	0	0
AF	0	0.445347	104	67	37	0	0	0	0
AF	0	0.445659	105	66	39	0	0	0	0
AF	0	0.445971	84	56	28	0	0	0	0
AF	0	0.446284	102	64	38	0	0	0	0
AF	0	0.446596	140	93	47	0	0	0	0
AF	0	0.446908	96	64	32	0	0	0	0
AF	0	0.447220	86	56	30	0	0	0	0
AF	0	0.447533	86	55	31	0	0	0	0
AF	0	0.447845	86	57	29	0	0	0	0
AF	0	0.448157	100	63	37	0	0	0	0
AF	0	0.448470	98	60	38	0	0	0	0
AF	0	0.448782	75	53	22	0	0	0	0
AF	0	0.449094	116	82	34	0	0	0	0
AF	0	0.449407	100	68	32	0	0	0	0
AF	0	0.449719	104	62	42	0	0	0	0
AF	0	0.450031	91	60	31	0	0	0	0
AF	0	0.450344	80	49	31	0	0	0	0
AF	0	0.450656	106	67	39	0	0	0	0
AF	0	0.450968	122	78	44	0	0	0	0
AF	0	0.451280	102	64	38	0	0	0	0
AF	0	0.451593	89	52	37	0	0	0	0
AF	0	0.451905	102	66	36	0	0	0	0
AF	0	0.452217	95	62	33	0	0	0	0
AF	0	0.452530	80	57	23	0	0	0	0
AF	0	0.452842	100	67	33	0	0	0	0
AF	0	0.453154	119	81	38	0	0	0	0
AF	0	0.453467	122	87	35	0	0	0	0
AF	0	0.453779	102	69	33	0	0	0	0
AF	0	0.454091	99	64	35	0	0	0	0
AF	0	0.454403	111	71	40	0	0	0	0
AF	0	0.454716	81	53	28	0	0	0	0
AF	0	0.455028	81	58	23	0	0	0	0
AF	0	0.455340	97	61	36	0	0	0	0
AF	0	0.455653	80	53	27	0	0	0	0
AF	0	0.455965	97	59	38	0	0	0	0
AF	0	0.456277	97	63	34	0	0	0	0
AF	0	0.456590	93	56	37	0	0	0	0
AF	0	0.456902	70	43	27	0	0	0	0
AF	0	0.457214	70	44	26	0	0	0	0
AF	0	0.457527	83	51	32	0	0	0	0
AF	0	0.457839	79	50	29	0	0	0	0
AF	0	0.458151	73	45	28	0	0	0	0
AF	0	0.458463	89	57	32	0	0	0	0
AF	0	0.458776	73	52	21	0	0	0	0
AF	0	0.459088	90	54	36	0	0	0	0
AF	0	0.459400	102	73	29	0	0	0	0
AF	0	0.459713	95	66	29	0	0	0	0
AF	0	0.460025	99	61	38	0	0	0	0
AF	0	0.460337	92	61	31	0	0	0	0
AF	0	0.460650	93	62	31	0	0	0	0
AF	0	0.460962	108	66	42	0	0	0	0
AF	0	0.461274	81	58	23	0	0	0	0
AF	0	0.461587	85	57	28	0	0	0	0
AF	0	0.461899	112	78	34	0	0	0	0
AF	0	0.462211	120	86	34	0	0	0	0
AF	0	0.462523	86	46	40	0	0	0	0
AF	0	0.462836	102	58	44	0	0	0	0
AF	0	0.463148	114	71	43	0	0	0	0
AF	0	0.463460	117	81	36	0	0	0	0
AF	0	0.463773	107	70	37	0	0	0	0
AF	0	0.464085	81	40	41	0	0	0	0
AF	0	0.464397	91	61	30	0	0	0	0
AF	0	0.464710	80	56	24	0	0	0	0
AF	0	0.465022	69	42	27	0	0	0	0
AF	0	0.465334	85	59	26	0	0	0	0
AF	0	0.465646	107	67	40	0	0	0	0
AF	0	0.465959	98	66	32	0	0	0	0
AF	0	0.466271	103	80	23	0	0	0	0
AF	0	0.466583	80	57	23	0	0	0	0
AF	0	0.466896	85	54	31	0	0	0	0
AF	0	0.467208	67	42	25	0	0	0	0
AF	0	0.467520	68	44	24	0	0	0	0
AF	0	0.467833	105	69	36	0	0	0	0
AF	0	0.468145	100	64	36	0	0	0	0
AF	0	0.468457	108	77	31	0	0	0	0
AF	0	0.468770	81	54	27	0	0	0	0
AF	0	0.469082	110	73	37	0	0	0	0
AF	0	0.469394	106	66	40	0	0	0	0
AF	0	0.469706	100	56	44	0	0	0	0
AF	0	0.470019	77	55	22	0	0	0	0
AF	0	0.470331	93	56	37	0	0	0	0
AF	0	0.470643	122	78	44	0	0	0	0
AF	0	0.470956	117	72	45	0	0	0	0
AF	0	0.471268	88	60	28	0	0	0	0
AF	0	0.471580	62	41	21	0	0	0	0
AF	0	0.471893	100	65	35	0	0	0	0
AF	0	0.472205	94	59	35	0	0	0	0
AF	0	0.472517	120	87	33	0	0	0	0
AF	0	0.472829	84	56	28	0	0	0	0
AF	0	0.473142	74	48	26	0	0	0	0
AF	0	0.473454	96	68	28	0	0	0	0
AF	0	0.473766	104	73	31	0	0	0	0
AF	0	0.474079	89	65	24	0	0	0	0
AF	0	0.474391	108	74	34	0	0	0	0
AF	0	0.474703	109	68	41	0	0	0	0
AF	0	0.475016	85	51	34	0	0	0	0
AF	0	0.475328	62	43	19	0	0	0	0
AF	0	0.475640	106	69	37	0	0	0	0
AF	0	0.475953	116	81	35	0	0	0	0
AF	0	0.476265	126	88	38	0	0	0	0
AF	0	0.476577	116	80	36	0	0	0	0
AF	0	0.476889	106	75	31	0	0	0	0
AF	0	0.477202	94	59	35	0	0	0	0
AF	0	0.477514	99	64	35	0	0	0	0
AF	0	0.477826	86	59	27	0	0	0	0
AF	0	0.478139	104	75	29	0	0	0	0
AF	0	0.478451	135	99	36	0	0	0	0
AF	0	0.478763	74	48	26	0	0	0	0
AF	0	0.479076	84	54	30	0	0	0	0
AF	0	0.479388	78	62	16	0	0	0	0
AF	0	0.479700	93	57	36	0	0	0	0
AF	0	0.480012	85	52	33	0	0	0	0
AF	0	0.480325	83	58	25	0	0	0	0
AF	0	0.480637	104	55	49	0	0	0	0
AF	0	0.480949	92	65	27	0	0	0	0
AF	0	0.481262	84	61	23	0	0	0	0
AF	0	0.481574	69	43	26	0	0	0	0
AF	0	0.481886	68	54	14	0	0	0	0
AF	0	0.482199	89	63	26	0	0	0	0
AF	0	0.482511	82	60	22	0	0	0	0
AF	0	0.482823	93	60	33	0	0	0	0
AF	0	0.483136	77	55	22	0	0	0	0
AF	0	0.483448	76	52	24	0	0	0	0
AF	0	0.483760	71	52	19	0	0	0	0
AF	0	0.484072	101	67	34	0	0	0	0
AF	0	0.484385	109	81	28	0	0	0	0
AF	0	0.484697	76	49	27	0	0	0	0
AF	0	0.485009	98	62	36	0	0	0	0
AF	0	0.485322	90	60	30	0	0	0	0
AF	0	0.485634	91	55	36	0	0	0	0
AF	0	0.485946	99	64	35	0	0	0	0
AF	0	0.486259	113	76	37	0	0	0	0
AF	0	0.486571	86	60	26	0	0	0	0
AF	0	0.486883	94	66	28	0	0	0	0
AF	0	0.487196	98	64	34	0	0	0	0
AF	0	0.487508	83	62	21	0	0	0	0
AF	0	0.487820	93	52	41	0	0	0	0
AF	0	0.488132	85	50	35	0	0	0	0
AF	0	0.488445	117	74	43	0	0	0	0
AF	0	0.488757	92	57	35	0	0	0	0
AF	0	0.489069	103	67	36	0	0	0	0
AF	0	0.489382	100	61	39	0	0	0	0
AF	0	0.489694	79	47	32	0	0	0	0
AF	0	0.490006	79	55	24	0	0	0	0
AF	0	0.490319	95	65	30	0	0	0	0
AF	0	0.490631	80	55	25	0	0	0	0
AF	0	0.490943	86	58	28	0	0	0	0
AF	0	0.491255	64	42	22	0	0	0	0
AF	0	0.491568	94	56	38	0	0	0	0
AF	0	0.491880	88	52	36	0	0	0	0
AF	0	0.492192	70	41	29	0	0	0	0
AF	0	0.492505	77	55	22	0	0	0	0
AF	0	0.492817	78	56	22	0	0	0	0
AF	0	0.493129	87	55	32	0	0	0	0
AF	0	0.493442	91	62	29	0	0	0	0
AF	0	0.493754	87	49	38	0	0	0	0
AF	0	0.494066	89	54	35	0	0	0	0
AF	0	0.494379	93	52	41	0	0	0	0
AF	0	0.494691	106	67	39	0	0	0	0
AF	0	0.495003	115	88	27	0	0	0	0
AF	0	0.495315	84	61	23	0	0	0	0
AF	0	0.495628	84	61	23	0	0	0	0
AF	0	0.495940	89	58	31	0	0	0	0
AF	0	0.496252	63	38	25	0	0	0	0
AF	0	0.496565	66	38	28	0	0	0	0
AF	0	0.496877	83	57	26	0	0	0	0
AF	0	0.497189	73	48	25	0	0	0	0
AF	0	0.497502	77	55	22	0	0	0	0
AF	0	0.497814	69	47	22	0	0	0	0
AF	0	0.498126	76	53	23	0	0	0	0
AF	0	0.498438	84	59	25	0	0	0	0
AF	0	0.498751	85	60	25	0	0	0	0
AF	0	0.499063	94	59	35	0	0	0	0
AF	0	0.499375	82	49	33	0	0	0	0
AF	0	0.499688	104	69	35	0	0	0	0
AF	0	0.500000	98	66	32	0	0	0	0
AF	0	0.500312	94	60	34	0	0	0	0
AF	0	0.500625	73	52	21	0	0	0	0
AF	0	0.500937	93	58	35	0	0	0	0
AF	0	0.501249	83	56	27	0	0	0	0
AF	0	0.501562	88	55	33	0	0	0	0
AF	0	0.501874	85	61	24	0	0	0	0
AF	0	0.502186	103	69	34	0	0	0	0
AF	0	0.502498	96	67	29	0	0	0	0
AF	0	0.502811	103	72	31	0	0	0	0
AF	0	0.503123	87	55	32	0	0	0	0
AF	0	0.503435	89	55	34	0	0	0	0
AF	0	0.503748	94	52	42	0	0	0	0
AF	0	0.504060	73	38	35	0	0	0	0
AF	0	0.504372	88	58	30	0	0	0	0
AF	0	0.504685	86	57	29	0	0	0	0
AF	0	0.504997	78	47	31	0	0	0	0
AF	0	0.505309	99	68	31	0	0	0	0
AF	0	0.505621	88	57	31	0	0	0	0
AF	0	0.505934	83	61	22	0	0	0	0
AF	0	0.506246	102	73	29	0	0	0	0
AF	0	0.506558	88	55	33	0	0	0	0
AF	0	0.506871	85	58	27	0	0	0	0
AF	0	0.507183	111	69	42	0	0	0	0
AF	0	0.507495	87	58	29	0	0	0	0
AF	0	0.507808	68	47	21	0	0	0	0
AF	0	0.508120	68	50	18	0	0	0	0
AF	0	0.508432	80	54	26	0	0	0	0
AF	0	0.508745	85	59	26	0	0	0	0
AF	0	0.509057	98	67	31	0	0	0	0
AF	0	0.509369	74	54	20	0	0	0	0
AF	0	0.509681	86	59	27	0	0	0	0
AF	0	0.509994	78	50	28	0	0	0	0
AF	0	0.510306	77	47	30	0	0	0	0
AF	0	0.510618	94	61	33	0	0	0	0
AF	0	0.510931	83	56	27	0	0	0	0
AF	0	0.511243	80	55	25	0	0	0	0
AF	0	0.511555	87	57	30	0	0	0	0
AF	0	0.511868	101	76	25	0	0	0	0
AF	0	0.512180	92	61	31	0	0	0	0
AF	0	0.512492	86	47	39	0	0	0	0
AF	0	0.512804	66	46	20	0	0	0	0
AF	0	0.513117	97	61	36	0	0	0	0
AF	0	0.513429	65	37	28	0	0	0	0
AF	0	0.513741	71	42	29	0	0	0	0
AF	0	0.514054	81	56	25	0	0	0	0
AF	0	0.514366	78	54	24	0	0	0	0
AF	0	0.514678	71	48	23	0	0	0	0
AF	0	0.514991	66	42	24	0	0	0	0
AF	0	0.515303	63	41	22	0	0	0	0
AF	0	0.515615	89	59	30	0	0	0	0
AF	0	0.515928	81	53	28	0	0	0	0
AF	0	0.516240	74	50	24	0	0	0	0
AF	0	0.516552	75	43	32	0	0	0	0
AF	0	0.516864	92	70	22	0	0	0	0
AF	0	0.517177	101	73	28	0	0	0	0
AF	0	0.517489	80	56	24	0	0	0	0
AF	0	0.517801	107	75	32	0	0	0	0
AF	0	0.518114	98	74	24	0	0	0	0
AF	0	0.518426	85	57	28	0	0	0	0
AF	0	0.518738	107	68	39	0	0	0	0
AF	0	0.519051	87	56	31	0	0	0	0
AF	0	0.519363	72	45	27	0	0	0	0
AF	0	0.519675	73	45	28	0	0	0	0
AF	0	0.519988	60	45	15	0	0	0	0
AF	0	0.520300	82	57	25	0	0	0	0
AF	0	0.520612	84	57	27	0	0	0	0
AF	0	0.520924	76	49	27	0	0	0	0
AF	0	0.521237	68	37	31	0	0	0	0
AF	0	0.521549	84	59	25	0	0	0	0
AF	0	0.521861	88	58	30	0	0	0	0
AF	0	0.522174	77	54	23	0	0	0	0
AF	0	0.522486	80	48	32	0	0	0	0
AF	0	0.522798	57	35	22	0	0	0	0
AF	0	0.523111	106	70	36	0	0	0	0
AF	0	0.523423	98	62	36	0	0	0	0
AF	0	0.523735	97	60	37	0	0	0	0
AF	0	0.524047	97	67	30	0	0	0	0
AF	0	0.524360	93	68	25	0	0	0	0
AF	0	0.524672	89	58	31	0	0	0	0
AF	0	0.524984	86	52	34	0	0	0	0
AF	0	0.525297	80	56	24	0	0	0	0
AF	0	0.525609	110	70	40	0	0	0	0
AF	0	0.525921	85	63	22	0	0	0	0
AF	0	0.526234	83	52	31	0	0	0	0
AF	0	0.526546	94	66	28	0	0	0	0
AF	0	0.526858	83	43	40	0	0	0	0
AF	0	0.527171	82	53	29	0	0	0	0
AF	0	0.527483	70	50	20	0	0	0	0
AF	0	0.527795	67	47	20	0	0	0	0
AF	0	0.528107	90	61	29	0	0	0	0
AF	0	0.528420	79	51	28	0	0	0	0
AF	0	0.528732	90	58	32	0	0	0	0
AF	0	0.529044	80	41	39	0	0	0	0
AF	0	0.529357	94	60	34	0	0	0	0
AF	0	0.529669	86	56	30	0	0	0	0
AF	0	0.529981	98	62	36	0	0	0	0
AF	0	0.530294	111	71	40	0	0	0	0
AF	0	0.530606	110	74	36	0	0	0	0
AF	0	0.530918	65	41	24	0	0	0	0
AF	0	0.531230	88	59	29	0	0	0	0
AF	0	0.531543	69	43	26	0	0	0	0
AF	0	0.531855	77	44	33	0	0	0	0
AF	0	0.532167	82	53	29	0	0	0	0
AF	0	0.532480	104	59	45	0	0	0	0
AF	0	0.532792	102	67	35	0	0	0	0
AF	0	0.533104	100	63	37	0	0	0	0
AF	0	0.533417	78	56	22	0	0	0	0
AF	0	0.533729	86	62	24	0	0	0	0
AF	0	0.534041	105	59	46	0	0	0	0
AF	0	0.534354	109	66	43	0	0	0	0
AF	0	0.534666	109	74	35	0	0	0	0
AF	0	0.534978	82	54	28	0	0	0	0
AF	0	0.535290	91	60	31	0	0	0	0
AF	0	0.535603	91	64	27	0	0	0	0
AF	0	0.535915	101	60	41	0	0	0	0
AF	0	0.536227	80	57	23	0	0	0	0
AF	0	0.536540	80	55	25	0	0	0	0
AF	0	0.536852	83	63	20	0	0	0	0
AF	0	0.537164	72	50	22	0	0	0	0
AF	0	0.537477	98	62	36	0	0	0	0
AF	0	0.537789	95	66	29	0	0	0	0
AF	0	0.538101	82	45	37	0	0	0	0
AF	0	0.538413	125	89	36	0	0	0	0
AF	0	0.538726	104	71	33	0	0	0	0
AF	0	0.539038	102	72	30	0	0	0	0
AF	0	0.539350	61	37	24	0	0	0	0
AF	0	0.539663	74	49	25	0	0	0	0
AF	0	0.539975	85	54	31	0	0	0	0
AF	0	0.540287	60	37	23	0	0	0	0
AF	0	0.540600	73	43	30	0	0	0	0
AF	0	0.540912	71	53	18	0	0	0	0
AF	0	0.541224	69	42	27	0	0	0	0
AF	0	0.541537	77	52	25	0	0	0	0
AF	0	0.541849	84	56	28	0	0	0	0
AF	0	0.542161	92	53	39	0	0	0	0
AF	0	0.542473	92	63	29	0	0	0	0
AF	0	0.542786	69	44	25	0	0	0	0
AF	0	0.543098	80	59	21	0	0	0	0
AF	0	0.543410	86	63	23	0	0	0	0
AF	0	0.543723	77	52	25	0	0	0	0
AF	0	0.544035	72	46	26	0	0	0	0
AF	0	0.544347	74	51	23	0	0	0	0
AF	0	0.544660	51	36	15	0	0	0	0
AF	0	0.544972	63	46	17	0	0	0	0
AF	0	0.545284	78	51	27	0	0	0	0
AF	0	0.545597	72	49	23	0	0	0	0
AF	0	0.545909	90	56	34	0	0	0	0
AF	0	0.546221	74	51	23	0	0	0	0
AF	0	0.546533	57	33	24	0	0	0	0
AF	0	0.546846	104	71	33	0	0	0	0
AF	0	0.547158	73	50	23	0	0	0	0
AF	0	0.547470	73	45	28	0	0	0	0
AF	0	0.547783	62	44	18	0	0	0	0
AF	0	0.548095	91	61	30	0	0	0	0
AF	0	0.548407	68	46	22	0	0	0	0
AF	0	0.548720	64	40	24	0	0	0	0
AF	0	0.549032	73	45	28	0	0	0	0
AF	0	0.549344	50	30	20	0	0	0	0
AF	0	0.549656	79	54	25	0	0	0	0
AF	0	0.549969	90	59	31	0	0	0	0
AF	0	0.550281	74	47	27	0	0	0	0
AF	0	0.550593	67	44	23	0	0	0	0
AF	0	0.550906	72	42	30	0	0	0	0
AF	0	0.551218	95	64	31	0	0	0	0
AF	0	0.551530	126	70	56	0	0	0	0
AF	0	0.551843	75	48	27	0	0	0	0
AF	0	0.552155	89	62	27	0	0	0	0
AF	0	0.552467	66	39	27	0	0	0	0
AF	0	0.552780	66	44	22	0	0	0	0
AF	0	0.553092	50	30	20	0	0	0	0
AF	0	0.553404	56	40	16	0	0	0	0
AF	0	0.553716	58	37	21	0	0	0	0
AF	0	0.554029	58	35	23	0	0	0	0
AF	0	0.554341	64	42	22	0	0	0	0
AF	0	0.554653	63	41	22	0	0	0	0
AF	0	0.554966	66	43	23	0	0	0	0
AF	0	0.555278	74	59	15	0	0	0	0
AF	0	0.555590	81	61	20	0	0	0	0
AF	0	0.555903	67	42	25	0	0	0	0
AF	0	0.556215	67	46	21	0	0	0	0
AF	0	0.556527	63	37	26	0	0	0	0
AF	0	0.556839	74	46	28	0	0	0	0
AF	0	0.557152	62	43	19	0	0	0	0
AF	0	0.557464	61	42	19	0	0	0	0
AF	0	0.557776	56	38	18	0	0	0	0
AF	0	0.558089	80	51	29	0	0	0	0
AF	0	0.558401	59	39	20	0	0	0	0
AF	0	0.558713	93	65	28	0	0	0	0
AF	0	0.559026	67	48	19	0	0	0	0
AF	0	0.559338	63	42	21	0	0	0	0
AF	0	0.559650	62	33	29	0	0	0	0
AF	0	0.559963	56	42	14	0	0	0	0
AF	0	0.560275	85	60	25	0	0	0	0
AF	0	0.560587	75	60	15	0	0	0	0
AF	0	0.560899	62	45	17	0	0	0	0
AF	0	0.561212	91	72	19	0	0	0	0
AF	0	0.561524	83	53	30	0	0	0	0
AF	0	0.561836	82	55	27	0	0	0	0
AF	0	0.562149	75	53	22	0	0	0	0
AF	0	0.562461	56	36	20	0	0	0	0
AF	0	0.562773	76	50	26	0	0	0	0
AF	0	0.563086	74	46	28	0	0	0	0
AF	0	0.563398	68	43	25	0	0	0	0
AF	0	0.563710	66	39	27	0	0	0	0
AF	0	0.564022	73	54	19	0	0	0	0
AF	0	0.564335	78	46	32	0	0	0	0
AF	0	0.564647	70	49	21	0	0	0	0
AF	0	0.564959	86	48	38	0	0	0	0
AF	0	0.565272	57	37	20	0	0	0	0
AF	0	0.565584	72	47	25	0	0	0	0
AF	0	0.565896	76	49	27	0	0	0	0
AF	0	0.566209	103	72	31	0	0	0	0
AF	0	0.566521	72	47	25	0	0	0	0
AF	0	0.566833	49	35	14	0	0	0	0
AF	0	0.567146	83	51	32	0	0	0	0
AF	0	0.567458	81	58	23	0	0	0	0
AF	0	0.567770	81	52	29	0	0	0	0
AF	0	0.568082	93	61	32	0	0	0	0
AF	0	0.568395	87	56	31	0	0	0	0
AF	0	0.568707	75	50	25	0	0	0	0
AF	0	0.569019	77	56	21	0	0	0	0
AF	0	0.569332	68	51	17	0	0	0	0
AF	0	0.569644	87	49	38	0	0	0	0
AF	0	0.569956	86	50	36	0	0	0	0
AF	0	0.570269	68	46	22	0	0	0	0
AF	0	0.570581	70	42	28	0	0	0	0
AF	0	0.570893	70	45	25	0	0	0	0
AF	0	0.571205	81	59	22	0	0	0	0
AF	0	0.571518	75	43	32	0	0	0	0
AF	0	0.571830	73	47	26	0	0	0	0
AF	0	0.572142	90	54	36	0	0	0	0
AF	0	0.572455	70	49	21	0	0	0	0
AF	0	0.572767	67	40	27	0	0	0	0
AF	0	0.573079	105	63	42	0	0	0	0
AF	0	0.573392	81	50	31	0	0	0	0
AF	0	0.573704	62	44	18	0	0	0	0
AF	0	0.574016	65	44	21	0	0	0	0
AF	0	0.574329	61	41	20	0	0	0	0
AF	0	0.574641	92	65	27	0	0	0	0
AF	0	0.574953	63	47	16	0	0	0	0
AF	0	0.575265	88	55	33	0	0	0	0
AF	0	0.575578	79	54	25	0	0	0	0
AF	0	0.575890	66	48	18	0	0	0	0
AF	0	0.576202	73	51	22	0	0	0	0
AF	0	0.576515	70	41	29	0	0	0	0
AF	0	0.576827	64	38	26	0	0	0	0
AF	0	0.577139	88	63	25	0	0	0	0
AF	0	0.577452	66	39	27	0	0	0	0
AF	0	0.577764	62	37	25	0	0	0	0
AF	0	0.578076	60	44	16	0	0	0	0
AF	0	0.578389	82	53	29	0	0	0	0
AF	0	0.578701	80	52	28	0	0	0	0
AF	0	0.579013	97	69	28	0	0	0	0
AF	0	0.579325	79	53	26	0	0	0	0
AF	0	0.579638	83	53	30	0	0	0	0
AF	0	0.579950	73	42	31	0	0	0	0
AF	0	0.580262	80	53	27	0	0	0	0
AF	0	0.580575	81	56	25	0	0	0	0
AF	0	0.580887	55	34	21	0	0	0	0
AF	0	0.581199	83	55	28	0	0	0	0
AF	0	0.581512	111	66	45	0	0	0	0
AF	0	0.581824	88	55	33	0	0	0	0
AF	0	0.582136	79	51	28	0	0	0	0
AF	0	0.582448	67	42	25	0	0	0	0
AF	0	0.582761	76	52	24	0	0	0	0
AF	0	0.583073	59	37	22	0	0	0	0
AF	0	0.583385	70	50	20	0	0	0	0
AF	0	0.583698	47	33	14	0	0	0	0
AF	0	0.584010	66	48	18	0	0	0	0
AF	0	0.584322	83	53	30	0	0	0	0
AF	0	0.584635	50	32	18	0	0	0	0
AF	0	0.584947	73	48	25	0	0	0	0
AF	0	0.585259	50	39	11	0	0	0	0
AF	0	0.585572	82	58	24	0	0	0	0
AF	0	0.585884	78	51	27	0	0	0	0
AF	0	0.586196	68	50	18	0	0	0	0
AF	0	0.586508	56	37	19	0	0	0	0
AF	0	0.586821	51	34	17	0	0	0	0
AF	0	0.587133	78	60	18	0	0	0	0
AF	0	0.587445	63	41	22	0	0	0	0
AF	0	0.587758	90	65	25	0	0	0	0
AF	0	0.588070	103	74	29	0	0	0	0
AF	0	0.588382	97	69	28	0	0	0	0
AF	0	0.588695	72	47	25	0	0	0	0
AF	0	0.589007	65	38	27	0	0	0	0
AF	0	0.589319	63	48	15	0	0	0	0
AF	0	0.589631	77	50	27	0	0	0	0
AF	0	0.589944	74	52	22	0	0	0	0
AF	0	0.590256	87	57	30	0	0	0	0
AF	0	0.590568	174	120	54	0	0	0	0
AF	0	0.590881	82	52	30	0	0	0	0
AF	0	0.591193	83	59	24	0	0	0	0
AF	0	0.591505	80	58	22	0	0	0	0
AF	0	0.591818	56	33	23	0	0	0	0
AF	0	0.592130	75	50	25	0	0	0	0
AF	0	0.592442	66	50	16	0	0	0	0
AF	0	0.592755	71	41	30	0	0	0	0
AF	0	0.593067	73	48	25	0	0	0	0
AF	0	0.593379	56	40	16	0	0	0	0
AF	0	0.593691	77	52	25	0	0	0	0
AF	0	0.594004	74	54	20	0	0	0	0
AF	0	0.594316	80	62	18	0	0	0	0
AF	0	0.594628	86	54	32	0	0	0	0
AF	0	0.594941	64	44	20	0	0	0	0
AF	0	0.595253	71	44	27	0	0	0	0
AF	0	0.595565	60	35	25	0	0	0	0
AF	0	0.595878	56	43	13	0	0	0	0
AF	0	0.596190	79	53	26	0	0	0	0
AF	0	0.596502	84	52	32	0	0	0	0
AF	0	0.596814	80	43	37	0	0	0	0
AF	0	0.597127	83	54	29	0	0	0	0
AF	0	0.597439	76	50	26	0	0	0	0
AF	0	0.597751	73	52	21	0	0	0	0
AF	0	0.598064	50	29	21	0	0	0	0
AF	0	0.598376	47	40	7	0	0	0	0
AF	0	0.598688	67	48	19	0	0	0	0
AF	0	0.599001	75	49	26	0	0	0	0
AF	0	0.599313	66	46	20	0	0	0	0
AF	0	0.599625	52	32	20	0	0	0	0
AF	0	0.599938	68	44	24	0	0	0	0
AF	0	0.600250	54	33	21	0	0	0	0
AF	0	0.600562	61	45	16	0	0	0	0
AF	0	0.600874	68	48	20	0	0	0	0
AF	0	0.601187	94	68	26	0	0	0	0
AF	0	0.601499	65	46	19	0	0	0	0
AF	0	0.601811	95	64	31	0	0	0	0
AF	0	0.602124	53	30	23	0	0	0	0
AF	0	0.602436	60	37	23	0	0	0	0
AF	0	0.602748	59	39	20	0	0	0	0
AF	0	0.603061	67	42	25	0	0	0	0
AF	0	0.603373	50	33	17	0	0	0	0
AF	0	0.603685	57	44	13	0	0	0	0
AF	0	0.603998	55	41	14	0	0	0	0
AF	0	0.604310	68	43	25	0	0	0	0
AF	0	0.604622	47	32	15	0	0	0	0
AF	0	0.604934	81	50	31	0	0	0	0
AF	0	0.605247	60	31	29	0	0	0	0
AF	0	0.605559	61	31	30	0	0	0	0
AF	0	0.605871	57	33	24	0	0	0	0
AF	0	0.606184	74	44	30	0	0	0	0
AF	0	0.606496	67	41	26	0	0	0	0
AF	0	0.606808	71	37	34	0	0	0	0
AF	0	0.607121	61	42	19	0	0	0	0
AF	0	0.607433	50	28	22	0	0	0	0
AF	0	0.607745	87	58	29	0	0	0	0
AF	0	0.608057	55	44	11	0	0	0	0
AF	0	0.608370	60	35	25	0	0	0	0
AF	0	0.608682	51	30	21	0	0	0	0
AF	0	0.608994	60	44	16	0	0	0	0
AF	0	0.609307	48	33	15	0	0	0	0
AF	0	0.609619	52	33	19	0	0	0	0
AF	0	0.609931	74	54	20	0	0	0	0
AF	0	0.610244	55	39	16	0	0	0	0
AF	0	0.610556	73	45	28	0	0	0	0
AF	0	0.610868	81	48	33	0	0	0	0
AF	0	0.611181	79	53	26	0	0	0	0
AF	0	0.611493	58	40	18	0	0	0	0
AF	0	0.611805	79	53	26	0	0	0	0
AF	0	0.612117	57	33	24	0	0	0	0
AF	0	0.612430	59	38	21	0	0	0	0
AF	0	0.612742	72	48	24	0	0	0	0
AF	0	0.613054	68	43	25	0	0	0	0
AF	0	0.613367	55	34	21	0	0	0	0
AF	0	0.613679	92	58	34	0	0	0	0
AF	0	0.613991	61	39	22	0	0	0	0
AF	0	0.614304	72	55	17	0	0	0	0
AF	0	0.614616	67	49	18	0	0	0	0
AF	0	0.614928	70	45	25	0	0	0	0
AF	0	0.615240	65	38	27	0	0	0	0
AF	0	0.615553	66	43	23	0	0	0	0
AF	0	0.615865	62	40	22	0	0	0	0
AF	0	0.616177	73	54	19	0	0	0	0
AF	0	0.616490	55	34	21	0	0	0	0
AF	0	0.616802	55	41	14	0	0	0	0
AF	0	0.617114	74	52	22	0	0	0	0
AF	0	0.617427	51	34	17	0	0	0	0
AF	0	0.617739	68	47	21	0	0	0	0
AF	0	0.618051	60	39	21	0	0	0	0
AF	0	0.618364	61	35	26	0	0	0	0
AF	0	0.618676	63	42	21	0	0	0	0
AF	0	0.618988	66	41	25	0	0	0	0
AF	0	0.619300	72	44	28	0	0	0	0
AF	0	0.619613	58	39	19	0	0	0	0
AF	0	0.619925	71	41	30	0	0	0	0
AF	0	0.620237	72	42	30	0	0	0	0
AF	0	0.620550	72	49	23	0	0	0	0
AF	0	0.620862	78	51	27	0	0	0	0
AF	0	0.621174	78	51	27	0	0	0	0
AF	0	0.621487	62	44	18	0	0	0	0
AF	0	0.621799	61	41	20	0	0	0	0
AF	0	0.622111	64	39	25	0	0	0	0
AF	0	0.622423	62	43	19	0	0	0	0
AF	0	0.622736	62	43	19	0	0	0	0
AF	0	0.623048	64	47	17	0	0	0	0
AF	0	0.623360	77	46	31	0	0	0	0
AF	0	0.623673	67	43	24	0	0	0	0
AF	0	0.623985	87	57	30	0	0	0	0
AF	0	0.624297	86	55	31	0	0	0	0
AF	0	0.624610	89	56	33	0	0	0	0
AF	0	0.624922	71	52	19	0	0	0	0
AF	0	0.625234	97	60	37	0	0	0	0
AF	0	0.625547	82	53	29	0	0	0	0
AF	0	0.625859	78	50	28	0	0	0	0
AF	0	0.626171	70	50	20	0	0	0	0
AF	0	0.626483	54	33	21	0	0	0	0
AF	0	0.626796	84	54	30	0	0	0	0
AF	0	0.627108	84	58	26	0	0	0	0
AF	0	0.627420	57	32	25	0	0	0	0
AF	0	0.627733	60	42	18	0	0	0	0
AF	0	0.628045	77	51	26	0	0	0	0
AF	0	0.628357	67	39	28	0	0	0	0
AF	0	0.628670	80	53	27	0	0	0	0
AF	0	0.628982	93	54	39	0	0	0	0
AF	0	0.629294	72	39	33	0	0	0	0
AF	0	0.629606	67	39	28	0	0	0	0
AF	0	0.629919	57	35	22	0	0	0	0
AF	0	0.630231	64	44	20	0	0	0	0
AF	0	0.630543	84	59	25	0	0	0	0
AF	0	0.630856	68	47	21	0	0	0	0
AF	0	0.631168	67	38	29	0	0	0	0
AF	0	0.631480	69	43	26	0	0	0	0
AF	0	0.631793	76	52	24	0	0	0	0
AF	0	0.632105	75	48	27	0	0	0	0
AF	0	0.632417	88	60	28	0	0	0	0
AF	0	0.632730	84	55	29	0	0	0	0
AF	0	0.633042	67	39	28	0	0	0	0
AF	0	0.633354	96	63	33	0	0	0	0
AF	0	0.633666	87	53	34	0	0	0	0
AF	0	0.633979	81	60	21	0	0	0	0
AF	0	0.634291	103	58	45	0	0	0	0
AF	0	0.634603	93	55	38	0	0	0	0
AF	0	0.634916	87	59	28	0	0	0	0
AF	0	0.635228	64	43	21	0	0	0	0
AF	0	0.635540	60	37	23	0	0	0	0
AF	0	0.635853	82	54	28	0	0	0	0
AF	0	0.636165	72	49	23	0	0	0	0
AF	0	0.636477	70	38	32	0	0	0	0
AF	0	0.636790	75	39	36	0	0	0	0
AF	0	0.637102	63	45	18	0	0	0	0
AF	0	0.637414	58	38	20	0	0	0	0
AF	0	0.637726	72	41	31	0	0	0	0
AF	0	0.638039	74	56	18	0	0	0	0
AF	0	0.638351	75	49	26	0	0	0	0
AF	0	0.638663	47	31	16	0	0	0	0
AF	0	0.638976	69	43	26	0	0	0	0
AF	0	0.639288	81	58	23	0	0	0	0
AF	0	0.639600	106	67	39	0	0	0	0
AF	0	0.639913	74	54	20	0	0	0	0
AF	0	0.640225	77	49	28	0	0	0	0
AF	0	0.640537	90	63	27	0	0	0	0
AF	0	0.640849	78	49	29	0	0	0	0
AF	0	0.641162	107	73	34	0	0	0	0
AF	0	0.641474	62	38	24	0	0	0	0
AF	0	0.641786	60	38	22	0	0	0	0
AF	0	0.642099	52	38	14	0	0	0	0
AF	0	0.642411	75	49	26	0	0	0	0
AF	0	0.642723	45	21	24	0	0	0	0
AF	0	0.643036	35	25	10	0	0	0	0
AF	0	0.643348	60	43	17	0	0	0	0
AF	0	0.643660	55	39	16	0	0	0	0
AF	0	0.643973	59	44	15	0	0	0	0
AF	0	0.644285	73	43	30	0	0	0	0
AF	0	0.644597	62	36	26	0	0	0	0
AF	0	0.644909	46	29	17	0	0	0	0
AF	0	0.645222	59	41	18	0	0	0	0
AF	0	0.645534	69	46	23	0	0	0	0
AF	0	0.645846	64	37	27	0	0	0	0
AF	0	0.646159	64	37	27	0	0	0	0
AF	0	0.646471	60	35	25	0	0	0	0
AF	0	0.646783	82	62	20	0	0	0	0
AF	0	0.647096	59	40	19	0	0	0	0
AF	0	0.647408	64	39	25	0	0	0	0
AF	0	0.647720	64	41	23	0	0	0	0
AF	0	0.648032	61	37	24	0	0	0	0
AF	0	0.648345	71	50	21	0	0	0	0
AF	0	0.648657	59	39	20	0	0	0	0
AF	0	0.648969	69	46	23	0	0	0	0
AF	0	0.649282	67	42	25	0	0	0	0
AF	0	0.649594	80	51	29	0	0	0	0
AF	0	0.649906	117	72	45	0	0	0	0
AF	0	0.650219	65	43	22	0	0	0	0
AF	0	0.650531	56	36	20	0	0	0	0
AF	0	0.650843	48	30	18	0	0	0	0
AF	0	0.651156	57	42	15	0	0	0	0
AF	0	0.651468	71	46	25	0	0	0	0
AF	0	0.651780	50	31	19	0	0	0	0
AF	0	0.652092	76	55	21	0	0	0	0
AF	0	0.652405	78	46	32	0	0	0	0
AF	0	0.652717	66	44	22	0	0	0	0
AF	0	0.653029	65	44	21	0	0	0	0
AF	0	0.653342	53	35	18	0	0	0	0
AF	0	0.653654	65	40	25	0	0	0	0
AF	0	0.653966	66	39	27	0	0	0	0
AF	0	0.654279	66	50	16	0	0	0	0
AF	0	0.654591	68	44	24	0	0	0	0
AF	0	0.654903	68	40	28	0	0	0	0
AF	0	0.655215	67	42	25	0	0	0	0
AF	0	0.655528	59	42	17	0	0	0	0
AF	0	0.655840	67	46	21	0	0	0	0
AF	0	0.656152	77	48	29	0	0	0	0
AF	0	0.656465	65	44	21	0	0	0	0
AF	0	0.656777	86	63	23	0	0	0	0
AF	0	0.657089	75	39	36	0	0	0	0
AF	0	0.657402	59	43	16	0	0	0	0
AF	0	0.657714	89	50	39	0	0	0	0
AF	0	0.658026	61	38	23	0	0	0	0
AF	0	0.658339	50	39	11	0	0	0	0
AF	0	0.658651	62	32	30	0	0	0	0
AF	0	0.658963	45	28	17	0	0	0	0
AF	0	0.659275	53	34	19	0	0	0	0
AF	0	0.659588	63	44	19	0	0	0	0
AF	0	0.659900	64	38	26	0	0	0	0
AF	0	0.660212	74	52	22	0	0	0	0
AF	0	0.660525	71	51	20	0	0	0	0
AF	0	0.660837	86	53	33	0	0	0	0
AF	0	0.661149	67	38	29	0	0	0	0
AF	0	0.661462	60	48	12	0	0	0	0
AF	0	0.661774	75	44	31	0	0	0	0
AF	0	0.662086	67	52	15	0	0	0	0
AF	0	0.662399	60	41	19	0	0	0	0
AF	0	0.662711	73	42	31	0	0	0	0
AF	0	0.663023	47	32	15	0	0	0	0
AF	0	0.663335	61	30	31	0	0	0	0
AF	0	0.663648	56	38	18	0	0	0	0
AF	0	0.663960	60	39	21	0	0	0	0
AF	0	0.664272	80	46	34	0	0	0	0
AF	0	0.664585	61	42	19	0	0	0	0
AF	0	0.664897	58	37	21	0	0	0	0
AF	0	0.665209	59	39	20	0	0	0	0
AF	0	0.665522	48	23	25	0	0	0	0
AF	0	0.665834	51	34	17	0	0	0	0
AF	0	0.666146	87	60	27	0	0	0	0
AF	0	0.666458	66	43	23	0	0	0	0
AF	0	0.666771	51	34	17	0	0	0	0
AF	0	0.667083	59	36	23	0	0	0	0
AF	0	0.667395	91	59	32	0	0	0	0
AF	0	0.667708	62	39	23	0	0	0	0
AF	0	0.668020	65	37	28	0	0	0	0
AF	0	0.668332	73	46	27	0	0	0	0
AF	0	0.668645	71	53	18	0	0	0	0
AF	0	0.668957	71	45	26	0	0	0	0
AF	0	0.669269	52	28	24	0	0	0	0
AF	0	0.669582	50	31	19	0	0	0	0
AF	0	0.669894	51	31	20	0	0	0	0
AF	0	0.670206	72	49	23	0	0	0	0
AF	0	0.670518	56	33	23	0	0	0	0
AF	0	0.670831	39	29	10	0	0	0	0
AF	0	0.671143	61	35	26	0	0	0	0
AF	0	0.671455	78	49	29	0	0	0	0
AF	0	0.671768	78	50	28	0	0	0	0
AF	0	0.672080	67	46	21	0	0	0	0
AF	0	0.672392	64	37	27	0	0	0	0
AF	0	0.672705	58	43	15	0	0	0	0
AF	0	0.673017	56	28	28	0	0	0	0
AF	0	0.673329	76	49	27	0	0	0	0
AF	0	0.673641	61	40	21	0	0	0	0
AF	0	0.673954	52	36	16	0	0	0	0
AF	0	0.674266	51	37	14	0	0	0	0
AF	0	0.674578	52	37	15	0	0	0	0
AF	0	0.674891	65	39	26	0	0	0	0
AF	0	0.675203	49	38	11	0	0	0	0
AF	0	0.675515	50	27	23	0	0	0	0
AF	0	0.675828	54	38	16	0	0	0	0
AF	0	0.676140	44	27	17	0	0	0	0
AF	0	0.676452	51	32	19	0	0	0	0
AF	0	0.676765	58	31	27	0	0	0	0
AF	0	0.677077	67	38	29	0	0	0	0
AF	0	0.677389	66	52	14	0	0	0	0
AF	0	0.677701	65	41	24	0	0	0	0
AF	0	0.678014	58	43	15	0	0	0	0
AF	0	0.678326	52	34	18	0	0	0	0
AF	0	0.678638	62	46	16	0	0	0	0
AF	0	0.678951	73	49	24	0	0	0	0
AF	0	0.679263	47	31	16	0	0	0	0
AF	0	0.679575	58	43	15	0	0	0	0
AF	0	0.679888	56	43	13	0	0	0	0
AF	0	0.680200	54	35	19	0	0	0	0
AF	0	0.680512	53	35	18	0	0	0	0
AF	0	0.680824	48	31	17	0	0	0	0
AF	0	0.681137	33	23	10	0	0	0	0
AF	0	0.681449	57	38	19	0	0	0	0
AF	0	0.681761	77	56	21	0	0	0	0
AF	0	0.682074	68	42	26	0	0	0	0
AF	0	0.682386	49	34	15	0	0	0	0
AF	0	0.682698	84	59	25	0	0	0	0
AF	0	0.683011	81	47	34	0	0	0	0
AF	0	0.683323	67	47	20	0	0	0	0
AF	0	0.683635	65	49	16	0	0	0	0
AF	0	0.683948	67	46	21	0	0	0	0
AF	0	0.684260	55	32	23	0	0	0	0
AF	0	0.684572	68	50	18	0	0	0	0
AF	0	0.684884	49	40	9	0	0	0	0
AF	0	0.685197	55	31	24	0	0	0	0
AF	0	0.685509	82	43	39	0	0	0	0
AF	0	0.685821	63	44	19	0	0	0	0
AF	0	0.686134	81	60	21	0	0	0	0
AF	0	0.686446	71	51	20	0	0	0	0
AF	0	0.686758	71	51	20	0	0	0	0
AF	0	0.687071	56	32	24	0	0	0	0
AF	0	0.687383	99	62	37	0	0	0	0
AF	0	0.687695	60	36	24	0	0	0	0
AF	0	0.688007	57	37	20	0	0	0	0
AF	0	0.688320	64	46	18	0	0	0	0
AF	0	0.688632	61	41	20	0	0	0	0
AF	0	0.688944	55	37	18	0	0	0	0
AF	0	0.689257	73	57	16	0	0	0	0
AF	0	0.689569	75	47	28	0	0	0	0
AF	0	0.689881	84	56	28	0	0	0	0
AF	0	0.690194	111	76	35	0	0	0	0
AF	0	0.690506	66	51	15	0	0	0	0
AF	0	0.690818	68	49	19	0	0	0	0
AF	0	0.691131	65	42	23	0	0	0	0
AF	0	0.691443	66	43	23	0	0	0	0
AF	0	0.691755	101	65	36	0	0	0	0
AF	0	0.692067	93	66	27	0	0	0	0
AF	0	0.692380	70	42	28	0	0	0	0
AF	0	0.692692	84	55	29	0	0	0	0
AF	0	0.693004	88	55	33	0	0	0	0
AF	0	0.693317	71	43	28	0	0	0	0
AF	0	0.693629	55	38	17	0	0	0	0
AF	0	0.693941	83	57	26	0	0	0	0
AF	0	0.694254	58	44	14	0	0	0	0
AF	0	0.694566	84	55	29	0	0	0	0
AF	0	0.694878	53	39	14	0	0	0	0
AF	0	0.695191	66	40	26	0	0	0	0
AF	0	0.695503	58	41	17	0	0	0	0
AF	0	0.695815	54	39	15	0	0	0	0
AF	0	0.696127	49	34	15	0	0	0	0
AF	0	0.696440	51	35	16	0	0	0	0
AF	0	0.696752	64	45	19	0	0	0	0
AF	0	0.697064	60	41	19	0	0	0	0
AF	0	0.697377	74	45	29	0	0	0	0
AF	0	0.697689	70	49	21	0	0	0	0
AF	0	0.698001	112	72	40	0	0	0	0
AF	0	0.698314	94	52	42	0	0	0	0
AF	0	0.698626	53	37	16	0	0	0	0
AF	0	0.698938	75	54	21	0	0	0	0
AF	0	0.699250	92	58	34	0	0	0	0
AF	0	0.699563	66	43	23	0	0	0	0
AF	0	0.699875	65	40	25	0	0	0	0
AF	0	0.700187	66	50	16	0	0	0	0
AF	0	0.700500	72	40	32	0	0	0	0
AF	0	0.700812	45	36	9	0	0	0	0
AF	0	0.701124	61	41	20	0	0	0	0
AF	0	0.701437	71	49	22	0	0	0	0
AF	0	0.701749	64	44	20	0	0	0	0
AF	0	0.702061	52	34	18	0	0	0	0
AF	0	0.702374	45	28	17	0	0	0	0
AF	0	0.702686	60	38	22	0	0	0	0
AF	0	0.702998	64	41	23	0	0	0	0
AF	0	0.703310	48	32	16	0	0	0	0
AF	0	0.703623	65	45	20	0	0	0	0
AF	0	0.703935	70	51	19	0	0	0	0
AF	0	0.704247	56	40	16	0	0	0	0
AF	0	0.704560	57	35	22	0	0	0	0
AF	0	0.704872	62	45	17	0	0	0	0
AF	0	0.705184	66	46	20	0	0	0	0
AF	0	0.705497	70	39	31	0	0	0	0
AF	0	0.705809	61	43	18	0	0	0	0
AF	0	0.706121	65	44	21	0	0	0	0
AF	0	0.706433	60	40	20	0	0	0	0
AF	0	0.706746	49	32	17	0	0	0	0
AF	0	0.707058	51	37	14	0	0	0	0
AF	0	0.707370	52	41	11	0	0	0	0
AF	0	0.707683	53	37	16	0	0	0	0
AF	0	0.707995	45	28	17	0	0	0	0
AF	0	0.708307	83	54	29	0	0	0	0
AF	0	0.708620	64	42	22	0	0	0	0
AF	0	0.708932	44	29	15	0	0	0	0
AF	0	0.709244	51	24	27	0	0	0	0
AF	0	0.709557	69	44	25	0	0	0	0
AF	0	0.709869	56	38	18	0	0	0	0
AF	0	0.710181	42	26	16	0	0	0	0
AF	0	0.710493	58	43	15	0	0	0	0
AF	0	0.710806	65	39	26	0	0	0	0
AF	0	0.711118	53	37	16	0	0	0	0
AF	0	0.711430	60	35	25	0	0	0	0
AF	0	0.711743	53	38	15	0	0	0	0
AF	0	0.712055	53	32	21	0	0	0	0
AF	0	0.712367	38	26	12	0	0	0	0
AF	0	0.712680	66	43	23	0	0	0	0
AF	0	0.712992	52	30	22	0	0	0	0
AF	0	0.713304	53	30	23	0	0	0	0
AF	0	0.713616	56	36	20	0	0	0	0
AF	0	0.713929	65	45	20	0	0	0	0
AF	0	0.714241	61	44	17	0	0	0	0
AF	0	0.714553	79	53	26	0	0	0	0
AF	0	0.714866	52	36	16	0	0	0	0
AF	0	0.715178	63	41	22	0	0	0	0
AF	0	0.715490	82	51	31	0	0	0	0
AF	0	0.715803	78	56	22	0	0	0	0
AF	0	0.716115	66	40	26	0	0	0	0
AF	0	0.716427	58	41	17	0	0	0	0
AF	0	0.716740	59	40	19	0	0	0	0
AF	0	0.717052	56	37	19	0	0	0	0
AF	0	0.717364	70	46	24	0	0	0	0
AF	0	0.717676	58	36	22	0	0	0	0
AF	0	0.717989	59	35	24	0	0	0	0
AF	0	0.718301	61	43	18	0	0	0	0
AF	0	0.718613	77	51	26	0	0	0	0
AF	0	0.718926	39	28	11	0	0	0	0
AF	0	0.719238	47	27	20	0	0	0	0
AF	0	0.719550	58	33	25	0	0	0	0
AF	0	0.719863	63	44	19	0	0	0	0
AF	0	0.720175	49	31	18	0	0	0	0
AF	0	0.720487	50	30	20	0	0	0	0
AF	0	0.720800	64	42	22	0	0	0	0
AF	0	0.721112	52	31	21	0	0	0	0
AF	0	0.721424	56	46	10	0	0	0	0
AF	0	0.721736	61	38	23	0	0	0	0
AF	0	0.722049	50	29	21	0	0	0	0
AF	0	0.722361	55	36	19	0	0	0	0
AF	0	0.722673	66	46	20	0	0	0	0
AF	0	0.722986	55	31	24	0	0	0	0
AF	0	0.723298	71	45	26	0	0	0	0
AF	0	0.723610	58	38	20	0	0	0	0
AF	0	0.723923	54	34	20	0	0	0	0
AF	0	0.724235	35	23	12	0	0	0	0
AF	0	0.724547	61	42	19	0	0	0	0
AF	0	0.724859	59	37	22	0	0	0	0
AF	0	0.725172	66	44	22	0	0	0	0
AF	0	0.725484	51	34	17	0	0	0	0
AF	0	0.725796	54	39	15	0	0	0	0
AF	0	0.726109	63	48	15	0	0	0	0
AF	0	0.726421	45	26	19	0	0	0	0
AF	0	0.726733	67	50	17	0	0	0	0
AF	0	0.727046	69	52	17	0	0	0	0
AF	0	0.727358	75	56	19	0	0	0	0
AF	0	0.727670	55	34	21	0	0	0	0
AF	0	0.727983	64	40	24	0	0	0	0
AF	0	0.728295	67	44	23	0	0	0	0
AF	0	0.728607	56	37	19	0	0	0	0
AF	0	0.728919	49	30	19	0	0	0	0
AF	0	0.729232	47	30	17	0	0	0	0
AF	0	0.729544	72	44	28	0	0	0	0
AF	0	0.729856	58	45	13	0	0	0	0
AF	0	0.730169	69	47	22	0	0	0	0
AF	0	0.730481	66	40	26	0	0	0	0
AF	0	0.730793	41	27	14	0	0	0	0
AF	0	0.731106	34	21	13	0	0	0	0
AF	0	0.731418	36	26	10	0	0	0	0
AF	0	0.731730	39	23	16	0	0	0	0
AF	0	0.732042	68	46	22	0	0	0	0
AF	0	0.732355	52	39	13	0	0	0	0
AF	0	0.732667	46	27	19	0	0	0	0
AF	0	0.732979	59	38	21	0	0	0	0
AF	0	0.733292	58	36	22	0	0	0	0
AF	0	0.733604	44	23	21	0	0	0	0
AF	0	0.733916	54	33	21	0	0	0	0
AF	0	0.734229	65	42	23	0	0	0	0
AF	0	0.734541	60	39	21	0	0	0	0
AF	0	0.734853	67	45	22	0	0	0	0
AF	0	0.735166	72	52	20	0	0	0	0
AF	0	0.735478	58	36	22	0	0	0	0
AF	0	0.735790	65	39	26	0	0	0	0
AF	0	0.736102	70	44	26	0	0	0	0
AF	0	0.736415	70	52	18	0	0	0	0
AF	0	0.736727	61	39	22	0	0	0	0
AF	0	0.737039	77	46	31	0	0	0	0
AF	0	0.737352	73	51	22	0	0	0	0
AF	0	0.737664	57	37	20	0	0	0	0
AF	0	0.737976	63	42	21	0	0	0	0
AF	0	0.738289	52	30	22	0	0	0	0
AF	0	0.738601	68	47	21	0	0	0	0
AF	0	0.738913	73	47	26	0	0	0	0
AF	0	0.739225	65	43	22	0	0	0	0
AF	0	0.739538	68	40	28	0	0	0	0
AF	0	0.739850	57	44	13	0	0	0	0
AF	0	0.740162	44	33	11	0	0	0	0
AF	0	0.740475	47	36	11	0	0	0	0
AF	0	0.740787	46	31	15	0	0	0	0
AF	0	0.741099	39	26	13	0	0	0	0
AF	0	0.741412	40	28	12	0	0	0	0
AF	0	0.741724	48	34	14	0	0	0	0
AF	0	0.742036	63	45	18	0	0	0	0
AF	0	0.742349	73	51	22	0	0	0	0
AF	0	0.742661	43	27	16	0	0	0	0
AF	0	0.742973	56	35	21	0	0	0	0
AF	0	0.743285	63	42	21	0	0	0	0
AF	0	0.743598	67	44	23	0	0	0	0
AF	0	0.743910	54	38	16	0	0	0	0
AF	0	0.744222	95	51	44	0	0	0	0
AF	0	0.744535	99	71	28	0	0	0	0
AF	0	0.744847	117	75	42	0	0	0	0
AF	0	0.745159	96	65	31	0	0	0	0
AF	0	0.745472	69	46	23	0	0	0	0
AF	0	0.745784	72	48	24	0	0	0	0
AF	0	0.746096	61	43	18	0	0	0	0
AF	0	0.746408	45	29	16	0	0	0	0
AF	0	0.746721	58	35	23	0	0	0	0
AF	0	0.747033	73	49	24	0	0	0	0
AF	0	0.747345	57	37	20	0	0	0	0
AF	0	0.747658	45	34	11	0	0	0	0
AF	0	0.747970	63	39	24	0	0	0	0
AF	0	0.748282	56	38	18	0	0	0	0
AF	0	0.748595	44	34	10	0	0	0	0
AF	0	0.748907	68	49	19	0	0	0	0
AF	0	0.749219	84	52	32	0	0	0	0
AF	0	0.749532	61	40	21	0	0	0	0
AF	0	0.749844	78	48	30	0	0	0	0
AF	0	0.750156	57	44	13	0	0	0	0
AF	0	0.750468	47	34	13	0	0	0	0
AF	0	0.750781	68	45	23	0	0	0	0
AF	0	0.751093	59	41	18	0	0	0	0
AF	0	0.751405	63	39	24	0	0	0	0
AF	0	0.751718	49	33	16	0	0	0	0
AF	0	0.752030	67	48	19	0	0	0	0
AF	0	0.752342	47	31	16	0	0	0	0
AF	0	0.752655	42	29	13	0	0	0	0
AF	0	0.752967	63	40	23	0	0	0	0
AF	0	0.753279	49	27	22	0	0	0	0
AF	0	0.753592	28	18	10	0	0	0	0
AF	0	0.753904	43	25	18	0	0	0	0
AF	0	0.754216	45	30	15	0	0	0	0
AF	0	0.754528	40	23	17	0	0	0	0
AF	0	0.754841	56	36	20	0	0	0	0
AF	0	0.755153	63	33	30	0	0	0	0
AF	0	0.755465	57	38	19	0	0	0	0
AF	0	0.755778	38	24	14	0	0	0	0
AF	0	0.756090	45	28	17	0	0	0	0
AF	0	0.756402	49	30	19	0	0	0	0
AF	0	0.756715	57	33	24	0	0	0	0
AF	0	0.757027	59	39	20	0	0	0	0
AF	0	0.757339	44	32	12	0	0	0	0
AF	0	0.757651	43	29	14	0	0	0	0
AF	0	0.757964	35	20	15	0	0	0	0
AF	0	0.758276	48	32	16	0	0	0	0
AF	0	0.758588	43	33	10	0	0	0	0
AF	0	0.758901	78	47	31	0	0	0	0
AF	0	0.759213	46	32	14	0	0	0	0
AF	0	0.759525	43	33	10	0	0	0	0
AF	0	0.759838	52	30	22	0	0	0	0
AF	0	0.760150	45	28	17	0	0	0	0
AF	0	0.760462	63	42	21	0	0	0	0
AF	0	0.760775	36	25	11	0	0	0	0
AF	0	0.761087	39	25	14	0	0	0	0
AF	0	0.761399	44	25	19	0	0	0	0
AF	0	0.761711	40	28	12	0	0	0	0
AF	0	0.762024	53	31	22	0	0	0	0
AF	0	0.762336	56	35	21	0	0	0	0
AF	0	0.762648	44	30	14	0	0	0	0
AF	0	0.762961	40	20	20	0	0	0	0
AF	0	0.763273	66	44	22	0	0	0	0
AF	0	0.763585	58	36	22	0	0	0	0
AF	0	0.763898	61	42	19	0	0	0	0
AF	0	0.764210	64	34	30	0	0	0	0
AF	0	0.764522	55	38	17	0	0	0	0
AF	0	0.764834	47	30	17	0	0	0	0
AF	0	0.765147	55	32	23	0	0	0	0
AF	0	0.765459	55	28	27	0	0	0	0
AF	0	0.765771	47	31	16	0	0	0	0
AF	0	0.766084	41	33	8	0	0	0	0
AF	0	0.766396	58	36	22	0	0	0	0
AF	0	0.766708	43	25	18	0	0	0	0
AF	0	0.767021	47	31	16	0	0	0	0
AF	0	0.767333	54	37	17	0	0	0	0
AF	0	0.767645	70	51	19	0	0	0	0
AF	0	0.767958	53	42	11	0	0	0	0
AF	0	0.768270	54	37	17	0	0	0	0
AF	0	0.768582	73	46	27	0	0	0	0
AF	0	0.768894	62	41	21	0	0	0	0
AF	0	0.769207	42	30	12	0	0	0	0
AF	0	0.769519	71	55	16	0	0	0	0
AF	0	0.769831	89	54	35	0	0	0	0
AF	0	0.770144	79	61	18	0	0	0	0
AF	0	0.770456	62	39	23	0	0	0	0
AF	0	0.770768	76	55	21	0	0	0	0
AF	0	0.771081	60	42	18	0	0	0	0
AF	0	0.771393	48	32	16	0	0	0	0
AF	0	0.771705	58	41	17	0	0	0	0
AF	0	0.772017	50	26	24	0	0	0	0
AF	0	0.772330	66	42	24	0	0	0	0
AF	0	0.772642	38	16	22	0	0	0	0
AF	0	0.772954	50	35	15	0	0	0	0
AF	0	0.773267	42	27	15	0	0	0	0
AF	0	0.773579	42	23	19	0	0	0	0
AF	0	0.773891	38	24	14	0	0	0	0
AF	0	0.774204	44	23	21	0	0	0	0
AF	0	0.774516	52	33	19	0	0	0	0
AF	0	0.774828	44	30	14	0	0	0	0
AF	0	0.775141	49	38	11	0	0	0	0
AF	0	0.775453	31	22	9	0	0	0	0
AF	0	0.775765	51	37	14	0	0	0	0
AF	0	0.776077	39	24	15	0	0	0	0
AF	0	0.776390	60	37	23	0	0	0	0
AF	0	0.776702	56	24	32	0	0	0	0
AF	0	0.777014	40	28	12	0	0	0	0
AF	0	0.777327	53	38	15	0	0	0	0
AF	0	0.777639	30	21	9	0	0	0	0
AF	0	0.777951	48	34	14	0	0	0	0
AF	0	0.778264	52	32	20	0	0	0	0
AF	0	0.778576	51	37	14	0	0	0	0
AF	0	0.778888	61	38	23	0	0	0	0
AF	0	0.779200	50	36	14	0	0	0	0
AF	0	0.779513	54	42	12	0	0	0	0
AF	0	0.779825	52	33	19	0	0	0	0
AF	0	0.780137	38	31	7	0	0	0	0
AF	0	0.780450	45	31	14	0	0	0	0
AF	0	0.780762	57	47	10	0	0	0	0
AF	0	0.781074	42	24	18	0	0	0	0
AF	0	0.781387	56	36	20	0	0	0	0
AF	0	0.781699	55	38	17	0	0	0	0
AF	0	0.782011	62	39	23	0	0	0	0
AF	0	0.782324	46	32	14	0	0	0	0
AF	0	0.782636	64	32	32	0	0	0	0
AF	0	0.782948	67	46	21	0	0	0	0
AF	0	0.783260	60	45	15	0	0	0	0
AF	0	0.783573	42	24	18	0	0	0	0
AF	0	0.783885	54	39	15	0	0	0	0
AF	0	0.784197	71	40	31	0	0	0	0
AF	0	0.784510	45	29	16	0	0	0	0
AF	0	0.784822	46	38	8	0	0	0	0
AF	0	0.785134	47	28	19	0	0	0	0
AF	0	0.785447	52	31	21	0	0	0	0
AF	0	0.785759	60	43	17	0	0	0	0
AF	0	0.786071	68	47	21	0	0	0	0
AF	0	0.786384	66	47	19	0	0	0	0
AF	0	0.786696	57	37	20	0	0	0	0
AF	0	0.787008	66	40	26	0	0	0	0
AF	0	0.787320	67	34	33	0	0	0	0
AF	0	0.787633	46	31	15	0	0	0	0
AF	0	0.787945	52	33	19	0	0	0	0
AF	0	0.788257	34	21	13	0	0	0	0
AF	0	0.788570	45	27	18	0	0	0	0
AF	0	0.788882	31	20	11	0	0	0	0
AF	0	0.789194	39	28	11	0	0	0	0
AF	0	0.789507	95	61	34	0	0	0	0
AF	0	0.789819	51	39	12	0	0	0	0
AF	0	0.790131	63	39	24	0	0	0	0
AF	0	0.790443	35	20	15	0	0	0	0
AF	0	0.790756	59	37	22	0	0	0	0
AF	0	0.791068	53	33	20	0	0	0	0
AF	0	0.791380	56	40	16	0	0	0	0
AF	0	0.791693	38	23	15	0	0	0	0
AF	0	0.792005	69	48	21	0	0	0	0
AF	0	0.792317	42	26	16	0	0	0	0
AF	0	0.792630	59	39	20	0	0	0	0
AF	0	0.792942	80	55	25	0	0	0	0
AF	0	0.793254	71	42	29	0	0	0	0
AF	0	0.793567	48	33	15	0	0	0	0
AF	0	0.793879	60	38	22	0	0	0	0
AF	0	0.794191	52	36	16	0	0	0	0
AF	0	0.794503	60	37	23	0	0	0	0
AF	0	0.794816	42	32	10	0	0	0	0
AF	0	0.795128	60	41	19	0	0	0	0
AF	0	0.795440	80	55	25	0	0	0	0
AF	0	0.795753	72	44	28	0	0	0	0
AF	0	0.796065	52	30	22	0	0	0	0
AF	0	0.796377	38	25	13	0	0	0	0
AF	0	0.796690	55	44	11	0	0	0	0
AF	0	0.797002	42	24	18	0	0	0	0
AF	0	0.797314	77	55	22	0	0	0	0
AF	0	0.797626	50	37	13	0	0	0	0
AF	0	0.797939	62	38	24	0	0	0	0
AF	0	0.798251	54	40	14	0	0	0	0
AF	0	0.798563	57	32	25	0	0	0	0
AF	0	0.798876	58	35	23	0	0	0	0
AF	0	0.799188	77	43	34	0	0	0	0
AF	0	0.799500	52	38	14	0	0	0	0
AF	0	0.799813	50	34	16	0	0	0	0
AF	0	0.800125	64	39	25	0	0	0	0
AF	0	0.800437	47	35	12	0	0	0	0
AF	0	0.800750	56	40	16	0	0	0	0
AF	0	0.801062	39	27	12	0	0	0	0
AF	0	0.801374	52	32	20	0	0	0	0
AF	0	0.801686	45	27	18	0	0	0	0
AF	0	0.801999	42	25	17	0	0	0	0
AF	0	0.802311	48	33	15	0	0	0	0
AF	0	0.802623	54	36	18	0	0	0	0
AF	0	0.802936	53	37	16	0	0	0	0
AF	0	0.803248	50	37	13	0	0	0	0
AF	0	0.803560	46	31	15	0	0	0	0
AF	0	0.803873	45	28	17	0	0	0	0
AF	0	0.804185	39	29	10	0	0	0	0
AF	0	0.804497	51	30	21	0	0	0	0
AF	0	0.804809	51	34	17	0	0	0	0
AF	0	0.805122	50	33	17	0	0	0	0
AF	0	0.805434	40	20	20	0	0	0	0
AF	0	0.805746	54	29	25	0	0	0	0
AF	0	0.806059	70	41	29	0	0	0	0
AF	0	0.806371	67	45	22	0	0	0	0
AF	0	0.806683	115	82	33	0	0	0	0
AF	0	0.806996	58	40	18	0	0	0	0
AF	0	0.807308	46	28	18	0	0	0	0
AF	0	0.807620	40	25	15	0	0	0	0
AF	0	0.807933	55	32	23	0	0	0	0
AF	0	0.808245	56	43	13	0	0	0	0
AF	0	0.808557	44	30	14	0	0	0	0
AF	0	0.808869	47	31	16	0	0	0	0
AF	0	0.809182	46	33	13	0	0	0	0
AF	0	0.809494	47	35	12	0	0	0	0
AF	0	0.809806	71	48	23	0	0	0	0
AF	0	0.810119	52	29	23	0	0	0	0
AF	0	0.810431	35	27	8	0	0	0	0
AF	0	0.810743	57	36	21	0	0	0	0
AF	0	0.811056	44	27	17	0	0	0	0
AF	0	0.811368	57	46	11	0	0	0	0
AF	0	0.811680	51	33	18	0	0	0	0
AF	0	0.811993	28	17	11	0	0	0	0
AF	0	0.812305	49	39	10	0	0	0	0
AF	0	0.812617	52	36	16	0	0	0	0
AF	0	0.812929	64	37	27	0	0	0	0
AF	0	0.813242	64	44	20	0	0	0	0
AF	0	0.813554	53	34	19	0	0	0	0
AF	0	0.813866	60	40	20	0	0	0	0
AF	0	0.814179	54	40	14	0	0	0	0
AF	0	0.814491	59	41	18	0	0	0	0
AF	0	0.814803	31	20	11	0	0	0	0
AF	0	0.815116	53	37	16	0	0	0	0
AF	0	0.815428	40	29	11	0	0	0	0
AF	0	0.815740	49	36	13	0	0	0	0
AF	0	0.816052	40	26	14	0	0	0	0
AF	0	0.816365	56	34	22	0	0	0	0
AF	0	0.816677	38	20	18	0	0	0	0
AF	0	0.816989	40	23	17	0	0	0	0
AF	0	0.817302	62	43	19	0	0	0	0
AF	0	0.817614	56	34	22	0	0	0	0
AF	0	0.817926	59	36	23	0	0	0	0
AF	0	0.818239	61	40	21	0	0	0	0
AF	0	0.818551	40	22	18	0	0	0	0
AF	0	0.818863	52	39	13	0	0	0	0
AF	0	0.819176	44	27	17	0	0	0	0
AF	0	0.819488	54	39	15	0	0	0	0
AF	0	0.819800	50	32	18	0	0	0	0
AF	0	0.820112	61	41	20	0	0	0	0
AF	0	0.820425	54	35	19	0	0	0	0
AF	0	0.820737	55	35	20	0	0	0	0
AF	0	0.821049	71	44	27	0	0	0	0
AF	0	0.821362	57	44	13	0	0	0	0
AF	0	0.821674	55	35	20	0	0	0	0
AF	0	0.821986	42	25	17	0	0	0	0
AF	0	0.822299	38	30	8	0	0	0	0
AF	0	0.822611	46	26	20	0	0	0	0
AF	0	0.822923	59	37	22	0	0	0	0
AF	0	0.823235	64	44	20	0	0	0	0
AF	0	0.823548	50	39	11	0	0	0	0
AF	0	0.823860	62	48	14	0	0	0	0
AF	0	0.824172	43	25	18	0	0	0	0
AF	0	0.824485	39	28	11	0	0	0	0
AF	0	0.824797	47	32	15	0	0	0	0
AF	0	0.825109	49	31	18	0	0	0	0
AF	0	0.825422	44	25	19	0	0	0	0
AF	0	0.825734	35	24	11	0	0	0	0
AF	0	0.826046	46	32	14	0	0	0	0
AF	0	0.826359	51	38	13	0	0	0	0
AF	0	0.826671	72	51	21	0	0	0	0
AF	0	0.826983	51	33	18	0	0	0	0
AF	0	0.827295	54	38	16	0	0	0	0
AF	0	0.827608	38	27	11	0	0	0	0
AF	0	0.827920	35	28	7	0	0	0	0
AF	0	0.828232	52	35	17	0	0	0	0
AF	0	0.828545	41	24	17	0	0	0	0
AF	0	0.828857	40	26	14	0	0	0	0
AF	0	0.829169	55	42	13	0	0	0	0
AF	0	0.829482	42	27	15	0	0	0	0
AF	0	0.829794	40	26	14	0	0	0	0
AF	0	0.830106	38	28	10	0	0	0	0
AF	0	0.830418	51	34	17	0	0	0	0
AF	0	0.830731	38	25	13	0	0	0	0
AF	0	0.831043	38	29	9	0	0	0	0
AF	0	0.831355	53	36	17	0	0	0	0
AF	0	0.831668	33	19	14	0	0	0	0
AF	0	0.831980	28	14	14	0	0	0	0
AF	0	0.832292	44	27	17	0	0	0	0
AF	0	0.832605	57	35	22	0	0	0	0
AF	0	0.832917	51	38	13	0	0	0	0
AF	0	0.833229	44	24	20	0	0	0	0
AF	0	0.833542	57	40	17	0	0	0	0
AF	0	0.833854	39	30	9	0	0	0	0
AF	0	0.834166	53	36	17	0	0	0	0
AF	0	0.834478	43	32	11	0	0	0	0
AF	0	0.834791	43	25	18	0	0	0	0
AF	0	0.835103	33	24	9	0	0	0	0
AF	0	0.835415	46	30	16	0	0	0	0
AF	0	0.835728	49	31	18	0	0	0	0
AF	0	0.836040	46	30	16	0	0	0	0
AF	0	0.836352	44	26	18	0	0	0	0
AF	0	0.836665	46	34	12	0	0	0	0
AF	0	0.836977	35	24	11	0	0	0	0
AF	0	0.837289	47	29	18	0	0	0	0
AF	0	0.837601	49	28	21	0	0	0	0
AF	0	0.837914	37	27	10	0	0	0	0
AF	0	0.838226	44	28	16	0	0	0	0
AF	0	0.838538	45	32	13	0	0	0	0
AF	0	0.838851	49	33	16	0	0	0	0
AF	0	0.839163	42	26	16	0	0	0	0
AF	0	0.839475	55	36	19	0	0	0	0
AF	0	0.839788	47	26	21	0	0	0	0
AF	0	0.840100	73	57	16	0	0	0	0
AF	0	0.840412	34	24	10	0	0	0	0
AF	0	0.840725	36	24	12	0	0	0	0
AF	0	0.841037	44	29	15	0	0	0	0
AF	0	0.841349	57	39	18	0	0	0	0
AF	0	0.841661	55	35	20	0	0	0	0
AF	0	0.841974	47	29	18	0	0	0	0
AF	0	0.842286	46	28	18	0	0	0	0
AF	0	0.842598	44	28	16	0	0	0	0
AF	0	0.842911	60	37	23	0	0	0	0
AF	0	0.843223	34	21	13	0	0	0	0
AF	0	0.843535	39	22	17	0	0	0	0
AF	0	0.843848	42	27	15	0	0	0	0
AF	0	0.844160	40	29	11	0	0	0	0
AF	0	0.844472	55	32	23	0	0	0	0
AF	0	0.844785	67	45	22	0	0	0	0
AF	0	0.845097	83	46	37	0	0	0	0
AF	0	0.845409	57	42	15	0	0	0	0
AF	0	0.845721	49	32	17	0	0	0	0
AF	0	0.846034	35	17	18	0	0	0	0
AF	0	0.846346	31	19	12	0	0	0	0
AF	0	0.846658	40	23	17	0	0	0	0
AF	0	0.846971	41	29	12	0	0	0	0
AF	0	0.847283	42	30	12	0	0	0	0
AF	0	0.847595	38	25	13	0	0	0	0
AF	0	0.847908	45	27	18	0	0	0	0
AF	0	0.848220	53	36	17	0	0	0	0
AF	0	0.848532	41	27	14	0	0	0	0
AF	0	0.848844	37	22	15	0	0	0	0
AF	0	0.849157	36	24	12	0	0	0	0
AF	0	0.849469	52	29	23	0	0	0	0
AF	0	0.849781	50	32	18	0	0	0	0
AF	0	0.850094	54	40	14	0	0	0	0
AF	0	0.850406	48	28	20	0	0	0	0
AF	0	0.850718	39	25	14	0	0	0	0
AF	0	0.851031	63	43	20	0	0	0	0
AF	0	0.851343	49	31	18	0	0	0	0
AF	0	0.851655	49	27	22	0	0	0	0
AF	0	0.851968	40	27	13	0	0	0	0
AF	0	0.852280	53	37	16	0	0	0	0
AF	0	0.852592	46	39	7	0	0	0	0
AF	0	0.852904	52	39	13	0	0	0	0
AF	0	0.853217	65	44	21	0	0	0	0
AF	0	0.853529	55	37	18	0	0	0	0
AF	0	0.853841	56	38	18	0	0	0	0
AF	0	0.854154	36	24	12	0	0	0	0
AF	0	0.854466	47	28	19	0	0	0	0
AF	0	0.854778	41	30	11	0	0	0	0
AF	0	0.855091	38	26	12	0	0	0	0
AF	0	0.855403	46	28	18	0	0	0	0
AF	0	0.855715	30	24	6	0	0	0	0
AF	0	0.856027	30	16	14	0	0	0	0
AF	0	0.856340	60	35	25	0	0	0	0
AF	0	0.856652	71	48	23	0	0	0	0
AF	0	0.856964	66	34	32	0	0	0	0
AF	0	0.857277	46	26	20	0	0	0	0
AF	0	0.857589	41	30	11	0	0	0	0
AF	0	0.857901	56	31	25	0	0	0	0
AF	0	0.858214	41	19	22	0	0	0	0
AF	0	0.858526	52	34	18	0	0	0	0
AF	0	0.858838	37	24	13	0	0	0	0
AF	0	0.859151	34	20	14	0	0	0	0
AF	0	0.859463	31	19	12	0	0	0	0
AF	0	0.859775	44	31	13	0	0	0	0
AF	0	0.860087	40	25	15	0	0	0	0
AF	0	0.860400	47	32	15	0	0	0	0
AF	0	0.860712	46	30	16	0	0	0	0
AF	0	0.861024	38	28	10	0	0	0	0
AF	0	0.861337	44	28	16	0	0	0	0
AF	0	0.861649	52	41	11	0	0	0	0
AF	0	0.861961	47	30	17	0	0	0	0
AF	0	0.862274	57	42	15	0	0	0	0
AF	0	0.862586	33	22	11	0	0	0	0
AF	0	0.862898	31	19	12	0	0	0	0
AF	0	0.863210	46	27	19	0	0	0	0
AF	0	0.863523	41	33	8	0	0	0	0
AF	0	0.863835	24	18	6	0	0	0	0
AF	0	0.864147	38	22	16	0	0	0	0
AF	0	0.864460	38	26	12	0	0	0	0
AF	0	0.864772	69	36	33	0	0	0	0
AF	0	0.865084	40	24	16	0	0	0	0
AF	0	0.865397	46	28	18	0	0	0	0
AF	0	0.865709	35	21	14	0	0	0	0
AF	0	0.866021	36	24	12	0	0	0	0
AF	0	0.866334	65	35	30	0	0	0	0
AF	0	0.866646	40	26	14	0	0	0	0
AF	0	0.866958	38	24	14	0	0	0	0
AF	0	0.867270	43	31	12	0	0	0	0
AF	0	0.867583	36	21	15	0	0	0	0
AF	0	0.867895	37	25	12	0	0	0	0
AF	0	0.868207	41	26	15	0	0	0	0
AF	0	0.868520	55	39	16	0	0	0	0
AF	0	0.868832	73	51	22	0	0	0	0
AF	0	0.869144	63	45	18	0	0	0	0
AF	0	0.869457	42	27	15	0	0	0	0
AF	0	0.869769	32	20	12	0	0	0	0
AF	0	0.870081	46	32	14	0	0	0	0
AF	0	0.870394	40	29	11	0	0	0	0
AF	0	0.870706	33	20	13	0	0	0	0
AF	0	0.871018	36	24	12	0	0	0	0
AF	0	0.871330	57	35	22	0	0	0	0
AF	0	0.871643	53	39	14	0	0	0	0
AF	0	0.871955	39	27	12	0	0	0	0
AF	0	0.872267	46	29	17	0	0	0	0
AF	0	0.872580	52	33	19	0	0	0	0
AF	0	0.872892	39	31	8	0	0	0	0
AF	0	0.873204	34	20	14	0	0	0	0
AF	0	0.873517	40	28	12	0	0	0	0
AF	0	0.873829	35	22	13	0	0	0	0
AF	0	0.874141	25	21	4	0	0	0	0
AF	0	0.874453	36	28	8	0	0	0	0
AF	0	0.874766	38	28	10	0	0	0	0
AF	0	0.875078	39	25	14	0	0	0	0
AF	0	0.875390	56	39	17	0	0	0	0
AF	0	0.875703	42	27	15	0	0	0	0
AF	0	0.876015	53	41	12	0	0	0	0
AF	0	0.876327	42	30	12	0	0	0	0
AF	0	0.876640	36	21	15	0	0	0	0
AF	0	0.876952	43	31	12	0	0	0	0
AF	0	0.877264	40	24	16	0	0	0	0
AF	0	0.877577	36	25	11	0	0	0	0
AF	0	0.877889	51	30	21	0	0	0	0
AF	0	0.878201	31	22	9	0	0	0	0
AF	0	0.878513	48	32	16	0	0	0	0
AF	0	0.878826	32	18	14	0	0	0	0
AF	0	0.879138	48	27	21	0	0	0	0
AF	0	0.879450	36	24	12	0	0	0	0
AF	0	0.879763	33	19	14	0	0	0	0
AF	0	0.880075	44	30	14	0	0	0	0
AF	0	0.880387	50	30	20	0	0	0	0
AF	0	0.880700	51	33	18	0	0	0	0
AF	0	0.881012	36	20	16	0	0	0	0
AF	0	0.881324	23	18	5	0	0	0	0
AF	0	0.881636	46	33	13	0	0	0	0
AF	0	0.881949	53	28	25	0	0	0	0
AF	0	0.882261	41	28	13	0	0	0	0
AF	0	0.882573	27	16	11	0	0	0	0
AF	0	0.882886	44	31	13	0	0	0	0
AF	0	0.883198	50	37	13	0	0	0	0
AF	0	0.883510	30	22	8	0	0	0	0
AF	0	0.883823	27	16	11	0	0	0	0
AF	0	0.884135	37	22	15	0	0	0	0
AF	0	0.884447	27	21	6	0	0	0	0
AF	0	0.884760	28	17	11	0	0	0	0
AF	0	0.885072	31	21	10	0	0	0	0
AF	0	0.885384	29	22	7	0	0	0	0
AF	0	0.885696	42	33	9	0	0	0	0
AF	0	0.886009	30	22	8	0	0	0	0
AF	0	0.886321	32	15	17	0	0	0	0
AF	0	0.886633	26	16	10	0	0	0	0
AF	0	0.886946	29	21	8	0	0	0	0
AF	0	0.887258	47	36	11	0	0	0	0
AF	0	0.887570	45	30	15	0	0	0	0
AF	0	0.887883	47	30	17	0	0	0	0
AF	0	0.888195	62	45	17	0	0	0	0
AF	0	0.888507	48	33	15	0	0	0	0
AF	0	0.888819	52	29	23	0	0	0	0
AF	0	0.889132	39	28	11	0	0	0	0
AF	0	0.889444	36	27	9	0	0	0	0
AF	0	0.889756	50	30	20	0	0	0	0
AF	0	0.890069	34	15	19	0	0	0	0
AF	0	0.890381	47	30	17	0	0	0	0
AF	0	0.890693	42	26	16	0	0	0	0
AF	0	0.891006	58	39	19	0	0	0	0
AF	0	0.891318	43	26	17	0	0	0	0
AF	0	0.891630	25	17	8	0	0	0	0
AF	0	0.891943	27	19	8	0	0	0	0
AF	0	0.892255	28	20	8	0	0	0	0
AF	0	0.892567	35	18	17	0	0	0	0
AF	0	0.892879	35	31	4	0	0	0	0
AF	0	0.893192	32	20	12	0	0	0	0
AF	0	0.893504	35	20	15	0	0	0	0
AF	0	0.893816	39	27	12	0	0	0	0
AF	0	0.894129	45	30	15	0	0	0	0
AF	0	0.894441	45	30	15	0	0	0	0
AF	0	0.894753	80	49	31	0	0	0	0
AF	0	0.895066	36	22	14	0	0	0	0
AF	0	0.895378	16	12	4	0	0	0	0
AF	0	0.895690	38	22	16	0	0	0	0
AF	0	0.896002	34	23	11	0	0	0	0
AF	0	0.896315	27	21	6	0	0	0	0
AF	0	0.896627	27	17	10	0	0	0	0
AF	0	0.896939	84	56	28	0	0	0	0
AF	0	0.897252	46	33	13	0	0	0	0
AF	0	0.897564	55	36	19	0	0	0	0
AF	0	0.897876	29	20	9	0	0	0	0
AF	0	0.898189	24	17	7	0	0	0	0
AF	0	0.898501	31	22	9	0	0	0	0
AF	0	0.898813	35	17	18	0	0	0	0
AF	0	0.899126	42	27	15	0	0	0	0
AF	0	0.899438	31	22	9	0	0	0	0
AF	0	0.899750	33	22	11	0	0	0	0
AF	0	0.900062	37	31	6	0	0	0	0
AF	0	0.900375	48	34	14	0	0	0	0
AF	0	0.900687	42	24	18	0	0	0	0
AF	0	0.900999	40	25	15	0	0	0	0
AF	0	0.901312	54	39	15	0	0	0	0
AF	0	0.901624	29	15	14	0	0	0	0
AF	0	0.901936	39	21	18	0	0	0	0
AF	0	0.902249	31	22	9	0	0	0	0
AF	0	0.902561	43	29	14	0	0	0	0
AF	0	0.902873	29	19	10	0	0	0	0
AF	0	0.903186	32	20	12	0	0	0	0
AF	0	0.903498	27	20	7	0	0	0	0
AF	0	0.903810	20	13	7	0	0	0	0
AF	0	0.904122	26	22	4	0	0	0	0
AF	0	0.904435	25	18	7	0	0	0	0
AF	0	0.904747	39	25	14	0	0	0	0
AF	0	0.905059	36	27	9	0	0	0	0
AF	0	0.905372	41	32	9	0	0	0	0
AF	0	0.905684	66	37	29	0	0	0	0
AF	0	0.905996	54	33	21	0	0	0	0
AF	0	0.906309	34	22	12	0	0	0	0
AF	0	0.906621	31	22	9	0	0	0	0
AF	0	0.906933	36	23	13	0	0	0	0
AF	0	0.907245	31	22	9	0	0	0	0
AF	0	0.907558	19	14	5	0	0	0	0
AF	0	0.907870	18	15	3	0	0	0	0
AF	0	0.908182	23	14	9	0	0	0	0
AF	0	0.908495	31	19	12	0	0	0	0
AF	0	0.908807	27	17	10	0	0	0	0
AF	0	0.909119	31	16	15	0	0	0	0
AF	0	0.909432	51	31	20	0	0	0	0
AF	0	0.909744	37	25	12	0	0	0	0
AF	0	0.910056	29	23	6	0	0	0	0
AF	0	0.910369	36	24	12	0	0	0	0
AF	0	0.910681	45	32	13	0	0	0	0
AF	0	0.910993	40	27	13	0	0	0	0
AF	0	0.911305	33	21	12	0	0	0	0
AF	0	0.911618	40	25	15	0	0	0	0
AF	0	0.911930	49	32	17	0	0	0	0
AF	0	0.912242	31	22	9	0	0	0	0
AF	0	0.912555	28	20	8	0	0	0	0
AF	0	0.912867	37	23	14	0	0	0	0
AF	0	0.913179	41	26	15	0	0	0	0
AF	0	0.913492	32	23	9	0	0	0	0
AF	0	0.913804	37	20	17	0	0	0	0
AF	0	0.914116	47	35	12	0	0	0	0
AF	0	0.914428	25	14	11	0	0	0	0
AF	0	0.914741	36	19	17	0	0	0	0
AF	0	0.915053	33	24	9	0	0	0	0
AF	0	0.915365	31	26	5	0	0	0	0
AF	0	0.915678	34	21	13	0	0	0	0
AF	0	0.915990	56	40	16	0	0	0	0
AF	0	0.916302	36	22	14	0	0	0	0
AF	0	0.916615	37	29	8	0	0	0	0
AF	0	0.916927	38	25	13	0	0	0	0
AF	0	0.917239	27	18	9	0	0	0	0
AF	0	0.917552	30	17	13	0	0	0	0
AF	0	0.917864	31	23	8	0	0	0	0
AF	0	0.918176	28	20	8	0	0	0	0
AF	0	0.918488	48	30	18	0	0	0	0
AF	0	0.918801	41	24	17	0	0	0	0
AF	0	0.919113	28	16	12	0	0	0	0
AF	0	0.919425	32	22	10	0	0	0	0
AF	0	0.919738	32	17	15	0	0	0	0
AF	0	0.920050	42	28	14	0	0	0	0
AF	0	0.920362	27	20	7	0	0	0	0
AF	0	0.920675	27	17	10	0	0	0	0
AF	0	0.920987	36	22	14	0	0	0	0
AF	0	0.921299	28	20	8	0	0	0	0
AF	0	0.921611	29	22	7	0	0	0	0
AF	0	0.921924	23	14	9	0	0	0	0
AF	0	0.922236	30	19	11	0	0	0	0
AF	0	0.922548	34	20	14	0	0	0	0
AF	0	0.922861	37	22	15	0	0	0	0
AF	0	0.923173	24	13	11	0	0	0	0
AF	0	0.923485	31	16	15	0	0	0	0
AF	0	0.923798	35	27	8	0	0	0	0
AF	0	0.924110	34	21	13	0	0	0	0
AF	0	0.924422	24	16	8	0	0	0	0
AF	0	0.924735	19	10	9	0	0	0	0
AF	0	0.925047	20	10	10	0	0	0	0
AF	0	0.925359	27	18	9	0	0	0	0
AF	0	0.925671	43	25	18	0	0	0	0
AF	0	0.925984	29	22	7	0	0	0	0
AF	0	0.926296	17	11	6	0	0	0	0
AF	0	0.926608	27	14	13	0	0	0	0
AF	0	0.926921	19	12	7	0	0	0	0
AF	0	0.927233	38	24	14	0	0	0	0
AF	0	0.927545	20	13	7	0	0	0	0
AF	0	0.927858	26	18	8	0	0	0	0
AF	0	0.928170	27	17	10	0	0	0	0
AF	0	0.928482	28	19	9	0	0	0	0
AF	0	0.928795	18	12	6	0	0	0	0
AF	0	0.929107	21	16	5	0	0	0	0
AF	0	0.929419	23	18	5	0	0	0	0
AF	0	0.929731	34	19	15	0	0	0	0
AF	0	0.930044	18	12	6	0	0	0	0
AF	0	0.930356	31	19	12	0	0	0	0
AF	0	0.930668	20	13	7	0	0	0	0
AF	0	0.930981	26	18	8	0	0	0	0
AF	0	0.931293	35	28	7	0	0	0	0
AF	0	0.931605	31	22	9	0	0	0	0
AF	0	0.931918	32	20	12	0	0	0	0
AF	0	0.932230	30	15	15	0	0	0	0
AF	0	0.932542	23	15	8	0	0	0	0
AF	0	0.932854	30	12	18	0	0	0	0
AF	0	0.933167	32	18	14	0	0	0	0
AF	0	0.933479	33	23	10	0	0	0	0
AF	0	0.933791	19	11	8	0	0	0	0
AF	0	0.934104	33	19	14	0	0	0	0
AF	0	0.934416	23	12	11	0	0	0	0
AF	0	0.934728	29	23	6	0	0	0	0
AF	0	0.935041	24	15	9	0	0	0	0
AF	0	0.935353	22	14	8	0	0	0	0
AF	0	0.935665	25	20	5	0	0	0	0
AF	0	0.935978	23	16	7	0	0	0	0
AF	0	0.936290	33	19	14	0	0	0	0
AF	0	0.936602	25	18	7	0	0	0	0
AF	0	0.936914	27	21	6	0	0	0	0
AF	0	0.937227	31	25	6	0	0	0	0
AF	0	0.937539	29	22	7	0	0	0	0
AF	0	0.937851	34	22	12	0	0	0	0
AF	0	0.938164	44	30	14	0	0	0	0
AF	0	0.938476	49	32	17	0	0	0	0
AF	0	0.938788	50	34	16	0	0	0	0
AF	0	0.939101	46	28	18	0	0	0	0
AF	0	0.939413	38	21	17	0	0	0	0
AF	0	0.939725	27	22	5	0	0	0	0
AF	0	0.940037	37	26	11	0	0	0	0
AF	0	0.940350	37	24	13	0	0	0	0
AF	0	0.940662	38	23	15	0	0	0	0
AF	0	0.940974	36	24	12	0	0	0	0
AF	0	0.941287	38	28	10	0	0	0	0
AF	0	0.941599	29	21	8	0	0	0	0
AF	0	0.941911	43	24	19	0	0	0	0
AF	0	0.942224	45	27	18	0	0	0	0
AF	0	0.942536	34	25	9	0	0	0	0
AF	0	0.942848	37	24	13	0	0	0	0
AF	0	0.943161	47	31	16	0	0	0	0
AF	0	0.943473	27	18	9	0	0	0	0
AF	0	0.943785	41	24	17	0	0	0	0
AF	0	0.944097	32	22	10	0	0	0	0
AF	0	0.944410	31	22	9	0	0	0	0
AF	0	0.944722	23	14	9	0	0	0	0
AF	0	0.945034	35	24	11	0	0	0	0
AF	0	0.945347	17	11	6	0	0	0	0
AF	0	0.945659	41	31	10	0	0	0	0
AF	0	0.945971	35	19	16	0	0	0	0
AF	0	0.946284	34	27	7	0	0	0	0
AF	0	0.946596	39	25	14	0	0	0	0
AF	0	0.946908	41	24	17	0	0	0	0
AF	0	0.947220	42	24	18	0	0	0	0
AF	0	0.947533	29	19	10	0	0	0	0
AF	0	0.947845	43	24	19	0	0	0	0
AF	0	0.948157	50	41	9	0	0	0	0
AF	0	0.948470	42	30	12	0	0	0	0
AF	0	0.948782	40	25	15	0	0	0	0
AF	0	0.949094	45	33	12	0	0	0	0
AF	0	0.949407	39	22	17	0	0	0	0
AF	0	0.949719	51	31	20	0	0	0	0
AF	0	0.950031	40	25	15	0	0	0	0
AF	0	0.950344	51	37	14	0	0	0	0
AF	0	0.950656	47	30	17	0	0	0	0
AF	0	0.950968	41	31	10	0	0	0	0
AF	0	0.951280	40	27	13	0	0	0	0
AF	0	0.951593	55	29	26	0	0	0	0
AF	0	0.951905	46	35	11	0	0	0	0
AF	0	0.952217	35	29	6	0	0	0	0
AF	0	0.952530	33	15	18	0	0	0	0
AF	0	0.952842	52	34	18	0	0	0	0
AF	0	0.953154	43	30	13	0	0	0	0
AF	0	0.953467	38	29	9	0	0	0	0
AF	0	0.953779	45	29	16	0	0	0	0
AF	0	0.954091	48	31	17	0	0	0	0
AF	0	0.954403	64	42	22	0	0	0	0
AF	0	0.954716	37	24	13	0	0	0	0
AF	0	0.955028	52	31	21	0	0	0	0
AF	0	0.955340	41	29	12	0	0	0	0
AF	0	0.955653	37	23	14	0	0	0	0
AF	0	0.955965	59	35	24	0	0	0	0
AF	0	0.956277	36	22	14	0	0	0	0
AF	0	0.956590	68	51	17	0	0	0	0
AF	0	0.956902	47	30	17	0	0	0	0
AF	0	0.957214	34	21	13	0	0	0	0
AF	0	0.957527	31	18	13	0	0	0	0
AF	0	0.957839	34	23	11	0	0	0	0
AF	0	0.958151	29	18	11	0	0	0	0
AF	0	0.958463	32	22	10	0	0	0	0
AF	0	0.958776	57	30	27	0	0	0	0
AF	0	0.959088	44	28	16	0	0	0	0
AF	0	0.959400	59	38	21	0	0	0	0
AF	0	0.959713	57	31	26	0	0	0	0
AF	0	0.960025	42	30	12	0	0	0	0
AF	0	0.960337	91	62	29	0	0	0	0
AF	0	0.960650	37	24	13	0	0	0	0
AF	0	0.960962	31	17	14	0	0	0	0
AF	0	0.961274	57	35	22	0	0	0	0
AF	0	0.961587	32	21	11	0	0	0	0
AF	0	0.961899	52	36	16	0	0	0	0
AF	0	0.962211	61	37	24	0	0	0	0
AF	0	0.962523	46	30	16	0	0	0	0
AF	0	0.962836	57	37	20	0	0	0	0
AF	0	0.963148	51	29	22	0	0	0	0
AF	0	0.963460	69	46	23	0	0	0	0
AF	0	0.963773	26	17	9	0	0	0	0
AF	0	0.964085	30	20	10	0	0	0	0
AF	0	0.964397	40	23	17	0	0	0	0
AF	0	0.964710	37	25	12	0	0	0	0
AF	0	0.965022	37	22	15	0	0	0	0
AF	0	0.965334	31	17	14	0	0	0	0
AF	0	0.965646	43	29	14	0	0	0	0
AF	0	0.965959	40	27	13	0	0	0	0
AF	0	0.966271	37	27	10	0	0	0	0
AF	0	0.966583	47	37	10	0	0	0	0
AF	0	0.966896	59	36	23	0	0	0	0
AF	0	0.967208	52	34	18	0	0	0	0
AF	0	0.967520	108	73	35	0	0	0	0
AF	0	0.967833	98	60	38	0	0	0	0
AF	0	0.968145	42	23	19	0	0	0	0
AF	0	0.968457	61	39	22	0	0	0	0
AF	0	0.968770	47	29	18	0	0	0	0
AF	0	0.969082	56	39	17	0	0	0	0
AF	0	0.969394	44	31	13	0	0	0	0
AF	0	0.969706	42	28	14	0	0	0	0
AF	0	0.970019	76	57	19	0	0	0	0
AF	0	0.970331	44	31	13	0	0	0	0
AF	0	0.970643	45	31	14	0	0	0	0
AF	0	0.970956	40	29	11	0	0	0	0
AF	0	0.971268	36	16	20	0	0	0	0
AF	0	0.971580	43	30	13	0	0	0	0
AF	0	0.971893	49	30	19	0	0	0	0
AF	0	0.972205	54	36	18	0	0	0	0
AF	0	0.972517	42	30	12	0	0	0	0
AF	0	0.972829	69	39	30	0	0	0	0
AF	0	0.973142	54	36	18	0	0	0	0
AF	0	0.973454	62	42	20	0	0	0	0
AF	0	0.973766	101	63	38	0	0	0	0
AF	0	0.974079	60	35	25	0	0	0	0
AF	0	0.974391	41	31	10	0	0	0	0
AF	0	0.974703	63	43	20	0	0	0	0
AF	0	0.975016	55	37	18	0	0	0	0
AF	0	0.975328	66	46	20	0	0	0	0
AF	0	0.975640	37	30	7	0	0	0	0
AF	0	0.975953	50	32	18	0	0	0	0
AF	0	0.976265	53	34	19	0	0	0	0
AF	0	0.976577	48	32	16	0	0	0	0
AF	0	0.976889	52	34	18	0	0	0	0
AF	0	0.977202	54	34	20	0	0	0	0
AF	0	0.977514	72	47	25	0	0	0	0
AF	0	0.977826	85	54	31	0	0	0	0
AF	0	0.978139	54	38	16	0	0	0	0
AF	0	0.978451	48	31	17	0	0	0	0
AF	0	0.978763	34	19	15	0	0	0	0
AF	0	0.979076	47	30	17	0	0	0	0
AF	0	0.979388	61	40	21	0	0	0	0
AF	0	0.979700	50	28	22	0	0	0	0
AF	0	0.980012	46	29	17	0	0	0	0
AF	0	0.980325	33	16	17	0	0	0	0
AF	0	0.980637	41	25	16	0	0	0	0
AF	0	0.980949	58	31	27	0	0	0	0
AF	0	0.981262	53	37	16	0	0	0	0
AF	0	0.981574	69	48	21	0	0	0	0
AF	0	0.981886	74	48	26	0	0	0	0
AF	0	0.982199	46	29	17	0	0	0	0
AF	0	0.982511	67	42	25	0	0	0	0
AF	0	0.982823	55	32	23	0	0	0	0
AF	0	0.983136	73	46	27	0	0	0	0
AF	0	0.983448	36	23	13	0	0	0	0
AF	0	0.983760	56	34	22	0	0	0	0
AF	0	0.984072	62	40	22	0	0	0	0
AF	0	0.984385	45	25	20	0	0	0	0
AF	0	0.984697	85	61	24	0	0	0	0
AF	0	0.985009	50	35	15	0	0	0	0
AF	0	0.985322	74	50	24	0	0	0	0
AF	0	0.985634	60	36	24	0	0	0	0
AF	0	0.985946	60	42	18	0	0	0	0
AF	0	0.986259	89	63	26	0	0	0	0
AF	0	0.986571	73	39	34	0	0	0	0
AF	0	0.986883	45	25	20	0	0	0	0
AF	0	0.987196	73	47	26	0	0	0	0
AF	0	0.987508	68	46	22	0	0	0	0
AF	0	0.987820	88	57	31	0	0	0	0
AF	0	0.988132	140	92	48	0	0	0	0
AF	0	0.988445	60	44	16	0	0	0	0
AF	0	0.988757	80	57	23	0	0	0	0
AF	0	0.989069	61	44	17	0	0	0	0
AF	0	0.989382	74	44	30	0	0	0	0
AF	0	0.989694	93	57	36	0	0	0	0
AF	0	0.990006	101	68	33	0	0	0	0
AF	0	0.990319	78	49	29	0	0	0	0
AF	0	0.990631	72	52	20	0	0	0	0
AF	0	0.990943	65	41	24	0	0	0	0
AF	0	0.991255	49	25	24	0	0	0	0
AF	0	0.991568	62	40	22	0	0	0	0
AF	0	0.991880	56	40	16	0	0	0	0
AF	0	0.992192	82	63	19	0	0	0	0
AF	0	0.992505	76	48	28	0	0	0	0
AF	0	0.992817	80	55	25	0	0	0	0
AF	0	0.993129	78	51	27	0	0	0	0
AF	0	0.993442	94	61	33	0	0	0	0
AF	0	0.993754	77	47	30	0	0	0	0
AF	0	0.994066	92	55	37	0	0	0	0
AF	0	0.994379	100	71	29	0	0	0	0
AF	0	0.994691	94	68	26	0	0	0	0
AF	0	0.995003	130	76	54	0	0	0	0
AF	0	0.995315	100	68	32	0	0	0	0
AF	0	0.995628	84	52	32	0	0	0	0
AF	0	0.995940	96	57	39	0	0	0	0
AF	0	0.996252	105	67	38	0	0	0	0
AF	0	0.996565	72	49	23	0	0	0	0
AF	0	0.996877	79	50	29	0	0	0	0
AF	0	0.997189	146	100	46	0	0	0	0
AF	0	0.997502	147	104	43	0	0	0	0
AF	0	0.997814	114	69	45	0	0	0	0
AF	0	0.998126	158	98	60	0	0	0	0
AF	0	0.998438	166	91	75	0	0	0	0
AF	0	0.998751	199	131	68	0	0	0	0
AF	0	0.999063	128	82	46	0	0	0	0
AF	0	0.999375	99	57	42	0	0	0	0
# QUAL, Stats by quality
# QUAL	[2]id	[3]Quality	[4]number of SNPs	[5]number of transitions (1st ALT)	[6]number of transversions (1st ALT)	[7]number of indels
QUAL	0	.	2033794	1349326	684468	0
# IDD, InDel distribution:
# IDD	[2]id	[3]length (deletions negative)	[4]number of sites	[5]number of genotypes	[6]mean VAF
# ST, Substitution types:
# ST	[2]id	[3]type	[4]count
ST	0	A>C	75996
ST	0	A>G	274852
ST	0	A>T	72239
ST	0	C>A	98501
ST	0	C>G	95304
ST	0	C>T	393718
ST	0	G>A	402127
ST	0	G>C	98261
ST	0	G>T	94593
ST	0	T>A	74801
ST	0	T>C	278629
ST	0	T>G	74773
# DP, depth:
#   - set id, see above
#   - the depth bin, corresponds to the depth (unless --depth was given)
#   - number of genotypes with this depth (zero unless -s/-S was given)
#   - fraction of genotypes with this depth (zero unless -s/-S was given)
#   - number of sites with this depth
#   - fraction of sites with this depth
# DP, Depth distribution
# DP	[2]id	[3]bin	[4]number of genotypes	[5]fraction of genotypes (%)	[6]number of sites	[7]fraction of sites (%)
