# This file was produced by bcftools stats (1.21+htslib-1.21) and can be plotted using plot-vcfstats.
# The command line was:	bcftools stats  /project/cphg-millerlab/software/MonopogenLite/resources/1kGP_high_coverage_Illumina.SNVonly_poly.filtered_AF_5e-04.norm.fixvariantid.chr14.vcf.gz
#
# Definition of sets:
# ID	[2]id	[3]tab-separated file names
ID	0	/project/cphg-millerlab/software/MonopogenLite/resources/1kGP_high_coverage_Illumina.SNVonly_poly.filtered_AF_5e-04.norm.fixvariantid.chr14.vcf.gz
# SN, Summary numbers:
#   number of records   .. number of data rows in the VCF
#   number of no-ALTs   .. reference-only sites, ALT is either "." or identical to REF
#   number of SNPs      .. number of rows with a SNP
#   number of MNPs      .. number of rows with a MNP, such as CC>TT
#   number of indels    .. number of rows with an indel
#   number of others    .. number of rows with other type, for example a symbolic allele or
#                          a complex substitution, such as ACT>TCGA
#   number of multiallelic sites     .. number of rows with multiple alternate alleles
#   number of multiallelic SNP sites .. number of rows with multiple alternate alleles, all SNPs
# 
#   Note that rows containing multiple types will be counted multiple times, in each
#   counter. For example, a row with a SNP and an indel increments both the SNP and
#   the indel counter.
# 
# SN	[2]id	[3]key	[4]value
SN	0	number of samples:	3202
SN	0	number of records:	1190753
SN	0	number of no-ALTs:	0
SN	0	number of SNPs:	1190753
SN	0	number of MNPs:	0
SN	0	number of indels:	0
SN	0	number of others:	0
SN	0	number of multiallelic sites:	0
SN	0	number of multiallelic SNP sites:	0
# TSTV, transitions/transversions
#   - transitions, see https://en.wikipedia.org/wiki/Transition_(genetics)
#   - transversions, see https://en.wikipedia.org/wiki/Transversion
# TSTV	[2]id	[3]ts	[4]tv	[5]ts/tv	[6]ts (1st ALT)	[7]tv (1st ALT)	[8]ts/tv (1st ALT)
TSTV	0	812735	378018	2.15	812735	378018	2.15
# SiS, Singleton stats:
#   - allele count, i.e. the number of singleton genotypes (AC=1)
#   - number of transitions, see above
#   - number of transversions, see above
#   - repeat-consistent, inconsistent and n/a: experimental and useless stats [DEPRECATED]
# SiS	[2]id	[3]allele count	[4]number of SNPs	[5]number of transitions	[6]number of transversions	[7]number of indels	[8]repeat-consistent	[9]repeat-inconsistent	[10]not applicable
SiS	0	1	0	0	0	0	0	0	0
# AF, Stats by non-reference allele frequency:
# AF	[2]id	[3]allele frequency	[4]number of SNPs	[5]number of transitions	[6]number of transversions	[7]number of indels	[8]repeat-consistent	[9]repeat-inconsistent	[10]not applicable
AF	0	0.000312	122258	84492	37766	0	0	0	0
AF	0	0.000625	142116	97692	44424	0	0	0	0
AF	0	0.000937	85610	58551	27059	0	0	0	0
AF	0	0.001249	59392	40550	18842	0	0	0	0
AF	0	0.001562	45853	31397	14456	0	0	0	0
AF	0	0.001874	36434	24737	11697	0	0	0	0
AF	0	0.002186	30173	20482	9691	0	0	0	0
AF	0	0.002498	25774	17605	8169	0	0	0	0
AF	0	0.002811	22150	15117	7033	0	0	0	0
AF	0	0.003123	19753	13418	6335	0	0	0	0
AF	0	0.003435	18017	12327	5690	0	0	0	0
AF	0	0.003748	16233	11096	5137	0	0	0	0
AF	0	0.004060	14317	9685	4632	0	0	0	0
AF	0	0.004372	13030	8880	4150	0	0	0	0
AF	0	0.004685	12009	8173	3836	0	0	0	0
AF	0	0.004997	10851	7379	3472	0	0	0	0
AF	0	0.005309	10324	7057	3267	0	0	0	0
AF	0	0.005621	9482	6407	3075	0	0	0	0
AF	0	0.005934	9046	6217	2829	0	0	0	0
AF	0	0.006246	8280	5632	2648	0	0	0	0
AF	0	0.006558	8227	5634	2593	0	0	0	0
AF	0	0.006871	7957	5441	2516	0	0	0	0
AF	0	0.007183	7077	4907	2170	0	0	0	0
AF	0	0.007495	6339	4294	2045	0	0	0	0
AF	0	0.007808	6324	4275	2049	0	0	0	0
AF	0	0.008120	5874	3991	1883	0	0	0	0
AF	0	0.008432	5751	3927	1824	0	0	0	0
AF	0	0.008745	5540	3723	1817	0	0	0	0
AF	0	0.009057	5038	3411	1627	0	0	0	0
AF	0	0.009369	4877	3310	1567	0	0	0	0
AF	0	0.009681	4799	3283	1516	0	0	0	0
AF	0	0.009994	4682	3158	1524	0	0	0	0
AF	0	0.010306	4547	3116	1431	0	0	0	0
AF	0	0.010618	4194	2852	1342	0	0	0	0
AF	0	0.010931	4123	2798	1325	0	0	0	0
AF	0	0.011243	3893	2619	1274	0	0	0	0
AF	0	0.011555	3983	2717	1266	0	0	0	0
AF	0	0.011868	3928	2686	1242	0	0	0	0
AF	0	0.012180	3638	2472	1166	0	0	0	0
AF	0	0.012492	3422	2326	1096	0	0	0	0
AF	0	0.012804	3081	2116	965	0	0	0	0
AF	0	0.013117	3121	2132	989	0	0	0	0
AF	0	0.013429	2997	2022	975	0	0	0	0
AF	0	0.013741	3166	2165	1001	0	0	0	0
AF	0	0.014054	2894	1961	933	0	0	0	0
AF	0	0.014366	2866	1953	913	0	0	0	0
AF	0	0.014678	2708	1854	854	0	0	0	0
AF	0	0.014991	2666	1825	841	0	0	0	0
AF	0	0.015303	2444	1651	793	0	0	0	0
AF	0	0.015615	2547	1753	794	0	0	0	0
AF	0	0.015928	2410	1638	772	0	0	0	0
AF	0	0.016240	2533	1702	831	0	0	0	0
AF	0	0.016552	2399	1610	789	0	0	0	0
AF	0	0.016864	2324	1606	718	0	0	0	0
AF	0	0.017177	2165	1463	702	0	0	0	0
AF	0	0.017489	2092	1482	610	0	0	0	0
AF	0	0.017801	2121	1446	675	0	0	0	0
AF	0	0.018114	2007	1362	645	0	0	0	0
AF	0	0.018426	1913	1325	588	0	0	0	0
AF	0	0.018738	1816	1252	564	0	0	0	0
AF	0	0.019051	1844	1267	577	0	0	0	0
AF	0	0.019363	1623	1144	479	0	0	0	0
AF	0	0.019675	1740	1202	538	0	0	0	0
AF	0	0.019988	1595	1065	530	0	0	0	0
AF	0	0.020300	1533	1004	529	0	0	0	0
AF	0	0.020612	1664	1124	540	0	0	0	0
AF	0	0.020924	1533	1011	522	0	0	0	0
AF	0	0.021237	1436	950	486	0	0	0	0
AF	0	0.021549	1472	1035	437	0	0	0	0
AF	0	0.021861	1577	1085	492	0	0	0	0
AF	0	0.022174	1528	1059	469	0	0	0	0
AF	0	0.022486	1527	1027	500	0	0	0	0
AF	0	0.022798	1396	967	429	0	0	0	0
AF	0	0.023111	1382	941	441	0	0	0	0
AF	0	0.023423	1513	1016	497	0	0	0	0
AF	0	0.023735	1364	932	432	0	0	0	0
AF	0	0.024047	1411	947	464	0	0	0	0
AF	0	0.024360	1291	895	396	0	0	0	0
AF	0	0.024672	1298	887	411	0	0	0	0
AF	0	0.024984	1212	818	394	0	0	0	0
AF	0	0.025297	1228	827	401	0	0	0	0
AF	0	0.025609	1236	863	373	0	0	0	0
AF	0	0.025921	1113	753	360	0	0	0	0
AF	0	0.026234	1116	751	365	0	0	0	0
AF	0	0.026546	1147	784	363	0	0	0	0
AF	0	0.026858	1235	843	392	0	0	0	0
AF	0	0.027171	1388	925	463	0	0	0	0
AF	0	0.027483	1119	729	390	0	0	0	0
AF	0	0.027795	1123	759	364	0	0	0	0
AF	0	0.028107	1103	759	344	0	0	0	0
AF	0	0.028420	1051	725	326	0	0	0	0
AF	0	0.028732	930	636	294	0	0	0	0
AF	0	0.029044	1028	703	325	0	0	0	0
AF	0	0.029357	1068	748	320	0	0	0	0
AF	0	0.029669	978	677	301	0	0	0	0
AF	0	0.029981	1083	710	373	0	0	0	0
AF	0	0.030294	1062	735	327	0	0	0	0
AF	0	0.030606	963	650	313	0	0	0	0
AF	0	0.030918	1042	712	330	0	0	0	0
AF	0	0.031230	1025	710	315	0	0	0	0
AF	0	0.031543	974	685	289	0	0	0	0
AF	0	0.031855	981	651	330	0	0	0	0
AF	0	0.032167	863	575	288	0	0	0	0
AF	0	0.032480	960	652	308	0	0	0	0
AF	0	0.032792	801	547	254	0	0	0	0
AF	0	0.033104	984	661	323	0	0	0	0
AF	0	0.033417	976	680	296	0	0	0	0
AF	0	0.033729	974	664	310	0	0	0	0
AF	0	0.034041	876	588	288	0	0	0	0
AF	0	0.034354	846	574	272	0	0	0	0
AF	0	0.034666	787	502	285	0	0	0	0
AF	0	0.034978	818	570	248	0	0	0	0
AF	0	0.035290	794	545	249	0	0	0	0
AF	0	0.035603	765	503	262	0	0	0	0
AF	0	0.035915	784	542	242	0	0	0	0
AF	0	0.036227	760	493	267	0	0	0	0
AF	0	0.036540	749	507	242	0	0	0	0
AF	0	0.036852	859	554	305	0	0	0	0
AF	0	0.037164	730	497	233	0	0	0	0
AF	0	0.037477	743	501	242	0	0	0	0
AF	0	0.037789	745	493	252	0	0	0	0
AF	0	0.038101	1008	634	374	0	0	0	0
AF	0	0.038413	698	497	201	0	0	0	0
AF	0	0.038726	633	436	197	0	0	0	0
AF	0	0.039038	599	421	178	0	0	0	0
AF	0	0.039350	702	480	222	0	0	0	0
AF	0	0.039663	675	447	228	0	0	0	0
AF	0	0.039975	681	453	228	0	0	0	0
AF	0	0.040287	634	421	213	0	0	0	0
AF	0	0.040600	837	576	261	0	0	0	0
AF	0	0.040912	690	462	228	0	0	0	0
AF	0	0.041224	882	599	283	0	0	0	0
AF	0	0.041537	622	431	191	0	0	0	0
AF	0	0.041849	577	393	184	0	0	0	0
AF	0	0.042161	588	407	181	0	0	0	0
AF	0	0.042473	586	407	179	0	0	0	0
AF	0	0.042786	660	443	217	0	0	0	0
AF	0	0.043098	636	430	206	0	0	0	0
AF	0	0.043410	600	415	185	0	0	0	0
AF	0	0.043723	543	350	193	0	0	0	0
AF	0	0.044035	661	466	195	0	0	0	0
AF	0	0.044347	598	410	188	0	0	0	0
AF	0	0.044660	506	355	151	0	0	0	0
AF	0	0.044972	463	307	156	0	0	0	0
AF	0	0.045284	618	409	209	0	0	0	0
AF	0	0.045597	588	413	175	0	0	0	0
AF	0	0.045909	749	489	260	0	0	0	0
AF	0	0.046221	583	396	187	0	0	0	0
AF	0	0.046533	565	385	180	0	0	0	0
AF	0	0.046846	530	354	176	0	0	0	0
AF	0	0.047158	533	359	174	0	0	0	0
AF	0	0.047470	580	392	188	0	0	0	0
AF	0	0.047783	541	365	176	0	0	0	0
AF	0	0.048095	509	343	166	0	0	0	0
AF	0	0.048407	492	343	149	0	0	0	0
AF	0	0.048720	462	311	151	0	0	0	0
AF	0	0.049032	569	393	176	0	0	0	0
AF	0	0.049344	460	310	150	0	0	0	0
AF	0	0.049656	529	349	180	0	0	0	0
AF	0	0.049969	456	309	147	0	0	0	0
AF	0	0.050281	479	320	159	0	0	0	0
AF	0	0.050593	470	328	142	0	0	0	0
AF	0	0.050906	410	291	119	0	0	0	0
AF	0	0.051218	395	277	118	0	0	0	0
AF	0	0.051530	459	316	143	0	0	0	0
AF	0	0.051843	458	316	142	0	0	0	0
AF	0	0.052155	413	287	126	0	0	0	0
AF	0	0.052467	417	272	145	0	0	0	0
AF	0	0.052780	445	294	151	0	0	0	0
AF	0	0.053092	449	291	158	0	0	0	0
AF	0	0.053404	419	283	136	0	0	0	0
AF	0	0.053716	484	327	157	0	0	0	0
AF	0	0.054029	508	349	159	0	0	0	0
AF	0	0.054341	410	268	142	0	0	0	0
AF	0	0.054653	450	304	146	0	0	0	0
AF	0	0.054966	457	303	154	0	0	0	0
AF	0	0.055278	500	352	148	0	0	0	0
AF	0	0.055590	393	258	135	0	0	0	0
AF	0	0.055903	446	293	153	0	0	0	0
AF	0	0.056215	477	313	164	0	0	0	0
AF	0	0.056527	500	353	147	0	0	0	0
AF	0	0.056839	431	296	135	0	0	0	0
AF	0	0.057152	411	268	143	0	0	0	0
AF	0	0.057464	424	281	143	0	0	0	0
AF	0	0.057776	347	241	106	0	0	0	0
AF	0	0.058089	388	245	143	0	0	0	0
AF	0	0.058401	517	351	166	0	0	0	0
AF	0	0.058713	363	246	117	0	0	0	0
AF	0	0.059026	391	262	129	0	0	0	0
AF	0	0.059338	433	284	149	0	0	0	0
AF	0	0.059650	388	257	131	0	0	0	0
AF	0	0.059963	383	232	151	0	0	0	0
AF	0	0.060275	404	298	106	0	0	0	0
AF	0	0.060587	379	253	126	0	0	0	0
AF	0	0.060899	363	254	109	0	0	0	0
AF	0	0.061212	411	289	122	0	0	0	0
AF	0	0.061524	402	275	127	0	0	0	0
AF	0	0.061836	386	256	130	0	0	0	0
AF	0	0.062149	378	248	130	0	0	0	0
AF	0	0.062461	385	266	119	0	0	0	0
AF	0	0.062773	328	214	114	0	0	0	0
AF	0	0.063086	349	246	103	0	0	0	0
AF	0	0.063398	378	247	131	0	0	0	0
AF	0	0.063710	382	258	124	0	0	0	0
AF	0	0.064022	347	239	108	0	0	0	0
AF	0	0.064335	348	249	99	0	0	0	0
AF	0	0.064647	355	236	119	0	0	0	0
AF	0	0.064959	335	236	99	0	0	0	0
AF	0	0.065272	349	244	105	0	0	0	0
AF	0	0.065584	333	215	118	0	0	0	0
AF	0	0.065896	309	226	83	0	0	0	0
AF	0	0.066209	391	271	120	0	0	0	0
AF	0	0.066521	342	239	103	0	0	0	0
AF	0	0.066833	341	239	102	0	0	0	0
AF	0	0.067146	351	238	113	0	0	0	0
AF	0	0.067458	325	218	107	0	0	0	0
AF	0	0.067770	335	235	100	0	0	0	0
AF	0	0.068082	310	211	99	0	0	0	0
AF	0	0.068395	309	211	98	0	0	0	0
AF	0	0.068707	370	240	130	0	0	0	0
AF	0	0.069019	336	224	112	0	0	0	0
AF	0	0.069332	294	204	90	0	0	0	0
AF	0	0.069644	296	194	102	0	0	0	0
AF	0	0.069956	290	203	87	0	0	0	0
AF	0	0.070269	295	198	97	0	0	0	0
AF	0	0.070581	338	231	107	0	0	0	0
AF	0	0.070893	306	216	90	0	0	0	0
AF	0	0.071205	361	258	103	0	0	0	0
AF	0	0.071518	321	218	103	0	0	0	0
AF	0	0.071830	299	206	93	0	0	0	0
AF	0	0.072142	288	202	86	0	0	0	0
AF	0	0.072455	254	159	95	0	0	0	0
AF	0	0.072767	248	171	77	0	0	0	0
AF	0	0.073079	282	185	97	0	0	0	0
AF	0	0.073392	315	208	107	0	0	0	0
AF	0	0.073704	245	165	80	0	0	0	0
AF	0	0.074016	281	183	98	0	0	0	0
AF	0	0.074329	253	170	83	0	0	0	0
AF	0	0.074641	269	190	79	0	0	0	0
AF	0	0.074953	291	190	101	0	0	0	0
AF	0	0.075265	258	169	89	0	0	0	0
AF	0	0.075578	263	181	82	0	0	0	0
AF	0	0.075890	222	147	75	0	0	0	0
AF	0	0.076202	261	166	95	0	0	0	0
AF	0	0.076515	243	174	69	0	0	0	0
AF	0	0.076827	279	191	88	0	0	0	0
AF	0	0.077139	263	173	90	0	0	0	0
AF	0	0.077452	274	185	89	0	0	0	0
AF	0	0.077764	269	185	84	0	0	0	0
AF	0	0.078076	265	184	81	0	0	0	0
AF	0	0.078389	268	176	92	0	0	0	0
AF	0	0.078701	270	179	91	0	0	0	0
AF	0	0.079013	284	194	90	0	0	0	0
AF	0	0.079325	277	187	90	0	0	0	0
AF	0	0.079638	391	270	121	0	0	0	0
AF	0	0.079950	338	228	110	0	0	0	0
AF	0	0.080262	341	222	119	0	0	0	0
AF	0	0.080575	259	165	94	0	0	0	0
AF	0	0.080887	331	235	96	0	0	0	0
AF	0	0.081199	340	221	119	0	0	0	0
AF	0	0.081512	413	285	128	0	0	0	0
AF	0	0.081824	330	231	99	0	0	0	0
AF	0	0.082136	302	209	93	0	0	0	0
AF	0	0.082448	267	180	87	0	0	0	0
AF	0	0.082761	239	164	75	0	0	0	0
AF	0	0.083073	259	187	72	0	0	0	0
AF	0	0.083385	289	195	94	0	0	0	0
AF	0	0.083698	272	186	86	0	0	0	0
AF	0	0.084010	289	195	94	0	0	0	0
AF	0	0.084322	268	172	96	0	0	0	0
AF	0	0.084635	264	187	77	0	0	0	0
AF	0	0.084947	234	162	72	0	0	0	0
AF	0	0.085259	208	136	72	0	0	0	0
AF	0	0.085572	237	153	84	0	0	0	0
AF	0	0.085884	223	148	75	0	0	0	0
AF	0	0.086196	227	139	88	0	0	0	0
AF	0	0.086508	281	188	93	0	0	0	0
AF	0	0.086821	310	216	94	0	0	0	0
AF	0	0.087133	252	156	96	0	0	0	0
AF	0	0.087445	293	194	99	0	0	0	0
AF	0	0.087758	244	177	67	0	0	0	0
AF	0	0.088070	290	205	85	0	0	0	0
AF	0	0.088382	245	170	75	0	0	0	0
AF	0	0.088695	274	179	95	0	0	0	0
AF	0	0.089007	227	146	81	0	0	0	0
AF	0	0.089319	237	160	77	0	0	0	0
AF	0	0.089631	293	201	92	0	0	0	0
AF	0	0.089944	234	157	77	0	0	0	0
AF	0	0.090256	261	179	82	0	0	0	0
AF	0	0.090568	271	193	78	0	0	0	0
AF	0	0.090881	257	168	89	0	0	0	0
AF	0	0.091193	254	177	77	0	0	0	0
AF	0	0.091505	274	176	98	0	0	0	0
AF	0	0.091818	245	158	87	0	0	0	0
AF	0	0.092130	269	178	91	0	0	0	0
AF	0	0.092442	278	193	85	0	0	0	0
AF	0	0.092755	267	168	99	0	0	0	0
AF	0	0.093067	304	216	88	0	0	0	0
AF	0	0.093379	233	157	76	0	0	0	0
AF	0	0.093691	255	169	86	0	0	0	0
AF	0	0.094004	241	172	69	0	0	0	0
AF	0	0.094316	230	160	70	0	0	0	0
AF	0	0.094628	288	191	97	0	0	0	0
AF	0	0.094941	247	167	80	0	0	0	0
AF	0	0.095253	241	164	77	0	0	0	0
AF	0	0.095565	234	159	75	0	0	0	0
AF	0	0.095878	220	153	67	0	0	0	0
AF	0	0.096190	213	145	68	0	0	0	0
AF	0	0.096502	232	155	77	0	0	0	0
AF	0	0.096814	206	145	61	0	0	0	0
AF	0	0.097127	188	120	68	0	0	0	0
AF	0	0.097439	197	135	62	0	0	0	0
AF	0	0.097751	263	165	98	0	0	0	0
AF	0	0.098064	294	195	99	0	0	0	0
AF	0	0.098376	245	160	85	0	0	0	0
AF	0	0.098688	240	165	75	0	0	0	0
AF	0	0.099001	235	155	80	0	0	0	0
AF	0	0.099313	207	133	74	0	0	0	0
AF	0	0.099625	174	112	62	0	0	0	0
AF	0	0.099938	249	163	86	0	0	0	0
AF	0	0.100250	213	138	75	0	0	0	0
AF	0	0.100562	213	140	73	0	0	0	0
AF	0	0.100874	194	129	65	0	0	0	0
AF	0	0.101187	210	133	77	0	0	0	0
AF	0	0.101499	203	155	48	0	0	0	0
AF	0	0.101811	228	163	65	0	0	0	0
AF	0	0.102124	211	134	77	0	0	0	0
AF	0	0.102436	180	126	54	0	0	0	0
AF	0	0.102748	200	126	74	0	0	0	0
AF	0	0.103061	180	130	50	0	0	0	0
AF	0	0.103373	192	131	61	0	0	0	0
AF	0	0.103685	213	151	62	0	0	0	0
AF	0	0.103998	213	153	60	0	0	0	0
AF	0	0.104310	226	151	75	0	0	0	0
AF	0	0.104622	220	146	74	0	0	0	0
AF	0	0.104934	232	156	76	0	0	0	0
AF	0	0.105247	216	131	85	0	0	0	0
AF	0	0.105559	205	155	50	0	0	0	0
AF	0	0.105871	184	127	57	0	0	0	0
AF	0	0.106184	234	158	76	0	0	0	0
AF	0	0.106496	198	134	64	0	0	0	0
AF	0	0.106808	205	145	60	0	0	0	0
AF	0	0.107121	214	138	76	0	0	0	0
AF	0	0.107433	258	178	80	0	0	0	0
AF	0	0.107745	214	145	69	0	0	0	0
AF	0	0.108057	239	163	76	0	0	0	0
AF	0	0.108370	209	127	82	0	0	0	0
AF	0	0.108682	227	148	79	0	0	0	0
AF	0	0.108994	235	163	72	0	0	0	0
AF	0	0.109307	223	153	70	0	0	0	0
AF	0	0.109619	194	134	60	0	0	0	0
AF	0	0.109931	231	158	73	0	0	0	0
AF	0	0.110244	248	159	89	0	0	0	0
AF	0	0.110556	232	150	82	0	0	0	0
AF	0	0.110868	252	173	79	0	0	0	0
AF	0	0.111181	206	138	68	0	0	0	0
AF	0	0.111493	176	121	55	0	0	0	0
AF	0	0.111805	218	141	77	0	0	0	0
AF	0	0.112117	183	128	55	0	0	0	0
AF	0	0.112430	177	128	49	0	0	0	0
AF	0	0.112742	186	128	58	0	0	0	0
AF	0	0.113054	203	141	62	0	0	0	0
AF	0	0.113367	222	149	73	0	0	0	0
AF	0	0.113679	215	131	84	0	0	0	0
AF	0	0.113991	248	166	82	0	0	0	0
AF	0	0.114304	213	146	67	0	0	0	0
AF	0	0.114616	193	137	56	0	0	0	0
AF	0	0.114928	190	126	64	0	0	0	0
AF	0	0.115240	180	125	55	0	0	0	0
AF	0	0.115553	166	111	55	0	0	0	0
AF	0	0.115865	195	128	67	0	0	0	0
AF	0	0.116177	173	119	54	0	0	0	0
AF	0	0.116490	200	143	57	0	0	0	0
AF	0	0.116802	183	127	56	0	0	0	0
AF	0	0.117114	206	128	78	0	0	0	0
AF	0	0.117427	186	115	71	0	0	0	0
AF	0	0.117739	215	142	73	0	0	0	0
AF	0	0.118051	189	122	67	0	0	0	0
AF	0	0.118364	179	121	58	0	0	0	0
AF	0	0.118676	160	94	66	0	0	0	0
AF	0	0.118988	160	106	54	0	0	0	0
AF	0	0.119300	197	134	63	0	0	0	0
AF	0	0.119613	191	128	63	0	0	0	0
AF	0	0.119925	213	129	84	0	0	0	0
AF	0	0.120237	170	110	60	0	0	0	0
AF	0	0.120550	174	117	57	0	0	0	0
AF	0	0.120862	160	102	58	0	0	0	0
AF	0	0.121174	171	111	60	0	0	0	0
AF	0	0.121487	188	127	61	0	0	0	0
AF	0	0.121799	152	101	51	0	0	0	0
AF	0	0.122111	184	136	48	0	0	0	0
AF	0	0.122423	189	125	64	0	0	0	0
AF	0	0.122736	210	151	59	0	0	0	0
AF	0	0.123048	174	121	53	0	0	0	0
AF	0	0.123360	186	126	60	0	0	0	0
AF	0	0.123673	213	141	72	0	0	0	0
AF	0	0.123985	190	136	54	0	0	0	0
AF	0	0.124297	165	117	48	0	0	0	0
AF	0	0.124610	208	128	80	0	0	0	0
AF	0	0.124922	177	130	47	0	0	0	0
AF	0	0.125234	187	125	62	0	0	0	0
AF	0	0.125547	134	95	39	0	0	0	0
AF	0	0.125859	168	116	52	0	0	0	0
AF	0	0.126171	207	133	74	0	0	0	0
AF	0	0.126483	174	117	57	0	0	0	0
AF	0	0.126796	198	128	70	0	0	0	0
AF	0	0.127108	166	113	53	0	0	0	0
AF	0	0.127420	190	131	59	0	0	0	0
AF	0	0.127733	179	124	55	0	0	0	0
AF	0	0.128045	184	125	59	0	0	0	0
AF	0	0.128357	171	118	53	0	0	0	0
AF	0	0.128670	156	103	53	0	0	0	0
AF	0	0.128982	145	93	52	0	0	0	0
AF	0	0.129294	147	102	45	0	0	0	0
AF	0	0.129606	175	119	56	0	0	0	0
AF	0	0.129919	150	103	47	0	0	0	0
AF	0	0.130231	166	121	45	0	0	0	0
AF	0	0.130543	138	88	50	0	0	0	0
AF	0	0.130856	153	110	43	0	0	0	0
AF	0	0.131168	149	107	42	0	0	0	0
AF	0	0.131480	186	128	58	0	0	0	0
AF	0	0.131793	139	99	40	0	0	0	0
AF	0	0.132105	160	99	61	0	0	0	0
AF	0	0.132417	167	121	46	0	0	0	0
AF	0	0.132730	188	133	55	0	0	0	0
AF	0	0.133042	163	124	39	0	0	0	0
AF	0	0.133354	141	89	52	0	0	0	0
AF	0	0.133666	147	98	49	0	0	0	0
AF	0	0.133979	183	126	57	0	0	0	0
AF	0	0.134291	159	112	47	0	0	0	0
AF	0	0.134603	144	104	40	0	0	0	0
AF	0	0.134916	159	106	53	0	0	0	0
AF	0	0.135228	199	132	67	0	0	0	0
AF	0	0.135540	181	114	67	0	0	0	0
AF	0	0.135853	141	90	51	0	0	0	0
AF	0	0.136165	148	91	57	0	0	0	0
AF	0	0.136477	156	107	49	0	0	0	0
AF	0	0.136790	156	113	43	0	0	0	0
AF	0	0.137102	144	94	50	0	0	0	0
AF	0	0.137414	150	103	47	0	0	0	0
AF	0	0.137726	157	102	55	0	0	0	0
AF	0	0.138039	182	121	61	0	0	0	0
AF	0	0.138351	174	117	57	0	0	0	0
AF	0	0.138663	155	106	49	0	0	0	0
AF	0	0.138976	159	114	45	0	0	0	0
AF	0	0.139288	149	102	47	0	0	0	0
AF	0	0.139600	176	123	53	0	0	0	0
AF	0	0.139913	168	120	48	0	0	0	0
AF	0	0.140225	151	109	42	0	0	0	0
AF	0	0.140537	125	88	37	0	0	0	0
AF	0	0.140849	164	115	49	0	0	0	0
AF	0	0.141162	134	88	46	0	0	0	0
AF	0	0.141474	147	95	52	0	0	0	0
AF	0	0.141786	153	102	51	0	0	0	0
AF	0	0.142099	136	90	46	0	0	0	0
AF	0	0.142411	185	126	59	0	0	0	0
AF	0	0.142723	128	85	43	0	0	0	0
AF	0	0.143036	127	95	32	0	0	0	0
AF	0	0.143348	155	91	64	0	0	0	0
AF	0	0.143660	140	98	42	0	0	0	0
AF	0	0.143973	142	96	46	0	0	0	0
AF	0	0.144285	183	118	65	0	0	0	0
AF	0	0.144597	145	94	51	0	0	0	0
AF	0	0.144909	152	107	45	0	0	0	0
AF	0	0.145222	162	107	55	0	0	0	0
AF	0	0.145534	166	115	51	0	0	0	0
AF	0	0.145846	181	114	67	0	0	0	0
AF	0	0.146159	142	95	47	0	0	0	0
AF	0	0.146471	166	113	53	0	0	0	0
AF	0	0.146783	160	102	58	0	0	0	0
AF	0	0.147096	140	95	45	0	0	0	0
AF	0	0.147408	147	110	37	0	0	0	0
AF	0	0.147720	139	97	42	0	0	0	0
AF	0	0.148032	163	107	56	0	0	0	0
AF	0	0.148345	139	106	33	0	0	0	0
AF	0	0.148657	121	84	37	0	0	0	0
AF	0	0.148969	135	98	37	0	0	0	0
AF	0	0.149282	154	98	56	0	0	0	0
AF	0	0.149594	140	94	46	0	0	0	0
AF	0	0.149906	161	117	44	0	0	0	0
AF	0	0.150219	138	83	55	0	0	0	0
AF	0	0.150531	120	77	43	0	0	0	0
AF	0	0.150843	123	87	36	0	0	0	0
AF	0	0.151156	148	105	43	0	0	0	0
AF	0	0.151468	127	82	45	0	0	0	0
AF	0	0.151780	155	106	49	0	0	0	0
AF	0	0.152092	176	133	43	0	0	0	0
AF	0	0.152405	157	115	42	0	0	0	0
AF	0	0.152717	129	86	43	0	0	0	0
AF	0	0.153029	134	92	42	0	0	0	0
AF	0	0.153342	144	104	40	0	0	0	0
AF	0	0.153654	153	109	44	0	0	0	0
AF	0	0.153966	143	105	38	0	0	0	0
AF	0	0.154279	172	116	56	0	0	0	0
AF	0	0.154591	155	103	52	0	0	0	0
AF	0	0.154903	132	98	34	0	0	0	0
AF	0	0.155215	170	119	51	0	0	0	0
AF	0	0.155528	138	97	41	0	0	0	0
AF	0	0.155840	148	101	47	0	0	0	0
AF	0	0.156152	151	107	44	0	0	0	0
AF	0	0.156465	144	99	45	0	0	0	0
AF	0	0.156777	135	90	45	0	0	0	0
AF	0	0.157089	140	93	47	0	0	0	0
AF	0	0.157402	112	73	39	0	0	0	0
AF	0	0.157714	128	87	41	0	0	0	0
AF	0	0.158026	151	104	47	0	0	0	0
AF	0	0.158339	117	82	35	0	0	0	0
AF	0	0.158651	139	97	42	0	0	0	0
AF	0	0.158963	164	114	50	0	0	0	0
AF	0	0.159275	232	158	74	0	0	0	0
AF	0	0.159588	182	128	54	0	0	0	0
AF	0	0.159900	128	88	40	0	0	0	0
AF	0	0.160212	136	93	43	0	0	0	0
AF	0	0.160525	134	79	55	0	0	0	0
AF	0	0.160837	138	92	46	0	0	0	0
AF	0	0.161149	164	112	52	0	0	0	0
AF	0	0.161462	105	66	39	0	0	0	0
AF	0	0.161774	129	82	47	0	0	0	0
AF	0	0.162086	144	96	48	0	0	0	0
AF	0	0.162399	149	101	48	0	0	0	0
AF	0	0.162711	138	89	49	0	0	0	0
AF	0	0.163023	150	106	44	0	0	0	0
AF	0	0.163335	143	97	46	0	0	0	0
AF	0	0.163648	141	103	38	0	0	0	0
AF	0	0.163960	151	102	49	0	0	0	0
AF	0	0.164272	150	109	41	0	0	0	0
AF	0	0.164585	147	94	53	0	0	0	0
AF	0	0.164897	114	76	38	0	0	0	0
AF	0	0.165209	123	83	40	0	0	0	0
AF	0	0.165522	150	101	49	0	0	0	0
AF	0	0.165834	169	115	54	0	0	0	0
AF	0	0.166146	163	110	53	0	0	0	0
AF	0	0.166458	147	92	55	0	0	0	0
AF	0	0.166771	153	105	48	0	0	0	0
AF	0	0.167083	157	111	46	0	0	0	0
AF	0	0.167395	155	104	51	0	0	0	0
AF	0	0.167708	122	78	44	0	0	0	0
AF	0	0.168020	124	79	45	0	0	0	0
AF	0	0.168332	119	85	34	0	0	0	0
AF	0	0.168645	134	84	50	0	0	0	0
AF	0	0.168957	144	97	47	0	0	0	0
AF	0	0.169269	140	89	51	0	0	0	0
AF	0	0.169582	130	84	46	0	0	0	0
AF	0	0.169894	127	85	42	0	0	0	0
AF	0	0.170206	118	83	35	0	0	0	0
AF	0	0.170518	132	89	43	0	0	0	0
AF	0	0.170831	126	92	34	0	0	0	0
AF	0	0.171143	147	103	44	0	0	0	0
AF	0	0.171455	139	100	39	0	0	0	0
AF	0	0.171768	147	94	53	0	0	0	0
AF	0	0.172080	126	89	37	0	0	0	0
AF	0	0.172392	139	89	50	0	0	0	0
AF	0	0.172705	152	102	50	0	0	0	0
AF	0	0.173017	113	75	38	0	0	0	0
AF	0	0.173329	155	105	50	0	0	0	0
AF	0	0.173641	129	90	39	0	0	0	0
AF	0	0.173954	142	100	42	0	0	0	0
AF	0	0.174266	129	91	38	0	0	0	0
AF	0	0.174578	101	75	26	0	0	0	0
AF	0	0.174891	141	95	46	0	0	0	0
AF	0	0.175203	151	119	32	0	0	0	0
AF	0	0.175515	121	88	33	0	0	0	0
AF	0	0.175828	134	88	46	0	0	0	0
AF	0	0.176140	124	81	43	0	0	0	0
AF	0	0.176452	139	102	37	0	0	0	0
AF	0	0.176765	145	109	36	0	0	0	0
AF	0	0.177077	178	127	51	0	0	0	0
AF	0	0.177389	145	102	43	0	0	0	0
AF	0	0.177701	118	82	36	0	0	0	0
AF	0	0.178014	122	83	39	0	0	0	0
AF	0	0.178326	147	99	48	0	0	0	0
AF	0	0.178638	131	94	37	0	0	0	0
AF	0	0.178951	92	64	28	0	0	0	0
AF	0	0.179263	120	85	35	0	0	0	0
AF	0	0.179575	106	71	35	0	0	0	0
AF	0	0.179888	93	68	25	0	0	0	0
AF	0	0.180200	115	71	44	0	0	0	0
AF	0	0.180512	103	73	30	0	0	0	0
AF	0	0.180824	134	83	51	0	0	0	0
AF	0	0.181137	118	75	43	0	0	0	0
AF	0	0.181449	126	87	39	0	0	0	0
AF	0	0.181761	112	74	38	0	0	0	0
AF	0	0.182074	97	67	30	0	0	0	0
AF	0	0.182386	127	77	50	0	0	0	0
AF	0	0.182698	144	95	49	0	0	0	0
AF	0	0.183011	125	86	39	0	0	0	0
AF	0	0.183323	138	89	49	0	0	0	0
AF	0	0.183635	124	89	35	0	0	0	0
AF	0	0.183948	130	88	42	0	0	0	0
AF	0	0.184260	116	86	30	0	0	0	0
AF	0	0.184572	118	81	37	0	0	0	0
AF	0	0.184884	123	73	50	0	0	0	0
AF	0	0.185197	117	88	29	0	0	0	0
AF	0	0.185509	114	76	38	0	0	0	0
AF	0	0.185821	131	92	39	0	0	0	0
AF	0	0.186134	108	74	34	0	0	0	0
AF	0	0.186446	113	81	32	0	0	0	0
AF	0	0.186758	122	81	41	0	0	0	0
AF	0	0.187071	116	69	47	0	0	0	0
AF	0	0.187383	116	90	26	0	0	0	0
AF	0	0.187695	97	70	27	0	0	0	0
AF	0	0.188007	95	67	28	0	0	0	0
AF	0	0.188320	97	69	28	0	0	0	0
AF	0	0.188632	120	72	48	0	0	0	0
AF	0	0.188944	130	88	42	0	0	0	0
AF	0	0.189257	135	90	45	0	0	0	0
AF	0	0.189569	103	62	41	0	0	0	0
AF	0	0.189881	129	85	44	0	0	0	0
AF	0	0.190194	131	97	34	0	0	0	0
AF	0	0.190506	141	90	51	0	0	0	0
AF	0	0.190818	141	87	54	0	0	0	0
AF	0	0.191131	149	104	45	0	0	0	0
AF	0	0.191443	166	109	57	0	0	0	0
AF	0	0.191755	131	93	38	0	0	0	0
AF	0	0.192067	156	109	47	0	0	0	0
AF	0	0.192380	159	105	54	0	0	0	0
AF	0	0.192692	106	71	35	0	0	0	0
AF	0	0.193004	93	60	33	0	0	0	0
AF	0	0.193317	115	78	37	0	0	0	0
AF	0	0.193629	88	72	16	0	0	0	0
AF	0	0.193941	114	73	41	0	0	0	0
AF	0	0.194254	141	93	48	0	0	0	0
AF	0	0.194566	113	77	36	0	0	0	0
AF	0	0.194878	112	81	31	0	0	0	0
AF	0	0.195191	121	87	34	0	0	0	0
AF	0	0.195503	103	71	32	0	0	0	0
AF	0	0.195815	107	67	40	0	0	0	0
AF	0	0.196127	131	89	42	0	0	0	0
AF	0	0.196440	95	61	34	0	0	0	0
AF	0	0.196752	104	77	27	0	0	0	0
AF	0	0.197064	94	62	32	0	0	0	0
AF	0	0.197377	118	78	40	0	0	0	0
AF	0	0.197689	121	77	44	0	0	0	0
AF	0	0.198001	131	92	39	0	0	0	0
AF	0	0.198314	123	91	32	0	0	0	0
AF	0	0.198626	130	86	44	0	0	0	0
AF	0	0.198938	123	90	33	0	0	0	0
AF	0	0.199250	108	75	33	0	0	0	0
AF	0	0.199563	96	69	27	0	0	0	0
AF	0	0.199875	102	73	29	0	0	0	0
AF	0	0.200187	88	65	23	0	0	0	0
AF	0	0.200500	131	87	44	0	0	0	0
AF	0	0.200812	105	74	31	0	0	0	0
AF	0	0.201124	108	79	29	0	0	0	0
AF	0	0.201437	104	73	31	0	0	0	0
AF	0	0.201749	121	90	31	0	0	0	0
AF	0	0.202061	114	82	32	0	0	0	0
AF	0	0.202374	105	65	40	0	0	0	0
AF	0	0.202686	114	78	36	0	0	0	0
AF	0	0.202998	120	83	37	0	0	0	0
AF	0	0.203310	135	87	48	0	0	0	0
AF	0	0.203623	137	95	42	0	0	0	0
AF	0	0.203935	149	102	47	0	0	0	0
AF	0	0.204247	113	75	38	0	0	0	0
AF	0	0.204560	137	99	38	0	0	0	0
AF	0	0.204872	109	76	33	0	0	0	0
AF	0	0.205184	147	101	46	0	0	0	0
AF	0	0.205497	141	100	41	0	0	0	0
AF	0	0.205809	121	76	45	0	0	0	0
AF	0	0.206121	146	94	52	0	0	0	0
AF	0	0.206433	134	92	42	0	0	0	0
AF	0	0.206746	126	91	35	0	0	0	0
AF	0	0.207058	132	87	45	0	0	0	0
AF	0	0.207370	115	84	31	0	0	0	0
AF	0	0.207683	162	110	52	0	0	0	0
AF	0	0.207995	110	76	34	0	0	0	0
AF	0	0.208307	113	76	37	0	0	0	0
AF	0	0.208620	95	67	28	0	0	0	0
AF	0	0.208932	108	80	28	0	0	0	0
AF	0	0.209244	99	57	42	0	0	0	0
AF	0	0.209557	113	85	28	0	0	0	0
AF	0	0.209869	120	88	32	0	0	0	0
AF	0	0.210181	114	75	39	0	0	0	0
AF	0	0.210493	112	78	34	0	0	0	0
AF	0	0.210806	96	62	34	0	0	0	0
AF	0	0.211118	102	70	32	0	0	0	0
AF	0	0.211430	98	72	26	0	0	0	0
AF	0	0.211743	124	81	43	0	0	0	0
AF	0	0.212055	108	69	39	0	0	0	0
AF	0	0.212367	119	85	34	0	0	0	0
AF	0	0.212680	115	79	36	0	0	0	0
AF	0	0.212992	116	80	36	0	0	0	0
AF	0	0.213304	110	76	34	0	0	0	0
AF	0	0.213616	94	60	34	0	0	0	0
AF	0	0.213929	130	97	33	0	0	0	0
AF	0	0.214241	117	77	40	0	0	0	0
AF	0	0.214553	147	93	54	0	0	0	0
AF	0	0.214866	99	72	27	0	0	0	0
AF	0	0.215178	89	57	32	0	0	0	0
AF	0	0.215490	109	70	39	0	0	0	0
AF	0	0.215803	128	81	47	0	0	0	0
AF	0	0.216115	105	71	34	0	0	0	0
AF	0	0.216427	109	72	37	0	0	0	0
AF	0	0.216740	109	80	29	0	0	0	0
AF	0	0.217052	101	76	25	0	0	0	0
AF	0	0.217364	91	60	31	0	0	0	0
AF	0	0.217676	122	84	38	0	0	0	0
AF	0	0.217989	114	82	32	0	0	0	0
AF	0	0.218301	80	53	27	0	0	0	0
AF	0	0.218613	98	71	27	0	0	0	0
AF	0	0.218926	94	66	28	0	0	0	0
AF	0	0.219238	94	77	17	0	0	0	0
AF	0	0.219550	103	67	36	0	0	0	0
AF	0	0.219863	114	78	36	0	0	0	0
AF	0	0.220175	121	79	42	0	0	0	0
AF	0	0.220487	94	61	33	0	0	0	0
AF	0	0.220800	110	79	31	0	0	0	0
AF	0	0.221112	82	60	22	0	0	0	0
AF	0	0.221424	107	60	47	0	0	0	0
AF	0	0.221736	108	66	42	0	0	0	0
AF	0	0.222049	114	72	42	0	0	0	0
AF	0	0.222361	91	64	27	0	0	0	0
AF	0	0.222673	111	74	37	0	0	0	0
AF	0	0.222986	120	80	40	0	0	0	0
AF	0	0.223298	145	103	42	0	0	0	0
AF	0	0.223610	111	79	32	0	0	0	0
AF	0	0.223923	108	65	43	0	0	0	0
AF	0	0.224235	117	72	45	0	0	0	0
AF	0	0.224547	116	77	39	0	0	0	0
AF	0	0.224859	109	77	32	0	0	0	0
AF	0	0.225172	114	70	44	0	0	0	0
AF	0	0.225484	142	92	50	0	0	0	0
AF	0	0.225796	116	89	27	0	0	0	0
AF	0	0.226109	88	58	30	0	0	0	0
AF	0	0.226421	87	53	34	0	0	0	0
AF	0	0.226733	104	73	31	0	0	0	0
AF	0	0.227046	126	92	34	0	0	0	0
AF	0	0.227358	127	95	32	0	0	0	0
AF	0	0.227670	109	66	43	0	0	0	0
AF	0	0.227983	89	63	26	0	0	0	0
AF	0	0.228295	120	82	38	0	0	0	0
AF	0	0.228607	117	86	31	0	0	0	0
AF	0	0.228919	88	63	25	0	0	0	0
AF	0	0.229232	101	58	43	0	0	0	0
AF	0	0.229544	107	78	29	0	0	0	0
AF	0	0.229856	118	82	36	0	0	0	0
AF	0	0.230169	119	82	37	0	0	0	0
AF	0	0.230481	110	83	27	0	0	0	0
AF	0	0.230793	89	67	22	0	0	0	0
AF	0	0.231106	94	69	25	0	0	0	0
AF	0	0.231418	113	74	39	0	0	0	0
AF	0	0.231730	131	98	33	0	0	0	0
AF	0	0.232042	96	64	32	0	0	0	0
AF	0	0.232355	109	75	34	0	0	0	0
AF	0	0.232667	91	53	38	0	0	0	0
AF	0	0.232979	103	70	33	0	0	0	0
AF	0	0.233292	104	67	37	0	0	0	0
AF	0	0.233604	96	68	28	0	0	0	0
AF	0	0.233916	95	65	30	0	0	0	0
AF	0	0.234229	91	61	30	0	0	0	0
AF	0	0.234541	80	53	27	0	0	0	0
AF	0	0.234853	103	70	33	0	0	0	0
AF	0	0.235166	106	74	32	0	0	0	0
AF	0	0.235478	108	84	24	0	0	0	0
AF	0	0.235790	102	65	37	0	0	0	0
AF	0	0.236102	115	78	37	0	0	0	0
AF	0	0.236415	102	74	28	0	0	0	0
AF	0	0.236727	100	71	29	0	0	0	0
AF	0	0.237039	125	81	44	0	0	0	0
AF	0	0.237352	89	55	34	0	0	0	0
AF	0	0.237664	112	75	37	0	0	0	0
AF	0	0.237976	95	67	28	0	0	0	0
AF	0	0.238289	118	86	32	0	0	0	0
AF	0	0.238601	91	59	32	0	0	0	0
AF	0	0.238913	101	68	33	0	0	0	0
AF	0	0.239225	87	59	28	0	0	0	0
AF	0	0.239538	97	72	25	0	0	0	0
AF	0	0.239850	115	67	48	0	0	0	0
AF	0	0.240162	111	78	33	0	0	0	0
AF	0	0.240475	107	77	30	0	0	0	0
AF	0	0.240787	97	67	30	0	0	0	0
AF	0	0.241099	109	76	33	0	0	0	0
AF	0	0.241412	103	68	35	0	0	0	0
AF	0	0.241724	98	65	33	0	0	0	0
AF	0	0.242036	89	56	33	0	0	0	0
AF	0	0.242349	89	65	24	0	0	0	0
AF	0	0.242661	112	70	42	0	0	0	0
AF	0	0.242973	123	88	35	0	0	0	0
AF	0	0.243285	114	69	45	0	0	0	0
AF	0	0.243598	86	59	27	0	0	0	0
AF	0	0.243910	102	67	35	0	0	0	0
AF	0	0.244222	108	76	32	0	0	0	0
AF	0	0.244535	101	66	35	0	0	0	0
AF	0	0.244847	95	68	27	0	0	0	0
AF	0	0.245159	87	68	19	0	0	0	0
AF	0	0.245472	77	47	30	0	0	0	0
AF	0	0.245784	130	86	44	0	0	0	0
AF	0	0.246096	84	58	26	0	0	0	0
AF	0	0.246408	122	88	34	0	0	0	0
AF	0	0.246721	122	84	38	0	0	0	0
AF	0	0.247033	108	64	44	0	0	0	0
AF	0	0.247345	119	81	38	0	0	0	0
AF	0	0.247658	131	87	44	0	0	0	0
AF	0	0.247970	156	104	52	0	0	0	0
AF	0	0.248282	105	74	31	0	0	0	0
AF	0	0.248595	98	68	30	0	0	0	0
AF	0	0.248907	67	46	21	0	0	0	0
AF	0	0.249219	109	79	30	0	0	0	0
AF	0	0.249532	97	70	27	0	0	0	0
AF	0	0.249844	91	66	25	0	0	0	0
AF	0	0.250156	102	83	19	0	0	0	0
AF	0	0.250468	145	91	54	0	0	0	0
AF	0	0.250781	103	71	32	0	0	0	0
AF	0	0.251093	75	50	25	0	0	0	0
AF	0	0.251405	101	67	34	0	0	0	0
AF	0	0.251718	113	75	38	0	0	0	0
AF	0	0.252030	115	85	30	0	0	0	0
AF	0	0.252342	88	58	30	0	0	0	0
AF	0	0.252655	83	59	24	0	0	0	0
AF	0	0.252967	84	53	31	0	0	0	0
AF	0	0.253279	108	77	31	0	0	0	0
AF	0	0.253592	84	66	18	0	0	0	0
AF	0	0.253904	89	63	26	0	0	0	0
AF	0	0.254216	99	67	32	0	0	0	0
AF	0	0.254528	100	67	33	0	0	0	0
AF	0	0.254841	129	83	46	0	0	0	0
AF	0	0.255153	136	89	47	0	0	0	0
AF	0	0.255465	124	77	47	0	0	0	0
AF	0	0.255778	119	69	50	0	0	0	0
AF	0	0.256090	100	75	25	0	0	0	0
AF	0	0.256402	115	80	35	0	0	0	0
AF	0	0.256715	118	78	40	0	0	0	0
AF	0	0.257027	182	115	67	0	0	0	0
AF	0	0.257339	97	60	37	0	0	0	0
AF	0	0.257651	114	75	39	0	0	0	0
AF	0	0.257964	94	56	38	0	0	0	0
AF	0	0.258276	88	53	35	0	0	0	0
AF	0	0.258588	104	71	33	0	0	0	0
AF	0	0.258901	126	87	39	0	0	0	0
AF	0	0.259213	171	118	53	0	0	0	0
AF	0	0.259525	88	54	34	0	0	0	0
AF	0	0.259838	110	74	36	0	0	0	0
AF	0	0.260150	102	71	31	0	0	0	0
AF	0	0.260462	85	58	27	0	0	0	0
AF	0	0.260775	99	65	34	0	0	0	0
AF	0	0.261087	113	68	45	0	0	0	0
AF	0	0.261399	104	72	32	0	0	0	0
AF	0	0.261711	98	69	29	0	0	0	0
AF	0	0.262024	91	57	34	0	0	0	0
AF	0	0.262336	72	53	19	0	0	0	0
AF	0	0.262648	88	62	26	0	0	0	0
AF	0	0.262961	80	52	28	0	0	0	0
AF	0	0.263273	79	57	22	0	0	0	0
AF	0	0.263585	76	52	24	0	0	0	0
AF	0	0.263898	81	47	34	0	0	0	0
AF	0	0.264210	96	67	29	0	0	0	0
AF	0	0.264522	83	59	24	0	0	0	0
AF	0	0.264834	68	46	22	0	0	0	0
AF	0	0.265147	73	43	30	0	0	0	0
AF	0	0.265459	89	63	26	0	0	0	0
AF	0	0.265771	68	44	24	0	0	0	0
AF	0	0.266084	94	68	26	0	0	0	0
AF	0	0.266396	108	78	30	0	0	0	0
AF	0	0.266708	73	48	25	0	0	0	0
AF	0	0.267021	76	42	34	0	0	0	0
AF	0	0.267333	79	53	26	0	0	0	0
AF	0	0.267645	96	61	35	0	0	0	0
AF	0	0.267958	91	70	21	0	0	0	0
AF	0	0.268270	130	78	52	0	0	0	0
AF	0	0.268582	138	93	45	0	0	0	0
AF	0	0.268894	72	51	21	0	0	0	0
AF	0	0.269207	92	57	35	0	0	0	0
AF	0	0.269519	78	51	27	0	0	0	0
AF	0	0.269831	102	69	33	0	0	0	0
AF	0	0.270144	106	72	34	0	0	0	0
AF	0	0.270456	106	68	38	0	0	0	0
AF	0	0.270768	81	57	24	0	0	0	0
AF	0	0.271081	102	66	36	0	0	0	0
AF	0	0.271393	93	62	31	0	0	0	0
AF	0	0.271705	134	78	56	0	0	0	0
AF	0	0.272017	79	59	20	0	0	0	0
AF	0	0.272330	72	45	27	0	0	0	0
AF	0	0.272642	85	51	34	0	0	0	0
AF	0	0.272954	88	63	25	0	0	0	0
AF	0	0.273267	82	56	26	0	0	0	0
AF	0	0.273579	83	58	25	0	0	0	0
AF	0	0.273891	103	73	30	0	0	0	0
AF	0	0.274204	106	76	30	0	0	0	0
AF	0	0.274516	104	73	31	0	0	0	0
AF	0	0.274828	78	47	31	0	0	0	0
AF	0	0.275141	93	69	24	0	0	0	0
AF	0	0.275453	73	44	29	0	0	0	0
AF	0	0.275765	92	63	29	0	0	0	0
AF	0	0.276077	102	67	35	0	0	0	0
AF	0	0.276390	92	65	27	0	0	0	0
AF	0	0.276702	110	70	40	0	0	0	0
AF	0	0.277014	85	57	28	0	0	0	0
AF	0	0.277327	99	67	32	0	0	0	0
AF	0	0.277639	156	100	56	0	0	0	0
AF	0	0.277951	133	89	44	0	0	0	0
AF	0	0.278264	94	60	34	0	0	0	0
AF	0	0.278576	101	62	39	0	0	0	0
AF	0	0.278888	82	61	21	0	0	0	0
AF	0	0.279200	72	53	19	0	0	0	0
AF	0	0.279513	102	70	32	0	0	0	0
AF	0	0.279825	85	64	21	0	0	0	0
AF	0	0.280137	94	60	34	0	0	0	0
AF	0	0.280450	104	79	25	0	0	0	0
AF	0	0.280762	102	70	32	0	0	0	0
AF	0	0.281074	93	58	35	0	0	0	0
AF	0	0.281387	127	82	45	0	0	0	0
AF	0	0.281699	133	92	41	0	0	0	0
AF	0	0.282011	120	83	37	0	0	0	0
AF	0	0.282324	108	74	34	0	0	0	0
AF	0	0.282636	115	88	27	0	0	0	0
AF	0	0.282948	101	64	37	0	0	0	0
AF	0	0.283260	110	68	42	0	0	0	0
AF	0	0.283573	142	94	48	0	0	0	0
AF	0	0.283885	101	60	41	0	0	0	0
AF	0	0.284197	79	49	30	0	0	0	0
AF	0	0.284510	120	74	46	0	0	0	0
AF	0	0.284822	93	63	30	0	0	0	0
AF	0	0.285134	120	76	44	0	0	0	0
AF	0	0.285447	90	57	33	0	0	0	0
AF	0	0.285759	87	56	31	0	0	0	0
AF	0	0.286071	84	56	28	0	0	0	0
AF	0	0.286384	109	68	41	0	0	0	0
AF	0	0.286696	95	72	23	0	0	0	0
AF	0	0.287008	77	55	22	0	0	0	0
AF	0	0.287320	137	95	42	0	0	0	0
AF	0	0.287633	99	67	32	0	0	0	0
AF	0	0.287945	93	61	32	0	0	0	0
AF	0	0.288257	81	59	22	0	0	0	0
AF	0	0.288570	83	59	24	0	0	0	0
AF	0	0.288882	93	60	33	0	0	0	0
AF	0	0.289194	80	60	20	0	0	0	0
AF	0	0.289507	83	65	18	0	0	0	0
AF	0	0.289819	100	70	30	0	0	0	0
AF	0	0.290131	80	57	23	0	0	0	0
AF	0	0.290443	90	62	28	0	0	0	0
AF	0	0.290756	130	96	34	0	0	0	0
AF	0	0.291068	116	77	39	0	0	0	0
AF	0	0.291380	108	71	37	0	0	0	0
AF	0	0.291693	116	86	30	0	0	0	0
AF	0	0.292005	99	70	29	0	0	0	0
AF	0	0.292317	93	61	32	0	0	0	0
AF	0	0.292630	98	67	31	0	0	0	0
AF	0	0.292942	114	81	33	0	0	0	0
AF	0	0.293254	91	59	32	0	0	0	0
AF	0	0.293567	93	70	23	0	0	0	0
AF	0	0.293879	101	66	35	0	0	0	0
AF	0	0.294191	122	84	38	0	0	0	0
AF	0	0.294503	134	85	49	0	0	0	0
AF	0	0.294816	111	74	37	0	0	0	0
AF	0	0.295128	124	84	40	0	0	0	0
AF	0	0.295440	93	67	26	0	0	0	0
AF	0	0.295753	82	51	31	0	0	0	0
AF	0	0.296065	88	59	29	0	0	0	0
AF	0	0.296377	95	52	43	0	0	0	0
AF	0	0.296690	101	73	28	0	0	0	0
AF	0	0.297002	99	60	39	0	0	0	0
AF	0	0.297314	87	59	28	0	0	0	0
AF	0	0.297626	97	69	28	0	0	0	0
AF	0	0.297939	103	76	27	0	0	0	0
AF	0	0.298251	118	80	38	0	0	0	0
AF	0	0.298563	88	60	28	0	0	0	0
AF	0	0.298876	82	56	26	0	0	0	0
AF	0	0.299188	91	63	28	0	0	0	0
AF	0	0.299500	72	44	28	0	0	0	0
AF	0	0.299813	67	43	24	0	0	0	0
AF	0	0.300125	85	58	27	0	0	0	0
AF	0	0.300437	95	62	33	0	0	0	0
AF	0	0.300750	116	76	40	0	0	0	0
AF	0	0.301062	96	64	32	0	0	0	0
AF	0	0.301374	100	77	23	0	0	0	0
AF	0	0.301686	100	65	35	0	0	0	0
AF	0	0.301999	83	59	24	0	0	0	0
AF	0	0.302311	96	65	31	0	0	0	0
AF	0	0.302623	93	58	35	0	0	0	0
AF	0	0.302936	71	41	30	0	0	0	0
AF	0	0.303248	90	67	23	0	0	0	0
AF	0	0.303560	81	52	29	0	0	0	0
AF	0	0.303873	92	64	28	0	0	0	0
AF	0	0.304185	99	61	38	0	0	0	0
AF	0	0.304497	84	57	27	0	0	0	0
AF	0	0.304809	86	55	31	0	0	0	0
AF	0	0.305122	87	66	21	0	0	0	0
AF	0	0.305434	96	70	26	0	0	0	0
AF	0	0.305746	73	52	21	0	0	0	0
AF	0	0.306059	79	54	25	0	0	0	0
AF	0	0.306371	78	57	21	0	0	0	0
AF	0	0.306683	102	74	28	0	0	0	0
AF	0	0.306996	72	51	21	0	0	0	0
AF	0	0.307308	71	48	23	0	0	0	0
AF	0	0.307620	59	41	18	0	0	0	0
AF	0	0.307933	70	47	23	0	0	0	0
AF	0	0.308245	78	53	25	0	0	0	0
AF	0	0.308557	67	44	23	0	0	0	0
AF	0	0.308869	64	43	21	0	0	0	0
AF	0	0.309182	69	48	21	0	0	0	0
AF	0	0.309494	67	47	20	0	0	0	0
AF	0	0.309806	51	34	17	0	0	0	0
AF	0	0.310119	85	57	28	0	0	0	0
AF	0	0.310431	96	66	30	0	0	0	0
AF	0	0.310743	62	41	21	0	0	0	0
AF	0	0.311056	74	50	24	0	0	0	0
AF	0	0.311368	78	58	20	0	0	0	0
AF	0	0.311680	69	50	19	0	0	0	0
AF	0	0.311993	70	48	22	0	0	0	0
AF	0	0.312305	102	75	27	0	0	0	0
AF	0	0.312617	61	35	26	0	0	0	0
AF	0	0.312929	84	57	27	0	0	0	0
AF	0	0.313242	102	69	33	0	0	0	0
AF	0	0.313554	88	60	28	0	0	0	0
AF	0	0.313866	99	63	36	0	0	0	0
AF	0	0.314179	98	67	31	0	0	0	0
AF	0	0.314491	72	53	19	0	0	0	0
AF	0	0.314803	65	52	13	0	0	0	0
AF	0	0.315116	85	55	30	0	0	0	0
AF	0	0.315428	60	45	15	0	0	0	0
AF	0	0.315740	55	38	17	0	0	0	0
AF	0	0.316052	60	41	19	0	0	0	0
AF	0	0.316365	89	64	25	0	0	0	0
AF	0	0.316677	56	35	21	0	0	0	0
AF	0	0.316989	65	41	24	0	0	0	0
AF	0	0.317302	61	38	23	0	0	0	0
AF	0	0.317614	71	50	21	0	0	0	0
AF	0	0.317926	89	66	23	0	0	0	0
AF	0	0.318239	76	50	26	0	0	0	0
AF	0	0.318551	65	46	19	0	0	0	0
AF	0	0.318863	67	35	32	0	0	0	0
AF	0	0.319176	80	57	23	0	0	0	0
AF	0	0.319488	66	46	20	0	0	0	0
AF	0	0.319800	70	48	22	0	0	0	0
AF	0	0.320112	116	74	42	0	0	0	0
AF	0	0.320425	89	58	31	0	0	0	0
AF	0	0.320737	83	53	30	0	0	0	0
AF	0	0.321049	83	59	24	0	0	0	0
AF	0	0.321362	64	42	22	0	0	0	0
AF	0	0.321674	65	45	20	0	0	0	0
AF	0	0.321986	90	59	31	0	0	0	0
AF	0	0.322299	77	60	17	0	0	0	0
AF	0	0.322611	77	53	24	0	0	0	0
AF	0	0.322923	92	67	25	0	0	0	0
AF	0	0.323235	72	37	35	0	0	0	0
AF	0	0.323548	77	54	23	0	0	0	0
AF	0	0.323860	77	49	28	0	0	0	0
AF	0	0.324172	73	55	18	0	0	0	0
AF	0	0.324485	72	45	27	0	0	0	0
AF	0	0.324797	71	40	31	0	0	0	0
AF	0	0.325109	95	69	26	0	0	0	0
AF	0	0.325422	82	55	27	0	0	0	0
AF	0	0.325734	83	59	24	0	0	0	0
AF	0	0.326046	66	45	21	0	0	0	0
AF	0	0.326359	64	40	24	0	0	0	0
AF	0	0.326671	71	45	26	0	0	0	0
AF	0	0.326983	71	52	19	0	0	0	0
AF	0	0.327295	80	56	24	0	0	0	0
AF	0	0.327608	93	63	30	0	0	0	0
AF	0	0.327920	70	55	15	0	0	0	0
AF	0	0.328232	64	43	21	0	0	0	0
AF	0	0.328545	88	66	22	0	0	0	0
AF	0	0.328857	67	45	22	0	0	0	0
AF	0	0.329169	82	53	29	0	0	0	0
AF	0	0.329482	74	52	22	0	0	0	0
AF	0	0.329794	61	44	17	0	0	0	0
AF	0	0.330106	63	39	24	0	0	0	0
AF	0	0.330418	74	50	24	0	0	0	0
AF	0	0.330731	79	56	23	0	0	0	0
AF	0	0.331043	82	51	31	0	0	0	0
AF	0	0.331355	95	59	36	0	0	0	0
AF	0	0.331668	106	74	32	0	0	0	0
AF	0	0.331980	94	68	26	0	0	0	0
AF	0	0.332292	149	104	45	0	0	0	0
AF	0	0.332605	111	75	36	0	0	0	0
AF	0	0.332917	77	59	18	0	0	0	0
AF	0	0.333229	78	51	27	0	0	0	0
AF	0	0.333542	72	47	25	0	0	0	0
AF	0	0.333854	84	57	27	0	0	0	0
AF	0	0.334166	70	47	23	0	0	0	0
AF	0	0.334478	80	55	25	0	0	0	0
AF	0	0.334791	80	59	21	0	0	0	0
AF	0	0.335103	70	56	14	0	0	0	0
AF	0	0.335415	51	34	17	0	0	0	0
AF	0	0.335728	59	38	21	0	0	0	0
AF	0	0.336040	92	62	30	0	0	0	0
AF	0	0.336352	90	59	31	0	0	0	0
AF	0	0.336665	102	65	37	0	0	0	0
AF	0	0.336977	57	32	25	0	0	0	0
AF	0	0.337289	85	56	29	0	0	0	0
AF	0	0.337601	86	58	28	0	0	0	0
AF	0	0.337914	60	37	23	0	0	0	0
AF	0	0.338226	72	43	29	0	0	0	0
AF	0	0.338538	53	36	17	0	0	0	0
AF	0	0.338851	71	47	24	0	0	0	0
AF	0	0.339163	75	53	22	0	0	0	0
AF	0	0.339475	81	57	24	0	0	0	0
AF	0	0.339788	80	54	26	0	0	0	0
AF	0	0.340100	88	61	27	0	0	0	0
AF	0	0.340412	68	43	25	0	0	0	0
AF	0	0.340725	63	36	27	0	0	0	0
AF	0	0.341037	60	39	21	0	0	0	0
AF	0	0.341349	62	46	16	0	0	0	0
AF	0	0.341661	70	49	21	0	0	0	0
AF	0	0.341974	73	51	22	0	0	0	0
AF	0	0.342286	66	41	25	0	0	0	0
AF	0	0.342598	68	50	18	0	0	0	0
AF	0	0.342911	55	35	20	0	0	0	0
AF	0	0.343223	69	48	21	0	0	0	0
AF	0	0.343535	68	44	24	0	0	0	0
AF	0	0.343848	74	48	26	0	0	0	0
AF	0	0.344160	66	47	19	0	0	0	0
AF	0	0.344472	76	45	31	0	0	0	0
AF	0	0.344785	70	45	25	0	0	0	0
AF	0	0.345097	61	46	15	0	0	0	0
AF	0	0.345409	65	42	23	0	0	0	0
AF	0	0.345721	76	46	30	0	0	0	0
AF	0	0.346034	80	57	23	0	0	0	0
AF	0	0.346346	80	62	18	0	0	0	0
AF	0	0.346658	55	37	18	0	0	0	0
AF	0	0.346971	66	46	20	0	0	0	0
AF	0	0.347283	60	37	23	0	0	0	0
AF	0	0.347595	69	52	17	0	0	0	0
AF	0	0.347908	61	42	19	0	0	0	0
AF	0	0.348220	58	39	19	0	0	0	0
AF	0	0.348532	77	55	22	0	0	0	0
AF	0	0.348844	61	37	24	0	0	0	0
AF	0	0.349157	112	70	42	0	0	0	0
AF	0	0.349469	51	42	9	0	0	0	0
AF	0	0.349781	67	50	17	0	0	0	0
AF	0	0.350094	78	54	24	0	0	0	0
AF	0	0.350406	75	53	22	0	0	0	0
AF	0	0.350718	68	42	26	0	0	0	0
AF	0	0.351031	64	38	26	0	0	0	0
AF	0	0.351343	61	43	18	0	0	0	0
AF	0	0.351655	70	51	19	0	0	0	0
AF	0	0.351968	70	51	19	0	0	0	0
AF	0	0.352280	51	40	11	0	0	0	0
AF	0	0.352592	83	55	28	0	0	0	0
AF	0	0.352904	63	40	23	0	0	0	0
AF	0	0.353217	55	36	19	0	0	0	0
AF	0	0.353529	65	44	21	0	0	0	0
AF	0	0.353841	47	31	16	0	0	0	0
AF	0	0.354154	54	33	21	0	0	0	0
AF	0	0.354466	51	30	21	0	0	0	0
AF	0	0.354778	60	50	10	0	0	0	0
AF	0	0.355091	49	35	14	0	0	0	0
AF	0	0.355403	86	62	24	0	0	0	0
AF	0	0.355715	69	37	32	0	0	0	0
AF	0	0.356027	86	47	39	0	0	0	0
AF	0	0.356340	68	45	23	0	0	0	0
AF	0	0.356652	89	60	29	0	0	0	0
AF	0	0.356964	53	35	18	0	0	0	0
AF	0	0.357277	86	56	30	0	0	0	0
AF	0	0.357589	116	93	23	0	0	0	0
AF	0	0.357901	90	64	26	0	0	0	0
AF	0	0.358214	85	65	20	0	0	0	0
AF	0	0.358526	78	54	24	0	0	0	0
AF	0	0.358838	88	55	33	0	0	0	0
AF	0	0.359151	103	75	28	0	0	0	0
AF	0	0.359463	93	65	28	0	0	0	0
AF	0	0.359775	75	53	22	0	0	0	0
AF	0	0.360087	88	63	25	0	0	0	0
AF	0	0.360400	65	41	24	0	0	0	0
AF	0	0.360712	67	47	20	0	0	0	0
AF	0	0.361024	64	48	16	0	0	0	0
AF	0	0.361337	74	41	33	0	0	0	0
AF	0	0.361649	64	41	23	0	0	0	0
AF	0	0.361961	45	38	7	0	0	0	0
AF	0	0.362274	55	34	21	0	0	0	0
AF	0	0.362586	52	36	16	0	0	0	0
AF	0	0.362898	66	47	19	0	0	0	0
AF	0	0.363210	64	37	27	0	0	0	0
AF	0	0.363523	66	46	20	0	0	0	0
AF	0	0.363835	73	54	19	0	0	0	0
AF	0	0.364147	101	73	28	0	0	0	0
AF	0	0.364460	77	46	31	0	0	0	0
AF	0	0.364772	57	41	16	0	0	0	0
AF	0	0.365084	81	55	26	0	0	0	0
AF	0	0.365397	62	46	16	0	0	0	0
AF	0	0.365709	78	51	27	0	0	0	0
AF	0	0.366021	64	46	18	0	0	0	0
AF	0	0.366334	55	37	18	0	0	0	0
AF	0	0.366646	48	37	11	0	0	0	0
AF	0	0.366958	53	33	20	0	0	0	0
AF	0	0.367270	59	44	15	0	0	0	0
AF	0	0.367583	55	42	13	0	0	0	0
AF	0	0.367895	79	54	25	0	0	0	0
AF	0	0.368207	81	52	29	0	0	0	0
AF	0	0.368520	66	48	18	0	0	0	0
AF	0	0.368832	57	39	18	0	0	0	0
AF	0	0.369144	52	43	9	0	0	0	0
AF	0	0.369457	58	37	21	0	0	0	0
AF	0	0.369769	69	51	18	0	0	0	0
AF	0	0.370081	61	45	16	0	0	0	0
AF	0	0.370394	48	30	18	0	0	0	0
AF	0	0.370706	63	43	20	0	0	0	0
AF	0	0.371018	50	30	20	0	0	0	0
AF	0	0.371330	76	53	23	0	0	0	0
AF	0	0.371643	93	68	25	0	0	0	0
AF	0	0.371955	77	60	17	0	0	0	0
AF	0	0.372267	76	46	30	0	0	0	0
AF	0	0.372580	75	46	29	0	0	0	0
AF	0	0.372892	62	39	23	0	0	0	0
AF	0	0.373204	52	34	18	0	0	0	0
AF	0	0.373517	48	31	17	0	0	0	0
AF	0	0.373829	76	56	20	0	0	0	0
AF	0	0.374141	72	47	25	0	0	0	0
AF	0	0.374453	98	69	29	0	0	0	0
AF	0	0.374766	84	59	25	0	0	0	0
AF	0	0.375078	57	40	17	0	0	0	0
AF	0	0.375390	70	53	17	0	0	0	0
AF	0	0.375703	67	44	23	0	0	0	0
AF	0	0.376015	66	43	23	0	0	0	0
AF	0	0.376327	54	38	16	0	0	0	0
AF	0	0.376640	67	50	17	0	0	0	0
AF	0	0.376952	50	36	14	0	0	0	0
AF	0	0.377264	76	54	22	0	0	0	0
AF	0	0.377577	72	49	23	0	0	0	0
AF	0	0.377889	62	42	20	0	0	0	0
AF	0	0.378201	63	48	15	0	0	0	0
AF	0	0.378513	51	35	16	0	0	0	0
AF	0	0.378826	57	38	19	0	0	0	0
AF	0	0.379138	61	35	26	0	0	0	0
AF	0	0.379450	62	43	19	0	0	0	0
AF	0	0.379763	71	50	21	0	0	0	0
AF	0	0.380075	65	40	25	0	0	0	0
AF	0	0.380387	73	53	20	0	0	0	0
AF	0	0.380700	63	39	24	0	0	0	0
AF	0	0.381012	56	37	19	0	0	0	0
AF	0	0.381324	54	41	13	0	0	0	0
AF	0	0.381636	56	41	15	0	0	0	0
AF	0	0.381949	64	45	19	0	0	0	0
AF	0	0.382261	60	45	15	0	0	0	0
AF	0	0.382573	64	46	18	0	0	0	0
AF	0	0.382886	58	41	17	0	0	0	0
AF	0	0.383198	75	53	22	0	0	0	0
AF	0	0.383510	85	59	26	0	0	0	0
AF	0	0.383823	77	52	25	0	0	0	0
AF	0	0.384135	54	35	19	0	0	0	0
AF	0	0.384447	58	45	13	0	0	0	0
AF	0	0.384760	60	40	20	0	0	0	0
AF	0	0.385072	82	61	21	0	0	0	0
AF	0	0.385384	60	37	23	0	0	0	0
AF	0	0.385696	79	56	23	0	0	0	0
AF	0	0.386009	68	46	22	0	0	0	0
AF	0	0.386321	69	42	27	0	0	0	0
AF	0	0.386633	102	57	45	0	0	0	0
AF	0	0.386946	61	36	25	0	0	0	0
AF	0	0.387258	80	58	22	0	0	0	0
AF	0	0.387570	97	62	35	0	0	0	0
AF	0	0.387883	70	52	18	0	0	0	0
AF	0	0.388195	49	32	17	0	0	0	0
AF	0	0.388507	57	38	19	0	0	0	0
AF	0	0.388819	73	52	21	0	0	0	0
AF	0	0.389132	84	54	30	0	0	0	0
AF	0	0.389444	76	50	26	0	0	0	0
AF	0	0.389756	59	37	22	0	0	0	0
AF	0	0.390069	47	31	16	0	0	0	0
AF	0	0.390381	37	24	13	0	0	0	0
AF	0	0.390693	50	39	11	0	0	0	0
AF	0	0.391006	54	37	17	0	0	0	0
AF	0	0.391318	53	37	16	0	0	0	0
AF	0	0.391630	72	52	20	0	0	0	0
AF	0	0.391943	71	53	18	0	0	0	0
AF	0	0.392255	58	34	24	0	0	0	0
AF	0	0.392567	83	52	31	0	0	0	0
AF	0	0.392879	60	44	16	0	0	0	0
AF	0	0.393192	65	45	20	0	0	0	0
AF	0	0.393504	53	33	20	0	0	0	0
AF	0	0.393816	49	34	15	0	0	0	0
AF	0	0.394129	70	47	23	0	0	0	0
AF	0	0.394441	61	35	26	0	0	0	0
AF	0	0.394753	63	43	20	0	0	0	0
AF	0	0.395066	73	43	30	0	0	0	0
AF	0	0.395378	48	28	20	0	0	0	0
AF	0	0.395690	56	44	12	0	0	0	0
AF	0	0.396002	83	51	32	0	0	0	0
AF	0	0.396315	47	31	16	0	0	0	0
AF	0	0.396627	60	41	19	0	0	0	0
AF	0	0.396939	54	35	19	0	0	0	0
AF	0	0.397252	62	38	24	0	0	0	0
AF	0	0.397564	56	36	20	0	0	0	0
AF	0	0.397876	63	54	9	0	0	0	0
AF	0	0.398189	65	39	26	0	0	0	0
AF	0	0.398501	63	40	23	0	0	0	0
AF	0	0.398813	59	42	17	0	0	0	0
AF	0	0.399126	68	43	25	0	0	0	0
AF	0	0.399438	73	50	23	0	0	0	0
AF	0	0.399750	69	50	19	0	0	0	0
AF	0	0.400062	63	44	19	0	0	0	0
AF	0	0.400375	72	51	21	0	0	0	0
AF	0	0.400687	58	45	13	0	0	0	0
AF	0	0.400999	76	53	23	0	0	0	0
AF	0	0.401312	54	40	14	0	0	0	0
AF	0	0.401624	66	52	14	0	0	0	0
AF	0	0.401936	51	29	22	0	0	0	0
AF	0	0.402249	66	50	16	0	0	0	0
AF	0	0.402561	54	35	19	0	0	0	0
AF	0	0.402873	53	35	18	0	0	0	0
AF	0	0.403186	51	28	23	0	0	0	0
AF	0	0.403498	57	38	19	0	0	0	0
AF	0	0.403810	62	47	15	0	0	0	0
AF	0	0.404122	43	29	14	0	0	0	0
AF	0	0.404435	59	38	21	0	0	0	0
AF	0	0.404747	65	44	21	0	0	0	0
AF	0	0.405059	64	53	11	0	0	0	0
AF	0	0.405372	55	44	11	0	0	0	0
AF	0	0.405684	74	45	29	0	0	0	0
AF	0	0.405996	56	44	12	0	0	0	0
AF	0	0.406309	55	38	17	0	0	0	0
AF	0	0.406621	59	40	19	0	0	0	0
AF	0	0.406933	57	33	24	0	0	0	0
AF	0	0.407245	68	47	21	0	0	0	0
AF	0	0.407558	46	29	17	0	0	0	0
AF	0	0.407870	58	41	17	0	0	0	0
AF	0	0.408182	60	38	22	0	0	0	0
AF	0	0.408495	67	50	17	0	0	0	0
AF	0	0.408807	60	40	20	0	0	0	0
AF	0	0.409119	54	33	21	0	0	0	0
AF	0	0.409432	62	40	22	0	0	0	0
AF	0	0.409744	54	38	16	0	0	0	0
AF	0	0.410056	68	49	19	0	0	0	0
AF	0	0.410369	58	38	20	0	0	0	0
AF	0	0.410681	55	33	22	0	0	0	0
AF	0	0.410993	75	59	16	0	0	0	0
AF	0	0.411305	46	33	13	0	0	0	0
AF	0	0.411618	53	38	15	0	0	0	0
AF	0	0.411930	56	42	14	0	0	0	0
AF	0	0.412242	65	45	20	0	0	0	0
AF	0	0.412555	78	52	26	0	0	0	0
AF	0	0.412867	50	39	11	0	0	0	0
AF	0	0.413179	55	38	17	0	0	0	0
AF	0	0.413492	59	44	15	0	0	0	0
AF	0	0.413804	64	48	16	0	0	0	0
AF	0	0.414116	62	33	29	0	0	0	0
AF	0	0.414428	58	36	22	0	0	0	0
AF	0	0.414741	58	40	18	0	0	0	0
AF	0	0.415053	68	36	32	0	0	0	0
AF	0	0.415365	76	57	19	0	0	0	0
AF	0	0.415678	68	41	27	0	0	0	0
AF	0	0.415990	61	41	20	0	0	0	0
AF	0	0.416302	58	38	20	0	0	0	0
AF	0	0.416615	69	50	19	0	0	0	0
AF	0	0.416927	95	69	26	0	0	0	0
AF	0	0.417239	63	45	18	0	0	0	0
AF	0	0.417552	67	45	22	0	0	0	0
AF	0	0.417864	58	36	22	0	0	0	0
AF	0	0.418176	52	37	15	0	0	0	0
AF	0	0.418488	74	45	29	0	0	0	0
AF	0	0.418801	68	50	18	0	0	0	0
AF	0	0.419113	55	34	21	0	0	0	0
AF	0	0.419425	62	45	17	0	0	0	0
AF	0	0.419738	57	42	15	0	0	0	0
AF	0	0.420050	60	51	9	0	0	0	0
AF	0	0.420362	75	56	19	0	0	0	0
AF	0	0.420675	82	57	25	0	0	0	0
AF	0	0.420987	48	30	18	0	0	0	0
AF	0	0.421299	87	53	34	0	0	0	0
AF	0	0.421611	51	35	16	0	0	0	0
AF	0	0.421924	54	35	19	0	0	0	0
AF	0	0.422236	55	39	16	0	0	0	0
AF	0	0.422548	68	40	28	0	0	0	0
AF	0	0.422861	64	40	24	0	0	0	0
AF	0	0.423173	63	40	23	0	0	0	0
AF	0	0.423485	54	38	16	0	0	0	0
AF	0	0.423798	55	35	20	0	0	0	0
AF	0	0.424110	58	45	13	0	0	0	0
AF	0	0.424422	63	48	15	0	0	0	0
AF	0	0.424735	61	42	19	0	0	0	0
AF	0	0.425047	53	36	17	0	0	0	0
AF	0	0.425359	53	36	17	0	0	0	0
AF	0	0.425671	56	36	20	0	0	0	0
AF	0	0.425984	56	36	20	0	0	0	0
AF	0	0.426296	53	34	19	0	0	0	0
AF	0	0.426608	57	36	21	0	0	0	0
AF	0	0.426921	73	49	24	0	0	0	0
AF	0	0.427233	62	40	22	0	0	0	0
AF	0	0.427545	52	40	12	0	0	0	0
AF	0	0.427858	43	26	17	0	0	0	0
AF	0	0.428170	48	26	22	0	0	0	0
AF	0	0.428482	60	40	20	0	0	0	0
AF	0	0.428795	57	40	17	0	0	0	0
AF	0	0.429107	75	47	28	0	0	0	0
AF	0	0.429419	59	45	14	0	0	0	0
AF	0	0.429731	61	40	21	0	0	0	0
AF	0	0.430044	46	35	11	0	0	0	0
AF	0	0.430356	39	22	17	0	0	0	0
AF	0	0.430668	52	35	17	0	0	0	0
AF	0	0.430981	73	51	22	0	0	0	0
AF	0	0.431293	33	20	13	0	0	0	0
AF	0	0.431605	47	30	17	0	0	0	0
AF	0	0.431918	43	26	17	0	0	0	0
AF	0	0.432230	47	29	18	0	0	0	0
AF	0	0.432542	44	32	12	0	0	0	0
AF	0	0.432854	52	33	19	0	0	0	0
AF	0	0.433167	49	34	15	0	0	0	0
AF	0	0.433479	43	30	13	0	0	0	0
AF	0	0.433791	52	34	18	0	0	0	0
AF	0	0.434104	37	22	15	0	0	0	0
AF	0	0.434416	59	38	21	0	0	0	0
AF	0	0.434728	48	35	13	0	0	0	0
AF	0	0.435041	44	30	14	0	0	0	0
AF	0	0.435353	46	40	6	0	0	0	0
AF	0	0.435665	47	28	19	0	0	0	0
AF	0	0.435978	49	33	16	0	0	0	0
AF	0	0.436290	49	36	13	0	0	0	0
AF	0	0.436602	51	39	12	0	0	0	0
AF	0	0.436914	39	29	10	0	0	0	0
AF	0	0.437227	63	42	21	0	0	0	0
AF	0	0.437539	57	37	20	0	0	0	0
AF	0	0.437851	54	38	16	0	0	0	0
AF	0	0.438164	42	31	11	0	0	0	0
AF	0	0.438476	43	33	10	0	0	0	0
AF	0	0.438788	44	33	11	0	0	0	0
AF	0	0.439101	47	31	16	0	0	0	0
AF	0	0.439413	53	36	17	0	0	0	0
AF	0	0.439725	40	31	9	0	0	0	0
AF	0	0.440037	47	33	14	0	0	0	0
AF	0	0.440350	73	44	29	0	0	0	0
AF	0	0.440662	68	41	27	0	0	0	0
AF	0	0.440974	53	36	17	0	0	0	0
AF	0	0.441287	96	65	31	0	0	0	0
AF	0	0.441599	116	83	33	0	0	0	0
AF	0	0.441911	45	32	13	0	0	0	0
AF	0	0.442224	41	29	12	0	0	0	0
AF	0	0.442536	52	36	16	0	0	0	0
AF	0	0.442848	55	41	14	0	0	0	0
AF	0	0.443161	74	53	21	0	0	0	0
AF	0	0.443473	53	38	15	0	0	0	0
AF	0	0.443785	43	31	12	0	0	0	0
AF	0	0.444097	57	36	21	0	0	0	0
AF	0	0.444410	59	37	22	0	0	0	0
AF	0	0.444722	63	44	19	0	0	0	0
AF	0	0.445034	37	18	19	0	0	0	0
AF	0	0.445347	63	46	17	0	0	0	0
AF	0	0.445659	80	61	19	0	0	0	0
AF	0	0.445971	56	37	19	0	0	0	0
AF	0	0.446284	53	38	15	0	0	0	0
AF	0	0.446596	44	28	16	0	0	0	0
AF	0	0.446908	63	46	17	0	0	0	0
AF	0	0.447220	66	45	21	0	0	0	0
AF	0	0.447533	62	45	17	0	0	0	0
AF	0	0.447845	51	30	21	0	0	0	0
AF	0	0.448157	44	28	16	0	0	0	0
AF	0	0.448470	65	40	25	0	0	0	0
AF	0	0.448782	62	47	15	0	0	0	0
AF	0	0.449094	53	33	20	0	0	0	0
AF	0	0.449407	52	31	21	0	0	0	0
AF	0	0.449719	75	49	26	0	0	0	0
AF	0	0.450031	55	42	13	0	0	0	0
AF	0	0.450344	60	38	22	0	0	0	0
AF	0	0.450656	53	36	17	0	0	0	0
AF	0	0.450968	77	57	20	0	0	0	0
AF	0	0.451280	52	35	17	0	0	0	0
AF	0	0.451593	53	31	22	0	0	0	0
AF	0	0.451905	57	38	19	0	0	0	0
AF	0	0.452217	36	25	11	0	0	0	0
AF	0	0.452530	87	63	24	0	0	0	0
AF	0	0.452842	82	52	30	0	0	0	0
AF	0	0.453154	122	91	31	0	0	0	0
AF	0	0.453467	72	51	21	0	0	0	0
AF	0	0.453779	57	37	20	0	0	0	0
AF	0	0.454091	75	53	22	0	0	0	0
AF	0	0.454403	95	63	32	0	0	0	0
AF	0	0.454716	70	47	23	0	0	0	0
AF	0	0.455028	82	52	30	0	0	0	0
AF	0	0.455340	63	43	20	0	0	0	0
AF	0	0.455653	66	40	26	0	0	0	0
AF	0	0.455965	64	43	21	0	0	0	0
AF	0	0.456277	76	55	21	0	0	0	0
AF	0	0.456590	67	52	15	0	0	0	0
AF	0	0.456902	54	32	22	0	0	0	0
AF	0	0.457214	46	29	17	0	0	0	0
AF	0	0.457527	56	36	20	0	0	0	0
AF	0	0.457839	41	32	9	0	0	0	0
AF	0	0.458151	63	40	23	0	0	0	0
AF	0	0.458463	101	66	35	0	0	0	0
AF	0	0.458776	55	34	21	0	0	0	0
AF	0	0.459088	40	28	12	0	0	0	0
AF	0	0.459400	67	46	21	0	0	0	0
AF	0	0.459713	53	36	17	0	0	0	0
AF	0	0.460025	63	39	24	0	0	0	0
AF	0	0.460337	86	61	25	0	0	0	0
AF	0	0.460650	49	27	22	0	0	0	0
AF	0	0.460962	56	41	15	0	0	0	0
AF	0	0.461274	51	37	14	0	0	0	0
AF	0	0.461587	52	31	21	0	0	0	0
AF	0	0.461899	41	30	11	0	0	0	0
AF	0	0.462211	51	33	18	0	0	0	0
AF	0	0.462523	58	38	20	0	0	0	0
AF	0	0.462836	55	31	24	0	0	0	0
AF	0	0.463148	59	40	19	0	0	0	0
AF	0	0.463460	53	34	19	0	0	0	0
AF	0	0.463773	53	40	13	0	0	0	0
AF	0	0.464085	45	24	21	0	0	0	0
AF	0	0.464397	57	28	29	0	0	0	0
AF	0	0.464710	66	44	22	0	0	0	0
AF	0	0.465022	80	56	24	0	0	0	0
AF	0	0.465334	58	42	16	0	0	0	0
AF	0	0.465646	57	39	18	0	0	0	0
AF	0	0.465959	59	41	18	0	0	0	0
AF	0	0.466271	40	31	9	0	0	0	0
AF	0	0.466583	54	38	16	0	0	0	0
AF	0	0.466896	65	40	25	0	0	0	0
AF	0	0.467208	58	38	20	0	0	0	0
AF	0	0.467520	48	32	16	0	0	0	0
AF	0	0.467833	65	44	21	0	0	0	0
AF	0	0.468145	50	35	15	0	0	0	0
AF	0	0.468457	77	53	24	0	0	0	0
AF	0	0.468770	42	29	13	0	0	0	0
AF	0	0.469082	49	36	13	0	0	0	0
AF	0	0.469394	58	40	18	0	0	0	0
AF	0	0.469706	47	27	20	0	0	0	0
AF	0	0.470019	49	32	17	0	0	0	0
AF	0	0.470331	31	24	7	0	0	0	0
AF	0	0.470643	61	47	14	0	0	0	0
AF	0	0.470956	66	40	26	0	0	0	0
AF	0	0.471268	43	29	14	0	0	0	0
AF	0	0.471580	65	40	25	0	0	0	0
AF	0	0.471893	70	56	14	0	0	0	0
AF	0	0.472205	56	39	17	0	0	0	0
AF	0	0.472517	58	40	18	0	0	0	0
AF	0	0.472829	57	42	15	0	0	0	0
AF	0	0.473142	73	50	23	0	0	0	0
AF	0	0.473454	48	31	17	0	0	0	0
AF	0	0.473766	40	27	13	0	0	0	0
AF	0	0.474079	53	43	10	0	0	0	0
AF	0	0.474391	45	26	19	0	0	0	0
AF	0	0.474703	48	34	14	0	0	0	0
AF	0	0.475016	35	24	11	0	0	0	0
AF	0	0.475328	47	35	12	0	0	0	0
AF	0	0.475640	42	30	12	0	0	0	0
AF	0	0.475953	47	33	14	0	0	0	0
AF	0	0.476265	49	33	16	0	0	0	0
AF	0	0.476577	31	19	12	0	0	0	0
AF	0	0.476889	40	28	12	0	0	0	0
AF	0	0.477202	63	40	23	0	0	0	0
AF	0	0.477514	44	32	12	0	0	0	0
AF	0	0.477826	70	50	20	0	0	0	0
AF	0	0.478139	46	32	14	0	0	0	0
AF	0	0.478451	68	48	20	0	0	0	0
AF	0	0.478763	51	40	11	0	0	0	0
AF	0	0.479076	53	44	9	0	0	0	0
AF	0	0.479388	49	39	10	0	0	0	0
AF	0	0.479700	39	25	14	0	0	0	0
AF	0	0.480012	45	28	17	0	0	0	0
AF	0	0.480325	35	27	8	0	0	0	0
AF	0	0.480637	51	28	23	0	0	0	0
AF	0	0.480949	38	25	13	0	0	0	0
AF	0	0.481262	48	28	20	0	0	0	0
AF	0	0.481574	52	38	14	0	0	0	0
AF	0	0.481886	50	40	10	0	0	0	0
AF	0	0.482199	45	33	12	0	0	0	0
AF	0	0.482511	65	48	17	0	0	0	0
AF	0	0.482823	50	38	12	0	0	0	0
AF	0	0.483136	49	32	17	0	0	0	0
AF	0	0.483448	55	36	19	0	0	0	0
AF	0	0.483760	54	43	11	0	0	0	0
AF	0	0.484072	41	23	18	0	0	0	0
AF	0	0.484385	46	30	16	0	0	0	0
AF	0	0.484697	38	23	15	0	0	0	0
AF	0	0.485009	35	22	13	0	0	0	0
AF	0	0.485322	43	34	9	0	0	0	0
AF	0	0.485634	39	26	13	0	0	0	0
AF	0	0.485946	67	51	16	0	0	0	0
AF	0	0.486259	45	35	10	0	0	0	0
AF	0	0.486571	40	27	13	0	0	0	0
AF	0	0.486883	35	27	8	0	0	0	0
AF	0	0.487196	61	38	23	0	0	0	0
AF	0	0.487508	55	42	13	0	0	0	0
AF	0	0.487820	45	28	17	0	0	0	0
AF	0	0.488132	64	45	19	0	0	0	0
AF	0	0.488445	41	19	22	0	0	0	0
AF	0	0.488757	51	36	15	0	0	0	0
AF	0	0.489069	44	29	15	0	0	0	0
AF	0	0.489382	63	45	18	0	0	0	0
AF	0	0.489694	52	36	16	0	0	0	0
AF	0	0.490006	44	31	13	0	0	0	0
AF	0	0.490319	52	38	14	0	0	0	0
AF	0	0.490631	52	35	17	0	0	0	0
AF	0	0.490943	73	48	25	0	0	0	0
AF	0	0.491255	71	46	25	0	0	0	0
AF	0	0.491568	72	50	22	0	0	0	0
AF	0	0.491880	66	42	24	0	0	0	0
AF	0	0.492192	60	42	18	0	0	0	0
AF	0	0.492505	60	39	21	0	0	0	0
AF	0	0.492817	36	27	9	0	0	0	0
AF	0	0.493129	38	27	11	0	0	0	0
AF	0	0.493442	46	38	8	0	0	0	0
AF	0	0.493754	46	27	19	0	0	0	0
AF	0	0.494066	47	29	18	0	0	0	0
AF	0	0.494379	56	37	19	0	0	0	0
AF	0	0.494691	52	34	18	0	0	0	0
AF	0	0.495003	42	29	13	0	0	0	0
AF	0	0.495315	56	39	17	0	0	0	0
AF	0	0.495628	49	38	11	0	0	0	0
AF	0	0.495940	61	49	12	0	0	0	0
AF	0	0.496252	80	53	27	0	0	0	0
AF	0	0.496565	75	46	29	0	0	0	0
AF	0	0.496877	48	35	13	0	0	0	0
AF	0	0.497189	38	28	10	0	0	0	0
AF	0	0.497502	46	32	14	0	0	0	0
AF	0	0.497814	24	15	9	0	0	0	0
AF	0	0.498126	44	27	17	0	0	0	0
AF	0	0.498438	35	17	18	0	0	0	0
AF	0	0.498751	44	31	13	0	0	0	0
AF	0	0.499063	49	39	10	0	0	0	0
AF	0	0.499375	37	26	11	0	0	0	0
AF	0	0.499688	69	45	24	0	0	0	0
AF	0	0.500000	37	27	10	0	0	0	0
AF	0	0.500312	29	17	12	0	0	0	0
AF	0	0.500625	41	30	11	0	0	0	0
AF	0	0.500937	32	22	10	0	0	0	0
AF	0	0.501249	33	21	12	0	0	0	0
AF	0	0.501562	38	29	9	0	0	0	0
AF	0	0.501874	50	31	19	0	0	0	0
AF	0	0.502186	39	29	10	0	0	0	0
AF	0	0.502498	44	32	12	0	0	0	0
AF	0	0.502811	31	21	10	0	0	0	0
AF	0	0.503123	48	34	14	0	0	0	0
AF	0	0.503435	43	29	14	0	0	0	0
AF	0	0.503748	30	24	6	0	0	0	0
AF	0	0.504060	37	29	8	0	0	0	0
AF	0	0.504372	45	30	15	0	0	0	0
AF	0	0.504685	44	28	16	0	0	0	0
AF	0	0.504997	44	24	20	0	0	0	0
AF	0	0.505309	37	26	11	0	0	0	0
AF	0	0.505621	32	26	6	0	0	0	0
AF	0	0.505934	51	39	12	0	0	0	0
AF	0	0.506246	46	31	15	0	0	0	0
AF	0	0.506558	55	38	17	0	0	0	0
AF	0	0.506871	39	27	12	0	0	0	0
AF	0	0.507183	23	18	5	0	0	0	0
AF	0	0.507495	31	17	14	0	0	0	0
AF	0	0.507808	31	21	10	0	0	0	0
AF	0	0.508120	34	28	6	0	0	0	0
AF	0	0.508432	39	26	13	0	0	0	0
AF	0	0.508745	42	26	16	0	0	0	0
AF	0	0.509057	33	21	12	0	0	0	0
AF	0	0.509369	41	27	14	0	0	0	0
AF	0	0.509681	31	24	7	0	0	0	0
AF	0	0.509994	43	29	14	0	0	0	0
AF	0	0.510306	38	25	13	0	0	0	0
AF	0	0.510618	36	25	11	0	0	0	0
AF	0	0.510931	59	42	17	0	0	0	0
AF	0	0.511243	25	15	10	0	0	0	0
AF	0	0.511555	53	37	16	0	0	0	0
AF	0	0.511868	36	24	12	0	0	0	0
AF	0	0.512180	40	31	9	0	0	0	0
AF	0	0.512492	66	47	19	0	0	0	0
AF	0	0.512804	44	26	18	0	0	0	0
AF	0	0.513117	66	47	19	0	0	0	0
AF	0	0.513429	47	33	14	0	0	0	0
AF	0	0.513741	56	39	17	0	0	0	0
AF	0	0.514054	37	29	8	0	0	0	0
AF	0	0.514366	40	32	8	0	0	0	0
AF	0	0.514678	43	27	16	0	0	0	0
AF	0	0.514991	45	34	11	0	0	0	0
AF	0	0.515303	40	26	14	0	0	0	0
AF	0	0.515615	30	22	8	0	0	0	0
AF	0	0.515928	33	24	9	0	0	0	0
AF	0	0.516240	43	23	20	0	0	0	0
AF	0	0.516552	55	36	19	0	0	0	0
AF	0	0.516864	38	28	10	0	0	0	0
AF	0	0.517177	32	24	8	0	0	0	0
AF	0	0.517489	50	33	17	0	0	0	0
AF	0	0.517801	35	22	13	0	0	0	0
AF	0	0.518114	36	29	7	0	0	0	0
AF	0	0.518426	31	21	10	0	0	0	0
AF	0	0.518738	45	26	19	0	0	0	0
AF	0	0.519051	43	30	13	0	0	0	0
AF	0	0.519363	43	28	15	0	0	0	0
AF	0	0.519675	40	27	13	0	0	0	0
AF	0	0.519988	35	23	12	0	0	0	0
AF	0	0.520300	48	31	17	0	0	0	0
AF	0	0.520612	33	26	7	0	0	0	0
AF	0	0.520924	40	22	18	0	0	0	0
AF	0	0.521237	42	28	14	0	0	0	0
AF	0	0.521549	49	30	19	0	0	0	0
AF	0	0.521861	38	22	16	0	0	0	0
AF	0	0.522174	44	28	16	0	0	0	0
AF	0	0.522486	55	37	18	0	0	0	0
AF	0	0.522798	45	30	15	0	0	0	0
AF	0	0.523111	47	33	14	0	0	0	0
AF	0	0.523423	54	39	15	0	0	0	0
AF	0	0.523735	34	22	12	0	0	0	0
AF	0	0.524047	44	30	14	0	0	0	0
AF	0	0.524360	38	27	11	0	0	0	0
AF	0	0.524672	28	16	12	0	0	0	0
AF	0	0.524984	42	30	12	0	0	0	0
AF	0	0.525297	40	28	12	0	0	0	0
AF	0	0.525609	37	27	10	0	0	0	0
AF	0	0.525921	35	28	7	0	0	0	0
AF	0	0.526234	43	31	12	0	0	0	0
AF	0	0.526546	42	25	17	0	0	0	0
AF	0	0.526858	28	21	7	0	0	0	0
AF	0	0.527171	32	21	11	0	0	0	0
AF	0	0.527483	36	22	14	0	0	0	0
AF	0	0.527795	41	28	13	0	0	0	0
AF	0	0.528107	38	27	11	0	0	0	0
AF	0	0.528420	45	34	11	0	0	0	0
AF	0	0.528732	48	37	11	0	0	0	0
AF	0	0.529044	53	33	20	0	0	0	0
AF	0	0.529357	55	35	20	0	0	0	0
AF	0	0.529669	55	32	23	0	0	0	0
AF	0	0.529981	34	23	11	0	0	0	0
AF	0	0.530294	43	30	13	0	0	0	0
AF	0	0.530606	53	33	20	0	0	0	0
AF	0	0.530918	63	44	19	0	0	0	0
AF	0	0.531230	49	35	14	0	0	0	0
AF	0	0.531543	59	37	22	0	0	0	0
AF	0	0.531855	62	46	16	0	0	0	0
AF	0	0.532167	46	31	15	0	0	0	0
AF	0	0.532480	38	27	11	0	0	0	0
AF	0	0.532792	39	26	13	0	0	0	0
AF	0	0.533104	49	37	12	0	0	0	0
AF	0	0.533417	36	26	10	0	0	0	0
AF	0	0.533729	38	26	12	0	0	0	0
AF	0	0.534041	40	25	15	0	0	0	0
AF	0	0.534354	46	31	15	0	0	0	0
AF	0	0.534666	54	36	18	0	0	0	0
AF	0	0.534978	53	37	16	0	0	0	0
AF	0	0.535290	86	59	27	0	0	0	0
AF	0	0.535603	43	29	14	0	0	0	0
AF	0	0.535915	46	35	11	0	0	0	0
AF	0	0.536227	38	25	13	0	0	0	0
AF	0	0.536540	37	24	13	0	0	0	0
AF	0	0.536852	38	27	11	0	0	0	0
AF	0	0.537164	41	27	14	0	0	0	0
AF	0	0.537477	37	20	17	0	0	0	0
AF	0	0.537789	40	29	11	0	0	0	0
AF	0	0.538101	35	22	13	0	0	0	0
AF	0	0.538413	37	29	8	0	0	0	0
AF	0	0.538726	36	26	10	0	0	0	0
AF	0	0.539038	41	28	13	0	0	0	0
AF	0	0.539350	32	21	11	0	0	0	0
AF	0	0.539663	38	21	17	0	0	0	0
AF	0	0.539975	36	25	11	0	0	0	0
AF	0	0.540287	49	41	8	0	0	0	0
AF	0	0.540600	64	44	20	0	0	0	0
AF	0	0.540912	41	27	14	0	0	0	0
AF	0	0.541224	58	37	21	0	0	0	0
AF	0	0.541537	48	30	18	0	0	0	0
AF	0	0.541849	42	28	14	0	0	0	0
AF	0	0.542161	50	33	17	0	0	0	0
AF	0	0.542473	44	29	15	0	0	0	0
AF	0	0.542786	48	28	20	0	0	0	0
AF	0	0.543098	104	65	39	0	0	0	0
AF	0	0.543410	43	26	17	0	0	0	0
AF	0	0.543723	51	33	18	0	0	0	0
AF	0	0.544035	56	41	15	0	0	0	0
AF	0	0.544347	54	40	14	0	0	0	0
AF	0	0.544660	42	26	16	0	0	0	0
AF	0	0.544972	37	22	15	0	0	0	0
AF	0	0.545284	43	31	12	0	0	0	0
AF	0	0.545597	34	25	9	0	0	0	0
AF	0	0.545909	34	22	12	0	0	0	0
AF	0	0.546221	58	39	19	0	0	0	0
AF	0	0.546533	42	29	13	0	0	0	0
AF	0	0.546846	52	40	12	0	0	0	0
AF	0	0.547158	43	27	16	0	0	0	0
AF	0	0.547470	39	25	14	0	0	0	0
AF	0	0.547783	41	30	11	0	0	0	0
AF	0	0.548095	47	35	12	0	0	0	0
AF	0	0.548407	39	25	14	0	0	0	0
AF	0	0.548720	42	32	10	0	0	0	0
AF	0	0.549032	39	29	10	0	0	0	0
AF	0	0.549344	48	28	20	0	0	0	0
AF	0	0.549656	39	25	14	0	0	0	0
AF	0	0.549969	53	34	19	0	0	0	0
AF	0	0.550281	61	45	16	0	0	0	0
AF	0	0.550593	64	43	21	0	0	0	0
AF	0	0.550906	62	47	15	0	0	0	0
AF	0	0.551218	53	40	13	0	0	0	0
AF	0	0.551530	43	29	14	0	0	0	0
AF	0	0.551843	35	21	14	0	0	0	0
AF	0	0.552155	25	18	7	0	0	0	0
AF	0	0.552467	45	34	11	0	0	0	0
AF	0	0.552780	51	34	17	0	0	0	0
AF	0	0.553092	36	25	11	0	0	0	0
AF	0	0.553404	43	28	15	0	0	0	0
AF	0	0.553716	45	28	17	0	0	0	0
AF	0	0.554029	60	40	20	0	0	0	0
AF	0	0.554341	50	27	23	0	0	0	0
AF	0	0.554653	40	25	15	0	0	0	0
AF	0	0.554966	33	19	14	0	0	0	0
AF	0	0.555278	37	28	9	0	0	0	0
AF	0	0.555590	38	29	9	0	0	0	0
AF	0	0.555903	37	29	8	0	0	0	0
AF	0	0.556215	33	21	12	0	0	0	0
AF	0	0.556527	43	30	13	0	0	0	0
AF	0	0.556839	51	34	17	0	0	0	0
AF	0	0.557152	54	35	19	0	0	0	0
AF	0	0.557464	51	35	16	0	0	0	0
AF	0	0.557776	39	24	15	0	0	0	0
AF	0	0.558089	31	23	8	0	0	0	0
AF	0	0.558401	52	35	17	0	0	0	0
AF	0	0.558713	57	38	19	0	0	0	0
AF	0	0.559026	38	26	12	0	0	0	0
AF	0	0.559338	31	23	8	0	0	0	0
AF	0	0.559650	29	19	10	0	0	0	0
AF	0	0.559963	33	21	12	0	0	0	0
AF	0	0.560275	37	22	15	0	0	0	0
AF	0	0.560587	50	38	12	0	0	0	0
AF	0	0.560899	41	23	18	0	0	0	0
AF	0	0.561212	39	25	14	0	0	0	0
AF	0	0.561524	34	22	12	0	0	0	0
AF	0	0.561836	48	35	13	0	0	0	0
AF	0	0.562149	45	36	9	0	0	0	0
AF	0	0.562461	41	24	17	0	0	0	0
AF	0	0.562773	43	28	15	0	0	0	0
AF	0	0.563086	37	26	11	0	0	0	0
AF	0	0.563398	40	25	15	0	0	0	0
AF	0	0.563710	41	28	13	0	0	0	0
AF	0	0.564022	30	20	10	0	0	0	0
AF	0	0.564335	46	35	11	0	0	0	0
AF	0	0.564647	42	32	10	0	0	0	0
AF	0	0.564959	41	26	15	0	0	0	0
AF	0	0.565272	52	38	14	0	0	0	0
AF	0	0.565584	34	23	11	0	0	0	0
AF	0	0.565896	27	16	11	0	0	0	0
AF	0	0.566209	44	37	7	0	0	0	0
AF	0	0.566521	37	23	14	0	0	0	0
AF	0	0.566833	39	24	15	0	0	0	0
AF	0	0.567146	34	22	12	0	0	0	0
AF	0	0.567458	42	33	9	0	0	0	0
AF	0	0.567770	54	33	21	0	0	0	0
AF	0	0.568082	46	30	16	0	0	0	0
AF	0	0.568395	38	25	13	0	0	0	0
AF	0	0.568707	44	28	16	0	0	0	0
AF	0	0.569019	36	25	11	0	0	0	0
AF	0	0.569332	33	23	10	0	0	0	0
AF	0	0.569644	37	29	8	0	0	0	0
AF	0	0.569956	48	35	13	0	0	0	0
AF	0	0.570269	54	38	16	0	0	0	0
AF	0	0.570581	45	26	19	0	0	0	0
AF	0	0.570893	39	29	10	0	0	0	0
AF	0	0.571205	44	31	13	0	0	0	0
AF	0	0.571518	54	33	21	0	0	0	0
AF	0	0.571830	26	18	8	0	0	0	0
AF	0	0.572142	31	19	12	0	0	0	0
AF	0	0.572455	24	15	9	0	0	0	0
AF	0	0.572767	42	28	14	0	0	0	0
AF	0	0.573079	86	52	34	0	0	0	0
AF	0	0.573392	46	32	14	0	0	0	0
AF	0	0.573704	44	33	11	0	0	0	0
AF	0	0.574016	37	25	12	0	0	0	0
AF	0	0.574329	40	30	10	0	0	0	0
AF	0	0.574641	50	42	8	0	0	0	0
AF	0	0.574953	29	21	8	0	0	0	0
AF	0	0.575265	45	36	9	0	0	0	0
AF	0	0.575578	31	21	10	0	0	0	0
AF	0	0.575890	55	39	16	0	0	0	0
AF	0	0.576202	41	29	12	0	0	0	0
AF	0	0.576515	72	39	33	0	0	0	0
AF	0	0.576827	49	34	15	0	0	0	0
AF	0	0.577139	29	15	14	0	0	0	0
AF	0	0.577452	32	22	10	0	0	0	0
AF	0	0.577764	34	24	10	0	0	0	0
AF	0	0.578076	37	26	11	0	0	0	0
AF	0	0.578389	45	30	15	0	0	0	0
AF	0	0.578701	40	25	15	0	0	0	0
AF	0	0.579013	45	28	17	0	0	0	0
AF	0	0.579325	35	26	9	0	0	0	0
AF	0	0.579638	42	28	14	0	0	0	0
AF	0	0.579950	43	28	15	0	0	0	0
AF	0	0.580262	41	36	5	0	0	0	0
AF	0	0.580575	32	18	14	0	0	0	0
AF	0	0.580887	42	27	15	0	0	0	0
AF	0	0.581199	42	27	15	0	0	0	0
AF	0	0.581512	40	32	8	0	0	0	0
AF	0	0.581824	42	28	14	0	0	0	0
AF	0	0.582136	42	29	13	0	0	0	0
AF	0	0.582448	51	34	17	0	0	0	0
AF	0	0.582761	61	38	23	0	0	0	0
AF	0	0.583073	35	18	17	0	0	0	0
AF	0	0.583385	43	27	16	0	0	0	0
AF	0	0.583698	42	32	10	0	0	0	0
AF	0	0.584010	51	36	15	0	0	0	0
AF	0	0.584322	64	45	19	0	0	0	0
AF	0	0.584635	42	26	16	0	0	0	0
AF	0	0.584947	63	38	25	0	0	0	0
AF	0	0.585259	45	32	13	0	0	0	0
AF	0	0.585572	58	34	24	0	0	0	0
AF	0	0.585884	27	14	13	0	0	0	0
AF	0	0.586196	39	27	12	0	0	0	0
AF	0	0.586508	46	27	19	0	0	0	0
AF	0	0.586821	38	21	17	0	0	0	0
AF	0	0.587133	44	31	13	0	0	0	0
AF	0	0.587445	40	27	13	0	0	0	0
AF	0	0.587758	50	34	16	0	0	0	0
AF	0	0.588070	42	26	16	0	0	0	0
AF	0	0.588382	49	29	20	0	0	0	0
AF	0	0.588695	42	29	13	0	0	0	0
AF	0	0.589007	37	32	5	0	0	0	0
AF	0	0.589319	33	22	11	0	0	0	0
AF	0	0.589631	42	32	10	0	0	0	0
AF	0	0.589944	37	23	14	0	0	0	0
AF	0	0.590256	50	29	21	0	0	0	0
AF	0	0.590568	34	23	11	0	0	0	0
AF	0	0.590881	43	30	13	0	0	0	0
AF	0	0.591193	38	29	9	0	0	0	0
AF	0	0.591505	40	24	16	0	0	0	0
AF	0	0.591818	60	39	21	0	0	0	0
AF	0	0.592130	53	30	23	0	0	0	0
AF	0	0.592442	42	26	16	0	0	0	0
AF	0	0.592755	32	18	14	0	0	0	0
AF	0	0.593067	37	29	8	0	0	0	0
AF	0	0.593379	33	26	7	0	0	0	0
AF	0	0.593691	29	23	6	0	0	0	0
AF	0	0.594004	49	37	12	0	0	0	0
AF	0	0.594316	37	23	14	0	0	0	0
AF	0	0.594628	29	16	13	0	0	0	0
AF	0	0.594941	33	22	11	0	0	0	0
AF	0	0.595253	35	27	8	0	0	0	0
AF	0	0.595565	53	32	21	0	0	0	0
AF	0	0.595878	44	28	16	0	0	0	0
AF	0	0.596190	34	23	11	0	0	0	0
AF	0	0.596502	50	39	11	0	0	0	0
AF	0	0.596814	43	27	16	0	0	0	0
AF	0	0.597127	32	25	7	0	0	0	0
AF	0	0.597439	62	45	17	0	0	0	0
AF	0	0.597751	43	28	15	0	0	0	0
AF	0	0.598064	57	38	19	0	0	0	0
AF	0	0.598376	35	24	11	0	0	0	0
AF	0	0.598688	40	25	15	0	0	0	0
AF	0	0.599001	53	40	13	0	0	0	0
AF	0	0.599313	43	24	19	0	0	0	0
AF	0	0.599625	39	27	12	0	0	0	0
AF	0	0.599938	50	36	14	0	0	0	0
AF	0	0.600250	48	34	14	0	0	0	0
AF	0	0.600562	45	30	15	0	0	0	0
AF	0	0.600874	51	35	16	0	0	0	0
AF	0	0.601187	53	31	22	0	0	0	0
AF	0	0.601499	31	20	11	0	0	0	0
AF	0	0.601811	47	32	15	0	0	0	0
AF	0	0.602124	44	28	16	0	0	0	0
AF	0	0.602436	33	18	15	0	0	0	0
AF	0	0.602748	50	39	11	0	0	0	0
AF	0	0.603061	44	32	12	0	0	0	0
AF	0	0.603373	60	37	23	0	0	0	0
AF	0	0.603685	67	46	21	0	0	0	0
AF	0	0.603998	61	44	17	0	0	0	0
AF	0	0.604310	44	27	17	0	0	0	0
AF	0	0.604622	31	16	15	0	0	0	0
AF	0	0.604934	59	42	17	0	0	0	0
AF	0	0.605247	52	33	19	0	0	0	0
AF	0	0.605559	45	38	7	0	0	0	0
AF	0	0.605871	43	30	13	0	0	0	0
AF	0	0.606184	33	24	9	0	0	0	0
AF	0	0.606496	35	23	12	0	0	0	0
AF	0	0.606808	56	35	21	0	0	0	0
AF	0	0.607121	53	35	18	0	0	0	0
AF	0	0.607433	42	29	13	0	0	0	0
AF	0	0.607745	39	29	10	0	0	0	0
AF	0	0.608057	28	25	3	0	0	0	0
AF	0	0.608370	45	30	15	0	0	0	0
AF	0	0.608682	35	21	14	0	0	0	0
AF	0	0.608994	34	24	10	0	0	0	0
AF	0	0.609307	16	8	8	0	0	0	0
AF	0	0.609619	37	31	6	0	0	0	0
AF	0	0.609931	26	11	15	0	0	0	0
AF	0	0.610244	32	22	10	0	0	0	0
AF	0	0.610556	37	20	17	0	0	0	0
AF	0	0.610868	35	24	11	0	0	0	0
AF	0	0.611181	27	22	5	0	0	0	0
AF	0	0.611493	34	24	10	0	0	0	0
AF	0	0.611805	36	20	16	0	0	0	0
AF	0	0.612117	37	30	7	0	0	0	0
AF	0	0.612430	36	27	9	0	0	0	0
AF	0	0.612742	38	27	11	0	0	0	0
AF	0	0.613054	42	33	9	0	0	0	0
AF	0	0.613367	47	29	18	0	0	0	0
AF	0	0.613679	54	36	18	0	0	0	0
AF	0	0.613991	39	21	18	0	0	0	0
AF	0	0.614304	44	31	13	0	0	0	0
AF	0	0.614616	44	32	12	0	0	0	0
AF	0	0.614928	41	27	14	0	0	0	0
AF	0	0.615240	46	24	22	0	0	0	0
AF	0	0.615553	34	23	11	0	0	0	0
AF	0	0.615865	35	27	8	0	0	0	0
AF	0	0.616177	42	26	16	0	0	0	0
AF	0	0.616490	42	22	20	0	0	0	0
AF	0	0.616802	46	30	16	0	0	0	0
AF	0	0.617114	43	33	10	0	0	0	0
AF	0	0.617427	30	26	4	0	0	0	0
AF	0	0.617739	46	35	11	0	0	0	0
AF	0	0.618051	30	20	10	0	0	0	0
AF	0	0.618364	34	16	18	0	0	0	0
AF	0	0.618676	30	21	9	0	0	0	0
AF	0	0.618988	31	16	15	0	0	0	0
AF	0	0.619300	29	18	11	0	0	0	0
AF	0	0.619613	40	20	20	0	0	0	0
AF	0	0.619925	25	14	11	0	0	0	0
AF	0	0.620237	51	36	15	0	0	0	0
AF	0	0.620550	37	26	11	0	0	0	0
AF	0	0.620862	49	30	19	0	0	0	0
AF	0	0.621174	33	25	8	0	0	0	0
AF	0	0.621487	28	20	8	0	0	0	0
AF	0	0.621799	36	21	15	0	0	0	0
AF	0	0.622111	47	34	13	0	0	0	0
AF	0	0.622423	51	35	16	0	0	0	0
AF	0	0.622736	35	30	5	0	0	0	0
AF	0	0.623048	42	28	14	0	0	0	0
AF	0	0.623360	27	16	11	0	0	0	0
AF	0	0.623673	33	23	10	0	0	0	0
AF	0	0.623985	53	41	12	0	0	0	0
AF	0	0.624297	40	27	13	0	0	0	0
AF	0	0.624610	32	17	15	0	0	0	0
AF	0	0.624922	28	19	9	0	0	0	0
AF	0	0.625234	35	26	9	0	0	0	0
AF	0	0.625547	32	18	14	0	0	0	0
AF	0	0.625859	51	30	21	0	0	0	0
AF	0	0.626171	40	29	11	0	0	0	0
AF	0	0.626483	51	34	17	0	0	0	0
AF	0	0.626796	21	13	8	0	0	0	0
AF	0	0.627108	49	36	13	0	0	0	0
AF	0	0.627420	32	20	12	0	0	0	0
AF	0	0.627733	32	21	11	0	0	0	0
AF	0	0.628045	34	25	9	0	0	0	0
AF	0	0.628357	35	23	12	0	0	0	0
AF	0	0.628670	35	18	17	0	0	0	0
AF	0	0.628982	34	26	8	0	0	0	0
AF	0	0.629294	27	19	8	0	0	0	0
AF	0	0.629606	40	29	11	0	0	0	0
AF	0	0.629919	23	17	6	0	0	0	0
AF	0	0.630231	35	22	13	0	0	0	0
AF	0	0.630543	37	25	12	0	0	0	0
AF	0	0.630856	25	17	8	0	0	0	0
AF	0	0.631168	39	24	15	0	0	0	0
AF	0	0.631480	27	15	12	0	0	0	0
AF	0	0.631793	30	20	10	0	0	0	0
AF	0	0.632105	36	25	11	0	0	0	0
AF	0	0.632417	25	13	12	0	0	0	0
AF	0	0.632730	55	37	18	0	0	0	0
AF	0	0.633042	36	23	13	0	0	0	0
AF	0	0.633354	29	19	10	0	0	0	0
AF	0	0.633666	34	20	14	0	0	0	0
AF	0	0.633979	27	17	10	0	0	0	0
AF	0	0.634291	56	32	24	0	0	0	0
AF	0	0.634603	62	41	21	0	0	0	0
AF	0	0.634916	50	30	20	0	0	0	0
AF	0	0.635228	43	34	9	0	0	0	0
AF	0	0.635540	41	31	10	0	0	0	0
AF	0	0.635853	40	26	14	0	0	0	0
AF	0	0.636165	33	22	11	0	0	0	0
AF	0	0.636477	50	36	14	0	0	0	0
AF	0	0.636790	40	26	14	0	0	0	0
AF	0	0.637102	26	17	9	0	0	0	0
AF	0	0.637414	43	25	18	0	0	0	0
AF	0	0.637726	38	25	13	0	0	0	0
AF	0	0.638039	25	14	11	0	0	0	0
AF	0	0.638351	27	15	12	0	0	0	0
AF	0	0.638663	29	17	12	0	0	0	0
AF	0	0.638976	49	34	15	0	0	0	0
AF	0	0.639288	28	17	11	0	0	0	0
AF	0	0.639600	34	28	6	0	0	0	0
AF	0	0.639913	48	31	17	0	0	0	0
AF	0	0.640225	55	34	21	0	0	0	0
AF	0	0.640537	46	36	10	0	0	0	0
AF	0	0.640849	42	23	19	0	0	0	0
AF	0	0.641162	41	29	12	0	0	0	0
AF	0	0.641474	37	23	14	0	0	0	0
AF	0	0.641786	40	28	12	0	0	0	0
AF	0	0.642099	32	23	9	0	0	0	0
AF	0	0.642411	36	22	14	0	0	0	0
AF	0	0.642723	32	22	10	0	0	0	0
AF	0	0.643036	34	29	5	0	0	0	0
AF	0	0.643348	59	41	18	0	0	0	0
AF	0	0.643660	48	37	11	0	0	0	0
AF	0	0.643973	34	24	10	0	0	0	0
AF	0	0.644285	49	36	13	0	0	0	0
AF	0	0.644597	25	15	10	0	0	0	0
AF	0	0.644909	30	17	13	0	0	0	0
AF	0	0.645222	46	36	10	0	0	0	0
AF	0	0.645534	55	33	22	0	0	0	0
AF	0	0.645846	54	39	15	0	0	0	0
AF	0	0.646159	39	31	8	0	0	0	0
AF	0	0.646471	35	22	13	0	0	0	0
AF	0	0.646783	41	27	14	0	0	0	0
AF	0	0.647096	39	28	11	0	0	0	0
AF	0	0.647408	44	31	13	0	0	0	0
AF	0	0.647720	36	20	16	0	0	0	0
AF	0	0.648032	33	23	10	0	0	0	0
AF	0	0.648345	44	21	23	0	0	0	0
AF	0	0.648657	36	26	10	0	0	0	0
AF	0	0.648969	39	28	11	0	0	0	0
AF	0	0.649282	38	27	11	0	0	0	0
AF	0	0.649594	44	28	16	0	0	0	0
AF	0	0.649906	43	24	19	0	0	0	0
AF	0	0.650219	30	21	9	0	0	0	0
AF	0	0.650531	57	36	21	0	0	0	0
AF	0	0.650843	47	39	8	0	0	0	0
AF	0	0.651156	49	29	20	0	0	0	0
AF	0	0.651468	35	24	11	0	0	0	0
AF	0	0.651780	29	19	10	0	0	0	0
AF	0	0.652092	45	32	13	0	0	0	0
AF	0	0.652405	39	25	14	0	0	0	0
AF	0	0.652717	33	19	14	0	0	0	0
AF	0	0.653029	37	29	8	0	0	0	0
AF	0	0.653342	35	22	13	0	0	0	0
AF	0	0.653654	53	32	21	0	0	0	0
AF	0	0.653966	42	28	14	0	0	0	0
AF	0	0.654279	41	29	12	0	0	0	0
AF	0	0.654591	48	29	19	0	0	0	0
AF	0	0.654903	39	27	12	0	0	0	0
AF	0	0.655215	36	28	8	0	0	0	0
AF	0	0.655528	31	18	13	0	0	0	0
AF	0	0.655840	25	18	7	0	0	0	0
AF	0	0.656152	31	22	9	0	0	0	0
AF	0	0.656465	30	18	12	0	0	0	0
AF	0	0.656777	61	39	22	0	0	0	0
AF	0	0.657089	44	30	14	0	0	0	0
AF	0	0.657402	31	23	8	0	0	0	0
AF	0	0.657714	29	19	10	0	0	0	0
AF	0	0.658026	39	25	14	0	0	0	0
AF	0	0.658339	43	28	15	0	0	0	0
AF	0	0.658651	22	20	2	0	0	0	0
AF	0	0.658963	33	19	14	0	0	0	0
AF	0	0.659275	31	22	9	0	0	0	0
AF	0	0.659588	37	24	13	0	0	0	0
AF	0	0.659900	37	22	15	0	0	0	0
AF	0	0.660212	34	18	16	0	0	0	0
AF	0	0.660525	59	42	17	0	0	0	0
AF	0	0.660837	41	26	15	0	0	0	0
AF	0	0.661149	29	19	10	0	0	0	0
AF	0	0.661462	31	21	10	0	0	0	0
AF	0	0.661774	43	25	18	0	0	0	0
AF	0	0.662086	32	19	13	0	0	0	0
AF	0	0.662399	32	17	15	0	0	0	0
AF	0	0.662711	30	15	15	0	0	0	0
AF	0	0.663023	27	20	7	0	0	0	0
AF	0	0.663335	39	21	18	0	0	0	0
AF	0	0.663648	39	24	15	0	0	0	0
AF	0	0.663960	56	40	16	0	0	0	0
AF	0	0.664272	50	29	21	0	0	0	0
AF	0	0.664585	21	14	7	0	0	0	0
AF	0	0.664897	38	31	7	0	0	0	0
AF	0	0.665209	27	16	11	0	0	0	0
AF	0	0.665522	24	14	10	0	0	0	0
AF	0	0.665834	27	19	8	0	0	0	0
AF	0	0.666146	33	24	9	0	0	0	0
AF	0	0.666458	32	21	11	0	0	0	0
AF	0	0.666771	39	26	13	0	0	0	0
AF	0	0.667083	38	19	19	0	0	0	0
AF	0	0.667395	19	10	9	0	0	0	0
AF	0	0.667708	34	27	7	0	0	0	0
AF	0	0.668020	36	23	13	0	0	0	0
AF	0	0.668332	22	15	7	0	0	0	0
AF	0	0.668645	30	18	12	0	0	0	0
AF	0	0.668957	36	32	4	0	0	0	0
AF	0	0.669269	27	12	15	0	0	0	0
AF	0	0.669582	20	13	7	0	0	0	0
AF	0	0.669894	31	19	12	0	0	0	0
AF	0	0.670206	29	18	11	0	0	0	0
AF	0	0.670518	26	19	7	0	0	0	0
AF	0	0.670831	28	20	8	0	0	0	0
AF	0	0.671143	32	23	9	0	0	0	0
AF	0	0.671455	24	16	8	0	0	0	0
AF	0	0.671768	32	25	7	0	0	0	0
AF	0	0.672080	34	26	8	0	0	0	0
AF	0	0.672392	41	25	16	0	0	0	0
AF	0	0.672705	31	21	10	0	0	0	0
AF	0	0.673017	32	19	13	0	0	0	0
AF	0	0.673329	40	26	14	0	0	0	0
AF	0	0.673641	46	34	12	0	0	0	0
AF	0	0.673954	51	39	12	0	0	0	0
AF	0	0.674266	77	49	28	0	0	0	0
AF	0	0.674578	38	28	10	0	0	0	0
AF	0	0.674891	18	11	7	0	0	0	0
AF	0	0.675203	38	27	11	0	0	0	0
AF	0	0.675515	26	17	9	0	0	0	0
AF	0	0.675828	26	21	5	0	0	0	0
AF	0	0.676140	36	27	9	0	0	0	0
AF	0	0.676452	35	23	12	0	0	0	0
AF	0	0.676765	34	22	12	0	0	0	0
AF	0	0.677077	31	15	16	0	0	0	0
AF	0	0.677389	27	23	4	0	0	0	0
AF	0	0.677701	30	18	12	0	0	0	0
AF	0	0.678014	25	14	11	0	0	0	0
AF	0	0.678326	19	18	1	0	0	0	0
AF	0	0.678638	30	18	12	0	0	0	0
AF	0	0.678951	43	36	7	0	0	0	0
AF	0	0.679263	51	35	16	0	0	0	0
AF	0	0.679575	37	25	12	0	0	0	0
AF	0	0.679888	21	15	6	0	0	0	0
AF	0	0.680200	32	19	13	0	0	0	0
AF	0	0.680512	29	20	9	0	0	0	0
AF	0	0.680824	31	18	13	0	0	0	0
AF	0	0.681137	36	26	10	0	0	0	0
AF	0	0.681449	39	26	13	0	0	0	0
AF	0	0.681761	42	30	12	0	0	0	0
AF	0	0.682074	43	34	9	0	0	0	0
AF	0	0.682386	32	21	11	0	0	0	0
AF	0	0.682698	39	25	14	0	0	0	0
AF	0	0.683011	33	18	15	0	0	0	0
AF	0	0.683323	48	34	14	0	0	0	0
AF	0	0.683635	31	21	10	0	0	0	0
AF	0	0.683948	40	24	16	0	0	0	0
AF	0	0.684260	37	29	8	0	0	0	0
AF	0	0.684572	36	21	15	0	0	0	0
AF	0	0.684884	27	21	6	0	0	0	0
AF	0	0.685197	28	19	9	0	0	0	0
AF	0	0.685509	25	15	10	0	0	0	0
AF	0	0.685821	28	24	4	0	0	0	0
AF	0	0.686134	18	10	8	0	0	0	0
AF	0	0.686446	47	34	13	0	0	0	0
AF	0	0.686758	36	26	10	0	0	0	0
AF	0	0.687071	43	29	14	0	0	0	0
AF	0	0.687383	31	22	9	0	0	0	0
AF	0	0.687695	41	24	17	0	0	0	0
AF	0	0.688007	46	25	21	0	0	0	0
AF	0	0.688320	39	28	11	0	0	0	0
AF	0	0.688632	41	30	11	0	0	0	0
AF	0	0.688944	43	25	18	0	0	0	0
AF	0	0.689257	49	34	15	0	0	0	0
AF	0	0.689569	43	30	13	0	0	0	0
AF	0	0.689881	40	28	12	0	0	0	0
AF	0	0.690194	28	21	7	0	0	0	0
AF	0	0.690506	19	16	3	0	0	0	0
AF	0	0.690818	25	18	7	0	0	0	0
AF	0	0.691131	32	27	5	0	0	0	0
AF	0	0.691443	36	24	12	0	0	0	0
AF	0	0.691755	28	18	10	0	0	0	0
AF	0	0.692067	38	24	14	0	0	0	0
AF	0	0.692380	34	19	15	0	0	0	0
AF	0	0.692692	38	23	15	0	0	0	0
AF	0	0.693004	45	34	11	0	0	0	0
AF	0	0.693317	44	31	13	0	0	0	0
AF	0	0.693629	48	24	24	0	0	0	0
AF	0	0.693941	46	31	15	0	0	0	0
AF	0	0.694254	39	28	11	0	0	0	0
AF	0	0.694566	34	23	11	0	0	0	0
AF	0	0.694878	50	29	21	0	0	0	0
AF	0	0.695191	32	23	9	0	0	0	0
AF	0	0.695503	23	14	9	0	0	0	0
AF	0	0.695815	23	13	10	0	0	0	0
AF	0	0.696127	27	21	6	0	0	0	0
AF	0	0.696440	37	21	16	0	0	0	0
AF	0	0.696752	28	18	10	0	0	0	0
AF	0	0.697064	35	25	10	0	0	0	0
AF	0	0.697377	32	23	9	0	0	0	0
AF	0	0.697689	23	14	9	0	0	0	0
AF	0	0.698001	37	26	11	0	0	0	0
AF	0	0.698314	39	27	12	0	0	0	0
AF	0	0.698626	36	23	13	0	0	0	0
AF	0	0.698938	40	24	16	0	0	0	0
AF	0	0.699250	21	12	9	0	0	0	0
AF	0	0.699563	38	23	15	0	0	0	0
AF	0	0.699875	36	24	12	0	0	0	0
AF	0	0.700187	33	25	8	0	0	0	0
AF	0	0.700500	43	17	26	0	0	0	0
AF	0	0.700812	35	25	10	0	0	0	0
AF	0	0.701124	28	14	14	0	0	0	0
AF	0	0.701437	33	26	7	0	0	0	0
AF	0	0.701749	26	16	10	0	0	0	0
AF	0	0.702061	65	52	13	0	0	0	0
AF	0	0.702374	50	36	14	0	0	0	0
AF	0	0.702686	25	19	6	0	0	0	0
AF	0	0.702998	39	27	12	0	0	0	0
AF	0	0.703310	38	29	9	0	0	0	0
AF	0	0.703623	33	28	5	0	0	0	0
AF	0	0.703935	35	27	8	0	0	0	0
AF	0	0.704247	32	22	10	0	0	0	0
AF	0	0.704560	47	29	18	0	0	0	0
AF	0	0.704872	38	25	13	0	0	0	0
AF	0	0.705184	28	18	10	0	0	0	0
AF	0	0.705497	26	17	9	0	0	0	0
AF	0	0.705809	23	15	8	0	0	0	0
AF	0	0.706121	28	17	11	0	0	0	0
AF	0	0.706433	38	22	16	0	0	0	0
AF	0	0.706746	32	23	9	0	0	0	0
AF	0	0.707058	38	24	14	0	0	0	0
AF	0	0.707370	37	27	10	0	0	0	0
AF	0	0.707683	43	29	14	0	0	0	0
AF	0	0.707995	35	20	15	0	0	0	0
AF	0	0.708307	28	18	10	0	0	0	0
AF	0	0.708620	32	22	10	0	0	0	0
AF	0	0.708932	26	22	4	0	0	0	0
AF	0	0.709244	22	12	10	0	0	0	0
AF	0	0.709557	36	28	8	0	0	0	0
AF	0	0.709869	35	24	11	0	0	0	0
AF	0	0.710181	66	41	25	0	0	0	0
AF	0	0.710493	30	17	13	0	0	0	0
AF	0	0.710806	28	19	9	0	0	0	0
AF	0	0.711118	23	15	8	0	0	0	0
AF	0	0.711430	23	15	8	0	0	0	0
AF	0	0.711743	70	40	30	0	0	0	0
AF	0	0.712055	22	15	7	0	0	0	0
AF	0	0.712367	20	15	5	0	0	0	0
AF	0	0.712680	23	14	9	0	0	0	0
AF	0	0.712992	30	18	12	0	0	0	0
AF	0	0.713304	23	17	6	0	0	0	0
AF	0	0.713616	27	17	10	0	0	0	0
AF	0	0.713929	26	19	7	0	0	0	0
AF	0	0.714241	22	11	11	0	0	0	0
AF	0	0.714553	26	18	8	0	0	0	0
AF	0	0.714866	27	18	9	0	0	0	0
AF	0	0.715178	34	22	12	0	0	0	0
AF	0	0.715490	21	14	7	0	0	0	0
AF	0	0.715803	22	12	10	0	0	0	0
AF	0	0.716115	35	24	11	0	0	0	0
AF	0	0.716427	35	21	14	0	0	0	0
AF	0	0.716740	31	21	10	0	0	0	0
AF	0	0.717052	32	24	8	0	0	0	0
AF	0	0.717364	32	26	6	0	0	0	0
AF	0	0.717676	27	18	9	0	0	0	0
AF	0	0.717989	24	14	10	0	0	0	0
AF	0	0.718301	41	29	12	0	0	0	0
AF	0	0.718613	28	22	6	0	0	0	0
AF	0	0.718926	34	27	7	0	0	0	0
AF	0	0.719238	30	21	9	0	0	0	0
AF	0	0.719550	38	26	12	0	0	0	0
AF	0	0.719863	47	34	13	0	0	0	0
AF	0	0.720175	28	17	11	0	0	0	0
AF	0	0.720487	37	24	13	0	0	0	0
AF	0	0.720800	32	21	11	0	0	0	0
AF	0	0.721112	13	11	2	0	0	0	0
AF	0	0.721424	21	18	3	0	0	0	0
AF	0	0.721736	28	17	11	0	0	0	0
AF	0	0.722049	63	43	20	0	0	0	0
AF	0	0.722361	36	21	15	0	0	0	0
AF	0	0.722673	34	22	12	0	0	0	0
AF	0	0.722986	60	42	18	0	0	0	0
AF	0	0.723298	23	16	7	0	0	0	0
AF	0	0.723610	25	15	10	0	0	0	0
AF	0	0.723923	23	16	7	0	0	0	0
AF	0	0.724235	35	25	10	0	0	0	0
AF	0	0.724547	33	19	14	0	0	0	0
AF	0	0.724859	24	18	6	0	0	0	0
AF	0	0.725172	24	16	8	0	0	0	0
AF	0	0.725484	20	9	11	0	0	0	0
AF	0	0.725796	33	19	14	0	0	0	0
AF	0	0.726109	26	19	7	0	0	0	0
AF	0	0.726421	34	23	11	0	0	0	0
AF	0	0.726733	35	23	12	0	0	0	0
AF	0	0.727046	28	20	8	0	0	0	0
AF	0	0.727358	54	37	17	0	0	0	0
AF	0	0.727670	49	36	13	0	0	0	0
AF	0	0.727983	43	29	14	0	0	0	0
AF	0	0.728295	42	35	7	0	0	0	0
AF	0	0.728607	27	15	12	0	0	0	0
AF	0	0.728919	30	20	10	0	0	0	0
AF	0	0.729232	33	21	12	0	0	0	0
AF	0	0.729544	37	24	13	0	0	0	0
AF	0	0.729856	34	23	11	0	0	0	0
AF	0	0.730169	39	21	18	0	0	0	0
AF	0	0.730481	35	25	10	0	0	0	0
AF	0	0.730793	30	14	16	0	0	0	0
AF	0	0.731106	31	22	9	0	0	0	0
AF	0	0.731418	37	26	11	0	0	0	0
AF	0	0.731730	36	24	12	0	0	0	0
AF	0	0.732042	39	30	9	0	0	0	0
AF	0	0.732355	32	23	9	0	0	0	0
AF	0	0.732667	35	25	10	0	0	0	0
AF	0	0.732979	30	24	6	0	0	0	0
AF	0	0.733292	65	46	19	0	0	0	0
AF	0	0.733604	30	17	13	0	0	0	0
AF	0	0.733916	30	24	6	0	0	0	0
AF	0	0.734229	30	23	7	0	0	0	0
AF	0	0.734541	35	27	8	0	0	0	0
AF	0	0.734853	26	18	8	0	0	0	0
AF	0	0.735166	21	14	7	0	0	0	0
AF	0	0.735478	24	15	9	0	0	0	0
AF	0	0.735790	31	23	8	0	0	0	0
AF	0	0.736102	25	17	8	0	0	0	0
AF	0	0.736415	27	19	8	0	0	0	0
AF	0	0.736727	24	15	9	0	0	0	0
AF	0	0.737039	29	18	11	0	0	0	0
AF	0	0.737352	38	26	12	0	0	0	0
AF	0	0.737664	57	48	9	0	0	0	0
AF	0	0.737976	36	28	8	0	0	0	0
AF	0	0.738289	24	16	8	0	0	0	0
AF	0	0.738601	39	29	10	0	0	0	0
AF	0	0.738913	37	28	9	0	0	0	0
AF	0	0.739225	43	35	8	0	0	0	0
AF	0	0.739538	82	51	31	0	0	0	0
AF	0	0.739850	45	32	13	0	0	0	0
AF	0	0.740162	36	26	10	0	0	0	0
AF	0	0.740475	45	27	18	0	0	0	0
AF	0	0.740787	35	26	9	0	0	0	0
AF	0	0.741099	26	19	7	0	0	0	0
AF	0	0.741412	30	21	9	0	0	0	0
AF	0	0.741724	20	12	8	0	0	0	0
AF	0	0.742036	27	16	11	0	0	0	0
AF	0	0.742349	30	22	8	0	0	0	0
AF	0	0.742661	33	24	9	0	0	0	0
AF	0	0.742973	47	37	10	0	0	0	0
AF	0	0.743285	44	31	13	0	0	0	0
AF	0	0.743598	51	31	20	0	0	0	0
AF	0	0.743910	32	21	11	0	0	0	0
AF	0	0.744222	32	25	7	0	0	0	0
AF	0	0.744535	26	21	5	0	0	0	0
AF	0	0.744847	34	24	10	0	0	0	0
AF	0	0.745159	27	16	11	0	0	0	0
AF	0	0.745472	65	41	24	0	0	0	0
AF	0	0.745784	45	29	16	0	0	0	0
AF	0	0.746096	30	22	8	0	0	0	0
AF	0	0.746408	34	21	13	0	0	0	0
AF	0	0.746721	25	15	10	0	0	0	0
AF	0	0.747033	26	20	6	0	0	0	0
AF	0	0.747345	37	26	11	0	0	0	0
AF	0	0.747658	18	16	2	0	0	0	0
AF	0	0.747970	37	23	14	0	0	0	0
AF	0	0.748282	25	19	6	0	0	0	0
AF	0	0.748595	30	22	8	0	0	0	0
AF	0	0.748907	23	13	10	0	0	0	0
AF	0	0.749219	34	25	9	0	0	0	0
AF	0	0.749532	30	21	9	0	0	0	0
AF	0	0.749844	18	12	6	0	0	0	0
AF	0	0.750156	25	12	13	0	0	0	0
AF	0	0.750468	21	13	8	0	0	0	0
AF	0	0.750781	26	20	6	0	0	0	0
AF	0	0.751093	30	20	10	0	0	0	0
AF	0	0.751405	36	20	16	0	0	0	0
AF	0	0.751718	31	22	9	0	0	0	0
AF	0	0.752030	30	18	12	0	0	0	0
AF	0	0.752342	31	15	16	0	0	0	0
AF	0	0.752655	51	40	11	0	0	0	0
AF	0	0.752967	51	36	15	0	0	0	0
AF	0	0.753279	32	22	10	0	0	0	0
AF	0	0.753592	38	26	12	0	0	0	0
AF	0	0.753904	36	26	10	0	0	0	0
AF	0	0.754216	41	28	13	0	0	0	0
AF	0	0.754528	67	42	25	0	0	0	0
AF	0	0.754841	25	17	8	0	0	0	0
AF	0	0.755153	33	21	12	0	0	0	0
AF	0	0.755465	42	32	10	0	0	0	0
AF	0	0.755778	37	24	13	0	0	0	0
AF	0	0.756090	32	24	8	0	0	0	0
AF	0	0.756402	24	14	10	0	0	0	0
AF	0	0.756715	23	17	6	0	0	0	0
AF	0	0.757027	23	12	11	0	0	0	0
AF	0	0.757339	25	13	12	0	0	0	0
AF	0	0.757651	23	16	7	0	0	0	0
AF	0	0.757964	29	19	10	0	0	0	0
AF	0	0.758276	37	21	16	0	0	0	0
AF	0	0.758588	39	25	14	0	0	0	0
AF	0	0.758901	34	25	9	0	0	0	0
AF	0	0.759213	47	32	15	0	0	0	0
AF	0	0.759525	36	24	12	0	0	0	0
AF	0	0.759838	26	15	11	0	0	0	0
AF	0	0.760150	28	12	16	0	0	0	0
AF	0	0.760462	22	14	8	0	0	0	0
AF	0	0.760775	33	20	13	0	0	0	0
AF	0	0.761087	24	18	6	0	0	0	0
AF	0	0.761399	26	15	11	0	0	0	0
AF	0	0.761711	28	17	11	0	0	0	0
AF	0	0.762024	31	18	13	0	0	0	0
AF	0	0.762336	25	22	3	0	0	0	0
AF	0	0.762648	43	36	7	0	0	0	0
AF	0	0.762961	37	29	8	0	0	0	0
AF	0	0.763273	19	13	6	0	0	0	0
AF	0	0.763585	27	17	10	0	0	0	0
AF	0	0.763898	28	20	8	0	0	0	0
AF	0	0.764210	25	17	8	0	0	0	0
AF	0	0.764522	38	21	17	0	0	0	0
AF	0	0.764834	32	25	7	0	0	0	0
AF	0	0.765147	20	9	11	0	0	0	0
AF	0	0.765459	34	18	16	0	0	0	0
AF	0	0.765771	46	34	12	0	0	0	0
AF	0	0.766084	32	23	9	0	0	0	0
AF	0	0.766396	31	19	12	0	0	0	0
AF	0	0.766708	31	25	6	0	0	0	0
AF	0	0.767021	47	31	16	0	0	0	0
AF	0	0.767333	33	20	13	0	0	0	0
AF	0	0.767645	29	17	12	0	0	0	0
AF	0	0.767958	25	15	10	0	0	0	0
AF	0	0.768270	50	32	18	0	0	0	0
AF	0	0.768582	57	40	17	0	0	0	0
AF	0	0.768894	40	26	14	0	0	0	0
AF	0	0.769207	28	17	11	0	0	0	0
AF	0	0.769519	30	19	11	0	0	0	0
AF	0	0.769831	38	25	13	0	0	0	0
AF	0	0.770144	26	13	13	0	0	0	0
AF	0	0.770456	19	13	6	0	0	0	0
AF	0	0.770768	29	17	12	0	0	0	0
AF	0	0.771081	32	26	6	0	0	0	0
AF	0	0.771393	34	26	8	0	0	0	0
AF	0	0.771705	30	19	11	0	0	0	0
AF	0	0.772017	31	23	8	0	0	0	0
AF	0	0.772330	26	21	5	0	0	0	0
AF	0	0.772642	33	23	10	0	0	0	0
AF	0	0.772954	32	23	9	0	0	0	0
AF	0	0.773267	24	14	10	0	0	0	0
AF	0	0.773579	29	19	10	0	0	0	0
AF	0	0.773891	48	34	14	0	0	0	0
AF	0	0.774204	48	34	14	0	0	0	0
AF	0	0.774516	33	19	14	0	0	0	0
AF	0	0.774828	27	20	7	0	0	0	0
AF	0	0.775141	28	20	8	0	0	0	0
AF	0	0.775453	25	17	8	0	0	0	0
AF	0	0.775765	19	12	7	0	0	0	0
AF	0	0.776077	31	25	6	0	0	0	0
AF	0	0.776390	36	23	13	0	0	0	0
AF	0	0.776702	31	20	11	0	0	0	0
AF	0	0.777014	35	23	12	0	0	0	0
AF	0	0.777327	29	16	13	0	0	0	0
AF	0	0.777639	30	21	9	0	0	0	0
AF	0	0.777951	28	20	8	0	0	0	0
AF	0	0.778264	22	12	10	0	0	0	0
AF	0	0.778576	32	19	13	0	0	0	0
AF	0	0.778888	29	18	11	0	0	0	0
AF	0	0.779200	20	12	8	0	0	0	0
AF	0	0.779513	27	17	10	0	0	0	0
AF	0	0.779825	39	24	15	0	0	0	0
AF	0	0.780137	24	17	7	0	0	0	0
AF	0	0.780450	21	13	8	0	0	0	0
AF	0	0.780762	23	17	6	0	0	0	0
AF	0	0.781074	28	21	7	0	0	0	0
AF	0	0.781387	21	17	4	0	0	0	0
AF	0	0.781699	28	15	13	0	0	0	0
AF	0	0.782011	21	14	7	0	0	0	0
AF	0	0.782324	19	14	5	0	0	0	0
AF	0	0.782636	20	14	6	0	0	0	0
AF	0	0.782948	35	23	12	0	0	0	0
AF	0	0.783260	25	16	9	0	0	0	0
AF	0	0.783573	29	21	8	0	0	0	0
AF	0	0.783885	18	15	3	0	0	0	0
AF	0	0.784197	20	10	10	0	0	0	0
AF	0	0.784510	28	19	9	0	0	0	0
AF	0	0.784822	30	16	14	0	0	0	0
AF	0	0.785134	33	20	13	0	0	0	0
AF	0	0.785447	20	12	8	0	0	0	0
AF	0	0.785759	28	19	9	0	0	0	0
AF	0	0.786071	25	19	6	0	0	0	0
AF	0	0.786384	22	14	8	0	0	0	0
AF	0	0.786696	22	17	5	0	0	0	0
AF	0	0.787008	35	22	13	0	0	0	0
AF	0	0.787320	34	21	13	0	0	0	0
AF	0	0.787633	41	30	11	0	0	0	0
AF	0	0.787945	43	28	15	0	0	0	0
AF	0	0.788257	43	26	17	0	0	0	0
AF	0	0.788570	31	23	8	0	0	0	0
AF	0	0.788882	28	23	5	0	0	0	0
AF	0	0.789194	26	19	7	0	0	0	0
AF	0	0.789507	27	20	7	0	0	0	0
AF	0	0.789819	31	22	9	0	0	0	0
AF	0	0.790131	34	23	11	0	0	0	0
AF	0	0.790443	31	20	11	0	0	0	0
AF	0	0.790756	44	35	9	0	0	0	0
AF	0	0.791068	26	22	4	0	0	0	0
AF	0	0.791380	31	25	6	0	0	0	0
AF	0	0.791693	41	30	11	0	0	0	0
AF	0	0.792005	58	46	12	0	0	0	0
AF	0	0.792317	40	25	15	0	0	0	0
AF	0	0.792630	37	21	16	0	0	0	0
AF	0	0.792942	31	19	12	0	0	0	0
AF	0	0.793254	19	11	8	0	0	0	0
AF	0	0.793567	35	26	9	0	0	0	0
AF	0	0.793879	34	20	14	0	0	0	0
AF	0	0.794191	39	23	16	0	0	0	0
AF	0	0.794503	27	21	6	0	0	0	0
AF	0	0.794816	28	20	8	0	0	0	0
AF	0	0.795128	21	13	8	0	0	0	0
AF	0	0.795440	22	19	3	0	0	0	0
AF	0	0.795753	32	18	14	0	0	0	0
AF	0	0.796065	21	16	5	0	0	0	0
AF	0	0.796377	16	10	6	0	0	0	0
AF	0	0.796690	30	21	9	0	0	0	0
AF	0	0.797002	27	16	11	0	0	0	0
AF	0	0.797314	35	24	11	0	0	0	0
AF	0	0.797626	36	27	9	0	0	0	0
AF	0	0.797939	35	22	13	0	0	0	0
AF	0	0.798251	33	23	10	0	0	0	0
AF	0	0.798563	36	22	14	0	0	0	0
AF	0	0.798876	21	17	4	0	0	0	0
AF	0	0.799188	22	16	6	0	0	0	0
AF	0	0.799500	18	11	7	0	0	0	0
AF	0	0.799813	28	19	9	0	0	0	0
AF	0	0.800125	33	23	10	0	0	0	0
AF	0	0.800437	25	16	9	0	0	0	0
AF	0	0.800750	22	15	7	0	0	0	0
AF	0	0.801062	27	15	12	0	0	0	0
AF	0	0.801374	39	30	9	0	0	0	0
AF	0	0.801686	32	22	10	0	0	0	0
AF	0	0.801999	32	20	12	0	0	0	0
AF	0	0.802311	26	17	9	0	0	0	0
AF	0	0.802623	57	37	20	0	0	0	0
AF	0	0.802936	80	49	31	0	0	0	0
AF	0	0.803248	30	21	9	0	0	0	0
AF	0	0.803560	25	19	6	0	0	0	0
AF	0	0.803873	29	22	7	0	0	0	0
AF	0	0.804185	37	23	14	0	0	0	0
AF	0	0.804497	58	38	20	0	0	0	0
AF	0	0.804809	43	28	15	0	0	0	0
AF	0	0.805122	27	16	11	0	0	0	0
AF	0	0.805434	25	17	8	0	0	0	0
AF	0	0.805746	34	17	17	0	0	0	0
AF	0	0.806059	24	19	5	0	0	0	0
AF	0	0.806371	37	23	14	0	0	0	0
AF	0	0.806683	35	24	11	0	0	0	0
AF	0	0.806996	48	37	11	0	0	0	0
AF	0	0.807308	31	21	10	0	0	0	0
AF	0	0.807620	37	26	11	0	0	0	0
AF	0	0.807933	21	17	4	0	0	0	0
AF	0	0.808245	20	13	7	0	0	0	0
AF	0	0.808557	37	26	11	0	0	0	0
AF	0	0.808869	25	19	6	0	0	0	0
AF	0	0.809182	29	16	13	0	0	0	0
AF	0	0.809494	29	22	7	0	0	0	0
AF	0	0.809806	30	20	10	0	0	0	0
AF	0	0.810119	26	21	5	0	0	0	0
AF	0	0.810431	32	21	11	0	0	0	0
AF	0	0.810743	29	24	5	0	0	0	0
AF	0	0.811056	41	28	13	0	0	0	0
AF	0	0.811368	30	17	13	0	0	0	0
AF	0	0.811680	25	19	6	0	0	0	0
AF	0	0.811993	41	25	16	0	0	0	0
AF	0	0.812305	35	25	10	0	0	0	0
AF	0	0.812617	20	14	6	0	0	0	0
AF	0	0.812929	16	13	3	0	0	0	0
AF	0	0.813242	34	23	11	0	0	0	0
AF	0	0.813554	31	23	8	0	0	0	0
AF	0	0.813866	29	20	9	0	0	0	0
AF	0	0.814179	26	16	10	0	0	0	0
AF	0	0.814491	29	18	11	0	0	0	0
AF	0	0.814803	31	19	12	0	0	0	0
AF	0	0.815116	41	29	12	0	0	0	0
AF	0	0.815428	19	11	8	0	0	0	0
AF	0	0.815740	27	18	9	0	0	0	0
AF	0	0.816052	31	23	8	0	0	0	0
AF	0	0.816365	21	13	8	0	0	0	0
AF	0	0.816677	36	28	8	0	0	0	0
AF	0	0.816989	23	19	4	0	0	0	0
AF	0	0.817302	27	21	6	0	0	0	0
AF	0	0.817614	31	25	6	0	0	0	0
AF	0	0.817926	35	22	13	0	0	0	0
AF	0	0.818239	29	22	7	0	0	0	0
AF	0	0.818551	32	18	14	0	0	0	0
AF	0	0.818863	45	26	19	0	0	0	0
AF	0	0.819176	73	45	28	0	0	0	0
AF	0	0.819488	24	18	6	0	0	0	0
AF	0	0.819800	28	20	8	0	0	0	0
AF	0	0.820112	36	29	7	0	0	0	0
AF	0	0.820425	24	17	7	0	0	0	0
AF	0	0.820737	18	11	7	0	0	0	0
AF	0	0.821049	18	9	9	0	0	0	0
AF	0	0.821362	23	18	5	0	0	0	0
AF	0	0.821674	32	21	11	0	0	0	0
AF	0	0.821986	42	32	10	0	0	0	0
AF	0	0.822299	36	24	12	0	0	0	0
AF	0	0.822611	30	23	7	0	0	0	0
AF	0	0.822923	30	22	8	0	0	0	0
AF	0	0.823235	30	17	13	0	0	0	0
AF	0	0.823548	34	24	10	0	0	0	0
AF	0	0.823860	18	9	9	0	0	0	0
AF	0	0.824172	27	20	7	0	0	0	0
AF	0	0.824485	29	19	10	0	0	0	0
AF	0	0.824797	37	24	13	0	0	0	0
AF	0	0.825109	20	18	2	0	0	0	0
AF	0	0.825422	26	13	13	0	0	0	0
AF	0	0.825734	32	23	9	0	0	0	0
AF	0	0.826046	21	11	10	0	0	0	0
AF	0	0.826359	20	16	4	0	0	0	0
AF	0	0.826671	27	17	10	0	0	0	0
AF	0	0.826983	32	22	10	0	0	0	0
AF	0	0.827295	24	17	7	0	0	0	0
AF	0	0.827608	24	19	5	0	0	0	0
AF	0	0.827920	30	21	9	0	0	0	0
AF	0	0.828232	21	15	6	0	0	0	0
AF	0	0.828545	14	9	5	0	0	0	0
AF	0	0.828857	31	18	13	0	0	0	0
AF	0	0.829169	43	25	18	0	0	0	0
AF	0	0.829482	30	23	7	0	0	0	0
AF	0	0.829794	34	22	12	0	0	0	0
AF	0	0.830106	32	16	16	0	0	0	0
AF	0	0.830418	23	20	3	0	0	0	0
AF	0	0.830731	28	23	5	0	0	0	0
AF	0	0.831043	21	13	8	0	0	0	0
AF	0	0.831355	28	21	7	0	0	0	0
AF	0	0.831668	30	19	11	0	0	0	0
AF	0	0.831980	21	14	7	0	0	0	0
AF	0	0.832292	19	11	8	0	0	0	0
AF	0	0.832605	37	22	15	0	0	0	0
AF	0	0.832917	41	30	11	0	0	0	0
AF	0	0.833229	39	26	13	0	0	0	0
AF	0	0.833542	36	25	11	0	0	0	0
AF	0	0.833854	30	20	10	0	0	0	0
AF	0	0.834166	31	24	7	0	0	0	0
AF	0	0.834478	23	15	8	0	0	0	0
AF	0	0.834791	30	16	14	0	0	0	0
AF	0	0.835103	46	29	17	0	0	0	0
AF	0	0.835415	23	14	9	0	0	0	0
AF	0	0.835728	28	19	9	0	0	0	0
AF	0	0.836040	40	25	15	0	0	0	0
AF	0	0.836352	35	18	17	0	0	0	0
AF	0	0.836665	40	30	10	0	0	0	0
AF	0	0.836977	17	12	5	0	0	0	0
AF	0	0.837289	16	11	5	0	0	0	0
AF	0	0.837601	19	10	9	0	0	0	0
AF	0	0.837914	11	9	2	0	0	0	0
AF	0	0.838226	24	11	13	0	0	0	0
AF	0	0.838538	35	25	10	0	0	0	0
AF	0	0.838851	25	16	9	0	0	0	0
AF	0	0.839163	27	21	6	0	0	0	0
AF	0	0.839475	30	20	10	0	0	0	0
AF	0	0.839788	22	18	4	0	0	0	0
AF	0	0.840100	24	15	9	0	0	0	0
AF	0	0.840412	34	23	11	0	0	0	0
AF	0	0.840725	27	21	6	0	0	0	0
AF	0	0.841037	33	25	8	0	0	0	0
AF	0	0.841349	23	17	6	0	0	0	0
AF	0	0.841661	37	24	13	0	0	0	0
AF	0	0.841974	27	17	10	0	0	0	0
AF	0	0.842286	49	35	14	0	0	0	0
AF	0	0.842598	50	32	18	0	0	0	0
AF	0	0.842911	67	48	19	0	0	0	0
AF	0	0.843223	30	21	9	0	0	0	0
AF	0	0.843535	32	22	10	0	0	0	0
AF	0	0.843848	26	18	8	0	0	0	0
AF	0	0.844160	27	18	9	0	0	0	0
AF	0	0.844472	36	29	7	0	0	0	0
AF	0	0.844785	22	18	4	0	0	0	0
AF	0	0.845097	47	34	13	0	0	0	0
AF	0	0.845409	21	12	9	0	0	0	0
AF	0	0.845721	39	31	8	0	0	0	0
AF	0	0.846034	30	19	11	0	0	0	0
AF	0	0.846346	32	22	10	0	0	0	0
AF	0	0.846658	32	19	13	0	0	0	0
AF	0	0.846971	42	29	13	0	0	0	0
AF	0	0.847283	42	31	11	0	0	0	0
AF	0	0.847595	43	28	15	0	0	0	0
AF	0	0.847908	33	22	11	0	0	0	0
AF	0	0.848220	47	30	17	0	0	0	0
AF	0	0.848532	35	23	12	0	0	0	0
AF	0	0.848844	35	20	15	0	0	0	0
AF	0	0.849157	56	43	13	0	0	0	0
AF	0	0.849469	83	62	21	0	0	0	0
AF	0	0.849781	37	23	14	0	0	0	0
AF	0	0.850094	35	22	13	0	0	0	0
AF	0	0.850406	98	61	37	0	0	0	0
AF	0	0.850718	77	53	24	0	0	0	0
AF	0	0.851031	27	16	11	0	0	0	0
AF	0	0.851343	29	18	11	0	0	0	0
AF	0	0.851655	24	16	8	0	0	0	0
AF	0	0.851968	28	20	8	0	0	0	0
AF	0	0.852280	65	44	21	0	0	0	0
AF	0	0.852592	37	27	10	0	0	0	0
AF	0	0.852904	27	18	9	0	0	0	0
AF	0	0.853217	31	21	10	0	0	0	0
AF	0	0.853529	28	20	8	0	0	0	0
AF	0	0.853841	22	14	8	0	0	0	0
AF	0	0.854154	34	25	9	0	0	0	0
AF	0	0.854466	62	44	18	0	0	0	0
AF	0	0.854778	32	27	5	0	0	0	0
AF	0	0.855091	30	20	10	0	0	0	0
AF	0	0.855403	35	23	12	0	0	0	0
AF	0	0.855715	30	18	12	0	0	0	0
AF	0	0.856027	25	14	11	0	0	0	0
AF	0	0.856340	30	20	10	0	0	0	0
AF	0	0.856652	32	23	9	0	0	0	0
AF	0	0.856964	35	24	11	0	0	0	0
AF	0	0.857277	31	19	12	0	0	0	0
AF	0	0.857589	34	18	16	0	0	0	0
AF	0	0.857901	42	26	16	0	0	0	0
AF	0	0.858214	23	12	11	0	0	0	0
AF	0	0.858526	36	28	8	0	0	0	0
AF	0	0.858838	25	13	12	0	0	0	0
AF	0	0.859151	21	17	4	0	0	0	0
AF	0	0.859463	41	23	18	0	0	0	0
AF	0	0.859775	33	18	15	0	0	0	0
AF	0	0.860087	29	16	13	0	0	0	0
AF	0	0.860400	28	16	12	0	0	0	0
AF	0	0.860712	26	20	6	0	0	0	0
AF	0	0.861024	26	20	6	0	0	0	0
AF	0	0.861337	32	22	10	0	0	0	0
AF	0	0.861649	40	29	11	0	0	0	0
AF	0	0.861961	47	34	13	0	0	0	0
AF	0	0.862274	38	22	16	0	0	0	0
AF	0	0.862586	49	37	12	0	0	0	0
AF	0	0.862898	29	17	12	0	0	0	0
AF	0	0.863210	22	16	6	0	0	0	0
AF	0	0.863523	39	27	12	0	0	0	0
AF	0	0.863835	34	24	10	0	0	0	0
AF	0	0.864147	24	17	7	0	0	0	0
AF	0	0.864460	28	19	9	0	0	0	0
AF	0	0.864772	23	18	5	0	0	0	0
AF	0	0.865084	28	16	12	0	0	0	0
AF	0	0.865397	32	25	7	0	0	0	0
AF	0	0.865709	43	31	12	0	0	0	0
AF	0	0.866021	31	23	8	0	0	0	0
AF	0	0.866334	25	16	9	0	0	0	0
AF	0	0.866646	37	26	11	0	0	0	0
AF	0	0.866958	29	16	13	0	0	0	0
AF	0	0.867270	22	13	9	0	0	0	0
AF	0	0.867583	24	13	11	0	0	0	0
AF	0	0.867895	21	16	5	0	0	0	0
AF	0	0.868207	21	16	5	0	0	0	0
AF	0	0.868520	19	14	5	0	0	0	0
AF	0	0.868832	21	15	6	0	0	0	0
AF	0	0.869144	30	25	5	0	0	0	0
AF	0	0.869457	26	17	9	0	0	0	0
AF	0	0.869769	19	12	7	0	0	0	0
AF	0	0.870081	23	16	7	0	0	0	0
AF	0	0.870394	22	17	5	0	0	0	0
AF	0	0.870706	23	10	13	0	0	0	0
AF	0	0.871018	19	11	8	0	0	0	0
AF	0	0.871330	31	19	12	0	0	0	0
AF	0	0.871643	22	18	4	0	0	0	0
AF	0	0.871955	40	32	8	0	0	0	0
AF	0	0.872267	15	11	4	0	0	0	0
AF	0	0.872580	26	22	4	0	0	0	0
AF	0	0.872892	23	18	5	0	0	0	0
AF	0	0.873204	23	12	11	0	0	0	0
AF	0	0.873517	18	12	6	0	0	0	0
AF	0	0.873829	18	8	10	0	0	0	0
AF	0	0.874141	16	9	7	0	0	0	0
AF	0	0.874453	24	14	10	0	0	0	0
AF	0	0.874766	27	18	9	0	0	0	0
AF	0	0.875078	34	22	12	0	0	0	0
AF	0	0.875390	39	27	12	0	0	0	0
AF	0	0.875703	21	12	9	0	0	0	0
AF	0	0.876015	26	17	9	0	0	0	0
AF	0	0.876327	25	21	4	0	0	0	0
AF	0	0.876640	27	17	10	0	0	0	0
AF	0	0.876952	36	28	8	0	0	0	0
AF	0	0.877264	23	18	5	0	0	0	0
AF	0	0.877577	30	20	10	0	0	0	0
AF	0	0.877889	24	17	7	0	0	0	0
AF	0	0.878201	21	16	5	0	0	0	0
AF	0	0.878513	34	27	7	0	0	0	0
AF	0	0.878826	32	24	8	0	0	0	0
AF	0	0.879138	52	40	12	0	0	0	0
AF	0	0.879450	20	11	9	0	0	0	0
AF	0	0.879763	27	20	7	0	0	0	0
AF	0	0.880075	13	11	2	0	0	0	0
AF	0	0.880387	17	13	4	0	0	0	0
AF	0	0.880700	43	28	15	0	0	0	0
AF	0	0.881012	30	21	9	0	0	0	0
AF	0	0.881324	21	10	11	0	0	0	0
AF	0	0.881636	28	17	11	0	0	0	0
AF	0	0.881949	24	18	6	0	0	0	0
AF	0	0.882261	16	9	7	0	0	0	0
AF	0	0.882573	17	10	7	0	0	0	0
AF	0	0.882886	11	9	2	0	0	0	0
AF	0	0.883198	20	14	6	0	0	0	0
AF	0	0.883510	17	9	8	0	0	0	0
AF	0	0.883823	25	17	8	0	0	0	0
AF	0	0.884135	18	12	6	0	0	0	0
AF	0	0.884447	15	6	9	0	0	0	0
AF	0	0.884760	29	14	15	0	0	0	0
AF	0	0.885072	20	15	5	0	0	0	0
AF	0	0.885384	17	15	2	0	0	0	0
AF	0	0.885696	30	24	6	0	0	0	0
AF	0	0.886009	23	18	5	0	0	0	0
AF	0	0.886321	43	25	18	0	0	0	0
AF	0	0.886633	44	30	14	0	0	0	0
AF	0	0.886946	24	16	8	0	0	0	0
AF	0	0.887258	52	33	19	0	0	0	0
AF	0	0.887570	39	25	14	0	0	0	0
AF	0	0.887883	22	16	6	0	0	0	0
AF	0	0.888195	25	20	5	0	0	0	0
AF	0	0.888507	21	14	7	0	0	0	0
AF	0	0.888819	35	27	8	0	0	0	0
AF	0	0.889132	35	22	13	0	0	0	0
AF	0	0.889444	24	18	6	0	0	0	0
AF	0	0.889756	26	20	6	0	0	0	0
AF	0	0.890069	21	15	6	0	0	0	0
AF	0	0.890381	26	16	10	0	0	0	0
AF	0	0.890693	34	23	11	0	0	0	0
AF	0	0.891006	21	13	8	0	0	0	0
AF	0	0.891318	22	14	8	0	0	0	0
AF	0	0.891630	19	14	5	0	0	0	0
AF	0	0.891943	31	23	8	0	0	0	0
AF	0	0.892255	24	17	7	0	0	0	0
AF	0	0.892567	18	11	7	0	0	0	0
AF	0	0.892879	21	13	8	0	0	0	0
AF	0	0.893192	34	25	9	0	0	0	0
AF	0	0.893504	18	16	2	0	0	0	0
AF	0	0.893816	40	23	17	0	0	0	0
AF	0	0.894129	21	16	5	0	0	0	0
AF	0	0.894441	25	21	4	0	0	0	0
AF	0	0.894753	19	12	7	0	0	0	0
AF	0	0.895066	32	23	9	0	0	0	0
AF	0	0.895378	17	10	7	0	0	0	0
AF	0	0.895690	35	21	14	0	0	0	0
AF	0	0.896002	24	14	10	0	0	0	0
AF	0	0.896315	22	12	10	0	0	0	0
AF	0	0.896627	22	18	4	0	0	0	0
AF	0	0.896939	27	17	10	0	0	0	0
AF	0	0.897252	25	16	9	0	0	0	0
AF	0	0.897564	19	12	7	0	0	0	0
AF	0	0.897876	19	17	2	0	0	0	0
AF	0	0.898189	21	12	9	0	0	0	0
AF	0	0.898501	38	21	17	0	0	0	0
AF	0	0.898813	40	23	17	0	0	0	0
AF	0	0.899126	39	27	12	0	0	0	0
AF	0	0.899438	20	13	7	0	0	0	0
AF	0	0.899750	18	14	4	0	0	0	0
AF	0	0.900062	33	27	6	0	0	0	0
AF	0	0.900375	29	16	13	0	0	0	0
AF	0	0.900687	26	15	11	0	0	0	0
AF	0	0.900999	35	24	11	0	0	0	0
AF	0	0.901312	14	9	5	0	0	0	0
AF	0	0.901624	21	15	6	0	0	0	0
AF	0	0.901936	22	12	10	0	0	0	0
AF	0	0.902249	22	16	6	0	0	0	0
AF	0	0.902561	29	21	8	0	0	0	0
AF	0	0.902873	18	11	7	0	0	0	0
AF	0	0.903186	29	24	5	0	0	0	0
AF	0	0.903498	33	26	7	0	0	0	0
AF	0	0.903810	34	22	12	0	0	0	0
AF	0	0.904122	28	17	11	0	0	0	0
AF	0	0.904435	21	10	11	0	0	0	0
AF	0	0.904747	23	18	5	0	0	0	0
AF	0	0.905059	21	14	7	0	0	0	0
AF	0	0.905372	37	28	9	0	0	0	0
AF	0	0.905684	27	22	5	0	0	0	0
AF	0	0.905996	29	22	7	0	0	0	0
AF	0	0.906309	18	9	9	0	0	0	0
AF	0	0.906621	22	14	8	0	0	0	0
AF	0	0.906933	17	13	4	0	0	0	0
AF	0	0.907245	24	17	7	0	0	0	0
AF	0	0.907558	19	13	6	0	0	0	0
AF	0	0.907870	29	21	8	0	0	0	0
AF	0	0.908182	26	22	4	0	0	0	0
AF	0	0.908495	30	23	7	0	0	0	0
AF	0	0.908807	26	15	11	0	0	0	0
AF	0	0.909119	21	12	9	0	0	0	0
AF	0	0.909432	22	18	4	0	0	0	0
AF	0	0.909744	25	17	8	0	0	0	0
AF	0	0.910056	21	15	6	0	0	0	0
AF	0	0.910369	15	11	4	0	0	0	0
AF	0	0.910681	30	18	12	0	0	0	0
AF	0	0.910993	25	19	6	0	0	0	0
AF	0	0.911305	52	41	11	0	0	0	0
AF	0	0.911618	22	16	6	0	0	0	0
AF	0	0.911930	26	15	11	0	0	0	0
AF	0	0.912242	34	25	9	0	0	0	0
AF	0	0.912555	20	13	7	0	0	0	0
AF	0	0.912867	25	19	6	0	0	0	0
AF	0	0.913179	23	15	8	0	0	0	0
AF	0	0.913492	25	15	10	0	0	0	0
AF	0	0.913804	29	24	5	0	0	0	0
AF	0	0.914116	20	14	6	0	0	0	0
AF	0	0.914428	24	12	12	0	0	0	0
AF	0	0.914741	42	24	18	0	0	0	0
AF	0	0.915053	32	21	11	0	0	0	0
AF	0	0.915365	25	17	8	0	0	0	0
AF	0	0.915678	22	15	7	0	0	0	0
AF	0	0.915990	21	16	5	0	0	0	0
AF	0	0.916302	30	21	9	0	0	0	0
AF	0	0.916615	21	13	8	0	0	0	0
AF	0	0.916927	21	18	3	0	0	0	0
AF	0	0.917239	15	11	4	0	0	0	0
AF	0	0.917552	22	14	8	0	0	0	0
AF	0	0.917864	14	10	4	0	0	0	0
AF	0	0.918176	25	13	12	0	0	0	0
AF	0	0.918488	17	16	1	0	0	0	0
AF	0	0.918801	49	29	20	0	0	0	0
AF	0	0.919113	47	30	17	0	0	0	0
AF	0	0.919425	18	12	6	0	0	0	0
AF	0	0.919738	15	10	5	0	0	0	0
AF	0	0.920050	46	30	16	0	0	0	0
AF	0	0.920362	31	17	14	0	0	0	0
AF	0	0.920675	20	15	5	0	0	0	0
AF	0	0.920987	29	17	12	0	0	0	0
AF	0	0.921299	36	22	14	0	0	0	0
AF	0	0.921611	16	12	4	0	0	0	0
AF	0	0.921924	34	22	12	0	0	0	0
AF	0	0.922236	31	20	11	0	0	0	0
AF	0	0.922548	21	14	7	0	0	0	0
AF	0	0.922861	29	17	12	0	0	0	0
AF	0	0.923173	27	18	9	0	0	0	0
AF	0	0.923485	26	19	7	0	0	0	0
AF	0	0.923798	22	16	6	0	0	0	0
AF	0	0.924110	33	19	14	0	0	0	0
AF	0	0.924422	23	14	9	0	0	0	0
AF	0	0.924735	21	17	4	0	0	0	0
AF	0	0.925047	23	18	5	0	0	0	0
AF	0	0.925359	37	22	15	0	0	0	0
AF	0	0.925671	28	20	8	0	0	0	0
AF	0	0.925984	18	12	6	0	0	0	0
AF	0	0.926296	16	12	4	0	0	0	0
AF	0	0.926608	22	17	5	0	0	0	0
AF	0	0.926921	28	18	10	0	0	0	0
AF	0	0.927233	25	16	9	0	0	0	0
AF	0	0.927545	30	23	7	0	0	0	0
AF	0	0.927858	42	24	18	0	0	0	0
AF	0	0.928170	26	25	1	0	0	0	0
AF	0	0.928482	25	15	10	0	0	0	0
AF	0	0.928795	12	7	5	0	0	0	0
AF	0	0.929107	25	18	7	0	0	0	0
AF	0	0.929419	34	29	5	0	0	0	0
AF	0	0.929731	38	27	11	0	0	0	0
AF	0	0.930044	25	16	9	0	0	0	0
AF	0	0.930356	14	13	1	0	0	0	0
AF	0	0.930668	30	17	13	0	0	0	0
AF	0	0.930981	20	14	6	0	0	0	0
AF	0	0.931293	25	18	7	0	0	0	0
AF	0	0.931605	31	25	6	0	0	0	0
AF	0	0.931918	28	19	9	0	0	0	0
AF	0	0.932230	28	20	8	0	0	0	0
AF	0	0.932542	31	21	10	0	0	0	0
AF	0	0.932854	22	14	8	0	0	0	0
AF	0	0.933167	29	15	14	0	0	0	0
AF	0	0.933479	24	15	9	0	0	0	0
AF	0	0.933791	37	27	10	0	0	0	0
AF	0	0.934104	35	24	11	0	0	0	0
AF	0	0.934416	26	14	12	0	0	0	0
AF	0	0.934728	31	20	11	0	0	0	0
AF	0	0.935041	34	19	15	0	0	0	0
AF	0	0.935353	17	15	2	0	0	0	0
AF	0	0.935665	19	14	5	0	0	0	0
AF	0	0.935978	27	15	12	0	0	0	0
AF	0	0.936290	20	14	6	0	0	0	0
AF	0	0.936602	11	9	2	0	0	0	0
AF	0	0.936914	21	16	5	0	0	0	0
AF	0	0.937227	29	22	7	0	0	0	0
AF	0	0.937539	24	12	12	0	0	0	0
AF	0	0.937851	38	22	16	0	0	0	0
AF	0	0.938164	41	32	9	0	0	0	0
AF	0	0.938476	27	20	7	0	0	0	0
AF	0	0.938788	25	23	2	0	0	0	0
AF	0	0.939101	24	19	5	0	0	0	0
AF	0	0.939413	22	15	7	0	0	0	0
AF	0	0.939725	25	15	10	0	0	0	0
AF	0	0.940037	23	20	3	0	0	0	0
AF	0	0.940350	43	25	18	0	0	0	0
AF	0	0.940662	86	56	30	0	0	0	0
AF	0	0.940974	26	11	15	0	0	0	0
AF	0	0.941287	25	18	7	0	0	0	0
AF	0	0.941599	41	24	17	0	0	0	0
AF	0	0.941911	34	25	9	0	0	0	0
AF	0	0.942224	31	20	11	0	0	0	0
AF	0	0.942536	29	22	7	0	0	0	0
AF	0	0.942848	20	11	9	0	0	0	0
AF	0	0.943161	43	27	16	0	0	0	0
AF	0	0.943473	48	32	16	0	0	0	0
AF	0	0.943785	15	12	3	0	0	0	0
AF	0	0.944097	26	14	12	0	0	0	0
AF	0	0.944410	29	17	12	0	0	0	0
AF	0	0.944722	24	14	10	0	0	0	0
AF	0	0.945034	27	21	6	0	0	0	0
AF	0	0.945347	36	26	10	0	0	0	0
AF	0	0.945659	19	14	5	0	0	0	0
AF	0	0.945971	19	9	10	0	0	0	0
AF	0	0.946284	40	24	16	0	0	0	0
AF	0	0.946596	30	15	15	0	0	0	0
AF	0	0.946908	27	19	8	0	0	0	0
AF	0	0.947220	20	13	7	0	0	0	0
AF	0	0.947533	37	29	8	0	0	0	0
AF	0	0.947845	26	16	10	0	0	0	0
AF	0	0.948157	22	16	6	0	0	0	0
AF	0	0.948470	40	26	14	0	0	0	0
AF	0	0.948782	21	11	10	0	0	0	0
AF	0	0.949094	22	13	9	0	0	0	0
AF	0	0.949407	27	19	8	0	0	0	0
AF	0	0.949719	42	24	18	0	0	0	0
AF	0	0.950031	21	16	5	0	0	0	0
AF	0	0.950344	25	23	2	0	0	0	0
AF	0	0.950656	20	12	8	0	0	0	0
AF	0	0.950968	24	13	11	0	0	0	0
AF	0	0.951280	25	16	9	0	0	0	0
AF	0	0.951593	19	14	5	0	0	0	0
AF	0	0.951905	29	20	9	0	0	0	0
AF	0	0.952217	46	34	12	0	0	0	0
AF	0	0.952530	29	19	10	0	0	0	0
AF	0	0.952842	28	18	10	0	0	0	0
AF	0	0.953154	26	17	9	0	0	0	0
AF	0	0.953467	29	19	10	0	0	0	0
AF	0	0.953779	39	27	12	0	0	0	0
AF	0	0.954091	31	22	9	0	0	0	0
AF	0	0.954403	19	15	4	0	0	0	0
AF	0	0.954716	23	14	9	0	0	0	0
AF	0	0.955028	26	16	10	0	0	0	0
AF	0	0.955340	28	19	9	0	0	0	0
AF	0	0.955653	24	20	4	0	0	0	0
AF	0	0.955965	33	21	12	0	0	0	0
AF	0	0.956277	45	32	13	0	0	0	0
AF	0	0.956590	40	23	17	0	0	0	0
AF	0	0.956902	41	33	8	0	0	0	0
AF	0	0.957214	28	15	13	0	0	0	0
AF	0	0.957527	32	23	9	0	0	0	0
AF	0	0.957839	22	14	8	0	0	0	0
AF	0	0.958151	28	21	7	0	0	0	0
AF	0	0.958463	32	21	11	0	0	0	0
AF	0	0.958776	38	23	15	0	0	0	0
AF	0	0.959088	40	27	13	0	0	0	0
AF	0	0.959400	33	25	8	0	0	0	0
AF	0	0.959713	34	22	12	0	0	0	0
AF	0	0.960025	27	18	9	0	0	0	0
AF	0	0.960337	35	24	11	0	0	0	0
AF	0	0.960650	23	14	9	0	0	0	0
AF	0	0.960962	35	27	8	0	0	0	0
AF	0	0.961274	18	10	8	0	0	0	0
AF	0	0.961587	16	10	6	0	0	0	0
AF	0	0.961899	21	14	7	0	0	0	0
AF	0	0.962211	27	20	7	0	0	0	0
AF	0	0.962523	24	18	6	0	0	0	0
AF	0	0.962836	23	17	6	0	0	0	0
AF	0	0.963148	33	22	11	0	0	0	0
AF	0	0.963460	24	18	6	0	0	0	0
AF	0	0.963773	33	22	11	0	0	0	0
AF	0	0.964085	29	16	13	0	0	0	0
AF	0	0.964397	26	16	10	0	0	0	0
AF	0	0.964710	35	26	9	0	0	0	0
AF	0	0.965022	36	25	11	0	0	0	0
AF	0	0.965334	29	21	8	0	0	0	0
AF	0	0.965646	30	24	6	0	0	0	0
AF	0	0.965959	28	22	6	0	0	0	0
AF	0	0.966271	23	15	8	0	0	0	0
AF	0	0.966583	36	33	3	0	0	0	0
AF	0	0.966896	35	26	9	0	0	0	0
AF	0	0.967208	62	47	15	0	0	0	0
AF	0	0.967520	46	29	17	0	0	0	0
AF	0	0.967833	37	24	13	0	0	0	0
AF	0	0.968145	31	24	7	0	0	0	0
AF	0	0.968457	24	17	7	0	0	0	0
AF	0	0.968770	32	20	12	0	0	0	0
AF	0	0.969082	30	19	11	0	0	0	0
AF	0	0.969394	52	33	19	0	0	0	0
AF	0	0.969706	35	25	10	0	0	0	0
AF	0	0.970019	33	21	12	0	0	0	0
AF	0	0.970331	18	14	4	0	0	0	0
AF	0	0.970643	21	16	5	0	0	0	0
AF	0	0.970956	26	16	10	0	0	0	0
AF	0	0.971268	10	9	1	0	0	0	0
AF	0	0.971580	35	27	8	0	0	0	0
AF	0	0.971893	27	21	6	0	0	0	0
AF	0	0.972205	30	24	6	0	0	0	0
AF	0	0.972517	42	32	10	0	0	0	0
AF	0	0.972829	34	23	11	0	0	0	0
AF	0	0.973142	29	23	6	0	0	0	0
AF	0	0.973454	41	26	15	0	0	0	0
AF	0	0.973766	24	18	6	0	0	0	0
AF	0	0.974079	36	24	12	0	0	0	0
AF	0	0.974391	39	27	12	0	0	0	0
AF	0	0.974703	31	22	9	0	0	0	0
AF	0	0.975016	25	16	9	0	0	0	0
AF	0	0.975328	37	27	10	0	0	0	0
AF	0	0.975640	42	32	10	0	0	0	0
AF	0	0.975953	43	29	14	0	0	0	0
AF	0	0.976265	38	28	10	0	0	0	0
AF	0	0.976577	42	31	11	0	0	0	0
AF	0	0.976889	47	31	16	0	0	0	0
AF	0	0.977202	55	47	8	0	0	0	0
AF	0	0.977514	34	20	14	0	0	0	0
AF	0	0.977826	32	23	9	0	0	0	0
AF	0	0.978139	37	27	10	0	0	0	0
AF	0	0.978451	16	13	3	0	0	0	0
AF	0	0.978763	22	14	8	0	0	0	0
AF	0	0.979076	44	24	20	0	0	0	0
AF	0	0.979388	38	34	4	0	0	0	0
AF	0	0.979700	35	26	9	0	0	0	0
AF	0	0.980012	33	24	9	0	0	0	0
AF	0	0.980325	60	43	17	0	0	0	0
AF	0	0.980637	42	26	16	0	0	0	0
AF	0	0.980949	60	40	20	0	0	0	0
AF	0	0.981262	61	39	22	0	0	0	0
AF	0	0.981574	31	25	6	0	0	0	0
AF	0	0.981886	72	51	21	0	0	0	0
AF	0	0.982199	50	29	21	0	0	0	0
AF	0	0.982511	29	21	8	0	0	0	0
AF	0	0.982823	27	17	10	0	0	0	0
AF	0	0.983136	33	24	9	0	0	0	0
AF	0	0.983448	18	16	2	0	0	0	0
AF	0	0.983760	32	22	10	0	0	0	0
AF	0	0.984072	61	37	24	0	0	0	0
AF	0	0.984385	33	23	10	0	0	0	0
AF	0	0.984697	27	24	3	0	0	0	0
AF	0	0.985009	57	33	24	0	0	0	0
AF	0	0.985322	39	24	15	0	0	0	0
AF	0	0.985634	46	29	17	0	0	0	0
AF	0	0.985946	40	26	14	0	0	0	0
AF	0	0.986259	38	27	11	0	0	0	0
AF	0	0.986571	48	35	13	0	0	0	0
AF	0	0.986883	48	32	16	0	0	0	0
AF	0	0.987196	44	26	18	0	0	0	0
AF	0	0.987508	36	23	13	0	0	0	0
AF	0	0.987820	59	39	20	0	0	0	0
AF	0	0.988132	45	28	17	0	0	0	0
AF	0	0.988445	38	26	12	0	0	0	0
AF	0	0.988757	43	25	18	0	0	0	0
AF	0	0.989069	29	23	6	0	0	0	0
AF	0	0.989382	45	33	12	0	0	0	0
AF	0	0.989694	52	32	20	0	0	0	0
AF	0	0.990006	49	31	18	0	0	0	0
AF	0	0.990319	57	39	18	0	0	0	0
AF	0	0.990631	67	48	19	0	0	0	0
AF	0	0.990943	81	57	24	0	0	0	0
AF	0	0.991255	47	33	14	0	0	0	0
AF	0	0.991568	57	40	17	0	0	0	0
AF	0	0.991880	50	33	17	0	0	0	0
AF	0	0.992192	69	47	22	0	0	0	0
AF	0	0.992505	62	40	22	0	0	0	0
AF	0	0.992817	89	62	27	0	0	0	0
AF	0	0.993129	57	37	20	0	0	0	0
AF	0	0.993442	58	38	20	0	0	0	0
AF	0	0.993754	48	33	15	0	0	0	0
AF	0	0.994066	71	50	21	0	0	0	0
AF	0	0.994379	50	31	19	0	0	0	0
AF	0	0.994691	66	48	18	0	0	0	0
AF	0	0.995003	76	52	24	0	0	0	0
AF	0	0.995315	79	60	19	0	0	0	0
AF	0	0.995628	131	87	44	0	0	0	0
AF	0	0.995940	101	63	38	0	0	0	0
AF	0	0.996252	88	61	27	0	0	0	0
AF	0	0.996565	93	53	40	0	0	0	0
AF	0	0.996877	73	50	23	0	0	0	0
AF	0	0.997189	103	69	34	0	0	0	0
AF	0	0.997502	73	51	22	0	0	0	0
AF	0	0.997814	76	50	26	0	0	0	0
AF	0	0.998126	54	45	9	0	0	0	0
AF	0	0.998438	61	34	27	0	0	0	0
AF	0	0.998751	96	66	30	0	0	0	0
AF	0	0.999063	96	63	33	0	0	0	0
AF	0	0.999375	63	42	21	0	0	0	0
# QUAL, Stats by quality
# QUAL	[2]id	[3]Quality	[4]number of SNPs	[5]number of transitions (1st ALT)	[6]number of transversions (1st ALT)	[7]number of indels
QUAL	0	.	1190753	812735	378018	0
# IDD, InDel distribution:
# IDD	[2]id	[3]length (deletions negative)	[4]number of sites	[5]number of genotypes	[6]mean VAF
# ST, Substitution types:
# ST	[2]id	[3]type	[4]count
ST	0	A>C	43622
ST	0	A>G	167088
ST	0	A>T	40895
ST	0	C>A	54787
ST	0	C>G	51008
ST	0	C>T	239272
ST	0	G>A	242929
ST	0	G>C	49888
ST	0	G>T	52948
ST	0	T>A	41964
ST	0	T>C	163446
ST	0	T>G	42906
# DP, depth:
#   - set id, see above
#   - the depth bin, corresponds to the depth (unless --depth was given)
#   - number of genotypes with this depth (zero unless -s/-S was given)
#   - fraction of genotypes with this depth (zero unless -s/-S was given)
#   - number of sites with this depth
#   - fraction of sites with this depth
# DP, Depth distribution
# DP	[2]id	[3]bin	[4]number of genotypes	[5]fraction of genotypes (%)	[6]number of sites	[7]fraction of sites (%)
