# This file was produced by bcftools stats (1.21+htslib-1.21) and can be plotted using plot-vcfstats.
# The command line was:	bcftools stats  /hpc/local/Rocky8/dhl_ec/software/MonopogenLite/resources/1kGP_high_coverage_Illumina.SNVonly_poly.filtered_AF_5e-04.norm.fixvariantid.chr9.vcf.gz
#
# Definition of sets:
# ID	[2]id	[3]tab-separated file names
ID	0	/hpc/local/Rocky8/dhl_ec/software/MonopogenLite/resources/1kGP_high_coverage_Illumina.SNVonly_poly.filtered_AF_5e-04.norm.fixvariantid.chr9.vcf.gz
# SN, Summary numbers:
#   number of records   .. number of data rows in the VCF
#   number of no-ALTs   .. reference-only sites, ALT is either "." or identical to REF
#   number of SNPs      .. number of rows with a SNP
#   number of MNPs      .. number of rows with a MNP, such as CC>TT
#   number of indels    .. number of rows with an indel
#   number of others    .. number of rows with other type, for example a symbolic allele or
#                          a complex substitution, such as ACT>TCGA
#   number of multiallelic sites     .. number of rows with multiple alternate alleles
#   number of multiallelic SNP sites .. number of rows with multiple alternate alleles, all SNPs
# 
#   Note that rows containing multiple types will be counted multiple times, in each
#   counter. For example, a row with a SNP and an indel increments both the SNP and
#   the indel counter.
# 
# SN	[2]id	[3]key	[4]value
SN	0	number of samples:	3202
SN	0	number of records:	1656478
SN	0	number of no-ALTs:	0
SN	0	number of SNPs:	1656478
SN	0	number of MNPs:	0
SN	0	number of indels:	0
SN	0	number of others:	0
SN	0	number of multiallelic sites:	0
SN	0	number of multiallelic SNP sites:	0
# TSTV, transitions/transversions
#   - transitions, see https://en.wikipedia.org/wiki/Transition_(genetics)
#   - transversions, see https://en.wikipedia.org/wiki/Transversion
# TSTV	[2]id	[3]ts	[4]tv	[5]ts/tv	[6]ts (1st ALT)	[7]tv (1st ALT)	[8]ts/tv (1st ALT)
TSTV	0	1106665	549813	2.01	1106665	549813	2.01
# SiS, Singleton stats:
#   - allele count, i.e. the number of singleton genotypes (AC=1)
#   - number of transitions, see above
#   - number of transversions, see above
#   - repeat-consistent, inconsistent and n/a: experimental and useless stats [DEPRECATED]
# SiS	[2]id	[3]allele count	[4]number of SNPs	[5]number of transitions	[6]number of transversions	[7]number of indels	[8]repeat-consistent	[9]repeat-inconsistent	[10]not applicable
SiS	0	1	0	0	0	0	0	0	0
# AF, Stats by non-reference allele frequency:
# AF	[2]id	[3]allele frequency	[4]number of SNPs	[5]number of transitions	[6]number of transversions	[7]number of indels	[8]repeat-consistent	[9]repeat-inconsistent	[10]not applicable
AF	0	0.000312	171708	116115	55593	0	0	0	0
AF	0	0.000625	197021	132965	64056	0	0	0	0
AF	0	0.000937	120218	80651	39567	0	0	0	0
AF	0	0.001249	83665	56151	27514	0	0	0	0
AF	0	0.001562	64131	42905	21226	0	0	0	0
AF	0	0.001874	51983	34686	17297	0	0	0	0
AF	0	0.002186	42914	28657	14257	0	0	0	0
AF	0	0.002498	36189	24103	12086	0	0	0	0
AF	0	0.002811	31142	20833	10309	0	0	0	0
AF	0	0.003123	27824	18507	9317	0	0	0	0
AF	0	0.003435	25254	16775	8479	0	0	0	0
AF	0	0.003748	22477	14899	7578	0	0	0	0
AF	0	0.004060	20004	13299	6705	0	0	0	0
AF	0	0.004372	18573	12255	6318	0	0	0	0
AF	0	0.004685	16864	11340	5524	0	0	0	0
AF	0	0.004997	15529	10324	5205	0	0	0	0
AF	0	0.005309	14660	9745	4915	0	0	0	0
AF	0	0.005621	13459	9001	4458	0	0	0	0
AF	0	0.005934	12417	8284	4133	0	0	0	0
AF	0	0.006246	11481	7579	3902	0	0	0	0
AF	0	0.006558	11125	7513	3612	0	0	0	0
AF	0	0.006871	10421	6907	3514	0	0	0	0
AF	0	0.007183	10004	6641	3363	0	0	0	0
AF	0	0.007495	9145	6039	3106	0	0	0	0
AF	0	0.007808	8618	5723	2895	0	0	0	0
AF	0	0.008120	8380	5582	2798	0	0	0	0
AF	0	0.008432	7932	5228	2704	0	0	0	0
AF	0	0.008745	7535	5009	2526	0	0	0	0
AF	0	0.009057	7140	4788	2352	0	0	0	0
AF	0	0.009369	6730	4487	2243	0	0	0	0
AF	0	0.009681	6360	4267	2093	0	0	0	0
AF	0	0.009994	6060	3969	2091	0	0	0	0
AF	0	0.010306	5993	4016	1977	0	0	0	0
AF	0	0.010618	5882	3879	2003	0	0	0	0
AF	0	0.010931	5813	3844	1969	0	0	0	0
AF	0	0.011243	5354	3525	1829	0	0	0	0
AF	0	0.011555	5273	3459	1814	0	0	0	0
AF	0	0.011868	4947	3283	1664	0	0	0	0
AF	0	0.012180	4949	3240	1709	0	0	0	0
AF	0	0.012492	5099	3308	1791	0	0	0	0
AF	0	0.012804	4925	3249	1676	0	0	0	0
AF	0	0.013117	4651	3079	1572	0	0	0	0
AF	0	0.013429	4340	2881	1459	0	0	0	0
AF	0	0.013741	4112	2757	1355	0	0	0	0
AF	0	0.014054	4067	2714	1353	0	0	0	0
AF	0	0.014366	3996	2652	1344	0	0	0	0
AF	0	0.014678	3873	2584	1289	0	0	0	0
AF	0	0.014991	4088	2675	1413	0	0	0	0
AF	0	0.015303	3658	2410	1248	0	0	0	0
AF	0	0.015615	3537	2368	1169	0	0	0	0
AF	0	0.015928	3381	2232	1149	0	0	0	0
AF	0	0.016240	3246	2112	1134	0	0	0	0
AF	0	0.016552	3161	2123	1038	0	0	0	0
AF	0	0.016864	3085	2068	1017	0	0	0	0
AF	0	0.017177	2890	1930	960	0	0	0	0
AF	0	0.017489	2928	1951	977	0	0	0	0
AF	0	0.017801	2870	1884	986	0	0	0	0
AF	0	0.018114	2807	1870	937	0	0	0	0
AF	0	0.018426	2835	1914	921	0	0	0	0
AF	0	0.018738	2753	1862	891	0	0	0	0
AF	0	0.019051	2529	1713	816	0	0	0	0
AF	0	0.019363	2476	1675	801	0	0	0	0
AF	0	0.019675	2574	1715	859	0	0	0	0
AF	0	0.019988	2491	1671	820	0	0	0	0
AF	0	0.020300	2302	1513	789	0	0	0	0
AF	0	0.020612	2321	1528	793	0	0	0	0
AF	0	0.020924	2162	1456	706	0	0	0	0
AF	0	0.021237	2073	1363	710	0	0	0	0
AF	0	0.021549	2260	1499	761	0	0	0	0
AF	0	0.021861	2088	1411	677	0	0	0	0
AF	0	0.022174	1977	1317	660	0	0	0	0
AF	0	0.022486	1971	1365	606	0	0	0	0
AF	0	0.022798	1986	1318	668	0	0	0	0
AF	0	0.023111	1885	1220	665	0	0	0	0
AF	0	0.023423	1837	1208	629	0	0	0	0
AF	0	0.023735	1852	1259	593	0	0	0	0
AF	0	0.024047	1747	1145	602	0	0	0	0
AF	0	0.024360	1775	1181	594	0	0	0	0
AF	0	0.024672	1708	1157	551	0	0	0	0
AF	0	0.024984	1641	1083	558	0	0	0	0
AF	0	0.025297	1791	1186	605	0	0	0	0
AF	0	0.025609	1627	1078	549	0	0	0	0
AF	0	0.025921	1567	1047	520	0	0	0	0
AF	0	0.026234	1658	1071	587	0	0	0	0
AF	0	0.026546	1566	1033	533	0	0	0	0
AF	0	0.026858	1477	973	504	0	0	0	0
AF	0	0.027171	1517	1010	507	0	0	0	0
AF	0	0.027483	1570	1027	543	0	0	0	0
AF	0	0.027795	1583	1067	516	0	0	0	0
AF	0	0.028107	1637	1116	521	0	0	0	0
AF	0	0.028420	1559	1065	494	0	0	0	0
AF	0	0.028732	1523	1055	468	0	0	0	0
AF	0	0.029044	1564	1024	540	0	0	0	0
AF	0	0.029357	1351	904	447	0	0	0	0
AF	0	0.029669	1398	964	434	0	0	0	0
AF	0	0.029981	1490	1000	490	0	0	0	0
AF	0	0.030294	1303	858	445	0	0	0	0
AF	0	0.030606	1284	863	421	0	0	0	0
AF	0	0.030918	1275	866	409	0	0	0	0
AF	0	0.031230	1379	910	469	0	0	0	0
AF	0	0.031543	1100	734	366	0	0	0	0
AF	0	0.031855	1244	841	403	0	0	0	0
AF	0	0.032167	1322	887	435	0	0	0	0
AF	0	0.032480	1285	882	403	0	0	0	0
AF	0	0.032792	1161	748	413	0	0	0	0
AF	0	0.033104	1088	724	364	0	0	0	0
AF	0	0.033417	1206	779	427	0	0	0	0
AF	0	0.033729	1286	838	448	0	0	0	0
AF	0	0.034041	1094	745	349	0	0	0	0
AF	0	0.034354	1047	703	344	0	0	0	0
AF	0	0.034666	1076	737	339	0	0	0	0
AF	0	0.034978	1047	684	363	0	0	0	0
AF	0	0.035290	963	646	317	0	0	0	0
AF	0	0.035603	1025	687	338	0	0	0	0
AF	0	0.035915	1002	655	347	0	0	0	0
AF	0	0.036227	1289	828	461	0	0	0	0
AF	0	0.036540	1278	868	410	0	0	0	0
AF	0	0.036852	979	658	321	0	0	0	0
AF	0	0.037164	950	622	328	0	0	0	0
AF	0	0.037477	971	639	332	0	0	0	0
AF	0	0.037789	941	622	319	0	0	0	0
AF	0	0.038101	949	619	330	0	0	0	0
AF	0	0.038413	820	541	279	0	0	0	0
AF	0	0.038726	915	603	312	0	0	0	0
AF	0	0.039038	876	585	291	0	0	0	0
AF	0	0.039350	915	596	319	0	0	0	0
AF	0	0.039663	833	569	264	0	0	0	0
AF	0	0.039975	820	563	257	0	0	0	0
AF	0	0.040287	896	594	302	0	0	0	0
AF	0	0.040600	827	551	276	0	0	0	0
AF	0	0.040912	848	559	289	0	0	0	0
AF	0	0.041224	816	552	264	0	0	0	0
AF	0	0.041537	854	554	300	0	0	0	0
AF	0	0.041849	808	555	253	0	0	0	0
AF	0	0.042161	940	627	313	0	0	0	0
AF	0	0.042473	796	553	243	0	0	0	0
AF	0	0.042786	826	540	286	0	0	0	0
AF	0	0.043098	858	540	318	0	0	0	0
AF	0	0.043410	799	546	253	0	0	0	0
AF	0	0.043723	727	498	229	0	0	0	0
AF	0	0.044035	883	597	286	0	0	0	0
AF	0	0.044347	715	474	241	0	0	0	0
AF	0	0.044660	786	515	271	0	0	0	0
AF	0	0.044972	650	442	208	0	0	0	0
AF	0	0.045284	648	433	215	0	0	0	0
AF	0	0.045597	764	504	260	0	0	0	0
AF	0	0.045909	746	492	254	0	0	0	0
AF	0	0.046221	728	486	242	0	0	0	0
AF	0	0.046533	720	479	241	0	0	0	0
AF	0	0.046846	705	438	267	0	0	0	0
AF	0	0.047158	680	450	230	0	0	0	0
AF	0	0.047470	685	449	236	0	0	0	0
AF	0	0.047783	767	518	249	0	0	0	0
AF	0	0.048095	676	444	232	0	0	0	0
AF	0	0.048407	658	425	233	0	0	0	0
AF	0	0.048720	681	450	231	0	0	0	0
AF	0	0.049032	705	459	246	0	0	0	0
AF	0	0.049344	732	489	243	0	0	0	0
AF	0	0.049656	644	425	219	0	0	0	0
AF	0	0.049969	712	469	243	0	0	0	0
AF	0	0.050281	717	480	237	0	0	0	0
AF	0	0.050593	725	483	242	0	0	0	0
AF	0	0.050906	624	410	214	0	0	0	0
AF	0	0.051218	686	409	277	0	0	0	0
AF	0	0.051530	665	430	235	0	0	0	0
AF	0	0.051843	592	403	189	0	0	0	0
AF	0	0.052155	577	357	220	0	0	0	0
AF	0	0.052467	592	419	173	0	0	0	0
AF	0	0.052780	596	389	207	0	0	0	0
AF	0	0.053092	604	399	205	0	0	0	0
AF	0	0.053404	555	384	171	0	0	0	0
AF	0	0.053716	593	409	184	0	0	0	0
AF	0	0.054029	639	424	215	0	0	0	0
AF	0	0.054341	625	423	202	0	0	0	0
AF	0	0.054653	633	414	219	0	0	0	0
AF	0	0.054966	574	389	185	0	0	0	0
AF	0	0.055278	669	450	219	0	0	0	0
AF	0	0.055590	697	458	239	0	0	0	0
AF	0	0.055903	688	443	245	0	0	0	0
AF	0	0.056215	521	346	175	0	0	0	0
AF	0	0.056527	617	401	216	0	0	0	0
AF	0	0.056839	614	391	223	0	0	0	0
AF	0	0.057152	548	362	186	0	0	0	0
AF	0	0.057464	562	380	182	0	0	0	0
AF	0	0.057776	554	355	199	0	0	0	0
AF	0	0.058089	530	368	162	0	0	0	0
AF	0	0.058401	524	337	187	0	0	0	0
AF	0	0.058713	537	342	195	0	0	0	0
AF	0	0.059026	521	357	164	0	0	0	0
AF	0	0.059338	537	346	191	0	0	0	0
AF	0	0.059650	479	309	170	0	0	0	0
AF	0	0.059963	516	339	177	0	0	0	0
AF	0	0.060275	554	342	212	0	0	0	0
AF	0	0.060587	549	365	184	0	0	0	0
AF	0	0.060899	562	362	200	0	0	0	0
AF	0	0.061212	563	360	203	0	0	0	0
AF	0	0.061524	536	359	177	0	0	0	0
AF	0	0.061836	470	317	153	0	0	0	0
AF	0	0.062149	484	325	159	0	0	0	0
AF	0	0.062461	471	327	144	0	0	0	0
AF	0	0.062773	566	381	185	0	0	0	0
AF	0	0.063086	509	335	174	0	0	0	0
AF	0	0.063398	508	340	168	0	0	0	0
AF	0	0.063710	473	302	171	0	0	0	0
AF	0	0.064022	624	409	215	0	0	0	0
AF	0	0.064335	506	327	179	0	0	0	0
AF	0	0.064647	507	339	168	0	0	0	0
AF	0	0.064959	523	360	163	0	0	0	0
AF	0	0.065272	543	363	180	0	0	0	0
AF	0	0.065584	597	432	165	0	0	0	0
AF	0	0.065896	535	359	176	0	0	0	0
AF	0	0.066209	692	476	216	0	0	0	0
AF	0	0.066521	570	385	185	0	0	0	0
AF	0	0.066833	473	302	171	0	0	0	0
AF	0	0.067146	452	300	152	0	0	0	0
AF	0	0.067458	531	343	188	0	0	0	0
AF	0	0.067770	438	280	158	0	0	0	0
AF	0	0.068082	517	336	181	0	0	0	0
AF	0	0.068395	403	258	145	0	0	0	0
AF	0	0.068707	456	295	161	0	0	0	0
AF	0	0.069019	402	265	137	0	0	0	0
AF	0	0.069332	402	256	146	0	0	0	0
AF	0	0.069644	468	313	155	0	0	0	0
AF	0	0.069956	399	255	144	0	0	0	0
AF	0	0.070269	471	312	159	0	0	0	0
AF	0	0.070581	442	304	138	0	0	0	0
AF	0	0.070893	545	371	174	0	0	0	0
AF	0	0.071205	495	334	161	0	0	0	0
AF	0	0.071518	432	289	143	0	0	0	0
AF	0	0.071830	397	257	140	0	0	0	0
AF	0	0.072142	472	327	145	0	0	0	0
AF	0	0.072455	458	294	164	0	0	0	0
AF	0	0.072767	470	324	146	0	0	0	0
AF	0	0.073079	386	234	152	0	0	0	0
AF	0	0.073392	411	277	134	0	0	0	0
AF	0	0.073704	481	318	163	0	0	0	0
AF	0	0.074016	453	300	153	0	0	0	0
AF	0	0.074329	435	278	157	0	0	0	0
AF	0	0.074641	491	339	152	0	0	0	0
AF	0	0.074953	446	291	155	0	0	0	0
AF	0	0.075265	466	329	137	0	0	0	0
AF	0	0.075578	433	278	155	0	0	0	0
AF	0	0.075890	432	291	141	0	0	0	0
AF	0	0.076202	744	468	276	0	0	0	0
AF	0	0.076515	436	292	144	0	0	0	0
AF	0	0.076827	397	291	106	0	0	0	0
AF	0	0.077139	431	293	138	0	0	0	0
AF	0	0.077452	370	232	138	0	0	0	0
AF	0	0.077764	428	297	131	0	0	0	0
AF	0	0.078076	416	280	136	0	0	0	0
AF	0	0.078389	416	279	137	0	0	0	0
AF	0	0.078701	369	250	119	0	0	0	0
AF	0	0.079013	397	252	145	0	0	0	0
AF	0	0.079325	400	255	145	0	0	0	0
AF	0	0.079638	403	250	153	0	0	0	0
AF	0	0.079950	393	261	132	0	0	0	0
AF	0	0.080262	449	308	141	0	0	0	0
AF	0	0.080575	392	276	116	0	0	0	0
AF	0	0.080887	367	245	122	0	0	0	0
AF	0	0.081199	441	294	147	0	0	0	0
AF	0	0.081512	403	267	136	0	0	0	0
AF	0	0.081824	407	294	113	0	0	0	0
AF	0	0.082136	374	257	117	0	0	0	0
AF	0	0.082448	362	228	134	0	0	0	0
AF	0	0.082761	378	247	131	0	0	0	0
AF	0	0.083073	453	297	156	0	0	0	0
AF	0	0.083385	419	276	143	0	0	0	0
AF	0	0.083698	371	240	131	0	0	0	0
AF	0	0.084010	366	238	128	0	0	0	0
AF	0	0.084322	480	305	175	0	0	0	0
AF	0	0.084635	399	273	126	0	0	0	0
AF	0	0.084947	400	249	151	0	0	0	0
AF	0	0.085259	408	273	135	0	0	0	0
AF	0	0.085572	453	297	156	0	0	0	0
AF	0	0.085884	368	249	119	0	0	0	0
AF	0	0.086196	386	273	113	0	0	0	0
AF	0	0.086508	387	243	144	0	0	0	0
AF	0	0.086821	371	239	132	0	0	0	0
AF	0	0.087133	370	240	130	0	0	0	0
AF	0	0.087445	442	308	134	0	0	0	0
AF	0	0.087758	365	246	119	0	0	0	0
AF	0	0.088070	405	280	125	0	0	0	0
AF	0	0.088382	365	248	117	0	0	0	0
AF	0	0.088695	409	277	132	0	0	0	0
AF	0	0.089007	331	215	116	0	0	0	0
AF	0	0.089319	417	277	140	0	0	0	0
AF	0	0.089631	436	281	155	0	0	0	0
AF	0	0.089944	380	247	133	0	0	0	0
AF	0	0.090256	358	236	122	0	0	0	0
AF	0	0.090568	354	228	126	0	0	0	0
AF	0	0.090881	378	237	141	0	0	0	0
AF	0	0.091193	375	238	137	0	0	0	0
AF	0	0.091505	338	227	111	0	0	0	0
AF	0	0.091818	337	219	118	0	0	0	0
AF	0	0.092130	335	215	120	0	0	0	0
AF	0	0.092442	366	244	122	0	0	0	0
AF	0	0.092755	314	211	103	0	0	0	0
AF	0	0.093067	336	223	113	0	0	0	0
AF	0	0.093379	298	195	103	0	0	0	0
AF	0	0.093691	352	220	132	0	0	0	0
AF	0	0.094004	306	216	90	0	0	0	0
AF	0	0.094316	318	217	101	0	0	0	0
AF	0	0.094628	359	244	115	0	0	0	0
AF	0	0.094941	374	260	114	0	0	0	0
AF	0	0.095253	339	225	114	0	0	0	0
AF	0	0.095565	358	237	121	0	0	0	0
AF	0	0.095878	372	259	113	0	0	0	0
AF	0	0.096190	366	245	121	0	0	0	0
AF	0	0.096502	335	222	113	0	0	0	0
AF	0	0.096814	331	218	113	0	0	0	0
AF	0	0.097127	327	209	118	0	0	0	0
AF	0	0.097439	348	239	109	0	0	0	0
AF	0	0.097751	367	241	126	0	0	0	0
AF	0	0.098064	357	237	120	0	0	0	0
AF	0	0.098376	278	189	89	0	0	0	0
AF	0	0.098688	327	230	97	0	0	0	0
AF	0	0.099001	335	225	110	0	0	0	0
AF	0	0.099313	299	195	104	0	0	0	0
AF	0	0.099625	312	216	96	0	0	0	0
AF	0	0.099938	305	194	111	0	0	0	0
AF	0	0.100250	314	210	104	0	0	0	0
AF	0	0.100562	323	199	124	0	0	0	0
AF	0	0.100874	350	243	107	0	0	0	0
AF	0	0.101187	312	192	120	0	0	0	0
AF	0	0.101499	294	203	91	0	0	0	0
AF	0	0.101811	302	207	95	0	0	0	0
AF	0	0.102124	325	212	113	0	0	0	0
AF	0	0.102436	324	214	110	0	0	0	0
AF	0	0.102748	328	230	98	0	0	0	0
AF	0	0.103061	312	203	109	0	0	0	0
AF	0	0.103373	293	204	89	0	0	0	0
AF	0	0.103685	289	183	106	0	0	0	0
AF	0	0.103998	232	149	83	0	0	0	0
AF	0	0.104310	271	181	90	0	0	0	0
AF	0	0.104622	330	209	121	0	0	0	0
AF	0	0.104934	286	176	110	0	0	0	0
AF	0	0.105247	313	203	110	0	0	0	0
AF	0	0.105559	342	239	103	0	0	0	0
AF	0	0.105871	283	181	102	0	0	0	0
AF	0	0.106184	270	197	73	0	0	0	0
AF	0	0.106496	266	177	89	0	0	0	0
AF	0	0.106808	330	212	118	0	0	0	0
AF	0	0.107121	299	203	96	0	0	0	0
AF	0	0.107433	321	215	106	0	0	0	0
AF	0	0.107745	305	214	91	0	0	0	0
AF	0	0.108057	320	219	101	0	0	0	0
AF	0	0.108370	311	185	126	0	0	0	0
AF	0	0.108682	309	205	104	0	0	0	0
AF	0	0.108994	294	192	102	0	0	0	0
AF	0	0.109307	317	212	105	0	0	0	0
AF	0	0.109619	295	205	90	0	0	0	0
AF	0	0.109931	384	274	110	0	0	0	0
AF	0	0.110244	285	188	97	0	0	0	0
AF	0	0.110556	280	184	96	0	0	0	0
AF	0	0.110868	281	184	97	0	0	0	0
AF	0	0.111181	295	192	103	0	0	0	0
AF	0	0.111493	275	170	105	0	0	0	0
AF	0	0.111805	265	167	98	0	0	0	0
AF	0	0.112117	288	192	96	0	0	0	0
AF	0	0.112430	284	206	78	0	0	0	0
AF	0	0.112742	234	163	71	0	0	0	0
AF	0	0.113054	252	157	95	0	0	0	0
AF	0	0.113367	332	234	98	0	0	0	0
AF	0	0.113679	280	196	84	0	0	0	0
AF	0	0.113991	269	174	95	0	0	0	0
AF	0	0.114304	276	187	89	0	0	0	0
AF	0	0.114616	282	193	89	0	0	0	0
AF	0	0.114928	343	238	105	0	0	0	0
AF	0	0.115240	256	170	86	0	0	0	0
AF	0	0.115553	292	186	106	0	0	0	0
AF	0	0.115865	255	169	86	0	0	0	0
AF	0	0.116177	289	181	108	0	0	0	0
AF	0	0.116490	297	202	95	0	0	0	0
AF	0	0.116802	252	168	84	0	0	0	0
AF	0	0.117114	286	186	100	0	0	0	0
AF	0	0.117427	276	202	74	0	0	0	0
AF	0	0.117739	232	161	71	0	0	0	0
AF	0	0.118051	238	154	84	0	0	0	0
AF	0	0.118364	277	165	112	0	0	0	0
AF	0	0.118676	254	164	90	0	0	0	0
AF	0	0.118988	259	171	88	0	0	0	0
AF	0	0.119300	253	175	78	0	0	0	0
AF	0	0.119613	272	177	95	0	0	0	0
AF	0	0.119925	272	176	96	0	0	0	0
AF	0	0.120237	257	162	95	0	0	0	0
AF	0	0.120550	287	184	103	0	0	0	0
AF	0	0.120862	275	194	81	0	0	0	0
AF	0	0.121174	286	185	101	0	0	0	0
AF	0	0.121487	340	227	113	0	0	0	0
AF	0	0.121799	285	187	98	0	0	0	0
AF	0	0.122111	267	183	84	0	0	0	0
AF	0	0.122423	265	170	95	0	0	0	0
AF	0	0.122736	271	177	94	0	0	0	0
AF	0	0.123048	240	157	83	0	0	0	0
AF	0	0.123360	255	173	82	0	0	0	0
AF	0	0.123673	361	232	129	0	0	0	0
AF	0	0.123985	250	178	72	0	0	0	0
AF	0	0.124297	236	160	76	0	0	0	0
AF	0	0.124610	213	139	74	0	0	0	0
AF	0	0.124922	237	150	87	0	0	0	0
AF	0	0.125234	253	178	75	0	0	0	0
AF	0	0.125547	306	197	109	0	0	0	0
AF	0	0.125859	291	202	89	0	0	0	0
AF	0	0.126171	286	182	104	0	0	0	0
AF	0	0.126483	320	222	98	0	0	0	0
AF	0	0.126796	300	179	121	0	0	0	0
AF	0	0.127108	258	172	86	0	0	0	0
AF	0	0.127420	257	165	92	0	0	0	0
AF	0	0.127733	265	181	84	0	0	0	0
AF	0	0.128045	251	158	93	0	0	0	0
AF	0	0.128357	241	150	91	0	0	0	0
AF	0	0.128670	230	159	71	0	0	0	0
AF	0	0.128982	239	154	85	0	0	0	0
AF	0	0.129294	254	184	70	0	0	0	0
AF	0	0.129606	223	156	67	0	0	0	0
AF	0	0.129919	238	158	80	0	0	0	0
AF	0	0.130231	242	157	85	0	0	0	0
AF	0	0.130543	261	178	83	0	0	0	0
AF	0	0.130856	269	197	72	0	0	0	0
AF	0	0.131168	275	186	89	0	0	0	0
AF	0	0.131480	244	171	73	0	0	0	0
AF	0	0.131793	263	178	85	0	0	0	0
AF	0	0.132105	257	177	80	0	0	0	0
AF	0	0.132417	236	150	86	0	0	0	0
AF	0	0.132730	258	180	78	0	0	0	0
AF	0	0.133042	287	195	92	0	0	0	0
AF	0	0.133354	263	178	85	0	0	0	0
AF	0	0.133666	312	212	100	0	0	0	0
AF	0	0.133979	232	162	70	0	0	0	0
AF	0	0.134291	251	177	74	0	0	0	0
AF	0	0.134603	221	149	72	0	0	0	0
AF	0	0.134916	232	144	88	0	0	0	0
AF	0	0.135228	248	161	87	0	0	0	0
AF	0	0.135540	227	146	81	0	0	0	0
AF	0	0.135853	251	170	81	0	0	0	0
AF	0	0.136165	219	143	76	0	0	0	0
AF	0	0.136477	233	150	83	0	0	0	0
AF	0	0.136790	271	170	101	0	0	0	0
AF	0	0.137102	258	157	101	0	0	0	0
AF	0	0.137414	278	186	92	0	0	0	0
AF	0	0.137726	224	149	75	0	0	0	0
AF	0	0.138039	287	184	103	0	0	0	0
AF	0	0.138351	249	168	81	0	0	0	0
AF	0	0.138663	250	176	74	0	0	0	0
AF	0	0.138976	253	166	87	0	0	0	0
AF	0	0.139288	206	143	63	0	0	0	0
AF	0	0.139600	258	168	90	0	0	0	0
AF	0	0.139913	240	154	86	0	0	0	0
AF	0	0.140225	265	169	96	0	0	0	0
AF	0	0.140537	228	162	66	0	0	0	0
AF	0	0.140849	241	160	81	0	0	0	0
AF	0	0.141162	236	153	83	0	0	0	0
AF	0	0.141474	231	154	77	0	0	0	0
AF	0	0.141786	222	154	68	0	0	0	0
AF	0	0.142099	216	135	81	0	0	0	0
AF	0	0.142411	235	154	81	0	0	0	0
AF	0	0.142723	222	162	60	0	0	0	0
AF	0	0.143036	233	172	61	0	0	0	0
AF	0	0.143348	224	148	76	0	0	0	0
AF	0	0.143660	218	140	78	0	0	0	0
AF	0	0.143973	195	125	70	0	0	0	0
AF	0	0.144285	175	117	58	0	0	0	0
AF	0	0.144597	225	139	86	0	0	0	0
AF	0	0.144909	225	138	87	0	0	0	0
AF	0	0.145222	217	148	69	0	0	0	0
AF	0	0.145534	194	126	68	0	0	0	0
AF	0	0.145846	214	142	72	0	0	0	0
AF	0	0.146159	200	146	54	0	0	0	0
AF	0	0.146471	176	118	58	0	0	0	0
AF	0	0.146783	177	121	56	0	0	0	0
AF	0	0.147096	222	134	88	0	0	0	0
AF	0	0.147408	200	127	73	0	0	0	0
AF	0	0.147720	221	150	71	0	0	0	0
AF	0	0.148032	191	134	57	0	0	0	0
AF	0	0.148345	248	153	95	0	0	0	0
AF	0	0.148657	216	149	67	0	0	0	0
AF	0	0.148969	205	133	72	0	0	0	0
AF	0	0.149282	201	134	67	0	0	0	0
AF	0	0.149594	216	134	82	0	0	0	0
AF	0	0.149906	210	123	87	0	0	0	0
AF	0	0.150219	257	188	69	0	0	0	0
AF	0	0.150531	226	143	83	0	0	0	0
AF	0	0.150843	233	162	71	0	0	0	0
AF	0	0.151156	211	128	83	0	0	0	0
AF	0	0.151468	210	143	67	0	0	0	0
AF	0	0.151780	208	123	85	0	0	0	0
AF	0	0.152092	210	135	75	0	0	0	0
AF	0	0.152405	201	139	62	0	0	0	0
AF	0	0.152717	241	165	76	0	0	0	0
AF	0	0.153029	203	135	68	0	0	0	0
AF	0	0.153342	224	155	69	0	0	0	0
AF	0	0.153654	209	145	64	0	0	0	0
AF	0	0.153966	219	148	71	0	0	0	0
AF	0	0.154279	191	125	66	0	0	0	0
AF	0	0.154591	207	149	58	0	0	0	0
AF	0	0.154903	210	134	76	0	0	0	0
AF	0	0.155215	196	125	71	0	0	0	0
AF	0	0.155528	178	123	55	0	0	0	0
AF	0	0.155840	196	131	65	0	0	0	0
AF	0	0.156152	204	130	74	0	0	0	0
AF	0	0.156465	179	121	58	0	0	0	0
AF	0	0.156777	206	133	73	0	0	0	0
AF	0	0.157089	251	157	94	0	0	0	0
AF	0	0.157402	217	139	78	0	0	0	0
AF	0	0.157714	213	132	81	0	0	0	0
AF	0	0.158026	215	158	57	0	0	0	0
AF	0	0.158339	206	143	63	0	0	0	0
AF	0	0.158651	222	147	75	0	0	0	0
AF	0	0.158963	259	161	98	0	0	0	0
AF	0	0.159275	185	132	53	0	0	0	0
AF	0	0.159588	192	124	68	0	0	0	0
AF	0	0.159900	190	113	77	0	0	0	0
AF	0	0.160212	218	143	75	0	0	0	0
AF	0	0.160525	234	143	91	0	0	0	0
AF	0	0.160837	220	133	87	0	0	0	0
AF	0	0.161149	215	140	75	0	0	0	0
AF	0	0.161462	179	106	73	0	0	0	0
AF	0	0.161774	196	125	71	0	0	0	0
AF	0	0.162086	233	149	84	0	0	0	0
AF	0	0.162399	205	129	76	0	0	0	0
AF	0	0.162711	188	128	60	0	0	0	0
AF	0	0.163023	176	112	64	0	0	0	0
AF	0	0.163335	204	137	67	0	0	0	0
AF	0	0.163648	167	113	54	0	0	0	0
AF	0	0.163960	187	113	74	0	0	0	0
AF	0	0.164272	227	154	73	0	0	0	0
AF	0	0.164585	161	107	54	0	0	0	0
AF	0	0.164897	168	119	49	0	0	0	0
AF	0	0.165209	163	117	46	0	0	0	0
AF	0	0.165522	173	122	51	0	0	0	0
AF	0	0.165834	187	120	67	0	0	0	0
AF	0	0.166146	196	128	68	0	0	0	0
AF	0	0.166458	166	124	42	0	0	0	0
AF	0	0.166771	188	136	52	0	0	0	0
AF	0	0.167083	210	139	71	0	0	0	0
AF	0	0.167395	171	112	59	0	0	0	0
AF	0	0.167708	149	95	54	0	0	0	0
AF	0	0.168020	165	117	48	0	0	0	0
AF	0	0.168332	169	94	75	0	0	0	0
AF	0	0.168645	169	116	53	0	0	0	0
AF	0	0.168957	240	172	68	0	0	0	0
AF	0	0.169269	189	107	82	0	0	0	0
AF	0	0.169582	175	123	52	0	0	0	0
AF	0	0.169894	159	108	51	0	0	0	0
AF	0	0.170206	176	108	68	0	0	0	0
AF	0	0.170518	201	128	73	0	0	0	0
AF	0	0.170831	197	126	71	0	0	0	0
AF	0	0.171143	195	136	59	0	0	0	0
AF	0	0.171455	194	133	61	0	0	0	0
AF	0	0.171768	211	146	65	0	0	0	0
AF	0	0.172080	208	138	70	0	0	0	0
AF	0	0.172392	192	127	65	0	0	0	0
AF	0	0.172705	178	120	58	0	0	0	0
AF	0	0.173017	198	125	73	0	0	0	0
AF	0	0.173329	181	122	59	0	0	0	0
AF	0	0.173641	161	114	47	0	0	0	0
AF	0	0.173954	202	133	69	0	0	0	0
AF	0	0.174266	223	155	68	0	0	0	0
AF	0	0.174578	285	180	105	0	0	0	0
AF	0	0.174891	235	163	72	0	0	0	0
AF	0	0.175203	200	117	83	0	0	0	0
AF	0	0.175515	196	123	73	0	0	0	0
AF	0	0.175828	198	125	73	0	0	0	0
AF	0	0.176140	178	105	73	0	0	0	0
AF	0	0.176452	185	138	47	0	0	0	0
AF	0	0.176765	134	81	53	0	0	0	0
AF	0	0.177077	166	100	66	0	0	0	0
AF	0	0.177389	203	145	58	0	0	0	0
AF	0	0.177701	246	157	89	0	0	0	0
AF	0	0.178014	213	139	74	0	0	0	0
AF	0	0.178326	192	139	53	0	0	0	0
AF	0	0.178638	216	142	74	0	0	0	0
AF	0	0.178951	196	136	60	0	0	0	0
AF	0	0.179263	218	144	74	0	0	0	0
AF	0	0.179575	204	133	71	0	0	0	0
AF	0	0.179888	208	140	68	0	0	0	0
AF	0	0.180200	177	115	62	0	0	0	0
AF	0	0.180512	203	142	61	0	0	0	0
AF	0	0.180824	169	116	53	0	0	0	0
AF	0	0.181137	189	131	58	0	0	0	0
AF	0	0.181449	185	128	57	0	0	0	0
AF	0	0.181761	171	118	53	0	0	0	0
AF	0	0.182074	251	169	82	0	0	0	0
AF	0	0.182386	196	128	68	0	0	0	0
AF	0	0.182698	163	118	45	0	0	0	0
AF	0	0.183011	170	107	63	0	0	0	0
AF	0	0.183323	163	101	62	0	0	0	0
AF	0	0.183635	210	131	79	0	0	0	0
AF	0	0.183948	193	134	59	0	0	0	0
AF	0	0.184260	160	100	60	0	0	0	0
AF	0	0.184572	150	104	46	0	0	0	0
AF	0	0.184884	209	142	67	0	0	0	0
AF	0	0.185197	209	133	76	0	0	0	0
AF	0	0.185509	179	122	57	0	0	0	0
AF	0	0.185821	172	112	60	0	0	0	0
AF	0	0.186134	197	136	61	0	0	0	0
AF	0	0.186446	167	102	65	0	0	0	0
AF	0	0.186758	173	113	60	0	0	0	0
AF	0	0.187071	182	129	53	0	0	0	0
AF	0	0.187383	188	115	73	0	0	0	0
AF	0	0.187695	178	124	54	0	0	0	0
AF	0	0.188007	179	114	65	0	0	0	0
AF	0	0.188320	150	101	49	0	0	0	0
AF	0	0.188632	167	114	53	0	0	0	0
AF	0	0.188944	185	129	56	0	0	0	0
AF	0	0.189257	185	105	80	0	0	0	0
AF	0	0.189569	188	117	71	0	0	0	0
AF	0	0.189881	172	112	60	0	0	0	0
AF	0	0.190194	172	120	52	0	0	0	0
AF	0	0.190506	159	109	50	0	0	0	0
AF	0	0.190818	171	120	51	0	0	0	0
AF	0	0.191131	189	124	65	0	0	0	0
AF	0	0.191443	153	103	50	0	0	0	0
AF	0	0.191755	163	109	54	0	0	0	0
AF	0	0.192067	159	107	52	0	0	0	0
AF	0	0.192380	140	99	41	0	0	0	0
AF	0	0.192692	148	96	52	0	0	0	0
AF	0	0.193004	177	121	56	0	0	0	0
AF	0	0.193317	188	128	60	0	0	0	0
AF	0	0.193629	173	110	63	0	0	0	0
AF	0	0.193941	179	119	60	0	0	0	0
AF	0	0.194254	224	144	80	0	0	0	0
AF	0	0.194566	212	132	80	0	0	0	0
AF	0	0.194878	218	146	72	0	0	0	0
AF	0	0.195191	179	118	61	0	0	0	0
AF	0	0.195503	176	121	55	0	0	0	0
AF	0	0.195815	182	123	59	0	0	0	0
AF	0	0.196127	177	131	46	0	0	0	0
AF	0	0.196440	193	110	83	0	0	0	0
AF	0	0.196752	192	130	62	0	0	0	0
AF	0	0.197064	188	130	58	0	0	0	0
AF	0	0.197377	163	113	50	0	0	0	0
AF	0	0.197689	185	118	67	0	0	0	0
AF	0	0.198001	187	142	45	0	0	0	0
AF	0	0.198314	177	122	55	0	0	0	0
AF	0	0.198626	179	122	57	0	0	0	0
AF	0	0.198938	176	115	61	0	0	0	0
AF	0	0.199250	161	107	54	0	0	0	0
AF	0	0.199563	141	98	43	0	0	0	0
AF	0	0.199875	163	102	61	0	0	0	0
AF	0	0.200187	185	122	63	0	0	0	0
AF	0	0.200500	160	109	51	0	0	0	0
AF	0	0.200812	166	113	53	0	0	0	0
AF	0	0.201124	202	139	63	0	0	0	0
AF	0	0.201437	176	115	61	0	0	0	0
AF	0	0.201749	166	117	49	0	0	0	0
AF	0	0.202061	154	104	50	0	0	0	0
AF	0	0.202374	199	130	69	0	0	0	0
AF	0	0.202686	165	113	52	0	0	0	0
AF	0	0.202998	141	91	50	0	0	0	0
AF	0	0.203310	164	105	59	0	0	0	0
AF	0	0.203623	150	109	41	0	0	0	0
AF	0	0.203935	163	111	52	0	0	0	0
AF	0	0.204247	162	96	66	0	0	0	0
AF	0	0.204560	168	117	51	0	0	0	0
AF	0	0.204872	145	99	46	0	0	0	0
AF	0	0.205184	160	103	57	0	0	0	0
AF	0	0.205497	161	104	57	0	0	0	0
AF	0	0.205809	118	79	39	0	0	0	0
AF	0	0.206121	172	111	61	0	0	0	0
AF	0	0.206433	157	94	63	0	0	0	0
AF	0	0.206746	131	83	48	0	0	0	0
AF	0	0.207058	157	107	50	0	0	0	0
AF	0	0.207370	131	71	60	0	0	0	0
AF	0	0.207683	156	112	44	0	0	0	0
AF	0	0.207995	164	94	70	0	0	0	0
AF	0	0.208307	151	104	47	0	0	0	0
AF	0	0.208620	181	124	57	0	0	0	0
AF	0	0.208932	150	104	46	0	0	0	0
AF	0	0.209244	170	123	47	0	0	0	0
AF	0	0.209557	178	101	77	0	0	0	0
AF	0	0.209869	165	112	53	0	0	0	0
AF	0	0.210181	164	110	54	0	0	0	0
AF	0	0.210493	153	111	42	0	0	0	0
AF	0	0.210806	144	101	43	0	0	0	0
AF	0	0.211118	169	103	66	0	0	0	0
AF	0	0.211430	169	115	54	0	0	0	0
AF	0	0.211743	171	114	57	0	0	0	0
AF	0	0.212055	166	119	47	0	0	0	0
AF	0	0.212367	161	110	51	0	0	0	0
AF	0	0.212680	160	97	63	0	0	0	0
AF	0	0.212992	138	81	57	0	0	0	0
AF	0	0.213304	229	134	95	0	0	0	0
AF	0	0.213616	205	143	62	0	0	0	0
AF	0	0.213929	157	101	56	0	0	0	0
AF	0	0.214241	164	115	49	0	0	0	0
AF	0	0.214553	199	128	71	0	0	0	0
AF	0	0.214866	145	100	45	0	0	0	0
AF	0	0.215178	140	76	64	0	0	0	0
AF	0	0.215490	118	78	40	0	0	0	0
AF	0	0.215803	151	99	52	0	0	0	0
AF	0	0.216115	181	105	76	0	0	0	0
AF	0	0.216427	221	158	63	0	0	0	0
AF	0	0.216740	167	114	53	0	0	0	0
AF	0	0.217052	166	111	55	0	0	0	0
AF	0	0.217364	185	114	71	0	0	0	0
AF	0	0.217676	145	100	45	0	0	0	0
AF	0	0.217989	157	108	49	0	0	0	0
AF	0	0.218301	161	97	64	0	0	0	0
AF	0	0.218613	158	95	63	0	0	0	0
AF	0	0.218926	146	92	54	0	0	0	0
AF	0	0.219238	160	108	52	0	0	0	0
AF	0	0.219550	148	93	55	0	0	0	0
AF	0	0.219863	148	92	56	0	0	0	0
AF	0	0.220175	172	119	53	0	0	0	0
AF	0	0.220487	148	102	46	0	0	0	0
AF	0	0.220800	161	105	56	0	0	0	0
AF	0	0.221112	138	92	46	0	0	0	0
AF	0	0.221424	180	129	51	0	0	0	0
AF	0	0.221736	139	95	44	0	0	0	0
AF	0	0.222049	175	111	64	0	0	0	0
AF	0	0.222361	164	112	52	0	0	0	0
AF	0	0.222673	190	128	62	0	0	0	0
AF	0	0.222986	151	104	47	0	0	0	0
AF	0	0.223298	183	126	57	0	0	0	0
AF	0	0.223610	142	92	50	0	0	0	0
AF	0	0.223923	140	83	57	0	0	0	0
AF	0	0.224235	132	89	43	0	0	0	0
AF	0	0.224547	137	94	43	0	0	0	0
AF	0	0.224859	175	123	52	0	0	0	0
AF	0	0.225172	141	97	44	0	0	0	0
AF	0	0.225484	125	84	41	0	0	0	0
AF	0	0.225796	172	104	68	0	0	0	0
AF	0	0.226109	140	90	50	0	0	0	0
AF	0	0.226421	140	97	43	0	0	0	0
AF	0	0.226733	145	113	32	0	0	0	0
AF	0	0.227046	140	85	55	0	0	0	0
AF	0	0.227358	167	108	59	0	0	0	0
AF	0	0.227670	148	104	44	0	0	0	0
AF	0	0.227983	159	106	53	0	0	0	0
AF	0	0.228295	151	93	58	0	0	0	0
AF	0	0.228607	140	89	51	0	0	0	0
AF	0	0.228919	142	97	45	0	0	0	0
AF	0	0.229232	131	91	40	0	0	0	0
AF	0	0.229544	168	105	63	0	0	0	0
AF	0	0.229856	134	81	53	0	0	0	0
AF	0	0.230169	121	80	41	0	0	0	0
AF	0	0.230481	170	117	53	0	0	0	0
AF	0	0.230793	125	82	43	0	0	0	0
AF	0	0.231106	153	100	53	0	0	0	0
AF	0	0.231418	154	101	53	0	0	0	0
AF	0	0.231730	161	105	56	0	0	0	0
AF	0	0.232042	132	90	42	0	0	0	0
AF	0	0.232355	134	94	40	0	0	0	0
AF	0	0.232667	152	95	57	0	0	0	0
AF	0	0.232979	141	92	49	0	0	0	0
AF	0	0.233292	163	102	61	0	0	0	0
AF	0	0.233604	139	85	54	0	0	0	0
AF	0	0.233916	150	105	45	0	0	0	0
AF	0	0.234229	129	89	40	0	0	0	0
AF	0	0.234541	123	80	43	0	0	0	0
AF	0	0.234853	124	75	49	0	0	0	0
AF	0	0.235166	118	88	30	0	0	0	0
AF	0	0.235478	131	91	40	0	0	0	0
AF	0	0.235790	120	86	34	0	0	0	0
AF	0	0.236102	128	72	56	0	0	0	0
AF	0	0.236415	131	95	36	0	0	0	0
AF	0	0.236727	146	104	42	0	0	0	0
AF	0	0.237039	137	93	44	0	0	0	0
AF	0	0.237352	148	96	52	0	0	0	0
AF	0	0.237664	128	91	37	0	0	0	0
AF	0	0.237976	145	105	40	0	0	0	0
AF	0	0.238289	132	83	49	0	0	0	0
AF	0	0.238601	161	98	63	0	0	0	0
AF	0	0.238913	171	116	55	0	0	0	0
AF	0	0.239225	137	88	49	0	0	0	0
AF	0	0.239538	121	82	39	0	0	0	0
AF	0	0.239850	145	95	50	0	0	0	0
AF	0	0.240162	148	99	49	0	0	0	0
AF	0	0.240475	150	97	53	0	0	0	0
AF	0	0.240787	132	90	42	0	0	0	0
AF	0	0.241099	164	105	59	0	0	0	0
AF	0	0.241412	125	83	42	0	0	0	0
AF	0	0.241724	135	91	44	0	0	0	0
AF	0	0.242036	131	87	44	0	0	0	0
AF	0	0.242349	129	83	46	0	0	0	0
AF	0	0.242661	138	80	58	0	0	0	0
AF	0	0.242973	130	89	41	0	0	0	0
AF	0	0.243285	165	97	68	0	0	0	0
AF	0	0.243598	137	83	54	0	0	0	0
AF	0	0.243910	138	87	51	0	0	0	0
AF	0	0.244222	141	90	51	0	0	0	0
AF	0	0.244535	125	85	40	0	0	0	0
AF	0	0.244847	151	101	50	0	0	0	0
AF	0	0.245159	160	104	56	0	0	0	0
AF	0	0.245472	116	69	47	0	0	0	0
AF	0	0.245784	120	85	35	0	0	0	0
AF	0	0.246096	104	69	35	0	0	0	0
AF	0	0.246408	119	70	49	0	0	0	0
AF	0	0.246721	137	87	50	0	0	0	0
AF	0	0.247033	127	88	39	0	0	0	0
AF	0	0.247345	137	92	45	0	0	0	0
AF	0	0.247658	154	118	36	0	0	0	0
AF	0	0.247970	133	86	47	0	0	0	0
AF	0	0.248282	146	96	50	0	0	0	0
AF	0	0.248595	150	104	46	0	0	0	0
AF	0	0.248907	131	86	45	0	0	0	0
AF	0	0.249219	111	66	45	0	0	0	0
AF	0	0.249532	134	85	49	0	0	0	0
AF	0	0.249844	115	71	44	0	0	0	0
AF	0	0.250156	120	74	46	0	0	0	0
AF	0	0.250468	128	88	40	0	0	0	0
AF	0	0.250781	123	81	42	0	0	0	0
AF	0	0.251093	135	89	46	0	0	0	0
AF	0	0.251405	109	71	38	0	0	0	0
AF	0	0.251718	111	80	31	0	0	0	0
AF	0	0.252030	124	72	52	0	0	0	0
AF	0	0.252342	127	87	40	0	0	0	0
AF	0	0.252655	151	102	49	0	0	0	0
AF	0	0.252967	132	94	38	0	0	0	0
AF	0	0.253279	135	85	50	0	0	0	0
AF	0	0.253592	125	90	35	0	0	0	0
AF	0	0.253904	156	104	52	0	0	0	0
AF	0	0.254216	139	80	59	0	0	0	0
AF	0	0.254528	163	101	62	0	0	0	0
AF	0	0.254841	147	92	55	0	0	0	0
AF	0	0.255153	109	76	33	0	0	0	0
AF	0	0.255465	123	75	48	0	0	0	0
AF	0	0.255778	134	93	41	0	0	0	0
AF	0	0.256090	139	88	51	0	0	0	0
AF	0	0.256402	136	89	47	0	0	0	0
AF	0	0.256715	122	81	41	0	0	0	0
AF	0	0.257027	118	79	39	0	0	0	0
AF	0	0.257339	135	90	45	0	0	0	0
AF	0	0.257651	116	79	37	0	0	0	0
AF	0	0.257964	123	84	39	0	0	0	0
AF	0	0.258276	129	92	37	0	0	0	0
AF	0	0.258588	142	99	43	0	0	0	0
AF	0	0.258901	138	83	55	0	0	0	0
AF	0	0.259213	140	93	47	0	0	0	0
AF	0	0.259525	174	126	48	0	0	0	0
AF	0	0.259838	143	94	49	0	0	0	0
AF	0	0.260150	130	95	35	0	0	0	0
AF	0	0.260462	173	121	52	0	0	0	0
AF	0	0.260775	138	106	32	0	0	0	0
AF	0	0.261087	130	86	44	0	0	0	0
AF	0	0.261399	123	74	49	0	0	0	0
AF	0	0.261711	129	89	40	0	0	0	0
AF	0	0.262024	140	90	50	0	0	0	0
AF	0	0.262336	144	85	59	0	0	0	0
AF	0	0.262648	147	95	52	0	0	0	0
AF	0	0.262961	147	96	51	0	0	0	0
AF	0	0.263273	128	83	45	0	0	0	0
AF	0	0.263585	118	81	37	0	0	0	0
AF	0	0.263898	115	73	42	0	0	0	0
AF	0	0.264210	132	77	55	0	0	0	0
AF	0	0.264522	151	99	52	0	0	0	0
AF	0	0.264834	108	79	29	0	0	0	0
AF	0	0.265147	131	91	40	0	0	0	0
AF	0	0.265459	143	81	62	0	0	0	0
AF	0	0.265771	107	68	39	0	0	0	0
AF	0	0.266084	158	99	59	0	0	0	0
AF	0	0.266396	138	91	47	0	0	0	0
AF	0	0.266708	153	106	47	0	0	0	0
AF	0	0.267021	127	89	38	0	0	0	0
AF	0	0.267333	126	84	42	0	0	0	0
AF	0	0.267645	116	69	47	0	0	0	0
AF	0	0.267958	132	96	36	0	0	0	0
AF	0	0.268270	118	81	37	0	0	0	0
AF	0	0.268582	129	81	48	0	0	0	0
AF	0	0.268894	120	79	41	0	0	0	0
AF	0	0.269207	117	74	43	0	0	0	0
AF	0	0.269519	103	64	39	0	0	0	0
AF	0	0.269831	122	82	40	0	0	0	0
AF	0	0.270144	132	83	49	0	0	0	0
AF	0	0.270456	112	71	41	0	0	0	0
AF	0	0.270768	113	81	32	0	0	0	0
AF	0	0.271081	125	76	49	0	0	0	0
AF	0	0.271393	114	86	28	0	0	0	0
AF	0	0.271705	130	89	41	0	0	0	0
AF	0	0.272017	137	93	44	0	0	0	0
AF	0	0.272330	101	59	42	0	0	0	0
AF	0	0.272642	115	74	41	0	0	0	0
AF	0	0.272954	115	79	36	0	0	0	0
AF	0	0.273267	119	88	31	0	0	0	0
AF	0	0.273579	121	75	46	0	0	0	0
AF	0	0.273891	117	76	41	0	0	0	0
AF	0	0.274204	108	74	34	0	0	0	0
AF	0	0.274516	103	64	39	0	0	0	0
AF	0	0.274828	99	64	35	0	0	0	0
AF	0	0.275141	109	67	42	0	0	0	0
AF	0	0.275453	75	52	23	0	0	0	0
AF	0	0.275765	114	72	42	0	0	0	0
AF	0	0.276077	120	75	45	0	0	0	0
AF	0	0.276390	140	82	58	0	0	0	0
AF	0	0.276702	154	110	44	0	0	0	0
AF	0	0.277014	115	79	36	0	0	0	0
AF	0	0.277327	111	78	33	0	0	0	0
AF	0	0.277639	100	70	30	0	0	0	0
AF	0	0.277951	112	73	39	0	0	0	0
AF	0	0.278264	105	69	36	0	0	0	0
AF	0	0.278576	123	78	45	0	0	0	0
AF	0	0.278888	116	78	38	0	0	0	0
AF	0	0.279200	124	81	43	0	0	0	0
AF	0	0.279513	134	90	44	0	0	0	0
AF	0	0.279825	154	90	64	0	0	0	0
AF	0	0.280137	156	107	49	0	0	0	0
AF	0	0.280450	122	85	37	0	0	0	0
AF	0	0.280762	118	75	43	0	0	0	0
AF	0	0.281074	133	82	51	0	0	0	0
AF	0	0.281387	105	58	47	0	0	0	0
AF	0	0.281699	111	72	39	0	0	0	0
AF	0	0.282011	130	90	40	0	0	0	0
AF	0	0.282324	115	72	43	0	0	0	0
AF	0	0.282636	117	84	33	0	0	0	0
AF	0	0.282948	144	100	44	0	0	0	0
AF	0	0.283260	124	91	33	0	0	0	0
AF	0	0.283573	127	86	41	0	0	0	0
AF	0	0.283885	99	66	33	0	0	0	0
AF	0	0.284197	115	77	38	0	0	0	0
AF	0	0.284510	114	77	37	0	0	0	0
AF	0	0.284822	102	60	42	0	0	0	0
AF	0	0.285134	107	67	40	0	0	0	0
AF	0	0.285447	115	68	47	0	0	0	0
AF	0	0.285759	160	104	56	0	0	0	0
AF	0	0.286071	136	87	49	0	0	0	0
AF	0	0.286384	119	82	37	0	0	0	0
AF	0	0.286696	92	59	33	0	0	0	0
AF	0	0.287008	88	58	30	0	0	0	0
AF	0	0.287320	111	71	40	0	0	0	0
AF	0	0.287633	106	66	40	0	0	0	0
AF	0	0.287945	142	93	49	0	0	0	0
AF	0	0.288257	110	70	40	0	0	0	0
AF	0	0.288570	147	103	44	0	0	0	0
AF	0	0.288882	145	94	51	0	0	0	0
AF	0	0.289194	149	92	57	0	0	0	0
AF	0	0.289507	148	91	57	0	0	0	0
AF	0	0.289819	123	85	38	0	0	0	0
AF	0	0.290131	125	81	44	0	0	0	0
AF	0	0.290443	136	87	49	0	0	0	0
AF	0	0.290756	138	91	47	0	0	0	0
AF	0	0.291068	130	92	38	0	0	0	0
AF	0	0.291380	127	87	40	0	0	0	0
AF	0	0.291693	105	63	42	0	0	0	0
AF	0	0.292005	103	62	41	0	0	0	0
AF	0	0.292317	115	78	37	0	0	0	0
AF	0	0.292630	95	69	26	0	0	0	0
AF	0	0.292942	114	69	45	0	0	0	0
AF	0	0.293254	96	69	27	0	0	0	0
AF	0	0.293567	115	74	41	0	0	0	0
AF	0	0.293879	124	76	48	0	0	0	0
AF	0	0.294191	119	76	43	0	0	0	0
AF	0	0.294503	131	84	47	0	0	0	0
AF	0	0.294816	123	80	43	0	0	0	0
AF	0	0.295128	99	69	30	0	0	0	0
AF	0	0.295440	129	96	33	0	0	0	0
AF	0	0.295753	102	73	29	0	0	0	0
AF	0	0.296065	109	71	38	0	0	0	0
AF	0	0.296377	96	62	34	0	0	0	0
AF	0	0.296690	118	82	36	0	0	0	0
AF	0	0.297002	111	80	31	0	0	0	0
AF	0	0.297314	102	69	33	0	0	0	0
AF	0	0.297626	146	99	47	0	0	0	0
AF	0	0.297939	129	87	42	0	0	0	0
AF	0	0.298251	123	85	38	0	0	0	0
AF	0	0.298563	90	60	30	0	0	0	0
AF	0	0.298876	147	96	51	0	0	0	0
AF	0	0.299188	118	67	51	0	0	0	0
AF	0	0.299500	123	80	43	0	0	0	0
AF	0	0.299813	108	71	37	0	0	0	0
AF	0	0.300125	108	67	41	0	0	0	0
AF	0	0.300437	105	72	33	0	0	0	0
AF	0	0.300750	128	86	42	0	0	0	0
AF	0	0.301062	138	103	35	0	0	0	0
AF	0	0.301374	107	68	39	0	0	0	0
AF	0	0.301686	96	62	34	0	0	0	0
AF	0	0.301999	126	81	45	0	0	0	0
AF	0	0.302311	133	83	50	0	0	0	0
AF	0	0.302623	136	90	46	0	0	0	0
AF	0	0.302936	102	75	27	0	0	0	0
AF	0	0.303248	117	81	36	0	0	0	0
AF	0	0.303560	114	76	38	0	0	0	0
AF	0	0.303873	125	75	50	0	0	0	0
AF	0	0.304185	110	74	36	0	0	0	0
AF	0	0.304497	110	73	37	0	0	0	0
AF	0	0.304809	100	68	32	0	0	0	0
AF	0	0.305122	120	77	43	0	0	0	0
AF	0	0.305434	151	98	53	0	0	0	0
AF	0	0.305746	104	72	32	0	0	0	0
AF	0	0.306059	85	56	29	0	0	0	0
AF	0	0.306371	118	80	38	0	0	0	0
AF	0	0.306683	134	87	47	0	0	0	0
AF	0	0.306996	114	75	39	0	0	0	0
AF	0	0.307308	134	84	50	0	0	0	0
AF	0	0.307620	119	89	30	0	0	0	0
AF	0	0.307933	140	91	49	0	0	0	0
AF	0	0.308245	104	75	29	0	0	0	0
AF	0	0.308557	101	68	33	0	0	0	0
AF	0	0.308869	104	67	37	0	0	0	0
AF	0	0.309182	111	69	42	0	0	0	0
AF	0	0.309494	86	57	29	0	0	0	0
AF	0	0.309806	102	78	24	0	0	0	0
AF	0	0.310119	135	95	40	0	0	0	0
AF	0	0.310431	89	60	29	0	0	0	0
AF	0	0.310743	111	79	32	0	0	0	0
AF	0	0.311056	77	47	30	0	0	0	0
AF	0	0.311368	103	71	32	0	0	0	0
AF	0	0.311680	84	65	19	0	0	0	0
AF	0	0.311993	105	70	35	0	0	0	0
AF	0	0.312305	117	81	36	0	0	0	0
AF	0	0.312617	118	83	35	0	0	0	0
AF	0	0.312929	75	52	23	0	0	0	0
AF	0	0.313242	87	56	31	0	0	0	0
AF	0	0.313554	82	54	28	0	0	0	0
AF	0	0.313866	119	84	35	0	0	0	0
AF	0	0.314179	114	68	46	0	0	0	0
AF	0	0.314491	92	59	33	0	0	0	0
AF	0	0.314803	116	80	36	0	0	0	0
AF	0	0.315116	108	66	42	0	0	0	0
AF	0	0.315428	108	77	31	0	0	0	0
AF	0	0.315740	85	55	30	0	0	0	0
AF	0	0.316052	96	64	32	0	0	0	0
AF	0	0.316365	123	85	38	0	0	0	0
AF	0	0.316677	100	66	34	0	0	0	0
AF	0	0.316989	112	74	38	0	0	0	0
AF	0	0.317302	105	65	40	0	0	0	0
AF	0	0.317614	91	63	28	0	0	0	0
AF	0	0.317926	93	54	39	0	0	0	0
AF	0	0.318239	105	65	40	0	0	0	0
AF	0	0.318551	106	75	31	0	0	0	0
AF	0	0.318863	122	85	37	0	0	0	0
AF	0	0.319176	91	67	24	0	0	0	0
AF	0	0.319488	90	55	35	0	0	0	0
AF	0	0.319800	88	60	28	0	0	0	0
AF	0	0.320112	113	78	35	0	0	0	0
AF	0	0.320425	132	82	50	0	0	0	0
AF	0	0.320737	111	75	36	0	0	0	0
AF	0	0.321049	123	71	52	0	0	0	0
AF	0	0.321362	107	71	36	0	0	0	0
AF	0	0.321674	114	74	40	0	0	0	0
AF	0	0.321986	142	99	43	0	0	0	0
AF	0	0.322299	116	75	41	0	0	0	0
AF	0	0.322611	128	86	42	0	0	0	0
AF	0	0.322923	104	65	39	0	0	0	0
AF	0	0.323235	78	53	25	0	0	0	0
AF	0	0.323548	113	88	25	0	0	0	0
AF	0	0.323860	123	75	48	0	0	0	0
AF	0	0.324172	87	60	27	0	0	0	0
AF	0	0.324485	83	60	23	0	0	0	0
AF	0	0.324797	99	71	28	0	0	0	0
AF	0	0.325109	90	58	32	0	0	0	0
AF	0	0.325422	91	59	32	0	0	0	0
AF	0	0.325734	102	65	37	0	0	0	0
AF	0	0.326046	104	76	28	0	0	0	0
AF	0	0.326359	116	74	42	0	0	0	0
AF	0	0.326671	86	63	23	0	0	0	0
AF	0	0.326983	116	68	48	0	0	0	0
AF	0	0.327295	81	57	24	0	0	0	0
AF	0	0.327608	100	65	35	0	0	0	0
AF	0	0.327920	105	72	33	0	0	0	0
AF	0	0.328232	93	68	25	0	0	0	0
AF	0	0.328545	118	77	41	0	0	0	0
AF	0	0.328857	117	87	30	0	0	0	0
AF	0	0.329169	110	66	44	0	0	0	0
AF	0	0.329482	87	58	29	0	0	0	0
AF	0	0.329794	118	72	46	0	0	0	0
AF	0	0.330106	107	67	40	0	0	0	0
AF	0	0.330418	117	83	34	0	0	0	0
AF	0	0.330731	94	64	30	0	0	0	0
AF	0	0.331043	75	59	16	0	0	0	0
AF	0	0.331355	81	58	23	0	0	0	0
AF	0	0.331668	85	56	29	0	0	0	0
AF	0	0.331980	92	63	29	0	0	0	0
AF	0	0.332292	110	80	30	0	0	0	0
AF	0	0.332605	99	66	33	0	0	0	0
AF	0	0.332917	114	72	42	0	0	0	0
AF	0	0.333229	114	74	40	0	0	0	0
AF	0	0.333542	111	77	34	0	0	0	0
AF	0	0.333854	99	68	31	0	0	0	0
AF	0	0.334166	102	61	41	0	0	0	0
AF	0	0.334478	96	62	34	0	0	0	0
AF	0	0.334791	106	61	45	0	0	0	0
AF	0	0.335103	81	48	33	0	0	0	0
AF	0	0.335415	81	62	19	0	0	0	0
AF	0	0.335728	111	76	35	0	0	0	0
AF	0	0.336040	87	53	34	0	0	0	0
AF	0	0.336352	103	74	29	0	0	0	0
AF	0	0.336665	96	59	37	0	0	0	0
AF	0	0.336977	91	64	27	0	0	0	0
AF	0	0.337289	78	54	24	0	0	0	0
AF	0	0.337601	90	56	34	0	0	0	0
AF	0	0.337914	79	58	21	0	0	0	0
AF	0	0.338226	97	68	29	0	0	0	0
AF	0	0.338538	126	91	35	0	0	0	0
AF	0	0.338851	89	59	30	0	0	0	0
AF	0	0.339163	91	62	29	0	0	0	0
AF	0	0.339475	93	66	27	0	0	0	0
AF	0	0.339788	85	52	33	0	0	0	0
AF	0	0.340100	126	79	47	0	0	0	0
AF	0	0.340412	112	77	35	0	0	0	0
AF	0	0.340725	99	71	28	0	0	0	0
AF	0	0.341037	86	57	29	0	0	0	0
AF	0	0.341349	94	55	39	0	0	0	0
AF	0	0.341661	108	71	37	0	0	0	0
AF	0	0.341974	103	75	28	0	0	0	0
AF	0	0.342286	88	63	25	0	0	0	0
AF	0	0.342598	91	61	30	0	0	0	0
AF	0	0.342911	95	64	31	0	0	0	0
AF	0	0.343223	105	72	33	0	0	0	0
AF	0	0.343535	88	60	28	0	0	0	0
AF	0	0.343848	65	44	21	0	0	0	0
AF	0	0.344160	71	46	25	0	0	0	0
AF	0	0.344472	106	74	32	0	0	0	0
AF	0	0.344785	110	69	41	0	0	0	0
AF	0	0.345097	85	51	34	0	0	0	0
AF	0	0.345409	85	47	38	0	0	0	0
AF	0	0.345721	76	49	27	0	0	0	0
AF	0	0.346034	97	73	24	0	0	0	0
AF	0	0.346346	76	54	22	0	0	0	0
AF	0	0.346658	92	56	36	0	0	0	0
AF	0	0.346971	82	49	33	0	0	0	0
AF	0	0.347283	73	41	32	0	0	0	0
AF	0	0.347595	82	55	27	0	0	0	0
AF	0	0.347908	82	62	20	0	0	0	0
AF	0	0.348220	97	56	41	0	0	0	0
AF	0	0.348532	93	55	38	0	0	0	0
AF	0	0.348844	80	49	31	0	0	0	0
AF	0	0.349157	88	55	33	0	0	0	0
AF	0	0.349469	95	57	38	0	0	0	0
AF	0	0.349781	92	66	26	0	0	0	0
AF	0	0.350094	75	46	29	0	0	0	0
AF	0	0.350406	66	40	26	0	0	0	0
AF	0	0.350718	68	44	24	0	0	0	0
AF	0	0.351031	89	55	34	0	0	0	0
AF	0	0.351343	97	67	30	0	0	0	0
AF	0	0.351655	83	57	26	0	0	0	0
AF	0	0.351968	70	49	21	0	0	0	0
AF	0	0.352280	97	66	31	0	0	0	0
AF	0	0.352592	83	49	34	0	0	0	0
AF	0	0.352904	96	74	22	0	0	0	0
AF	0	0.353217	76	48	28	0	0	0	0
AF	0	0.353529	85	59	26	0	0	0	0
AF	0	0.353841	77	52	25	0	0	0	0
AF	0	0.354154	74	56	18	0	0	0	0
AF	0	0.354466	76	50	26	0	0	0	0
AF	0	0.354778	81	57	24	0	0	0	0
AF	0	0.355091	83	53	30	0	0	0	0
AF	0	0.355403	84	58	26	0	0	0	0
AF	0	0.355715	76	55	21	0	0	0	0
AF	0	0.356027	78	51	27	0	0	0	0
AF	0	0.356340	78	51	27	0	0	0	0
AF	0	0.356652	94	65	29	0	0	0	0
AF	0	0.356964	97	67	30	0	0	0	0
AF	0	0.357277	86	66	20	0	0	0	0
AF	0	0.357589	94	57	37	0	0	0	0
AF	0	0.357901	93	68	25	0	0	0	0
AF	0	0.358214	79	52	27	0	0	0	0
AF	0	0.358526	91	59	32	0	0	0	0
AF	0	0.358838	105	73	32	0	0	0	0
AF	0	0.359151	100	72	28	0	0	0	0
AF	0	0.359463	94	65	29	0	0	0	0
AF	0	0.359775	91	64	27	0	0	0	0
AF	0	0.360087	104	73	31	0	0	0	0
AF	0	0.360400	88	62	26	0	0	0	0
AF	0	0.360712	86	60	26	0	0	0	0
AF	0	0.361024	69	47	22	0	0	0	0
AF	0	0.361337	76	38	38	0	0	0	0
AF	0	0.361649	72	55	17	0	0	0	0
AF	0	0.361961	86	47	39	0	0	0	0
AF	0	0.362274	84	56	28	0	0	0	0
AF	0	0.362586	68	43	25	0	0	0	0
AF	0	0.362898	79	54	25	0	0	0	0
AF	0	0.363210	80	56	24	0	0	0	0
AF	0	0.363523	90	59	31	0	0	0	0
AF	0	0.363835	63	49	14	0	0	0	0
AF	0	0.364147	71	48	23	0	0	0	0
AF	0	0.364460	82	56	26	0	0	0	0
AF	0	0.364772	81	53	28	0	0	0	0
AF	0	0.365084	91	63	28	0	0	0	0
AF	0	0.365397	76	51	25	0	0	0	0
AF	0	0.365709	94	59	35	0	0	0	0
AF	0	0.366021	89	53	36	0	0	0	0
AF	0	0.366334	69	43	26	0	0	0	0
AF	0	0.366646	76	55	21	0	0	0	0
AF	0	0.366958	98	65	33	0	0	0	0
AF	0	0.367270	89	57	32	0	0	0	0
AF	0	0.367583	83	56	27	0	0	0	0
AF	0	0.367895	63	43	20	0	0	0	0
AF	0	0.368207	64	49	15	0	0	0	0
AF	0	0.368520	92	65	27	0	0	0	0
AF	0	0.368832	71	43	28	0	0	0	0
AF	0	0.369144	73	42	31	0	0	0	0
AF	0	0.369457	79	51	28	0	0	0	0
AF	0	0.369769	83	55	28	0	0	0	0
AF	0	0.370081	93	67	26	0	0	0	0
AF	0	0.370394	93	61	32	0	0	0	0
AF	0	0.370706	77	62	15	0	0	0	0
AF	0	0.371018	81	58	23	0	0	0	0
AF	0	0.371330	71	46	25	0	0	0	0
AF	0	0.371643	86	62	24	0	0	0	0
AF	0	0.371955	75	50	25	0	0	0	0
AF	0	0.372267	77	52	25	0	0	0	0
AF	0	0.372580	64	42	22	0	0	0	0
AF	0	0.372892	78	48	30	0	0	0	0
AF	0	0.373204	88	53	35	0	0	0	0
AF	0	0.373517	100	69	31	0	0	0	0
AF	0	0.373829	62	44	18	0	0	0	0
AF	0	0.374141	120	76	44	0	0	0	0
AF	0	0.374453	93	59	34	0	0	0	0
AF	0	0.374766	107	71	36	0	0	0	0
AF	0	0.375078	76	54	22	0	0	0	0
AF	0	0.375390	94	65	29	0	0	0	0
AF	0	0.375703	92	64	28	0	0	0	0
AF	0	0.376015	91	63	28	0	0	0	0
AF	0	0.376327	90	64	26	0	0	0	0
AF	0	0.376640	135	85	50	0	0	0	0
AF	0	0.376952	82	55	27	0	0	0	0
AF	0	0.377264	91	63	28	0	0	0	0
AF	0	0.377577	91	56	35	0	0	0	0
AF	0	0.377889	94	59	35	0	0	0	0
AF	0	0.378201	103	68	35	0	0	0	0
AF	0	0.378513	81	59	22	0	0	0	0
AF	0	0.378826	80	56	24	0	0	0	0
AF	0	0.379138	109	75	34	0	0	0	0
AF	0	0.379450	84	49	35	0	0	0	0
AF	0	0.379763	73	48	25	0	0	0	0
AF	0	0.380075	114	74	40	0	0	0	0
AF	0	0.380387	106	67	39	0	0	0	0
AF	0	0.380700	68	42	26	0	0	0	0
AF	0	0.381012	94	64	30	0	0	0	0
AF	0	0.381324	84	61	23	0	0	0	0
AF	0	0.381636	84	63	21	0	0	0	0
AF	0	0.381949	73	52	21	0	0	0	0
AF	0	0.382261	111	76	35	0	0	0	0
AF	0	0.382573	98	68	30	0	0	0	0
AF	0	0.382886	82	50	32	0	0	0	0
AF	0	0.383198	82	51	31	0	0	0	0
AF	0	0.383510	101	67	34	0	0	0	0
AF	0	0.383823	85	47	38	0	0	0	0
AF	0	0.384135	81	60	21	0	0	0	0
AF	0	0.384447	91	57	34	0	0	0	0
AF	0	0.384760	101	64	37	0	0	0	0
AF	0	0.385072	102	73	29	0	0	0	0
AF	0	0.385384	96	68	28	0	0	0	0
AF	0	0.385696	95	57	38	0	0	0	0
AF	0	0.386009	97	73	24	0	0	0	0
AF	0	0.386321	92	60	32	0	0	0	0
AF	0	0.386633	92	56	36	0	0	0	0
AF	0	0.386946	81	51	30	0	0	0	0
AF	0	0.387258	76	58	18	0	0	0	0
AF	0	0.387570	119	84	35	0	0	0	0
AF	0	0.387883	105	58	47	0	0	0	0
AF	0	0.388195	83	65	18	0	0	0	0
AF	0	0.388507	79	63	16	0	0	0	0
AF	0	0.388819	93	62	31	0	0	0	0
AF	0	0.389132	102	66	36	0	0	0	0
AF	0	0.389444	90	59	31	0	0	0	0
AF	0	0.389756	112	71	41	0	0	0	0
AF	0	0.390069	102	71	31	0	0	0	0
AF	0	0.390381	113	75	38	0	0	0	0
AF	0	0.390693	85	45	40	0	0	0	0
AF	0	0.391006	81	51	30	0	0	0	0
AF	0	0.391318	95	63	32	0	0	0	0
AF	0	0.391630	75	51	24	0	0	0	0
AF	0	0.391943	133	75	58	0	0	0	0
AF	0	0.392255	75	55	20	0	0	0	0
AF	0	0.392567	69	45	24	0	0	0	0
AF	0	0.392879	97	59	38	0	0	0	0
AF	0	0.393192	118	75	43	0	0	0	0
AF	0	0.393504	100	61	39	0	0	0	0
AF	0	0.393816	115	77	38	0	0	0	0
AF	0	0.394129	96	67	29	0	0	0	0
AF	0	0.394441	95	65	30	0	0	0	0
AF	0	0.394753	102	73	29	0	0	0	0
AF	0	0.395066	103	73	30	0	0	0	0
AF	0	0.395378	83	55	28	0	0	0	0
AF	0	0.395690	92	52	40	0	0	0	0
AF	0	0.396002	84	52	32	0	0	0	0
AF	0	0.396315	101	64	37	0	0	0	0
AF	0	0.396627	70	48	22	0	0	0	0
AF	0	0.396939	94	67	27	0	0	0	0
AF	0	0.397252	87	62	25	0	0	0	0
AF	0	0.397564	85	57	28	0	0	0	0
AF	0	0.397876	85	54	31	0	0	0	0
AF	0	0.398189	99	67	32	0	0	0	0
AF	0	0.398501	83	62	21	0	0	0	0
AF	0	0.398813	85	57	28	0	0	0	0
AF	0	0.399126	94	62	32	0	0	0	0
AF	0	0.399438	104	71	33	0	0	0	0
AF	0	0.399750	74	50	24	0	0	0	0
AF	0	0.400062	97	66	31	0	0	0	0
AF	0	0.400375	86	57	29	0	0	0	0
AF	0	0.400687	83	57	26	0	0	0	0
AF	0	0.400999	86	59	27	0	0	0	0
AF	0	0.401312	112	72	40	0	0	0	0
AF	0	0.401624	89	55	34	0	0	0	0
AF	0	0.401936	109	70	39	0	0	0	0
AF	0	0.402249	80	48	32	0	0	0	0
AF	0	0.402561	92	64	28	0	0	0	0
AF	0	0.402873	64	42	22	0	0	0	0
AF	0	0.403186	95	59	36	0	0	0	0
AF	0	0.403498	98	71	27	0	0	0	0
AF	0	0.403810	70	46	24	0	0	0	0
AF	0	0.404122	89	65	24	0	0	0	0
AF	0	0.404435	92	71	21	0	0	0	0
AF	0	0.404747	86	48	38	0	0	0	0
AF	0	0.405059	78	51	27	0	0	0	0
AF	0	0.405372	58	44	14	0	0	0	0
AF	0	0.405684	70	45	25	0	0	0	0
AF	0	0.405996	77	52	25	0	0	0	0
AF	0	0.406309	96	65	31	0	0	0	0
AF	0	0.406621	68	43	25	0	0	0	0
AF	0	0.406933	68	45	23	0	0	0	0
AF	0	0.407245	90	62	28	0	0	0	0
AF	0	0.407558	122	76	46	0	0	0	0
AF	0	0.407870	74	48	26	0	0	0	0
AF	0	0.408182	91	60	31	0	0	0	0
AF	0	0.408495	95	60	35	0	0	0	0
AF	0	0.408807	113	80	33	0	0	0	0
AF	0	0.409119	95	66	29	0	0	0	0
AF	0	0.409432	68	48	20	0	0	0	0
AF	0	0.409744	68	44	24	0	0	0	0
AF	0	0.410056	85	56	29	0	0	0	0
AF	0	0.410369	76	46	30	0	0	0	0
AF	0	0.410681	71	47	24	0	0	0	0
AF	0	0.410993	71	37	34	0	0	0	0
AF	0	0.411305	79	55	24	0	0	0	0
AF	0	0.411618	61	35	26	0	0	0	0
AF	0	0.411930	84	46	38	0	0	0	0
AF	0	0.412242	69	46	23	0	0	0	0
AF	0	0.412555	98	64	34	0	0	0	0
AF	0	0.412867	113	71	42	0	0	0	0
AF	0	0.413179	88	64	24	0	0	0	0
AF	0	0.413492	83	50	33	0	0	0	0
AF	0	0.413804	101	72	29	0	0	0	0
AF	0	0.414116	119	89	30	0	0	0	0
AF	0	0.414428	90	61	29	0	0	0	0
AF	0	0.414741	73	50	23	0	0	0	0
AF	0	0.415053	79	51	28	0	0	0	0
AF	0	0.415365	82	46	36	0	0	0	0
AF	0	0.415678	87	59	28	0	0	0	0
AF	0	0.415990	67	43	24	0	0	0	0
AF	0	0.416302	77	56	21	0	0	0	0
AF	0	0.416615	96	63	33	0	0	0	0
AF	0	0.416927	62	42	20	0	0	0	0
AF	0	0.417239	83	53	30	0	0	0	0
AF	0	0.417552	66	48	18	0	0	0	0
AF	0	0.417864	75	53	22	0	0	0	0
AF	0	0.418176	69	50	19	0	0	0	0
AF	0	0.418488	67	45	22	0	0	0	0
AF	0	0.418801	59	40	19	0	0	0	0
AF	0	0.419113	64	43	21	0	0	0	0
AF	0	0.419425	71	47	24	0	0	0	0
AF	0	0.419738	78	51	27	0	0	0	0
AF	0	0.420050	63	44	19	0	0	0	0
AF	0	0.420362	74	53	21	0	0	0	0
AF	0	0.420675	75	51	24	0	0	0	0
AF	0	0.420987	84	60	24	0	0	0	0
AF	0	0.421299	71	51	20	0	0	0	0
AF	0	0.421611	57	39	18	0	0	0	0
AF	0	0.421924	64	49	15	0	0	0	0
AF	0	0.422236	79	54	25	0	0	0	0
AF	0	0.422548	90	63	27	0	0	0	0
AF	0	0.422861	61	41	20	0	0	0	0
AF	0	0.423173	82	54	28	0	0	0	0
AF	0	0.423485	75	49	26	0	0	0	0
AF	0	0.423798	76	48	28	0	0	0	0
AF	0	0.424110	62	46	16	0	0	0	0
AF	0	0.424422	85	51	34	0	0	0	0
AF	0	0.424735	65	47	18	0	0	0	0
AF	0	0.425047	66	43	23	0	0	0	0
AF	0	0.425359	57	32	25	0	0	0	0
AF	0	0.425671	71	47	24	0	0	0	0
AF	0	0.425984	49	34	15	0	0	0	0
AF	0	0.426296	59	39	20	0	0	0	0
AF	0	0.426608	89	60	29	0	0	0	0
AF	0	0.426921	60	33	27	0	0	0	0
AF	0	0.427233	81	57	24	0	0	0	0
AF	0	0.427545	81	51	30	0	0	0	0
AF	0	0.427858	81	59	22	0	0	0	0
AF	0	0.428170	66	39	27	0	0	0	0
AF	0	0.428482	81	51	30	0	0	0	0
AF	0	0.428795	75	40	35	0	0	0	0
AF	0	0.429107	80	51	29	0	0	0	0
AF	0	0.429419	63	40	23	0	0	0	0
AF	0	0.429731	72	46	26	0	0	0	0
AF	0	0.430044	88	61	27	0	0	0	0
AF	0	0.430356	75	54	21	0	0	0	0
AF	0	0.430668	84	54	30	0	0	0	0
AF	0	0.430981	90	59	31	0	0	0	0
AF	0	0.431293	76	45	31	0	0	0	0
AF	0	0.431605	74	49	25	0	0	0	0
AF	0	0.431918	68	37	31	0	0	0	0
AF	0	0.432230	95	66	29	0	0	0	0
AF	0	0.432542	79	57	22	0	0	0	0
AF	0	0.432854	68	50	18	0	0	0	0
AF	0	0.433167	62	43	19	0	0	0	0
AF	0	0.433479	64	42	22	0	0	0	0
AF	0	0.433791	93	62	31	0	0	0	0
AF	0	0.434104	105	70	35	0	0	0	0
AF	0	0.434416	87	54	33	0	0	0	0
AF	0	0.434728	73	49	24	0	0	0	0
AF	0	0.435041	74	48	26	0	0	0	0
AF	0	0.435353	56	39	17	0	0	0	0
AF	0	0.435665	69	41	28	0	0	0	0
AF	0	0.435978	75	38	37	0	0	0	0
AF	0	0.436290	102	70	32	0	0	0	0
AF	0	0.436602	91	60	31	0	0	0	0
AF	0	0.436914	70	46	24	0	0	0	0
AF	0	0.437227	85	56	29	0	0	0	0
AF	0	0.437539	73	47	26	0	0	0	0
AF	0	0.437851	64	45	19	0	0	0	0
AF	0	0.438164	69	49	20	0	0	0	0
AF	0	0.438476	77	47	30	0	0	0	0
AF	0	0.438788	73	53	20	0	0	0	0
AF	0	0.439101	78	50	28	0	0	0	0
AF	0	0.439413	67	40	27	0	0	0	0
AF	0	0.439725	66	46	20	0	0	0	0
AF	0	0.440037	72	50	22	0	0	0	0
AF	0	0.440350	75	56	19	0	0	0	0
AF	0	0.440662	87	59	28	0	0	0	0
AF	0	0.440974	49	37	12	0	0	0	0
AF	0	0.441287	71	49	22	0	0	0	0
AF	0	0.441599	70	47	23	0	0	0	0
AF	0	0.441911	81	63	18	0	0	0	0
AF	0	0.442224	76	57	19	0	0	0	0
AF	0	0.442536	74	50	24	0	0	0	0
AF	0	0.442848	69	42	27	0	0	0	0
AF	0	0.443161	55	41	14	0	0	0	0
AF	0	0.443473	96	65	31	0	0	0	0
AF	0	0.443785	76	54	22	0	0	0	0
AF	0	0.444097	53	39	14	0	0	0	0
AF	0	0.444410	62	42	20	0	0	0	0
AF	0	0.444722	81	51	30	0	0	0	0
AF	0	0.445034	63	40	23	0	0	0	0
AF	0	0.445347	75	50	25	0	0	0	0
AF	0	0.445659	76	45	31	0	0	0	0
AF	0	0.445971	69	54	15	0	0	0	0
AF	0	0.446284	59	42	17	0	0	0	0
AF	0	0.446596	74	48	26	0	0	0	0
AF	0	0.446908	65	47	18	0	0	0	0
AF	0	0.447220	82	58	24	0	0	0	0
AF	0	0.447533	82	44	38	0	0	0	0
AF	0	0.447845	54	39	15	0	0	0	0
AF	0	0.448157	65	42	23	0	0	0	0
AF	0	0.448470	77	56	21	0	0	0	0
AF	0	0.448782	62	40	22	0	0	0	0
AF	0	0.449094	70	39	31	0	0	0	0
AF	0	0.449407	77	50	27	0	0	0	0
AF	0	0.449719	74	43	31	0	0	0	0
AF	0	0.450031	73	53	20	0	0	0	0
AF	0	0.450344	68	42	26	0	0	0	0
AF	0	0.450656	69	45	24	0	0	0	0
AF	0	0.450968	63	40	23	0	0	0	0
AF	0	0.451280	64	41	23	0	0	0	0
AF	0	0.451593	47	31	16	0	0	0	0
AF	0	0.451905	55	36	19	0	0	0	0
AF	0	0.452217	63	40	23	0	0	0	0
AF	0	0.452530	52	31	21	0	0	0	0
AF	0	0.452842	45	25	20	0	0	0	0
AF	0	0.453154	59	43	16	0	0	0	0
AF	0	0.453467	71	47	24	0	0	0	0
AF	0	0.453779	62	41	21	0	0	0	0
AF	0	0.454091	70	38	32	0	0	0	0
AF	0	0.454403	74	56	18	0	0	0	0
AF	0	0.454716	63	47	16	0	0	0	0
AF	0	0.455028	58	39	19	0	0	0	0
AF	0	0.455340	51	31	20	0	0	0	0
AF	0	0.455653	64	46	18	0	0	0	0
AF	0	0.455965	62	43	19	0	0	0	0
AF	0	0.456277	46	34	12	0	0	0	0
AF	0	0.456590	66	41	25	0	0	0	0
AF	0	0.456902	48	30	18	0	0	0	0
AF	0	0.457214	67	53	14	0	0	0	0
AF	0	0.457527	48	27	21	0	0	0	0
AF	0	0.457839	50	30	20	0	0	0	0
AF	0	0.458151	53	38	15	0	0	0	0
AF	0	0.458463	72	51	21	0	0	0	0
AF	0	0.458776	74	49	25	0	0	0	0
AF	0	0.459088	74	50	24	0	0	0	0
AF	0	0.459400	72	46	26	0	0	0	0
AF	0	0.459713	70	52	18	0	0	0	0
AF	0	0.460025	73	46	27	0	0	0	0
AF	0	0.460337	61	39	22	0	0	0	0
AF	0	0.460650	67	43	24	0	0	0	0
AF	0	0.460962	84	59	25	0	0	0	0
AF	0	0.461274	61	36	25	0	0	0	0
AF	0	0.461587	60	42	18	0	0	0	0
AF	0	0.461899	70	51	19	0	0	0	0
AF	0	0.462211	88	52	36	0	0	0	0
AF	0	0.462523	77	54	23	0	0	0	0
AF	0	0.462836	71	42	29	0	0	0	0
AF	0	0.463148	65	44	21	0	0	0	0
AF	0	0.463460	71	44	27	0	0	0	0
AF	0	0.463773	60	40	20	0	0	0	0
AF	0	0.464085	73	45	28	0	0	0	0
AF	0	0.464397	65	48	17	0	0	0	0
AF	0	0.464710	59	40	19	0	0	0	0
AF	0	0.465022	64	45	19	0	0	0	0
AF	0	0.465334	57	36	21	0	0	0	0
AF	0	0.465646	59	35	24	0	0	0	0
AF	0	0.465959	70	40	30	0	0	0	0
AF	0	0.466271	64	37	27	0	0	0	0
AF	0	0.466583	69	45	24	0	0	0	0
AF	0	0.466896	71	50	21	0	0	0	0
AF	0	0.467208	65	41	24	0	0	0	0
AF	0	0.467520	59	35	24	0	0	0	0
AF	0	0.467833	53	41	12	0	0	0	0
AF	0	0.468145	73	45	28	0	0	0	0
AF	0	0.468457	41	24	17	0	0	0	0
AF	0	0.468770	45	33	12	0	0	0	0
AF	0	0.469082	74	52	22	0	0	0	0
AF	0	0.469394	49	34	15	0	0	0	0
AF	0	0.469706	66	45	21	0	0	0	0
AF	0	0.470019	82	55	27	0	0	0	0
AF	0	0.470331	57	40	17	0	0	0	0
AF	0	0.470643	79	50	29	0	0	0	0
AF	0	0.470956	62	45	17	0	0	0	0
AF	0	0.471268	64	46	18	0	0	0	0
AF	0	0.471580	68	52	16	0	0	0	0
AF	0	0.471893	58	34	24	0	0	0	0
AF	0	0.472205	62	43	19	0	0	0	0
AF	0	0.472517	62	41	21	0	0	0	0
AF	0	0.472829	59	41	18	0	0	0	0
AF	0	0.473142	63	47	16	0	0	0	0
AF	0	0.473454	56	41	15	0	0	0	0
AF	0	0.473766	69	44	25	0	0	0	0
AF	0	0.474079	51	31	20	0	0	0	0
AF	0	0.474391	86	57	29	0	0	0	0
AF	0	0.474703	114	76	38	0	0	0	0
AF	0	0.475016	51	32	19	0	0	0	0
AF	0	0.475328	75	50	25	0	0	0	0
AF	0	0.475640	72	45	27	0	0	0	0
AF	0	0.475953	72	49	23	0	0	0	0
AF	0	0.476265	69	46	23	0	0	0	0
AF	0	0.476577	53	34	19	0	0	0	0
AF	0	0.476889	68	54	14	0	0	0	0
AF	0	0.477202	62	36	26	0	0	0	0
AF	0	0.477514	57	44	13	0	0	0	0
AF	0	0.477826	81	54	27	0	0	0	0
AF	0	0.478139	78	49	29	0	0	0	0
AF	0	0.478451	63	39	24	0	0	0	0
AF	0	0.478763	76	59	17	0	0	0	0
AF	0	0.479076	74	48	26	0	0	0	0
AF	0	0.479388	66	42	24	0	0	0	0
AF	0	0.479700	52	32	20	0	0	0	0
AF	0	0.480012	58	37	21	0	0	0	0
AF	0	0.480325	82	51	31	0	0	0	0
AF	0	0.480637	71	49	22	0	0	0	0
AF	0	0.480949	67	39	28	0	0	0	0
AF	0	0.481262	57	35	22	0	0	0	0
AF	0	0.481574	62	41	21	0	0	0	0
AF	0	0.481886	71	50	21	0	0	0	0
AF	0	0.482199	63	35	28	0	0	0	0
AF	0	0.482511	47	39	8	0	0	0	0
AF	0	0.482823	49	29	20	0	0	0	0
AF	0	0.483136	66	44	22	0	0	0	0
AF	0	0.483448	63	40	23	0	0	0	0
AF	0	0.483760	52	39	13	0	0	0	0
AF	0	0.484072	72	48	24	0	0	0	0
AF	0	0.484385	110	72	38	0	0	0	0
AF	0	0.484697	79	49	30	0	0	0	0
AF	0	0.485009	65	43	22	0	0	0	0
AF	0	0.485322	69	47	22	0	0	0	0
AF	0	0.485634	68	47	21	0	0	0	0
AF	0	0.485946	88	56	32	0	0	0	0
AF	0	0.486259	46	30	16	0	0	0	0
AF	0	0.486571	53	31	22	0	0	0	0
AF	0	0.486883	49	33	16	0	0	0	0
AF	0	0.487196	67	55	12	0	0	0	0
AF	0	0.487508	67	52	15	0	0	0	0
AF	0	0.487820	65	41	24	0	0	0	0
AF	0	0.488132	73	43	30	0	0	0	0
AF	0	0.488445	75	48	27	0	0	0	0
AF	0	0.488757	50	34	16	0	0	0	0
AF	0	0.489069	69	48	21	0	0	0	0
AF	0	0.489382	53	36	17	0	0	0	0
AF	0	0.489694	66	37	29	0	0	0	0
AF	0	0.490006	48	36	12	0	0	0	0
AF	0	0.490319	82	56	26	0	0	0	0
AF	0	0.490631	75	49	26	0	0	0	0
AF	0	0.490943	76	49	27	0	0	0	0
AF	0	0.491255	70	46	24	0	0	0	0
AF	0	0.491568	75	56	19	0	0	0	0
AF	0	0.491880	63	47	16	0	0	0	0
AF	0	0.492192	71	45	26	0	0	0	0
AF	0	0.492505	77	56	21	0	0	0	0
AF	0	0.492817	55	43	12	0	0	0	0
AF	0	0.493129	59	46	13	0	0	0	0
AF	0	0.493442	54	35	19	0	0	0	0
AF	0	0.493754	59	33	26	0	0	0	0
AF	0	0.494066	78	56	22	0	0	0	0
AF	0	0.494379	54	42	12	0	0	0	0
AF	0	0.494691	48	30	18	0	0	0	0
AF	0	0.495003	51	34	17	0	0	0	0
AF	0	0.495315	50	35	15	0	0	0	0
AF	0	0.495628	69	44	25	0	0	0	0
AF	0	0.495940	68	47	21	0	0	0	0
AF	0	0.496252	52	39	13	0	0	0	0
AF	0	0.496565	55	33	22	0	0	0	0
AF	0	0.496877	50	32	18	0	0	0	0
AF	0	0.497189	54	32	22	0	0	0	0
AF	0	0.497502	67	43	24	0	0	0	0
AF	0	0.497814	46	29	17	0	0	0	0
AF	0	0.498126	56	40	16	0	0	0	0
AF	0	0.498438	64	40	24	0	0	0	0
AF	0	0.498751	70	47	23	0	0	0	0
AF	0	0.499063	52	29	23	0	0	0	0
AF	0	0.499375	46	25	21	0	0	0	0
AF	0	0.499688	90	62	28	0	0	0	0
AF	0	0.500000	59	38	21	0	0	0	0
AF	0	0.500312	80	42	38	0	0	0	0
AF	0	0.500625	69	43	26	0	0	0	0
AF	0	0.500937	62	40	22	0	0	0	0
AF	0	0.501249	61	38	23	0	0	0	0
AF	0	0.501562	69	45	24	0	0	0	0
AF	0	0.501874	47	32	15	0	0	0	0
AF	0	0.502186	65	45	20	0	0	0	0
AF	0	0.502498	74	58	16	0	0	0	0
AF	0	0.502811	69	45	24	0	0	0	0
AF	0	0.503123	93	63	30	0	0	0	0
AF	0	0.503435	52	36	16	0	0	0	0
AF	0	0.503748	53	32	21	0	0	0	0
AF	0	0.504060	72	43	29	0	0	0	0
AF	0	0.504372	59	41	18	0	0	0	0
AF	0	0.504685	72	52	20	0	0	0	0
AF	0	0.504997	81	55	26	0	0	0	0
AF	0	0.505309	64	42	22	0	0	0	0
AF	0	0.505621	61	37	24	0	0	0	0
AF	0	0.505934	60	42	18	0	0	0	0
AF	0	0.506246	50	33	17	0	0	0	0
AF	0	0.506558	48	28	20	0	0	0	0
AF	0	0.506871	58	34	24	0	0	0	0
AF	0	0.507183	55	37	18	0	0	0	0
AF	0	0.507495	57	35	22	0	0	0	0
AF	0	0.507808	59	39	20	0	0	0	0
AF	0	0.508120	51	32	19	0	0	0	0
AF	0	0.508432	68	48	20	0	0	0	0
AF	0	0.508745	77	46	31	0	0	0	0
AF	0	0.509057	66	50	16	0	0	0	0
AF	0	0.509369	61	40	21	0	0	0	0
AF	0	0.509681	64	47	17	0	0	0	0
AF	0	0.509994	69	47	22	0	0	0	0
AF	0	0.510306	61	36	25	0	0	0	0
AF	0	0.510618	59	36	23	0	0	0	0
AF	0	0.510931	70	46	24	0	0	0	0
AF	0	0.511243	74	52	22	0	0	0	0
AF	0	0.511555	56	42	14	0	0	0	0
AF	0	0.511868	60	39	21	0	0	0	0
AF	0	0.512180	58	35	23	0	0	0	0
AF	0	0.512492	67	54	13	0	0	0	0
AF	0	0.512804	70	45	25	0	0	0	0
AF	0	0.513117	62	45	17	0	0	0	0
AF	0	0.513429	87	54	33	0	0	0	0
AF	0	0.513741	91	60	31	0	0	0	0
AF	0	0.514054	80	57	23	0	0	0	0
AF	0	0.514366	72	50	22	0	0	0	0
AF	0	0.514678	81	50	31	0	0	0	0
AF	0	0.514991	59	43	16	0	0	0	0
AF	0	0.515303	69	47	22	0	0	0	0
AF	0	0.515615	59	42	17	0	0	0	0
AF	0	0.515928	67	42	25	0	0	0	0
AF	0	0.516240	67	45	22	0	0	0	0
AF	0	0.516552	59	38	21	0	0	0	0
AF	0	0.516864	65	38	27	0	0	0	0
AF	0	0.517177	91	57	34	0	0	0	0
AF	0	0.517489	78	48	30	0	0	0	0
AF	0	0.517801	74	50	24	0	0	0	0
AF	0	0.518114	83	64	19	0	0	0	0
AF	0	0.518426	57	32	25	0	0	0	0
AF	0	0.518738	64	48	16	0	0	0	0
AF	0	0.519051	67	42	25	0	0	0	0
AF	0	0.519363	79	59	20	0	0	0	0
AF	0	0.519675	62	40	22	0	0	0	0
AF	0	0.519988	56	37	19	0	0	0	0
AF	0	0.520300	67	40	27	0	0	0	0
AF	0	0.520612	64	45	19	0	0	0	0
AF	0	0.520924	60	42	18	0	0	0	0
AF	0	0.521237	66	39	27	0	0	0	0
AF	0	0.521549	62	43	19	0	0	0	0
AF	0	0.521861	73	52	21	0	0	0	0
AF	0	0.522174	90	62	28	0	0	0	0
AF	0	0.522486	98	68	30	0	0	0	0
AF	0	0.522798	78	50	28	0	0	0	0
AF	0	0.523111	66	45	21	0	0	0	0
AF	0	0.523423	72	44	28	0	0	0	0
AF	0	0.523735	79	50	29	0	0	0	0
AF	0	0.524047	74	52	22	0	0	0	0
AF	0	0.524360	75	54	21	0	0	0	0
AF	0	0.524672	79	46	33	0	0	0	0
AF	0	0.524984	68	42	26	0	0	0	0
AF	0	0.525297	70	42	28	0	0	0	0
AF	0	0.525609	65	48	17	0	0	0	0
AF	0	0.525921	82	50	32	0	0	0	0
AF	0	0.526234	74	57	17	0	0	0	0
AF	0	0.526546	73	41	32	0	0	0	0
AF	0	0.526858	49	31	18	0	0	0	0
AF	0	0.527171	66	41	25	0	0	0	0
AF	0	0.527483	60	43	17	0	0	0	0
AF	0	0.527795	76	55	21	0	0	0	0
AF	0	0.528107	127	93	34	0	0	0	0
AF	0	0.528420	107	76	31	0	0	0	0
AF	0	0.528732	81	51	30	0	0	0	0
AF	0	0.529044	74	47	27	0	0	0	0
AF	0	0.529357	58	41	17	0	0	0	0
AF	0	0.529669	44	30	14	0	0	0	0
AF	0	0.529981	62	38	24	0	0	0	0
AF	0	0.530294	73	47	26	0	0	0	0
AF	0	0.530606	71	43	28	0	0	0	0
AF	0	0.530918	68	48	20	0	0	0	0
AF	0	0.531230	52	33	19	0	0	0	0
AF	0	0.531543	61	41	20	0	0	0	0
AF	0	0.531855	54	33	21	0	0	0	0
AF	0	0.532167	65	45	20	0	0	0	0
AF	0	0.532480	71	54	17	0	0	0	0
AF	0	0.532792	46	38	8	0	0	0	0
AF	0	0.533104	57	36	21	0	0	0	0
AF	0	0.533417	65	46	19	0	0	0	0
AF	0	0.533729	64	44	20	0	0	0	0
AF	0	0.534041	59	37	22	0	0	0	0
AF	0	0.534354	68	49	19	0	0	0	0
AF	0	0.534666	52	31	21	0	0	0	0
AF	0	0.534978	47	31	16	0	0	0	0
AF	0	0.535290	60	39	21	0	0	0	0
AF	0	0.535603	53	38	15	0	0	0	0
AF	0	0.535915	61	41	20	0	0	0	0
AF	0	0.536227	49	37	12	0	0	0	0
AF	0	0.536540	52	30	22	0	0	0	0
AF	0	0.536852	66	45	21	0	0	0	0
AF	0	0.537164	50	39	11	0	0	0	0
AF	0	0.537477	51	27	24	0	0	0	0
AF	0	0.537789	47	27	20	0	0	0	0
AF	0	0.538101	37	30	7	0	0	0	0
AF	0	0.538413	59	45	14	0	0	0	0
AF	0	0.538726	54	44	10	0	0	0	0
AF	0	0.539038	69	37	32	0	0	0	0
AF	0	0.539350	57	36	21	0	0	0	0
AF	0	0.539663	47	33	14	0	0	0	0
AF	0	0.539975	53	37	16	0	0	0	0
AF	0	0.540287	65	43	22	0	0	0	0
AF	0	0.540600	49	30	19	0	0	0	0
AF	0	0.540912	68	51	17	0	0	0	0
AF	0	0.541224	64	45	19	0	0	0	0
AF	0	0.541537	67	45	22	0	0	0	0
AF	0	0.541849	62	36	26	0	0	0	0
AF	0	0.542161	50	38	12	0	0	0	0
AF	0	0.542473	54	32	22	0	0	0	0
AF	0	0.542786	50	36	14	0	0	0	0
AF	0	0.543098	66	40	26	0	0	0	0
AF	0	0.543410	39	23	16	0	0	0	0
AF	0	0.543723	56	38	18	0	0	0	0
AF	0	0.544035	71	53	18	0	0	0	0
AF	0	0.544347	59	44	15	0	0	0	0
AF	0	0.544660	88	50	38	0	0	0	0
AF	0	0.544972	61	42	19	0	0	0	0
AF	0	0.545284	54	37	17	0	0	0	0
AF	0	0.545597	87	53	34	0	0	0	0
AF	0	0.545909	56	37	19	0	0	0	0
AF	0	0.546221	55	35	20	0	0	0	0
AF	0	0.546533	60	40	20	0	0	0	0
AF	0	0.546846	66	44	22	0	0	0	0
AF	0	0.547158	58	41	17	0	0	0	0
AF	0	0.547470	56	43	13	0	0	0	0
AF	0	0.547783	56	40	16	0	0	0	0
AF	0	0.548095	50	35	15	0	0	0	0
AF	0	0.548407	42	28	14	0	0	0	0
AF	0	0.548720	62	37	25	0	0	0	0
AF	0	0.549032	61	41	20	0	0	0	0
AF	0	0.549344	49	33	16	0	0	0	0
AF	0	0.549656	62	42	20	0	0	0	0
AF	0	0.549969	61	45	16	0	0	0	0
AF	0	0.550281	85	63	22	0	0	0	0
AF	0	0.550593	68	47	21	0	0	0	0
AF	0	0.550906	49	39	10	0	0	0	0
AF	0	0.551218	48	26	22	0	0	0	0
AF	0	0.551530	62	40	22	0	0	0	0
AF	0	0.551843	67	47	20	0	0	0	0
AF	0	0.552155	64	40	24	0	0	0	0
AF	0	0.552467	51	34	17	0	0	0	0
AF	0	0.552780	62	42	20	0	0	0	0
AF	0	0.553092	59	39	20	0	0	0	0
AF	0	0.553404	60	41	19	0	0	0	0
AF	0	0.553716	43	26	17	0	0	0	0
AF	0	0.554029	56	34	22	0	0	0	0
AF	0	0.554341	63	41	22	0	0	0	0
AF	0	0.554653	36	24	12	0	0	0	0
AF	0	0.554966	58	35	23	0	0	0	0
AF	0	0.555278	58	41	17	0	0	0	0
AF	0	0.555590	68	46	22	0	0	0	0
AF	0	0.555903	47	34	13	0	0	0	0
AF	0	0.556215	68	47	21	0	0	0	0
AF	0	0.556527	64	51	13	0	0	0	0
AF	0	0.556839	77	49	28	0	0	0	0
AF	0	0.557152	64	44	20	0	0	0	0
AF	0	0.557464	83	66	17	0	0	0	0
AF	0	0.557776	90	61	29	0	0	0	0
AF	0	0.558089	64	42	22	0	0	0	0
AF	0	0.558401	67	40	27	0	0	0	0
AF	0	0.558713	69	46	23	0	0	0	0
AF	0	0.559026	68	53	15	0	0	0	0
AF	0	0.559338	79	54	25	0	0	0	0
AF	0	0.559650	77	47	30	0	0	0	0
AF	0	0.559963	52	36	16	0	0	0	0
AF	0	0.560275	47	35	12	0	0	0	0
AF	0	0.560587	63	46	17	0	0	0	0
AF	0	0.560899	51	38	13	0	0	0	0
AF	0	0.561212	68	49	19	0	0	0	0
AF	0	0.561524	50	29	21	0	0	0	0
AF	0	0.561836	54	39	15	0	0	0	0
AF	0	0.562149	44	21	23	0	0	0	0
AF	0	0.562461	77	58	19	0	0	0	0
AF	0	0.562773	51	37	14	0	0	0	0
AF	0	0.563086	63	41	22	0	0	0	0
AF	0	0.563398	55	36	19	0	0	0	0
AF	0	0.563710	47	37	10	0	0	0	0
AF	0	0.564022	65	46	19	0	0	0	0
AF	0	0.564335	90	56	34	0	0	0	0
AF	0	0.564647	56	42	14	0	0	0	0
AF	0	0.564959	53	40	13	0	0	0	0
AF	0	0.565272	52	36	16	0	0	0	0
AF	0	0.565584	58	42	16	0	0	0	0
AF	0	0.565896	67	44	23	0	0	0	0
AF	0	0.566209	62	39	23	0	0	0	0
AF	0	0.566521	53	31	22	0	0	0	0
AF	0	0.566833	55	33	22	0	0	0	0
AF	0	0.567146	73	54	19	0	0	0	0
AF	0	0.567458	59	39	20	0	0	0	0
AF	0	0.567770	51	42	9	0	0	0	0
AF	0	0.568082	52	35	17	0	0	0	0
AF	0	0.568395	65	47	18	0	0	0	0
AF	0	0.568707	71	47	24	0	0	0	0
AF	0	0.569019	56	42	14	0	0	0	0
AF	0	0.569332	51	40	11	0	0	0	0
AF	0	0.569644	68	45	23	0	0	0	0
AF	0	0.569956	54	34	20	0	0	0	0
AF	0	0.570269	59	41	18	0	0	0	0
AF	0	0.570581	48	26	22	0	0	0	0
AF	0	0.570893	46	27	19	0	0	0	0
AF	0	0.571205	50	40	10	0	0	0	0
AF	0	0.571518	64	42	22	0	0	0	0
AF	0	0.571830	53	31	22	0	0	0	0
AF	0	0.572142	47	37	10	0	0	0	0
AF	0	0.572455	46	27	19	0	0	0	0
AF	0	0.572767	60	39	21	0	0	0	0
AF	0	0.573079	55	34	21	0	0	0	0
AF	0	0.573392	64	40	24	0	0	0	0
AF	0	0.573704	49	33	16	0	0	0	0
AF	0	0.574016	49	35	14	0	0	0	0
AF	0	0.574329	55	32	23	0	0	0	0
AF	0	0.574641	51	31	20	0	0	0	0
AF	0	0.574953	46	36	10	0	0	0	0
AF	0	0.575265	54	35	19	0	0	0	0
AF	0	0.575578	53	28	25	0	0	0	0
AF	0	0.575890	30	20	10	0	0	0	0
AF	0	0.576202	50	32	18	0	0	0	0
AF	0	0.576515	49	29	20	0	0	0	0
AF	0	0.576827	49	31	18	0	0	0	0
AF	0	0.577139	54	32	22	0	0	0	0
AF	0	0.577452	50	28	22	0	0	0	0
AF	0	0.577764	57	36	21	0	0	0	0
AF	0	0.578076	45	31	14	0	0	0	0
AF	0	0.578389	37	26	11	0	0	0	0
AF	0	0.578701	28	20	8	0	0	0	0
AF	0	0.579013	39	29	10	0	0	0	0
AF	0	0.579325	59	41	18	0	0	0	0
AF	0	0.579638	44	28	16	0	0	0	0
AF	0	0.579950	40	25	15	0	0	0	0
AF	0	0.580262	58	42	16	0	0	0	0
AF	0	0.580575	48	27	21	0	0	0	0
AF	0	0.580887	43	30	13	0	0	0	0
AF	0	0.581199	54	42	12	0	0	0	0
AF	0	0.581512	63	39	24	0	0	0	0
AF	0	0.581824	60	36	24	0	0	0	0
AF	0	0.582136	39	29	10	0	0	0	0
AF	0	0.582448	47	35	12	0	0	0	0
AF	0	0.582761	63	33	30	0	0	0	0
AF	0	0.583073	54	33	21	0	0	0	0
AF	0	0.583385	58	41	17	0	0	0	0
AF	0	0.583698	48	28	20	0	0	0	0
AF	0	0.584010	40	25	15	0	0	0	0
AF	0	0.584322	58	34	24	0	0	0	0
AF	0	0.584635	61	42	19	0	0	0	0
AF	0	0.584947	40	30	10	0	0	0	0
AF	0	0.585259	35	26	9	0	0	0	0
AF	0	0.585572	29	22	7	0	0	0	0
AF	0	0.585884	52	38	14	0	0	0	0
AF	0	0.586196	45	28	17	0	0	0	0
AF	0	0.586508	39	19	20	0	0	0	0
AF	0	0.586821	41	25	16	0	0	0	0
AF	0	0.587133	42	26	16	0	0	0	0
AF	0	0.587445	44	27	17	0	0	0	0
AF	0	0.587758	45	26	19	0	0	0	0
AF	0	0.588070	44	22	22	0	0	0	0
AF	0	0.588382	51	37	14	0	0	0	0
AF	0	0.588695	43	25	18	0	0	0	0
AF	0	0.589007	51	38	13	0	0	0	0
AF	0	0.589319	45	31	14	0	0	0	0
AF	0	0.589631	52	35	17	0	0	0	0
AF	0	0.589944	58	42	16	0	0	0	0
AF	0	0.590256	60	42	18	0	0	0	0
AF	0	0.590568	54	32	22	0	0	0	0
AF	0	0.590881	66	51	15	0	0	0	0
AF	0	0.591193	52	37	15	0	0	0	0
AF	0	0.591505	62	42	20	0	0	0	0
AF	0	0.591818	54	41	13	0	0	0	0
AF	0	0.592130	45	28	17	0	0	0	0
AF	0	0.592442	45	30	15	0	0	0	0
AF	0	0.592755	58	43	15	0	0	0	0
AF	0	0.593067	56	40	16	0	0	0	0
AF	0	0.593379	47	33	14	0	0	0	0
AF	0	0.593691	68	45	23	0	0	0	0
AF	0	0.594004	51	31	20	0	0	0	0
AF	0	0.594316	52	30	22	0	0	0	0
AF	0	0.594628	45	33	12	0	0	0	0
AF	0	0.594941	64	44	20	0	0	0	0
AF	0	0.595253	49	34	15	0	0	0	0
AF	0	0.595565	58	35	23	0	0	0	0
AF	0	0.595878	56	38	18	0	0	0	0
AF	0	0.596190	48	33	15	0	0	0	0
AF	0	0.596502	56	34	22	0	0	0	0
AF	0	0.596814	56	38	18	0	0	0	0
AF	0	0.597127	53	28	25	0	0	0	0
AF	0	0.597439	61	39	22	0	0	0	0
AF	0	0.597751	57	33	24	0	0	0	0
AF	0	0.598064	44	27	17	0	0	0	0
AF	0	0.598376	57	37	20	0	0	0	0
AF	0	0.598688	60	41	19	0	0	0	0
AF	0	0.599001	58	37	21	0	0	0	0
AF	0	0.599313	50	28	22	0	0	0	0
AF	0	0.599625	43	32	11	0	0	0	0
AF	0	0.599938	54	31	23	0	0	0	0
AF	0	0.600250	60	40	20	0	0	0	0
AF	0	0.600562	47	31	16	0	0	0	0
AF	0	0.600874	65	36	29	0	0	0	0
AF	0	0.601187	63	39	24	0	0	0	0
AF	0	0.601499	43	28	15	0	0	0	0
AF	0	0.601811	53	33	20	0	0	0	0
AF	0	0.602124	58	34	24	0	0	0	0
AF	0	0.602436	71	47	24	0	0	0	0
AF	0	0.602748	58	43	15	0	0	0	0
AF	0	0.603061	53	36	17	0	0	0	0
AF	0	0.603373	49	35	14	0	0	0	0
AF	0	0.603685	64	43	21	0	0	0	0
AF	0	0.603998	43	22	21	0	0	0	0
AF	0	0.604310	59	44	15	0	0	0	0
AF	0	0.604622	52	36	16	0	0	0	0
AF	0	0.604934	54	35	19	0	0	0	0
AF	0	0.605247	64	40	24	0	0	0	0
AF	0	0.605559	46	30	16	0	0	0	0
AF	0	0.605871	44	29	15	0	0	0	0
AF	0	0.606184	39	22	17	0	0	0	0
AF	0	0.606496	58	36	22	0	0	0	0
AF	0	0.606808	49	32	17	0	0	0	0
AF	0	0.607121	67	44	23	0	0	0	0
AF	0	0.607433	37	21	16	0	0	0	0
AF	0	0.607745	45	27	18	0	0	0	0
AF	0	0.608057	76	51	25	0	0	0	0
AF	0	0.608370	49	37	12	0	0	0	0
AF	0	0.608682	44	31	13	0	0	0	0
AF	0	0.608994	63	42	21	0	0	0	0
AF	0	0.609307	61	36	25	0	0	0	0
AF	0	0.609619	57	36	21	0	0	0	0
AF	0	0.609931	66	44	22	0	0	0	0
AF	0	0.610244	67	51	16	0	0	0	0
AF	0	0.610556	75	48	27	0	0	0	0
AF	0	0.610868	50	34	16	0	0	0	0
AF	0	0.611181	53	32	21	0	0	0	0
AF	0	0.611493	86	60	26	0	0	0	0
AF	0	0.611805	55	36	19	0	0	0	0
AF	0	0.612117	60	43	17	0	0	0	0
AF	0	0.612430	44	31	13	0	0	0	0
AF	0	0.612742	65	37	28	0	0	0	0
AF	0	0.613054	48	30	18	0	0	0	0
AF	0	0.613367	51	32	19	0	0	0	0
AF	0	0.613679	91	58	33	0	0	0	0
AF	0	0.613991	55	37	18	0	0	0	0
AF	0	0.614304	58	42	16	0	0	0	0
AF	0	0.614616	51	37	14	0	0	0	0
AF	0	0.614928	63	39	24	0	0	0	0
AF	0	0.615240	46	33	13	0	0	0	0
AF	0	0.615553	57	44	13	0	0	0	0
AF	0	0.615865	52	29	23	0	0	0	0
AF	0	0.616177	67	42	25	0	0	0	0
AF	0	0.616490	53	38	15	0	0	0	0
AF	0	0.616802	44	27	17	0	0	0	0
AF	0	0.617114	41	24	17	0	0	0	0
AF	0	0.617427	50	37	13	0	0	0	0
AF	0	0.617739	49	34	15	0	0	0	0
AF	0	0.618051	49	32	17	0	0	0	0
AF	0	0.618364	46	28	18	0	0	0	0
AF	0	0.618676	60	34	26	0	0	0	0
AF	0	0.618988	61	46	15	0	0	0	0
AF	0	0.619300	57	35	22	0	0	0	0
AF	0	0.619613	67	51	16	0	0	0	0
AF	0	0.619925	54	39	15	0	0	0	0
AF	0	0.620237	56	40	16	0	0	0	0
AF	0	0.620550	48	35	13	0	0	0	0
AF	0	0.620862	64	44	20	0	0	0	0
AF	0	0.621174	57	46	11	0	0	0	0
AF	0	0.621487	44	32	12	0	0	0	0
AF	0	0.621799	52	32	20	0	0	0	0
AF	0	0.622111	64	39	25	0	0	0	0
AF	0	0.622423	78	54	24	0	0	0	0
AF	0	0.622736	55	36	19	0	0	0	0
AF	0	0.623048	59	37	22	0	0	0	0
AF	0	0.623360	40	23	17	0	0	0	0
AF	0	0.623673	50	29	21	0	0	0	0
AF	0	0.623985	45	27	18	0	0	0	0
AF	0	0.624297	52	36	16	0	0	0	0
AF	0	0.624610	51	36	15	0	0	0	0
AF	0	0.624922	58	36	22	0	0	0	0
AF	0	0.625234	57	33	24	0	0	0	0
AF	0	0.625547	61	44	17	0	0	0	0
AF	0	0.625859	62	42	20	0	0	0	0
AF	0	0.626171	29	16	13	0	0	0	0
AF	0	0.626483	47	32	15	0	0	0	0
AF	0	0.626796	61	42	19	0	0	0	0
AF	0	0.627108	42	21	21	0	0	0	0
AF	0	0.627420	55	41	14	0	0	0	0
AF	0	0.627733	72	51	21	0	0	0	0
AF	0	0.628045	54	37	17	0	0	0	0
AF	0	0.628357	46	26	20	0	0	0	0
AF	0	0.628670	50	38	12	0	0	0	0
AF	0	0.628982	52	38	14	0	0	0	0
AF	0	0.629294	56	37	19	0	0	0	0
AF	0	0.629606	53	32	21	0	0	0	0
AF	0	0.629919	65	51	14	0	0	0	0
AF	0	0.630231	57	36	21	0	0	0	0
AF	0	0.630543	50	28	22	0	0	0	0
AF	0	0.630856	60	39	21	0	0	0	0
AF	0	0.631168	57	35	22	0	0	0	0
AF	0	0.631480	61	32	29	0	0	0	0
AF	0	0.631793	80	51	29	0	0	0	0
AF	0	0.632105	47	30	17	0	0	0	0
AF	0	0.632417	47	26	21	0	0	0	0
AF	0	0.632730	49	34	15	0	0	0	0
AF	0	0.633042	86	53	33	0	0	0	0
AF	0	0.633354	72	46	26	0	0	0	0
AF	0	0.633666	54	35	19	0	0	0	0
AF	0	0.633979	48	38	10	0	0	0	0
AF	0	0.634291	41	28	13	0	0	0	0
AF	0	0.634603	60	37	23	0	0	0	0
AF	0	0.634916	67	47	20	0	0	0	0
AF	0	0.635228	41	31	10	0	0	0	0
AF	0	0.635540	48	28	20	0	0	0	0
AF	0	0.635853	54	36	18	0	0	0	0
AF	0	0.636165	45	31	14	0	0	0	0
AF	0	0.636477	61	43	18	0	0	0	0
AF	0	0.636790	46	29	17	0	0	0	0
AF	0	0.637102	49	30	19	0	0	0	0
AF	0	0.637414	63	43	20	0	0	0	0
AF	0	0.637726	69	35	34	0	0	0	0
AF	0	0.638039	44	30	14	0	0	0	0
AF	0	0.638351	55	30	25	0	0	0	0
AF	0	0.638663	52	41	11	0	0	0	0
AF	0	0.638976	47	33	14	0	0	0	0
AF	0	0.639288	42	27	15	0	0	0	0
AF	0	0.639600	59	43	16	0	0	0	0
AF	0	0.639913	52	32	20	0	0	0	0
AF	0	0.640225	53	36	17	0	0	0	0
AF	0	0.640537	46	33	13	0	0	0	0
AF	0	0.640849	70	51	19	0	0	0	0
AF	0	0.641162	55	32	23	0	0	0	0
AF	0	0.641474	46	33	13	0	0	0	0
AF	0	0.641786	49	37	12	0	0	0	0
AF	0	0.642099	42	28	14	0	0	0	0
AF	0	0.642411	47	29	18	0	0	0	0
AF	0	0.642723	55	46	9	0	0	0	0
AF	0	0.643036	44	24	20	0	0	0	0
AF	0	0.643348	43	30	13	0	0	0	0
AF	0	0.643660	40	23	17	0	0	0	0
AF	0	0.643973	54	33	21	0	0	0	0
AF	0	0.644285	48	31	17	0	0	0	0
AF	0	0.644597	43	35	8	0	0	0	0
AF	0	0.644909	36	25	11	0	0	0	0
AF	0	0.645222	44	33	11	0	0	0	0
AF	0	0.645534	55	32	23	0	0	0	0
AF	0	0.645846	41	31	10	0	0	0	0
AF	0	0.646159	50	32	18	0	0	0	0
AF	0	0.646471	53	34	19	0	0	0	0
AF	0	0.646783	45	36	9	0	0	0	0
AF	0	0.647096	51	34	17	0	0	0	0
AF	0	0.647408	47	25	22	0	0	0	0
AF	0	0.647720	44	29	15	0	0	0	0
AF	0	0.648032	43	26	17	0	0	0	0
AF	0	0.648345	39	30	9	0	0	0	0
AF	0	0.648657	37	22	15	0	0	0	0
AF	0	0.648969	39	32	7	0	0	0	0
AF	0	0.649282	36	27	9	0	0	0	0
AF	0	0.649594	55	37	18	0	0	0	0
AF	0	0.649906	50	33	17	0	0	0	0
AF	0	0.650219	59	34	25	0	0	0	0
AF	0	0.650531	38	26	12	0	0	0	0
AF	0	0.650843	47	29	18	0	0	0	0
AF	0	0.651156	38	19	19	0	0	0	0
AF	0	0.651468	42	29	13	0	0	0	0
AF	0	0.651780	57	44	13	0	0	0	0
AF	0	0.652092	56	37	19	0	0	0	0
AF	0	0.652405	85	58	27	0	0	0	0
AF	0	0.652717	49	34	15	0	0	0	0
AF	0	0.653029	37	23	14	0	0	0	0
AF	0	0.653342	44	27	17	0	0	0	0
AF	0	0.653654	45	30	15	0	0	0	0
AF	0	0.653966	34	24	10	0	0	0	0
AF	0	0.654279	41	22	19	0	0	0	0
AF	0	0.654591	33	21	12	0	0	0	0
AF	0	0.654903	84	63	21	0	0	0	0
AF	0	0.655215	44	32	12	0	0	0	0
AF	0	0.655528	39	22	17	0	0	0	0
AF	0	0.655840	35	25	10	0	0	0	0
AF	0	0.656152	40	26	14	0	0	0	0
AF	0	0.656465	60	39	21	0	0	0	0
AF	0	0.656777	38	24	14	0	0	0	0
AF	0	0.657089	42	29	13	0	0	0	0
AF	0	0.657402	56	38	18	0	0	0	0
AF	0	0.657714	48	32	16	0	0	0	0
AF	0	0.658026	45	31	14	0	0	0	0
AF	0	0.658339	40	22	18	0	0	0	0
AF	0	0.658651	45	30	15	0	0	0	0
AF	0	0.658963	43	30	13	0	0	0	0
AF	0	0.659275	36	24	12	0	0	0	0
AF	0	0.659588	43	32	11	0	0	0	0
AF	0	0.659900	44	23	21	0	0	0	0
AF	0	0.660212	31	19	12	0	0	0	0
AF	0	0.660525	51	35	16	0	0	0	0
AF	0	0.660837	58	41	17	0	0	0	0
AF	0	0.661149	55	37	18	0	0	0	0
AF	0	0.661462	55	36	19	0	0	0	0
AF	0	0.661774	47	29	18	0	0	0	0
AF	0	0.662086	56	38	18	0	0	0	0
AF	0	0.662399	64	40	24	0	0	0	0
AF	0	0.662711	48	33	15	0	0	0	0
AF	0	0.663023	54	42	12	0	0	0	0
AF	0	0.663335	52	33	19	0	0	0	0
AF	0	0.663648	50	30	20	0	0	0	0
AF	0	0.663960	50	34	16	0	0	0	0
AF	0	0.664272	51	31	20	0	0	0	0
AF	0	0.664585	50	36	14	0	0	0	0
AF	0	0.664897	54	36	18	0	0	0	0
AF	0	0.665209	50	37	13	0	0	0	0
AF	0	0.665522	46	31	15	0	0	0	0
AF	0	0.665834	49	27	22	0	0	0	0
AF	0	0.666146	61	43	18	0	0	0	0
AF	0	0.666458	51	33	18	0	0	0	0
AF	0	0.666771	69	50	19	0	0	0	0
AF	0	0.667083	60	43	17	0	0	0	0
AF	0	0.667395	64	40	24	0	0	0	0
AF	0	0.667708	60	51	9	0	0	0	0
AF	0	0.668020	47	27	20	0	0	0	0
AF	0	0.668332	42	31	11	0	0	0	0
AF	0	0.668645	43	25	18	0	0	0	0
AF	0	0.668957	51	31	20	0	0	0	0
AF	0	0.669269	45	29	16	0	0	0	0
AF	0	0.669582	50	34	16	0	0	0	0
AF	0	0.669894	51	31	20	0	0	0	0
AF	0	0.670206	52	30	22	0	0	0	0
AF	0	0.670518	49	32	17	0	0	0	0
AF	0	0.670831	52	31	21	0	0	0	0
AF	0	0.671143	58	41	17	0	0	0	0
AF	0	0.671455	46	27	19	0	0	0	0
AF	0	0.671768	53	28	25	0	0	0	0
AF	0	0.672080	68	45	23	0	0	0	0
AF	0	0.672392	76	56	20	0	0	0	0
AF	0	0.672705	69	43	26	0	0	0	0
AF	0	0.673017	50	34	16	0	0	0	0
AF	0	0.673329	45	26	19	0	0	0	0
AF	0	0.673641	48	35	13	0	0	0	0
AF	0	0.673954	48	31	17	0	0	0	0
AF	0	0.674266	59	36	23	0	0	0	0
AF	0	0.674578	54	40	14	0	0	0	0
AF	0	0.674891	77	50	27	0	0	0	0
AF	0	0.675203	77	53	24	0	0	0	0
AF	0	0.675515	79	50	29	0	0	0	0
AF	0	0.675828	56	45	11	0	0	0	0
AF	0	0.676140	54	35	19	0	0	0	0
AF	0	0.676452	65	39	26	0	0	0	0
AF	0	0.676765	73	54	19	0	0	0	0
AF	0	0.677077	75	49	26	0	0	0	0
AF	0	0.677389	111	71	40	0	0	0	0
AF	0	0.677701	99	73	26	0	0	0	0
AF	0	0.678014	91	74	17	0	0	0	0
AF	0	0.678326	60	40	20	0	0	0	0
AF	0	0.678638	38	29	9	0	0	0	0
AF	0	0.678951	50	33	17	0	0	0	0
AF	0	0.679263	51	36	15	0	0	0	0
AF	0	0.679575	47	26	21	0	0	0	0
AF	0	0.679888	43	25	18	0	0	0	0
AF	0	0.680200	36	23	13	0	0	0	0
AF	0	0.680512	42	25	17	0	0	0	0
AF	0	0.680824	34	25	9	0	0	0	0
AF	0	0.681137	64	43	21	0	0	0	0
AF	0	0.681449	55	34	21	0	0	0	0
AF	0	0.681761	50	27	23	0	0	0	0
AF	0	0.682074	48	31	17	0	0	0	0
AF	0	0.682386	42	27	15	0	0	0	0
AF	0	0.682698	39	28	11	0	0	0	0
AF	0	0.683011	36	20	16	0	0	0	0
AF	0	0.683323	41	25	16	0	0	0	0
AF	0	0.683635	52	39	13	0	0	0	0
AF	0	0.683948	39	22	17	0	0	0	0
AF	0	0.684260	45	29	16	0	0	0	0
AF	0	0.684572	46	31	15	0	0	0	0
AF	0	0.684884	45	33	12	0	0	0	0
AF	0	0.685197	43	26	17	0	0	0	0
AF	0	0.685509	35	25	10	0	0	0	0
AF	0	0.685821	54	39	15	0	0	0	0
AF	0	0.686134	43	21	22	0	0	0	0
AF	0	0.686446	60	45	15	0	0	0	0
AF	0	0.686758	44	24	20	0	0	0	0
AF	0	0.687071	53	36	17	0	0	0	0
AF	0	0.687383	50	37	13	0	0	0	0
AF	0	0.687695	63	45	18	0	0	0	0
AF	0	0.688007	40	26	14	0	0	0	0
AF	0	0.688320	44	29	15	0	0	0	0
AF	0	0.688632	62	41	21	0	0	0	0
AF	0	0.688944	58	36	22	0	0	0	0
AF	0	0.689257	46	25	21	0	0	0	0
AF	0	0.689569	47	29	18	0	0	0	0
AF	0	0.689881	60	41	19	0	0	0	0
AF	0	0.690194	67	43	24	0	0	0	0
AF	0	0.690506	59	42	17	0	0	0	0
AF	0	0.690818	58	33	25	0	0	0	0
AF	0	0.691131	50	28	22	0	0	0	0
AF	0	0.691443	52	32	20	0	0	0	0
AF	0	0.691755	49	36	13	0	0	0	0
AF	0	0.692067	50	33	17	0	0	0	0
AF	0	0.692380	107	73	34	0	0	0	0
AF	0	0.692692	63	40	23	0	0	0	0
AF	0	0.693004	60	44	16	0	0	0	0
AF	0	0.693317	48	30	18	0	0	0	0
AF	0	0.693629	56	37	19	0	0	0	0
AF	0	0.693941	71	42	29	0	0	0	0
AF	0	0.694254	51	36	15	0	0	0	0
AF	0	0.694566	56	40	16	0	0	0	0
AF	0	0.694878	59	40	19	0	0	0	0
AF	0	0.695191	60	39	21	0	0	0	0
AF	0	0.695503	51	32	19	0	0	0	0
AF	0	0.695815	61	37	24	0	0	0	0
AF	0	0.696127	71	43	28	0	0	0	0
AF	0	0.696440	34	22	12	0	0	0	0
AF	0	0.696752	40	30	10	0	0	0	0
AF	0	0.697064	34	24	10	0	0	0	0
AF	0	0.697377	38	24	14	0	0	0	0
AF	0	0.697689	40	24	16	0	0	0	0
AF	0	0.698001	34	25	9	0	0	0	0
AF	0	0.698314	39	27	12	0	0	0	0
AF	0	0.698626	32	20	12	0	0	0	0
AF	0	0.698938	39	24	15	0	0	0	0
AF	0	0.699250	30	19	11	0	0	0	0
AF	0	0.699563	44	29	15	0	0	0	0
AF	0	0.699875	37	24	13	0	0	0	0
AF	0	0.700187	62	38	24	0	0	0	0
AF	0	0.700500	47	36	11	0	0	0	0
AF	0	0.700812	37	19	18	0	0	0	0
AF	0	0.701124	49	35	14	0	0	0	0
AF	0	0.701437	50	31	19	0	0	0	0
AF	0	0.701749	49	34	15	0	0	0	0
AF	0	0.702061	60	44	16	0	0	0	0
AF	0	0.702374	46	31	15	0	0	0	0
AF	0	0.702686	48	34	14	0	0	0	0
AF	0	0.702998	50	35	15	0	0	0	0
AF	0	0.703310	48	32	16	0	0	0	0
AF	0	0.703623	49	32	17	0	0	0	0
AF	0	0.703935	56	39	17	0	0	0	0
AF	0	0.704247	54	38	16	0	0	0	0
AF	0	0.704560	48	29	19	0	0	0	0
AF	0	0.704872	73	55	18	0	0	0	0
AF	0	0.705184	64	37	27	0	0	0	0
AF	0	0.705497	38	23	15	0	0	0	0
AF	0	0.705809	44	25	19	0	0	0	0
AF	0	0.706121	51	37	14	0	0	0	0
AF	0	0.706433	54	34	20	0	0	0	0
AF	0	0.706746	63	36	27	0	0	0	0
AF	0	0.707058	54	37	17	0	0	0	0
AF	0	0.707370	60	31	29	0	0	0	0
AF	0	0.707683	45	27	18	0	0	0	0
AF	0	0.707995	51	34	17	0	0	0	0
AF	0	0.708307	36	17	19	0	0	0	0
AF	0	0.708620	43	29	14	0	0	0	0
AF	0	0.708932	54	38	16	0	0	0	0
AF	0	0.709244	35	21	14	0	0	0	0
AF	0	0.709557	56	39	17	0	0	0	0
AF	0	0.709869	42	21	21	0	0	0	0
AF	0	0.710181	40	26	14	0	0	0	0
AF	0	0.710493	47	38	9	0	0	0	0
AF	0	0.710806	66	42	24	0	0	0	0
AF	0	0.711118	57	39	18	0	0	0	0
AF	0	0.711430	52	37	15	0	0	0	0
AF	0	0.711743	40	27	13	0	0	0	0
AF	0	0.712055	40	28	12	0	0	0	0
AF	0	0.712367	36	21	15	0	0	0	0
AF	0	0.712680	41	26	15	0	0	0	0
AF	0	0.712992	48	32	16	0	0	0	0
AF	0	0.713304	43	34	9	0	0	0	0
AF	0	0.713616	55	43	12	0	0	0	0
AF	0	0.713929	49	19	30	0	0	0	0
AF	0	0.714241	45	35	10	0	0	0	0
AF	0	0.714553	50	33	17	0	0	0	0
AF	0	0.714866	45	27	18	0	0	0	0
AF	0	0.715178	41	30	11	0	0	0	0
AF	0	0.715490	36	22	14	0	0	0	0
AF	0	0.715803	56	32	24	0	0	0	0
AF	0	0.716115	53	40	13	0	0	0	0
AF	0	0.716427	44	29	15	0	0	0	0
AF	0	0.716740	42	25	17	0	0	0	0
AF	0	0.717052	34	24	10	0	0	0	0
AF	0	0.717364	34	18	16	0	0	0	0
AF	0	0.717676	45	28	17	0	0	0	0
AF	0	0.717989	30	24	6	0	0	0	0
AF	0	0.718301	34	26	8	0	0	0	0
AF	0	0.718613	45	31	14	0	0	0	0
AF	0	0.718926	39	25	14	0	0	0	0
AF	0	0.719238	34	24	10	0	0	0	0
AF	0	0.719550	38	23	15	0	0	0	0
AF	0	0.719863	25	19	6	0	0	0	0
AF	0	0.720175	50	32	18	0	0	0	0
AF	0	0.720487	63	53	10	0	0	0	0
AF	0	0.720800	37	25	12	0	0	0	0
AF	0	0.721112	31	23	8	0	0	0	0
AF	0	0.721424	33	22	11	0	0	0	0
AF	0	0.721736	33	18	15	0	0	0	0
AF	0	0.722049	34	21	13	0	0	0	0
AF	0	0.722361	33	20	13	0	0	0	0
AF	0	0.722673	37	22	15	0	0	0	0
AF	0	0.722986	31	21	10	0	0	0	0
AF	0	0.723298	36	29	7	0	0	0	0
AF	0	0.723610	37	23	14	0	0	0	0
AF	0	0.723923	44	32	12	0	0	0	0
AF	0	0.724235	43	30	13	0	0	0	0
AF	0	0.724547	52	38	14	0	0	0	0
AF	0	0.724859	38	28	10	0	0	0	0
AF	0	0.725172	28	21	7	0	0	0	0
AF	0	0.725484	36	17	19	0	0	0	0
AF	0	0.725796	42	26	16	0	0	0	0
AF	0	0.726109	54	36	18	0	0	0	0
AF	0	0.726421	40	27	13	0	0	0	0
AF	0	0.726733	22	15	7	0	0	0	0
AF	0	0.727046	39	20	19	0	0	0	0
AF	0	0.727358	53	39	14	0	0	0	0
AF	0	0.727670	41	28	13	0	0	0	0
AF	0	0.727983	50	31	19	0	0	0	0
AF	0	0.728295	44	30	14	0	0	0	0
AF	0	0.728607	49	36	13	0	0	0	0
AF	0	0.728919	39	19	20	0	0	0	0
AF	0	0.729232	33	25	8	0	0	0	0
AF	0	0.729544	59	43	16	0	0	0	0
AF	0	0.729856	68	44	24	0	0	0	0
AF	0	0.730169	71	52	19	0	0	0	0
AF	0	0.730481	44	29	15	0	0	0	0
AF	0	0.730793	36	20	16	0	0	0	0
AF	0	0.731106	40	24	16	0	0	0	0
AF	0	0.731418	44	31	13	0	0	0	0
AF	0	0.731730	53	26	27	0	0	0	0
AF	0	0.732042	37	20	17	0	0	0	0
AF	0	0.732355	37	25	12	0	0	0	0
AF	0	0.732667	38	28	10	0	0	0	0
AF	0	0.732979	49	29	20	0	0	0	0
AF	0	0.733292	44	30	14	0	0	0	0
AF	0	0.733604	32	26	6	0	0	0	0
AF	0	0.733916	66	45	21	0	0	0	0
AF	0	0.734229	44	25	19	0	0	0	0
AF	0	0.734541	49	34	15	0	0	0	0
AF	0	0.734853	44	34	10	0	0	0	0
AF	0	0.735166	54	34	20	0	0	0	0
AF	0	0.735478	54	42	12	0	0	0	0
AF	0	0.735790	58	37	21	0	0	0	0
AF	0	0.736102	55	34	21	0	0	0	0
AF	0	0.736415	64	38	26	0	0	0	0
AF	0	0.736727	40	28	12	0	0	0	0
AF	0	0.737039	45	27	18	0	0	0	0
AF	0	0.737352	50	32	18	0	0	0	0
AF	0	0.737664	70	42	28	0	0	0	0
AF	0	0.737976	59	46	13	0	0	0	0
AF	0	0.738289	49	32	17	0	0	0	0
AF	0	0.738601	72	46	26	0	0	0	0
AF	0	0.738913	55	37	18	0	0	0	0
AF	0	0.739225	71	43	28	0	0	0	0
AF	0	0.739538	42	21	21	0	0	0	0
AF	0	0.739850	50	31	19	0	0	0	0
AF	0	0.740162	68	45	23	0	0	0	0
AF	0	0.740475	56	34	22	0	0	0	0
AF	0	0.740787	48	26	22	0	0	0	0
AF	0	0.741099	45	33	12	0	0	0	0
AF	0	0.741412	34	26	8	0	0	0	0
AF	0	0.741724	47	34	13	0	0	0	0
AF	0	0.742036	54	35	19	0	0	0	0
AF	0	0.742349	46	32	14	0	0	0	0
AF	0	0.742661	48	28	20	0	0	0	0
AF	0	0.742973	51	35	16	0	0	0	0
AF	0	0.743285	46	33	13	0	0	0	0
AF	0	0.743598	39	26	13	0	0	0	0
AF	0	0.743910	40	25	15	0	0	0	0
AF	0	0.744222	33	21	12	0	0	0	0
AF	0	0.744535	52	32	20	0	0	0	0
AF	0	0.744847	36	24	12	0	0	0	0
AF	0	0.745159	40	23	17	0	0	0	0
AF	0	0.745472	34	24	10	0	0	0	0
AF	0	0.745784	44	29	15	0	0	0	0
AF	0	0.746096	35	22	13	0	0	0	0
AF	0	0.746408	72	50	22	0	0	0	0
AF	0	0.746721	62	48	14	0	0	0	0
AF	0	0.747033	54	36	18	0	0	0	0
AF	0	0.747345	38	29	9	0	0	0	0
AF	0	0.747658	41	25	16	0	0	0	0
AF	0	0.747970	33	24	9	0	0	0	0
AF	0	0.748282	39	24	15	0	0	0	0
AF	0	0.748595	50	35	15	0	0	0	0
AF	0	0.748907	42	26	16	0	0	0	0
AF	0	0.749219	55	34	21	0	0	0	0
AF	0	0.749532	56	33	23	0	0	0	0
AF	0	0.749844	45	34	11	0	0	0	0
AF	0	0.750156	38	21	17	0	0	0	0
AF	0	0.750468	38	24	14	0	0	0	0
AF	0	0.750781	35	24	11	0	0	0	0
AF	0	0.751093	48	26	22	0	0	0	0
AF	0	0.751405	54	35	19	0	0	0	0
AF	0	0.751718	54	37	17	0	0	0	0
AF	0	0.752030	43	29	14	0	0	0	0
AF	0	0.752342	37	24	13	0	0	0	0
AF	0	0.752655	39	23	16	0	0	0	0
AF	0	0.752967	43	27	16	0	0	0	0
AF	0	0.753279	83	52	31	0	0	0	0
AF	0	0.753592	71	45	26	0	0	0	0
AF	0	0.753904	44	35	9	0	0	0	0
AF	0	0.754216	38	29	9	0	0	0	0
AF	0	0.754528	42	33	9	0	0	0	0
AF	0	0.754841	40	24	16	0	0	0	0
AF	0	0.755153	32	18	14	0	0	0	0
AF	0	0.755465	32	18	14	0	0	0	0
AF	0	0.755778	32	24	8	0	0	0	0
AF	0	0.756090	49	32	17	0	0	0	0
AF	0	0.756402	45	26	19	0	0	0	0
AF	0	0.756715	38	23	15	0	0	0	0
AF	0	0.757027	40	29	11	0	0	0	0
AF	0	0.757339	41	33	8	0	0	0	0
AF	0	0.757651	49	25	24	0	0	0	0
AF	0	0.757964	41	28	13	0	0	0	0
AF	0	0.758276	47	30	17	0	0	0	0
AF	0	0.758588	51	41	10	0	0	0	0
AF	0	0.758901	38	23	15	0	0	0	0
AF	0	0.759213	61	38	23	0	0	0	0
AF	0	0.759525	45	28	17	0	0	0	0
AF	0	0.759838	34	23	11	0	0	0	0
AF	0	0.760150	42	27	15	0	0	0	0
AF	0	0.760462	49	35	14	0	0	0	0
AF	0	0.760775	43	27	16	0	0	0	0
AF	0	0.761087	33	22	11	0	0	0	0
AF	0	0.761399	39	27	12	0	0	0	0
AF	0	0.761711	34	25	9	0	0	0	0
AF	0	0.762024	41	27	14	0	0	0	0
AF	0	0.762336	36	29	7	0	0	0	0
AF	0	0.762648	33	24	9	0	0	0	0
AF	0	0.762961	39	24	15	0	0	0	0
AF	0	0.763273	61	39	22	0	0	0	0
AF	0	0.763585	53	36	17	0	0	0	0
AF	0	0.763898	47	37	10	0	0	0	0
AF	0	0.764210	56	37	19	0	0	0	0
AF	0	0.764522	45	32	13	0	0	0	0
AF	0	0.764834	42	21	21	0	0	0	0
AF	0	0.765147	40	25	15	0	0	0	0
AF	0	0.765459	37	23	14	0	0	0	0
AF	0	0.765771	50	37	13	0	0	0	0
AF	0	0.766084	22	15	7	0	0	0	0
AF	0	0.766396	33	21	12	0	0	0	0
AF	0	0.766708	20	10	10	0	0	0	0
AF	0	0.767021	32	21	11	0	0	0	0
AF	0	0.767333	38	22	16	0	0	0	0
AF	0	0.767645	36	22	14	0	0	0	0
AF	0	0.767958	28	21	7	0	0	0	0
AF	0	0.768270	37	25	12	0	0	0	0
AF	0	0.768582	34	20	14	0	0	0	0
AF	0	0.768894	42	31	11	0	0	0	0
AF	0	0.769207	57	37	20	0	0	0	0
AF	0	0.769519	65	46	19	0	0	0	0
AF	0	0.769831	44	28	16	0	0	0	0
AF	0	0.770144	38	29	9	0	0	0	0
AF	0	0.770456	40	24	16	0	0	0	0
AF	0	0.770768	39	25	14	0	0	0	0
AF	0	0.771081	35	22	13	0	0	0	0
AF	0	0.771393	43	32	11	0	0	0	0
AF	0	0.771705	36	26	10	0	0	0	0
AF	0	0.772017	29	22	7	0	0	0	0
AF	0	0.772330	35	19	16	0	0	0	0
AF	0	0.772642	35	27	8	0	0	0	0
AF	0	0.772954	34	19	15	0	0	0	0
AF	0	0.773267	46	25	21	0	0	0	0
AF	0	0.773579	53	40	13	0	0	0	0
AF	0	0.773891	42	22	20	0	0	0	0
AF	0	0.774204	47	29	18	0	0	0	0
AF	0	0.774516	42	28	14	0	0	0	0
AF	0	0.774828	55	34	21	0	0	0	0
AF	0	0.775141	47	30	17	0	0	0	0
AF	0	0.775453	49	29	20	0	0	0	0
AF	0	0.775765	38	27	11	0	0	0	0
AF	0	0.776077	31	20	11	0	0	0	0
AF	0	0.776390	40	25	15	0	0	0	0
AF	0	0.776702	48	26	22	0	0	0	0
AF	0	0.777014	44	29	15	0	0	0	0
AF	0	0.777327	56	38	18	0	0	0	0
AF	0	0.777639	51	36	15	0	0	0	0
AF	0	0.777951	51	34	17	0	0	0	0
AF	0	0.778264	65	44	21	0	0	0	0
AF	0	0.778576	39	25	14	0	0	0	0
AF	0	0.778888	54	40	14	0	0	0	0
AF	0	0.779200	55	27	28	0	0	0	0
AF	0	0.779513	62	42	20	0	0	0	0
AF	0	0.779825	46	27	19	0	0	0	0
AF	0	0.780137	56	36	20	0	0	0	0
AF	0	0.780450	48	39	9	0	0	0	0
AF	0	0.780762	56	36	20	0	0	0	0
AF	0	0.781074	43	27	16	0	0	0	0
AF	0	0.781387	56	37	19	0	0	0	0
AF	0	0.781699	48	30	18	0	0	0	0
AF	0	0.782011	58	43	15	0	0	0	0
AF	0	0.782324	40	31	9	0	0	0	0
AF	0	0.782636	44	27	17	0	0	0	0
AF	0	0.782948	43	27	16	0	0	0	0
AF	0	0.783260	38	28	10	0	0	0	0
AF	0	0.783573	50	30	20	0	0	0	0
AF	0	0.783885	36	23	13	0	0	0	0
AF	0	0.784197	30	22	8	0	0	0	0
AF	0	0.784510	41	27	14	0	0	0	0
AF	0	0.784822	37	24	13	0	0	0	0
AF	0	0.785134	27	15	12	0	0	0	0
AF	0	0.785447	45	29	16	0	0	0	0
AF	0	0.785759	53	40	13	0	0	0	0
AF	0	0.786071	33	22	11	0	0	0	0
AF	0	0.786384	43	32	11	0	0	0	0
AF	0	0.786696	38	27	11	0	0	0	0
AF	0	0.787008	36	21	15	0	0	0	0
AF	0	0.787320	44	26	18	0	0	0	0
AF	0	0.787633	41	27	14	0	0	0	0
AF	0	0.787945	43	21	22	0	0	0	0
AF	0	0.788257	58	40	18	0	0	0	0
AF	0	0.788570	42	29	13	0	0	0	0
AF	0	0.788882	50	34	16	0	0	0	0
AF	0	0.789194	40	24	16	0	0	0	0
AF	0	0.789507	39	21	18	0	0	0	0
AF	0	0.789819	32	23	9	0	0	0	0
AF	0	0.790131	54	36	18	0	0	0	0
AF	0	0.790443	80	62	18	0	0	0	0
AF	0	0.790756	49	34	15	0	0	0	0
AF	0	0.791068	58	39	19	0	0	0	0
AF	0	0.791380	34	22	12	0	0	0	0
AF	0	0.791693	45	29	16	0	0	0	0
AF	0	0.792005	44	28	16	0	0	0	0
AF	0	0.792317	35	20	15	0	0	0	0
AF	0	0.792630	42	24	18	0	0	0	0
AF	0	0.792942	37	23	14	0	0	0	0
AF	0	0.793254	60	46	14	0	0	0	0
AF	0	0.793567	53	35	18	0	0	0	0
AF	0	0.793879	40	29	11	0	0	0	0
AF	0	0.794191	42	23	19	0	0	0	0
AF	0	0.794503	47	25	22	0	0	0	0
AF	0	0.794816	39	28	11	0	0	0	0
AF	0	0.795128	37	25	12	0	0	0	0
AF	0	0.795440	35	26	9	0	0	0	0
AF	0	0.795753	35	23	12	0	0	0	0
AF	0	0.796065	48	27	21	0	0	0	0
AF	0	0.796377	48	33	15	0	0	0	0
AF	0	0.796690	30	20	10	0	0	0	0
AF	0	0.797002	47	31	16	0	0	0	0
AF	0	0.797314	30	22	8	0	0	0	0
AF	0	0.797626	34	20	14	0	0	0	0
AF	0	0.797939	50	36	14	0	0	0	0
AF	0	0.798251	41	27	14	0	0	0	0
AF	0	0.798563	69	41	28	0	0	0	0
AF	0	0.798876	39	26	13	0	0	0	0
AF	0	0.799188	30	19	11	0	0	0	0
AF	0	0.799500	33	23	10	0	0	0	0
AF	0	0.799813	35	25	10	0	0	0	0
AF	0	0.800125	37	26	11	0	0	0	0
AF	0	0.800437	35	27	8	0	0	0	0
AF	0	0.800750	47	32	15	0	0	0	0
AF	0	0.801062	32	20	12	0	0	0	0
AF	0	0.801374	55	35	20	0	0	0	0
AF	0	0.801686	43	30	13	0	0	0	0
AF	0	0.801999	28	16	12	0	0	0	0
AF	0	0.802311	33	20	13	0	0	0	0
AF	0	0.802623	24	16	8	0	0	0	0
AF	0	0.802936	30	19	11	0	0	0	0
AF	0	0.803248	34	21	13	0	0	0	0
AF	0	0.803560	42	27	15	0	0	0	0
AF	0	0.803873	36	24	12	0	0	0	0
AF	0	0.804185	36	22	14	0	0	0	0
AF	0	0.804497	32	20	12	0	0	0	0
AF	0	0.804809	30	26	4	0	0	0	0
AF	0	0.805122	36	25	11	0	0	0	0
AF	0	0.805434	45	24	21	0	0	0	0
AF	0	0.805746	48	35	13	0	0	0	0
AF	0	0.806059	45	32	13	0	0	0	0
AF	0	0.806371	41	27	14	0	0	0	0
AF	0	0.806683	35	20	15	0	0	0	0
AF	0	0.806996	30	17	13	0	0	0	0
AF	0	0.807308	42	26	16	0	0	0	0
AF	0	0.807620	34	26	8	0	0	0	0
AF	0	0.807933	38	26	12	0	0	0	0
AF	0	0.808245	40	33	7	0	0	0	0
AF	0	0.808557	48	32	16	0	0	0	0
AF	0	0.808869	32	22	10	0	0	0	0
AF	0	0.809182	34	20	14	0	0	0	0
AF	0	0.809494	35	26	9	0	0	0	0
AF	0	0.809806	27	12	15	0	0	0	0
AF	0	0.810119	34	25	9	0	0	0	0
AF	0	0.810431	48	34	14	0	0	0	0
AF	0	0.810743	47	34	13	0	0	0	0
AF	0	0.811056	67	45	22	0	0	0	0
AF	0	0.811368	49	31	18	0	0	0	0
AF	0	0.811680	51	34	17	0	0	0	0
AF	0	0.811993	35	20	15	0	0	0	0
AF	0	0.812305	49	37	12	0	0	0	0
AF	0	0.812617	58	34	24	0	0	0	0
AF	0	0.812929	56	35	21	0	0	0	0
AF	0	0.813242	39	29	10	0	0	0	0
AF	0	0.813554	36	21	15	0	0	0	0
AF	0	0.813866	27	16	11	0	0	0	0
AF	0	0.814179	31	19	12	0	0	0	0
AF	0	0.814491	28	20	8	0	0	0	0
AF	0	0.814803	29	17	12	0	0	0	0
AF	0	0.815116	38	25	13	0	0	0	0
AF	0	0.815428	22	14	8	0	0	0	0
AF	0	0.815740	40	22	18	0	0	0	0
AF	0	0.816052	26	16	10	0	0	0	0
AF	0	0.816365	45	26	19	0	0	0	0
AF	0	0.816677	39	25	14	0	0	0	0
AF	0	0.816989	41	26	15	0	0	0	0
AF	0	0.817302	31	23	8	0	0	0	0
AF	0	0.817614	51	33	18	0	0	0	0
AF	0	0.817926	38	25	13	0	0	0	0
AF	0	0.818239	37	23	14	0	0	0	0
AF	0	0.818551	36	23	13	0	0	0	0
AF	0	0.818863	31	22	9	0	0	0	0
AF	0	0.819176	50	38	12	0	0	0	0
AF	0	0.819488	49	35	14	0	0	0	0
AF	0	0.819800	54	39	15	0	0	0	0
AF	0	0.820112	38	24	14	0	0	0	0
AF	0	0.820425	75	53	22	0	0	0	0
AF	0	0.820737	45	33	12	0	0	0	0
AF	0	0.821049	33	25	8	0	0	0	0
AF	0	0.821362	33	23	10	0	0	0	0
AF	0	0.821674	52	38	14	0	0	0	0
AF	0	0.821986	49	36	13	0	0	0	0
AF	0	0.822299	26	21	5	0	0	0	0
AF	0	0.822611	35	27	8	0	0	0	0
AF	0	0.822923	36	25	11	0	0	0	0
AF	0	0.823235	42	25	17	0	0	0	0
AF	0	0.823548	46	32	14	0	0	0	0
AF	0	0.823860	38	26	12	0	0	0	0
AF	0	0.824172	39	26	13	0	0	0	0
AF	0	0.824485	31	23	8	0	0	0	0
AF	0	0.824797	42	29	13	0	0	0	0
AF	0	0.825109	38	26	12	0	0	0	0
AF	0	0.825422	29	22	7	0	0	0	0
AF	0	0.825734	29	21	8	0	0	0	0
AF	0	0.826046	29	21	8	0	0	0	0
AF	0	0.826359	35	24	11	0	0	0	0
AF	0	0.826671	33	21	12	0	0	0	0
AF	0	0.826983	39	29	10	0	0	0	0
AF	0	0.827295	39	22	17	0	0	0	0
AF	0	0.827608	52	36	16	0	0	0	0
AF	0	0.827920	48	32	16	0	0	0	0
AF	0	0.828232	42	28	14	0	0	0	0
AF	0	0.828545	22	15	7	0	0	0	0
AF	0	0.828857	28	17	11	0	0	0	0
AF	0	0.829169	36	25	11	0	0	0	0
AF	0	0.829482	32	26	6	0	0	0	0
AF	0	0.829794	37	20	17	0	0	0	0
AF	0	0.830106	28	18	10	0	0	0	0
AF	0	0.830418	45	24	21	0	0	0	0
AF	0	0.830731	32	24	8	0	0	0	0
AF	0	0.831043	36	23	13	0	0	0	0
AF	0	0.831355	31	18	13	0	0	0	0
AF	0	0.831668	35	21	14	0	0	0	0
AF	0	0.831980	33	21	12	0	0	0	0
AF	0	0.832292	31	24	7	0	0	0	0
AF	0	0.832605	38	26	12	0	0	0	0
AF	0	0.832917	33	21	12	0	0	0	0
AF	0	0.833229	34	22	12	0	0	0	0
AF	0	0.833542	36	22	14	0	0	0	0
AF	0	0.833854	39	26	13	0	0	0	0
AF	0	0.834166	29	20	9	0	0	0	0
AF	0	0.834478	33	20	13	0	0	0	0
AF	0	0.834791	44	31	13	0	0	0	0
AF	0	0.835103	27	21	6	0	0	0	0
AF	0	0.835415	35	21	14	0	0	0	0
AF	0	0.835728	35	22	13	0	0	0	0
AF	0	0.836040	46	35	11	0	0	0	0
AF	0	0.836352	35	18	17	0	0	0	0
AF	0	0.836665	56	38	18	0	0	0	0
AF	0	0.836977	38	26	12	0	0	0	0
AF	0	0.837289	28	20	8	0	0	0	0
AF	0	0.837601	44	29	15	0	0	0	0
AF	0	0.837914	39	25	14	0	0	0	0
AF	0	0.838226	34	22	12	0	0	0	0
AF	0	0.838538	28	21	7	0	0	0	0
AF	0	0.838851	31	25	6	0	0	0	0
AF	0	0.839163	28	19	9	0	0	0	0
AF	0	0.839475	25	15	10	0	0	0	0
AF	0	0.839788	31	23	8	0	0	0	0
AF	0	0.840100	31	18	13	0	0	0	0
AF	0	0.840412	41	29	12	0	0	0	0
AF	0	0.840725	37	25	12	0	0	0	0
AF	0	0.841037	38	27	11	0	0	0	0
AF	0	0.841349	36	21	15	0	0	0	0
AF	0	0.841661	42	28	14	0	0	0	0
AF	0	0.841974	42	29	13	0	0	0	0
AF	0	0.842286	41	26	15	0	0	0	0
AF	0	0.842598	37	22	15	0	0	0	0
AF	0	0.842911	28	16	12	0	0	0	0
AF	0	0.843223	36	26	10	0	0	0	0
AF	0	0.843535	46	28	18	0	0	0	0
AF	0	0.843848	31	19	12	0	0	0	0
AF	0	0.844160	33	27	6	0	0	0	0
AF	0	0.844472	31	16	15	0	0	0	0
AF	0	0.844785	34	22	12	0	0	0	0
AF	0	0.845097	27	21	6	0	0	0	0
AF	0	0.845409	43	32	11	0	0	0	0
AF	0	0.845721	27	17	10	0	0	0	0
AF	0	0.846034	58	38	20	0	0	0	0
AF	0	0.846346	40	28	12	0	0	0	0
AF	0	0.846658	36	27	9	0	0	0	0
AF	0	0.846971	35	23	12	0	0	0	0
AF	0	0.847283	34	24	10	0	0	0	0
AF	0	0.847595	35	22	13	0	0	0	0
AF	0	0.847908	37	31	6	0	0	0	0
AF	0	0.848220	38	20	18	0	0	0	0
AF	0	0.848532	28	20	8	0	0	0	0
AF	0	0.848844	40	29	11	0	0	0	0
AF	0	0.849157	30	24	6	0	0	0	0
AF	0	0.849469	33	19	14	0	0	0	0
AF	0	0.849781	39	31	8	0	0	0	0
AF	0	0.850094	36	25	11	0	0	0	0
AF	0	0.850406	32	20	12	0	0	0	0
AF	0	0.850718	44	28	16	0	0	0	0
AF	0	0.851031	44	26	18	0	0	0	0
AF	0	0.851343	45	22	23	0	0	0	0
AF	0	0.851655	47	30	17	0	0	0	0
AF	0	0.851968	47	35	12	0	0	0	0
AF	0	0.852280	30	22	8	0	0	0	0
AF	0	0.852592	31	21	10	0	0	0	0
AF	0	0.852904	43	25	18	0	0	0	0
AF	0	0.853217	39	29	10	0	0	0	0
AF	0	0.853529	42	32	10	0	0	0	0
AF	0	0.853841	61	44	17	0	0	0	0
AF	0	0.854154	50	32	18	0	0	0	0
AF	0	0.854466	47	33	14	0	0	0	0
AF	0	0.854778	31	17	14	0	0	0	0
AF	0	0.855091	38	24	14	0	0	0	0
AF	0	0.855403	34	21	13	0	0	0	0
AF	0	0.855715	38	31	7	0	0	0	0
AF	0	0.856027	52	34	18	0	0	0	0
AF	0	0.856340	59	44	15	0	0	0	0
AF	0	0.856652	33	22	11	0	0	0	0
AF	0	0.856964	49	37	12	0	0	0	0
AF	0	0.857277	28	20	8	0	0	0	0
AF	0	0.857589	39	25	14	0	0	0	0
AF	0	0.857901	31	16	15	0	0	0	0
AF	0	0.858214	50	30	20	0	0	0	0
AF	0	0.858526	49	32	17	0	0	0	0
AF	0	0.858838	79	55	24	0	0	0	0
AF	0	0.859151	39	26	13	0	0	0	0
AF	0	0.859463	34	23	11	0	0	0	0
AF	0	0.859775	34	26	8	0	0	0	0
AF	0	0.860087	29	16	13	0	0	0	0
AF	0	0.860400	53	40	13	0	0	0	0
AF	0	0.860712	50	36	14	0	0	0	0
AF	0	0.861024	51	35	16	0	0	0	0
AF	0	0.861337	35	26	9	0	0	0	0
AF	0	0.861649	33	20	13	0	0	0	0
AF	0	0.861961	32	22	10	0	0	0	0
AF	0	0.862274	44	33	11	0	0	0	0
AF	0	0.862586	38	20	18	0	0	0	0
AF	0	0.862898	37	25	12	0	0	0	0
AF	0	0.863210	38	23	15	0	0	0	0
AF	0	0.863523	41	29	12	0	0	0	0
AF	0	0.863835	44	30	14	0	0	0	0
AF	0	0.864147	41	30	11	0	0	0	0
AF	0	0.864460	32	24	8	0	0	0	0
AF	0	0.864772	40	28	12	0	0	0	0
AF	0	0.865084	39	28	11	0	0	0	0
AF	0	0.865397	33	21	12	0	0	0	0
AF	0	0.865709	28	14	14	0	0	0	0
AF	0	0.866021	48	33	15	0	0	0	0
AF	0	0.866334	40	29	11	0	0	0	0
AF	0	0.866646	58	42	16	0	0	0	0
AF	0	0.866958	35	23	12	0	0	0	0
AF	0	0.867270	36	25	11	0	0	0	0
AF	0	0.867583	33	23	10	0	0	0	0
AF	0	0.867895	44	29	15	0	0	0	0
AF	0	0.868207	43	30	13	0	0	0	0
AF	0	0.868520	34	24	10	0	0	0	0
AF	0	0.868832	29	18	11	0	0	0	0
AF	0	0.869144	48	32	16	0	0	0	0
AF	0	0.869457	40	28	12	0	0	0	0
AF	0	0.869769	30	19	11	0	0	0	0
AF	0	0.870081	41	26	15	0	0	0	0
AF	0	0.870394	30	19	11	0	0	0	0
AF	0	0.870706	33	21	12	0	0	0	0
AF	0	0.871018	44	27	17	0	0	0	0
AF	0	0.871330	34	24	10	0	0	0	0
AF	0	0.871643	28	20	8	0	0	0	0
AF	0	0.871955	48	35	13	0	0	0	0
AF	0	0.872267	42	24	18	0	0	0	0
AF	0	0.872580	27	16	11	0	0	0	0
AF	0	0.872892	41	27	14	0	0	0	0
AF	0	0.873204	48	34	14	0	0	0	0
AF	0	0.873517	47	34	13	0	0	0	0
AF	0	0.873829	38	28	10	0	0	0	0
AF	0	0.874141	41	22	19	0	0	0	0
AF	0	0.874453	41	27	14	0	0	0	0
AF	0	0.874766	31	24	7	0	0	0	0
AF	0	0.875078	32	19	13	0	0	0	0
AF	0	0.875390	30	22	8	0	0	0	0
AF	0	0.875703	29	23	6	0	0	0	0
AF	0	0.876015	46	25	21	0	0	0	0
AF	0	0.876327	32	18	14	0	0	0	0
AF	0	0.876640	43	29	14	0	0	0	0
AF	0	0.876952	38	21	17	0	0	0	0
AF	0	0.877264	33	23	10	0	0	0	0
AF	0	0.877577	25	13	12	0	0	0	0
AF	0	0.877889	25	19	6	0	0	0	0
AF	0	0.878201	32	23	9	0	0	0	0
AF	0	0.878513	44	30	14	0	0	0	0
AF	0	0.878826	35	17	18	0	0	0	0
AF	0	0.879138	29	23	6	0	0	0	0
AF	0	0.879450	45	25	20	0	0	0	0
AF	0	0.879763	87	69	18	0	0	0	0
AF	0	0.880075	44	28	16	0	0	0	0
AF	0	0.880387	39	27	12	0	0	0	0
AF	0	0.880700	37	22	15	0	0	0	0
AF	0	0.881012	31	21	10	0	0	0	0
AF	0	0.881324	36	25	11	0	0	0	0
AF	0	0.881636	48	36	12	0	0	0	0
AF	0	0.881949	49	33	16	0	0	0	0
AF	0	0.882261	56	37	19	0	0	0	0
AF	0	0.882573	30	21	9	0	0	0	0
AF	0	0.882886	45	28	17	0	0	0	0
AF	0	0.883198	38	21	17	0	0	0	0
AF	0	0.883510	49	28	21	0	0	0	0
AF	0	0.883823	50	35	15	0	0	0	0
AF	0	0.884135	63	33	30	0	0	0	0
AF	0	0.884447	46	28	18	0	0	0	0
AF	0	0.884760	26	16	10	0	0	0	0
AF	0	0.885072	24	16	8	0	0	0	0
AF	0	0.885384	32	23	9	0	0	0	0
AF	0	0.885696	26	21	5	0	0	0	0
AF	0	0.886009	24	15	9	0	0	0	0
AF	0	0.886321	38	30	8	0	0	0	0
AF	0	0.886633	38	26	12	0	0	0	0
AF	0	0.886946	33	21	12	0	0	0	0
AF	0	0.887258	37	25	12	0	0	0	0
AF	0	0.887570	33	20	13	0	0	0	0
AF	0	0.887883	33	24	9	0	0	0	0
AF	0	0.888195	39	28	11	0	0	0	0
AF	0	0.888507	21	16	5	0	0	0	0
AF	0	0.888819	30	18	12	0	0	0	0
AF	0	0.889132	29	23	6	0	0	0	0
AF	0	0.889444	32	22	10	0	0	0	0
AF	0	0.889756	23	14	9	0	0	0	0
AF	0	0.890069	47	29	18	0	0	0	0
AF	0	0.890381	33	21	12	0	0	0	0
AF	0	0.890693	48	31	17	0	0	0	0
AF	0	0.891006	31	25	6	0	0	0	0
AF	0	0.891318	40	20	20	0	0	0	0
AF	0	0.891630	28	19	9	0	0	0	0
AF	0	0.891943	36	20	16	0	0	0	0
AF	0	0.892255	41	26	15	0	0	0	0
AF	0	0.892567	23	16	7	0	0	0	0
AF	0	0.892879	29	16	13	0	0	0	0
AF	0	0.893192	34	23	11	0	0	0	0
AF	0	0.893504	51	31	20	0	0	0	0
AF	0	0.893816	46	36	10	0	0	0	0
AF	0	0.894129	32	18	14	0	0	0	0
AF	0	0.894441	25	15	10	0	0	0	0
AF	0	0.894753	45	32	13	0	0	0	0
AF	0	0.895066	47	35	12	0	0	0	0
AF	0	0.895378	33	24	9	0	0	0	0
AF	0	0.895690	42	26	16	0	0	0	0
AF	0	0.896002	27	18	9	0	0	0	0
AF	0	0.896315	44	31	13	0	0	0	0
AF	0	0.896627	34	18	16	0	0	0	0
AF	0	0.896939	35	24	11	0	0	0	0
AF	0	0.897252	37	22	15	0	0	0	0
AF	0	0.897564	24	15	9	0	0	0	0
AF	0	0.897876	38	23	15	0	0	0	0
AF	0	0.898189	43	26	17	0	0	0	0
AF	0	0.898501	32	19	13	0	0	0	0
AF	0	0.898813	35	18	17	0	0	0	0
AF	0	0.899126	20	11	9	0	0	0	0
AF	0	0.899438	40	29	11	0	0	0	0
AF	0	0.899750	29	21	8	0	0	0	0
AF	0	0.900062	38	23	15	0	0	0	0
AF	0	0.900375	32	19	13	0	0	0	0
AF	0	0.900687	33	27	6	0	0	0	0
AF	0	0.900999	29	19	10	0	0	0	0
AF	0	0.901312	42	26	16	0	0	0	0
AF	0	0.901624	25	17	8	0	0	0	0
AF	0	0.901936	36	21	15	0	0	0	0
AF	0	0.902249	33	23	10	0	0	0	0
AF	0	0.902561	35	24	11	0	0	0	0
AF	0	0.902873	22	15	7	0	0	0	0
AF	0	0.903186	37	24	13	0	0	0	0
AF	0	0.903498	43	26	17	0	0	0	0
AF	0	0.903810	46	30	16	0	0	0	0
AF	0	0.904122	45	24	21	0	0	0	0
AF	0	0.904435	29	16	13	0	0	0	0
AF	0	0.904747	43	32	11	0	0	0	0
AF	0	0.905059	19	14	5	0	0	0	0
AF	0	0.905372	26	14	12	0	0	0	0
AF	0	0.905684	30	17	13	0	0	0	0
AF	0	0.905996	35	25	10	0	0	0	0
AF	0	0.906309	56	29	27	0	0	0	0
AF	0	0.906621	45	31	14	0	0	0	0
AF	0	0.906933	27	18	9	0	0	0	0
AF	0	0.907245	21	13	8	0	0	0	0
AF	0	0.907558	20	13	7	0	0	0	0
AF	0	0.907870	32	20	12	0	0	0	0
AF	0	0.908182	31	26	5	0	0	0	0
AF	0	0.908495	41	24	17	0	0	0	0
AF	0	0.908807	38	24	14	0	0	0	0
AF	0	0.909119	31	20	11	0	0	0	0
AF	0	0.909432	29	18	11	0	0	0	0
AF	0	0.909744	28	20	8	0	0	0	0
AF	0	0.910056	37	26	11	0	0	0	0
AF	0	0.910369	32	26	6	0	0	0	0
AF	0	0.910681	34	24	10	0	0	0	0
AF	0	0.910993	24	16	8	0	0	0	0
AF	0	0.911305	34	23	11	0	0	0	0
AF	0	0.911618	35	24	11	0	0	0	0
AF	0	0.911930	17	10	7	0	0	0	0
AF	0	0.912242	28	18	10	0	0	0	0
AF	0	0.912555	23	15	8	0	0	0	0
AF	0	0.912867	33	20	13	0	0	0	0
AF	0	0.913179	21	13	8	0	0	0	0
AF	0	0.913492	33	22	11	0	0	0	0
AF	0	0.913804	31	19	12	0	0	0	0
AF	0	0.914116	27	15	12	0	0	0	0
AF	0	0.914428	30	23	7	0	0	0	0
AF	0	0.914741	21	13	8	0	0	0	0
AF	0	0.915053	44	34	10	0	0	0	0
AF	0	0.915365	29	22	7	0	0	0	0
AF	0	0.915678	35	24	11	0	0	0	0
AF	0	0.915990	35	25	10	0	0	0	0
AF	0	0.916302	34	22	12	0	0	0	0
AF	0	0.916615	38	29	9	0	0	0	0
AF	0	0.916927	33	24	9	0	0	0	0
AF	0	0.917239	30	19	11	0	0	0	0
AF	0	0.917552	25	16	9	0	0	0	0
AF	0	0.917864	22	17	5	0	0	0	0
AF	0	0.918176	33	23	10	0	0	0	0
AF	0	0.918488	20	14	6	0	0	0	0
AF	0	0.918801	25	19	6	0	0	0	0
AF	0	0.919113	35	25	10	0	0	0	0
AF	0	0.919425	27	18	9	0	0	0	0
AF	0	0.919738	46	36	10	0	0	0	0
AF	0	0.920050	39	27	12	0	0	0	0
AF	0	0.920362	29	19	10	0	0	0	0
AF	0	0.920675	37	19	18	0	0	0	0
AF	0	0.920987	45	29	16	0	0	0	0
AF	0	0.921299	31	22	9	0	0	0	0
AF	0	0.921611	27	19	8	0	0	0	0
AF	0	0.921924	30	19	11	0	0	0	0
AF	0	0.922236	23	11	12	0	0	0	0
AF	0	0.922548	25	16	9	0	0	0	0
AF	0	0.922861	23	16	7	0	0	0	0
AF	0	0.923173	19	10	9	0	0	0	0
AF	0	0.923485	36	26	10	0	0	0	0
AF	0	0.923798	21	14	7	0	0	0	0
AF	0	0.924110	29	19	10	0	0	0	0
AF	0	0.924422	19	11	8	0	0	0	0
AF	0	0.924735	21	12	9	0	0	0	0
AF	0	0.925047	21	14	7	0	0	0	0
AF	0	0.925359	25	17	8	0	0	0	0
AF	0	0.925671	30	20	10	0	0	0	0
AF	0	0.925984	27	8	19	0	0	0	0
AF	0	0.926296	21	15	6	0	0	0	0
AF	0	0.926608	17	8	9	0	0	0	0
AF	0	0.926921	32	24	8	0	0	0	0
AF	0	0.927233	38	24	14	0	0	0	0
AF	0	0.927545	31	18	13	0	0	0	0
AF	0	0.927858	22	17	5	0	0	0	0
AF	0	0.928170	29	21	8	0	0	0	0
AF	0	0.928482	37	20	17	0	0	0	0
AF	0	0.928795	23	17	6	0	0	0	0
AF	0	0.929107	26	17	9	0	0	0	0
AF	0	0.929419	29	23	6	0	0	0	0
AF	0	0.929731	24	17	7	0	0	0	0
AF	0	0.930044	38	21	17	0	0	0	0
AF	0	0.930356	33	19	14	0	0	0	0
AF	0	0.930668	29	19	10	0	0	0	0
AF	0	0.930981	27	18	9	0	0	0	0
AF	0	0.931293	25	13	12	0	0	0	0
AF	0	0.931605	23	13	10	0	0	0	0
AF	0	0.931918	25	15	10	0	0	0	0
AF	0	0.932230	30	25	5	0	0	0	0
AF	0	0.932542	29	18	11	0	0	0	0
AF	0	0.932854	30	16	14	0	0	0	0
AF	0	0.933167	34	22	12	0	0	0	0
AF	0	0.933479	62	38	24	0	0	0	0
AF	0	0.933791	35	20	15	0	0	0	0
AF	0	0.934104	23	16	7	0	0	0	0
AF	0	0.934416	29	20	9	0	0	0	0
AF	0	0.934728	30	20	10	0	0	0	0
AF	0	0.935041	23	18	5	0	0	0	0
AF	0	0.935353	34	25	9	0	0	0	0
AF	0	0.935665	25	17	8	0	0	0	0
AF	0	0.935978	28	20	8	0	0	0	0
AF	0	0.936290	20	9	11	0	0	0	0
AF	0	0.936602	27	15	12	0	0	0	0
AF	0	0.936914	23	10	13	0	0	0	0
AF	0	0.937227	25	17	8	0	0	0	0
AF	0	0.937539	27	17	10	0	0	0	0
AF	0	0.937851	30	21	9	0	0	0	0
AF	0	0.938164	36	22	14	0	0	0	0
AF	0	0.938476	49	31	18	0	0	0	0
AF	0	0.938788	40	27	13	0	0	0	0
AF	0	0.939101	44	28	16	0	0	0	0
AF	0	0.939413	35	25	10	0	0	0	0
AF	0	0.939725	37	25	12	0	0	0	0
AF	0	0.940037	40	27	13	0	0	0	0
AF	0	0.940350	45	29	16	0	0	0	0
AF	0	0.940662	18	11	7	0	0	0	0
AF	0	0.940974	19	13	6	0	0	0	0
AF	0	0.941287	30	20	10	0	0	0	0
AF	0	0.941599	27	21	6	0	0	0	0
AF	0	0.941911	52	38	14	0	0	0	0
AF	0	0.942224	31	14	17	0	0	0	0
AF	0	0.942536	37	22	15	0	0	0	0
AF	0	0.942848	38	25	13	0	0	0	0
AF	0	0.943161	33	21	12	0	0	0	0
AF	0	0.943473	26	14	12	0	0	0	0
AF	0	0.943785	43	29	14	0	0	0	0
AF	0	0.944097	34	22	12	0	0	0	0
AF	0	0.944410	50	32	18	0	0	0	0
AF	0	0.944722	29	20	9	0	0	0	0
AF	0	0.945034	42	25	17	0	0	0	0
AF	0	0.945347	47	26	21	0	0	0	0
AF	0	0.945659	36	22	14	0	0	0	0
AF	0	0.945971	36	23	13	0	0	0	0
AF	0	0.946284	36	28	8	0	0	0	0
AF	0	0.946596	34	26	8	0	0	0	0
AF	0	0.946908	51	42	9	0	0	0	0
AF	0	0.947220	62	42	20	0	0	0	0
AF	0	0.947533	39	31	8	0	0	0	0
AF	0	0.947845	54	33	21	0	0	0	0
AF	0	0.948157	105	69	36	0	0	0	0
AF	0	0.948470	46	31	15	0	0	0	0
AF	0	0.948782	57	39	18	0	0	0	0
AF	0	0.949094	36	17	19	0	0	0	0
AF	0	0.949407	33	21	12	0	0	0	0
AF	0	0.949719	50	28	22	0	0	0	0
AF	0	0.950031	36	24	12	0	0	0	0
AF	0	0.950344	39	37	2	0	0	0	0
AF	0	0.950656	69	46	23	0	0	0	0
AF	0	0.950968	44	33	11	0	0	0	0
AF	0	0.951280	45	29	16	0	0	0	0
AF	0	0.951593	30	17	13	0	0	0	0
AF	0	0.951905	37	27	10	0	0	0	0
AF	0	0.952217	36	25	11	0	0	0	0
AF	0	0.952530	49	31	18	0	0	0	0
AF	0	0.952842	32	23	9	0	0	0	0
AF	0	0.953154	32	22	10	0	0	0	0
AF	0	0.953467	28	19	9	0	0	0	0
AF	0	0.953779	49	34	15	0	0	0	0
AF	0	0.954091	62	46	16	0	0	0	0
AF	0	0.954403	33	22	11	0	0	0	0
AF	0	0.954716	68	45	23	0	0	0	0
AF	0	0.955028	36	19	17	0	0	0	0
AF	0	0.955340	36	24	12	0	0	0	0
AF	0	0.955653	44	31	13	0	0	0	0
AF	0	0.955965	36	20	16	0	0	0	0
AF	0	0.956277	25	15	10	0	0	0	0
AF	0	0.956590	41	30	11	0	0	0	0
AF	0	0.956902	28	17	11	0	0	0	0
AF	0	0.957214	38	30	8	0	0	0	0
AF	0	0.957527	37	24	13	0	0	0	0
AF	0	0.957839	44	28	16	0	0	0	0
AF	0	0.958151	37	23	14	0	0	0	0
AF	0	0.958463	46	27	19	0	0	0	0
AF	0	0.958776	55	38	17	0	0	0	0
AF	0	0.959088	29	22	7	0	0	0	0
AF	0	0.959400	64	47	17	0	0	0	0
AF	0	0.959713	29	17	12	0	0	0	0
AF	0	0.960025	50	33	17	0	0	0	0
AF	0	0.960337	26	19	7	0	0	0	0
AF	0	0.960650	30	18	12	0	0	0	0
AF	0	0.960962	30	22	8	0	0	0	0
AF	0	0.961274	14	12	2	0	0	0	0
AF	0	0.961587	24	19	5	0	0	0	0
AF	0	0.961899	26	17	9	0	0	0	0
AF	0	0.962211	28	16	12	0	0	0	0
AF	0	0.962523	35	25	10	0	0	0	0
AF	0	0.962836	31	21	10	0	0	0	0
AF	0	0.963148	45	23	22	0	0	0	0
AF	0	0.963460	39	27	12	0	0	0	0
AF	0	0.963773	35	21	14	0	0	0	0
AF	0	0.964085	38	26	12	0	0	0	0
AF	0	0.964397	43	30	13	0	0	0	0
AF	0	0.964710	42	27	15	0	0	0	0
AF	0	0.965022	52	37	15	0	0	0	0
AF	0	0.965334	34	23	11	0	0	0	0
AF	0	0.965646	38	24	14	0	0	0	0
AF	0	0.965959	40	29	11	0	0	0	0
AF	0	0.966271	35	22	13	0	0	0	0
AF	0	0.966583	78	52	26	0	0	0	0
AF	0	0.966896	43	30	13	0	0	0	0
AF	0	0.967208	54	42	12	0	0	0	0
AF	0	0.967520	57	40	17	0	0	0	0
AF	0	0.967833	50	32	18	0	0	0	0
AF	0	0.968145	60	46	14	0	0	0	0
AF	0	0.968457	33	17	16	0	0	0	0
AF	0	0.968770	43	31	12	0	0	0	0
AF	0	0.969082	67	38	29	0	0	0	0
AF	0	0.969394	42	24	18	0	0	0	0
AF	0	0.969706	38	25	13	0	0	0	0
AF	0	0.970019	48	35	13	0	0	0	0
AF	0	0.970331	49	30	19	0	0	0	0
AF	0	0.970643	42	30	12	0	0	0	0
AF	0	0.970956	51	36	15	0	0	0	0
AF	0	0.971268	68	43	25	0	0	0	0
AF	0	0.971580	43	30	13	0	0	0	0
AF	0	0.971893	45	26	19	0	0	0	0
AF	0	0.972205	43	29	14	0	0	0	0
AF	0	0.972517	51	35	16	0	0	0	0
AF	0	0.972829	61	44	17	0	0	0	0
AF	0	0.973142	51	34	17	0	0	0	0
AF	0	0.973454	36	23	13	0	0	0	0
AF	0	0.973766	48	28	20	0	0	0	0
AF	0	0.974079	45	29	16	0	0	0	0
AF	0	0.974391	52	37	15	0	0	0	0
AF	0	0.974703	51	35	16	0	0	0	0
AF	0	0.975016	54	42	12	0	0	0	0
AF	0	0.975328	33	19	14	0	0	0	0
AF	0	0.975640	57	43	14	0	0	0	0
AF	0	0.975953	55	40	15	0	0	0	0
AF	0	0.976265	53	33	20	0	0	0	0
AF	0	0.976577	54	36	18	0	0	0	0
AF	0	0.976889	45	33	12	0	0	0	0
AF	0	0.977202	54	30	24	0	0	0	0
AF	0	0.977514	51	30	21	0	0	0	0
AF	0	0.977826	51	33	18	0	0	0	0
AF	0	0.978139	47	36	11	0	0	0	0
AF	0	0.978451	39	28	11	0	0	0	0
AF	0	0.978763	55	39	16	0	0	0	0
AF	0	0.979076	49	35	14	0	0	0	0
AF	0	0.979388	60	39	21	0	0	0	0
AF	0	0.979700	85	59	26	0	0	0	0
AF	0	0.980012	62	43	19	0	0	0	0
AF	0	0.980325	41	29	12	0	0	0	0
AF	0	0.980637	58	38	20	0	0	0	0
AF	0	0.980949	113	75	38	0	0	0	0
AF	0	0.981262	59	38	21	0	0	0	0
AF	0	0.981574	64	43	21	0	0	0	0
AF	0	0.981886	55	39	16	0	0	0	0
AF	0	0.982199	85	55	30	0	0	0	0
AF	0	0.982511	44	35	9	0	0	0	0
AF	0	0.982823	52	35	17	0	0	0	0
AF	0	0.983136	66	42	24	0	0	0	0
AF	0	0.983448	56	34	22	0	0	0	0
AF	0	0.983760	66	44	22	0	0	0	0
AF	0	0.984072	53	37	16	0	0	0	0
AF	0	0.984385	48	30	18	0	0	0	0
AF	0	0.984697	60	44	16	0	0	0	0
AF	0	0.985009	59	43	16	0	0	0	0
AF	0	0.985322	71	50	21	0	0	0	0
AF	0	0.985634	67	42	25	0	0	0	0
AF	0	0.985946	81	53	28	0	0	0	0
AF	0	0.986259	52	35	17	0	0	0	0
AF	0	0.986571	29	18	11	0	0	0	0
AF	0	0.986883	46	26	20	0	0	0	0
AF	0	0.987196	57	40	17	0	0	0	0
AF	0	0.987508	49	33	16	0	0	0	0
AF	0	0.987820	59	41	18	0	0	0	0
AF	0	0.988132	59	37	22	0	0	0	0
AF	0	0.988445	46	35	11	0	0	0	0
AF	0	0.988757	39	27	12	0	0	0	0
AF	0	0.989069	40	20	20	0	0	0	0
AF	0	0.989382	64	45	19	0	0	0	0
AF	0	0.989694	58	38	20	0	0	0	0
AF	0	0.990006	47	32	15	0	0	0	0
AF	0	0.990319	82	58	24	0	0	0	0
AF	0	0.990631	80	58	22	0	0	0	0
AF	0	0.990943	61	46	15	0	0	0	0
AF	0	0.991255	49	31	18	0	0	0	0
AF	0	0.991568	57	41	16	0	0	0	0
AF	0	0.991880	49	35	14	0	0	0	0
AF	0	0.992192	74	47	27	0	0	0	0
AF	0	0.992505	69	48	21	0	0	0	0
AF	0	0.992817	68	44	24	0	0	0	0
AF	0	0.993129	77	47	30	0	0	0	0
AF	0	0.993442	83	64	19	0	0	0	0
AF	0	0.993754	70	49	21	0	0	0	0
AF	0	0.994066	77	55	22	0	0	0	0
AF	0	0.994379	84	63	21	0	0	0	0
AF	0	0.994691	58	40	18	0	0	0	0
AF	0	0.995003	67	41	26	0	0	0	0
AF	0	0.995315	85	58	27	0	0	0	0
AF	0	0.995628	87	59	28	0	0	0	0
AF	0	0.995940	111	75	36	0	0	0	0
AF	0	0.996252	77	48	29	0	0	0	0
AF	0	0.996565	95	63	32	0	0	0	0
AF	0	0.996877	72	53	19	0	0	0	0
AF	0	0.997189	94	66	28	0	0	0	0
AF	0	0.997502	123	85	38	0	0	0	0
AF	0	0.997814	104	58	46	0	0	0	0
AF	0	0.998126	98	66	32	0	0	0	0
AF	0	0.998438	136	86	50	0	0	0	0
AF	0	0.998751	100	66	34	0	0	0	0
AF	0	0.999063	140	91	49	0	0	0	0
AF	0	0.999375	67	45	22	0	0	0	0
# QUAL, Stats by quality
# QUAL	[2]id	[3]Quality	[4]number of SNPs	[5]number of transitions (1st ALT)	[6]number of transversions (1st ALT)	[7]number of indels
QUAL	0	.	1656478	1106665	549813	0
# IDD, InDel distribution:
# IDD	[2]id	[3]length (deletions negative)	[4]number of sites	[5]number of genotypes	[6]mean VAF
# ST, Substitution types:
# ST	[2]id	[3]type	[4]count
ST	0	A>C	61456
ST	0	A>G	222845
ST	0	A>T	57013
ST	0	C>A	78345
ST	0	C>G	79362
ST	0	C>T	327078
ST	0	G>A	331204
ST	0	G>C	78963
ST	0	G>T	75078
ST	0	T>A	58964
ST	0	T>C	225538
ST	0	T>G	60632
# DP, depth:
#   - set id, see above
#   - the depth bin, corresponds to the depth (unless --depth was given)
#   - number of genotypes with this depth (zero unless -s/-S was given)
#   - fraction of genotypes with this depth (zero unless -s/-S was given)
#   - number of sites with this depth
#   - fraction of sites with this depth
# DP, Depth distribution
# DP	[2]id	[3]bin	[4]number of genotypes	[5]fraction of genotypes (%)	[6]number of sites	[7]fraction of sites (%)
