# This file was produced by bcftools stats (1.21+htslib-1.21) and can be plotted using plot-vcfstats.
# The command line was:	bcftools stats  /project/cphg-millerlab/software/MonopogenLite/resources/1kGP_high_coverage_Illumina.SNVonly_poly.filtered_AF_5e-04.norm.fixvariantid.chr19.vcf.gz
#
# Definition of sets:
# ID	[2]id	[3]tab-separated file names
ID	0	/project/cphg-millerlab/software/MonopogenLite/resources/1kGP_high_coverage_Illumina.SNVonly_poly.filtered_AF_5e-04.norm.fixvariantid.chr19.vcf.gz
# SN, Summary numbers:
#   number of records   .. number of data rows in the VCF
#   number of no-ALTs   .. reference-only sites, ALT is either "." or identical to REF
#   number of SNPs      .. number of rows with a SNP
#   number of MNPs      .. number of rows with a MNP, such as CC>TT
#   number of indels    .. number of rows with an indel
#   number of others    .. number of rows with other type, for example a symbolic allele or
#                          a complex substitution, such as ACT>TCGA
#   number of multiallelic sites     .. number of rows with multiple alternate alleles
#   number of multiallelic SNP sites .. number of rows with multiple alternate alleles, all SNPs
# 
#   Note that rows containing multiple types will be counted multiple times, in each
#   counter. For example, a row with a SNP and an indel increments both the SNP and
#   the indel counter.
# 
# SN	[2]id	[3]key	[4]value
SN	0	number of samples:	3202
SN	0	number of records:	847683
SN	0	number of no-ALTs:	0
SN	0	number of SNPs:	847683
SN	0	number of MNPs:	0
SN	0	number of indels:	0
SN	0	number of others:	0
SN	0	number of multiallelic sites:	0
SN	0	number of multiallelic SNP sites:	0
# TSTV, transitions/transversions
#   - transitions, see https://en.wikipedia.org/wiki/Transition_(genetics)
#   - transversions, see https://en.wikipedia.org/wiki/Transversion
# TSTV	[2]id	[3]ts	[4]tv	[5]ts/tv	[6]ts (1st ALT)	[7]tv (1st ALT)	[8]ts/tv (1st ALT)
TSTV	0	590189	257494	2.29	590189	257494	2.29
# SiS, Singleton stats:
#   - allele count, i.e. the number of singleton genotypes (AC=1)
#   - number of transitions, see above
#   - number of transversions, see above
#   - repeat-consistent, inconsistent and n/a: experimental and useless stats [DEPRECATED]
# SiS	[2]id	[3]allele count	[4]number of SNPs	[5]number of transitions	[6]number of transversions	[7]number of indels	[8]repeat-consistent	[9]repeat-inconsistent	[10]not applicable
SiS	0	1	0	0	0	0	0	0	0
# AF, Stats by non-reference allele frequency:
# AF	[2]id	[3]allele frequency	[4]number of SNPs	[5]number of transitions	[6]number of transversions	[7]number of indels	[8]repeat-consistent	[9]repeat-inconsistent	[10]not applicable
AF	0	0.000312	87991	62300	25691	0	0	0	0
AF	0	0.000625	101512	71601	29911	0	0	0	0
AF	0	0.000937	60840	42644	18196	0	0	0	0
AF	0	0.001249	42886	29945	12941	0	0	0	0
AF	0	0.001562	32803	22897	9906	0	0	0	0
AF	0	0.001874	27116	18815	8301	0	0	0	0
AF	0	0.002186	21309	14744	6565	0	0	0	0
AF	0	0.002498	18437	12793	5644	0	0	0	0
AF	0	0.002811	15709	10929	4780	0	0	0	0
AF	0	0.003123	14418	10042	4376	0	0	0	0
AF	0	0.003435	12685	8699	3986	0	0	0	0
AF	0	0.003748	10831	7475	3356	0	0	0	0
AF	0	0.004060	10220	7034	3186	0	0	0	0
AF	0	0.004372	9143	6314	2829	0	0	0	0
AF	0	0.004685	8532	5877	2655	0	0	0	0
AF	0	0.004997	7859	5390	2469	0	0	0	0
AF	0	0.005309	7305	5075	2230	0	0	0	0
AF	0	0.005621	6738	4664	2074	0	0	0	0
AF	0	0.005934	6280	4295	1985	0	0	0	0
AF	0	0.006246	5985	4041	1944	0	0	0	0
AF	0	0.006558	5538	3860	1678	0	0	0	0
AF	0	0.006871	5236	3623	1613	0	0	0	0
AF	0	0.007183	4743	3342	1401	0	0	0	0
AF	0	0.007495	4743	3254	1489	0	0	0	0
AF	0	0.007808	4694	3285	1409	0	0	0	0
AF	0	0.008120	4147	2916	1231	0	0	0	0
AF	0	0.008432	4053	2764	1289	0	0	0	0
AF	0	0.008745	4065	2762	1303	0	0	0	0
AF	0	0.009057	3803	2610	1193	0	0	0	0
AF	0	0.009369	3509	2416	1093	0	0	0	0
AF	0	0.009681	3329	2293	1036	0	0	0	0
AF	0	0.009994	3159	2147	1012	0	0	0	0
AF	0	0.010306	3004	2048	956	0	0	0	0
AF	0	0.010618	3009	2077	932	0	0	0	0
AF	0	0.010931	2746	1913	833	0	0	0	0
AF	0	0.011243	2423	1654	769	0	0	0	0
AF	0	0.011555	2562	1759	803	0	0	0	0
AF	0	0.011868	2559	1778	781	0	0	0	0
AF	0	0.012180	2415	1656	759	0	0	0	0
AF	0	0.012492	2304	1597	707	0	0	0	0
AF	0	0.012804	2336	1599	737	0	0	0	0
AF	0	0.013117	2164	1504	660	0	0	0	0
AF	0	0.013429	2253	1556	697	0	0	0	0
AF	0	0.013741	2119	1450	669	0	0	0	0
AF	0	0.014054	2178	1545	633	0	0	0	0
AF	0	0.014366	1939	1314	625	0	0	0	0
AF	0	0.014678	1856	1260	596	0	0	0	0
AF	0	0.014991	1861	1302	559	0	0	0	0
AF	0	0.015303	1905	1326	579	0	0	0	0
AF	0	0.015615	1790	1224	566	0	0	0	0
AF	0	0.015928	1720	1180	540	0	0	0	0
AF	0	0.016240	1675	1188	487	0	0	0	0
AF	0	0.016552	1762	1156	606	0	0	0	0
AF	0	0.016864	1710	1193	517	0	0	0	0
AF	0	0.017177	1456	1016	440	0	0	0	0
AF	0	0.017489	1517	1033	484	0	0	0	0
AF	0	0.017801	1462	1020	442	0	0	0	0
AF	0	0.018114	1428	995	433	0	0	0	0
AF	0	0.018426	1553	1060	493	0	0	0	0
AF	0	0.018738	1389	961	428	0	0	0	0
AF	0	0.019051	1222	835	387	0	0	0	0
AF	0	0.019363	1249	831	418	0	0	0	0
AF	0	0.019675	1348	923	425	0	0	0	0
AF	0	0.019988	1307	908	399	0	0	0	0
AF	0	0.020300	1250	878	372	0	0	0	0
AF	0	0.020612	1224	847	377	0	0	0	0
AF	0	0.020924	1302	858	444	0	0	0	0
AF	0	0.021237	1279	858	421	0	0	0	0
AF	0	0.021549	1382	954	428	0	0	0	0
AF	0	0.021861	1156	758	398	0	0	0	0
AF	0	0.022174	1166	801	365	0	0	0	0
AF	0	0.022486	974	657	317	0	0	0	0
AF	0	0.022798	992	690	302	0	0	0	0
AF	0	0.023111	979	665	314	0	0	0	0
AF	0	0.023423	925	629	296	0	0	0	0
AF	0	0.023735	945	671	274	0	0	0	0
AF	0	0.024047	960	658	302	0	0	0	0
AF	0	0.024360	1034	708	326	0	0	0	0
AF	0	0.024672	970	658	312	0	0	0	0
AF	0	0.024984	1021	683	338	0	0	0	0
AF	0	0.025297	989	683	306	0	0	0	0
AF	0	0.025609	921	645	276	0	0	0	0
AF	0	0.025921	836	555	281	0	0	0	0
AF	0	0.026234	780	551	229	0	0	0	0
AF	0	0.026546	736	503	233	0	0	0	0
AF	0	0.026858	797	534	263	0	0	0	0
AF	0	0.027171	698	484	214	0	0	0	0
AF	0	0.027483	713	497	216	0	0	0	0
AF	0	0.027795	719	514	205	0	0	0	0
AF	0	0.028107	704	489	215	0	0	0	0
AF	0	0.028420	704	487	217	0	0	0	0
AF	0	0.028732	782	539	243	0	0	0	0
AF	0	0.029044	732	515	217	0	0	0	0
AF	0	0.029357	644	440	204	0	0	0	0
AF	0	0.029669	759	525	234	0	0	0	0
AF	0	0.029981	696	495	201	0	0	0	0
AF	0	0.030294	722	499	223	0	0	0	0
AF	0	0.030606	728	512	216	0	0	0	0
AF	0	0.030918	634	440	194	0	0	0	0
AF	0	0.031230	672	460	212	0	0	0	0
AF	0	0.031543	686	482	204	0	0	0	0
AF	0	0.031855	636	446	190	0	0	0	0
AF	0	0.032167	634	427	207	0	0	0	0
AF	0	0.032480	591	398	193	0	0	0	0
AF	0	0.032792	543	363	180	0	0	0	0
AF	0	0.033104	543	364	179	0	0	0	0
AF	0	0.033417	601	402	199	0	0	0	0
AF	0	0.033729	533	366	167	0	0	0	0
AF	0	0.034041	561	396	165	0	0	0	0
AF	0	0.034354	545	374	171	0	0	0	0
AF	0	0.034666	688	458	230	0	0	0	0
AF	0	0.034978	606	406	200	0	0	0	0
AF	0	0.035290	578	408	170	0	0	0	0
AF	0	0.035603	493	357	136	0	0	0	0
AF	0	0.035915	442	310	132	0	0	0	0
AF	0	0.036227	454	330	124	0	0	0	0
AF	0	0.036540	563	400	163	0	0	0	0
AF	0	0.036852	484	333	151	0	0	0	0
AF	0	0.037164	435	304	131	0	0	0	0
AF	0	0.037477	450	309	141	0	0	0	0
AF	0	0.037789	476	317	159	0	0	0	0
AF	0	0.038101	405	289	116	0	0	0	0
AF	0	0.038413	455	319	136	0	0	0	0
AF	0	0.038726	429	288	141	0	0	0	0
AF	0	0.039038	539	371	168	0	0	0	0
AF	0	0.039350	376	233	143	0	0	0	0
AF	0	0.039663	414	298	116	0	0	0	0
AF	0	0.039975	417	301	116	0	0	0	0
AF	0	0.040287	489	339	150	0	0	0	0
AF	0	0.040600	437	307	130	0	0	0	0
AF	0	0.040912	474	342	132	0	0	0	0
AF	0	0.041224	376	272	104	0	0	0	0
AF	0	0.041537	437	302	135	0	0	0	0
AF	0	0.041849	389	267	122	0	0	0	0
AF	0	0.042161	391	264	127	0	0	0	0
AF	0	0.042473	398	270	128	0	0	0	0
AF	0	0.042786	393	265	128	0	0	0	0
AF	0	0.043098	431	286	145	0	0	0	0
AF	0	0.043410	378	271	107	0	0	0	0
AF	0	0.043723	372	241	131	0	0	0	0
AF	0	0.044035	443	293	150	0	0	0	0
AF	0	0.044347	359	254	105	0	0	0	0
AF	0	0.044660	384	259	125	0	0	0	0
AF	0	0.044972	451	325	126	0	0	0	0
AF	0	0.045284	379	271	108	0	0	0	0
AF	0	0.045597	395	292	103	0	0	0	0
AF	0	0.045909	395	281	114	0	0	0	0
AF	0	0.046221	367	255	112	0	0	0	0
AF	0	0.046533	396	275	121	0	0	0	0
AF	0	0.046846	411	281	130	0	0	0	0
AF	0	0.047158	372	256	116	0	0	0	0
AF	0	0.047470	375	254	121	0	0	0	0
AF	0	0.047783	409	276	133	0	0	0	0
AF	0	0.048095	361	243	118	0	0	0	0
AF	0	0.048407	403	276	127	0	0	0	0
AF	0	0.048720	327	237	90	0	0	0	0
AF	0	0.049032	318	213	105	0	0	0	0
AF	0	0.049344	360	253	107	0	0	0	0
AF	0	0.049656	340	226	114	0	0	0	0
AF	0	0.049969	324	207	117	0	0	0	0
AF	0	0.050281	286	201	85	0	0	0	0
AF	0	0.050593	323	224	99	0	0	0	0
AF	0	0.050906	297	210	87	0	0	0	0
AF	0	0.051218	251	161	90	0	0	0	0
AF	0	0.051530	274	184	90	0	0	0	0
AF	0	0.051843	304	222	82	0	0	0	0
AF	0	0.052155	323	228	95	0	0	0	0
AF	0	0.052467	304	215	89	0	0	0	0
AF	0	0.052780	314	209	105	0	0	0	0
AF	0	0.053092	318	218	100	0	0	0	0
AF	0	0.053404	296	224	72	0	0	0	0
AF	0	0.053716	288	209	79	0	0	0	0
AF	0	0.054029	321	229	92	0	0	0	0
AF	0	0.054341	287	197	90	0	0	0	0
AF	0	0.054653	295	194	101	0	0	0	0
AF	0	0.054966	288	192	96	0	0	0	0
AF	0	0.055278	301	203	98	0	0	0	0
AF	0	0.055590	263	197	66	0	0	0	0
AF	0	0.055903	294	193	101	0	0	0	0
AF	0	0.056215	303	210	93	0	0	0	0
AF	0	0.056527	347	253	94	0	0	0	0
AF	0	0.056839	304	213	91	0	0	0	0
AF	0	0.057152	273	194	79	0	0	0	0
AF	0	0.057464	271	192	79	0	0	0	0
AF	0	0.057776	312	197	115	0	0	0	0
AF	0	0.058089	240	168	72	0	0	0	0
AF	0	0.058401	239	174	65	0	0	0	0
AF	0	0.058713	298	207	91	0	0	0	0
AF	0	0.059026	251	181	70	0	0	0	0
AF	0	0.059338	324	224	100	0	0	0	0
AF	0	0.059650	244	167	77	0	0	0	0
AF	0	0.059963	269	181	88	0	0	0	0
AF	0	0.060275	257	174	83	0	0	0	0
AF	0	0.060587	253	180	73	0	0	0	0
AF	0	0.060899	258	182	76	0	0	0	0
AF	0	0.061212	273	194	79	0	0	0	0
AF	0	0.061524	242	167	75	0	0	0	0
AF	0	0.061836	263	184	79	0	0	0	0
AF	0	0.062149	257	179	78	0	0	0	0
AF	0	0.062461	231	156	75	0	0	0	0
AF	0	0.062773	217	154	63	0	0	0	0
AF	0	0.063086	275	197	78	0	0	0	0
AF	0	0.063398	288	201	87	0	0	0	0
AF	0	0.063710	247	160	87	0	0	0	0
AF	0	0.064022	257	182	75	0	0	0	0
AF	0	0.064335	284	202	82	0	0	0	0
AF	0	0.064647	257	168	89	0	0	0	0
AF	0	0.064959	246	164	82	0	0	0	0
AF	0	0.065272	295	201	94	0	0	0	0
AF	0	0.065584	270	192	78	0	0	0	0
AF	0	0.065896	248	181	67	0	0	0	0
AF	0	0.066209	201	134	67	0	0	0	0
AF	0	0.066521	245	167	78	0	0	0	0
AF	0	0.066833	282	206	76	0	0	0	0
AF	0	0.067146	358	267	91	0	0	0	0
AF	0	0.067458	453	331	122	0	0	0	0
AF	0	0.067770	204	137	67	0	0	0	0
AF	0	0.068082	208	131	77	0	0	0	0
AF	0	0.068395	222	156	66	0	0	0	0
AF	0	0.068707	243	172	71	0	0	0	0
AF	0	0.069019	295	201	94	0	0	0	0
AF	0	0.069332	297	208	89	0	0	0	0
AF	0	0.069644	277	195	82	0	0	0	0
AF	0	0.069956	263	183	80	0	0	0	0
AF	0	0.070269	227	147	80	0	0	0	0
AF	0	0.070581	207	145	62	0	0	0	0
AF	0	0.070893	240	158	82	0	0	0	0
AF	0	0.071205	221	149	72	0	0	0	0
AF	0	0.071518	513	340	173	0	0	0	0
AF	0	0.071830	211	149	62	0	0	0	0
AF	0	0.072142	227	147	80	0	0	0	0
AF	0	0.072455	246	182	64	0	0	0	0
AF	0	0.072767	246	173	73	0	0	0	0
AF	0	0.073079	208	154	54	0	0	0	0
AF	0	0.073392	213	148	65	0	0	0	0
AF	0	0.073704	229	159	70	0	0	0	0
AF	0	0.074016	203	141	62	0	0	0	0
AF	0	0.074329	204	138	66	0	0	0	0
AF	0	0.074641	175	124	51	0	0	0	0
AF	0	0.074953	180	127	53	0	0	0	0
AF	0	0.075265	229	161	68	0	0	0	0
AF	0	0.075578	197	138	59	0	0	0	0
AF	0	0.075890	188	120	68	0	0	0	0
AF	0	0.076202	194	142	52	0	0	0	0
AF	0	0.076515	162	110	52	0	0	0	0
AF	0	0.076827	207	151	56	0	0	0	0
AF	0	0.077139	181	121	60	0	0	0	0
AF	0	0.077452	174	123	51	0	0	0	0
AF	0	0.077764	176	126	50	0	0	0	0
AF	0	0.078076	185	130	55	0	0	0	0
AF	0	0.078389	180	123	57	0	0	0	0
AF	0	0.078701	154	110	44	0	0	0	0
AF	0	0.079013	175	118	57	0	0	0	0
AF	0	0.079325	221	155	66	0	0	0	0
AF	0	0.079638	148	100	48	0	0	0	0
AF	0	0.079950	174	114	60	0	0	0	0
AF	0	0.080262	186	125	61	0	0	0	0
AF	0	0.080575	178	125	53	0	0	0	0
AF	0	0.080887	216	142	74	0	0	0	0
AF	0	0.081199	229	155	74	0	0	0	0
AF	0	0.081512	176	128	48	0	0	0	0
AF	0	0.081824	199	134	65	0	0	0	0
AF	0	0.082136	187	140	47	0	0	0	0
AF	0	0.082448	230	161	69	0	0	0	0
AF	0	0.082761	176	125	51	0	0	0	0
AF	0	0.083073	200	147	53	0	0	0	0
AF	0	0.083385	193	126	67	0	0	0	0
AF	0	0.083698	208	147	61	0	0	0	0
AF	0	0.084010	193	132	61	0	0	0	0
AF	0	0.084322	236	159	77	0	0	0	0
AF	0	0.084635	173	113	60	0	0	0	0
AF	0	0.084947	202	142	60	0	0	0	0
AF	0	0.085259	188	123	65	0	0	0	0
AF	0	0.085572	157	111	46	0	0	0	0
AF	0	0.085884	192	138	54	0	0	0	0
AF	0	0.086196	204	134	70	0	0	0	0
AF	0	0.086508	180	125	55	0	0	0	0
AF	0	0.086821	188	120	68	0	0	0	0
AF	0	0.087133	187	120	67	0	0	0	0
AF	0	0.087445	252	182	70	0	0	0	0
AF	0	0.087758	184	139	45	0	0	0	0
AF	0	0.088070	219	146	73	0	0	0	0
AF	0	0.088382	201	139	62	0	0	0	0
AF	0	0.088695	167	121	46	0	0	0	0
AF	0	0.089007	193	133	60	0	0	0	0
AF	0	0.089319	250	178	72	0	0	0	0
AF	0	0.089631	290	201	89	0	0	0	0
AF	0	0.089944	189	132	57	0	0	0	0
AF	0	0.090256	265	177	88	0	0	0	0
AF	0	0.090568	190	129	61	0	0	0	0
AF	0	0.090881	177	129	48	0	0	0	0
AF	0	0.091193	187	135	52	0	0	0	0
AF	0	0.091505	194	132	62	0	0	0	0
AF	0	0.091818	135	98	37	0	0	0	0
AF	0	0.092130	158	116	42	0	0	0	0
AF	0	0.092442	241	161	80	0	0	0	0
AF	0	0.092755	182	118	64	0	0	0	0
AF	0	0.093067	199	140	59	0	0	0	0
AF	0	0.093379	162	112	50	0	0	0	0
AF	0	0.093691	210	141	69	0	0	0	0
AF	0	0.094004	192	134	58	0	0	0	0
AF	0	0.094316	163	111	52	0	0	0	0
AF	0	0.094628	163	112	51	0	0	0	0
AF	0	0.094941	203	140	63	0	0	0	0
AF	0	0.095253	149	93	56	0	0	0	0
AF	0	0.095565	166	113	53	0	0	0	0
AF	0	0.095878	185	129	56	0	0	0	0
AF	0	0.096190	176	101	75	0	0	0	0
AF	0	0.096502	156	108	48	0	0	0	0
AF	0	0.096814	171	106	65	0	0	0	0
AF	0	0.097127	208	138	70	0	0	0	0
AF	0	0.097439	158	108	50	0	0	0	0
AF	0	0.097751	163	118	45	0	0	0	0
AF	0	0.098064	158	116	42	0	0	0	0
AF	0	0.098376	147	112	35	0	0	0	0
AF	0	0.098688	167	118	49	0	0	0	0
AF	0	0.099001	152	105	47	0	0	0	0
AF	0	0.099313	164	122	42	0	0	0	0
AF	0	0.099625	204	141	63	0	0	0	0
AF	0	0.099938	159	113	46	0	0	0	0
AF	0	0.100250	182	122	60	0	0	0	0
AF	0	0.100562	155	105	50	0	0	0	0
AF	0	0.100874	166	119	47	0	0	0	0
AF	0	0.101187	149	109	40	0	0	0	0
AF	0	0.101499	143	99	44	0	0	0	0
AF	0	0.101811	162	124	38	0	0	0	0
AF	0	0.102124	149	100	49	0	0	0	0
AF	0	0.102436	130	98	32	0	0	0	0
AF	0	0.102748	154	111	43	0	0	0	0
AF	0	0.103061	173	127	46	0	0	0	0
AF	0	0.103373	167	123	44	0	0	0	0
AF	0	0.103685	170	128	42	0	0	0	0
AF	0	0.103998	149	97	52	0	0	0	0
AF	0	0.104310	143	103	40	0	0	0	0
AF	0	0.104622	129	88	41	0	0	0	0
AF	0	0.104934	146	104	42	0	0	0	0
AF	0	0.105247	205	141	64	0	0	0	0
AF	0	0.105559	122	77	45	0	0	0	0
AF	0	0.105871	138	88	50	0	0	0	0
AF	0	0.106184	145	98	47	0	0	0	0
AF	0	0.106496	181	128	53	0	0	0	0
AF	0	0.106808	183	131	52	0	0	0	0
AF	0	0.107121	152	106	46	0	0	0	0
AF	0	0.107433	158	119	39	0	0	0	0
AF	0	0.107745	106	76	30	0	0	0	0
AF	0	0.108057	134	93	41	0	0	0	0
AF	0	0.108370	98	75	23	0	0	0	0
AF	0	0.108682	127	88	39	0	0	0	0
AF	0	0.108994	145	99	46	0	0	0	0
AF	0	0.109307	131	88	43	0	0	0	0
AF	0	0.109619	125	83	42	0	0	0	0
AF	0	0.109931	133	84	49	0	0	0	0
AF	0	0.110244	137	103	34	0	0	0	0
AF	0	0.110556	165	111	54	0	0	0	0
AF	0	0.110868	123	96	27	0	0	0	0
AF	0	0.111181	118	81	37	0	0	0	0
AF	0	0.111493	165	115	50	0	0	0	0
AF	0	0.111805	124	81	43	0	0	0	0
AF	0	0.112117	164	103	61	0	0	0	0
AF	0	0.112430	149	114	35	0	0	0	0
AF	0	0.112742	146	90	56	0	0	0	0
AF	0	0.113054	175	110	65	0	0	0	0
AF	0	0.113367	160	110	50	0	0	0	0
AF	0	0.113679	160	111	49	0	0	0	0
AF	0	0.113991	150	107	43	0	0	0	0
AF	0	0.114304	163	113	50	0	0	0	0
AF	0	0.114616	159	110	49	0	0	0	0
AF	0	0.114928	135	87	48	0	0	0	0
AF	0	0.115240	133	92	41	0	0	0	0
AF	0	0.115553	111	80	31	0	0	0	0
AF	0	0.115865	141	96	45	0	0	0	0
AF	0	0.116177	128	91	37	0	0	0	0
AF	0	0.116490	144	112	32	0	0	0	0
AF	0	0.116802	143	98	45	0	0	0	0
AF	0	0.117114	143	97	46	0	0	0	0
AF	0	0.117427	166	115	51	0	0	0	0
AF	0	0.117739	153	116	37	0	0	0	0
AF	0	0.118051	172	116	56	0	0	0	0
AF	0	0.118364	172	125	47	0	0	0	0
AF	0	0.118676	116	90	26	0	0	0	0
AF	0	0.118988	123	84	39	0	0	0	0
AF	0	0.119300	202	143	59	0	0	0	0
AF	0	0.119613	190	137	53	0	0	0	0
AF	0	0.119925	180	117	63	0	0	0	0
AF	0	0.120237	134	91	43	0	0	0	0
AF	0	0.120550	156	116	40	0	0	0	0
AF	0	0.120862	123	76	47	0	0	0	0
AF	0	0.121174	147	100	47	0	0	0	0
AF	0	0.121487	190	136	54	0	0	0	0
AF	0	0.121799	142	94	48	0	0	0	0
AF	0	0.122111	117	79	38	0	0	0	0
AF	0	0.122423	135	98	37	0	0	0	0
AF	0	0.122736	123	82	41	0	0	0	0
AF	0	0.123048	117	80	37	0	0	0	0
AF	0	0.123360	122	99	23	0	0	0	0
AF	0	0.123673	136	104	32	0	0	0	0
AF	0	0.123985	135	97	38	0	0	0	0
AF	0	0.124297	133	92	41	0	0	0	0
AF	0	0.124610	134	94	40	0	0	0	0
AF	0	0.124922	128	94	34	0	0	0	0
AF	0	0.125234	191	132	59	0	0	0	0
AF	0	0.125547	163	120	43	0	0	0	0
AF	0	0.125859	129	94	35	0	0	0	0
AF	0	0.126171	157	106	51	0	0	0	0
AF	0	0.126483	150	109	41	0	0	0	0
AF	0	0.126796	133	85	48	0	0	0	0
AF	0	0.127108	124	88	36	0	0	0	0
AF	0	0.127420	127	88	39	0	0	0	0
AF	0	0.127733	176	120	56	0	0	0	0
AF	0	0.128045	155	110	45	0	0	0	0
AF	0	0.128357	133	86	47	0	0	0	0
AF	0	0.128670	136	96	40	0	0	0	0
AF	0	0.128982	162	97	65	0	0	0	0
AF	0	0.129294	142	97	45	0	0	0	0
AF	0	0.129606	140	99	41	0	0	0	0
AF	0	0.129919	139	107	32	0	0	0	0
AF	0	0.130231	107	81	26	0	0	0	0
AF	0	0.130543	114	72	42	0	0	0	0
AF	0	0.130856	150	94	56	0	0	0	0
AF	0	0.131168	129	94	35	0	0	0	0
AF	0	0.131480	125	90	35	0	0	0	0
AF	0	0.131793	132	91	41	0	0	0	0
AF	0	0.132105	184	130	54	0	0	0	0
AF	0	0.132417	134	100	34	0	0	0	0
AF	0	0.132730	129	93	36	0	0	0	0
AF	0	0.133042	111	77	34	0	0	0	0
AF	0	0.133354	109	73	36	0	0	0	0
AF	0	0.133666	174	116	58	0	0	0	0
AF	0	0.133979	152	102	50	0	0	0	0
AF	0	0.134291	144	106	38	0	0	0	0
AF	0	0.134603	130	91	39	0	0	0	0
AF	0	0.134916	140	88	52	0	0	0	0
AF	0	0.135228	106	72	34	0	0	0	0
AF	0	0.135540	168	110	58	0	0	0	0
AF	0	0.135853	133	86	47	0	0	0	0
AF	0	0.136165	128	94	34	0	0	0	0
AF	0	0.136477	136	104	32	0	0	0	0
AF	0	0.136790	129	88	41	0	0	0	0
AF	0	0.137102	108	81	27	0	0	0	0
AF	0	0.137414	115	74	41	0	0	0	0
AF	0	0.137726	117	85	32	0	0	0	0
AF	0	0.138039	111	80	31	0	0	0	0
AF	0	0.138351	153	105	48	0	0	0	0
AF	0	0.138663	127	92	35	0	0	0	0
AF	0	0.138976	136	99	37	0	0	0	0
AF	0	0.139288	140	100	40	0	0	0	0
AF	0	0.139600	123	90	33	0	0	0	0
AF	0	0.139913	127	96	31	0	0	0	0
AF	0	0.140225	124	75	49	0	0	0	0
AF	0	0.140537	174	118	56	0	0	0	0
AF	0	0.140849	129	86	43	0	0	0	0
AF	0	0.141162	108	76	32	0	0	0	0
AF	0	0.141474	128	93	35	0	0	0	0
AF	0	0.141786	116	74	42	0	0	0	0
AF	0	0.142099	120	84	36	0	0	0	0
AF	0	0.142411	171	122	49	0	0	0	0
AF	0	0.142723	122	82	40	0	0	0	0
AF	0	0.143036	151	102	49	0	0	0	0
AF	0	0.143348	119	82	37	0	0	0	0
AF	0	0.143660	122	81	41	0	0	0	0
AF	0	0.143973	125	86	39	0	0	0	0
AF	0	0.144285	136	103	33	0	0	0	0
AF	0	0.144597	158	95	63	0	0	0	0
AF	0	0.144909	163	118	45	0	0	0	0
AF	0	0.145222	152	104	48	0	0	0	0
AF	0	0.145534	111	73	38	0	0	0	0
AF	0	0.145846	116	80	36	0	0	0	0
AF	0	0.146159	142	108	34	0	0	0	0
AF	0	0.146471	88	63	25	0	0	0	0
AF	0	0.146783	109	75	34	0	0	0	0
AF	0	0.147096	113	82	31	0	0	0	0
AF	0	0.147408	97	60	37	0	0	0	0
AF	0	0.147720	129	95	34	0	0	0	0
AF	0	0.148032	113	71	42	0	0	0	0
AF	0	0.148345	127	92	35	0	0	0	0
AF	0	0.148657	107	69	38	0	0	0	0
AF	0	0.148969	118	81	37	0	0	0	0
AF	0	0.149282	89	64	25	0	0	0	0
AF	0	0.149594	113	85	28	0	0	0	0
AF	0	0.149906	104	73	31	0	0	0	0
AF	0	0.150219	94	66	28	0	0	0	0
AF	0	0.150531	98	68	30	0	0	0	0
AF	0	0.150843	101	79	22	0	0	0	0
AF	0	0.151156	102	72	30	0	0	0	0
AF	0	0.151468	116	81	35	0	0	0	0
AF	0	0.151780	107	79	28	0	0	0	0
AF	0	0.152092	125	90	35	0	0	0	0
AF	0	0.152405	101	74	27	0	0	0	0
AF	0	0.152717	107	75	32	0	0	0	0
AF	0	0.153029	134	103	31	0	0	0	0
AF	0	0.153342	116	91	25	0	0	0	0
AF	0	0.153654	124	82	42	0	0	0	0
AF	0	0.153966	133	92	41	0	0	0	0
AF	0	0.154279	142	96	46	0	0	0	0
AF	0	0.154591	102	65	37	0	0	0	0
AF	0	0.154903	89	50	39	0	0	0	0
AF	0	0.155215	100	68	32	0	0	0	0
AF	0	0.155528	91	63	28	0	0	0	0
AF	0	0.155840	111	68	43	0	0	0	0
AF	0	0.156152	140	106	34	0	0	0	0
AF	0	0.156465	155	110	45	0	0	0	0
AF	0	0.156777	102	68	34	0	0	0	0
AF	0	0.157089	92	63	29	0	0	0	0
AF	0	0.157402	100	70	30	0	0	0	0
AF	0	0.157714	109	77	32	0	0	0	0
AF	0	0.158026	116	79	37	0	0	0	0
AF	0	0.158339	112	75	37	0	0	0	0
AF	0	0.158651	124	93	31	0	0	0	0
AF	0	0.158963	151	98	53	0	0	0	0
AF	0	0.159275	120	80	40	0	0	0	0
AF	0	0.159588	161	118	43	0	0	0	0
AF	0	0.159900	90	62	28	0	0	0	0
AF	0	0.160212	103	67	36	0	0	0	0
AF	0	0.160525	74	50	24	0	0	0	0
AF	0	0.160837	102	66	36	0	0	0	0
AF	0	0.161149	108	83	25	0	0	0	0
AF	0	0.161462	122	86	36	0	0	0	0
AF	0	0.161774	101	72	29	0	0	0	0
AF	0	0.162086	89	55	34	0	0	0	0
AF	0	0.162399	91	63	28	0	0	0	0
AF	0	0.162711	138	94	44	0	0	0	0
AF	0	0.163023	101	78	23	0	0	0	0
AF	0	0.163335	107	79	28	0	0	0	0
AF	0	0.163648	104	72	32	0	0	0	0
AF	0	0.163960	111	69	42	0	0	0	0
AF	0	0.164272	157	101	56	0	0	0	0
AF	0	0.164585	144	108	36	0	0	0	0
AF	0	0.164897	105	74	31	0	0	0	0
AF	0	0.165209	106	72	34	0	0	0	0
AF	0	0.165522	161	109	52	0	0	0	0
AF	0	0.165834	120	89	31	0	0	0	0
AF	0	0.166146	104	82	22	0	0	0	0
AF	0	0.166458	93	69	24	0	0	0	0
AF	0	0.166771	115	71	44	0	0	0	0
AF	0	0.167083	109	76	33	0	0	0	0
AF	0	0.167395	102	73	29	0	0	0	0
AF	0	0.167708	95	66	29	0	0	0	0
AF	0	0.168020	112	67	45	0	0	0	0
AF	0	0.168332	102	72	30	0	0	0	0
AF	0	0.168645	134	92	42	0	0	0	0
AF	0	0.168957	131	102	29	0	0	0	0
AF	0	0.169269	120	77	43	0	0	0	0
AF	0	0.169582	123	86	37	0	0	0	0
AF	0	0.169894	130	98	32	0	0	0	0
AF	0	0.170206	89	63	26	0	0	0	0
AF	0	0.170518	108	84	24	0	0	0	0
AF	0	0.170831	105	76	29	0	0	0	0
AF	0	0.171143	109	72	37	0	0	0	0
AF	0	0.171455	89	64	25	0	0	0	0
AF	0	0.171768	100	71	29	0	0	0	0
AF	0	0.172080	126	90	36	0	0	0	0
AF	0	0.172392	130	92	38	0	0	0	0
AF	0	0.172705	117	87	30	0	0	0	0
AF	0	0.173017	96	74	22	0	0	0	0
AF	0	0.173329	104	80	24	0	0	0	0
AF	0	0.173641	129	95	34	0	0	0	0
AF	0	0.173954	193	134	59	0	0	0	0
AF	0	0.174266	146	99	47	0	0	0	0
AF	0	0.174578	111	78	33	0	0	0	0
AF	0	0.174891	89	67	22	0	0	0	0
AF	0	0.175203	92	65	27	0	0	0	0
AF	0	0.175515	109	77	32	0	0	0	0
AF	0	0.175828	98	71	27	0	0	0	0
AF	0	0.176140	116	81	35	0	0	0	0
AF	0	0.176452	101	72	29	0	0	0	0
AF	0	0.176765	85	66	19	0	0	0	0
AF	0	0.177077	90	62	28	0	0	0	0
AF	0	0.177389	97	76	21	0	0	0	0
AF	0	0.177701	92	65	27	0	0	0	0
AF	0	0.178014	114	79	35	0	0	0	0
AF	0	0.178326	124	90	34	0	0	0	0
AF	0	0.178638	89	58	31	0	0	0	0
AF	0	0.178951	87	59	28	0	0	0	0
AF	0	0.179263	105	72	33	0	0	0	0
AF	0	0.179575	103	67	36	0	0	0	0
AF	0	0.179888	77	44	33	0	0	0	0
AF	0	0.180200	139	88	51	0	0	0	0
AF	0	0.180512	123	96	27	0	0	0	0
AF	0	0.180824	105	79	26	0	0	0	0
AF	0	0.181137	116	86	30	0	0	0	0
AF	0	0.181449	133	84	49	0	0	0	0
AF	0	0.181761	144	87	57	0	0	0	0
AF	0	0.182074	85	59	26	0	0	0	0
AF	0	0.182386	93	59	34	0	0	0	0
AF	0	0.182698	88	66	22	0	0	0	0
AF	0	0.183011	127	84	43	0	0	0	0
AF	0	0.183323	84	57	27	0	0	0	0
AF	0	0.183635	104	75	29	0	0	0	0
AF	0	0.183948	127	87	40	0	0	0	0
AF	0	0.184260	116	76	40	0	0	0	0
AF	0	0.184572	112	73	39	0	0	0	0
AF	0	0.184884	87	65	22	0	0	0	0
AF	0	0.185197	97	69	28	0	0	0	0
AF	0	0.185509	98	71	27	0	0	0	0
AF	0	0.185821	78	55	23	0	0	0	0
AF	0	0.186134	65	44	21	0	0	0	0
AF	0	0.186446	81	55	26	0	0	0	0
AF	0	0.186758	92	63	29	0	0	0	0
AF	0	0.187071	73	51	22	0	0	0	0
AF	0	0.187383	99	70	29	0	0	0	0
AF	0	0.187695	79	48	31	0	0	0	0
AF	0	0.188007	97	66	31	0	0	0	0
AF	0	0.188320	82	62	20	0	0	0	0
AF	0	0.188632	81	58	23	0	0	0	0
AF	0	0.188944	86	69	17	0	0	0	0
AF	0	0.189257	114	81	33	0	0	0	0
AF	0	0.189569	85	62	23	0	0	0	0
AF	0	0.189881	93	62	31	0	0	0	0
AF	0	0.190194	106	75	31	0	0	0	0
AF	0	0.190506	90	61	29	0	0	0	0
AF	0	0.190818	70	48	22	0	0	0	0
AF	0	0.191131	108	79	29	0	0	0	0
AF	0	0.191443	78	58	20	0	0	0	0
AF	0	0.191755	78	52	26	0	0	0	0
AF	0	0.192067	110	81	29	0	0	0	0
AF	0	0.192380	92	68	24	0	0	0	0
AF	0	0.192692	77	57	20	0	0	0	0
AF	0	0.193004	80	56	24	0	0	0	0
AF	0	0.193317	105	80	25	0	0	0	0
AF	0	0.193629	72	48	24	0	0	0	0
AF	0	0.193941	85	66	19	0	0	0	0
AF	0	0.194254	77	58	19	0	0	0	0
AF	0	0.194566	115	79	36	0	0	0	0
AF	0	0.194878	110	71	39	0	0	0	0
AF	0	0.195191	102	66	36	0	0	0	0
AF	0	0.195503	87	59	28	0	0	0	0
AF	0	0.195815	77	50	27	0	0	0	0
AF	0	0.196127	90	59	31	0	0	0	0
AF	0	0.196440	82	65	17	0	0	0	0
AF	0	0.196752	142	87	55	0	0	0	0
AF	0	0.197064	94	63	31	0	0	0	0
AF	0	0.197377	80	52	28	0	0	0	0
AF	0	0.197689	88	63	25	0	0	0	0
AF	0	0.198001	93	63	30	0	0	0	0
AF	0	0.198314	108	77	31	0	0	0	0
AF	0	0.198626	89	58	31	0	0	0	0
AF	0	0.198938	72	48	24	0	0	0	0
AF	0	0.199250	76	52	24	0	0	0	0
AF	0	0.199563	84	59	25	0	0	0	0
AF	0	0.199875	72	52	20	0	0	0	0
AF	0	0.200187	66	45	21	0	0	0	0
AF	0	0.200500	105	74	31	0	0	0	0
AF	0	0.200812	97	64	33	0	0	0	0
AF	0	0.201124	87	61	26	0	0	0	0
AF	0	0.201437	103	67	36	0	0	0	0
AF	0	0.201749	95	69	26	0	0	0	0
AF	0	0.202061	98	64	34	0	0	0	0
AF	0	0.202374	102	67	35	0	0	0	0
AF	0	0.202686	69	46	23	0	0	0	0
AF	0	0.202998	92	66	26	0	0	0	0
AF	0	0.203310	137	99	38	0	0	0	0
AF	0	0.203623	107	69	38	0	0	0	0
AF	0	0.203935	85	63	22	0	0	0	0
AF	0	0.204247	74	49	25	0	0	0	0
AF	0	0.204560	77	51	26	0	0	0	0
AF	0	0.204872	107	69	38	0	0	0	0
AF	0	0.205184	121	99	22	0	0	0	0
AF	0	0.205497	85	61	24	0	0	0	0
AF	0	0.205809	71	52	19	0	0	0	0
AF	0	0.206121	116	79	37	0	0	0	0
AF	0	0.206433	87	55	32	0	0	0	0
AF	0	0.206746	91	69	22	0	0	0	0
AF	0	0.207058	83	54	29	0	0	0	0
AF	0	0.207370	92	69	23	0	0	0	0
AF	0	0.207683	74	47	27	0	0	0	0
AF	0	0.207995	67	42	25	0	0	0	0
AF	0	0.208307	85	56	29	0	0	0	0
AF	0	0.208620	83	46	37	0	0	0	0
AF	0	0.208932	91	56	35	0	0	0	0
AF	0	0.209244	95	62	33	0	0	0	0
AF	0	0.209557	76	56	20	0	0	0	0
AF	0	0.209869	84	64	20	0	0	0	0
AF	0	0.210181	81	55	26	0	0	0	0
AF	0	0.210493	76	59	17	0	0	0	0
AF	0	0.210806	79	58	21	0	0	0	0
AF	0	0.211118	137	104	33	0	0	0	0
AF	0	0.211430	99	64	35	0	0	0	0
AF	0	0.211743	93	71	22	0	0	0	0
AF	0	0.212055	86	58	28	0	0	0	0
AF	0	0.212367	115	77	38	0	0	0	0
AF	0	0.212680	76	50	26	0	0	0	0
AF	0	0.212992	120	83	37	0	0	0	0
AF	0	0.213304	171	114	57	0	0	0	0
AF	0	0.213616	74	51	23	0	0	0	0
AF	0	0.213929	81	55	26	0	0	0	0
AF	0	0.214241	89	58	31	0	0	0	0
AF	0	0.214553	107	72	35	0	0	0	0
AF	0	0.214866	88	58	30	0	0	0	0
AF	0	0.215178	98	65	33	0	0	0	0
AF	0	0.215490	152	100	52	0	0	0	0
AF	0	0.215803	167	126	41	0	0	0	0
AF	0	0.216115	87	57	30	0	0	0	0
AF	0	0.216427	109	79	30	0	0	0	0
AF	0	0.216740	84	65	19	0	0	0	0
AF	0	0.217052	98	64	34	0	0	0	0
AF	0	0.217364	123	88	35	0	0	0	0
AF	0	0.217676	81	56	25	0	0	0	0
AF	0	0.217989	62	45	17	0	0	0	0
AF	0	0.218301	74	44	30	0	0	0	0
AF	0	0.218613	95	64	31	0	0	0	0
AF	0	0.218926	82	55	27	0	0	0	0
AF	0	0.219238	69	49	20	0	0	0	0
AF	0	0.219550	72	47	25	0	0	0	0
AF	0	0.219863	59	39	20	0	0	0	0
AF	0	0.220175	91	67	24	0	0	0	0
AF	0	0.220487	97	68	29	0	0	0	0
AF	0	0.220800	74	49	25	0	0	0	0
AF	0	0.221112	85	67	18	0	0	0	0
AF	0	0.221424	85	50	35	0	0	0	0
AF	0	0.221736	79	54	25	0	0	0	0
AF	0	0.222049	98	70	28	0	0	0	0
AF	0	0.222361	81	54	27	0	0	0	0
AF	0	0.222673	87	60	27	0	0	0	0
AF	0	0.222986	79	55	24	0	0	0	0
AF	0	0.223298	81	61	20	0	0	0	0
AF	0	0.223610	71	49	22	0	0	0	0
AF	0	0.223923	67	49	18	0	0	0	0
AF	0	0.224235	93	69	24	0	0	0	0
AF	0	0.224547	70	44	26	0	0	0	0
AF	0	0.224859	68	44	24	0	0	0	0
AF	0	0.225172	70	53	17	0	0	0	0
AF	0	0.225484	132	95	37	0	0	0	0
AF	0	0.225796	84	59	25	0	0	0	0
AF	0	0.226109	83	63	20	0	0	0	0
AF	0	0.226421	73	53	20	0	0	0	0
AF	0	0.226733	73	51	22	0	0	0	0
AF	0	0.227046	109	68	41	0	0	0	0
AF	0	0.227358	82	66	16	0	0	0	0
AF	0	0.227670	99	69	30	0	0	0	0
AF	0	0.227983	91	60	31	0	0	0	0
AF	0	0.228295	79	51	28	0	0	0	0
AF	0	0.228607	59	39	20	0	0	0	0
AF	0	0.228919	55	40	15	0	0	0	0
AF	0	0.229232	78	52	26	0	0	0	0
AF	0	0.229544	86	58	28	0	0	0	0
AF	0	0.229856	108	69	39	0	0	0	0
AF	0	0.230169	84	55	29	0	0	0	0
AF	0	0.230481	61	38	23	0	0	0	0
AF	0	0.230793	84	57	27	0	0	0	0
AF	0	0.231106	65	42	23	0	0	0	0
AF	0	0.231418	76	56	20	0	0	0	0
AF	0	0.231730	70	51	19	0	0	0	0
AF	0	0.232042	52	39	13	0	0	0	0
AF	0	0.232355	77	53	24	0	0	0	0
AF	0	0.232667	79	51	28	0	0	0	0
AF	0	0.232979	94	60	34	0	0	0	0
AF	0	0.233292	79	56	23	0	0	0	0
AF	0	0.233604	65	39	26	0	0	0	0
AF	0	0.233916	69	47	22	0	0	0	0
AF	0	0.234229	55	40	15	0	0	0	0
AF	0	0.234541	57	38	19	0	0	0	0
AF	0	0.234853	61	48	13	0	0	0	0
AF	0	0.235166	78	59	19	0	0	0	0
AF	0	0.235478	49	34	15	0	0	0	0
AF	0	0.235790	109	75	34	0	0	0	0
AF	0	0.236102	60	41	19	0	0	0	0
AF	0	0.236415	68	47	21	0	0	0	0
AF	0	0.236727	69	46	23	0	0	0	0
AF	0	0.237039	48	34	14	0	0	0	0
AF	0	0.237352	53	34	19	0	0	0	0
AF	0	0.237664	71	49	22	0	0	0	0
AF	0	0.237976	74	56	18	0	0	0	0
AF	0	0.238289	71	48	23	0	0	0	0
AF	0	0.238601	78	50	28	0	0	0	0
AF	0	0.238913	84	52	32	0	0	0	0
AF	0	0.239225	52	34	18	0	0	0	0
AF	0	0.239538	44	27	17	0	0	0	0
AF	0	0.239850	57	41	16	0	0	0	0
AF	0	0.240162	76	56	20	0	0	0	0
AF	0	0.240475	78	51	27	0	0	0	0
AF	0	0.240787	52	38	14	0	0	0	0
AF	0	0.241099	81	55	26	0	0	0	0
AF	0	0.241412	79	51	28	0	0	0	0
AF	0	0.241724	81	50	31	0	0	0	0
AF	0	0.242036	72	46	26	0	0	0	0
AF	0	0.242349	57	40	17	0	0	0	0
AF	0	0.242661	74	48	26	0	0	0	0
AF	0	0.242973	73	52	21	0	0	0	0
AF	0	0.243285	83	63	20	0	0	0	0
AF	0	0.243598	66	46	20	0	0	0	0
AF	0	0.243910	70	51	19	0	0	0	0
AF	0	0.244222	52	34	18	0	0	0	0
AF	0	0.244535	61	45	16	0	0	0	0
AF	0	0.244847	80	53	27	0	0	0	0
AF	0	0.245159	63	39	24	0	0	0	0
AF	0	0.245472	69	48	21	0	0	0	0
AF	0	0.245784	49	35	14	0	0	0	0
AF	0	0.246096	66	45	21	0	0	0	0
AF	0	0.246408	79	55	24	0	0	0	0
AF	0	0.246721	71	43	28	0	0	0	0
AF	0	0.247033	69	49	20	0	0	0	0
AF	0	0.247345	87	63	24	0	0	0	0
AF	0	0.247658	93	72	21	0	0	0	0
AF	0	0.247970	73	47	26	0	0	0	0
AF	0	0.248282	105	74	31	0	0	0	0
AF	0	0.248595	76	49	27	0	0	0	0
AF	0	0.248907	90	57	33	0	0	0	0
AF	0	0.249219	70	48	22	0	0	0	0
AF	0	0.249532	82	58	24	0	0	0	0
AF	0	0.249844	125	90	35	0	0	0	0
AF	0	0.250156	101	65	36	0	0	0	0
AF	0	0.250468	69	52	17	0	0	0	0
AF	0	0.250781	87	62	25	0	0	0	0
AF	0	0.251093	65	55	10	0	0	0	0
AF	0	0.251405	60	40	20	0	0	0	0
AF	0	0.251718	61	45	16	0	0	0	0
AF	0	0.252030	65	48	17	0	0	0	0
AF	0	0.252342	59	40	19	0	0	0	0
AF	0	0.252655	74	48	26	0	0	0	0
AF	0	0.252967	74	56	18	0	0	0	0
AF	0	0.253279	60	36	24	0	0	0	0
AF	0	0.253592	87	69	18	0	0	0	0
AF	0	0.253904	63	42	21	0	0	0	0
AF	0	0.254216	75	56	19	0	0	0	0
AF	0	0.254528	85	67	18	0	0	0	0
AF	0	0.254841	86	54	32	0	0	0	0
AF	0	0.255153	69	45	24	0	0	0	0
AF	0	0.255465	66	51	15	0	0	0	0
AF	0	0.255778	82	61	21	0	0	0	0
AF	0	0.256090	78	53	25	0	0	0	0
AF	0	0.256402	64	39	25	0	0	0	0
AF	0	0.256715	65	39	26	0	0	0	0
AF	0	0.257027	67	49	18	0	0	0	0
AF	0	0.257339	62	44	18	0	0	0	0
AF	0	0.257651	77	47	30	0	0	0	0
AF	0	0.257964	108	67	41	0	0	0	0
AF	0	0.258276	61	43	18	0	0	0	0
AF	0	0.258588	69	44	25	0	0	0	0
AF	0	0.258901	86	63	23	0	0	0	0
AF	0	0.259213	81	56	25	0	0	0	0
AF	0	0.259525	57	38	19	0	0	0	0
AF	0	0.259838	57	41	16	0	0	0	0
AF	0	0.260150	67	53	14	0	0	0	0
AF	0	0.260462	83	55	28	0	0	0	0
AF	0	0.260775	81	60	21	0	0	0	0
AF	0	0.261087	72	49	23	0	0	0	0
AF	0	0.261399	73	47	26	0	0	0	0
AF	0	0.261711	75	51	24	0	0	0	0
AF	0	0.262024	58	40	18	0	0	0	0
AF	0	0.262336	78	60	18	0	0	0	0
AF	0	0.262648	68	49	19	0	0	0	0
AF	0	0.262961	55	38	17	0	0	0	0
AF	0	0.263273	65	47	18	0	0	0	0
AF	0	0.263585	61	40	21	0	0	0	0
AF	0	0.263898	49	30	19	0	0	0	0
AF	0	0.264210	49	27	22	0	0	0	0
AF	0	0.264522	60	42	18	0	0	0	0
AF	0	0.264834	62	47	15	0	0	0	0
AF	0	0.265147	75	49	26	0	0	0	0
AF	0	0.265459	51	31	20	0	0	0	0
AF	0	0.265771	89	66	23	0	0	0	0
AF	0	0.266084	64	42	22	0	0	0	0
AF	0	0.266396	70	51	19	0	0	0	0
AF	0	0.266708	61	40	21	0	0	0	0
AF	0	0.267021	54	34	20	0	0	0	0
AF	0	0.267333	66	38	28	0	0	0	0
AF	0	0.267645	68	51	17	0	0	0	0
AF	0	0.267958	67	45	22	0	0	0	0
AF	0	0.268270	59	42	17	0	0	0	0
AF	0	0.268582	80	59	21	0	0	0	0
AF	0	0.268894	83	61	22	0	0	0	0
AF	0	0.269207	48	33	15	0	0	0	0
AF	0	0.269519	49	35	14	0	0	0	0
AF	0	0.269831	56	40	16	0	0	0	0
AF	0	0.270144	70	46	24	0	0	0	0
AF	0	0.270456	53	33	20	0	0	0	0
AF	0	0.270768	45	38	7	0	0	0	0
AF	0	0.271081	62	39	23	0	0	0	0
AF	0	0.271393	94	69	25	0	0	0	0
AF	0	0.271705	95	69	26	0	0	0	0
AF	0	0.272017	81	56	25	0	0	0	0
AF	0	0.272330	60	36	24	0	0	0	0
AF	0	0.272642	60	42	18	0	0	0	0
AF	0	0.272954	69	50	19	0	0	0	0
AF	0	0.273267	57	41	16	0	0	0	0
AF	0	0.273579	64	44	20	0	0	0	0
AF	0	0.273891	134	93	41	0	0	0	0
AF	0	0.274204	67	52	15	0	0	0	0
AF	0	0.274516	46	33	13	0	0	0	0
AF	0	0.274828	52	39	13	0	0	0	0
AF	0	0.275141	49	28	21	0	0	0	0
AF	0	0.275453	60	50	10	0	0	0	0
AF	0	0.275765	69	39	30	0	0	0	0
AF	0	0.276077	61	47	14	0	0	0	0
AF	0	0.276390	61	49	12	0	0	0	0
AF	0	0.276702	60	39	21	0	0	0	0
AF	0	0.277014	64	42	22	0	0	0	0
AF	0	0.277327	66	48	18	0	0	0	0
AF	0	0.277639	55	40	15	0	0	0	0
AF	0	0.277951	50	29	21	0	0	0	0
AF	0	0.278264	57	43	14	0	0	0	0
AF	0	0.278576	88	52	36	0	0	0	0
AF	0	0.278888	80	56	24	0	0	0	0
AF	0	0.279200	61	43	18	0	0	0	0
AF	0	0.279513	69	52	17	0	0	0	0
AF	0	0.279825	74	48	26	0	0	0	0
AF	0	0.280137	57	37	20	0	0	0	0
AF	0	0.280450	95	61	34	0	0	0	0
AF	0	0.280762	60	44	16	0	0	0	0
AF	0	0.281074	43	26	17	0	0	0	0
AF	0	0.281387	50	41	9	0	0	0	0
AF	0	0.281699	51	33	18	0	0	0	0
AF	0	0.282011	65	45	20	0	0	0	0
AF	0	0.282324	47	27	20	0	0	0	0
AF	0	0.282636	61	38	23	0	0	0	0
AF	0	0.282948	58	42	16	0	0	0	0
AF	0	0.283260	66	44	22	0	0	0	0
AF	0	0.283573	73	52	21	0	0	0	0
AF	0	0.283885	47	30	17	0	0	0	0
AF	0	0.284197	65	40	25	0	0	0	0
AF	0	0.284510	52	36	16	0	0	0	0
AF	0	0.284822	51	33	18	0	0	0	0
AF	0	0.285134	56	43	13	0	0	0	0
AF	0	0.285447	53	39	14	0	0	0	0
AF	0	0.285759	65	49	16	0	0	0	0
AF	0	0.286071	84	61	23	0	0	0	0
AF	0	0.286384	58	48	10	0	0	0	0
AF	0	0.286696	55	39	16	0	0	0	0
AF	0	0.287008	48	28	20	0	0	0	0
AF	0	0.287320	60	45	15	0	0	0	0
AF	0	0.287633	61	48	13	0	0	0	0
AF	0	0.287945	51	42	9	0	0	0	0
AF	0	0.288257	65	46	19	0	0	0	0
AF	0	0.288570	91	64	27	0	0	0	0
AF	0	0.288882	88	56	32	0	0	0	0
AF	0	0.289194	59	44	15	0	0	0	0
AF	0	0.289507	37	24	13	0	0	0	0
AF	0	0.289819	47	34	13	0	0	0	0
AF	0	0.290131	55	38	17	0	0	0	0
AF	0	0.290443	70	50	20	0	0	0	0
AF	0	0.290756	61	43	18	0	0	0	0
AF	0	0.291068	54	39	15	0	0	0	0
AF	0	0.291380	43	21	22	0	0	0	0
AF	0	0.291693	56	38	18	0	0	0	0
AF	0	0.292005	43	29	14	0	0	0	0
AF	0	0.292317	51	36	15	0	0	0	0
AF	0	0.292630	50	37	13	0	0	0	0
AF	0	0.292942	52	33	19	0	0	0	0
AF	0	0.293254	45	30	15	0	0	0	0
AF	0	0.293567	39	30	9	0	0	0	0
AF	0	0.293879	48	30	18	0	0	0	0
AF	0	0.294191	45	33	12	0	0	0	0
AF	0	0.294503	42	28	14	0	0	0	0
AF	0	0.294816	35	24	11	0	0	0	0
AF	0	0.295128	49	41	8	0	0	0	0
AF	0	0.295440	63	40	23	0	0	0	0
AF	0	0.295753	65	51	14	0	0	0	0
AF	0	0.296065	52	39	13	0	0	0	0
AF	0	0.296377	44	27	17	0	0	0	0
AF	0	0.296690	46	31	15	0	0	0	0
AF	0	0.297002	60	44	16	0	0	0	0
AF	0	0.297314	49	33	16	0	0	0	0
AF	0	0.297626	65	39	26	0	0	0	0
AF	0	0.297939	52	40	12	0	0	0	0
AF	0	0.298251	45	34	11	0	0	0	0
AF	0	0.298563	53	36	17	0	0	0	0
AF	0	0.298876	61	43	18	0	0	0	0
AF	0	0.299188	45	32	13	0	0	0	0
AF	0	0.299500	83	62	21	0	0	0	0
AF	0	0.299813	59	47	12	0	0	0	0
AF	0	0.300125	61	45	16	0	0	0	0
AF	0	0.300437	71	42	29	0	0	0	0
AF	0	0.300750	63	45	18	0	0	0	0
AF	0	0.301062	71	50	21	0	0	0	0
AF	0	0.301374	51	35	16	0	0	0	0
AF	0	0.301686	47	31	16	0	0	0	0
AF	0	0.301999	47	30	17	0	0	0	0
AF	0	0.302311	46	30	16	0	0	0	0
AF	0	0.302623	48	33	15	0	0	0	0
AF	0	0.302936	52	37	15	0	0	0	0
AF	0	0.303248	49	35	14	0	0	0	0
AF	0	0.303560	53	34	19	0	0	0	0
AF	0	0.303873	50	31	19	0	0	0	0
AF	0	0.304185	64	46	18	0	0	0	0
AF	0	0.304497	56	40	16	0	0	0	0
AF	0	0.304809	78	57	21	0	0	0	0
AF	0	0.305122	77	50	27	0	0	0	0
AF	0	0.305434	61	34	27	0	0	0	0
AF	0	0.305746	71	42	29	0	0	0	0
AF	0	0.306059	68	46	22	0	0	0	0
AF	0	0.306371	61	51	10	0	0	0	0
AF	0	0.306683	48	28	20	0	0	0	0
AF	0	0.306996	68	42	26	0	0	0	0
AF	0	0.307308	69	45	24	0	0	0	0
AF	0	0.307620	64	43	21	0	0	0	0
AF	0	0.307933	54	38	16	0	0	0	0
AF	0	0.308245	75	50	25	0	0	0	0
AF	0	0.308557	81	55	26	0	0	0	0
AF	0	0.308869	60	42	18	0	0	0	0
AF	0	0.309182	61	47	14	0	0	0	0
AF	0	0.309494	67	42	25	0	0	0	0
AF	0	0.309806	50	33	17	0	0	0	0
AF	0	0.310119	62	45	17	0	0	0	0
AF	0	0.310431	66	44	22	0	0	0	0
AF	0	0.310743	45	33	12	0	0	0	0
AF	0	0.311056	63	52	11	0	0	0	0
AF	0	0.311368	71	48	23	0	0	0	0
AF	0	0.311680	81	54	27	0	0	0	0
AF	0	0.311993	62	44	18	0	0	0	0
AF	0	0.312305	64	44	20	0	0	0	0
AF	0	0.312617	61	43	18	0	0	0	0
AF	0	0.312929	70	47	23	0	0	0	0
AF	0	0.313242	70	46	24	0	0	0	0
AF	0	0.313554	83	60	23	0	0	0	0
AF	0	0.313866	67	50	17	0	0	0	0
AF	0	0.314179	61	42	19	0	0	0	0
AF	0	0.314491	53	33	20	0	0	0	0
AF	0	0.314803	55	39	16	0	0	0	0
AF	0	0.315116	52	39	13	0	0	0	0
AF	0	0.315428	47	36	11	0	0	0	0
AF	0	0.315740	47	37	10	0	0	0	0
AF	0	0.316052	46	32	14	0	0	0	0
AF	0	0.316365	38	28	10	0	0	0	0
AF	0	0.316677	66	46	20	0	0	0	0
AF	0	0.316989	62	45	17	0	0	0	0
AF	0	0.317302	80	50	30	0	0	0	0
AF	0	0.317614	65	40	25	0	0	0	0
AF	0	0.317926	38	27	11	0	0	0	0
AF	0	0.318239	68	56	12	0	0	0	0
AF	0	0.318551	55	37	18	0	0	0	0
AF	0	0.318863	59	45	14	0	0	0	0
AF	0	0.319176	50	32	18	0	0	0	0
AF	0	0.319488	45	31	14	0	0	0	0
AF	0	0.319800	49	40	9	0	0	0	0
AF	0	0.320112	61	44	17	0	0	0	0
AF	0	0.320425	58	49	9	0	0	0	0
AF	0	0.320737	57	39	18	0	0	0	0
AF	0	0.321049	64	46	18	0	0	0	0
AF	0	0.321362	46	34	12	0	0	0	0
AF	0	0.321674	65	40	25	0	0	0	0
AF	0	0.321986	51	36	15	0	0	0	0
AF	0	0.322299	96	69	27	0	0	0	0
AF	0	0.322611	85	56	29	0	0	0	0
AF	0	0.322923	51	34	17	0	0	0	0
AF	0	0.323235	57	41	16	0	0	0	0
AF	0	0.323548	57	35	22	0	0	0	0
AF	0	0.323860	64	48	16	0	0	0	0
AF	0	0.324172	76	46	30	0	0	0	0
AF	0	0.324485	53	36	17	0	0	0	0
AF	0	0.324797	58	31	27	0	0	0	0
AF	0	0.325109	72	54	18	0	0	0	0
AF	0	0.325422	59	39	20	0	0	0	0
AF	0	0.325734	57	40	17	0	0	0	0
AF	0	0.326046	62	42	20	0	0	0	0
AF	0	0.326359	42	30	12	0	0	0	0
AF	0	0.326671	61	37	24	0	0	0	0
AF	0	0.326983	61	42	19	0	0	0	0
AF	0	0.327295	51	36	15	0	0	0	0
AF	0	0.327608	64	43	21	0	0	0	0
AF	0	0.327920	56	37	19	0	0	0	0
AF	0	0.328232	85	57	28	0	0	0	0
AF	0	0.328545	93	66	27	0	0	0	0
AF	0	0.328857	79	52	27	0	0	0	0
AF	0	0.329169	69	49	20	0	0	0	0
AF	0	0.329482	69	49	20	0	0	0	0
AF	0	0.329794	66	48	18	0	0	0	0
AF	0	0.330106	66	51	15	0	0	0	0
AF	0	0.330418	54	39	15	0	0	0	0
AF	0	0.330731	48	34	14	0	0	0	0
AF	0	0.331043	54	41	13	0	0	0	0
AF	0	0.331355	54	35	19	0	0	0	0
AF	0	0.331668	63	37	26	0	0	0	0
AF	0	0.331980	50	33	17	0	0	0	0
AF	0	0.332292	59	39	20	0	0	0	0
AF	0	0.332605	70	49	21	0	0	0	0
AF	0	0.332917	52	36	16	0	0	0	0
AF	0	0.333229	49	30	19	0	0	0	0
AF	0	0.333542	55	39	16	0	0	0	0
AF	0	0.333854	59	38	21	0	0	0	0
AF	0	0.334166	51	40	11	0	0	0	0
AF	0	0.334478	59	41	18	0	0	0	0
AF	0	0.334791	57	36	21	0	0	0	0
AF	0	0.335103	39	24	15	0	0	0	0
AF	0	0.335415	57	40	17	0	0	0	0
AF	0	0.335728	44	29	15	0	0	0	0
AF	0	0.336040	62	43	19	0	0	0	0
AF	0	0.336352	47	36	11	0	0	0	0
AF	0	0.336665	47	27	20	0	0	0	0
AF	0	0.336977	42	31	11	0	0	0	0
AF	0	0.337289	42	33	9	0	0	0	0
AF	0	0.337601	51	36	15	0	0	0	0
AF	0	0.337914	40	30	10	0	0	0	0
AF	0	0.338226	41	26	15	0	0	0	0
AF	0	0.338538	40	23	17	0	0	0	0
AF	0	0.338851	37	30	7	0	0	0	0
AF	0	0.339163	36	27	9	0	0	0	0
AF	0	0.339475	43	32	11	0	0	0	0
AF	0	0.339788	44	31	13	0	0	0	0
AF	0	0.340100	49	30	19	0	0	0	0
AF	0	0.340412	39	27	12	0	0	0	0
AF	0	0.340725	44	26	18	0	0	0	0
AF	0	0.341037	35	25	10	0	0	0	0
AF	0	0.341349	67	44	23	0	0	0	0
AF	0	0.341661	61	47	14	0	0	0	0
AF	0	0.341974	54	37	17	0	0	0	0
AF	0	0.342286	80	48	32	0	0	0	0
AF	0	0.342598	62	48	14	0	0	0	0
AF	0	0.342911	69	54	15	0	0	0	0
AF	0	0.343223	56	40	16	0	0	0	0
AF	0	0.343535	51	39	12	0	0	0	0
AF	0	0.343848	61	44	17	0	0	0	0
AF	0	0.344160	63	40	23	0	0	0	0
AF	0	0.344472	50	35	15	0	0	0	0
AF	0	0.344785	27	15	12	0	0	0	0
AF	0	0.345097	49	31	18	0	0	0	0
AF	0	0.345409	62	40	22	0	0	0	0
AF	0	0.345721	48	36	12	0	0	0	0
AF	0	0.346034	41	28	13	0	0	0	0
AF	0	0.346346	39	27	12	0	0	0	0
AF	0	0.346658	37	18	19	0	0	0	0
AF	0	0.346971	50	35	15	0	0	0	0
AF	0	0.347283	41	31	10	0	0	0	0
AF	0	0.347595	36	24	12	0	0	0	0
AF	0	0.347908	42	31	11	0	0	0	0
AF	0	0.348220	43	27	16	0	0	0	0
AF	0	0.348532	36	24	12	0	0	0	0
AF	0	0.348844	41	28	13	0	0	0	0
AF	0	0.349157	41	27	14	0	0	0	0
AF	0	0.349469	48	32	16	0	0	0	0
AF	0	0.349781	44	26	18	0	0	0	0
AF	0	0.350094	49	36	13	0	0	0	0
AF	0	0.350406	44	30	14	0	0	0	0
AF	0	0.350718	53	37	16	0	0	0	0
AF	0	0.351031	42	27	15	0	0	0	0
AF	0	0.351343	46	38	8	0	0	0	0
AF	0	0.351655	50	32	18	0	0	0	0
AF	0	0.351968	44	35	9	0	0	0	0
AF	0	0.352280	35	29	6	0	0	0	0
AF	0	0.352592	38	29	9	0	0	0	0
AF	0	0.352904	41	26	15	0	0	0	0
AF	0	0.353217	50	34	16	0	0	0	0
AF	0	0.353529	41	26	15	0	0	0	0
AF	0	0.353841	37	21	16	0	0	0	0
AF	0	0.354154	62	48	14	0	0	0	0
AF	0	0.354466	54	41	13	0	0	0	0
AF	0	0.354778	37	27	10	0	0	0	0
AF	0	0.355091	52	34	18	0	0	0	0
AF	0	0.355403	67	42	25	0	0	0	0
AF	0	0.355715	50	33	17	0	0	0	0
AF	0	0.356027	47	27	20	0	0	0	0
AF	0	0.356340	52	37	15	0	0	0	0
AF	0	0.356652	56	40	16	0	0	0	0
AF	0	0.356964	52	39	13	0	0	0	0
AF	0	0.357277	56	33	23	0	0	0	0
AF	0	0.357589	43	26	17	0	0	0	0
AF	0	0.357901	59	38	21	0	0	0	0
AF	0	0.358214	36	25	11	0	0	0	0
AF	0	0.358526	44	28	16	0	0	0	0
AF	0	0.358838	45	29	16	0	0	0	0
AF	0	0.359151	39	30	9	0	0	0	0
AF	0	0.359463	33	20	13	0	0	0	0
AF	0	0.359775	56	47	9	0	0	0	0
AF	0	0.360087	54	37	17	0	0	0	0
AF	0	0.360400	39	26	13	0	0	0	0
AF	0	0.360712	41	31	10	0	0	0	0
AF	0	0.361024	45	29	16	0	0	0	0
AF	0	0.361337	51	38	13	0	0	0	0
AF	0	0.361649	54	39	15	0	0	0	0
AF	0	0.361961	71	51	20	0	0	0	0
AF	0	0.362274	62	43	19	0	0	0	0
AF	0	0.362586	58	39	19	0	0	0	0
AF	0	0.362898	56	39	17	0	0	0	0
AF	0	0.363210	44	28	16	0	0	0	0
AF	0	0.363523	54	37	17	0	0	0	0
AF	0	0.363835	51	38	13	0	0	0	0
AF	0	0.364147	52	44	8	0	0	0	0
AF	0	0.364460	35	20	15	0	0	0	0
AF	0	0.364772	41	30	11	0	0	0	0
AF	0	0.365084	32	25	7	0	0	0	0
AF	0	0.365397	39	32	7	0	0	0	0
AF	0	0.365709	54	32	22	0	0	0	0
AF	0	0.366021	50	36	14	0	0	0	0
AF	0	0.366334	45	27	18	0	0	0	0
AF	0	0.366646	43	22	21	0	0	0	0
AF	0	0.366958	50	32	18	0	0	0	0
AF	0	0.367270	63	42	21	0	0	0	0
AF	0	0.367583	64	39	25	0	0	0	0
AF	0	0.367895	61	47	14	0	0	0	0
AF	0	0.368207	38	30	8	0	0	0	0
AF	0	0.368520	44	31	13	0	0	0	0
AF	0	0.368832	63	39	24	0	0	0	0
AF	0	0.369144	46	32	14	0	0	0	0
AF	0	0.369457	46	31	15	0	0	0	0
AF	0	0.369769	46	29	17	0	0	0	0
AF	0	0.370081	38	27	11	0	0	0	0
AF	0	0.370394	44	27	17	0	0	0	0
AF	0	0.370706	49	33	16	0	0	0	0
AF	0	0.371018	41	32	9	0	0	0	0
AF	0	0.371330	45	30	15	0	0	0	0
AF	0	0.371643	42	27	15	0	0	0	0
AF	0	0.371955	27	16	11	0	0	0	0
AF	0	0.372267	46	37	9	0	0	0	0
AF	0	0.372580	48	36	12	0	0	0	0
AF	0	0.372892	63	46	17	0	0	0	0
AF	0	0.373204	63	46	17	0	0	0	0
AF	0	0.373517	66	41	25	0	0	0	0
AF	0	0.373829	45	27	18	0	0	0	0
AF	0	0.374141	50	37	13	0	0	0	0
AF	0	0.374453	38	25	13	0	0	0	0
AF	0	0.374766	49	33	16	0	0	0	0
AF	0	0.375078	48	37	11	0	0	0	0
AF	0	0.375390	44	29	15	0	0	0	0
AF	0	0.375703	36	27	9	0	0	0	0
AF	0	0.376015	48	35	13	0	0	0	0
AF	0	0.376327	38	23	15	0	0	0	0
AF	0	0.376640	37	27	10	0	0	0	0
AF	0	0.376952	38	27	11	0	0	0	0
AF	0	0.377264	35	20	15	0	0	0	0
AF	0	0.377577	38	33	5	0	0	0	0
AF	0	0.377889	59	43	16	0	0	0	0
AF	0	0.378201	48	35	13	0	0	0	0
AF	0	0.378513	60	43	17	0	0	0	0
AF	0	0.378826	36	24	12	0	0	0	0
AF	0	0.379138	39	25	14	0	0	0	0
AF	0	0.379450	39	29	10	0	0	0	0
AF	0	0.379763	45	32	13	0	0	0	0
AF	0	0.380075	43	31	12	0	0	0	0
AF	0	0.380387	32	22	10	0	0	0	0
AF	0	0.380700	37	26	11	0	0	0	0
AF	0	0.381012	50	39	11	0	0	0	0
AF	0	0.381324	26	18	8	0	0	0	0
AF	0	0.381636	41	23	18	0	0	0	0
AF	0	0.381949	49	33	16	0	0	0	0
AF	0	0.382261	49	33	16	0	0	0	0
AF	0	0.382573	56	41	15	0	0	0	0
AF	0	0.382886	50	35	15	0	0	0	0
AF	0	0.383198	57	42	15	0	0	0	0
AF	0	0.383510	64	39	25	0	0	0	0
AF	0	0.383823	48	36	12	0	0	0	0
AF	0	0.384135	48	29	19	0	0	0	0
AF	0	0.384447	54	39	15	0	0	0	0
AF	0	0.384760	59	37	22	0	0	0	0
AF	0	0.385072	51	39	12	0	0	0	0
AF	0	0.385384	56	38	18	0	0	0	0
AF	0	0.385696	54	38	16	0	0	0	0
AF	0	0.386009	97	67	30	0	0	0	0
AF	0	0.386321	57	39	18	0	0	0	0
AF	0	0.386633	42	30	12	0	0	0	0
AF	0	0.386946	39	27	12	0	0	0	0
AF	0	0.387258	33	24	9	0	0	0	0
AF	0	0.387570	44	32	12	0	0	0	0
AF	0	0.387883	39	24	15	0	0	0	0
AF	0	0.388195	39	22	17	0	0	0	0
AF	0	0.388507	38	25	13	0	0	0	0
AF	0	0.388819	40	33	7	0	0	0	0
AF	0	0.389132	47	36	11	0	0	0	0
AF	0	0.389444	47	33	14	0	0	0	0
AF	0	0.389756	57	35	22	0	0	0	0
AF	0	0.390069	38	23	15	0	0	0	0
AF	0	0.390381	51	35	16	0	0	0	0
AF	0	0.390693	49	35	14	0	0	0	0
AF	0	0.391006	40	24	16	0	0	0	0
AF	0	0.391318	44	31	13	0	0	0	0
AF	0	0.391630	59	37	22	0	0	0	0
AF	0	0.391943	59	43	16	0	0	0	0
AF	0	0.392255	36	26	10	0	0	0	0
AF	0	0.392567	55	41	14	0	0	0	0
AF	0	0.392879	52	34	18	0	0	0	0
AF	0	0.393192	44	24	20	0	0	0	0
AF	0	0.393504	54	42	12	0	0	0	0
AF	0	0.393816	44	31	13	0	0	0	0
AF	0	0.394129	32	21	11	0	0	0	0
AF	0	0.394441	32	21	11	0	0	0	0
AF	0	0.394753	44	34	10	0	0	0	0
AF	0	0.395066	42	27	15	0	0	0	0
AF	0	0.395378	77	56	21	0	0	0	0
AF	0	0.395690	57	37	20	0	0	0	0
AF	0	0.396002	57	42	15	0	0	0	0
AF	0	0.396315	53	35	18	0	0	0	0
AF	0	0.396627	49	38	11	0	0	0	0
AF	0	0.396939	48	33	15	0	0	0	0
AF	0	0.397252	42	30	12	0	0	0	0
AF	0	0.397564	48	28	20	0	0	0	0
AF	0	0.397876	47	36	11	0	0	0	0
AF	0	0.398189	43	27	16	0	0	0	0
AF	0	0.398501	48	35	13	0	0	0	0
AF	0	0.398813	44	30	14	0	0	0	0
AF	0	0.399126	63	43	20	0	0	0	0
AF	0	0.399438	48	33	15	0	0	0	0
AF	0	0.399750	45	32	13	0	0	0	0
AF	0	0.400062	68	41	27	0	0	0	0
AF	0	0.400375	41	29	12	0	0	0	0
AF	0	0.400687	40	31	9	0	0	0	0
AF	0	0.400999	38	28	10	0	0	0	0
AF	0	0.401312	44	30	14	0	0	0	0
AF	0	0.401624	46	34	12	0	0	0	0
AF	0	0.401936	44	32	12	0	0	0	0
AF	0	0.402249	48	27	21	0	0	0	0
AF	0	0.402561	50	32	18	0	0	0	0
AF	0	0.402873	39	26	13	0	0	0	0
AF	0	0.403186	35	27	8	0	0	0	0
AF	0	0.403498	43	31	12	0	0	0	0
AF	0	0.403810	39	25	14	0	0	0	0
AF	0	0.404122	67	48	19	0	0	0	0
AF	0	0.404435	40	22	18	0	0	0	0
AF	0	0.404747	33	24	9	0	0	0	0
AF	0	0.405059	36	21	15	0	0	0	0
AF	0	0.405372	37	20	17	0	0	0	0
AF	0	0.405684	48	34	14	0	0	0	0
AF	0	0.405996	49	36	13	0	0	0	0
AF	0	0.406309	44	33	11	0	0	0	0
AF	0	0.406621	36	26	10	0	0	0	0
AF	0	0.406933	41	26	15	0	0	0	0
AF	0	0.407245	39	29	10	0	0	0	0
AF	0	0.407558	48	33	15	0	0	0	0
AF	0	0.407870	45	30	15	0	0	0	0
AF	0	0.408182	34	25	9	0	0	0	0
AF	0	0.408495	49	35	14	0	0	0	0
AF	0	0.408807	38	29	9	0	0	0	0
AF	0	0.409119	44	30	14	0	0	0	0
AF	0	0.409432	82	55	27	0	0	0	0
AF	0	0.409744	52	37	15	0	0	0	0
AF	0	0.410056	50	35	15	0	0	0	0
AF	0	0.410369	36	29	7	0	0	0	0
AF	0	0.410681	41	31	10	0	0	0	0
AF	0	0.410993	42	28	14	0	0	0	0
AF	0	0.411305	37	25	12	0	0	0	0
AF	0	0.411618	50	33	17	0	0	0	0
AF	0	0.411930	39	29	10	0	0	0	0
AF	0	0.412242	48	31	17	0	0	0	0
AF	0	0.412555	86	62	24	0	0	0	0
AF	0	0.412867	72	43	29	0	0	0	0
AF	0	0.413179	65	34	31	0	0	0	0
AF	0	0.413492	53	33	20	0	0	0	0
AF	0	0.413804	47	33	14	0	0	0	0
AF	0	0.414116	22	13	9	0	0	0	0
AF	0	0.414428	32	22	10	0	0	0	0
AF	0	0.414741	33	22	11	0	0	0	0
AF	0	0.415053	46	32	14	0	0	0	0
AF	0	0.415365	38	22	16	0	0	0	0
AF	0	0.415678	48	37	11	0	0	0	0
AF	0	0.415990	46	34	12	0	0	0	0
AF	0	0.416302	33	25	8	0	0	0	0
AF	0	0.416615	51	32	19	0	0	0	0
AF	0	0.416927	46	31	15	0	0	0	0
AF	0	0.417239	34	22	12	0	0	0	0
AF	0	0.417552	40	28	12	0	0	0	0
AF	0	0.417864	36	28	8	0	0	0	0
AF	0	0.418176	53	41	12	0	0	0	0
AF	0	0.418488	45	35	10	0	0	0	0
AF	0	0.418801	40	29	11	0	0	0	0
AF	0	0.419113	37	25	12	0	0	0	0
AF	0	0.419425	42	27	15	0	0	0	0
AF	0	0.419738	42	26	16	0	0	0	0
AF	0	0.420050	51	34	17	0	0	0	0
AF	0	0.420362	40	27	13	0	0	0	0
AF	0	0.420675	58	37	21	0	0	0	0
AF	0	0.420987	43	27	16	0	0	0	0
AF	0	0.421299	31	23	8	0	0	0	0
AF	0	0.421611	35	25	10	0	0	0	0
AF	0	0.421924	42	25	17	0	0	0	0
AF	0	0.422236	30	16	14	0	0	0	0
AF	0	0.422548	39	30	9	0	0	0	0
AF	0	0.422861	37	26	11	0	0	0	0
AF	0	0.423173	36	26	10	0	0	0	0
AF	0	0.423485	52	41	11	0	0	0	0
AF	0	0.423798	36	26	10	0	0	0	0
AF	0	0.424110	51	39	12	0	0	0	0
AF	0	0.424422	61	41	20	0	0	0	0
AF	0	0.424735	43	34	9	0	0	0	0
AF	0	0.425047	60	41	19	0	0	0	0
AF	0	0.425359	40	24	16	0	0	0	0
AF	0	0.425671	49	33	16	0	0	0	0
AF	0	0.425984	46	31	15	0	0	0	0
AF	0	0.426296	38	23	15	0	0	0	0
AF	0	0.426608	43	30	13	0	0	0	0
AF	0	0.426921	53	36	17	0	0	0	0
AF	0	0.427233	29	21	8	0	0	0	0
AF	0	0.427545	35	23	12	0	0	0	0
AF	0	0.427858	38	28	10	0	0	0	0
AF	0	0.428170	46	33	13	0	0	0	0
AF	0	0.428482	39	29	10	0	0	0	0
AF	0	0.428795	40	28	12	0	0	0	0
AF	0	0.429107	41	31	10	0	0	0	0
AF	0	0.429419	44	33	11	0	0	0	0
AF	0	0.429731	44	30	14	0	0	0	0
AF	0	0.430044	39	20	19	0	0	0	0
AF	0	0.430356	49	33	16	0	0	0	0
AF	0	0.430668	39	27	12	0	0	0	0
AF	0	0.430981	46	31	15	0	0	0	0
AF	0	0.431293	57	43	14	0	0	0	0
AF	0	0.431605	55	32	23	0	0	0	0
AF	0	0.431918	36	22	14	0	0	0	0
AF	0	0.432230	43	30	13	0	0	0	0
AF	0	0.432542	63	48	15	0	0	0	0
AF	0	0.432854	72	54	18	0	0	0	0
AF	0	0.433167	51	34	17	0	0	0	0
AF	0	0.433479	51	34	17	0	0	0	0
AF	0	0.433791	41	27	14	0	0	0	0
AF	0	0.434104	46	32	14	0	0	0	0
AF	0	0.434416	28	17	11	0	0	0	0
AF	0	0.434728	49	35	14	0	0	0	0
AF	0	0.435041	45	32	13	0	0	0	0
AF	0	0.435353	35	25	10	0	0	0	0
AF	0	0.435665	50	35	15	0	0	0	0
AF	0	0.435978	48	32	16	0	0	0	0
AF	0	0.436290	40	33	7	0	0	0	0
AF	0	0.436602	45	31	14	0	0	0	0
AF	0	0.436914	62	40	22	0	0	0	0
AF	0	0.437227	58	40	18	0	0	0	0
AF	0	0.437539	134	89	45	0	0	0	0
AF	0	0.437851	40	29	11	0	0	0	0
AF	0	0.438164	46	29	17	0	0	0	0
AF	0	0.438476	36	28	8	0	0	0	0
AF	0	0.438788	48	28	20	0	0	0	0
AF	0	0.439101	39	27	12	0	0	0	0
AF	0	0.439413	37	27	10	0	0	0	0
AF	0	0.439725	34	19	15	0	0	0	0
AF	0	0.440037	39	29	10	0	0	0	0
AF	0	0.440350	40	27	13	0	0	0	0
AF	0	0.440662	47	32	15	0	0	0	0
AF	0	0.440974	71	50	21	0	0	0	0
AF	0	0.441287	59	44	15	0	0	0	0
AF	0	0.441599	37	29	8	0	0	0	0
AF	0	0.441911	70	55	15	0	0	0	0
AF	0	0.442224	37	19	18	0	0	0	0
AF	0	0.442536	38	24	14	0	0	0	0
AF	0	0.442848	65	45	20	0	0	0	0
AF	0	0.443161	42	30	12	0	0	0	0
AF	0	0.443473	52	39	13	0	0	0	0
AF	0	0.443785	44	28	16	0	0	0	0
AF	0	0.444097	40	23	17	0	0	0	0
AF	0	0.444410	33	26	7	0	0	0	0
AF	0	0.444722	42	31	11	0	0	0	0
AF	0	0.445034	48	35	13	0	0	0	0
AF	0	0.445347	46	34	12	0	0	0	0
AF	0	0.445659	29	20	9	0	0	0	0
AF	0	0.445971	28	18	10	0	0	0	0
AF	0	0.446284	37	25	12	0	0	0	0
AF	0	0.446596	44	29	15	0	0	0	0
AF	0	0.446908	40	31	9	0	0	0	0
AF	0	0.447220	35	24	11	0	0	0	0
AF	0	0.447533	46	29	17	0	0	0	0
AF	0	0.447845	60	39	21	0	0	0	0
AF	0	0.448157	35	21	14	0	0	0	0
AF	0	0.448470	52	35	17	0	0	0	0
AF	0	0.448782	55	43	12	0	0	0	0
AF	0	0.449094	47	34	13	0	0	0	0
AF	0	0.449407	31	21	10	0	0	0	0
AF	0	0.449719	37	26	11	0	0	0	0
AF	0	0.450031	30	20	10	0	0	0	0
AF	0	0.450344	45	36	9	0	0	0	0
AF	0	0.450656	41	26	15	0	0	0	0
AF	0	0.450968	34	23	11	0	0	0	0
AF	0	0.451280	37	25	12	0	0	0	0
AF	0	0.451593	31	18	13	0	0	0	0
AF	0	0.451905	29	21	8	0	0	0	0
AF	0	0.452217	32	23	9	0	0	0	0
AF	0	0.452530	52	34	18	0	0	0	0
AF	0	0.452842	42	27	15	0	0	0	0
AF	0	0.453154	38	28	10	0	0	0	0
AF	0	0.453467	30	25	5	0	0	0	0
AF	0	0.453779	32	23	9	0	0	0	0
AF	0	0.454091	27	19	8	0	0	0	0
AF	0	0.454403	43	35	8	0	0	0	0
AF	0	0.454716	35	27	8	0	0	0	0
AF	0	0.455028	38	29	9	0	0	0	0
AF	0	0.455340	41	28	13	0	0	0	0
AF	0	0.455653	34	22	12	0	0	0	0
AF	0	0.455965	33	22	11	0	0	0	0
AF	0	0.456277	47	25	22	0	0	0	0
AF	0	0.456590	29	20	9	0	0	0	0
AF	0	0.456902	46	36	10	0	0	0	0
AF	0	0.457214	36	28	8	0	0	0	0
AF	0	0.457527	24	17	7	0	0	0	0
AF	0	0.457839	30	21	9	0	0	0	0
AF	0	0.458151	31	18	13	0	0	0	0
AF	0	0.458463	23	19	4	0	0	0	0
AF	0	0.458776	20	14	6	0	0	0	0
AF	0	0.459088	24	19	5	0	0	0	0
AF	0	0.459400	36	25	11	0	0	0	0
AF	0	0.459713	27	19	8	0	0	0	0
AF	0	0.460025	31	19	12	0	0	0	0
AF	0	0.460337	26	14	12	0	0	0	0
AF	0	0.460650	37	24	13	0	0	0	0
AF	0	0.460962	43	28	15	0	0	0	0
AF	0	0.461274	33	24	9	0	0	0	0
AF	0	0.461587	47	32	15	0	0	0	0
AF	0	0.461899	40	30	10	0	0	0	0
AF	0	0.462211	38	27	11	0	0	0	0
AF	0	0.462523	33	29	4	0	0	0	0
AF	0	0.462836	48	33	15	0	0	0	0
AF	0	0.463148	42	29	13	0	0	0	0
AF	0	0.463460	37	31	6	0	0	0	0
AF	0	0.463773	36	20	16	0	0	0	0
AF	0	0.464085	39	30	9	0	0	0	0
AF	0	0.464397	44	29	15	0	0	0	0
AF	0	0.464710	34	21	13	0	0	0	0
AF	0	0.465022	31	21	10	0	0	0	0
AF	0	0.465334	26	18	8	0	0	0	0
AF	0	0.465646	34	21	13	0	0	0	0
AF	0	0.465959	51	34	17	0	0	0	0
AF	0	0.466271	33	24	9	0	0	0	0
AF	0	0.466583	31	24	7	0	0	0	0
AF	0	0.466896	24	20	4	0	0	0	0
AF	0	0.467208	28	21	7	0	0	0	0
AF	0	0.467520	40	29	11	0	0	0	0
AF	0	0.467833	39	28	11	0	0	0	0
AF	0	0.468145	37	27	10	0	0	0	0
AF	0	0.468457	33	22	11	0	0	0	0
AF	0	0.468770	34	26	8	0	0	0	0
AF	0	0.469082	41	26	15	0	0	0	0
AF	0	0.469394	44	31	13	0	0	0	0
AF	0	0.469706	47	26	21	0	0	0	0
AF	0	0.470019	41	25	16	0	0	0	0
AF	0	0.470331	35	24	11	0	0	0	0
AF	0	0.470643	34	21	13	0	0	0	0
AF	0	0.470956	38	28	10	0	0	0	0
AF	0	0.471268	40	33	7	0	0	0	0
AF	0	0.471580	34	26	8	0	0	0	0
AF	0	0.471893	45	27	18	0	0	0	0
AF	0	0.472205	35	20	15	0	0	0	0
AF	0	0.472517	31	21	10	0	0	0	0
AF	0	0.472829	29	21	8	0	0	0	0
AF	0	0.473142	35	22	13	0	0	0	0
AF	0	0.473454	35	23	12	0	0	0	0
AF	0	0.473766	27	16	11	0	0	0	0
AF	0	0.474079	34	21	13	0	0	0	0
AF	0	0.474391	35	29	6	0	0	0	0
AF	0	0.474703	31	22	9	0	0	0	0
AF	0	0.475016	56	39	17	0	0	0	0
AF	0	0.475328	34	23	11	0	0	0	0
AF	0	0.475640	38	30	8	0	0	0	0
AF	0	0.475953	36	29	7	0	0	0	0
AF	0	0.476265	32	26	6	0	0	0	0
AF	0	0.476577	37	21	16	0	0	0	0
AF	0	0.476889	54	40	14	0	0	0	0
AF	0	0.477202	29	21	8	0	0	0	0
AF	0	0.477514	31	18	13	0	0	0	0
AF	0	0.477826	35	30	5	0	0	0	0
AF	0	0.478139	28	21	7	0	0	0	0
AF	0	0.478451	32	14	18	0	0	0	0
AF	0	0.478763	36	23	13	0	0	0	0
AF	0	0.479076	26	16	10	0	0	0	0
AF	0	0.479388	38	26	12	0	0	0	0
AF	0	0.479700	48	36	12	0	0	0	0
AF	0	0.480012	34	28	6	0	0	0	0
AF	0	0.480325	40	30	10	0	0	0	0
AF	0	0.480637	26	19	7	0	0	0	0
AF	0	0.480949	35	26	9	0	0	0	0
AF	0	0.481262	32	24	8	0	0	0	0
AF	0	0.481574	32	20	12	0	0	0	0
AF	0	0.481886	34	20	14	0	0	0	0
AF	0	0.482199	42	29	13	0	0	0	0
AF	0	0.482511	26	14	12	0	0	0	0
AF	0	0.482823	46	37	9	0	0	0	0
AF	0	0.483136	35	23	12	0	0	0	0
AF	0	0.483448	40	30	10	0	0	0	0
AF	0	0.483760	36	26	10	0	0	0	0
AF	0	0.484072	33	28	5	0	0	0	0
AF	0	0.484385	34	26	8	0	0	0	0
AF	0	0.484697	47	35	12	0	0	0	0
AF	0	0.485009	33	23	10	0	0	0	0
AF	0	0.485322	48	31	17	0	0	0	0
AF	0	0.485634	27	22	5	0	0	0	0
AF	0	0.485946	36	23	13	0	0	0	0
AF	0	0.486259	43	33	10	0	0	0	0
AF	0	0.486571	41	32	9	0	0	0	0
AF	0	0.486883	37	30	7	0	0	0	0
AF	0	0.487196	39	24	15	0	0	0	0
AF	0	0.487508	45	29	16	0	0	0	0
AF	0	0.487820	40	28	12	0	0	0	0
AF	0	0.488132	30	24	6	0	0	0	0
AF	0	0.488445	32	22	10	0	0	0	0
AF	0	0.488757	47	38	9	0	0	0	0
AF	0	0.489069	42	28	14	0	0	0	0
AF	0	0.489382	46	27	19	0	0	0	0
AF	0	0.489694	57	40	17	0	0	0	0
AF	0	0.490006	42	28	14	0	0	0	0
AF	0	0.490319	38	23	15	0	0	0	0
AF	0	0.490631	32	20	12	0	0	0	0
AF	0	0.490943	23	17	6	0	0	0	0
AF	0	0.491255	25	13	12	0	0	0	0
AF	0	0.491568	33	21	12	0	0	0	0
AF	0	0.491880	36	22	14	0	0	0	0
AF	0	0.492192	44	33	11	0	0	0	0
AF	0	0.492505	39	26	13	0	0	0	0
AF	0	0.492817	39	25	14	0	0	0	0
AF	0	0.493129	44	31	13	0	0	0	0
AF	0	0.493442	27	19	8	0	0	0	0
AF	0	0.493754	28	21	7	0	0	0	0
AF	0	0.494066	31	18	13	0	0	0	0
AF	0	0.494379	35	22	13	0	0	0	0
AF	0	0.494691	24	16	8	0	0	0	0
AF	0	0.495003	37	28	9	0	0	0	0
AF	0	0.495315	24	19	5	0	0	0	0
AF	0	0.495628	26	18	8	0	0	0	0
AF	0	0.495940	37	27	10	0	0	0	0
AF	0	0.496252	41	24	17	0	0	0	0
AF	0	0.496565	31	18	13	0	0	0	0
AF	0	0.496877	48	31	17	0	0	0	0
AF	0	0.497189	41	31	10	0	0	0	0
AF	0	0.497502	52	37	15	0	0	0	0
AF	0	0.497814	34	27	7	0	0	0	0
AF	0	0.498126	44	27	17	0	0	0	0
AF	0	0.498438	47	31	16	0	0	0	0
AF	0	0.498751	45	31	14	0	0	0	0
AF	0	0.499063	38	26	12	0	0	0	0
AF	0	0.499375	25	23	2	0	0	0	0
AF	0	0.499688	39	31	8	0	0	0	0
AF	0	0.500000	52	40	12	0	0	0	0
AF	0	0.500312	68	50	18	0	0	0	0
AF	0	0.500625	45	30	15	0	0	0	0
AF	0	0.500937	35	26	9	0	0	0	0
AF	0	0.501249	37	24	13	0	0	0	0
AF	0	0.501562	28	19	9	0	0	0	0
AF	0	0.501874	37	20	17	0	0	0	0
AF	0	0.502186	35	22	13	0	0	0	0
AF	0	0.502498	55	37	18	0	0	0	0
AF	0	0.502811	40	26	14	0	0	0	0
AF	0	0.503123	35	21	14	0	0	0	0
AF	0	0.503435	42	30	12	0	0	0	0
AF	0	0.503748	42	28	14	0	0	0	0
AF	0	0.504060	37	29	8	0	0	0	0
AF	0	0.504372	54	34	20	0	0	0	0
AF	0	0.504685	31	23	8	0	0	0	0
AF	0	0.504997	28	20	8	0	0	0	0
AF	0	0.505309	22	15	7	0	0	0	0
AF	0	0.505621	28	20	8	0	0	0	0
AF	0	0.505934	29	22	7	0	0	0	0
AF	0	0.506246	34	27	7	0	0	0	0
AF	0	0.506558	37	23	14	0	0	0	0
AF	0	0.506871	40	26	14	0	0	0	0
AF	0	0.507183	36	25	11	0	0	0	0
AF	0	0.507495	32	19	13	0	0	0	0
AF	0	0.507808	28	17	11	0	0	0	0
AF	0	0.508120	43	36	7	0	0	0	0
AF	0	0.508432	34	20	14	0	0	0	0
AF	0	0.508745	37	23	14	0	0	0	0
AF	0	0.509057	27	15	12	0	0	0	0
AF	0	0.509369	33	20	13	0	0	0	0
AF	0	0.509681	41	30	11	0	0	0	0
AF	0	0.509994	32	27	5	0	0	0	0
AF	0	0.510306	50	37	13	0	0	0	0
AF	0	0.510618	38	28	10	0	0	0	0
AF	0	0.510931	41	27	14	0	0	0	0
AF	0	0.511243	32	21	11	0	0	0	0
AF	0	0.511555	37	26	11	0	0	0	0
AF	0	0.511868	38	28	10	0	0	0	0
AF	0	0.512180	25	20	5	0	0	0	0
AF	0	0.512492	36	22	14	0	0	0	0
AF	0	0.512804	31	22	9	0	0	0	0
AF	0	0.513117	46	32	14	0	0	0	0
AF	0	0.513429	35	31	4	0	0	0	0
AF	0	0.513741	32	20	12	0	0	0	0
AF	0	0.514054	23	16	7	0	0	0	0
AF	0	0.514366	25	16	9	0	0	0	0
AF	0	0.514678	30	18	12	0	0	0	0
AF	0	0.514991	44	30	14	0	0	0	0
AF	0	0.515303	25	18	7	0	0	0	0
AF	0	0.515615	33	21	12	0	0	0	0
AF	0	0.515928	26	13	13	0	0	0	0
AF	0	0.516240	33	24	9	0	0	0	0
AF	0	0.516552	41	29	12	0	0	0	0
AF	0	0.516864	34	26	8	0	0	0	0
AF	0	0.517177	24	15	9	0	0	0	0
AF	0	0.517489	28	15	13	0	0	0	0
AF	0	0.517801	35	23	12	0	0	0	0
AF	0	0.518114	31	24	7	0	0	0	0
AF	0	0.518426	53	40	13	0	0	0	0
AF	0	0.518738	35	21	14	0	0	0	0
AF	0	0.519051	49	36	13	0	0	0	0
AF	0	0.519363	38	25	13	0	0	0	0
AF	0	0.519675	43	28	15	0	0	0	0
AF	0	0.519988	31	20	11	0	0	0	0
AF	0	0.520300	38	27	11	0	0	0	0
AF	0	0.520612	41	23	18	0	0	0	0
AF	0	0.520924	42	22	20	0	0	0	0
AF	0	0.521237	40	27	13	0	0	0	0
AF	0	0.521549	40	24	16	0	0	0	0
AF	0	0.521861	42	27	15	0	0	0	0
AF	0	0.522174	50	36	14	0	0	0	0
AF	0	0.522486	41	30	11	0	0	0	0
AF	0	0.522798	55	43	12	0	0	0	0
AF	0	0.523111	32	21	11	0	0	0	0
AF	0	0.523423	47	35	12	0	0	0	0
AF	0	0.523735	46	31	15	0	0	0	0
AF	0	0.524047	45	32	13	0	0	0	0
AF	0	0.524360	30	22	8	0	0	0	0
AF	0	0.524672	36	28	8	0	0	0	0
AF	0	0.524984	28	13	15	0	0	0	0
AF	0	0.525297	36	30	6	0	0	0	0
AF	0	0.525609	17	14	3	0	0	0	0
AF	0	0.525921	35	22	13	0	0	0	0
AF	0	0.526234	42	35	7	0	0	0	0
AF	0	0.526546	46	36	10	0	0	0	0
AF	0	0.526858	41	24	17	0	0	0	0
AF	0	0.527171	45	31	14	0	0	0	0
AF	0	0.527483	40	25	15	0	0	0	0
AF	0	0.527795	59	35	24	0	0	0	0
AF	0	0.528107	59	36	23	0	0	0	0
AF	0	0.528420	39	30	9	0	0	0	0
AF	0	0.528732	43	34	9	0	0	0	0
AF	0	0.529044	32	21	11	0	0	0	0
AF	0	0.529357	43	32	11	0	0	0	0
AF	0	0.529669	46	33	13	0	0	0	0
AF	0	0.529981	71	56	15	0	0	0	0
AF	0	0.530294	39	27	12	0	0	0	0
AF	0	0.530606	22	13	9	0	0	0	0
AF	0	0.530918	40	23	17	0	0	0	0
AF	0	0.531230	43	35	8	0	0	0	0
AF	0	0.531543	25	20	5	0	0	0	0
AF	0	0.531855	33	21	12	0	0	0	0
AF	0	0.532167	37	27	10	0	0	0	0
AF	0	0.532480	45	30	15	0	0	0	0
AF	0	0.532792	78	61	17	0	0	0	0
AF	0	0.533104	32	28	4	0	0	0	0
AF	0	0.533417	32	21	11	0	0	0	0
AF	0	0.533729	25	18	7	0	0	0	0
AF	0	0.534041	26	20	6	0	0	0	0
AF	0	0.534354	42	32	10	0	0	0	0
AF	0	0.534666	46	31	15	0	0	0	0
AF	0	0.534978	42	28	14	0	0	0	0
AF	0	0.535290	34	22	12	0	0	0	0
AF	0	0.535603	33	20	13	0	0	0	0
AF	0	0.535915	33	20	13	0	0	0	0
AF	0	0.536227	32	25	7	0	0	0	0
AF	0	0.536540	27	17	10	0	0	0	0
AF	0	0.536852	59	40	19	0	0	0	0
AF	0	0.537164	42	33	9	0	0	0	0
AF	0	0.537477	37	25	12	0	0	0	0
AF	0	0.537789	34	22	12	0	0	0	0
AF	0	0.538101	38	22	16	0	0	0	0
AF	0	0.538413	34	25	9	0	0	0	0
AF	0	0.538726	30	24	6	0	0	0	0
AF	0	0.539038	31	22	9	0	0	0	0
AF	0	0.539350	32	24	8	0	0	0	0
AF	0	0.539663	35	27	8	0	0	0	0
AF	0	0.539975	37	30	7	0	0	0	0
AF	0	0.540287	38	25	13	0	0	0	0
AF	0	0.540600	26	21	5	0	0	0	0
AF	0	0.540912	30	18	12	0	0	0	0
AF	0	0.541224	40	28	12	0	0	0	0
AF	0	0.541537	44	25	19	0	0	0	0
AF	0	0.541849	37	26	11	0	0	0	0
AF	0	0.542161	38	27	11	0	0	0	0
AF	0	0.542473	34	24	10	0	0	0	0
AF	0	0.542786	28	17	11	0	0	0	0
AF	0	0.543098	32	26	6	0	0	0	0
AF	0	0.543410	30	22	8	0	0	0	0
AF	0	0.543723	39	33	6	0	0	0	0
AF	0	0.544035	41	25	16	0	0	0	0
AF	0	0.544347	34	22	12	0	0	0	0
AF	0	0.544660	21	13	8	0	0	0	0
AF	0	0.544972	37	25	12	0	0	0	0
AF	0	0.545284	48	29	19	0	0	0	0
AF	0	0.545597	36	26	10	0	0	0	0
AF	0	0.545909	32	19	13	0	0	0	0
AF	0	0.546221	33	25	8	0	0	0	0
AF	0	0.546533	48	33	15	0	0	0	0
AF	0	0.546846	26	21	5	0	0	0	0
AF	0	0.547158	33	26	7	0	0	0	0
AF	0	0.547470	32	20	12	0	0	0	0
AF	0	0.547783	22	14	8	0	0	0	0
AF	0	0.548095	21	17	4	0	0	0	0
AF	0	0.548407	24	17	7	0	0	0	0
AF	0	0.548720	29	21	8	0	0	0	0
AF	0	0.549032	42	27	15	0	0	0	0
AF	0	0.549344	27	17	10	0	0	0	0
AF	0	0.549656	40	29	11	0	0	0	0
AF	0	0.549969	27	22	5	0	0	0	0
AF	0	0.550281	31	26	5	0	0	0	0
AF	0	0.550593	31	18	13	0	0	0	0
AF	0	0.550906	63	45	18	0	0	0	0
AF	0	0.551218	48	32	16	0	0	0	0
AF	0	0.551530	40	26	14	0	0	0	0
AF	0	0.551843	35	28	7	0	0	0	0
AF	0	0.552155	22	18	4	0	0	0	0
AF	0	0.552467	33	21	12	0	0	0	0
AF	0	0.552780	28	17	11	0	0	0	0
AF	0	0.553092	32	19	13	0	0	0	0
AF	0	0.553404	29	21	8	0	0	0	0
AF	0	0.553716	23	17	6	0	0	0	0
AF	0	0.554029	29	22	7	0	0	0	0
AF	0	0.554341	24	18	6	0	0	0	0
AF	0	0.554653	44	28	16	0	0	0	0
AF	0	0.554966	52	36	16	0	0	0	0
AF	0	0.555278	44	26	18	0	0	0	0
AF	0	0.555590	36	22	14	0	0	0	0
AF	0	0.555903	32	22	10	0	0	0	0
AF	0	0.556215	18	12	6	0	0	0	0
AF	0	0.556527	31	21	10	0	0	0	0
AF	0	0.556839	27	21	6	0	0	0	0
AF	0	0.557152	38	23	15	0	0	0	0
AF	0	0.557464	29	21	8	0	0	0	0
AF	0	0.557776	15	13	2	0	0	0	0
AF	0	0.558089	39	26	13	0	0	0	0
AF	0	0.558401	33	26	7	0	0	0	0
AF	0	0.558713	26	20	6	0	0	0	0
AF	0	0.559026	27	22	5	0	0	0	0
AF	0	0.559338	24	16	8	0	0	0	0
AF	0	0.559650	15	12	3	0	0	0	0
AF	0	0.559963	22	15	7	0	0	0	0
AF	0	0.560275	33	18	15	0	0	0	0
AF	0	0.560587	51	29	22	0	0	0	0
AF	0	0.560899	31	19	12	0	0	0	0
AF	0	0.561212	22	17	5	0	0	0	0
AF	0	0.561524	32	24	8	0	0	0	0
AF	0	0.561836	29	22	7	0	0	0	0
AF	0	0.562149	29	19	10	0	0	0	0
AF	0	0.562461	42	30	12	0	0	0	0
AF	0	0.562773	34	17	17	0	0	0	0
AF	0	0.563086	33	27	6	0	0	0	0
AF	0	0.563398	26	19	7	0	0	0	0
AF	0	0.563710	31	22	9	0	0	0	0
AF	0	0.564022	34	25	9	0	0	0	0
AF	0	0.564335	29	22	7	0	0	0	0
AF	0	0.564647	23	14	9	0	0	0	0
AF	0	0.564959	30	25	5	0	0	0	0
AF	0	0.565272	27	16	11	0	0	0	0
AF	0	0.565584	23	14	9	0	0	0	0
AF	0	0.565896	23	20	3	0	0	0	0
AF	0	0.566209	24	18	6	0	0	0	0
AF	0	0.566521	25	22	3	0	0	0	0
AF	0	0.566833	22	14	8	0	0	0	0
AF	0	0.567146	25	15	10	0	0	0	0
AF	0	0.567458	24	16	8	0	0	0	0
AF	0	0.567770	22	11	11	0	0	0	0
AF	0	0.568082	26	18	8	0	0	0	0
AF	0	0.568395	35	22	13	0	0	0	0
AF	0	0.568707	29	21	8	0	0	0	0
AF	0	0.569019	30	19	11	0	0	0	0
AF	0	0.569332	22	13	9	0	0	0	0
AF	0	0.569644	19	14	5	0	0	0	0
AF	0	0.569956	23	14	9	0	0	0	0
AF	0	0.570269	30	20	10	0	0	0	0
AF	0	0.570581	21	13	8	0	0	0	0
AF	0	0.570893	20	11	9	0	0	0	0
AF	0	0.571205	30	19	11	0	0	0	0
AF	0	0.571518	23	14	9	0	0	0	0
AF	0	0.571830	42	32	10	0	0	0	0
AF	0	0.572142	35	26	9	0	0	0	0
AF	0	0.572455	20	15	5	0	0	0	0
AF	0	0.572767	42	29	13	0	0	0	0
AF	0	0.573079	32	24	8	0	0	0	0
AF	0	0.573392	48	31	17	0	0	0	0
AF	0	0.573704	31	21	10	0	0	0	0
AF	0	0.574016	24	14	10	0	0	0	0
AF	0	0.574329	32	25	7	0	0	0	0
AF	0	0.574641	33	22	11	0	0	0	0
AF	0	0.574953	22	18	4	0	0	0	0
AF	0	0.575265	20	13	7	0	0	0	0
AF	0	0.575578	38	26	12	0	0	0	0
AF	0	0.575890	39	32	7	0	0	0	0
AF	0	0.576202	31	22	9	0	0	0	0
AF	0	0.576515	16	10	6	0	0	0	0
AF	0	0.576827	24	19	5	0	0	0	0
AF	0	0.577139	24	19	5	0	0	0	0
AF	0	0.577452	38	25	13	0	0	0	0
AF	0	0.577764	18	13	5	0	0	0	0
AF	0	0.578076	17	14	3	0	0	0	0
AF	0	0.578389	40	26	14	0	0	0	0
AF	0	0.578701	28	20	8	0	0	0	0
AF	0	0.579013	34	19	15	0	0	0	0
AF	0	0.579325	16	14	2	0	0	0	0
AF	0	0.579638	16	11	5	0	0	0	0
AF	0	0.579950	15	13	2	0	0	0	0
AF	0	0.580262	25	20	5	0	0	0	0
AF	0	0.580575	23	14	9	0	0	0	0
AF	0	0.580887	19	10	9	0	0	0	0
AF	0	0.581199	28	18	10	0	0	0	0
AF	0	0.581512	18	10	8	0	0	0	0
AF	0	0.581824	18	15	3	0	0	0	0
AF	0	0.582136	31	22	9	0	0	0	0
AF	0	0.582448	27	18	9	0	0	0	0
AF	0	0.582761	32	20	12	0	0	0	0
AF	0	0.583073	34	24	10	0	0	0	0
AF	0	0.583385	28	23	5	0	0	0	0
AF	0	0.583698	25	16	9	0	0	0	0
AF	0	0.584010	34	24	10	0	0	0	0
AF	0	0.584322	30	21	9	0	0	0	0
AF	0	0.584635	28	20	8	0	0	0	0
AF	0	0.584947	21	11	10	0	0	0	0
AF	0	0.585259	27	19	8	0	0	0	0
AF	0	0.585572	24	20	4	0	0	0	0
AF	0	0.585884	17	14	3	0	0	0	0
AF	0	0.586196	30	21	9	0	0	0	0
AF	0	0.586508	34	19	15	0	0	0	0
AF	0	0.586821	21	15	6	0	0	0	0
AF	0	0.587133	14	11	3	0	0	0	0
AF	0	0.587445	16	12	4	0	0	0	0
AF	0	0.587758	26	18	8	0	0	0	0
AF	0	0.588070	24	19	5	0	0	0	0
AF	0	0.588382	22	14	8	0	0	0	0
AF	0	0.588695	23	18	5	0	0	0	0
AF	0	0.589007	28	15	13	0	0	0	0
AF	0	0.589319	18	13	5	0	0	0	0
AF	0	0.589631	24	14	10	0	0	0	0
AF	0	0.589944	26	22	4	0	0	0	0
AF	0	0.590256	24	16	8	0	0	0	0
AF	0	0.590568	20	13	7	0	0	0	0
AF	0	0.590881	27	18	9	0	0	0	0
AF	0	0.591193	31	25	6	0	0	0	0
AF	0	0.591505	19	12	7	0	0	0	0
AF	0	0.591818	10	7	3	0	0	0	0
AF	0	0.592130	27	19	8	0	0	0	0
AF	0	0.592442	20	18	2	0	0	0	0
AF	0	0.592755	25	18	7	0	0	0	0
AF	0	0.593067	18	8	10	0	0	0	0
AF	0	0.593379	19	14	5	0	0	0	0
AF	0	0.593691	22	15	7	0	0	0	0
AF	0	0.594004	21	15	6	0	0	0	0
AF	0	0.594316	22	16	6	0	0	0	0
AF	0	0.594628	31	25	6	0	0	0	0
AF	0	0.594941	29	18	11	0	0	0	0
AF	0	0.595253	39	24	15	0	0	0	0
AF	0	0.595565	27	22	5	0	0	0	0
AF	0	0.595878	28	19	9	0	0	0	0
AF	0	0.596190	18	9	9	0	0	0	0
AF	0	0.596502	31	19	12	0	0	0	0
AF	0	0.596814	17	12	5	0	0	0	0
AF	0	0.597127	22	16	6	0	0	0	0
AF	0	0.597439	19	12	7	0	0	0	0
AF	0	0.597751	30	22	8	0	0	0	0
AF	0	0.598064	19	13	6	0	0	0	0
AF	0	0.598376	48	37	11	0	0	0	0
AF	0	0.598688	25	21	4	0	0	0	0
AF	0	0.599001	28	22	6	0	0	0	0
AF	0	0.599313	32	22	10	0	0	0	0
AF	0	0.599625	42	29	13	0	0	0	0
AF	0	0.599938	27	24	3	0	0	0	0
AF	0	0.600250	39	33	6	0	0	0	0
AF	0	0.600562	52	36	16	0	0	0	0
AF	0	0.600874	30	18	12	0	0	0	0
AF	0	0.601187	30	23	7	0	0	0	0
AF	0	0.601499	36	26	10	0	0	0	0
AF	0	0.601811	26	20	6	0	0	0	0
AF	0	0.602124	30	19	11	0	0	0	0
AF	0	0.602436	30	18	12	0	0	0	0
AF	0	0.602748	21	14	7	0	0	0	0
AF	0	0.603061	18	15	3	0	0	0	0
AF	0	0.603373	21	17	4	0	0	0	0
AF	0	0.603685	28	17	11	0	0	0	0
AF	0	0.603998	58	41	17	0	0	0	0
AF	0	0.604310	65	45	20	0	0	0	0
AF	0	0.604622	27	21	6	0	0	0	0
AF	0	0.604934	29	19	10	0	0	0	0
AF	0	0.605247	29	17	12	0	0	0	0
AF	0	0.605559	40	21	19	0	0	0	0
AF	0	0.605871	42	30	12	0	0	0	0
AF	0	0.606184	41	26	15	0	0	0	0
AF	0	0.606496	25	17	8	0	0	0	0
AF	0	0.606808	24	16	8	0	0	0	0
AF	0	0.607121	22	17	5	0	0	0	0
AF	0	0.607433	19	14	5	0	0	0	0
AF	0	0.607745	27	21	6	0	0	0	0
AF	0	0.608057	22	14	8	0	0	0	0
AF	0	0.608370	26	17	9	0	0	0	0
AF	0	0.608682	20	17	3	0	0	0	0
AF	0	0.608994	34	20	14	0	0	0	0
AF	0	0.609307	34	24	10	0	0	0	0
AF	0	0.609619	39	29	10	0	0	0	0
AF	0	0.609931	27	20	7	0	0	0	0
AF	0	0.610244	28	22	6	0	0	0	0
AF	0	0.610556	30	16	14	0	0	0	0
AF	0	0.610868	21	16	5	0	0	0	0
AF	0	0.611181	37	20	17	0	0	0	0
AF	0	0.611493	32	27	5	0	0	0	0
AF	0	0.611805	23	20	3	0	0	0	0
AF	0	0.612117	38	27	11	0	0	0	0
AF	0	0.612430	31	19	12	0	0	0	0
AF	0	0.612742	23	20	3	0	0	0	0
AF	0	0.613054	14	9	5	0	0	0	0
AF	0	0.613367	14	12	2	0	0	0	0
AF	0	0.613679	25	16	9	0	0	0	0
AF	0	0.613991	24	20	4	0	0	0	0
AF	0	0.614304	44	24	20	0	0	0	0
AF	0	0.614616	31	21	10	0	0	0	0
AF	0	0.614928	24	16	8	0	0	0	0
AF	0	0.615240	22	18	4	0	0	0	0
AF	0	0.615553	23	16	7	0	0	0	0
AF	0	0.615865	17	14	3	0	0	0	0
AF	0	0.616177	26	18	8	0	0	0	0
AF	0	0.616490	32	24	8	0	0	0	0
AF	0	0.616802	29	21	8	0	0	0	0
AF	0	0.617114	33	22	11	0	0	0	0
AF	0	0.617427	33	23	10	0	0	0	0
AF	0	0.617739	28	20	8	0	0	0	0
AF	0	0.618051	119	81	38	0	0	0	0
AF	0	0.618364	38	28	10	0	0	0	0
AF	0	0.618676	50	28	22	0	0	0	0
AF	0	0.618988	20	15	5	0	0	0	0
AF	0	0.619300	23	14	9	0	0	0	0
AF	0	0.619613	17	12	5	0	0	0	0
AF	0	0.619925	28	20	8	0	0	0	0
AF	0	0.620237	32	23	9	0	0	0	0
AF	0	0.620550	28	20	8	0	0	0	0
AF	0	0.620862	24	16	8	0	0	0	0
AF	0	0.621174	15	12	3	0	0	0	0
AF	0	0.621487	32	22	10	0	0	0	0
AF	0	0.621799	25	12	13	0	0	0	0
AF	0	0.622111	24	12	12	0	0	0	0
AF	0	0.622423	35	31	4	0	0	0	0
AF	0	0.622736	35	22	13	0	0	0	0
AF	0	0.623048	38	23	15	0	0	0	0
AF	0	0.623360	40	25	15	0	0	0	0
AF	0	0.623673	29	18	11	0	0	0	0
AF	0	0.623985	18	13	5	0	0	0	0
AF	0	0.624297	20	13	7	0	0	0	0
AF	0	0.624610	30	22	8	0	0	0	0
AF	0	0.624922	21	15	6	0	0	0	0
AF	0	0.625234	30	20	10	0	0	0	0
AF	0	0.625547	26	17	9	0	0	0	0
AF	0	0.625859	29	17	12	0	0	0	0
AF	0	0.626171	19	8	11	0	0	0	0
AF	0	0.626483	27	17	10	0	0	0	0
AF	0	0.626796	21	14	7	0	0	0	0
AF	0	0.627108	20	11	9	0	0	0	0
AF	0	0.627420	27	20	7	0	0	0	0
AF	0	0.627733	33	25	8	0	0	0	0
AF	0	0.628045	23	18	5	0	0	0	0
AF	0	0.628357	30	19	11	0	0	0	0
AF	0	0.628670	17	13	4	0	0	0	0
AF	0	0.628982	20	13	7	0	0	0	0
AF	0	0.629294	15	9	6	0	0	0	0
AF	0	0.629606	16	15	1	0	0	0	0
AF	0	0.629919	21	14	7	0	0	0	0
AF	0	0.630231	24	19	5	0	0	0	0
AF	0	0.630543	29	19	10	0	0	0	0
AF	0	0.630856	16	12	4	0	0	0	0
AF	0	0.631168	43	34	9	0	0	0	0
AF	0	0.631480	27	18	9	0	0	0	0
AF	0	0.631793	55	32	23	0	0	0	0
AF	0	0.632105	39	29	10	0	0	0	0
AF	0	0.632417	18	13	5	0	0	0	0
AF	0	0.632730	19	13	6	0	0	0	0
AF	0	0.633042	20	13	7	0	0	0	0
AF	0	0.633354	27	20	7	0	0	0	0
AF	0	0.633666	25	18	7	0	0	0	0
AF	0	0.633979	32	25	7	0	0	0	0
AF	0	0.634291	27	15	12	0	0	0	0
AF	0	0.634603	33	25	8	0	0	0	0
AF	0	0.634916	31	24	7	0	0	0	0
AF	0	0.635228	26	18	8	0	0	0	0
AF	0	0.635540	29	19	10	0	0	0	0
AF	0	0.635853	33	20	13	0	0	0	0
AF	0	0.636165	55	39	16	0	0	0	0
AF	0	0.636477	37	29	8	0	0	0	0
AF	0	0.636790	35	23	12	0	0	0	0
AF	0	0.637102	24	13	11	0	0	0	0
AF	0	0.637414	39	31	8	0	0	0	0
AF	0	0.637726	30	21	9	0	0	0	0
AF	0	0.638039	31	23	8	0	0	0	0
AF	0	0.638351	23	17	6	0	0	0	0
AF	0	0.638663	26	17	9	0	0	0	0
AF	0	0.638976	27	16	11	0	0	0	0
AF	0	0.639288	39	30	9	0	0	0	0
AF	0	0.639600	36	23	13	0	0	0	0
AF	0	0.639913	38	29	9	0	0	0	0
AF	0	0.640225	58	42	16	0	0	0	0
AF	0	0.640537	34	24	10	0	0	0	0
AF	0	0.640849	37	25	12	0	0	0	0
AF	0	0.641162	28	17	11	0	0	0	0
AF	0	0.641474	30	20	10	0	0	0	0
AF	0	0.641786	44	35	9	0	0	0	0
AF	0	0.642099	49	40	9	0	0	0	0
AF	0	0.642411	36	24	12	0	0	0	0
AF	0	0.642723	35	21	14	0	0	0	0
AF	0	0.643036	27	17	10	0	0	0	0
AF	0	0.643348	24	18	6	0	0	0	0
AF	0	0.643660	27	19	8	0	0	0	0
AF	0	0.643973	20	16	4	0	0	0	0
AF	0	0.644285	25	19	6	0	0	0	0
AF	0	0.644597	12	9	3	0	0	0	0
AF	0	0.644909	43	34	9	0	0	0	0
AF	0	0.645222	28	15	13	0	0	0	0
AF	0	0.645534	27	21	6	0	0	0	0
AF	0	0.645846	39	28	11	0	0	0	0
AF	0	0.646159	30	18	12	0	0	0	0
AF	0	0.646471	30	21	9	0	0	0	0
AF	0	0.646783	29	21	8	0	0	0	0
AF	0	0.647096	30	22	8	0	0	0	0
AF	0	0.647408	39	30	9	0	0	0	0
AF	0	0.647720	29	19	10	0	0	0	0
AF	0	0.648032	34	26	8	0	0	0	0
AF	0	0.648345	20	17	3	0	0	0	0
AF	0	0.648657	28	18	10	0	0	0	0
AF	0	0.648969	30	22	8	0	0	0	0
AF	0	0.649282	28	18	10	0	0	0	0
AF	0	0.649594	34	22	12	0	0	0	0
AF	0	0.649906	19	17	2	0	0	0	0
AF	0	0.650219	29	19	10	0	0	0	0
AF	0	0.650531	31	22	9	0	0	0	0
AF	0	0.650843	41	28	13	0	0	0	0
AF	0	0.651156	29	21	8	0	0	0	0
AF	0	0.651468	37	25	12	0	0	0	0
AF	0	0.651780	26	19	7	0	0	0	0
AF	0	0.652092	36	26	10	0	0	0	0
AF	0	0.652405	28	23	5	0	0	0	0
AF	0	0.652717	25	16	9	0	0	0	0
AF	0	0.653029	32	18	14	0	0	0	0
AF	0	0.653342	25	15	10	0	0	0	0
AF	0	0.653654	31	24	7	0	0	0	0
AF	0	0.653966	16	12	4	0	0	0	0
AF	0	0.654279	22	15	7	0	0	0	0
AF	0	0.654591	35	28	7	0	0	0	0
AF	0	0.654903	24	18	6	0	0	0	0
AF	0	0.655215	38	24	14	0	0	0	0
AF	0	0.655528	27	19	8	0	0	0	0
AF	0	0.655840	18	8	10	0	0	0	0
AF	0	0.656152	26	18	8	0	0	0	0
AF	0	0.656465	36	25	11	0	0	0	0
AF	0	0.656777	21	16	5	0	0	0	0
AF	0	0.657089	11	10	1	0	0	0	0
AF	0	0.657402	29	20	9	0	0	0	0
AF	0	0.657714	24	13	11	0	0	0	0
AF	0	0.658026	24	17	7	0	0	0	0
AF	0	0.658339	28	19	9	0	0	0	0
AF	0	0.658651	28	18	10	0	0	0	0
AF	0	0.658963	24	18	6	0	0	0	0
AF	0	0.659275	23	16	7	0	0	0	0
AF	0	0.659588	25	17	8	0	0	0	0
AF	0	0.659900	21	12	9	0	0	0	0
AF	0	0.660212	24	19	5	0	0	0	0
AF	0	0.660525	17	9	8	0	0	0	0
AF	0	0.660837	22	12	10	0	0	0	0
AF	0	0.661149	31	18	13	0	0	0	0
AF	0	0.661462	20	14	6	0	0	0	0
AF	0	0.661774	28	18	10	0	0	0	0
AF	0	0.662086	27	16	11	0	0	0	0
AF	0	0.662399	27	18	9	0	0	0	0
AF	0	0.662711	50	34	16	0	0	0	0
AF	0	0.663023	30	17	13	0	0	0	0
AF	0	0.663335	29	22	7	0	0	0	0
AF	0	0.663648	23	18	5	0	0	0	0
AF	0	0.663960	30	19	11	0	0	0	0
AF	0	0.664272	27	20	7	0	0	0	0
AF	0	0.664585	29	19	10	0	0	0	0
AF	0	0.664897	20	15	5	0	0	0	0
AF	0	0.665209	26	17	9	0	0	0	0
AF	0	0.665522	25	14	11	0	0	0	0
AF	0	0.665834	31	25	6	0	0	0	0
AF	0	0.666146	28	22	6	0	0	0	0
AF	0	0.666458	30	24	6	0	0	0	0
AF	0	0.666771	31	20	11	0	0	0	0
AF	0	0.667083	34	24	10	0	0	0	0
AF	0	0.667395	27	17	10	0	0	0	0
AF	0	0.667708	19	10	9	0	0	0	0
AF	0	0.668020	27	18	9	0	0	0	0
AF	0	0.668332	21	15	6	0	0	0	0
AF	0	0.668645	32	23	9	0	0	0	0
AF	0	0.668957	18	14	4	0	0	0	0
AF	0	0.669269	20	17	3	0	0	0	0
AF	0	0.669582	29	19	10	0	0	0	0
AF	0	0.669894	35	22	13	0	0	0	0
AF	0	0.670206	34	23	11	0	0	0	0
AF	0	0.670518	22	14	8	0	0	0	0
AF	0	0.670831	26	19	7	0	0	0	0
AF	0	0.671143	43	29	14	0	0	0	0
AF	0	0.671455	64	44	20	0	0	0	0
AF	0	0.671768	22	13	9	0	0	0	0
AF	0	0.672080	22	13	9	0	0	0	0
AF	0	0.672392	25	19	6	0	0	0	0
AF	0	0.672705	22	18	4	0	0	0	0
AF	0	0.673017	17	11	6	0	0	0	0
AF	0	0.673329	14	11	3	0	0	0	0
AF	0	0.673641	27	19	8	0	0	0	0
AF	0	0.673954	21	19	2	0	0	0	0
AF	0	0.674266	23	19	4	0	0	0	0
AF	0	0.674578	22	15	7	0	0	0	0
AF	0	0.674891	25	18	7	0	0	0	0
AF	0	0.675203	11	9	2	0	0	0	0
AF	0	0.675515	14	10	4	0	0	0	0
AF	0	0.675828	19	14	5	0	0	0	0
AF	0	0.676140	24	19	5	0	0	0	0
AF	0	0.676452	17	8	9	0	0	0	0
AF	0	0.676765	22	17	5	0	0	0	0
AF	0	0.677077	19	13	6	0	0	0	0
AF	0	0.677389	23	20	3	0	0	0	0
AF	0	0.677701	14	11	3	0	0	0	0
AF	0	0.678014	25	15	10	0	0	0	0
AF	0	0.678326	27	18	9	0	0	0	0
AF	0	0.678638	29	21	8	0	0	0	0
AF	0	0.678951	22	15	7	0	0	0	0
AF	0	0.679263	17	13	4	0	0	0	0
AF	0	0.679575	17	11	6	0	0	0	0
AF	0	0.679888	22	18	4	0	0	0	0
AF	0	0.680200	20	12	8	0	0	0	0
AF	0	0.680512	17	13	4	0	0	0	0
AF	0	0.680824	20	12	8	0	0	0	0
AF	0	0.681137	19	13	6	0	0	0	0
AF	0	0.681449	25	19	6	0	0	0	0
AF	0	0.681761	21	13	8	0	0	0	0
AF	0	0.682074	35	22	13	0	0	0	0
AF	0	0.682386	27	18	9	0	0	0	0
AF	0	0.682698	21	14	7	0	0	0	0
AF	0	0.683011	19	13	6	0	0	0	0
AF	0	0.683323	27	20	7	0	0	0	0
AF	0	0.683635	28	23	5	0	0	0	0
AF	0	0.683948	22	17	5	0	0	0	0
AF	0	0.684260	30	21	9	0	0	0	0
AF	0	0.684572	27	18	9	0	0	0	0
AF	0	0.684884	28	19	9	0	0	0	0
AF	0	0.685197	16	10	6	0	0	0	0
AF	0	0.685509	25	17	8	0	0	0	0
AF	0	0.685821	24	19	5	0	0	0	0
AF	0	0.686134	17	12	5	0	0	0	0
AF	0	0.686446	25	18	7	0	0	0	0
AF	0	0.686758	19	15	4	0	0	0	0
AF	0	0.687071	24	18	6	0	0	0	0
AF	0	0.687383	17	10	7	0	0	0	0
AF	0	0.687695	27	16	11	0	0	0	0
AF	0	0.688007	19	15	4	0	0	0	0
AF	0	0.688320	28	23	5	0	0	0	0
AF	0	0.688632	46	33	13	0	0	0	0
AF	0	0.688944	24	20	4	0	0	0	0
AF	0	0.689257	14	9	5	0	0	0	0
AF	0	0.689569	17	14	3	0	0	0	0
AF	0	0.689881	20	16	4	0	0	0	0
AF	0	0.690194	23	21	2	0	0	0	0
AF	0	0.690506	17	9	8	0	0	0	0
AF	0	0.690818	19	15	4	0	0	0	0
AF	0	0.691131	23	21	2	0	0	0	0
AF	0	0.691443	21	10	11	0	0	0	0
AF	0	0.691755	24	16	8	0	0	0	0
AF	0	0.692067	17	10	7	0	0	0	0
AF	0	0.692380	20	10	10	0	0	0	0
AF	0	0.692692	28	17	11	0	0	0	0
AF	0	0.693004	39	28	11	0	0	0	0
AF	0	0.693317	15	11	4	0	0	0	0
AF	0	0.693629	17	8	9	0	0	0	0
AF	0	0.693941	23	14	9	0	0	0	0
AF	0	0.694254	21	17	4	0	0	0	0
AF	0	0.694566	84	48	36	0	0	0	0
AF	0	0.694878	31	18	13	0	0	0	0
AF	0	0.695191	20	11	9	0	0	0	0
AF	0	0.695503	34	18	16	0	0	0	0
AF	0	0.695815	53	42	11	0	0	0	0
AF	0	0.696127	23	20	3	0	0	0	0
AF	0	0.696440	35	22	13	0	0	0	0
AF	0	0.696752	26	19	7	0	0	0	0
AF	0	0.697064	25	18	7	0	0	0	0
AF	0	0.697377	23	18	5	0	0	0	0
AF	0	0.697689	27	20	7	0	0	0	0
AF	0	0.698001	25	18	7	0	0	0	0
AF	0	0.698314	44	30	14	0	0	0	0
AF	0	0.698626	23	13	10	0	0	0	0
AF	0	0.698938	29	21	8	0	0	0	0
AF	0	0.699250	24	18	6	0	0	0	0
AF	0	0.699563	22	14	8	0	0	0	0
AF	0	0.699875	25	19	6	0	0	0	0
AF	0	0.700187	12	10	2	0	0	0	0
AF	0	0.700500	22	17	5	0	0	0	0
AF	0	0.700812	24	12	12	0	0	0	0
AF	0	0.701124	31	18	13	0	0	0	0
AF	0	0.701437	20	14	6	0	0	0	0
AF	0	0.701749	19	16	3	0	0	0	0
AF	0	0.702061	18	12	6	0	0	0	0
AF	0	0.702374	21	15	6	0	0	0	0
AF	0	0.702686	15	9	6	0	0	0	0
AF	0	0.702998	24	15	9	0	0	0	0
AF	0	0.703310	17	13	4	0	0	0	0
AF	0	0.703623	27	22	5	0	0	0	0
AF	0	0.703935	23	15	8	0	0	0	0
AF	0	0.704247	16	11	5	0	0	0	0
AF	0	0.704560	25	17	8	0	0	0	0
AF	0	0.704872	19	12	7	0	0	0	0
AF	0	0.705184	22	19	3	0	0	0	0
AF	0	0.705497	15	12	3	0	0	0	0
AF	0	0.705809	31	27	4	0	0	0	0
AF	0	0.706121	16	9	7	0	0	0	0
AF	0	0.706433	26	18	8	0	0	0	0
AF	0	0.706746	15	10	5	0	0	0	0
AF	0	0.707058	28	24	4	0	0	0	0
AF	0	0.707370	13	6	7	0	0	0	0
AF	0	0.707683	24	16	8	0	0	0	0
AF	0	0.707995	22	14	8	0	0	0	0
AF	0	0.708307	34	21	13	0	0	0	0
AF	0	0.708620	24	17	7	0	0	0	0
AF	0	0.708932	28	22	6	0	0	0	0
AF	0	0.709244	43	30	13	0	0	0	0
AF	0	0.709557	32	18	14	0	0	0	0
AF	0	0.709869	30	17	13	0	0	0	0
AF	0	0.710181	33	23	10	0	0	0	0
AF	0	0.710493	29	20	9	0	0	0	0
AF	0	0.710806	27	19	8	0	0	0	0
AF	0	0.711118	29	26	3	0	0	0	0
AF	0	0.711430	26	15	11	0	0	0	0
AF	0	0.711743	26	19	7	0	0	0	0
AF	0	0.712055	19	16	3	0	0	0	0
AF	0	0.712367	19	12	7	0	0	0	0
AF	0	0.712680	24	16	8	0	0	0	0
AF	0	0.712992	22	14	8	0	0	0	0
AF	0	0.713304	18	9	9	0	0	0	0
AF	0	0.713616	41	31	10	0	0	0	0
AF	0	0.713929	25	17	8	0	0	0	0
AF	0	0.714241	30	22	8	0	0	0	0
AF	0	0.714553	24	15	9	0	0	0	0
AF	0	0.714866	20	14	6	0	0	0	0
AF	0	0.715178	21	14	7	0	0	0	0
AF	0	0.715490	33	24	9	0	0	0	0
AF	0	0.715803	38	26	12	0	0	0	0
AF	0	0.716115	34	26	8	0	0	0	0
AF	0	0.716427	23	13	10	0	0	0	0
AF	0	0.716740	11	5	6	0	0	0	0
AF	0	0.717052	19	14	5	0	0	0	0
AF	0	0.717364	17	11	6	0	0	0	0
AF	0	0.717676	25	16	9	0	0	0	0
AF	0	0.717989	20	15	5	0	0	0	0
AF	0	0.718301	15	13	2	0	0	0	0
AF	0	0.718613	27	18	9	0	0	0	0
AF	0	0.718926	12	4	8	0	0	0	0
AF	0	0.719238	14	12	2	0	0	0	0
AF	0	0.719550	26	19	7	0	0	0	0
AF	0	0.719863	25	18	7	0	0	0	0
AF	0	0.720175	25	15	10	0	0	0	0
AF	0	0.720487	23	17	6	0	0	0	0
AF	0	0.720800	20	16	4	0	0	0	0
AF	0	0.721112	25	15	10	0	0	0	0
AF	0	0.721424	18	11	7	0	0	0	0
AF	0	0.721736	12	11	1	0	0	0	0
AF	0	0.722049	21	15	6	0	0	0	0
AF	0	0.722361	29	20	9	0	0	0	0
AF	0	0.722673	31	22	9	0	0	0	0
AF	0	0.722986	27	20	7	0	0	0	0
AF	0	0.723298	22	20	2	0	0	0	0
AF	0	0.723610	32	19	13	0	0	0	0
AF	0	0.723923	30	22	8	0	0	0	0
AF	0	0.724235	36	21	15	0	0	0	0
AF	0	0.724547	29	15	14	0	0	0	0
AF	0	0.724859	22	17	5	0	0	0	0
AF	0	0.725172	31	22	9	0	0	0	0
AF	0	0.725484	25	14	11	0	0	0	0
AF	0	0.725796	29	18	11	0	0	0	0
AF	0	0.726109	16	13	3	0	0	0	0
AF	0	0.726421	17	13	4	0	0	0	0
AF	0	0.726733	18	13	5	0	0	0	0
AF	0	0.727046	23	17	6	0	0	0	0
AF	0	0.727358	16	13	3	0	0	0	0
AF	0	0.727670	23	18	5	0	0	0	0
AF	0	0.727983	27	24	3	0	0	0	0
AF	0	0.728295	31	16	15	0	0	0	0
AF	0	0.728607	16	13	3	0	0	0	0
AF	0	0.728919	31	22	9	0	0	0	0
AF	0	0.729232	33	26	7	0	0	0	0
AF	0	0.729544	25	21	4	0	0	0	0
AF	0	0.729856	27	17	10	0	0	0	0
AF	0	0.730169	29	15	14	0	0	0	0
AF	0	0.730481	20	13	7	0	0	0	0
AF	0	0.730793	25	18	7	0	0	0	0
AF	0	0.731106	20	16	4	0	0	0	0
AF	0	0.731418	34	23	11	0	0	0	0
AF	0	0.731730	24	11	13	0	0	0	0
AF	0	0.732042	14	10	4	0	0	0	0
AF	0	0.732355	21	17	4	0	0	0	0
AF	0	0.732667	18	12	6	0	0	0	0
AF	0	0.732979	15	11	4	0	0	0	0
AF	0	0.733292	16	10	6	0	0	0	0
AF	0	0.733604	21	15	6	0	0	0	0
AF	0	0.733916	17	10	7	0	0	0	0
AF	0	0.734229	21	19	2	0	0	0	0
AF	0	0.734541	21	15	6	0	0	0	0
AF	0	0.734853	22	14	8	0	0	0	0
AF	0	0.735166	20	11	9	0	0	0	0
AF	0	0.735478	13	7	6	0	0	0	0
AF	0	0.735790	25	17	8	0	0	0	0
AF	0	0.736102	27	22	5	0	0	0	0
AF	0	0.736415	26	19	7	0	0	0	0
AF	0	0.736727	20	15	5	0	0	0	0
AF	0	0.737039	13	10	3	0	0	0	0
AF	0	0.737352	13	10	3	0	0	0	0
AF	0	0.737664	22	15	7	0	0	0	0
AF	0	0.737976	19	15	4	0	0	0	0
AF	0	0.738289	18	12	6	0	0	0	0
AF	0	0.738601	19	12	7	0	0	0	0
AF	0	0.738913	20	14	6	0	0	0	0
AF	0	0.739225	36	27	9	0	0	0	0
AF	0	0.739538	17	12	5	0	0	0	0
AF	0	0.739850	15	11	4	0	0	0	0
AF	0	0.740162	37	29	8	0	0	0	0
AF	0	0.740475	29	17	12	0	0	0	0
AF	0	0.740787	30	22	8	0	0	0	0
AF	0	0.741099	27	17	10	0	0	0	0
AF	0	0.741412	30	23	7	0	0	0	0
AF	0	0.741724	34	28	6	0	0	0	0
AF	0	0.742036	29	20	9	0	0	0	0
AF	0	0.742349	24	14	10	0	0	0	0
AF	0	0.742661	23	14	9	0	0	0	0
AF	0	0.742973	26	22	4	0	0	0	0
AF	0	0.743285	31	23	8	0	0	0	0
AF	0	0.743598	22	15	7	0	0	0	0
AF	0	0.743910	28	17	11	0	0	0	0
AF	0	0.744222	23	19	4	0	0	0	0
AF	0	0.744535	15	10	5	0	0	0	0
AF	0	0.744847	19	17	2	0	0	0	0
AF	0	0.745159	19	11	8	0	0	0	0
AF	0	0.745472	26	19	7	0	0	0	0
AF	0	0.745784	24	16	8	0	0	0	0
AF	0	0.746096	22	13	9	0	0	0	0
AF	0	0.746408	23	22	1	0	0	0	0
AF	0	0.746721	34	28	6	0	0	0	0
AF	0	0.747033	17	13	4	0	0	0	0
AF	0	0.747345	14	11	3	0	0	0	0
AF	0	0.747658	26	18	8	0	0	0	0
AF	0	0.747970	24	14	10	0	0	0	0
AF	0	0.748282	22	12	10	0	0	0	0
AF	0	0.748595	11	10	1	0	0	0	0
AF	0	0.748907	15	12	3	0	0	0	0
AF	0	0.749219	34	24	10	0	0	0	0
AF	0	0.749532	35	25	10	0	0	0	0
AF	0	0.749844	13	7	6	0	0	0	0
AF	0	0.750156	31	23	8	0	0	0	0
AF	0	0.750468	24	16	8	0	0	0	0
AF	0	0.750781	25	18	7	0	0	0	0
AF	0	0.751093	23	21	2	0	0	0	0
AF	0	0.751405	17	9	8	0	0	0	0
AF	0	0.751718	27	17	10	0	0	0	0
AF	0	0.752030	21	12	9	0	0	0	0
AF	0	0.752342	31	21	10	0	0	0	0
AF	0	0.752655	33	18	15	0	0	0	0
AF	0	0.752967	17	11	6	0	0	0	0
AF	0	0.753279	22	16	6	0	0	0	0
AF	0	0.753592	24	20	4	0	0	0	0
AF	0	0.753904	24	17	7	0	0	0	0
AF	0	0.754216	33	25	8	0	0	0	0
AF	0	0.754528	32	26	6	0	0	0	0
AF	0	0.754841	31	22	9	0	0	0	0
AF	0	0.755153	27	19	8	0	0	0	0
AF	0	0.755465	19	13	6	0	0	0	0
AF	0	0.755778	32	18	14	0	0	0	0
AF	0	0.756090	31	23	8	0	0	0	0
AF	0	0.756402	14	9	5	0	0	0	0
AF	0	0.756715	26	19	7	0	0	0	0
AF	0	0.757027	19	13	6	0	0	0	0
AF	0	0.757339	41	26	15	0	0	0	0
AF	0	0.757651	27	20	7	0	0	0	0
AF	0	0.757964	25	18	7	0	0	0	0
AF	0	0.758276	32	26	6	0	0	0	0
AF	0	0.758588	11	6	5	0	0	0	0
AF	0	0.758901	26	20	6	0	0	0	0
AF	0	0.759213	21	16	5	0	0	0	0
AF	0	0.759525	23	14	9	0	0	0	0
AF	0	0.759838	27	20	7	0	0	0	0
AF	0	0.760150	25	13	12	0	0	0	0
AF	0	0.760462	31	19	12	0	0	0	0
AF	0	0.760775	26	17	9	0	0	0	0
AF	0	0.761087	40	30	10	0	0	0	0
AF	0	0.761399	31	23	8	0	0	0	0
AF	0	0.761711	22	15	7	0	0	0	0
AF	0	0.762024	28	20	8	0	0	0	0
AF	0	0.762336	30	18	12	0	0	0	0
AF	0	0.762648	24	14	10	0	0	0	0
AF	0	0.762961	24	11	13	0	0	0	0
AF	0	0.763273	30	16	14	0	0	0	0
AF	0	0.763585	24	21	3	0	0	0	0
AF	0	0.763898	15	10	5	0	0	0	0
AF	0	0.764210	27	19	8	0	0	0	0
AF	0	0.764522	30	23	7	0	0	0	0
AF	0	0.764834	20	14	6	0	0	0	0
AF	0	0.765147	29	20	9	0	0	0	0
AF	0	0.765459	18	13	5	0	0	0	0
AF	0	0.765771	20	17	3	0	0	0	0
AF	0	0.766084	29	21	8	0	0	0	0
AF	0	0.766396	40	32	8	0	0	0	0
AF	0	0.766708	50	31	19	0	0	0	0
AF	0	0.767021	25	15	10	0	0	0	0
AF	0	0.767333	23	16	7	0	0	0	0
AF	0	0.767645	20	12	8	0	0	0	0
AF	0	0.767958	23	19	4	0	0	0	0
AF	0	0.768270	25	17	8	0	0	0	0
AF	0	0.768582	19	17	2	0	0	0	0
AF	0	0.768894	15	12	3	0	0	0	0
AF	0	0.769207	39	30	9	0	0	0	0
AF	0	0.769519	31	24	7	0	0	0	0
AF	0	0.769831	37	23	14	0	0	0	0
AF	0	0.770144	30	19	11	0	0	0	0
AF	0	0.770456	16	12	4	0	0	0	0
AF	0	0.770768	25	18	7	0	0	0	0
AF	0	0.771081	16	13	3	0	0	0	0
AF	0	0.771393	49	29	20	0	0	0	0
AF	0	0.771705	67	45	22	0	0	0	0
AF	0	0.772017	73	50	23	0	0	0	0
AF	0	0.772330	13	9	4	0	0	0	0
AF	0	0.772642	19	12	7	0	0	0	0
AF	0	0.772954	17	11	6	0	0	0	0
AF	0	0.773267	31	18	13	0	0	0	0
AF	0	0.773579	22	17	5	0	0	0	0
AF	0	0.773891	24	16	8	0	0	0	0
AF	0	0.774204	26	21	5	0	0	0	0
AF	0	0.774516	55	34	21	0	0	0	0
AF	0	0.774828	57	38	19	0	0	0	0
AF	0	0.775141	18	13	5	0	0	0	0
AF	0	0.775453	22	18	4	0	0	0	0
AF	0	0.775765	25	14	11	0	0	0	0
AF	0	0.776077	21	14	7	0	0	0	0
AF	0	0.776390	13	8	5	0	0	0	0
AF	0	0.776702	22	19	3	0	0	0	0
AF	0	0.777014	20	13	7	0	0	0	0
AF	0	0.777327	15	10	5	0	0	0	0
AF	0	0.777639	17	11	6	0	0	0	0
AF	0	0.777951	14	8	6	0	0	0	0
AF	0	0.778264	18	11	7	0	0	0	0
AF	0	0.778576	17	8	9	0	0	0	0
AF	0	0.778888	18	13	5	0	0	0	0
AF	0	0.779200	21	15	6	0	0	0	0
AF	0	0.779513	17	11	6	0	0	0	0
AF	0	0.779825	20	13	7	0	0	0	0
AF	0	0.780137	61	39	22	0	0	0	0
AF	0	0.780450	34	25	9	0	0	0	0
AF	0	0.780762	17	12	5	0	0	0	0
AF	0	0.781074	25	16	9	0	0	0	0
AF	0	0.781387	27	23	4	0	0	0	0
AF	0	0.781699	19	14	5	0	0	0	0
AF	0	0.782011	26	22	4	0	0	0	0
AF	0	0.782324	17	11	6	0	0	0	0
AF	0	0.782636	14	13	1	0	0	0	0
AF	0	0.782948	15	12	3	0	0	0	0
AF	0	0.783260	20	12	8	0	0	0	0
AF	0	0.783573	10	7	3	0	0	0	0
AF	0	0.783885	16	12	4	0	0	0	0
AF	0	0.784197	29	20	9	0	0	0	0
AF	0	0.784510	28	20	8	0	0	0	0
AF	0	0.784822	17	12	5	0	0	0	0
AF	0	0.785134	23	17	6	0	0	0	0
AF	0	0.785447	32	15	17	0	0	0	0
AF	0	0.785759	24	21	3	0	0	0	0
AF	0	0.786071	17	11	6	0	0	0	0
AF	0	0.786384	16	11	5	0	0	0	0
AF	0	0.786696	13	11	2	0	0	0	0
AF	0	0.787008	21	16	5	0	0	0	0
AF	0	0.787320	15	6	9	0	0	0	0
AF	0	0.787633	12	7	5	0	0	0	0
AF	0	0.787945	24	15	9	0	0	0	0
AF	0	0.788257	28	18	10	0	0	0	0
AF	0	0.788570	17	10	7	0	0	0	0
AF	0	0.788882	12	8	4	0	0	0	0
AF	0	0.789194	10	8	2	0	0	0	0
AF	0	0.789507	23	16	7	0	0	0	0
AF	0	0.789819	14	7	7	0	0	0	0
AF	0	0.790131	14	11	3	0	0	0	0
AF	0	0.790443	13	11	2	0	0	0	0
AF	0	0.790756	20	14	6	0	0	0	0
AF	0	0.791068	19	9	10	0	0	0	0
AF	0	0.791380	34	20	14	0	0	0	0
AF	0	0.791693	19	15	4	0	0	0	0
AF	0	0.792005	18	11	7	0	0	0	0
AF	0	0.792317	20	11	9	0	0	0	0
AF	0	0.792630	15	12	3	0	0	0	0
AF	0	0.792942	16	14	2	0	0	0	0
AF	0	0.793254	17	13	4	0	0	0	0
AF	0	0.793567	25	17	8	0	0	0	0
AF	0	0.793879	14	8	6	0	0	0	0
AF	0	0.794191	23	12	11	0	0	0	0
AF	0	0.794503	39	29	10	0	0	0	0
AF	0	0.794816	22	17	5	0	0	0	0
AF	0	0.795128	18	11	7	0	0	0	0
AF	0	0.795440	19	12	7	0	0	0	0
AF	0	0.795753	17	8	9	0	0	0	0
AF	0	0.796065	13	12	1	0	0	0	0
AF	0	0.796377	15	13	2	0	0	0	0
AF	0	0.796690	11	7	4	0	0	0	0
AF	0	0.797002	16	12	4	0	0	0	0
AF	0	0.797314	21	14	7	0	0	0	0
AF	0	0.797626	21	17	4	0	0	0	0
AF	0	0.797939	15	10	5	0	0	0	0
AF	0	0.798251	12	9	3	0	0	0	0
AF	0	0.798563	13	10	3	0	0	0	0
AF	0	0.798876	18	11	7	0	0	0	0
AF	0	0.799188	14	10	4	0	0	0	0
AF	0	0.799500	23	18	5	0	0	0	0
AF	0	0.799813	13	9	4	0	0	0	0
AF	0	0.800125	18	13	5	0	0	0	0
AF	0	0.800437	20	14	6	0	0	0	0
AF	0	0.800750	22	14	8	0	0	0	0
AF	0	0.801062	20	15	5	0	0	0	0
AF	0	0.801374	18	13	5	0	0	0	0
AF	0	0.801686	21	17	4	0	0	0	0
AF	0	0.801999	19	16	3	0	0	0	0
AF	0	0.802311	19	11	8	0	0	0	0
AF	0	0.802623	14	11	3	0	0	0	0
AF	0	0.802936	15	9	6	0	0	0	0
AF	0	0.803248	16	12	4	0	0	0	0
AF	0	0.803560	13	12	1	0	0	0	0
AF	0	0.803873	12	10	2	0	0	0	0
AF	0	0.804185	27	22	5	0	0	0	0
AF	0	0.804497	21	15	6	0	0	0	0
AF	0	0.804809	19	13	6	0	0	0	0
AF	0	0.805122	21	16	5	0	0	0	0
AF	0	0.805434	26	12	14	0	0	0	0
AF	0	0.805746	20	12	8	0	0	0	0
AF	0	0.806059	16	12	4	0	0	0	0
AF	0	0.806371	21	15	6	0	0	0	0
AF	0	0.806683	19	15	4	0	0	0	0
AF	0	0.806996	29	22	7	0	0	0	0
AF	0	0.807308	15	12	3	0	0	0	0
AF	0	0.807620	17	13	4	0	0	0	0
AF	0	0.807933	33	25	8	0	0	0	0
AF	0	0.808245	21	15	6	0	0	0	0
AF	0	0.808557	19	11	8	0	0	0	0
AF	0	0.808869	18	16	2	0	0	0	0
AF	0	0.809182	20	13	7	0	0	0	0
AF	0	0.809494	10	9	1	0	0	0	0
AF	0	0.809806	24	18	6	0	0	0	0
AF	0	0.810119	21	14	7	0	0	0	0
AF	0	0.810431	25	19	6	0	0	0	0
AF	0	0.810743	18	14	4	0	0	0	0
AF	0	0.811056	23	18	5	0	0	0	0
AF	0	0.811368	13	13	0	0	0	0	0
AF	0	0.811680	29	16	13	0	0	0	0
AF	0	0.811993	20	15	5	0	0	0	0
AF	0	0.812305	11	7	4	0	0	0	0
AF	0	0.812617	23	18	5	0	0	0	0
AF	0	0.812929	17	12	5	0	0	0	0
AF	0	0.813242	29	20	9	0	0	0	0
AF	0	0.813554	28	19	9	0	0	0	0
AF	0	0.813866	23	18	5	0	0	0	0
AF	0	0.814179	22	11	11	0	0	0	0
AF	0	0.814491	15	11	4	0	0	0	0
AF	0	0.814803	20	14	6	0	0	0	0
AF	0	0.815116	15	13	2	0	0	0	0
AF	0	0.815428	18	12	6	0	0	0	0
AF	0	0.815740	23	14	9	0	0	0	0
AF	0	0.816052	19	16	3	0	0	0	0
AF	0	0.816365	18	15	3	0	0	0	0
AF	0	0.816677	12	8	4	0	0	0	0
AF	0	0.816989	19	15	4	0	0	0	0
AF	0	0.817302	22	15	7	0	0	0	0
AF	0	0.817614	38	26	12	0	0	0	0
AF	0	0.817926	24	16	8	0	0	0	0
AF	0	0.818239	16	13	3	0	0	0	0
AF	0	0.818551	18	15	3	0	0	0	0
AF	0	0.818863	7	4	3	0	0	0	0
AF	0	0.819176	14	6	8	0	0	0	0
AF	0	0.819488	10	8	2	0	0	0	0
AF	0	0.819800	20	12	8	0	0	0	0
AF	0	0.820112	19	9	10	0	0	0	0
AF	0	0.820425	19	13	6	0	0	0	0
AF	0	0.820737	16	8	8	0	0	0	0
AF	0	0.821049	15	8	7	0	0	0	0
AF	0	0.821362	18	12	6	0	0	0	0
AF	0	0.821674	15	9	6	0	0	0	0
AF	0	0.821986	22	16	6	0	0	0	0
AF	0	0.822299	13	11	2	0	0	0	0
AF	0	0.822611	13	6	7	0	0	0	0
AF	0	0.822923	19	12	7	0	0	0	0
AF	0	0.823235	16	11	5	0	0	0	0
AF	0	0.823548	18	13	5	0	0	0	0
AF	0	0.823860	7	5	2	0	0	0	0
AF	0	0.824172	10	8	2	0	0	0	0
AF	0	0.824485	29	21	8	0	0	0	0
AF	0	0.824797	19	14	5	0	0	0	0
AF	0	0.825109	10	5	5	0	0	0	0
AF	0	0.825422	14	8	6	0	0	0	0
AF	0	0.825734	33	24	9	0	0	0	0
AF	0	0.826046	32	21	11	0	0	0	0
AF	0	0.826359	22	13	9	0	0	0	0
AF	0	0.826671	15	10	5	0	0	0	0
AF	0	0.826983	12	9	3	0	0	0	0
AF	0	0.827295	18	10	8	0	0	0	0
AF	0	0.827608	20	15	5	0	0	0	0
AF	0	0.827920	12	9	3	0	0	0	0
AF	0	0.828232	17	15	2	0	0	0	0
AF	0	0.828545	15	9	6	0	0	0	0
AF	0	0.828857	14	11	3	0	0	0	0
AF	0	0.829169	16	11	5	0	0	0	0
AF	0	0.829482	18	15	3	0	0	0	0
AF	0	0.829794	13	7	6	0	0	0	0
AF	0	0.830106	18	11	7	0	0	0	0
AF	0	0.830418	16	11	5	0	0	0	0
AF	0	0.830731	23	15	8	0	0	0	0
AF	0	0.831043	18	10	8	0	0	0	0
AF	0	0.831355	26	21	5	0	0	0	0
AF	0	0.831668	30	20	10	0	0	0	0
AF	0	0.831980	27	20	7	0	0	0	0
AF	0	0.832292	23	18	5	0	0	0	0
AF	0	0.832605	25	20	5	0	0	0	0
AF	0	0.832917	33	22	11	0	0	0	0
AF	0	0.833229	19	12	7	0	0	0	0
AF	0	0.833542	41	28	13	0	0	0	0
AF	0	0.833854	24	20	4	0	0	0	0
AF	0	0.834166	15	10	5	0	0	0	0
AF	0	0.834478	22	14	8	0	0	0	0
AF	0	0.834791	22	15	7	0	0	0	0
AF	0	0.835103	16	14	2	0	0	0	0
AF	0	0.835415	11	7	4	0	0	0	0
AF	0	0.835728	15	14	1	0	0	0	0
AF	0	0.836040	14	9	5	0	0	0	0
AF	0	0.836352	19	14	5	0	0	0	0
AF	0	0.836665	21	18	3	0	0	0	0
AF	0	0.836977	25	18	7	0	0	0	0
AF	0	0.837289	17	16	1	0	0	0	0
AF	0	0.837601	17	9	8	0	0	0	0
AF	0	0.837914	21	13	8	0	0	0	0
AF	0	0.838226	12	7	5	0	0	0	0
AF	0	0.838538	20	15	5	0	0	0	0
AF	0	0.838851	28	20	8	0	0	0	0
AF	0	0.839163	22	15	7	0	0	0	0
AF	0	0.839475	8	5	3	0	0	0	0
AF	0	0.839788	11	5	6	0	0	0	0
AF	0	0.840100	22	14	8	0	0	0	0
AF	0	0.840412	18	9	9	0	0	0	0
AF	0	0.840725	14	11	3	0	0	0	0
AF	0	0.841037	20	14	6	0	0	0	0
AF	0	0.841349	23	21	2	0	0	0	0
AF	0	0.841661	22	18	4	0	0	0	0
AF	0	0.841974	38	26	12	0	0	0	0
AF	0	0.842286	56	41	15	0	0	0	0
AF	0	0.842598	22	12	10	0	0	0	0
AF	0	0.842911	28	21	7	0	0	0	0
AF	0	0.843223	12	9	3	0	0	0	0
AF	0	0.843535	15	10	5	0	0	0	0
AF	0	0.843848	19	17	2	0	0	0	0
AF	0	0.844160	16	13	3	0	0	0	0
AF	0	0.844472	10	7	3	0	0	0	0
AF	0	0.844785	17	12	5	0	0	0	0
AF	0	0.845097	14	7	7	0	0	0	0
AF	0	0.845409	20	12	8	0	0	0	0
AF	0	0.845721	14	10	4	0	0	0	0
AF	0	0.846034	11	10	1	0	0	0	0
AF	0	0.846346	13	8	5	0	0	0	0
AF	0	0.846658	13	11	2	0	0	0	0
AF	0	0.846971	14	9	5	0	0	0	0
AF	0	0.847283	15	11	4	0	0	0	0
AF	0	0.847595	15	6	9	0	0	0	0
AF	0	0.847908	8	5	3	0	0	0	0
AF	0	0.848220	13	8	5	0	0	0	0
AF	0	0.848532	11	9	2	0	0	0	0
AF	0	0.848844	17	11	6	0	0	0	0
AF	0	0.849157	26	20	6	0	0	0	0
AF	0	0.849469	15	9	6	0	0	0	0
AF	0	0.849781	11	9	2	0	0	0	0
AF	0	0.850094	17	15	2	0	0	0	0
AF	0	0.850406	17	10	7	0	0	0	0
AF	0	0.850718	16	12	4	0	0	0	0
AF	0	0.851031	18	12	6	0	0	0	0
AF	0	0.851343	34	22	12	0	0	0	0
AF	0	0.851655	32	24	8	0	0	0	0
AF	0	0.851968	20	14	6	0	0	0	0
AF	0	0.852280	26	18	8	0	0	0	0
AF	0	0.852592	19	16	3	0	0	0	0
AF	0	0.852904	20	16	4	0	0	0	0
AF	0	0.853217	15	13	2	0	0	0	0
AF	0	0.853529	15	13	2	0	0	0	0
AF	0	0.853841	17	12	5	0	0	0	0
AF	0	0.854154	10	5	5	0	0	0	0
AF	0	0.854466	34	25	9	0	0	0	0
AF	0	0.854778	5	1	4	0	0	0	0
AF	0	0.855091	16	11	5	0	0	0	0
AF	0	0.855403	11	8	3	0	0	0	0
AF	0	0.855715	8	7	1	0	0	0	0
AF	0	0.856027	15	12	3	0	0	0	0
AF	0	0.856340	10	9	1	0	0	0	0
AF	0	0.856652	14	7	7	0	0	0	0
AF	0	0.856964	16	12	4	0	0	0	0
AF	0	0.857277	18	14	4	0	0	0	0
AF	0	0.857589	24	16	8	0	0	0	0
AF	0	0.857901	16	11	5	0	0	0	0
AF	0	0.858214	13	6	7	0	0	0	0
AF	0	0.858526	16	15	1	0	0	0	0
AF	0	0.858838	13	9	4	0	0	0	0
AF	0	0.859151	12	8	4	0	0	0	0
AF	0	0.859463	18	10	8	0	0	0	0
AF	0	0.859775	10	8	2	0	0	0	0
AF	0	0.860087	16	12	4	0	0	0	0
AF	0	0.860400	19	15	4	0	0	0	0
AF	0	0.860712	11	11	0	0	0	0	0
AF	0	0.861024	18	13	5	0	0	0	0
AF	0	0.861337	12	7	5	0	0	0	0
AF	0	0.861649	11	10	1	0	0	0	0
AF	0	0.861961	13	11	2	0	0	0	0
AF	0	0.862274	29	24	5	0	0	0	0
AF	0	0.862586	16	10	6	0	0	0	0
AF	0	0.862898	30	18	12	0	0	0	0
AF	0	0.863210	13	10	3	0	0	0	0
AF	0	0.863523	18	11	7	0	0	0	0
AF	0	0.863835	13	7	6	0	0	0	0
AF	0	0.864147	17	12	5	0	0	0	0
AF	0	0.864460	8	6	2	0	0	0	0
AF	0	0.864772	22	14	8	0	0	0	0
AF	0	0.865084	19	13	6	0	0	0	0
AF	0	0.865397	28	18	10	0	0	0	0
AF	0	0.865709	14	11	3	0	0	0	0
AF	0	0.866021	16	12	4	0	0	0	0
AF	0	0.866334	14	8	6	0	0	0	0
AF	0	0.866646	15	9	6	0	0	0	0
AF	0	0.866958	14	8	6	0	0	0	0
AF	0	0.867270	10	7	3	0	0	0	0
AF	0	0.867583	13	9	4	0	0	0	0
AF	0	0.867895	7	6	1	0	0	0	0
AF	0	0.868207	14	11	3	0	0	0	0
AF	0	0.868520	5	3	2	0	0	0	0
AF	0	0.868832	9	6	3	0	0	0	0
AF	0	0.869144	9	7	2	0	0	0	0
AF	0	0.869457	10	7	3	0	0	0	0
AF	0	0.869769	17	13	4	0	0	0	0
AF	0	0.870081	29	19	10	0	0	0	0
AF	0	0.870394	22	21	1	0	0	0	0
AF	0	0.870706	14	10	4	0	0	0	0
AF	0	0.871018	9	9	0	0	0	0	0
AF	0	0.871330	14	12	2	0	0	0	0
AF	0	0.871643	13	6	7	0	0	0	0
AF	0	0.871955	17	15	2	0	0	0	0
AF	0	0.872267	15	10	5	0	0	0	0
AF	0	0.872580	7	7	0	0	0	0	0
AF	0	0.872892	10	6	4	0	0	0	0
AF	0	0.873204	12	11	1	0	0	0	0
AF	0	0.873517	16	11	5	0	0	0	0
AF	0	0.873829	17	14	3	0	0	0	0
AF	0	0.874141	17	10	7	0	0	0	0
AF	0	0.874453	13	8	5	0	0	0	0
AF	0	0.874766	15	10	5	0	0	0	0
AF	0	0.875078	20	13	7	0	0	0	0
AF	0	0.875390	20	17	3	0	0	0	0
AF	0	0.875703	17	6	11	0	0	0	0
AF	0	0.876015	20	11	9	0	0	0	0
AF	0	0.876327	16	10	6	0	0	0	0
AF	0	0.876640	18	14	4	0	0	0	0
AF	0	0.876952	16	11	5	0	0	0	0
AF	0	0.877264	25	17	8	0	0	0	0
AF	0	0.877577	30	19	11	0	0	0	0
AF	0	0.877889	25	19	6	0	0	0	0
AF	0	0.878201	17	11	6	0	0	0	0
AF	0	0.878513	17	13	4	0	0	0	0
AF	0	0.878826	19	15	4	0	0	0	0
AF	0	0.879138	14	10	4	0	0	0	0
AF	0	0.879450	10	8	2	0	0	0	0
AF	0	0.879763	14	8	6	0	0	0	0
AF	0	0.880075	12	8	4	0	0	0	0
AF	0	0.880387	27	19	8	0	0	0	0
AF	0	0.880700	13	8	5	0	0	0	0
AF	0	0.881012	16	13	3	0	0	0	0
AF	0	0.881324	22	14	8	0	0	0	0
AF	0	0.881636	18	14	4	0	0	0	0
AF	0	0.881949	22	17	5	0	0	0	0
AF	0	0.882261	11	9	2	0	0	0	0
AF	0	0.882573	16	11	5	0	0	0	0
AF	0	0.882886	19	12	7	0	0	0	0
AF	0	0.883198	15	11	4	0	0	0	0
AF	0	0.883510	17	12	5	0	0	0	0
AF	0	0.883823	18	13	5	0	0	0	0
AF	0	0.884135	19	13	6	0	0	0	0
AF	0	0.884447	12	8	4	0	0	0	0
AF	0	0.884760	13	9	4	0	0	0	0
AF	0	0.885072	16	8	8	0	0	0	0
AF	0	0.885384	20	12	8	0	0	0	0
AF	0	0.885696	10	6	4	0	0	0	0
AF	0	0.886009	12	7	5	0	0	0	0
AF	0	0.886321	17	10	7	0	0	0	0
AF	0	0.886633	8	8	0	0	0	0	0
AF	0	0.886946	10	9	1	0	0	0	0
AF	0	0.887258	7	4	3	0	0	0	0
AF	0	0.887570	5	4	1	0	0	0	0
AF	0	0.887883	10	5	5	0	0	0	0
AF	0	0.888195	9	5	4	0	0	0	0
AF	0	0.888507	11	8	3	0	0	0	0
AF	0	0.888819	17	13	4	0	0	0	0
AF	0	0.889132	8	7	1	0	0	0	0
AF	0	0.889444	15	11	4	0	0	0	0
AF	0	0.889756	7	6	1	0	0	0	0
AF	0	0.890069	10	7	3	0	0	0	0
AF	0	0.890381	12	10	2	0	0	0	0
AF	0	0.890693	5	2	3	0	0	0	0
AF	0	0.891006	9	9	0	0	0	0	0
AF	0	0.891318	7	4	3	0	0	0	0
AF	0	0.891630	11	9	2	0	0	0	0
AF	0	0.891943	14	10	4	0	0	0	0
AF	0	0.892255	8	4	4	0	0	0	0
AF	0	0.892567	11	6	5	0	0	0	0
AF	0	0.892879	15	12	3	0	0	0	0
AF	0	0.893192	9	7	2	0	0	0	0
AF	0	0.893504	11	8	3	0	0	0	0
AF	0	0.893816	15	11	4	0	0	0	0
AF	0	0.894129	11	7	4	0	0	0	0
AF	0	0.894441	18	15	3	0	0	0	0
AF	0	0.894753	16	10	6	0	0	0	0
AF	0	0.895066	17	12	5	0	0	0	0
AF	0	0.895378	13	10	3	0	0	0	0
AF	0	0.895690	11	7	4	0	0	0	0
AF	0	0.896002	16	6	10	0	0	0	0
AF	0	0.896315	17	13	4	0	0	0	0
AF	0	0.896627	22	14	8	0	0	0	0
AF	0	0.896939	20	12	8	0	0	0	0
AF	0	0.897252	29	20	9	0	0	0	0
AF	0	0.897564	20	17	3	0	0	0	0
AF	0	0.897876	11	10	1	0	0	0	0
AF	0	0.898189	10	8	2	0	0	0	0
AF	0	0.898501	4	4	0	0	0	0	0
AF	0	0.898813	15	10	5	0	0	0	0
AF	0	0.899126	9	8	1	0	0	0	0
AF	0	0.899438	8	5	3	0	0	0	0
AF	0	0.899750	12	10	2	0	0	0	0
AF	0	0.900062	9	7	2	0	0	0	0
AF	0	0.900375	11	10	1	0	0	0	0
AF	0	0.900687	28	21	7	0	0	0	0
AF	0	0.900999	21	17	4	0	0	0	0
AF	0	0.901312	16	12	4	0	0	0	0
AF	0	0.901624	22	14	8	0	0	0	0
AF	0	0.901936	14	11	3	0	0	0	0
AF	0	0.902249	20	12	8	0	0	0	0
AF	0	0.902561	24	15	9	0	0	0	0
AF	0	0.902873	14	8	6	0	0	0	0
AF	0	0.903186	18	9	9	0	0	0	0
AF	0	0.903498	11	7	4	0	0	0	0
AF	0	0.903810	15	12	3	0	0	0	0
AF	0	0.904122	12	7	5	0	0	0	0
AF	0	0.904435	25	18	7	0	0	0	0
AF	0	0.904747	17	11	6	0	0	0	0
AF	0	0.905059	6	4	2	0	0	0	0
AF	0	0.905372	21	16	5	0	0	0	0
AF	0	0.905684	7	5	2	0	0	0	0
AF	0	0.905996	12	11	1	0	0	0	0
AF	0	0.906309	16	9	7	0	0	0	0
AF	0	0.906621	15	9	6	0	0	0	0
AF	0	0.906933	12	8	4	0	0	0	0
AF	0	0.907245	7	6	1	0	0	0	0
AF	0	0.907558	12	9	3	0	0	0	0
AF	0	0.907870	12	10	2	0	0	0	0
AF	0	0.908182	14	10	4	0	0	0	0
AF	0	0.908495	6	5	1	0	0	0	0
AF	0	0.908807	10	7	3	0	0	0	0
AF	0	0.909119	18	13	5	0	0	0	0
AF	0	0.909432	5	5	0	0	0	0	0
AF	0	0.909744	11	8	3	0	0	0	0
AF	0	0.910056	7	6	1	0	0	0	0
AF	0	0.910369	11	7	4	0	0	0	0
AF	0	0.910681	8	6	2	0	0	0	0
AF	0	0.910993	5	4	1	0	0	0	0
AF	0	0.911305	6	4	2	0	0	0	0
AF	0	0.911618	16	12	4	0	0	0	0
AF	0	0.911930	13	10	3	0	0	0	0
AF	0	0.912242	14	10	4	0	0	0	0
AF	0	0.912555	10	7	3	0	0	0	0
AF	0	0.912867	21	15	6	0	0	0	0
AF	0	0.913179	10	8	2	0	0	0	0
AF	0	0.913492	4	3	1	0	0	0	0
AF	0	0.913804	15	12	3	0	0	0	0
AF	0	0.914116	10	5	5	0	0	0	0
AF	0	0.914428	9	9	0	0	0	0	0
AF	0	0.914741	11	8	3	0	0	0	0
AF	0	0.915053	16	12	4	0	0	0	0
AF	0	0.915365	12	9	3	0	0	0	0
AF	0	0.915678	34	24	10	0	0	0	0
AF	0	0.915990	6	5	1	0	0	0	0
AF	0	0.916302	10	7	3	0	0	0	0
AF	0	0.916615	16	13	3	0	0	0	0
AF	0	0.916927	14	11	3	0	0	0	0
AF	0	0.917239	7	6	1	0	0	0	0
AF	0	0.917552	7	5	2	0	0	0	0
AF	0	0.917864	9	6	3	0	0	0	0
AF	0	0.918176	10	4	6	0	0	0	0
AF	0	0.918488	8	5	3	0	0	0	0
AF	0	0.918801	13	8	5	0	0	0	0
AF	0	0.919113	12	9	3	0	0	0	0
AF	0	0.919425	12	10	2	0	0	0	0
AF	0	0.919738	13	10	3	0	0	0	0
AF	0	0.920050	18	12	6	0	0	0	0
AF	0	0.920362	14	10	4	0	0	0	0
AF	0	0.920675	8	8	0	0	0	0	0
AF	0	0.920987	7	4	3	0	0	0	0
AF	0	0.921299	6	5	1	0	0	0	0
AF	0	0.921611	11	10	1	0	0	0	0
AF	0	0.921924	5	5	0	0	0	0	0
AF	0	0.922236	9	5	4	0	0	0	0
AF	0	0.922548	9	7	2	0	0	0	0
AF	0	0.922861	9	5	4	0	0	0	0
AF	0	0.923173	6	2	4	0	0	0	0
AF	0	0.923485	6	5	1	0	0	0	0
AF	0	0.923798	10	8	2	0	0	0	0
AF	0	0.924110	6	4	2	0	0	0	0
AF	0	0.924422	6	3	3	0	0	0	0
AF	0	0.924735	11	8	3	0	0	0	0
AF	0	0.925047	5	3	2	0	0	0	0
AF	0	0.925359	6	5	1	0	0	0	0
AF	0	0.925671	11	8	3	0	0	0	0
AF	0	0.925984	6	6	0	0	0	0	0
AF	0	0.926296	11	7	4	0	0	0	0
AF	0	0.926608	9	8	1	0	0	0	0
AF	0	0.926921	13	8	5	0	0	0	0
AF	0	0.927233	11	6	5	0	0	0	0
AF	0	0.927545	9	4	5	0	0	0	0
AF	0	0.927858	9	6	3	0	0	0	0
AF	0	0.928170	7	3	4	0	0	0	0
AF	0	0.928482	10	6	4	0	0	0	0
AF	0	0.928795	7	2	5	0	0	0	0
AF	0	0.929107	12	8	4	0	0	0	0
AF	0	0.929419	9	7	2	0	0	0	0
AF	0	0.929731	10	6	4	0	0	0	0
AF	0	0.930044	7	4	3	0	0	0	0
AF	0	0.930356	5	4	1	0	0	0	0
AF	0	0.930668	10	5	5	0	0	0	0
AF	0	0.930981	10	7	3	0	0	0	0
AF	0	0.931293	10	8	2	0	0	0	0
AF	0	0.931605	20	14	6	0	0	0	0
AF	0	0.931918	12	5	7	0	0	0	0
AF	0	0.932230	23	13	10	0	0	0	0
AF	0	0.932542	11	9	2	0	0	0	0
AF	0	0.932854	8	7	1	0	0	0	0
AF	0	0.933167	7	3	4	0	0	0	0
AF	0	0.933479	14	8	6	0	0	0	0
AF	0	0.933791	5	4	1	0	0	0	0
AF	0	0.934104	13	10	3	0	0	0	0
AF	0	0.934416	10	5	5	0	0	0	0
AF	0	0.934728	6	3	3	0	0	0	0
AF	0	0.935041	10	5	5	0	0	0	0
AF	0	0.935353	15	11	4	0	0	0	0
AF	0	0.935665	17	11	6	0	0	0	0
AF	0	0.935978	6	4	2	0	0	0	0
AF	0	0.936290	7	6	1	0	0	0	0
AF	0	0.936602	6	2	4	0	0	0	0
AF	0	0.936914	12	11	1	0	0	0	0
AF	0	0.937227	10	9	1	0	0	0	0
AF	0	0.937539	11	9	2	0	0	0	0
AF	0	0.937851	13	12	1	0	0	0	0
AF	0	0.938164	15	12	3	0	0	0	0
AF	0	0.938476	7	4	3	0	0	0	0
AF	0	0.938788	8	6	2	0	0	0	0
AF	0	0.939101	9	4	5	0	0	0	0
AF	0	0.939413	9	8	1	0	0	0	0
AF	0	0.939725	12	8	4	0	0	0	0
AF	0	0.940037	5	3	2	0	0	0	0
AF	0	0.940350	6	4	2	0	0	0	0
AF	0	0.940662	21	15	6	0	0	0	0
AF	0	0.940974	23	19	4	0	0	0	0
AF	0	0.941287	12	9	3	0	0	0	0
AF	0	0.941599	11	8	3	0	0	0	0
AF	0	0.941911	7	4	3	0	0	0	0
AF	0	0.942224	6	5	1	0	0	0	0
AF	0	0.942536	7	7	0	0	0	0	0
AF	0	0.942848	6	4	2	0	0	0	0
AF	0	0.943161	13	7	6	0	0	0	0
AF	0	0.943473	10	9	1	0	0	0	0
AF	0	0.943785	9	5	4	0	0	0	0
AF	0	0.944097	7	6	1	0	0	0	0
AF	0	0.944410	17	14	3	0	0	0	0
AF	0	0.944722	8	7	1	0	0	0	0
AF	0	0.945034	11	7	4	0	0	0	0
AF	0	0.945347	7	5	2	0	0	0	0
AF	0	0.945659	7	7	0	0	0	0	0
AF	0	0.945971	10	7	3	0	0	0	0
AF	0	0.946284	9	6	3	0	0	0	0
AF	0	0.946596	6	5	1	0	0	0	0
AF	0	0.946908	7	7	0	0	0	0	0
AF	0	0.947220	11	8	3	0	0	0	0
AF	0	0.947533	6	6	0	0	0	0	0
AF	0	0.947845	3	3	0	0	0	0	0
AF	0	0.948157	9	6	3	0	0	0	0
AF	0	0.948470	12	6	6	0	0	0	0
AF	0	0.948782	17	11	6	0	0	0	0
AF	0	0.949094	16	10	6	0	0	0	0
AF	0	0.949407	9	7	2	0	0	0	0
AF	0	0.949719	12	8	4	0	0	0	0
AF	0	0.950031	8	7	1	0	0	0	0
AF	0	0.950344	7	5	2	0	0	0	0
AF	0	0.950656	4	1	3	0	0	0	0
AF	0	0.950968	11	8	3	0	0	0	0
AF	0	0.951280	10	6	4	0	0	0	0
AF	0	0.951593	12	9	3	0	0	0	0
AF	0	0.951905	14	11	3	0	0	0	0
AF	0	0.952217	17	14	3	0	0	0	0
AF	0	0.952530	8	4	4	0	0	0	0
AF	0	0.952842	5	3	2	0	0	0	0
AF	0	0.953154	8	3	5	0	0	0	0
AF	0	0.953467	10	7	3	0	0	0	0
AF	0	0.953779	6	5	1	0	0	0	0
AF	0	0.954091	11	8	3	0	0	0	0
AF	0	0.954403	22	16	6	0	0	0	0
AF	0	0.954716	29	20	9	0	0	0	0
AF	0	0.955028	7	7	0	0	0	0	0
AF	0	0.955340	11	9	2	0	0	0	0
AF	0	0.955653	13	8	5	0	0	0	0
AF	0	0.955965	8	6	2	0	0	0	0
AF	0	0.956277	4	2	2	0	0	0	0
AF	0	0.956590	8	7	1	0	0	0	0
AF	0	0.956902	16	11	5	0	0	0	0
AF	0	0.957214	13	7	6	0	0	0	0
AF	0	0.957527	9	6	3	0	0	0	0
AF	0	0.957839	8	7	1	0	0	0	0
AF	0	0.958151	8	5	3	0	0	0	0
AF	0	0.958463	7	6	1	0	0	0	0
AF	0	0.958776	4	3	1	0	0	0	0
AF	0	0.959088	17	13	4	0	0	0	0
AF	0	0.959400	7	7	0	0	0	0	0
AF	0	0.959713	17	12	5	0	0	0	0
AF	0	0.960025	8	7	1	0	0	0	0
AF	0	0.960337	9	5	4	0	0	0	0
AF	0	0.960650	7	7	0	0	0	0	0
AF	0	0.960962	7	4	3	0	0	0	0
AF	0	0.961274	14	13	1	0	0	0	0
AF	0	0.961587	12	8	4	0	0	0	0
AF	0	0.961899	13	8	5	0	0	0	0
AF	0	0.962211	7	4	3	0	0	0	0
AF	0	0.962523	10	7	3	0	0	0	0
AF	0	0.962836	2	1	1	0	0	0	0
AF	0	0.963148	6	4	2	0	0	0	0
AF	0	0.963460	10	8	2	0	0	0	0
AF	0	0.963773	8	4	4	0	0	0	0
AF	0	0.964085	11	10	1	0	0	0	0
AF	0	0.964397	8	5	3	0	0	0	0
AF	0	0.964710	5	5	0	0	0	0	0
AF	0	0.965022	15	11	4	0	0	0	0
AF	0	0.965334	23	17	6	0	0	0	0
AF	0	0.965646	14	7	7	0	0	0	0
AF	0	0.965959	14	12	2	0	0	0	0
AF	0	0.966271	5	4	1	0	0	0	0
AF	0	0.966583	9	6	3	0	0	0	0
AF	0	0.966896	13	7	6	0	0	0	0
AF	0	0.967208	24	20	4	0	0	0	0
AF	0	0.967520	18	12	6	0	0	0	0
AF	0	0.967833	49	33	16	0	0	0	0
AF	0	0.968145	41	22	19	0	0	0	0
AF	0	0.968457	14	10	4	0	0	0	0
AF	0	0.968770	16	10	6	0	0	0	0
AF	0	0.969082	42	33	9	0	0	0	0
AF	0	0.969394	114	81	33	0	0	0	0
AF	0	0.969706	31	21	10	0	0	0	0
AF	0	0.970019	23	13	10	0	0	0	0
AF	0	0.970331	22	15	7	0	0	0	0
AF	0	0.970643	31	24	7	0	0	0	0
AF	0	0.970956	22	11	11	0	0	0	0
AF	0	0.971268	37	24	13	0	0	0	0
AF	0	0.971580	24	13	11	0	0	0	0
AF	0	0.971893	17	12	5	0	0	0	0
AF	0	0.972205	8	7	1	0	0	0	0
AF	0	0.972517	13	8	5	0	0	0	0
AF	0	0.972829	12	8	4	0	0	0	0
AF	0	0.973142	5	3	2	0	0	0	0
AF	0	0.973454	9	8	1	0	0	0	0
AF	0	0.973766	14	12	2	0	0	0	0
AF	0	0.974079	19	12	7	0	0	0	0
AF	0	0.974391	5	3	2	0	0	0	0
AF	0	0.974703	6	2	4	0	0	0	0
AF	0	0.975016	29	25	4	0	0	0	0
AF	0	0.975328	20	15	5	0	0	0	0
AF	0	0.975640	25	22	3	0	0	0	0
AF	0	0.975953	89	65	24	0	0	0	0
AF	0	0.976265	520	349	171	0	0	0	0
AF	0	0.976577	15	11	4	0	0	0	0
AF	0	0.976889	12	6	6	0	0	0	0
AF	0	0.977202	10	8	2	0	0	0	0
AF	0	0.977514	7	4	3	0	0	0	0
AF	0	0.977826	23	13	10	0	0	0	0
AF	0	0.978139	12	9	3	0	0	0	0
AF	0	0.978451	10	8	2	0	0	0	0
AF	0	0.978763	16	14	2	0	0	0	0
AF	0	0.979076	10	8	2	0	0	0	0
AF	0	0.979388	15	6	9	0	0	0	0
AF	0	0.979700	13	9	4	0	0	0	0
AF	0	0.980012	12	10	2	0	0	0	0
AF	0	0.980325	12	7	5	0	0	0	0
AF	0	0.980637	11	10	1	0	0	0	0
AF	0	0.980949	4	3	1	0	0	0	0
AF	0	0.981262	6	3	3	0	0	0	0
AF	0	0.981574	30	19	11	0	0	0	0
AF	0	0.981886	8	5	3	0	0	0	0
AF	0	0.982199	8	5	3	0	0	0	0
AF	0	0.982511	7	5	2	0	0	0	0
AF	0	0.982823	8	4	4	0	0	0	0
AF	0	0.983136	9	6	3	0	0	0	0
AF	0	0.983448	13	9	4	0	0	0	0
AF	0	0.983760	11	8	3	0	0	0	0
AF	0	0.984072	12	10	2	0	0	0	0
AF	0	0.984385	14	9	5	0	0	0	0
AF	0	0.984697	9	6	3	0	0	0	0
AF	0	0.985009	9	7	2	0	0	0	0
AF	0	0.985322	11	11	0	0	0	0	0
AF	0	0.985634	7	6	1	0	0	0	0
AF	0	0.985946	10	5	5	0	0	0	0
AF	0	0.986259	13	11	2	0	0	0	0
AF	0	0.986571	13	8	5	0	0	0	0
AF	0	0.986883	25	16	9	0	0	0	0
AF	0	0.987196	17	12	5	0	0	0	0
AF	0	0.987508	16	12	4	0	0	0	0
AF	0	0.987820	16	12	4	0	0	0	0
AF	0	0.988132	12	8	4	0	0	0	0
AF	0	0.988445	15	8	7	0	0	0	0
AF	0	0.988757	32	21	11	0	0	0	0
AF	0	0.989069	24	17	7	0	0	0	0
AF	0	0.989382	38	25	13	0	0	0	0
AF	0	0.989694	32	19	13	0	0	0	0
AF	0	0.990006	38	27	11	0	0	0	0
AF	0	0.990319	31	24	7	0	0	0	0
AF	0	0.990631	15	11	4	0	0	0	0
AF	0	0.990943	16	12	4	0	0	0	0
AF	0	0.991255	29	17	12	0	0	0	0
AF	0	0.991568	13	10	3	0	0	0	0
AF	0	0.991880	23	18	5	0	0	0	0
AF	0	0.992192	15	10	5	0	0	0	0
AF	0	0.992505	16	12	4	0	0	0	0
AF	0	0.992817	14	9	5	0	0	0	0
AF	0	0.993129	31	24	7	0	0	0	0
AF	0	0.993442	20	17	3	0	0	0	0
AF	0	0.993754	20	11	9	0	0	0	0
AF	0	0.994066	28	20	8	0	0	0	0
AF	0	0.994379	22	13	9	0	0	0	0
AF	0	0.994691	20	15	5	0	0	0	0
AF	0	0.995003	23	18	5	0	0	0	0
AF	0	0.995315	24	15	9	0	0	0	0
AF	0	0.995628	18	9	9	0	0	0	0
AF	0	0.995940	25	13	12	0	0	0	0
AF	0	0.996252	25	21	4	0	0	0	0
AF	0	0.996565	21	15	6	0	0	0	0
AF	0	0.996877	35	25	10	0	0	0	0
AF	0	0.997189	27	21	6	0	0	0	0
AF	0	0.997502	42	31	11	0	0	0	0
AF	0	0.997814	31	28	3	0	0	0	0
AF	0	0.998126	53	36	17	0	0	0	0
AF	0	0.998438	59	37	22	0	0	0	0
AF	0	0.998751	33	21	12	0	0	0	0
AF	0	0.999063	58	40	18	0	0	0	0
AF	0	0.999375	48	29	19	0	0	0	0
# QUAL, Stats by quality
# QUAL	[2]id	[3]Quality	[4]number of SNPs	[5]number of transitions (1st ALT)	[6]number of transversions (1st ALT)	[7]number of indels
QUAL	0	.	847683	590189	257494	0
# IDD, InDel distribution:
# IDD	[2]id	[3]length (deletions negative)	[4]number of sites	[5]number of genotypes	[6]mean VAF
# ST, Substitution types:
# ST	[2]id	[3]type	[4]count
ST	0	A>C	26902
ST	0	A>G	96854
ST	0	A>T	23382
ST	0	C>A	39314
ST	0	C>G	39298
ST	0	C>T	196635
ST	0	G>A	199875
ST	0	G>C	39108
ST	0	G>T	37721
ST	0	T>A	25096
ST	0	T>C	96825
ST	0	T>G	26673
# DP, depth:
#   - set id, see above
#   - the depth bin, corresponds to the depth (unless --depth was given)
#   - number of genotypes with this depth (zero unless -s/-S was given)
#   - fraction of genotypes with this depth (zero unless -s/-S was given)
#   - number of sites with this depth
#   - fraction of sites with this depth
# DP, Depth distribution
# DP	[2]id	[3]bin	[4]number of genotypes	[5]fraction of genotypes (%)	[6]number of sites	[7]fraction of sites (%)
