# This file was produced by bcftools stats (1.21+htslib-1.21) and can be plotted using plot-vcfstats.
# The command line was:	bcftools stats  /project/cphg-millerlab/software/MonopogenLite/resources/1kGP_high_coverage_Illumina.SNVonly_poly.filtered_AF_5e-04.norm.fixvariantid.chr3.vcf.gz
#
# Definition of sets:
# ID	[2]id	[3]tab-separated file names
ID	0	/project/cphg-millerlab/software/MonopogenLite/resources/1kGP_high_coverage_Illumina.SNVonly_poly.filtered_AF_5e-04.norm.fixvariantid.chr3.vcf.gz
# SN, Summary numbers:
#   number of records   .. number of data rows in the VCF
#   number of no-ALTs   .. reference-only sites, ALT is either "." or identical to REF
#   number of SNPs      .. number of rows with a SNP
#   number of MNPs      .. number of rows with a MNP, such as CC>TT
#   number of indels    .. number of rows with an indel
#   number of others    .. number of rows with other type, for example a symbolic allele or
#                          a complex substitution, such as ACT>TCGA
#   number of multiallelic sites     .. number of rows with multiple alternate alleles
#   number of multiallelic SNP sites .. number of rows with multiple alternate alleles, all SNPs
# 
#   Note that rows containing multiple types will be counted multiple times, in each
#   counter. For example, a row with a SNP and an indel increments both the SNP and
#   the indel counter.
# 
# SN	[2]id	[3]key	[4]value
SN	0	number of samples:	3202
SN	0	number of records:	2597222
SN	0	number of no-ALTs:	0
SN	0	number of SNPs:	2597222
SN	0	number of MNPs:	0
SN	0	number of indels:	0
SN	0	number of others:	0
SN	0	number of multiallelic sites:	0
SN	0	number of multiallelic SNP sites:	0
# TSTV, transitions/transversions
#   - transitions, see https://en.wikipedia.org/wiki/Transition_(genetics)
#   - transversions, see https://en.wikipedia.org/wiki/Transversion
# TSTV	[2]id	[3]ts	[4]tv	[5]ts/tv	[6]ts (1st ALT)	[7]tv (1st ALT)	[8]ts/tv (1st ALT)
TSTV	0	1744879	852343	2.05	1744879	852343	2.05
# SiS, Singleton stats:
#   - allele count, i.e. the number of singleton genotypes (AC=1)
#   - number of transitions, see above
#   - number of transversions, see above
#   - repeat-consistent, inconsistent and n/a: experimental and useless stats [DEPRECATED]
# SiS	[2]id	[3]allele count	[4]number of SNPs	[5]number of transitions	[6]number of transversions	[7]number of indels	[8]repeat-consistent	[9]repeat-inconsistent	[10]not applicable
SiS	0	1	0	0	0	0	0	0	0
# AF, Stats by non-reference allele frequency:
# AF	[2]id	[3]allele frequency	[4]number of SNPs	[5]number of transitions	[6]number of transversions	[7]number of indels	[8]repeat-consistent	[9]repeat-inconsistent	[10]not applicable
AF	0	0.000312	266437	180620	85817	0	0	0	0
AF	0	0.000625	309930	209991	99939	0	0	0	0
AF	0	0.000937	187123	126422	60701	0	0	0	0
AF	0	0.001249	132592	89006	43586	0	0	0	0
AF	0	0.001562	99252	66755	32497	0	0	0	0
AF	0	0.001874	79261	53540	25721	0	0	0	0
AF	0	0.002186	67281	45150	22131	0	0	0	0
AF	0	0.002498	57113	38058	19055	0	0	0	0
AF	0	0.002811	49045	33036	16009	0	0	0	0
AF	0	0.003123	44186	29620	14566	0	0	0	0
AF	0	0.003435	38043	25306	12737	0	0	0	0
AF	0	0.003748	34309	23041	11268	0	0	0	0
AF	0	0.004060	30680	20664	10016	0	0	0	0
AF	0	0.004372	29249	19693	9556	0	0	0	0
AF	0	0.004685	26219	17507	8712	0	0	0	0
AF	0	0.004997	24109	16052	8057	0	0	0	0
AF	0	0.005309	22389	14915	7474	0	0	0	0
AF	0	0.005621	20658	13786	6872	0	0	0	0
AF	0	0.005934	19926	13438	6488	0	0	0	0
AF	0	0.006246	18502	12334	6168	0	0	0	0
AF	0	0.006558	17351	11575	5776	0	0	0	0
AF	0	0.006871	17039	11381	5658	0	0	0	0
AF	0	0.007183	15898	10472	5426	0	0	0	0
AF	0	0.007495	14430	9625	4805	0	0	0	0
AF	0	0.007808	13559	9016	4543	0	0	0	0
AF	0	0.008120	12680	8486	4194	0	0	0	0
AF	0	0.008432	12354	8225	4129	0	0	0	0
AF	0	0.008745	11880	7856	4024	0	0	0	0
AF	0	0.009057	11181	7441	3740	0	0	0	0
AF	0	0.009369	10861	7293	3568	0	0	0	0
AF	0	0.009681	10413	6950	3463	0	0	0	0
AF	0	0.009994	9736	6419	3317	0	0	0	0
AF	0	0.010306	9507	6235	3272	0	0	0	0
AF	0	0.010618	8862	5951	2911	0	0	0	0
AF	0	0.010931	8653	5852	2801	0	0	0	0
AF	0	0.011243	8051	5397	2654	0	0	0	0
AF	0	0.011555	8006	5402	2604	0	0	0	0
AF	0	0.011868	7583	5023	2560	0	0	0	0
AF	0	0.012180	7301	4843	2458	0	0	0	0
AF	0	0.012492	7244	4878	2366	0	0	0	0
AF	0	0.012804	6854	4567	2287	0	0	0	0
AF	0	0.013117	6747	4499	2248	0	0	0	0
AF	0	0.013429	7233	4812	2421	0	0	0	0
AF	0	0.013741	6333	4218	2115	0	0	0	0
AF	0	0.014054	6239	4177	2062	0	0	0	0
AF	0	0.014366	6186	4058	2128	0	0	0	0
AF	0	0.014678	5718	3805	1913	0	0	0	0
AF	0	0.014991	5716	3856	1860	0	0	0	0
AF	0	0.015303	5418	3609	1809	0	0	0	0
AF	0	0.015615	4921	3312	1609	0	0	0	0
AF	0	0.015928	4966	3318	1648	0	0	0	0
AF	0	0.016240	4775	3181	1594	0	0	0	0
AF	0	0.016552	4645	3061	1584	0	0	0	0
AF	0	0.016864	4612	3108	1504	0	0	0	0
AF	0	0.017177	4731	3130	1601	0	0	0	0
AF	0	0.017489	4518	2986	1532	0	0	0	0
AF	0	0.017801	4399	2945	1454	0	0	0	0
AF	0	0.018114	4358	2923	1435	0	0	0	0
AF	0	0.018426	4094	2703	1391	0	0	0	0
AF	0	0.018738	4463	2967	1496	0	0	0	0
AF	0	0.019051	4190	2783	1407	0	0	0	0
AF	0	0.019363	3977	2631	1346	0	0	0	0
AF	0	0.019675	4048	2736	1312	0	0	0	0
AF	0	0.019988	3876	2583	1293	0	0	0	0
AF	0	0.020300	3648	2428	1220	0	0	0	0
AF	0	0.020612	3464	2310	1154	0	0	0	0
AF	0	0.020924	3446	2360	1086	0	0	0	0
AF	0	0.021237	3387	2263	1124	0	0	0	0
AF	0	0.021549	3442	2322	1120	0	0	0	0
AF	0	0.021861	3416	2318	1098	0	0	0	0
AF	0	0.022174	3174	2197	977	0	0	0	0
AF	0	0.022486	3185	2113	1072	0	0	0	0
AF	0	0.022798	3245	2152	1093	0	0	0	0
AF	0	0.023111	3240	2177	1063	0	0	0	0
AF	0	0.023423	2936	1945	991	0	0	0	0
AF	0	0.023735	2941	1935	1006	0	0	0	0
AF	0	0.024047	2983	1986	997	0	0	0	0
AF	0	0.024360	2962	1996	966	0	0	0	0
AF	0	0.024672	2743	1803	940	0	0	0	0
AF	0	0.024984	2646	1807	839	0	0	0	0
AF	0	0.025297	2641	1752	889	0	0	0	0
AF	0	0.025609	2707	1854	853	0	0	0	0
AF	0	0.025921	2533	1743	790	0	0	0	0
AF	0	0.026234	2838	1896	942	0	0	0	0
AF	0	0.026546	2913	1957	956	0	0	0	0
AF	0	0.026858	2343	1561	782	0	0	0	0
AF	0	0.027171	2425	1613	812	0	0	0	0
AF	0	0.027483	2205	1479	726	0	0	0	0
AF	0	0.027795	2424	1634	790	0	0	0	0
AF	0	0.028107	2199	1490	709	0	0	0	0
AF	0	0.028420	2170	1461	709	0	0	0	0
AF	0	0.028732	2325	1561	764	0	0	0	0
AF	0	0.029044	2170	1446	724	0	0	0	0
AF	0	0.029357	2294	1543	751	0	0	0	0
AF	0	0.029669	2485	1634	851	0	0	0	0
AF	0	0.029981	2169	1464	705	0	0	0	0
AF	0	0.030294	2027	1352	675	0	0	0	0
AF	0	0.030606	1999	1328	671	0	0	0	0
AF	0	0.030918	2030	1376	654	0	0	0	0
AF	0	0.031230	1923	1306	617	0	0	0	0
AF	0	0.031543	1946	1317	629	0	0	0	0
AF	0	0.031855	1865	1219	646	0	0	0	0
AF	0	0.032167	1782	1198	584	0	0	0	0
AF	0	0.032480	1921	1275	646	0	0	0	0
AF	0	0.032792	1839	1248	591	0	0	0	0
AF	0	0.033104	1781	1210	571	0	0	0	0
AF	0	0.033417	2022	1333	689	0	0	0	0
AF	0	0.033729	1804	1246	558	0	0	0	0
AF	0	0.034041	1794	1200	594	0	0	0	0
AF	0	0.034354	1792	1169	623	0	0	0	0
AF	0	0.034666	1619	1097	522	0	0	0	0
AF	0	0.034978	1722	1163	559	0	0	0	0
AF	0	0.035290	1664	1100	564	0	0	0	0
AF	0	0.035603	1583	1053	530	0	0	0	0
AF	0	0.035915	1597	1070	527	0	0	0	0
AF	0	0.036227	1773	1157	616	0	0	0	0
AF	0	0.036540	1647	1072	575	0	0	0	0
AF	0	0.036852	1725	1156	569	0	0	0	0
AF	0	0.037164	1628	1080	548	0	0	0	0
AF	0	0.037477	1497	974	523	0	0	0	0
AF	0	0.037789	1487	979	508	0	0	0	0
AF	0	0.038101	1459	992	467	0	0	0	0
AF	0	0.038413	1520	1012	508	0	0	0	0
AF	0	0.038726	1610	1069	541	0	0	0	0
AF	0	0.039038	1432	945	487	0	0	0	0
AF	0	0.039350	1552	1006	546	0	0	0	0
AF	0	0.039663	1363	927	436	0	0	0	0
AF	0	0.039975	1448	962	486	0	0	0	0
AF	0	0.040287	1366	871	495	0	0	0	0
AF	0	0.040600	1287	874	413	0	0	0	0
AF	0	0.040912	1440	966	474	0	0	0	0
AF	0	0.041224	1379	948	431	0	0	0	0
AF	0	0.041537	1327	893	434	0	0	0	0
AF	0	0.041849	1344	913	431	0	0	0	0
AF	0	0.042161	1412	903	509	0	0	0	0
AF	0	0.042473	1256	838	418	0	0	0	0
AF	0	0.042786	1408	941	467	0	0	0	0
AF	0	0.043098	1270	889	381	0	0	0	0
AF	0	0.043410	1313	861	452	0	0	0	0
AF	0	0.043723	1259	817	442	0	0	0	0
AF	0	0.044035	1258	840	418	0	0	0	0
AF	0	0.044347	1567	1035	532	0	0	0	0
AF	0	0.044660	1217	806	411	0	0	0	0
AF	0	0.044972	1331	896	435	0	0	0	0
AF	0	0.045284	1300	884	416	0	0	0	0
AF	0	0.045597	1211	795	416	0	0	0	0
AF	0	0.045909	1271	855	416	0	0	0	0
AF	0	0.046221	1267	824	443	0	0	0	0
AF	0	0.046533	1144	746	398	0	0	0	0
AF	0	0.046846	1192	800	392	0	0	0	0
AF	0	0.047158	1196	815	381	0	0	0	0
AF	0	0.047470	1110	753	357	0	0	0	0
AF	0	0.047783	1127	719	408	0	0	0	0
AF	0	0.048095	1126	757	369	0	0	0	0
AF	0	0.048407	1212	817	395	0	0	0	0
AF	0	0.048720	1236	833	403	0	0	0	0
AF	0	0.049032	1007	664	343	0	0	0	0
AF	0	0.049344	1165	789	376	0	0	0	0
AF	0	0.049656	1079	747	332	0	0	0	0
AF	0	0.049969	1090	715	375	0	0	0	0
AF	0	0.050281	1011	678	333	0	0	0	0
AF	0	0.050593	990	644	346	0	0	0	0
AF	0	0.050906	1011	662	349	0	0	0	0
AF	0	0.051218	1023	667	356	0	0	0	0
AF	0	0.051530	1007	692	315	0	0	0	0
AF	0	0.051843	1051	691	360	0	0	0	0
AF	0	0.052155	1085	736	349	0	0	0	0
AF	0	0.052467	1109	747	362	0	0	0	0
AF	0	0.052780	1123	744	379	0	0	0	0
AF	0	0.053092	1149	759	390	0	0	0	0
AF	0	0.053404	1031	702	329	0	0	0	0
AF	0	0.053716	1090	752	338	0	0	0	0
AF	0	0.054029	1144	750	394	0	0	0	0
AF	0	0.054341	920	618	302	0	0	0	0
AF	0	0.054653	822	567	255	0	0	0	0
AF	0	0.054966	915	604	311	0	0	0	0
AF	0	0.055278	859	585	274	0	0	0	0
AF	0	0.055590	903	626	277	0	0	0	0
AF	0	0.055903	783	529	254	0	0	0	0
AF	0	0.056215	1054	704	350	0	0	0	0
AF	0	0.056527	955	652	303	0	0	0	0
AF	0	0.056839	867	574	293	0	0	0	0
AF	0	0.057152	945	638	307	0	0	0	0
AF	0	0.057464	797	513	284	0	0	0	0
AF	0	0.057776	944	654	290	0	0	0	0
AF	0	0.058089	790	534	256	0	0	0	0
AF	0	0.058401	890	625	265	0	0	0	0
AF	0	0.058713	903	619	284	0	0	0	0
AF	0	0.059026	823	555	268	0	0	0	0
AF	0	0.059338	829	558	271	0	0	0	0
AF	0	0.059650	796	519	277	0	0	0	0
AF	0	0.059963	869	577	292	0	0	0	0
AF	0	0.060275	799	537	262	0	0	0	0
AF	0	0.060587	894	632	262	0	0	0	0
AF	0	0.060899	750	498	252	0	0	0	0
AF	0	0.061212	781	521	260	0	0	0	0
AF	0	0.061524	736	498	238	0	0	0	0
AF	0	0.061836	875	597	278	0	0	0	0
AF	0	0.062149	714	502	212	0	0	0	0
AF	0	0.062461	728	462	266	0	0	0	0
AF	0	0.062773	827	550	277	0	0	0	0
AF	0	0.063086	883	577	306	0	0	0	0
AF	0	0.063398	817	531	286	0	0	0	0
AF	0	0.063710	818	553	265	0	0	0	0
AF	0	0.064022	767	546	221	0	0	0	0
AF	0	0.064335	832	575	257	0	0	0	0
AF	0	0.064647	850	565	285	0	0	0	0
AF	0	0.064959	828	556	272	0	0	0	0
AF	0	0.065272	752	508	244	0	0	0	0
AF	0	0.065584	660	440	220	0	0	0	0
AF	0	0.065896	714	482	232	0	0	0	0
AF	0	0.066209	751	503	248	0	0	0	0
AF	0	0.066521	667	432	235	0	0	0	0
AF	0	0.066833	756	513	243	0	0	0	0
AF	0	0.067146	687	472	215	0	0	0	0
AF	0	0.067458	648	439	209	0	0	0	0
AF	0	0.067770	736	459	277	0	0	0	0
AF	0	0.068082	702	462	240	0	0	0	0
AF	0	0.068395	763	504	259	0	0	0	0
AF	0	0.068707	868	580	288	0	0	0	0
AF	0	0.069019	811	561	250	0	0	0	0
AF	0	0.069332	704	472	232	0	0	0	0
AF	0	0.069644	673	455	218	0	0	0	0
AF	0	0.069956	799	539	260	0	0	0	0
AF	0	0.070269	726	488	238	0	0	0	0
AF	0	0.070581	661	422	239	0	0	0	0
AF	0	0.070893	696	443	253	0	0	0	0
AF	0	0.071205	678	468	210	0	0	0	0
AF	0	0.071518	678	462	216	0	0	0	0
AF	0	0.071830	734	489	245	0	0	0	0
AF	0	0.072142	723	487	236	0	0	0	0
AF	0	0.072455	755	499	256	0	0	0	0
AF	0	0.072767	640	415	225	0	0	0	0
AF	0	0.073079	605	409	196	0	0	0	0
AF	0	0.073392	657	430	227	0	0	0	0
AF	0	0.073704	595	416	179	0	0	0	0
AF	0	0.074016	606	428	178	0	0	0	0
AF	0	0.074329	612	396	216	0	0	0	0
AF	0	0.074641	761	519	242	0	0	0	0
AF	0	0.074953	683	453	230	0	0	0	0
AF	0	0.075265	701	469	232	0	0	0	0
AF	0	0.075578	673	467	206	0	0	0	0
AF	0	0.075890	650	427	223	0	0	0	0
AF	0	0.076202	644	420	224	0	0	0	0
AF	0	0.076515	621	410	211	0	0	0	0
AF	0	0.076827	634	425	209	0	0	0	0
AF	0	0.077139	609	412	197	0	0	0	0
AF	0	0.077452	636	406	230	0	0	0	0
AF	0	0.077764	632	430	202	0	0	0	0
AF	0	0.078076	609	400	209	0	0	0	0
AF	0	0.078389	646	423	223	0	0	0	0
AF	0	0.078701	585	398	187	0	0	0	0
AF	0	0.079013	638	420	218	0	0	0	0
AF	0	0.079325	666	453	213	0	0	0	0
AF	0	0.079638	709	446	263	0	0	0	0
AF	0	0.079950	696	468	228	0	0	0	0
AF	0	0.080262	685	441	244	0	0	0	0
AF	0	0.080575	751	515	236	0	0	0	0
AF	0	0.080887	709	481	228	0	0	0	0
AF	0	0.081199	605	416	189	0	0	0	0
AF	0	0.081512	691	466	225	0	0	0	0
AF	0	0.081824	740	496	244	0	0	0	0
AF	0	0.082136	808	549	259	0	0	0	0
AF	0	0.082448	604	412	192	0	0	0	0
AF	0	0.082761	645	431	214	0	0	0	0
AF	0	0.083073	632	423	209	0	0	0	0
AF	0	0.083385	617	433	184	0	0	0	0
AF	0	0.083698	640	435	205	0	0	0	0
AF	0	0.084010	690	464	226	0	0	0	0
AF	0	0.084322	565	398	167	0	0	0	0
AF	0	0.084635	573	390	183	0	0	0	0
AF	0	0.084947	534	355	179	0	0	0	0
AF	0	0.085259	568	383	185	0	0	0	0
AF	0	0.085572	611	413	198	0	0	0	0
AF	0	0.085884	560	373	187	0	0	0	0
AF	0	0.086196	533	372	161	0	0	0	0
AF	0	0.086508	530	350	180	0	0	0	0
AF	0	0.086821	566	375	191	0	0	0	0
AF	0	0.087133	467	316	151	0	0	0	0
AF	0	0.087445	529	367	162	0	0	0	0
AF	0	0.087758	498	318	180	0	0	0	0
AF	0	0.088070	573	367	206	0	0	0	0
AF	0	0.088382	496	354	142	0	0	0	0
AF	0	0.088695	580	403	177	0	0	0	0
AF	0	0.089007	540	359	181	0	0	0	0
AF	0	0.089319	543	342	201	0	0	0	0
AF	0	0.089631	520	355	165	0	0	0	0
AF	0	0.089944	559	372	187	0	0	0	0
AF	0	0.090256	568	368	200	0	0	0	0
AF	0	0.090568	516	355	161	0	0	0	0
AF	0	0.090881	575	394	181	0	0	0	0
AF	0	0.091193	531	369	162	0	0	0	0
AF	0	0.091505	547	365	182	0	0	0	0
AF	0	0.091818	537	361	176	0	0	0	0
AF	0	0.092130	471	307	164	0	0	0	0
AF	0	0.092442	557	366	191	0	0	0	0
AF	0	0.092755	538	352	186	0	0	0	0
AF	0	0.093067	537	364	173	0	0	0	0
AF	0	0.093379	461	305	156	0	0	0	0
AF	0	0.093691	480	306	174	0	0	0	0
AF	0	0.094004	509	353	156	0	0	0	0
AF	0	0.094316	487	338	149	0	0	0	0
AF	0	0.094628	484	335	149	0	0	0	0
AF	0	0.094941	561	364	197	0	0	0	0
AF	0	0.095253	486	318	168	0	0	0	0
AF	0	0.095565	578	369	209	0	0	0	0
AF	0	0.095878	535	336	199	0	0	0	0
AF	0	0.096190	629	413	216	0	0	0	0
AF	0	0.096502	459	313	146	0	0	0	0
AF	0	0.096814	441	292	149	0	0	0	0
AF	0	0.097127	500	331	169	0	0	0	0
AF	0	0.097439	445	288	157	0	0	0	0
AF	0	0.097751	480	315	165	0	0	0	0
AF	0	0.098064	498	334	164	0	0	0	0
AF	0	0.098376	526	360	166	0	0	0	0
AF	0	0.098688	416	265	151	0	0	0	0
AF	0	0.099001	428	282	146	0	0	0	0
AF	0	0.099313	512	362	150	0	0	0	0
AF	0	0.099625	492	322	170	0	0	0	0
AF	0	0.099938	477	313	164	0	0	0	0
AF	0	0.100250	423	289	134	0	0	0	0
AF	0	0.100562	494	321	173	0	0	0	0
AF	0	0.100874	466	313	153	0	0	0	0
AF	0	0.101187	426	291	135	0	0	0	0
AF	0	0.101499	539	387	152	0	0	0	0
AF	0	0.101811	471	329	142	0	0	0	0
AF	0	0.102124	496	315	181	0	0	0	0
AF	0	0.102436	475	309	166	0	0	0	0
AF	0	0.102748	529	362	167	0	0	0	0
AF	0	0.103061	541	373	168	0	0	0	0
AF	0	0.103373	447	294	153	0	0	0	0
AF	0	0.103685	437	293	144	0	0	0	0
AF	0	0.103998	497	339	158	0	0	0	0
AF	0	0.104310	501	337	164	0	0	0	0
AF	0	0.104622	494	325	169	0	0	0	0
AF	0	0.104934	470	332	138	0	0	0	0
AF	0	0.105247	459	312	147	0	0	0	0
AF	0	0.105559	473	312	161	0	0	0	0
AF	0	0.105871	513	335	178	0	0	0	0
AF	0	0.106184	450	302	148	0	0	0	0
AF	0	0.106496	432	310	122	0	0	0	0
AF	0	0.106808	475	321	154	0	0	0	0
AF	0	0.107121	533	364	169	0	0	0	0
AF	0	0.107433	509	340	169	0	0	0	0
AF	0	0.107745	399	271	128	0	0	0	0
AF	0	0.108057	480	327	153	0	0	0	0
AF	0	0.108370	491	343	148	0	0	0	0
AF	0	0.108682	528	372	156	0	0	0	0
AF	0	0.108994	445	278	167	0	0	0	0
AF	0	0.109307	425	298	127	0	0	0	0
AF	0	0.109619	478	314	164	0	0	0	0
AF	0	0.109931	491	330	161	0	0	0	0
AF	0	0.110244	539	368	171	0	0	0	0
AF	0	0.110556	434	273	161	0	0	0	0
AF	0	0.110868	487	323	164	0	0	0	0
AF	0	0.111181	484	332	152	0	0	0	0
AF	0	0.111493	418	282	136	0	0	0	0
AF	0	0.111805	415	282	133	0	0	0	0
AF	0	0.112117	418	294	124	0	0	0	0
AF	0	0.112430	513	352	161	0	0	0	0
AF	0	0.112742	446	304	142	0	0	0	0
AF	0	0.113054	560	375	185	0	0	0	0
AF	0	0.113367	414	289	125	0	0	0	0
AF	0	0.113679	418	261	157	0	0	0	0
AF	0	0.113991	412	279	133	0	0	0	0
AF	0	0.114304	421	282	139	0	0	0	0
AF	0	0.114616	394	264	130	0	0	0	0
AF	0	0.114928	493	347	146	0	0	0	0
AF	0	0.115240	402	289	113	0	0	0	0
AF	0	0.115553	431	272	159	0	0	0	0
AF	0	0.115865	437	311	126	0	0	0	0
AF	0	0.116177	434	289	145	0	0	0	0
AF	0	0.116490	388	262	126	0	0	0	0
AF	0	0.116802	414	267	147	0	0	0	0
AF	0	0.117114	376	260	116	0	0	0	0
AF	0	0.117427	331	227	104	0	0	0	0
AF	0	0.117739	402	276	126	0	0	0	0
AF	0	0.118051	383	263	120	0	0	0	0
AF	0	0.118364	373	254	119	0	0	0	0
AF	0	0.118676	399	260	139	0	0	0	0
AF	0	0.118988	425	276	149	0	0	0	0
AF	0	0.119300	462	320	142	0	0	0	0
AF	0	0.119613	434	296	138	0	0	0	0
AF	0	0.119925	460	293	167	0	0	0	0
AF	0	0.120237	433	292	141	0	0	0	0
AF	0	0.120550	417	283	134	0	0	0	0
AF	0	0.120862	436	287	149	0	0	0	0
AF	0	0.121174	458	313	145	0	0	0	0
AF	0	0.121487	408	279	129	0	0	0	0
AF	0	0.121799	407	266	141	0	0	0	0
AF	0	0.122111	344	227	117	0	0	0	0
AF	0	0.122423	378	248	130	0	0	0	0
AF	0	0.122736	382	258	124	0	0	0	0
AF	0	0.123048	393	267	126	0	0	0	0
AF	0	0.123360	385	239	146	0	0	0	0
AF	0	0.123673	354	248	106	0	0	0	0
AF	0	0.123985	393	266	127	0	0	0	0
AF	0	0.124297	396	271	125	0	0	0	0
AF	0	0.124610	421	285	136	0	0	0	0
AF	0	0.124922	383	266	117	0	0	0	0
AF	0	0.125234	409	277	132	0	0	0	0
AF	0	0.125547	394	270	124	0	0	0	0
AF	0	0.125859	371	245	126	0	0	0	0
AF	0	0.126171	396	271	125	0	0	0	0
AF	0	0.126483	401	260	141	0	0	0	0
AF	0	0.126796	437	299	138	0	0	0	0
AF	0	0.127108	417	287	130	0	0	0	0
AF	0	0.127420	440	298	142	0	0	0	0
AF	0	0.127733	421	273	148	0	0	0	0
AF	0	0.128045	420	278	142	0	0	0	0
AF	0	0.128357	432	295	137	0	0	0	0
AF	0	0.128670	342	214	128	0	0	0	0
AF	0	0.128982	480	314	166	0	0	0	0
AF	0	0.129294	559	368	191	0	0	0	0
AF	0	0.129606	632	394	238	0	0	0	0
AF	0	0.129919	436	286	150	0	0	0	0
AF	0	0.130231	369	241	128	0	0	0	0
AF	0	0.130543	404	260	144	0	0	0	0
AF	0	0.130856	405	275	130	0	0	0	0
AF	0	0.131168	425	274	151	0	0	0	0
AF	0	0.131480	421	288	133	0	0	0	0
AF	0	0.131793	309	209	100	0	0	0	0
AF	0	0.132105	355	237	118	0	0	0	0
AF	0	0.132417	381	266	115	0	0	0	0
AF	0	0.132730	340	220	120	0	0	0	0
AF	0	0.133042	364	228	136	0	0	0	0
AF	0	0.133354	370	244	126	0	0	0	0
AF	0	0.133666	347	211	136	0	0	0	0
AF	0	0.133979	334	230	104	0	0	0	0
AF	0	0.134291	360	227	133	0	0	0	0
AF	0	0.134603	323	229	94	0	0	0	0
AF	0	0.134916	319	227	92	0	0	0	0
AF	0	0.135228	327	223	104	0	0	0	0
AF	0	0.135540	308	210	98	0	0	0	0
AF	0	0.135853	329	220	109	0	0	0	0
AF	0	0.136165	313	201	112	0	0	0	0
AF	0	0.136477	357	236	121	0	0	0	0
AF	0	0.136790	369	248	121	0	0	0	0
AF	0	0.137102	380	255	125	0	0	0	0
AF	0	0.137414	392	263	129	0	0	0	0
AF	0	0.137726	312	207	105	0	0	0	0
AF	0	0.138039	328	215	113	0	0	0	0
AF	0	0.138351	357	228	129	0	0	0	0
AF	0	0.138663	391	264	127	0	0	0	0
AF	0	0.138976	372	239	133	0	0	0	0
AF	0	0.139288	394	271	123	0	0	0	0
AF	0	0.139600	481	313	168	0	0	0	0
AF	0	0.139913	361	224	137	0	0	0	0
AF	0	0.140225	356	235	121	0	0	0	0
AF	0	0.140537	323	219	104	0	0	0	0
AF	0	0.140849	336	243	93	0	0	0	0
AF	0	0.141162	313	215	98	0	0	0	0
AF	0	0.141474	346	232	114	0	0	0	0
AF	0	0.141786	352	240	112	0	0	0	0
AF	0	0.142099	308	194	114	0	0	0	0
AF	0	0.142411	325	227	98	0	0	0	0
AF	0	0.142723	352	230	122	0	0	0	0
AF	0	0.143036	378	259	119	0	0	0	0
AF	0	0.143348	361	238	123	0	0	0	0
AF	0	0.143660	383	263	120	0	0	0	0
AF	0	0.143973	322	222	100	0	0	0	0
AF	0	0.144285	363	241	122	0	0	0	0
AF	0	0.144597	344	252	92	0	0	0	0
AF	0	0.144909	361	250	111	0	0	0	0
AF	0	0.145222	342	219	123	0	0	0	0
AF	0	0.145534	285	197	88	0	0	0	0
AF	0	0.145846	335	230	105	0	0	0	0
AF	0	0.146159	378	264	114	0	0	0	0
AF	0	0.146471	394	264	130	0	0	0	0
AF	0	0.146783	323	216	107	0	0	0	0
AF	0	0.147096	312	215	97	0	0	0	0
AF	0	0.147408	381	250	131	0	0	0	0
AF	0	0.147720	341	229	112	0	0	0	0
AF	0	0.148032	358	241	117	0	0	0	0
AF	0	0.148345	384	270	114	0	0	0	0
AF	0	0.148657	381	248	133	0	0	0	0
AF	0	0.148969	311	205	106	0	0	0	0
AF	0	0.149282	349	243	106	0	0	0	0
AF	0	0.149594	307	201	106	0	0	0	0
AF	0	0.149906	286	184	102	0	0	0	0
AF	0	0.150219	439	313	126	0	0	0	0
AF	0	0.150531	331	219	112	0	0	0	0
AF	0	0.150843	370	264	106	0	0	0	0
AF	0	0.151156	276	185	91	0	0	0	0
AF	0	0.151468	317	200	117	0	0	0	0
AF	0	0.151780	307	205	102	0	0	0	0
AF	0	0.152092	292	193	99	0	0	0	0
AF	0	0.152405	320	213	107	0	0	0	0
AF	0	0.152717	339	237	102	0	0	0	0
AF	0	0.153029	347	220	127	0	0	0	0
AF	0	0.153342	296	199	97	0	0	0	0
AF	0	0.153654	363	248	115	0	0	0	0
AF	0	0.153966	327	202	125	0	0	0	0
AF	0	0.154279	332	227	105	0	0	0	0
AF	0	0.154591	316	206	110	0	0	0	0
AF	0	0.154903	338	219	119	0	0	0	0
AF	0	0.155215	340	235	105	0	0	0	0
AF	0	0.155528	378	267	111	0	0	0	0
AF	0	0.155840	344	241	103	0	0	0	0
AF	0	0.156152	354	242	112	0	0	0	0
AF	0	0.156465	341	234	107	0	0	0	0
AF	0	0.156777	328	233	95	0	0	0	0
AF	0	0.157089	294	202	92	0	0	0	0
AF	0	0.157402	321	224	97	0	0	0	0
AF	0	0.157714	356	238	118	0	0	0	0
AF	0	0.158026	345	234	111	0	0	0	0
AF	0	0.158339	323	216	107	0	0	0	0
AF	0	0.158651	301	197	104	0	0	0	0
AF	0	0.158963	372	251	121	0	0	0	0
AF	0	0.159275	368	251	117	0	0	0	0
AF	0	0.159588	387	255	132	0	0	0	0
AF	0	0.159900	338	236	102	0	0	0	0
AF	0	0.160212	339	231	108	0	0	0	0
AF	0	0.160525	294	195	99	0	0	0	0
AF	0	0.160837	279	189	90	0	0	0	0
AF	0	0.161149	323	210	113	0	0	0	0
AF	0	0.161462	330	237	93	0	0	0	0
AF	0	0.161774	334	220	114	0	0	0	0
AF	0	0.162086	331	218	113	0	0	0	0
AF	0	0.162399	295	204	91	0	0	0	0
AF	0	0.162711	291	204	87	0	0	0	0
AF	0	0.163023	284	188	96	0	0	0	0
AF	0	0.163335	298	194	104	0	0	0	0
AF	0	0.163648	336	217	119	0	0	0	0
AF	0	0.163960	285	176	109	0	0	0	0
AF	0	0.164272	298	190	108	0	0	0	0
AF	0	0.164585	276	184	92	0	0	0	0
AF	0	0.164897	294	195	99	0	0	0	0
AF	0	0.165209	268	177	91	0	0	0	0
AF	0	0.165522	269	168	101	0	0	0	0
AF	0	0.165834	266	183	83	0	0	0	0
AF	0	0.166146	290	194	96	0	0	0	0
AF	0	0.166458	283	184	99	0	0	0	0
AF	0	0.166771	256	171	85	0	0	0	0
AF	0	0.167083	316	216	100	0	0	0	0
AF	0	0.167395	312	213	99	0	0	0	0
AF	0	0.167708	274	198	76	0	0	0	0
AF	0	0.168020	267	182	85	0	0	0	0
AF	0	0.168332	282	189	93	0	0	0	0
AF	0	0.168645	326	224	102	0	0	0	0
AF	0	0.168957	313	217	96	0	0	0	0
AF	0	0.169269	368	246	122	0	0	0	0
AF	0	0.169582	334	227	107	0	0	0	0
AF	0	0.169894	306	219	87	0	0	0	0
AF	0	0.170206	303	193	110	0	0	0	0
AF	0	0.170518	324	240	84	0	0	0	0
AF	0	0.170831	308	204	104	0	0	0	0
AF	0	0.171143	328	221	107	0	0	0	0
AF	0	0.171455	349	223	126	0	0	0	0
AF	0	0.171768	389	264	125	0	0	0	0
AF	0	0.172080	330	224	106	0	0	0	0
AF	0	0.172392	348	223	125	0	0	0	0
AF	0	0.172705	388	250	138	0	0	0	0
AF	0	0.173017	307	214	93	0	0	0	0
AF	0	0.173329	345	236	109	0	0	0	0
AF	0	0.173641	369	254	115	0	0	0	0
AF	0	0.173954	369	232	137	0	0	0	0
AF	0	0.174266	329	200	129	0	0	0	0
AF	0	0.174578	358	240	118	0	0	0	0
AF	0	0.174891	320	214	106	0	0	0	0
AF	0	0.175203	356	243	113	0	0	0	0
AF	0	0.175515	327	217	110	0	0	0	0
AF	0	0.175828	344	217	127	0	0	0	0
AF	0	0.176140	308	204	104	0	0	0	0
AF	0	0.176452	341	223	118	0	0	0	0
AF	0	0.176765	333	237	96	0	0	0	0
AF	0	0.177077	321	209	112	0	0	0	0
AF	0	0.177389	295	203	92	0	0	0	0
AF	0	0.177701	275	188	87	0	0	0	0
AF	0	0.178014	311	207	104	0	0	0	0
AF	0	0.178326	272	193	79	0	0	0	0
AF	0	0.178638	273	173	100	0	0	0	0
AF	0	0.178951	315	221	94	0	0	0	0
AF	0	0.179263	268	179	89	0	0	0	0
AF	0	0.179575	267	191	76	0	0	0	0
AF	0	0.179888	305	195	110	0	0	0	0
AF	0	0.180200	276	204	72	0	0	0	0
AF	0	0.180512	346	229	117	0	0	0	0
AF	0	0.180824	372	255	117	0	0	0	0
AF	0	0.181137	292	195	97	0	0	0	0
AF	0	0.181449	353	245	108	0	0	0	0
AF	0	0.181761	340	236	104	0	0	0	0
AF	0	0.182074	307	196	111	0	0	0	0
AF	0	0.182386	276	181	95	0	0	0	0
AF	0	0.182698	273	173	100	0	0	0	0
AF	0	0.183011	305	209	96	0	0	0	0
AF	0	0.183323	256	170	86	0	0	0	0
AF	0	0.183635	303	221	82	0	0	0	0
AF	0	0.183948	291	158	133	0	0	0	0
AF	0	0.184260	302	203	99	0	0	0	0
AF	0	0.184572	275	184	91	0	0	0	0
AF	0	0.184884	284	191	93	0	0	0	0
AF	0	0.185197	307	197	110	0	0	0	0
AF	0	0.185509	349	240	109	0	0	0	0
AF	0	0.185821	335	225	110	0	0	0	0
AF	0	0.186134	244	159	85	0	0	0	0
AF	0	0.186446	232	162	70	0	0	0	0
AF	0	0.186758	273	198	75	0	0	0	0
AF	0	0.187071	323	184	139	0	0	0	0
AF	0	0.187383	325	222	103	0	0	0	0
AF	0	0.187695	339	223	116	0	0	0	0
AF	0	0.188007	320	200	120	0	0	0	0
AF	0	0.188320	325	216	109	0	0	0	0
AF	0	0.188632	270	185	85	0	0	0	0
AF	0	0.188944	240	156	84	0	0	0	0
AF	0	0.189257	274	193	81	0	0	0	0
AF	0	0.189569	287	195	92	0	0	0	0
AF	0	0.189881	257	157	100	0	0	0	0
AF	0	0.190194	241	162	79	0	0	0	0
AF	0	0.190506	255	183	72	0	0	0	0
AF	0	0.190818	252	174	78	0	0	0	0
AF	0	0.191131	251	169	82	0	0	0	0
AF	0	0.191443	298	198	100	0	0	0	0
AF	0	0.191755	344	232	112	0	0	0	0
AF	0	0.192067	334	222	112	0	0	0	0
AF	0	0.192380	274	188	86	0	0	0	0
AF	0	0.192692	301	206	95	0	0	0	0
AF	0	0.193004	299	205	94	0	0	0	0
AF	0	0.193317	281	177	104	0	0	0	0
AF	0	0.193629	295	213	82	0	0	0	0
AF	0	0.193941	277	181	96	0	0	0	0
AF	0	0.194254	280	180	100	0	0	0	0
AF	0	0.194566	250	181	69	0	0	0	0
AF	0	0.194878	247	167	80	0	0	0	0
AF	0	0.195191	250	165	85	0	0	0	0
AF	0	0.195503	316	211	105	0	0	0	0
AF	0	0.195815	317	218	99	0	0	0	0
AF	0	0.196127	276	177	99	0	0	0	0
AF	0	0.196440	227	149	78	0	0	0	0
AF	0	0.196752	260	167	93	0	0	0	0
AF	0	0.197064	224	150	74	0	0	0	0
AF	0	0.197377	250	177	73	0	0	0	0
AF	0	0.197689	247	170	77	0	0	0	0
AF	0	0.198001	280	190	90	0	0	0	0
AF	0	0.198314	236	153	83	0	0	0	0
AF	0	0.198626	281	186	95	0	0	0	0
AF	0	0.198938	281	194	87	0	0	0	0
AF	0	0.199250	288	182	106	0	0	0	0
AF	0	0.199563	261	158	103	0	0	0	0
AF	0	0.199875	261	172	89	0	0	0	0
AF	0	0.200187	266	174	92	0	0	0	0
AF	0	0.200500	265	176	89	0	0	0	0
AF	0	0.200812	335	219	116	0	0	0	0
AF	0	0.201124	275	181	94	0	0	0	0
AF	0	0.201437	312	212	100	0	0	0	0
AF	0	0.201749	262	165	97	0	0	0	0
AF	0	0.202061	266	174	92	0	0	0	0
AF	0	0.202374	271	176	95	0	0	0	0
AF	0	0.202686	262	185	77	0	0	0	0
AF	0	0.202998	249	171	78	0	0	0	0
AF	0	0.203310	272	183	89	0	0	0	0
AF	0	0.203623	277	196	81	0	0	0	0
AF	0	0.203935	283	198	85	0	0	0	0
AF	0	0.204247	280	196	84	0	0	0	0
AF	0	0.204560	269	181	88	0	0	0	0
AF	0	0.204872	217	143	74	0	0	0	0
AF	0	0.205184	255	177	78	0	0	0	0
AF	0	0.205497	255	171	84	0	0	0	0
AF	0	0.205809	250	170	80	0	0	0	0
AF	0	0.206121	278	183	95	0	0	0	0
AF	0	0.206433	271	181	90	0	0	0	0
AF	0	0.206746	299	209	90	0	0	0	0
AF	0	0.207058	297	190	107	0	0	0	0
AF	0	0.207370	280	187	93	0	0	0	0
AF	0	0.207683	263	174	89	0	0	0	0
AF	0	0.207995	233	161	72	0	0	0	0
AF	0	0.208307	249	164	85	0	0	0	0
AF	0	0.208620	236	166	70	0	0	0	0
AF	0	0.208932	235	160	75	0	0	0	0
AF	0	0.209244	239	163	76	0	0	0	0
AF	0	0.209557	192	134	58	0	0	0	0
AF	0	0.209869	242	157	85	0	0	0	0
AF	0	0.210181	239	162	77	0	0	0	0
AF	0	0.210493	245	149	96	0	0	0	0
AF	0	0.210806	223	161	62	0	0	0	0
AF	0	0.211118	253	170	83	0	0	0	0
AF	0	0.211430	252	161	91	0	0	0	0
AF	0	0.211743	279	185	94	0	0	0	0
AF	0	0.212055	275	183	92	0	0	0	0
AF	0	0.212367	255	180	75	0	0	0	0
AF	0	0.212680	246	159	87	0	0	0	0
AF	0	0.212992	294	207	87	0	0	0	0
AF	0	0.213304	240	173	67	0	0	0	0
AF	0	0.213616	226	144	82	0	0	0	0
AF	0	0.213929	240	166	74	0	0	0	0
AF	0	0.214241	265	173	92	0	0	0	0
AF	0	0.214553	225	162	63	0	0	0	0
AF	0	0.214866	229	162	67	0	0	0	0
AF	0	0.215178	216	147	69	0	0	0	0
AF	0	0.215490	240	170	70	0	0	0	0
AF	0	0.215803	196	128	68	0	0	0	0
AF	0	0.216115	240	158	82	0	0	0	0
AF	0	0.216427	227	146	81	0	0	0	0
AF	0	0.216740	296	206	90	0	0	0	0
AF	0	0.217052	237	159	78	0	0	0	0
AF	0	0.217364	229	152	77	0	0	0	0
AF	0	0.217676	217	150	67	0	0	0	0
AF	0	0.217989	250	168	82	0	0	0	0
AF	0	0.218301	222	142	80	0	0	0	0
AF	0	0.218613	219	152	67	0	0	0	0
AF	0	0.218926	246	154	92	0	0	0	0
AF	0	0.219238	241	173	68	0	0	0	0
AF	0	0.219550	289	196	93	0	0	0	0
AF	0	0.219863	221	154	67	0	0	0	0
AF	0	0.220175	243	164	79	0	0	0	0
AF	0	0.220487	244	171	73	0	0	0	0
AF	0	0.220800	232	159	73	0	0	0	0
AF	0	0.221112	231	149	82	0	0	0	0
AF	0	0.221424	241	149	92	0	0	0	0
AF	0	0.221736	236	158	78	0	0	0	0
AF	0	0.222049	252	163	89	0	0	0	0
AF	0	0.222361	250	175	75	0	0	0	0
AF	0	0.222673	222	142	80	0	0	0	0
AF	0	0.222986	231	157	74	0	0	0	0
AF	0	0.223298	212	142	70	0	0	0	0
AF	0	0.223610	220	154	66	0	0	0	0
AF	0	0.223923	275	196	79	0	0	0	0
AF	0	0.224235	216	144	72	0	0	0	0
AF	0	0.224547	232	152	80	0	0	0	0
AF	0	0.224859	192	137	55	0	0	0	0
AF	0	0.225172	270	172	98	0	0	0	0
AF	0	0.225484	263	174	89	0	0	0	0
AF	0	0.225796	214	147	67	0	0	0	0
AF	0	0.226109	252	164	88	0	0	0	0
AF	0	0.226421	215	151	64	0	0	0	0
AF	0	0.226733	237	156	81	0	0	0	0
AF	0	0.227046	260	167	93	0	0	0	0
AF	0	0.227358	332	215	117	0	0	0	0
AF	0	0.227670	233	162	71	0	0	0	0
AF	0	0.227983	227	158	69	0	0	0	0
AF	0	0.228295	234	148	86	0	0	0	0
AF	0	0.228607	203	133	70	0	0	0	0
AF	0	0.228919	202	134	68	0	0	0	0
AF	0	0.229232	233	153	80	0	0	0	0
AF	0	0.229544	216	134	82	0	0	0	0
AF	0	0.229856	231	153	78	0	0	0	0
AF	0	0.230169	220	142	78	0	0	0	0
AF	0	0.230481	244	150	94	0	0	0	0
AF	0	0.230793	226	148	78	0	0	0	0
AF	0	0.231106	247	153	94	0	0	0	0
AF	0	0.231418	204	149	55	0	0	0	0
AF	0	0.231730	207	134	73	0	0	0	0
AF	0	0.232042	211	139	72	0	0	0	0
AF	0	0.232355	200	141	59	0	0	0	0
AF	0	0.232667	232	151	81	0	0	0	0
AF	0	0.232979	210	138	72	0	0	0	0
AF	0	0.233292	227	154	73	0	0	0	0
AF	0	0.233604	251	160	91	0	0	0	0
AF	0	0.233916	240	155	85	0	0	0	0
AF	0	0.234229	265	167	98	0	0	0	0
AF	0	0.234541	232	150	82	0	0	0	0
AF	0	0.234853	201	134	67	0	0	0	0
AF	0	0.235166	200	145	55	0	0	0	0
AF	0	0.235478	234	169	65	0	0	0	0
AF	0	0.235790	246	146	100	0	0	0	0
AF	0	0.236102	221	154	67	0	0	0	0
AF	0	0.236415	201	135	66	0	0	0	0
AF	0	0.236727	233	146	87	0	0	0	0
AF	0	0.237039	197	134	63	0	0	0	0
AF	0	0.237352	253	169	84	0	0	0	0
AF	0	0.237664	285	188	97	0	0	0	0
AF	0	0.237976	235	144	91	0	0	0	0
AF	0	0.238289	209	137	72	0	0	0	0
AF	0	0.238601	245	166	79	0	0	0	0
AF	0	0.238913	217	152	65	0	0	0	0
AF	0	0.239225	231	155	76	0	0	0	0
AF	0	0.239538	243	158	85	0	0	0	0
AF	0	0.239850	258	164	94	0	0	0	0
AF	0	0.240162	217	148	69	0	0	0	0
AF	0	0.240475	220	146	74	0	0	0	0
AF	0	0.240787	223	154	69	0	0	0	0
AF	0	0.241099	207	149	58	0	0	0	0
AF	0	0.241412	218	157	61	0	0	0	0
AF	0	0.241724	206	141	65	0	0	0	0
AF	0	0.242036	219	149	70	0	0	0	0
AF	0	0.242349	218	138	80	0	0	0	0
AF	0	0.242661	234	156	78	0	0	0	0
AF	0	0.242973	191	136	55	0	0	0	0
AF	0	0.243285	213	139	74	0	0	0	0
AF	0	0.243598	202	146	56	0	0	0	0
AF	0	0.243910	209	135	74	0	0	0	0
AF	0	0.244222	193	126	67	0	0	0	0
AF	0	0.244535	205	142	63	0	0	0	0
AF	0	0.244847	234	162	72	0	0	0	0
AF	0	0.245159	189	133	56	0	0	0	0
AF	0	0.245472	238	149	89	0	0	0	0
AF	0	0.245784	251	166	85	0	0	0	0
AF	0	0.246096	262	173	89	0	0	0	0
AF	0	0.246408	250	165	85	0	0	0	0
AF	0	0.246721	249	155	94	0	0	0	0
AF	0	0.247033	276	182	94	0	0	0	0
AF	0	0.247345	220	167	53	0	0	0	0
AF	0	0.247658	204	134	70	0	0	0	0
AF	0	0.247970	202	119	83	0	0	0	0
AF	0	0.248282	250	168	82	0	0	0	0
AF	0	0.248595	198	143	55	0	0	0	0
AF	0	0.248907	247	160	87	0	0	0	0
AF	0	0.249219	239	163	76	0	0	0	0
AF	0	0.249532	243	162	81	0	0	0	0
AF	0	0.249844	232	161	71	0	0	0	0
AF	0	0.250156	212	142	70	0	0	0	0
AF	0	0.250468	202	136	66	0	0	0	0
AF	0	0.250781	231	158	73	0	0	0	0
AF	0	0.251093	265	182	83	0	0	0	0
AF	0	0.251405	279	192	87	0	0	0	0
AF	0	0.251718	259	172	87	0	0	0	0
AF	0	0.252030	267	182	85	0	0	0	0
AF	0	0.252342	201	133	68	0	0	0	0
AF	0	0.252655	216	143	73	0	0	0	0
AF	0	0.252967	228	161	67	0	0	0	0
AF	0	0.253279	212	139	73	0	0	0	0
AF	0	0.253592	254	164	90	0	0	0	0
AF	0	0.253904	229	153	76	0	0	0	0
AF	0	0.254216	223	154	69	0	0	0	0
AF	0	0.254528	221	145	76	0	0	0	0
AF	0	0.254841	202	128	74	0	0	0	0
AF	0	0.255153	196	132	64	0	0	0	0
AF	0	0.255465	185	117	68	0	0	0	0
AF	0	0.255778	178	120	58	0	0	0	0
AF	0	0.256090	171	113	58	0	0	0	0
AF	0	0.256402	181	111	70	0	0	0	0
AF	0	0.256715	212	142	70	0	0	0	0
AF	0	0.257027	226	144	82	0	0	0	0
AF	0	0.257339	193	137	56	0	0	0	0
AF	0	0.257651	202	140	62	0	0	0	0
AF	0	0.257964	201	135	66	0	0	0	0
AF	0	0.258276	179	117	62	0	0	0	0
AF	0	0.258588	183	127	56	0	0	0	0
AF	0	0.258901	219	139	80	0	0	0	0
AF	0	0.259213	218	145	73	0	0	0	0
AF	0	0.259525	189	141	48	0	0	0	0
AF	0	0.259838	172	111	61	0	0	0	0
AF	0	0.260150	176	122	54	0	0	0	0
AF	0	0.260462	186	120	66	0	0	0	0
AF	0	0.260775	205	142	63	0	0	0	0
AF	0	0.261087	215	143	72	0	0	0	0
AF	0	0.261399	235	165	70	0	0	0	0
AF	0	0.261711	214	146	68	0	0	0	0
AF	0	0.262024	191	133	58	0	0	0	0
AF	0	0.262336	233	157	76	0	0	0	0
AF	0	0.262648	214	142	72	0	0	0	0
AF	0	0.262961	217	139	78	0	0	0	0
AF	0	0.263273	187	116	71	0	0	0	0
AF	0	0.263585	196	127	69	0	0	0	0
AF	0	0.263898	233	162	71	0	0	0	0
AF	0	0.264210	196	130	66	0	0	0	0
AF	0	0.264522	219	147	72	0	0	0	0
AF	0	0.264834	274	185	89	0	0	0	0
AF	0	0.265147	264	165	99	0	0	0	0
AF	0	0.265459	245	159	86	0	0	0	0
AF	0	0.265771	180	107	73	0	0	0	0
AF	0	0.266084	157	108	49	0	0	0	0
AF	0	0.266396	184	118	66	0	0	0	0
AF	0	0.266708	194	135	59	0	0	0	0
AF	0	0.267021	207	145	62	0	0	0	0
AF	0	0.267333	202	132	70	0	0	0	0
AF	0	0.267645	165	108	57	0	0	0	0
AF	0	0.267958	157	112	45	0	0	0	0
AF	0	0.268270	168	113	55	0	0	0	0
AF	0	0.268582	199	130	69	0	0	0	0
AF	0	0.268894	198	125	73	0	0	0	0
AF	0	0.269207	191	125	66	0	0	0	0
AF	0	0.269519	175	119	56	0	0	0	0
AF	0	0.269831	184	118	66	0	0	0	0
AF	0	0.270144	177	116	61	0	0	0	0
AF	0	0.270456	187	125	62	0	0	0	0
AF	0	0.270768	195	125	70	0	0	0	0
AF	0	0.271081	160	101	59	0	0	0	0
AF	0	0.271393	198	137	61	0	0	0	0
AF	0	0.271705	200	135	65	0	0	0	0
AF	0	0.272017	233	155	78	0	0	0	0
AF	0	0.272330	192	122	70	0	0	0	0
AF	0	0.272642	203	134	69	0	0	0	0
AF	0	0.272954	186	130	56	0	0	0	0
AF	0	0.273267	153	99	54	0	0	0	0
AF	0	0.273579	160	104	56	0	0	0	0
AF	0	0.273891	186	129	57	0	0	0	0
AF	0	0.274204	165	106	59	0	0	0	0
AF	0	0.274516	194	122	72	0	0	0	0
AF	0	0.274828	179	121	58	0	0	0	0
AF	0	0.275141	163	105	58	0	0	0	0
AF	0	0.275453	195	123	72	0	0	0	0
AF	0	0.275765	158	105	53	0	0	0	0
AF	0	0.276077	156	102	54	0	0	0	0
AF	0	0.276390	194	140	54	0	0	0	0
AF	0	0.276702	176	116	60	0	0	0	0
AF	0	0.277014	157	89	68	0	0	0	0
AF	0	0.277327	168	114	54	0	0	0	0
AF	0	0.277639	185	119	66	0	0	0	0
AF	0	0.277951	209	144	65	0	0	0	0
AF	0	0.278264	209	143	66	0	0	0	0
AF	0	0.278576	231	149	82	0	0	0	0
AF	0	0.278888	169	110	59	0	0	0	0
AF	0	0.279200	164	108	56	0	0	0	0
AF	0	0.279513	179	112	67	0	0	0	0
AF	0	0.279825	201	138	63	0	0	0	0
AF	0	0.280137	136	94	42	0	0	0	0
AF	0	0.280450	170	118	52	0	0	0	0
AF	0	0.280762	174	117	57	0	0	0	0
AF	0	0.281074	183	129	54	0	0	0	0
AF	0	0.281387	175	110	65	0	0	0	0
AF	0	0.281699	160	108	52	0	0	0	0
AF	0	0.282011	175	119	56	0	0	0	0
AF	0	0.282324	170	115	55	0	0	0	0
AF	0	0.282636	224	161	63	0	0	0	0
AF	0	0.282948	182	123	59	0	0	0	0
AF	0	0.283260	224	162	62	0	0	0	0
AF	0	0.283573	135	98	37	0	0	0	0
AF	0	0.283885	159	103	56	0	0	0	0
AF	0	0.284197	166	109	57	0	0	0	0
AF	0	0.284510	203	137	66	0	0	0	0
AF	0	0.284822	161	110	51	0	0	0	0
AF	0	0.285134	169	117	52	0	0	0	0
AF	0	0.285447	161	102	59	0	0	0	0
AF	0	0.285759	148	101	47	0	0	0	0
AF	0	0.286071	182	127	55	0	0	0	0
AF	0	0.286384	184	127	57	0	0	0	0
AF	0	0.286696	195	123	72	0	0	0	0
AF	0	0.287008	153	107	46	0	0	0	0
AF	0	0.287320	175	117	58	0	0	0	0
AF	0	0.287633	174	115	59	0	0	0	0
AF	0	0.287945	195	126	69	0	0	0	0
AF	0	0.288257	199	143	56	0	0	0	0
AF	0	0.288570	187	130	57	0	0	0	0
AF	0	0.288882	170	108	62	0	0	0	0
AF	0	0.289194	161	103	58	0	0	0	0
AF	0	0.289507	197	125	72	0	0	0	0
AF	0	0.289819	177	112	65	0	0	0	0
AF	0	0.290131	172	104	68	0	0	0	0
AF	0	0.290443	183	128	55	0	0	0	0
AF	0	0.290756	186	124	62	0	0	0	0
AF	0	0.291068	190	129	61	0	0	0	0
AF	0	0.291380	168	116	52	0	0	0	0
AF	0	0.291693	198	118	80	0	0	0	0
AF	0	0.292005	160	103	57	0	0	0	0
AF	0	0.292317	149	113	36	0	0	0	0
AF	0	0.292630	170	119	51	0	0	0	0
AF	0	0.292942	170	122	48	0	0	0	0
AF	0	0.293254	195	122	73	0	0	0	0
AF	0	0.293567	199	128	71	0	0	0	0
AF	0	0.293879	152	98	54	0	0	0	0
AF	0	0.294191	176	120	56	0	0	0	0
AF	0	0.294503	146	100	46	0	0	0	0
AF	0	0.294816	151	108	43	0	0	0	0
AF	0	0.295128	136	88	48	0	0	0	0
AF	0	0.295440	183	126	57	0	0	0	0
AF	0	0.295753	155	98	57	0	0	0	0
AF	0	0.296065	165	105	60	0	0	0	0
AF	0	0.296377	181	117	64	0	0	0	0
AF	0	0.296690	191	130	61	0	0	0	0
AF	0	0.297002	185	128	57	0	0	0	0
AF	0	0.297314	155	101	54	0	0	0	0
AF	0	0.297626	195	132	63	0	0	0	0
AF	0	0.297939	190	119	71	0	0	0	0
AF	0	0.298251	168	104	64	0	0	0	0
AF	0	0.298563	190	134	56	0	0	0	0
AF	0	0.298876	148	95	53	0	0	0	0
AF	0	0.299188	145	98	47	0	0	0	0
AF	0	0.299500	166	115	51	0	0	0	0
AF	0	0.299813	181	116	65	0	0	0	0
AF	0	0.300125	189	132	57	0	0	0	0
AF	0	0.300437	259	157	102	0	0	0	0
AF	0	0.300750	207	127	80	0	0	0	0
AF	0	0.301062	200	134	66	0	0	0	0
AF	0	0.301374	197	146	51	0	0	0	0
AF	0	0.301686	207	134	73	0	0	0	0
AF	0	0.301999	194	137	57	0	0	0	0
AF	0	0.302311	207	137	70	0	0	0	0
AF	0	0.302623	196	133	63	0	0	0	0
AF	0	0.302936	190	126	64	0	0	0	0
AF	0	0.303248	193	125	68	0	0	0	0
AF	0	0.303560	169	117	52	0	0	0	0
AF	0	0.303873	163	108	55	0	0	0	0
AF	0	0.304185	153	113	40	0	0	0	0
AF	0	0.304497	146	103	43	0	0	0	0
AF	0	0.304809	172	126	46	0	0	0	0
AF	0	0.305122	176	127	49	0	0	0	0
AF	0	0.305434	173	124	49	0	0	0	0
AF	0	0.305746	162	114	48	0	0	0	0
AF	0	0.306059	176	118	58	0	0	0	0
AF	0	0.306371	179	113	66	0	0	0	0
AF	0	0.306683	203	138	65	0	0	0	0
AF	0	0.306996	142	100	42	0	0	0	0
AF	0	0.307308	171	116	55	0	0	0	0
AF	0	0.307620	218	136	82	0	0	0	0
AF	0	0.307933	179	116	63	0	0	0	0
AF	0	0.308245	237	151	86	0	0	0	0
AF	0	0.308557	174	120	54	0	0	0	0
AF	0	0.308869	195	131	64	0	0	0	0
AF	0	0.309182	189	122	67	0	0	0	0
AF	0	0.309494	177	116	61	0	0	0	0
AF	0	0.309806	191	130	61	0	0	0	0
AF	0	0.310119	192	129	63	0	0	0	0
AF	0	0.310431	172	109	63	0	0	0	0
AF	0	0.310743	190	120	70	0	0	0	0
AF	0	0.311056	171	114	57	0	0	0	0
AF	0	0.311368	175	113	62	0	0	0	0
AF	0	0.311680	179	117	62	0	0	0	0
AF	0	0.311993	191	131	60	0	0	0	0
AF	0	0.312305	183	121	62	0	0	0	0
AF	0	0.312617	171	115	56	0	0	0	0
AF	0	0.312929	174	109	65	0	0	0	0
AF	0	0.313242	173	117	56	0	0	0	0
AF	0	0.313554	131	83	48	0	0	0	0
AF	0	0.313866	183	121	62	0	0	0	0
AF	0	0.314179	164	113	51	0	0	0	0
AF	0	0.314491	174	113	61	0	0	0	0
AF	0	0.314803	262	182	80	0	0	0	0
AF	0	0.315116	182	125	57	0	0	0	0
AF	0	0.315428	174	123	51	0	0	0	0
AF	0	0.315740	187	134	53	0	0	0	0
AF	0	0.316052	178	113	65	0	0	0	0
AF	0	0.316365	178	127	51	0	0	0	0
AF	0	0.316677	195	126	69	0	0	0	0
AF	0	0.316989	181	113	68	0	0	0	0
AF	0	0.317302	159	114	45	0	0	0	0
AF	0	0.317614	150	104	46	0	0	0	0
AF	0	0.317926	151	101	50	0	0	0	0
AF	0	0.318239	182	128	54	0	0	0	0
AF	0	0.318551	149	92	57	0	0	0	0
AF	0	0.318863	177	114	63	0	0	0	0
AF	0	0.319176	166	108	58	0	0	0	0
AF	0	0.319488	197	130	67	0	0	0	0
AF	0	0.319800	178	127	51	0	0	0	0
AF	0	0.320112	158	101	57	0	0	0	0
AF	0	0.320425	143	93	50	0	0	0	0
AF	0	0.320737	142	88	54	0	0	0	0
AF	0	0.321049	155	108	47	0	0	0	0
AF	0	0.321362	194	138	56	0	0	0	0
AF	0	0.321674	191	116	75	0	0	0	0
AF	0	0.321986	181	124	57	0	0	0	0
AF	0	0.322299	138	94	44	0	0	0	0
AF	0	0.322611	147	99	48	0	0	0	0
AF	0	0.322923	156	111	45	0	0	0	0
AF	0	0.323235	147	98	49	0	0	0	0
AF	0	0.323548	132	87	45	0	0	0	0
AF	0	0.323860	182	123	59	0	0	0	0
AF	0	0.324172	148	106	42	0	0	0	0
AF	0	0.324485	199	131	68	0	0	0	0
AF	0	0.324797	151	97	54	0	0	0	0
AF	0	0.325109	147	83	64	0	0	0	0
AF	0	0.325422	171	118	53	0	0	0	0
AF	0	0.325734	178	119	59	0	0	0	0
AF	0	0.326046	153	107	46	0	0	0	0
AF	0	0.326359	155	101	54	0	0	0	0
AF	0	0.326671	154	102	52	0	0	0	0
AF	0	0.326983	187	123	64	0	0	0	0
AF	0	0.327295	180	134	46	0	0	0	0
AF	0	0.327608	225	152	73	0	0	0	0
AF	0	0.327920	168	116	52	0	0	0	0
AF	0	0.328232	192	120	72	0	0	0	0
AF	0	0.328545	184	118	66	0	0	0	0
AF	0	0.328857	166	110	56	0	0	0	0
AF	0	0.329169	192	128	64	0	0	0	0
AF	0	0.329482	181	115	66	0	0	0	0
AF	0	0.329794	218	149	69	0	0	0	0
AF	0	0.330106	198	132	66	0	0	0	0
AF	0	0.330418	166	111	55	0	0	0	0
AF	0	0.330731	184	118	66	0	0	0	0
AF	0	0.331043	169	109	60	0	0	0	0
AF	0	0.331355	161	106	55	0	0	0	0
AF	0	0.331668	159	111	48	0	0	0	0
AF	0	0.331980	207	127	80	0	0	0	0
AF	0	0.332292	194	131	63	0	0	0	0
AF	0	0.332605	158	94	64	0	0	0	0
AF	0	0.332917	160	94	66	0	0	0	0
AF	0	0.333229	163	99	64	0	0	0	0
AF	0	0.333542	177	119	58	0	0	0	0
AF	0	0.333854	171	108	63	0	0	0	0
AF	0	0.334166	172	117	55	0	0	0	0
AF	0	0.334478	161	102	59	0	0	0	0
AF	0	0.334791	159	99	60	0	0	0	0
AF	0	0.335103	152	101	51	0	0	0	0
AF	0	0.335415	168	115	53	0	0	0	0
AF	0	0.335728	181	125	56	0	0	0	0
AF	0	0.336040	172	120	52	0	0	0	0
AF	0	0.336352	177	120	57	0	0	0	0
AF	0	0.336665	170	113	57	0	0	0	0
AF	0	0.336977	151	102	49	0	0	0	0
AF	0	0.337289	165	108	57	0	0	0	0
AF	0	0.337601	173	122	51	0	0	0	0
AF	0	0.337914	170	108	62	0	0	0	0
AF	0	0.338226	169	122	47	0	0	0	0
AF	0	0.338538	170	109	61	0	0	0	0
AF	0	0.338851	151	96	55	0	0	0	0
AF	0	0.339163	153	105	48	0	0	0	0
AF	0	0.339475	160	108	52	0	0	0	0
AF	0	0.339788	168	103	65	0	0	0	0
AF	0	0.340100	151	102	49	0	0	0	0
AF	0	0.340412	162	102	60	0	0	0	0
AF	0	0.340725	145	106	39	0	0	0	0
AF	0	0.341037	140	94	46	0	0	0	0
AF	0	0.341349	170	118	52	0	0	0	0
AF	0	0.341661	157	90	67	0	0	0	0
AF	0	0.341974	154	109	45	0	0	0	0
AF	0	0.342286	139	92	47	0	0	0	0
AF	0	0.342598	158	117	41	0	0	0	0
AF	0	0.342911	158	104	54	0	0	0	0
AF	0	0.343223	156	108	48	0	0	0	0
AF	0	0.343535	148	97	51	0	0	0	0
AF	0	0.343848	145	102	43	0	0	0	0
AF	0	0.344160	193	131	62	0	0	0	0
AF	0	0.344472	131	84	47	0	0	0	0
AF	0	0.344785	109	78	31	0	0	0	0
AF	0	0.345097	129	90	39	0	0	0	0
AF	0	0.345409	163	104	59	0	0	0	0
AF	0	0.345721	145	88	57	0	0	0	0
AF	0	0.346034	162	115	47	0	0	0	0
AF	0	0.346346	159	109	50	0	0	0	0
AF	0	0.346658	160	98	62	0	0	0	0
AF	0	0.346971	134	87	47	0	0	0	0
AF	0	0.347283	177	121	56	0	0	0	0
AF	0	0.347595	161	107	54	0	0	0	0
AF	0	0.347908	144	106	38	0	0	0	0
AF	0	0.348220	154	97	57	0	0	0	0
AF	0	0.348532	179	120	59	0	0	0	0
AF	0	0.348844	166	111	55	0	0	0	0
AF	0	0.349157	157	115	42	0	0	0	0
AF	0	0.349469	188	125	63	0	0	0	0
AF	0	0.349781	128	92	36	0	0	0	0
AF	0	0.350094	171	109	62	0	0	0	0
AF	0	0.350406	170	117	53	0	0	0	0
AF	0	0.350718	165	102	63	0	0	0	0
AF	0	0.351031	165	111	54	0	0	0	0
AF	0	0.351343	154	100	54	0	0	0	0
AF	0	0.351655	132	90	42	0	0	0	0
AF	0	0.351968	190	120	70	0	0	0	0
AF	0	0.352280	169	117	52	0	0	0	0
AF	0	0.352592	156	103	53	0	0	0	0
AF	0	0.352904	159	100	59	0	0	0	0
AF	0	0.353217	163	107	56	0	0	0	0
AF	0	0.353529	152	93	59	0	0	0	0
AF	0	0.353841	148	86	62	0	0	0	0
AF	0	0.354154	170	112	58	0	0	0	0
AF	0	0.354466	157	96	61	0	0	0	0
AF	0	0.354778	138	87	51	0	0	0	0
AF	0	0.355091	143	96	47	0	0	0	0
AF	0	0.355403	152	101	51	0	0	0	0
AF	0	0.355715	149	101	48	0	0	0	0
AF	0	0.356027	171	113	58	0	0	0	0
AF	0	0.356340	167	115	52	0	0	0	0
AF	0	0.356652	205	143	62	0	0	0	0
AF	0	0.356964	172	112	60	0	0	0	0
AF	0	0.357277	155	109	46	0	0	0	0
AF	0	0.357589	151	103	48	0	0	0	0
AF	0	0.357901	147	98	49	0	0	0	0
AF	0	0.358214	151	95	56	0	0	0	0
AF	0	0.358526	161	116	45	0	0	0	0
AF	0	0.358838	149	98	51	0	0	0	0
AF	0	0.359151	132	93	39	0	0	0	0
AF	0	0.359463	176	121	55	0	0	0	0
AF	0	0.359775	167	109	58	0	0	0	0
AF	0	0.360087	121	84	37	0	0	0	0
AF	0	0.360400	178	117	61	0	0	0	0
AF	0	0.360712	141	83	58	0	0	0	0
AF	0	0.361024	162	102	60	0	0	0	0
AF	0	0.361337	198	133	65	0	0	0	0
AF	0	0.361649	162	107	55	0	0	0	0
AF	0	0.361961	158	101	57	0	0	0	0
AF	0	0.362274	138	89	49	0	0	0	0
AF	0	0.362586	135	85	50	0	0	0	0
AF	0	0.362898	131	100	31	0	0	0	0
AF	0	0.363210	151	100	51	0	0	0	0
AF	0	0.363523	131	87	44	0	0	0	0
AF	0	0.363835	173	126	47	0	0	0	0
AF	0	0.364147	130	91	39	0	0	0	0
AF	0	0.364460	146	98	48	0	0	0	0
AF	0	0.364772	149	97	52	0	0	0	0
AF	0	0.365084	111	80	31	0	0	0	0
AF	0	0.365397	106	69	37	0	0	0	0
AF	0	0.365709	118	76	42	0	0	0	0
AF	0	0.366021	114	72	42	0	0	0	0
AF	0	0.366334	132	88	44	0	0	0	0
AF	0	0.366646	162	106	56	0	0	0	0
AF	0	0.366958	121	78	43	0	0	0	0
AF	0	0.367270	133	93	40	0	0	0	0
AF	0	0.367583	140	93	47	0	0	0	0
AF	0	0.367895	130	80	50	0	0	0	0
AF	0	0.368207	132	83	49	0	0	0	0
AF	0	0.368520	144	106	38	0	0	0	0
AF	0	0.368832	126	78	48	0	0	0	0
AF	0	0.369144	172	117	55	0	0	0	0
AF	0	0.369457	160	105	55	0	0	0	0
AF	0	0.369769	135	87	48	0	0	0	0
AF	0	0.370081	131	87	44	0	0	0	0
AF	0	0.370394	132	94	38	0	0	0	0
AF	0	0.370706	137	100	37	0	0	0	0
AF	0	0.371018	167	118	49	0	0	0	0
AF	0	0.371330	147	101	46	0	0	0	0
AF	0	0.371643	158	97	61	0	0	0	0
AF	0	0.371955	144	99	45	0	0	0	0
AF	0	0.372267	113	74	39	0	0	0	0
AF	0	0.372580	128	81	47	0	0	0	0
AF	0	0.372892	125	82	43	0	0	0	0
AF	0	0.373204	123	83	40	0	0	0	0
AF	0	0.373517	150	93	57	0	0	0	0
AF	0	0.373829	149	110	39	0	0	0	0
AF	0	0.374141	168	111	57	0	0	0	0
AF	0	0.374453	191	131	60	0	0	0	0
AF	0	0.374766	139	88	51	0	0	0	0
AF	0	0.375078	135	83	52	0	0	0	0
AF	0	0.375390	166	120	46	0	0	0	0
AF	0	0.375703	135	92	43	0	0	0	0
AF	0	0.376015	130	86	44	0	0	0	0
AF	0	0.376327	131	95	36	0	0	0	0
AF	0	0.376640	141	92	49	0	0	0	0
AF	0	0.376952	166	112	54	0	0	0	0
AF	0	0.377264	165	113	52	0	0	0	0
AF	0	0.377577	165	118	47	0	0	0	0
AF	0	0.377889	123	81	42	0	0	0	0
AF	0	0.378201	114	75	39	0	0	0	0
AF	0	0.378513	110	65	45	0	0	0	0
AF	0	0.378826	127	90	37	0	0	0	0
AF	0	0.379138	121	84	37	0	0	0	0
AF	0	0.379450	143	85	58	0	0	0	0
AF	0	0.379763	139	94	45	0	0	0	0
AF	0	0.380075	130	75	55	0	0	0	0
AF	0	0.380387	141	100	41	0	0	0	0
AF	0	0.380700	136	87	49	0	0	0	0
AF	0	0.381012	140	104	36	0	0	0	0
AF	0	0.381324	179	123	56	0	0	0	0
AF	0	0.381636	173	116	57	0	0	0	0
AF	0	0.381949	198	119	79	0	0	0	0
AF	0	0.382261	171	111	60	0	0	0	0
AF	0	0.382573	133	83	50	0	0	0	0
AF	0	0.382886	140	86	54	0	0	0	0
AF	0	0.383198	123	86	37	0	0	0	0
AF	0	0.383510	144	100	44	0	0	0	0
AF	0	0.383823	133	95	38	0	0	0	0
AF	0	0.384135	161	114	47	0	0	0	0
AF	0	0.384447	160	104	56	0	0	0	0
AF	0	0.384760	154	106	48	0	0	0	0
AF	0	0.385072	173	112	61	0	0	0	0
AF	0	0.385384	174	122	52	0	0	0	0
AF	0	0.385696	147	113	34	0	0	0	0
AF	0	0.386009	145	88	57	0	0	0	0
AF	0	0.386321	166	112	54	0	0	0	0
AF	0	0.386633	126	78	48	0	0	0	0
AF	0	0.386946	176	114	62	0	0	0	0
AF	0	0.387258	141	98	43	0	0	0	0
AF	0	0.387570	179	119	60	0	0	0	0
AF	0	0.387883	146	100	46	0	0	0	0
AF	0	0.388195	165	112	53	0	0	0	0
AF	0	0.388507	136	83	53	0	0	0	0
AF	0	0.388819	138	99	39	0	0	0	0
AF	0	0.389132	197	138	59	0	0	0	0
AF	0	0.389444	164	102	62	0	0	0	0
AF	0	0.389756	184	121	63	0	0	0	0
AF	0	0.390069	202	127	75	0	0	0	0
AF	0	0.390381	162	109	53	0	0	0	0
AF	0	0.390693	131	102	29	0	0	0	0
AF	0	0.391006	128	80	48	0	0	0	0
AF	0	0.391318	125	86	39	0	0	0	0
AF	0	0.391630	121	79	42	0	0	0	0
AF	0	0.391943	149	93	56	0	0	0	0
AF	0	0.392255	143	101	42	0	0	0	0
AF	0	0.392567	124	80	44	0	0	0	0
AF	0	0.392879	151	105	46	0	0	0	0
AF	0	0.393192	152	92	60	0	0	0	0
AF	0	0.393504	170	123	47	0	0	0	0
AF	0	0.393816	139	87	52	0	0	0	0
AF	0	0.394129	119	73	46	0	0	0	0
AF	0	0.394441	117	81	36	0	0	0	0
AF	0	0.394753	134	90	44	0	0	0	0
AF	0	0.395066	102	67	35	0	0	0	0
AF	0	0.395378	154	96	58	0	0	0	0
AF	0	0.395690	125	88	37	0	0	0	0
AF	0	0.396002	101	74	27	0	0	0	0
AF	0	0.396315	127	82	45	0	0	0	0
AF	0	0.396627	133	92	41	0	0	0	0
AF	0	0.396939	112	70	42	0	0	0	0
AF	0	0.397252	117	76	41	0	0	0	0
AF	0	0.397564	123	84	39	0	0	0	0
AF	0	0.397876	144	92	52	0	0	0	0
AF	0	0.398189	149	110	39	0	0	0	0
AF	0	0.398501	137	91	46	0	0	0	0
AF	0	0.398813	143	89	54	0	0	0	0
AF	0	0.399126	124	84	40	0	0	0	0
AF	0	0.399438	127	91	36	0	0	0	0
AF	0	0.399750	128	90	38	0	0	0	0
AF	0	0.400062	125	84	41	0	0	0	0
AF	0	0.400375	116	77	39	0	0	0	0
AF	0	0.400687	117	80	37	0	0	0	0
AF	0	0.400999	164	110	54	0	0	0	0
AF	0	0.401312	133	89	44	0	0	0	0
AF	0	0.401624	138	99	39	0	0	0	0
AF	0	0.401936	93	51	42	0	0	0	0
AF	0	0.402249	124	82	42	0	0	0	0
AF	0	0.402561	156	102	54	0	0	0	0
AF	0	0.402873	130	99	31	0	0	0	0
AF	0	0.403186	130	90	40	0	0	0	0
AF	0	0.403498	131	89	42	0	0	0	0
AF	0	0.403810	138	98	40	0	0	0	0
AF	0	0.404122	124	83	41	0	0	0	0
AF	0	0.404435	123	80	43	0	0	0	0
AF	0	0.404747	150	99	51	0	0	0	0
AF	0	0.405059	93	59	34	0	0	0	0
AF	0	0.405372	125	87	38	0	0	0	0
AF	0	0.405684	96	67	29	0	0	0	0
AF	0	0.405996	139	99	40	0	0	0	0
AF	0	0.406309	132	90	42	0	0	0	0
AF	0	0.406621	106	62	44	0	0	0	0
AF	0	0.406933	117	76	41	0	0	0	0
AF	0	0.407245	121	84	37	0	0	0	0
AF	0	0.407558	114	82	32	0	0	0	0
AF	0	0.407870	94	56	38	0	0	0	0
AF	0	0.408182	132	85	47	0	0	0	0
AF	0	0.408495	108	80	28	0	0	0	0
AF	0	0.408807	112	79	33	0	0	0	0
AF	0	0.409119	126	92	34	0	0	0	0
AF	0	0.409432	118	81	37	0	0	0	0
AF	0	0.409744	108	77	31	0	0	0	0
AF	0	0.410056	113	86	27	0	0	0	0
AF	0	0.410369	105	70	35	0	0	0	0
AF	0	0.410681	102	64	38	0	0	0	0
AF	0	0.410993	89	53	36	0	0	0	0
AF	0	0.411305	120	79	41	0	0	0	0
AF	0	0.411618	95	73	22	0	0	0	0
AF	0	0.411930	123	84	39	0	0	0	0
AF	0	0.412242	116	77	39	0	0	0	0
AF	0	0.412555	116	74	42	0	0	0	0
AF	0	0.412867	146	99	47	0	0	0	0
AF	0	0.413179	116	78	38	0	0	0	0
AF	0	0.413492	113	87	26	0	0	0	0
AF	0	0.413804	129	88	41	0	0	0	0
AF	0	0.414116	178	118	60	0	0	0	0
AF	0	0.414428	146	106	40	0	0	0	0
AF	0	0.414741	113	73	40	0	0	0	0
AF	0	0.415053	132	88	44	0	0	0	0
AF	0	0.415365	148	103	45	0	0	0	0
AF	0	0.415678	139	98	41	0	0	0	0
AF	0	0.415990	111	78	33	0	0	0	0
AF	0	0.416302	113	75	38	0	0	0	0
AF	0	0.416615	112	80	32	0	0	0	0
AF	0	0.416927	118	78	40	0	0	0	0
AF	0	0.417239	197	135	62	0	0	0	0
AF	0	0.417552	143	82	61	0	0	0	0
AF	0	0.417864	100	58	42	0	0	0	0
AF	0	0.418176	133	90	43	0	0	0	0
AF	0	0.418488	123	83	40	0	0	0	0
AF	0	0.418801	169	119	50	0	0	0	0
AF	0	0.419113	187	123	64	0	0	0	0
AF	0	0.419425	143	96	47	0	0	0	0
AF	0	0.419738	112	81	31	0	0	0	0
AF	0	0.420050	129	81	48	0	0	0	0
AF	0	0.420362	106	76	30	0	0	0	0
AF	0	0.420675	122	75	47	0	0	0	0
AF	0	0.420987	173	120	53	0	0	0	0
AF	0	0.421299	148	88	60	0	0	0	0
AF	0	0.421611	141	97	44	0	0	0	0
AF	0	0.421924	143	102	41	0	0	0	0
AF	0	0.422236	195	133	62	0	0	0	0
AF	0	0.422548	112	75	37	0	0	0	0
AF	0	0.422861	116	77	39	0	0	0	0
AF	0	0.423173	248	182	66	0	0	0	0
AF	0	0.423485	163	111	52	0	0	0	0
AF	0	0.423798	137	99	38	0	0	0	0
AF	0	0.424110	137	84	53	0	0	0	0
AF	0	0.424422	125	86	39	0	0	0	0
AF	0	0.424735	123	92	31	0	0	0	0
AF	0	0.425047	109	79	30	0	0	0	0
AF	0	0.425359	143	93	50	0	0	0	0
AF	0	0.425671	118	79	39	0	0	0	0
AF	0	0.425984	143	102	41	0	0	0	0
AF	0	0.426296	113	84	29	0	0	0	0
AF	0	0.426608	116	75	41	0	0	0	0
AF	0	0.426921	110	75	35	0	0	0	0
AF	0	0.427233	114	67	47	0	0	0	0
AF	0	0.427545	122	84	38	0	0	0	0
AF	0	0.427858	111	74	37	0	0	0	0
AF	0	0.428170	100	62	38	0	0	0	0
AF	0	0.428482	120	78	42	0	0	0	0
AF	0	0.428795	118	79	39	0	0	0	0
AF	0	0.429107	139	98	41	0	0	0	0
AF	0	0.429419	148	103	45	0	0	0	0
AF	0	0.429731	108	71	37	0	0	0	0
AF	0	0.430044	132	99	33	0	0	0	0
AF	0	0.430356	101	70	31	0	0	0	0
AF	0	0.430668	100	59	41	0	0	0	0
AF	0	0.430981	117	85	32	0	0	0	0
AF	0	0.431293	122	77	45	0	0	0	0
AF	0	0.431605	130	91	39	0	0	0	0
AF	0	0.431918	128	85	43	0	0	0	0
AF	0	0.432230	127	92	35	0	0	0	0
AF	0	0.432542	142	92	50	0	0	0	0
AF	0	0.432854	171	105	66	0	0	0	0
AF	0	0.433167	131	97	34	0	0	0	0
AF	0	0.433479	121	83	38	0	0	0	0
AF	0	0.433791	105	68	37	0	0	0	0
AF	0	0.434104	105	77	28	0	0	0	0
AF	0	0.434416	123	80	43	0	0	0	0
AF	0	0.434728	196	132	64	0	0	0	0
AF	0	0.435041	150	101	49	0	0	0	0
AF	0	0.435353	105	73	32	0	0	0	0
AF	0	0.435665	123	79	44	0	0	0	0
AF	0	0.435978	143	94	49	0	0	0	0
AF	0	0.436290	116	77	39	0	0	0	0
AF	0	0.436602	88	55	33	0	0	0	0
AF	0	0.436914	114	75	39	0	0	0	0
AF	0	0.437227	98	71	27	0	0	0	0
AF	0	0.437539	147	83	64	0	0	0	0
AF	0	0.437851	144	106	38	0	0	0	0
AF	0	0.438164	122	80	42	0	0	0	0
AF	0	0.438476	139	90	49	0	0	0	0
AF	0	0.438788	146	101	45	0	0	0	0
AF	0	0.439101	119	74	45	0	0	0	0
AF	0	0.439413	135	88	47	0	0	0	0
AF	0	0.439725	167	108	59	0	0	0	0
AF	0	0.440037	119	88	31	0	0	0	0
AF	0	0.440350	106	71	35	0	0	0	0
AF	0	0.440662	112	71	41	0	0	0	0
AF	0	0.440974	92	61	31	0	0	0	0
AF	0	0.441287	94	64	30	0	0	0	0
AF	0	0.441599	118	67	51	0	0	0	0
AF	0	0.441911	113	85	28	0	0	0	0
AF	0	0.442224	94	57	37	0	0	0	0
AF	0	0.442536	89	57	32	0	0	0	0
AF	0	0.442848	113	76	37	0	0	0	0
AF	0	0.443161	100	72	28	0	0	0	0
AF	0	0.443473	116	73	43	0	0	0	0
AF	0	0.443785	99	62	37	0	0	0	0
AF	0	0.444097	120	78	42	0	0	0	0
AF	0	0.444410	103	69	34	0	0	0	0
AF	0	0.444722	107	71	36	0	0	0	0
AF	0	0.445034	124	78	46	0	0	0	0
AF	0	0.445347	129	95	34	0	0	0	0
AF	0	0.445659	122	76	46	0	0	0	0
AF	0	0.445971	147	86	61	0	0	0	0
AF	0	0.446284	133	90	43	0	0	0	0
AF	0	0.446596	138	79	59	0	0	0	0
AF	0	0.446908	109	74	35	0	0	0	0
AF	0	0.447220	122	78	44	0	0	0	0
AF	0	0.447533	139	92	47	0	0	0	0
AF	0	0.447845	165	118	47	0	0	0	0
AF	0	0.448157	156	103	53	0	0	0	0
AF	0	0.448470	144	95	49	0	0	0	0
AF	0	0.448782	173	115	58	0	0	0	0
AF	0	0.449094	141	94	47	0	0	0	0
AF	0	0.449407	121	82	39	0	0	0	0
AF	0	0.449719	130	85	45	0	0	0	0
AF	0	0.450031	122	91	31	0	0	0	0
AF	0	0.450344	165	111	54	0	0	0	0
AF	0	0.450656	174	116	58	0	0	0	0
AF	0	0.450968	122	77	45	0	0	0	0
AF	0	0.451280	137	94	43	0	0	0	0
AF	0	0.451593	177	117	60	0	0	0	0
AF	0	0.451905	110	83	27	0	0	0	0
AF	0	0.452217	151	94	57	0	0	0	0
AF	0	0.452530	119	74	45	0	0	0	0
AF	0	0.452842	114	73	41	0	0	0	0
AF	0	0.453154	112	72	40	0	0	0	0
AF	0	0.453467	87	61	26	0	0	0	0
AF	0	0.453779	138	87	51	0	0	0	0
AF	0	0.454091	113	76	37	0	0	0	0
AF	0	0.454403	132	89	43	0	0	0	0
AF	0	0.454716	120	87	33	0	0	0	0
AF	0	0.455028	113	86	27	0	0	0	0
AF	0	0.455340	138	86	52	0	0	0	0
AF	0	0.455653	97	57	40	0	0	0	0
AF	0	0.455965	104	69	35	0	0	0	0
AF	0	0.456277	111	79	32	0	0	0	0
AF	0	0.456590	100	67	33	0	0	0	0
AF	0	0.456902	146	95	51	0	0	0	0
AF	0	0.457214	117	86	31	0	0	0	0
AF	0	0.457527	140	86	54	0	0	0	0
AF	0	0.457839	161	119	42	0	0	0	0
AF	0	0.458151	173	118	55	0	0	0	0
AF	0	0.458463	192	130	62	0	0	0	0
AF	0	0.458776	118	75	43	0	0	0	0
AF	0	0.459088	143	90	53	0	0	0	0
AF	0	0.459400	111	77	34	0	0	0	0
AF	0	0.459713	103	63	40	0	0	0	0
AF	0	0.460025	145	100	45	0	0	0	0
AF	0	0.460337	133	92	41	0	0	0	0
AF	0	0.460650	195	139	56	0	0	0	0
AF	0	0.460962	103	77	26	0	0	0	0
AF	0	0.461274	165	100	65	0	0	0	0
AF	0	0.461587	120	82	38	0	0	0	0
AF	0	0.461899	107	69	38	0	0	0	0
AF	0	0.462211	122	83	39	0	0	0	0
AF	0	0.462523	142	88	54	0	0	0	0
AF	0	0.462836	120	75	45	0	0	0	0
AF	0	0.463148	123	76	47	0	0	0	0
AF	0	0.463460	109	75	34	0	0	0	0
AF	0	0.463773	97	70	27	0	0	0	0
AF	0	0.464085	117	73	44	0	0	0	0
AF	0	0.464397	100	70	30	0	0	0	0
AF	0	0.464710	134	96	38	0	0	0	0
AF	0	0.465022	131	101	30	0	0	0	0
AF	0	0.465334	133	90	43	0	0	0	0
AF	0	0.465646	159	116	43	0	0	0	0
AF	0	0.465959	127	85	42	0	0	0	0
AF	0	0.466271	137	91	46	0	0	0	0
AF	0	0.466583	137	87	50	0	0	0	0
AF	0	0.466896	133	93	40	0	0	0	0
AF	0	0.467208	117	79	38	0	0	0	0
AF	0	0.467520	118	79	39	0	0	0	0
AF	0	0.467833	121	74	47	0	0	0	0
AF	0	0.468145	114	82	32	0	0	0	0
AF	0	0.468457	150	100	50	0	0	0	0
AF	0	0.468770	130	92	38	0	0	0	0
AF	0	0.469082	103	77	26	0	0	0	0
AF	0	0.469394	92	63	29	0	0	0	0
AF	0	0.469706	103	67	36	0	0	0	0
AF	0	0.470019	114	67	47	0	0	0	0
AF	0	0.470331	127	90	37	0	0	0	0
AF	0	0.470643	112	70	42	0	0	0	0
AF	0	0.470956	100	59	41	0	0	0	0
AF	0	0.471268	109	69	40	0	0	0	0
AF	0	0.471580	100	68	32	0	0	0	0
AF	0	0.471893	114	76	38	0	0	0	0
AF	0	0.472205	117	70	47	0	0	0	0
AF	0	0.472517	130	101	29	0	0	0	0
AF	0	0.472829	150	102	48	0	0	0	0
AF	0	0.473142	124	80	44	0	0	0	0
AF	0	0.473454	144	91	53	0	0	0	0
AF	0	0.473766	149	103	46	0	0	0	0
AF	0	0.474079	113	73	40	0	0	0	0
AF	0	0.474391	105	69	36	0	0	0	0
AF	0	0.474703	179	118	61	0	0	0	0
AF	0	0.475016	191	130	61	0	0	0	0
AF	0	0.475328	135	97	38	0	0	0	0
AF	0	0.475640	144	96	48	0	0	0	0
AF	0	0.475953	145	99	46	0	0	0	0
AF	0	0.476265	116	70	46	0	0	0	0
AF	0	0.476577	107	73	34	0	0	0	0
AF	0	0.476889	97	61	36	0	0	0	0
AF	0	0.477202	82	60	22	0	0	0	0
AF	0	0.477514	107	73	34	0	0	0	0
AF	0	0.477826	97	69	28	0	0	0	0
AF	0	0.478139	71	53	18	0	0	0	0
AF	0	0.478451	73	51	22	0	0	0	0
AF	0	0.478763	87	59	28	0	0	0	0
AF	0	0.479076	102	74	28	0	0	0	0
AF	0	0.479388	89	61	28	0	0	0	0
AF	0	0.479700	122	83	39	0	0	0	0
AF	0	0.480012	108	65	43	0	0	0	0
AF	0	0.480325	110	73	37	0	0	0	0
AF	0	0.480637	122	81	41	0	0	0	0
AF	0	0.480949	100	68	32	0	0	0	0
AF	0	0.481262	101	60	41	0	0	0	0
AF	0	0.481574	120	84	36	0	0	0	0
AF	0	0.481886	75	46	29	0	0	0	0
AF	0	0.482199	94	51	43	0	0	0	0
AF	0	0.482511	92	66	26	0	0	0	0
AF	0	0.482823	88	60	28	0	0	0	0
AF	0	0.483136	92	67	25	0	0	0	0
AF	0	0.483448	105	69	36	0	0	0	0
AF	0	0.483760	103	68	35	0	0	0	0
AF	0	0.484072	105	64	41	0	0	0	0
AF	0	0.484385	102	63	39	0	0	0	0
AF	0	0.484697	89	61	28	0	0	0	0
AF	0	0.485009	93	63	30	0	0	0	0
AF	0	0.485322	115	69	46	0	0	0	0
AF	0	0.485634	105	65	40	0	0	0	0
AF	0	0.485946	115	75	40	0	0	0	0
AF	0	0.486259	91	58	33	0	0	0	0
AF	0	0.486571	88	56	32	0	0	0	0
AF	0	0.486883	130	85	45	0	0	0	0
AF	0	0.487196	128	83	45	0	0	0	0
AF	0	0.487508	105	65	40	0	0	0	0
AF	0	0.487820	98	75	23	0	0	0	0
AF	0	0.488132	108	71	37	0	0	0	0
AF	0	0.488445	95	60	35	0	0	0	0
AF	0	0.488757	128	80	48	0	0	0	0
AF	0	0.489069	135	90	45	0	0	0	0
AF	0	0.489382	139	83	56	0	0	0	0
AF	0	0.489694	102	64	38	0	0	0	0
AF	0	0.490006	100	69	31	0	0	0	0
AF	0	0.490319	73	53	20	0	0	0	0
AF	0	0.490631	100	71	29	0	0	0	0
AF	0	0.490943	94	68	26	0	0	0	0
AF	0	0.491255	125	87	38	0	0	0	0
AF	0	0.491568	115	78	37	0	0	0	0
AF	0	0.491880	80	52	28	0	0	0	0
AF	0	0.492192	102	65	37	0	0	0	0
AF	0	0.492505	128	91	37	0	0	0	0
AF	0	0.492817	127	83	44	0	0	0	0
AF	0	0.493129	98	64	34	0	0	0	0
AF	0	0.493442	117	80	37	0	0	0	0
AF	0	0.493754	92	61	31	0	0	0	0
AF	0	0.494066	69	41	28	0	0	0	0
AF	0	0.494379	98	64	34	0	0	0	0
AF	0	0.494691	94	62	32	0	0	0	0
AF	0	0.495003	81	52	29	0	0	0	0
AF	0	0.495315	108	68	40	0	0	0	0
AF	0	0.495628	122	81	41	0	0	0	0
AF	0	0.495940	83	55	28	0	0	0	0
AF	0	0.496252	93	61	32	0	0	0	0
AF	0	0.496565	101	70	31	0	0	0	0
AF	0	0.496877	103	67	36	0	0	0	0
AF	0	0.497189	86	55	31	0	0	0	0
AF	0	0.497502	83	61	22	0	0	0	0
AF	0	0.497814	82	49	33	0	0	0	0
AF	0	0.498126	90	54	36	0	0	0	0
AF	0	0.498438	99	69	30	0	0	0	0
AF	0	0.498751	101	67	34	0	0	0	0
AF	0	0.499063	103	75	28	0	0	0	0
AF	0	0.499375	114	73	41	0	0	0	0
AF	0	0.499688	127	86	41	0	0	0	0
AF	0	0.500000	104	71	33	0	0	0	0
AF	0	0.500312	95	64	31	0	0	0	0
AF	0	0.500625	94	61	33	0	0	0	0
AF	0	0.500937	79	52	27	0	0	0	0
AF	0	0.501249	93	63	30	0	0	0	0
AF	0	0.501562	116	81	35	0	0	0	0
AF	0	0.501874	104	77	27	0	0	0	0
AF	0	0.502186	102	68	34	0	0	0	0
AF	0	0.502498	93	60	33	0	0	0	0
AF	0	0.502811	94	61	33	0	0	0	0
AF	0	0.503123	72	54	18	0	0	0	0
AF	0	0.503435	89	56	33	0	0	0	0
AF	0	0.503748	110	83	27	0	0	0	0
AF	0	0.504060	143	86	57	0	0	0	0
AF	0	0.504372	81	51	30	0	0	0	0
AF	0	0.504685	91	63	28	0	0	0	0
AF	0	0.504997	121	85	36	0	0	0	0
AF	0	0.505309	175	108	67	0	0	0	0
AF	0	0.505621	220	143	77	0	0	0	0
AF	0	0.505934	116	85	31	0	0	0	0
AF	0	0.506246	85	55	30	0	0	0	0
AF	0	0.506558	90	65	25	0	0	0	0
AF	0	0.506871	109	72	37	0	0	0	0
AF	0	0.507183	101	64	37	0	0	0	0
AF	0	0.507495	157	102	55	0	0	0	0
AF	0	0.507808	145	100	45	0	0	0	0
AF	0	0.508120	179	115	64	0	0	0	0
AF	0	0.508432	157	103	54	0	0	0	0
AF	0	0.508745	145	98	47	0	0	0	0
AF	0	0.509057	116	78	38	0	0	0	0
AF	0	0.509369	117	85	32	0	0	0	0
AF	0	0.509681	129	83	46	0	0	0	0
AF	0	0.509994	106	70	36	0	0	0	0
AF	0	0.510306	92	60	32	0	0	0	0
AF	0	0.510618	98	64	34	0	0	0	0
AF	0	0.510931	94	64	30	0	0	0	0
AF	0	0.511243	88	50	38	0	0	0	0
AF	0	0.511555	84	46	38	0	0	0	0
AF	0	0.511868	90	61	29	0	0	0	0
AF	0	0.512180	132	94	38	0	0	0	0
AF	0	0.512492	110	73	37	0	0	0	0
AF	0	0.512804	119	79	40	0	0	0	0
AF	0	0.513117	133	82	51	0	0	0	0
AF	0	0.513429	92	55	37	0	0	0	0
AF	0	0.513741	120	85	35	0	0	0	0
AF	0	0.514054	130	80	50	0	0	0	0
AF	0	0.514366	118	79	39	0	0	0	0
AF	0	0.514678	102	74	28	0	0	0	0
AF	0	0.514991	136	91	45	0	0	0	0
AF	0	0.515303	106	77	29	0	0	0	0
AF	0	0.515615	100	74	26	0	0	0	0
AF	0	0.515928	118	74	44	0	0	0	0
AF	0	0.516240	94	61	33	0	0	0	0
AF	0	0.516552	129	84	45	0	0	0	0
AF	0	0.516864	82	55	27	0	0	0	0
AF	0	0.517177	83	53	30	0	0	0	0
AF	0	0.517489	111	74	37	0	0	0	0
AF	0	0.517801	99	65	34	0	0	0	0
AF	0	0.518114	88	54	34	0	0	0	0
AF	0	0.518426	94	62	32	0	0	0	0
AF	0	0.518738	90	63	27	0	0	0	0
AF	0	0.519051	99	69	30	0	0	0	0
AF	0	0.519363	81	48	33	0	0	0	0
AF	0	0.519675	96	68	28	0	0	0	0
AF	0	0.519988	78	54	24	0	0	0	0
AF	0	0.520300	95	61	34	0	0	0	0
AF	0	0.520612	106	69	37	0	0	0	0
AF	0	0.520924	85	56	29	0	0	0	0
AF	0	0.521237	97	61	36	0	0	0	0
AF	0	0.521549	91	55	36	0	0	0	0
AF	0	0.521861	109	81	28	0	0	0	0
AF	0	0.522174	93	69	24	0	0	0	0
AF	0	0.522486	98	61	37	0	0	0	0
AF	0	0.522798	95	65	30	0	0	0	0
AF	0	0.523111	104	63	41	0	0	0	0
AF	0	0.523423	92	61	31	0	0	0	0
AF	0	0.523735	80	51	29	0	0	0	0
AF	0	0.524047	115	70	45	0	0	0	0
AF	0	0.524360	105	75	30	0	0	0	0
AF	0	0.524672	100	61	39	0	0	0	0
AF	0	0.524984	96	62	34	0	0	0	0
AF	0	0.525297	103	82	21	0	0	0	0
AF	0	0.525609	80	57	23	0	0	0	0
AF	0	0.525921	79	56	23	0	0	0	0
AF	0	0.526234	81	57	24	0	0	0	0
AF	0	0.526546	86	51	35	0	0	0	0
AF	0	0.526858	82	56	26	0	0	0	0
AF	0	0.527171	92	67	25	0	0	0	0
AF	0	0.527483	87	60	27	0	0	0	0
AF	0	0.527795	116	72	44	0	0	0	0
AF	0	0.528107	103	58	45	0	0	0	0
AF	0	0.528420	87	59	28	0	0	0	0
AF	0	0.528732	123	76	47	0	0	0	0
AF	0	0.529044	107	68	39	0	0	0	0
AF	0	0.529357	82	66	16	0	0	0	0
AF	0	0.529669	92	56	36	0	0	0	0
AF	0	0.529981	113	81	32	0	0	0	0
AF	0	0.530294	97	66	31	0	0	0	0
AF	0	0.530606	86	59	27	0	0	0	0
AF	0	0.530918	94	67	27	0	0	0	0
AF	0	0.531230	99	72	27	0	0	0	0
AF	0	0.531543	118	80	38	0	0	0	0
AF	0	0.531855	104	72	32	0	0	0	0
AF	0	0.532167	102	75	27	0	0	0	0
AF	0	0.532480	76	56	20	0	0	0	0
AF	0	0.532792	85	57	28	0	0	0	0
AF	0	0.533104	84	57	27	0	0	0	0
AF	0	0.533417	91	64	27	0	0	0	0
AF	0	0.533729	89	59	30	0	0	0	0
AF	0	0.534041	104	63	41	0	0	0	0
AF	0	0.534354	94	57	37	0	0	0	0
AF	0	0.534666	102	68	34	0	0	0	0
AF	0	0.534978	96	64	32	0	0	0	0
AF	0	0.535290	70	54	16	0	0	0	0
AF	0	0.535603	81	62	19	0	0	0	0
AF	0	0.535915	102	64	38	0	0	0	0
AF	0	0.536227	102	64	38	0	0	0	0
AF	0	0.536540	84	58	26	0	0	0	0
AF	0	0.536852	115	72	43	0	0	0	0
AF	0	0.537164	112	74	38	0	0	0	0
AF	0	0.537477	123	87	36	0	0	0	0
AF	0	0.537789	98	56	42	0	0	0	0
AF	0	0.538101	86	58	28	0	0	0	0
AF	0	0.538413	79	51	28	0	0	0	0
AF	0	0.538726	70	45	25	0	0	0	0
AF	0	0.539038	79	54	25	0	0	0	0
AF	0	0.539350	93	64	29	0	0	0	0
AF	0	0.539663	98	66	32	0	0	0	0
AF	0	0.539975	118	79	39	0	0	0	0
AF	0	0.540287	91	59	32	0	0	0	0
AF	0	0.540600	82	52	30	0	0	0	0
AF	0	0.540912	92	59	33	0	0	0	0
AF	0	0.541224	83	52	31	0	0	0	0
AF	0	0.541537	85	60	25	0	0	0	0
AF	0	0.541849	92	65	27	0	0	0	0
AF	0	0.542161	76	53	23	0	0	0	0
AF	0	0.542473	76	51	25	0	0	0	0
AF	0	0.542786	110	73	37	0	0	0	0
AF	0	0.543098	74	44	30	0	0	0	0
AF	0	0.543410	93	63	30	0	0	0	0
AF	0	0.543723	102	71	31	0	0	0	0
AF	0	0.544035	146	110	36	0	0	0	0
AF	0	0.544347	102	63	39	0	0	0	0
AF	0	0.544660	79	56	23	0	0	0	0
AF	0	0.544972	89	60	29	0	0	0	0
AF	0	0.545284	92	67	25	0	0	0	0
AF	0	0.545597	91	56	35	0	0	0	0
AF	0	0.545909	103	65	38	0	0	0	0
AF	0	0.546221	93	67	26	0	0	0	0
AF	0	0.546533	103	63	40	0	0	0	0
AF	0	0.546846	95	61	34	0	0	0	0
AF	0	0.547158	93	61	32	0	0	0	0
AF	0	0.547470	112	78	34	0	0	0	0
AF	0	0.547783	92	57	35	0	0	0	0
AF	0	0.548095	109	70	39	0	0	0	0
AF	0	0.548407	84	51	33	0	0	0	0
AF	0	0.548720	119	85	34	0	0	0	0
AF	0	0.549032	94	56	38	0	0	0	0
AF	0	0.549344	93	65	28	0	0	0	0
AF	0	0.549656	91	57	34	0	0	0	0
AF	0	0.549969	93	63	30	0	0	0	0
AF	0	0.550281	96	58	38	0	0	0	0
AF	0	0.550593	136	96	40	0	0	0	0
AF	0	0.550906	109	68	41	0	0	0	0
AF	0	0.551218	117	77	40	0	0	0	0
AF	0	0.551530	89	63	26	0	0	0	0
AF	0	0.551843	111	78	33	0	0	0	0
AF	0	0.552155	95	59	36	0	0	0	0
AF	0	0.552467	107	65	42	0	0	0	0
AF	0	0.552780	103	69	34	0	0	0	0
AF	0	0.553092	110	67	43	0	0	0	0
AF	0	0.553404	87	62	25	0	0	0	0
AF	0	0.553716	172	113	59	0	0	0	0
AF	0	0.554029	137	91	46	0	0	0	0
AF	0	0.554341	108	71	37	0	0	0	0
AF	0	0.554653	89	60	29	0	0	0	0
AF	0	0.554966	93	65	28	0	0	0	0
AF	0	0.555278	102	59	43	0	0	0	0
AF	0	0.555590	116	78	38	0	0	0	0
AF	0	0.555903	110	74	36	0	0	0	0
AF	0	0.556215	109	79	30	0	0	0	0
AF	0	0.556527	105	77	28	0	0	0	0
AF	0	0.556839	100	71	29	0	0	0	0
AF	0	0.557152	118	85	33	0	0	0	0
AF	0	0.557464	91	63	28	0	0	0	0
AF	0	0.557776	93	68	25	0	0	0	0
AF	0	0.558089	114	76	38	0	0	0	0
AF	0	0.558401	106	75	31	0	0	0	0
AF	0	0.558713	92	67	25	0	0	0	0
AF	0	0.559026	99	64	35	0	0	0	0
AF	0	0.559338	95	57	38	0	0	0	0
AF	0	0.559650	109	71	38	0	0	0	0
AF	0	0.559963	97	64	33	0	0	0	0
AF	0	0.560275	112	80	32	0	0	0	0
AF	0	0.560587	119	78	41	0	0	0	0
AF	0	0.560899	135	100	35	0	0	0	0
AF	0	0.561212	144	93	51	0	0	0	0
AF	0	0.561524	106	80	26	0	0	0	0
AF	0	0.561836	91	63	28	0	0	0	0
AF	0	0.562149	97	70	27	0	0	0	0
AF	0	0.562461	96	64	32	0	0	0	0
AF	0	0.562773	108	70	38	0	0	0	0
AF	0	0.563086	89	61	28	0	0	0	0
AF	0	0.563398	77	50	27	0	0	0	0
AF	0	0.563710	86	64	22	0	0	0	0
AF	0	0.564022	88	62	26	0	0	0	0
AF	0	0.564335	99	62	37	0	0	0	0
AF	0	0.564647	78	57	21	0	0	0	0
AF	0	0.564959	60	44	16	0	0	0	0
AF	0	0.565272	83	54	29	0	0	0	0
AF	0	0.565584	102	61	41	0	0	0	0
AF	0	0.565896	106	71	35	0	0	0	0
AF	0	0.566209	79	61	18	0	0	0	0
AF	0	0.566521	87	59	28	0	0	0	0
AF	0	0.566833	116	74	42	0	0	0	0
AF	0	0.567146	102	69	33	0	0	0	0
AF	0	0.567458	96	66	30	0	0	0	0
AF	0	0.567770	69	46	23	0	0	0	0
AF	0	0.568082	102	77	25	0	0	0	0
AF	0	0.568395	79	59	20	0	0	0	0
AF	0	0.568707	71	50	21	0	0	0	0
AF	0	0.569019	99	60	39	0	0	0	0
AF	0	0.569332	73	49	24	0	0	0	0
AF	0	0.569644	81	53	28	0	0	0	0
AF	0	0.569956	85	58	27	0	0	0	0
AF	0	0.570269	93	57	36	0	0	0	0
AF	0	0.570581	109	82	27	0	0	0	0
AF	0	0.570893	83	50	33	0	0	0	0
AF	0	0.571205	87	58	29	0	0	0	0
AF	0	0.571518	97	64	33	0	0	0	0
AF	0	0.571830	79	52	27	0	0	0	0
AF	0	0.572142	87	62	25	0	0	0	0
AF	0	0.572455	102	67	35	0	0	0	0
AF	0	0.572767	110	80	30	0	0	0	0
AF	0	0.573079	117	81	36	0	0	0	0
AF	0	0.573392	123	81	42	0	0	0	0
AF	0	0.573704	106	68	38	0	0	0	0
AF	0	0.574016	109	65	44	0	0	0	0
AF	0	0.574329	93	62	31	0	0	0	0
AF	0	0.574641	80	50	30	0	0	0	0
AF	0	0.574953	86	59	27	0	0	0	0
AF	0	0.575265	119	78	41	0	0	0	0
AF	0	0.575578	86	57	29	0	0	0	0
AF	0	0.575890	94	58	36	0	0	0	0
AF	0	0.576202	84	50	34	0	0	0	0
AF	0	0.576515	87	53	34	0	0	0	0
AF	0	0.576827	120	80	40	0	0	0	0
AF	0	0.577139	88	61	27	0	0	0	0
AF	0	0.577452	69	44	25	0	0	0	0
AF	0	0.577764	83	50	33	0	0	0	0
AF	0	0.578076	68	43	25	0	0	0	0
AF	0	0.578389	113	74	39	0	0	0	0
AF	0	0.578701	96	67	29	0	0	0	0
AF	0	0.579013	86	65	21	0	0	0	0
AF	0	0.579325	109	76	33	0	0	0	0
AF	0	0.579638	98	68	30	0	0	0	0
AF	0	0.579950	92	66	26	0	0	0	0
AF	0	0.580262	93	55	38	0	0	0	0
AF	0	0.580575	103	73	30	0	0	0	0
AF	0	0.580887	87	54	33	0	0	0	0
AF	0	0.581199	68	50	18	0	0	0	0
AF	0	0.581512	81	51	30	0	0	0	0
AF	0	0.581824	90	60	30	0	0	0	0
AF	0	0.582136	118	85	33	0	0	0	0
AF	0	0.582448	114	72	42	0	0	0	0
AF	0	0.582761	80	53	27	0	0	0	0
AF	0	0.583073	70	52	18	0	0	0	0
AF	0	0.583385	87	55	32	0	0	0	0
AF	0	0.583698	85	63	22	0	0	0	0
AF	0	0.584010	104	77	27	0	0	0	0
AF	0	0.584322	102	75	27	0	0	0	0
AF	0	0.584635	108	72	36	0	0	0	0
AF	0	0.584947	120	88	32	0	0	0	0
AF	0	0.585259	95	63	32	0	0	0	0
AF	0	0.585572	92	60	32	0	0	0	0
AF	0	0.585884	122	82	40	0	0	0	0
AF	0	0.586196	110	65	45	0	0	0	0
AF	0	0.586508	91	55	36	0	0	0	0
AF	0	0.586821	95	66	29	0	0	0	0
AF	0	0.587133	72	50	22	0	0	0	0
AF	0	0.587445	99	72	27	0	0	0	0
AF	0	0.587758	63	43	20	0	0	0	0
AF	0	0.588070	66	37	29	0	0	0	0
AF	0	0.588382	94	62	32	0	0	0	0
AF	0	0.588695	91	68	23	0	0	0	0
AF	0	0.589007	73	52	21	0	0	0	0
AF	0	0.589319	99	66	33	0	0	0	0
AF	0	0.589631	88	67	21	0	0	0	0
AF	0	0.589944	108	69	39	0	0	0	0
AF	0	0.590256	104	61	43	0	0	0	0
AF	0	0.590568	72	52	20	0	0	0	0
AF	0	0.590881	76	50	26	0	0	0	0
AF	0	0.591193	70	46	24	0	0	0	0
AF	0	0.591505	137	87	50	0	0	0	0
AF	0	0.591818	83	50	33	0	0	0	0
AF	0	0.592130	74	50	24	0	0	0	0
AF	0	0.592442	115	65	50	0	0	0	0
AF	0	0.592755	68	42	26	0	0	0	0
AF	0	0.593067	86	52	34	0	0	0	0
AF	0	0.593379	92	53	39	0	0	0	0
AF	0	0.593691	113	68	45	0	0	0	0
AF	0	0.594004	108	71	37	0	0	0	0
AF	0	0.594316	102	69	33	0	0	0	0
AF	0	0.594628	133	79	54	0	0	0	0
AF	0	0.594941	142	98	44	0	0	0	0
AF	0	0.595253	169	117	52	0	0	0	0
AF	0	0.595565	113	70	43	0	0	0	0
AF	0	0.595878	116	82	34	0	0	0	0
AF	0	0.596190	122	88	34	0	0	0	0
AF	0	0.596502	121	75	46	0	0	0	0
AF	0	0.596814	99	55	44	0	0	0	0
AF	0	0.597127	135	93	42	0	0	0	0
AF	0	0.597439	129	77	52	0	0	0	0
AF	0	0.597751	187	112	75	0	0	0	0
AF	0	0.598064	111	73	38	0	0	0	0
AF	0	0.598376	81	51	30	0	0	0	0
AF	0	0.598688	97	68	29	0	0	0	0
AF	0	0.599001	87	61	26	0	0	0	0
AF	0	0.599313	118	82	36	0	0	0	0
AF	0	0.599625	107	77	30	0	0	0	0
AF	0	0.599938	97	62	35	0	0	0	0
AF	0	0.600250	91	55	36	0	0	0	0
AF	0	0.600562	92	59	33	0	0	0	0
AF	0	0.600874	82	53	29	0	0	0	0
AF	0	0.601187	142	94	48	0	0	0	0
AF	0	0.601499	141	92	49	0	0	0	0
AF	0	0.601811	126	70	56	0	0	0	0
AF	0	0.602124	114	78	36	0	0	0	0
AF	0	0.602436	106	69	37	0	0	0	0
AF	0	0.602748	137	85	52	0	0	0	0
AF	0	0.603061	91	61	30	0	0	0	0
AF	0	0.603373	118	88	30	0	0	0	0
AF	0	0.603685	82	52	30	0	0	0	0
AF	0	0.603998	87	62	25	0	0	0	0
AF	0	0.604310	74	45	29	0	0	0	0
AF	0	0.604622	86	62	24	0	0	0	0
AF	0	0.604934	111	80	31	0	0	0	0
AF	0	0.605247	102	68	34	0	0	0	0
AF	0	0.605559	97	70	27	0	0	0	0
AF	0	0.605871	113	77	36	0	0	0	0
AF	0	0.606184	79	56	23	0	0	0	0
AF	0	0.606496	86	50	36	0	0	0	0
AF	0	0.606808	82	57	25	0	0	0	0
AF	0	0.607121	98	67	31	0	0	0	0
AF	0	0.607433	88	58	30	0	0	0	0
AF	0	0.607745	105	73	32	0	0	0	0
AF	0	0.608057	93	69	24	0	0	0	0
AF	0	0.608370	112	82	30	0	0	0	0
AF	0	0.608682	90	57	33	0	0	0	0
AF	0	0.608994	132	93	39	0	0	0	0
AF	0	0.609307	131	92	39	0	0	0	0
AF	0	0.609619	121	76	45	0	0	0	0
AF	0	0.609931	104	77	27	0	0	0	0
AF	0	0.610244	99	67	32	0	0	0	0
AF	0	0.610556	99	65	34	0	0	0	0
AF	0	0.610868	82	51	31	0	0	0	0
AF	0	0.611181	85	57	28	0	0	0	0
AF	0	0.611493	94	66	28	0	0	0	0
AF	0	0.611805	78	57	21	0	0	0	0
AF	0	0.612117	94	59	35	0	0	0	0
AF	0	0.612430	82	61	21	0	0	0	0
AF	0	0.612742	112	87	25	0	0	0	0
AF	0	0.613054	98	63	35	0	0	0	0
AF	0	0.613367	80	53	27	0	0	0	0
AF	0	0.613679	75	50	25	0	0	0	0
AF	0	0.613991	84	54	30	0	0	0	0
AF	0	0.614304	95	70	25	0	0	0	0
AF	0	0.614616	83	59	24	0	0	0	0
AF	0	0.614928	94	64	30	0	0	0	0
AF	0	0.615240	84	58	26	0	0	0	0
AF	0	0.615553	102	69	33	0	0	0	0
AF	0	0.615865	74	51	23	0	0	0	0
AF	0	0.616177	84	55	29	0	0	0	0
AF	0	0.616490	89	59	30	0	0	0	0
AF	0	0.616802	99	69	30	0	0	0	0
AF	0	0.617114	78	57	21	0	0	0	0
AF	0	0.617427	51	33	18	0	0	0	0
AF	0	0.617739	78	59	19	0	0	0	0
AF	0	0.618051	100	69	31	0	0	0	0
AF	0	0.618364	70	56	14	0	0	0	0
AF	0	0.618676	88	58	30	0	0	0	0
AF	0	0.618988	78	55	23	0	0	0	0
AF	0	0.619300	93	65	28	0	0	0	0
AF	0	0.619613	88	55	33	0	0	0	0
AF	0	0.619925	87	66	21	0	0	0	0
AF	0	0.620237	82	56	26	0	0	0	0
AF	0	0.620550	105	74	31	0	0	0	0
AF	0	0.620862	92	65	27	0	0	0	0
AF	0	0.621174	111	66	45	0	0	0	0
AF	0	0.621487	92	63	29	0	0	0	0
AF	0	0.621799	89	56	33	0	0	0	0
AF	0	0.622111	74	43	31	0	0	0	0
AF	0	0.622423	76	56	20	0	0	0	0
AF	0	0.622736	91	52	39	0	0	0	0
AF	0	0.623048	118	80	38	0	0	0	0
AF	0	0.623360	107	72	35	0	0	0	0
AF	0	0.623673	121	84	37	0	0	0	0
AF	0	0.623985	107	68	39	0	0	0	0
AF	0	0.624297	96	70	26	0	0	0	0
AF	0	0.624610	69	39	30	0	0	0	0
AF	0	0.624922	85	56	29	0	0	0	0
AF	0	0.625234	94	65	29	0	0	0	0
AF	0	0.625547	114	71	43	0	0	0	0
AF	0	0.625859	124	81	43	0	0	0	0
AF	0	0.626171	103	65	38	0	0	0	0
AF	0	0.626483	83	48	35	0	0	0	0
AF	0	0.626796	91	58	33	0	0	0	0
AF	0	0.627108	72	47	25	0	0	0	0
AF	0	0.627420	120	84	36	0	0	0	0
AF	0	0.627733	111	71	40	0	0	0	0
AF	0	0.628045	130	81	49	0	0	0	0
AF	0	0.628357	111	82	29	0	0	0	0
AF	0	0.628670	98	66	32	0	0	0	0
AF	0	0.628982	96	59	37	0	0	0	0
AF	0	0.629294	72	47	25	0	0	0	0
AF	0	0.629606	202	136	66	0	0	0	0
AF	0	0.629919	105	63	42	0	0	0	0
AF	0	0.630231	102	77	25	0	0	0	0
AF	0	0.630543	72	48	24	0	0	0	0
AF	0	0.630856	75	52	23	0	0	0	0
AF	0	0.631168	81	59	22	0	0	0	0
AF	0	0.631480	77	53	24	0	0	0	0
AF	0	0.631793	76	53	23	0	0	0	0
AF	0	0.632105	96	66	30	0	0	0	0
AF	0	0.632417	179	109	70	0	0	0	0
AF	0	0.632730	87	53	34	0	0	0	0
AF	0	0.633042	90	57	33	0	0	0	0
AF	0	0.633354	87	61	26	0	0	0	0
AF	0	0.633666	100	68	32	0	0	0	0
AF	0	0.633979	107	71	36	0	0	0	0
AF	0	0.634291	140	102	38	0	0	0	0
AF	0	0.634603	110	74	36	0	0	0	0
AF	0	0.634916	97	62	35	0	0	0	0
AF	0	0.635228	103	64	39	0	0	0	0
AF	0	0.635540	102	75	27	0	0	0	0
AF	0	0.635853	97	69	28	0	0	0	0
AF	0	0.636165	94	64	30	0	0	0	0
AF	0	0.636477	87	68	19	0	0	0	0
AF	0	0.636790	93	66	27	0	0	0	0
AF	0	0.637102	85	53	32	0	0	0	0
AF	0	0.637414	75	49	26	0	0	0	0
AF	0	0.637726	97	60	37	0	0	0	0
AF	0	0.638039	81	51	30	0	0	0	0
AF	0	0.638351	85	58	27	0	0	0	0
AF	0	0.638663	89	58	31	0	0	0	0
AF	0	0.638976	87	53	34	0	0	0	0
AF	0	0.639288	78	60	18	0	0	0	0
AF	0	0.639600	86	62	24	0	0	0	0
AF	0	0.639913	68	42	26	0	0	0	0
AF	0	0.640225	96	71	25	0	0	0	0
AF	0	0.640537	94	65	29	0	0	0	0
AF	0	0.640849	77	54	23	0	0	0	0
AF	0	0.641162	65	44	21	0	0	0	0
AF	0	0.641474	121	81	40	0	0	0	0
AF	0	0.641786	48	32	16	0	0	0	0
AF	0	0.642099	67	43	24	0	0	0	0
AF	0	0.642411	79	51	28	0	0	0	0
AF	0	0.642723	73	50	23	0	0	0	0
AF	0	0.643036	93	65	28	0	0	0	0
AF	0	0.643348	64	36	28	0	0	0	0
AF	0	0.643660	68	42	26	0	0	0	0
AF	0	0.643973	79	49	30	0	0	0	0
AF	0	0.644285	87	62	25	0	0	0	0
AF	0	0.644597	74	49	25	0	0	0	0
AF	0	0.644909	81	53	28	0	0	0	0
AF	0	0.645222	66	48	18	0	0	0	0
AF	0	0.645534	105	63	42	0	0	0	0
AF	0	0.645846	102	61	41	0	0	0	0
AF	0	0.646159	97	68	29	0	0	0	0
AF	0	0.646471	52	40	12	0	0	0	0
AF	0	0.646783	77	51	26	0	0	0	0
AF	0	0.647096	59	43	16	0	0	0	0
AF	0	0.647408	78	53	25	0	0	0	0
AF	0	0.647720	66	44	22	0	0	0	0
AF	0	0.648032	57	35	22	0	0	0	0
AF	0	0.648345	60	35	25	0	0	0	0
AF	0	0.648657	72	52	20	0	0	0	0
AF	0	0.648969	74	45	29	0	0	0	0
AF	0	0.649282	76	46	30	0	0	0	0
AF	0	0.649594	71	53	18	0	0	0	0
AF	0	0.649906	86	59	27	0	0	0	0
AF	0	0.650219	76	52	24	0	0	0	0
AF	0	0.650531	96	74	22	0	0	0	0
AF	0	0.650843	105	69	36	0	0	0	0
AF	0	0.651156	86	53	33	0	0	0	0
AF	0	0.651468	90	55	35	0	0	0	0
AF	0	0.651780	101	64	37	0	0	0	0
AF	0	0.652092	87	56	31	0	0	0	0
AF	0	0.652405	96	54	42	0	0	0	0
AF	0	0.652717	76	59	17	0	0	0	0
AF	0	0.653029	122	90	32	0	0	0	0
AF	0	0.653342	84	56	28	0	0	0	0
AF	0	0.653654	107	72	35	0	0	0	0
AF	0	0.653966	83	65	18	0	0	0	0
AF	0	0.654279	76	50	26	0	0	0	0
AF	0	0.654591	91	66	25	0	0	0	0
AF	0	0.654903	74	51	23	0	0	0	0
AF	0	0.655215	76	52	24	0	0	0	0
AF	0	0.655528	69	45	24	0	0	0	0
AF	0	0.655840	67	48	19	0	0	0	0
AF	0	0.656152	74	47	27	0	0	0	0
AF	0	0.656465	63	45	18	0	0	0	0
AF	0	0.656777	68	49	19	0	0	0	0
AF	0	0.657089	87	63	24	0	0	0	0
AF	0	0.657402	87	53	34	0	0	0	0
AF	0	0.657714	80	50	30	0	0	0	0
AF	0	0.658026	76	38	38	0	0	0	0
AF	0	0.658339	78	52	26	0	0	0	0
AF	0	0.658651	75	47	28	0	0	0	0
AF	0	0.658963	89	60	29	0	0	0	0
AF	0	0.659275	58	37	21	0	0	0	0
AF	0	0.659588	93	52	41	0	0	0	0
AF	0	0.659900	83	48	35	0	0	0	0
AF	0	0.660212	70	47	23	0	0	0	0
AF	0	0.660525	65	39	26	0	0	0	0
AF	0	0.660837	69	48	21	0	0	0	0
AF	0	0.661149	79	53	26	0	0	0	0
AF	0	0.661462	104	66	38	0	0	0	0
AF	0	0.661774	71	41	30	0	0	0	0
AF	0	0.662086	88	64	24	0	0	0	0
AF	0	0.662399	83	57	26	0	0	0	0
AF	0	0.662711	66	40	26	0	0	0	0
AF	0	0.663023	73	46	27	0	0	0	0
AF	0	0.663335	84	51	33	0	0	0	0
AF	0	0.663648	62	39	23	0	0	0	0
AF	0	0.663960	72	47	25	0	0	0	0
AF	0	0.664272	58	42	16	0	0	0	0
AF	0	0.664585	65	39	26	0	0	0	0
AF	0	0.664897	63	44	19	0	0	0	0
AF	0	0.665209	76	52	24	0	0	0	0
AF	0	0.665522	76	54	22	0	0	0	0
AF	0	0.665834	64	43	21	0	0	0	0
AF	0	0.666146	76	50	26	0	0	0	0
AF	0	0.666458	70	41	29	0	0	0	0
AF	0	0.666771	94	64	30	0	0	0	0
AF	0	0.667083	66	45	21	0	0	0	0
AF	0	0.667395	91	67	24	0	0	0	0
AF	0	0.667708	72	42	30	0	0	0	0
AF	0	0.668020	71	49	22	0	0	0	0
AF	0	0.668332	121	85	36	0	0	0	0
AF	0	0.668645	95	59	36	0	0	0	0
AF	0	0.668957	92	70	22	0	0	0	0
AF	0	0.669269	75	50	25	0	0	0	0
AF	0	0.669582	74	45	29	0	0	0	0
AF	0	0.669894	72	40	32	0	0	0	0
AF	0	0.670206	99	66	33	0	0	0	0
AF	0	0.670518	64	50	14	0	0	0	0
AF	0	0.670831	75	47	28	0	0	0	0
AF	0	0.671143	81	52	29	0	0	0	0
AF	0	0.671455	99	67	32	0	0	0	0
AF	0	0.671768	80	58	22	0	0	0	0
AF	0	0.672080	66	52	14	0	0	0	0
AF	0	0.672392	67	49	18	0	0	0	0
AF	0	0.672705	79	52	27	0	0	0	0
AF	0	0.673017	67	40	27	0	0	0	0
AF	0	0.673329	70	47	23	0	0	0	0
AF	0	0.673641	94	61	33	0	0	0	0
AF	0	0.673954	91	57	34	0	0	0	0
AF	0	0.674266	74	50	24	0	0	0	0
AF	0	0.674578	70	57	13	0	0	0	0
AF	0	0.674891	97	65	32	0	0	0	0
AF	0	0.675203	67	45	22	0	0	0	0
AF	0	0.675515	62	41	21	0	0	0	0
AF	0	0.675828	62	39	23	0	0	0	0
AF	0	0.676140	82	62	20	0	0	0	0
AF	0	0.676452	101	64	37	0	0	0	0
AF	0	0.676765	129	94	35	0	0	0	0
AF	0	0.677077	109	72	37	0	0	0	0
AF	0	0.677389	133	96	37	0	0	0	0
AF	0	0.677701	117	76	41	0	0	0	0
AF	0	0.678014	91	60	31	0	0	0	0
AF	0	0.678326	76	46	30	0	0	0	0
AF	0	0.678638	93	61	32	0	0	0	0
AF	0	0.678951	77	47	30	0	0	0	0
AF	0	0.679263	78	46	32	0	0	0	0
AF	0	0.679575	78	52	26	0	0	0	0
AF	0	0.679888	79	51	28	0	0	0	0
AF	0	0.680200	71	54	17	0	0	0	0
AF	0	0.680512	78	52	26	0	0	0	0
AF	0	0.680824	62	39	23	0	0	0	0
AF	0	0.681137	74	49	25	0	0	0	0
AF	0	0.681449	87	55	32	0	0	0	0
AF	0	0.681761	89	55	34	0	0	0	0
AF	0	0.682074	82	63	19	0	0	0	0
AF	0	0.682386	81	48	33	0	0	0	0
AF	0	0.682698	107	72	35	0	0	0	0
AF	0	0.683011	93	65	28	0	0	0	0
AF	0	0.683323	95	66	29	0	0	0	0
AF	0	0.683635	59	43	16	0	0	0	0
AF	0	0.683948	73	56	17	0	0	0	0
AF	0	0.684260	69	49	20	0	0	0	0
AF	0	0.684572	117	74	43	0	0	0	0
AF	0	0.684884	88	64	24	0	0	0	0
AF	0	0.685197	62	40	22	0	0	0	0
AF	0	0.685509	69	53	16	0	0	0	0
AF	0	0.685821	75	46	29	0	0	0	0
AF	0	0.686134	86	55	31	0	0	0	0
AF	0	0.686446	82	45	37	0	0	0	0
AF	0	0.686758	98	63	35	0	0	0	0
AF	0	0.687071	95	69	26	0	0	0	0
AF	0	0.687383	81	63	18	0	0	0	0
AF	0	0.687695	91	57	34	0	0	0	0
AF	0	0.688007	90	56	34	0	0	0	0
AF	0	0.688320	83	54	29	0	0	0	0
AF	0	0.688632	64	43	21	0	0	0	0
AF	0	0.688944	65	46	19	0	0	0	0
AF	0	0.689257	68	43	25	0	0	0	0
AF	0	0.689569	82	57	25	0	0	0	0
AF	0	0.689881	94	64	30	0	0	0	0
AF	0	0.690194	78	56	22	0	0	0	0
AF	0	0.690506	70	44	26	0	0	0	0
AF	0	0.690818	70	49	21	0	0	0	0
AF	0	0.691131	77	48	29	0	0	0	0
AF	0	0.691443	71	39	32	0	0	0	0
AF	0	0.691755	64	47	17	0	0	0	0
AF	0	0.692067	88	56	32	0	0	0	0
AF	0	0.692380	81	54	27	0	0	0	0
AF	0	0.692692	98	68	30	0	0	0	0
AF	0	0.693004	93	61	32	0	0	0	0
AF	0	0.693317	83	56	27	0	0	0	0
AF	0	0.693629	109	76	33	0	0	0	0
AF	0	0.693941	147	92	55	0	0	0	0
AF	0	0.694254	104	74	30	0	0	0	0
AF	0	0.694566	75	56	19	0	0	0	0
AF	0	0.694878	160	113	47	0	0	0	0
AF	0	0.695191	68	43	25	0	0	0	0
AF	0	0.695503	67	34	33	0	0	0	0
AF	0	0.695815	63	37	26	0	0	0	0
AF	0	0.696127	88	62	26	0	0	0	0
AF	0	0.696440	70	43	27	0	0	0	0
AF	0	0.696752	76	53	23	0	0	0	0
AF	0	0.697064	95	69	26	0	0	0	0
AF	0	0.697377	75	43	32	0	0	0	0
AF	0	0.697689	91	63	28	0	0	0	0
AF	0	0.698001	94	66	28	0	0	0	0
AF	0	0.698314	105	71	34	0	0	0	0
AF	0	0.698626	61	42	19	0	0	0	0
AF	0	0.698938	87	56	31	0	0	0	0
AF	0	0.699250	78	60	18	0	0	0	0
AF	0	0.699563	107	68	39	0	0	0	0
AF	0	0.699875	107	67	40	0	0	0	0
AF	0	0.700187	102	69	33	0	0	0	0
AF	0	0.700500	107	69	38	0	0	0	0
AF	0	0.700812	98	65	33	0	0	0	0
AF	0	0.701124	98	63	35	0	0	0	0
AF	0	0.701437	100	81	19	0	0	0	0
AF	0	0.701749	107	73	34	0	0	0	0
AF	0	0.702061	122	85	37	0	0	0	0
AF	0	0.702374	109	80	29	0	0	0	0
AF	0	0.702686	112	74	38	0	0	0	0
AF	0	0.702998	76	55	21	0	0	0	0
AF	0	0.703310	71	44	27	0	0	0	0
AF	0	0.703623	66	43	23	0	0	0	0
AF	0	0.703935	76	54	22	0	0	0	0
AF	0	0.704247	71	52	19	0	0	0	0
AF	0	0.704560	112	70	42	0	0	0	0
AF	0	0.704872	161	109	52	0	0	0	0
AF	0	0.705184	98	62	36	0	0	0	0
AF	0	0.705497	84	53	31	0	0	0	0
AF	0	0.705809	75	50	25	0	0	0	0
AF	0	0.706121	68	46	22	0	0	0	0
AF	0	0.706433	77	54	23	0	0	0	0
AF	0	0.706746	86	54	32	0	0	0	0
AF	0	0.707058	77	53	24	0	0	0	0
AF	0	0.707370	108	70	38	0	0	0	0
AF	0	0.707683	82	62	20	0	0	0	0
AF	0	0.707995	89	64	25	0	0	0	0
AF	0	0.708307	83	54	29	0	0	0	0
AF	0	0.708620	94	61	33	0	0	0	0
AF	0	0.708932	99	59	40	0	0	0	0
AF	0	0.709244	121	73	48	0	0	0	0
AF	0	0.709557	115	74	41	0	0	0	0
AF	0	0.709869	118	76	42	0	0	0	0
AF	0	0.710181	138	87	51	0	0	0	0
AF	0	0.710493	111	74	37	0	0	0	0
AF	0	0.710806	88	55	33	0	0	0	0
AF	0	0.711118	86	56	30	0	0	0	0
AF	0	0.711430	78	54	24	0	0	0	0
AF	0	0.711743	81	53	28	0	0	0	0
AF	0	0.712055	79	56	23	0	0	0	0
AF	0	0.712367	80	54	26	0	0	0	0
AF	0	0.712680	66	49	17	0	0	0	0
AF	0	0.712992	74	47	27	0	0	0	0
AF	0	0.713304	72	51	21	0	0	0	0
AF	0	0.713616	68	48	20	0	0	0	0
AF	0	0.713929	80	61	19	0	0	0	0
AF	0	0.714241	70	43	27	0	0	0	0
AF	0	0.714553	89	62	27	0	0	0	0
AF	0	0.714866	118	82	36	0	0	0	0
AF	0	0.715178	104	75	29	0	0	0	0
AF	0	0.715490	95	63	32	0	0	0	0
AF	0	0.715803	88	69	19	0	0	0	0
AF	0	0.716115	97	61	36	0	0	0	0
AF	0	0.716427	80	51	29	0	0	0	0
AF	0	0.716740	96	59	37	0	0	0	0
AF	0	0.717052	69	42	27	0	0	0	0
AF	0	0.717364	91	60	31	0	0	0	0
AF	0	0.717676	96	67	29	0	0	0	0
AF	0	0.717989	79	50	29	0	0	0	0
AF	0	0.718301	72	52	20	0	0	0	0
AF	0	0.718613	67	49	18	0	0	0	0
AF	0	0.718926	64	34	30	0	0	0	0
AF	0	0.719238	68	48	20	0	0	0	0
AF	0	0.719550	62	42	20	0	0	0	0
AF	0	0.719863	86	56	30	0	0	0	0
AF	0	0.720175	85	58	27	0	0	0	0
AF	0	0.720487	53	36	17	0	0	0	0
AF	0	0.720800	49	30	19	0	0	0	0
AF	0	0.721112	67	45	22	0	0	0	0
AF	0	0.721424	78	57	21	0	0	0	0
AF	0	0.721736	63	42	21	0	0	0	0
AF	0	0.722049	60	46	14	0	0	0	0
AF	0	0.722361	65	49	16	0	0	0	0
AF	0	0.722673	81	52	29	0	0	0	0
AF	0	0.722986	65	38	27	0	0	0	0
AF	0	0.723298	61	44	17	0	0	0	0
AF	0	0.723610	62	39	23	0	0	0	0
AF	0	0.723923	62	40	22	0	0	0	0
AF	0	0.724235	75	52	23	0	0	0	0
AF	0	0.724547	84	60	24	0	0	0	0
AF	0	0.724859	79	49	30	0	0	0	0
AF	0	0.725172	95	60	35	0	0	0	0
AF	0	0.725484	133	89	44	0	0	0	0
AF	0	0.725796	84	58	26	0	0	0	0
AF	0	0.726109	65	47	18	0	0	0	0
AF	0	0.726421	73	54	19	0	0	0	0
AF	0	0.726733	110	77	33	0	0	0	0
AF	0	0.727046	71	45	26	0	0	0	0
AF	0	0.727358	63	46	17	0	0	0	0
AF	0	0.727670	54	38	16	0	0	0	0
AF	0	0.727983	65	38	27	0	0	0	0
AF	0	0.728295	72	51	21	0	0	0	0
AF	0	0.728607	53	36	17	0	0	0	0
AF	0	0.728919	57	32	25	0	0	0	0
AF	0	0.729232	70	52	18	0	0	0	0
AF	0	0.729544	66	45	21	0	0	0	0
AF	0	0.729856	66	48	18	0	0	0	0
AF	0	0.730169	111	76	35	0	0	0	0
AF	0	0.730481	76	43	33	0	0	0	0
AF	0	0.730793	87	58	29	0	0	0	0
AF	0	0.731106	88	66	22	0	0	0	0
AF	0	0.731418	72	46	26	0	0	0	0
AF	0	0.731730	69	47	22	0	0	0	0
AF	0	0.732042	69	54	15	0	0	0	0
AF	0	0.732355	77	60	17	0	0	0	0
AF	0	0.732667	76	46	30	0	0	0	0
AF	0	0.732979	70	51	19	0	0	0	0
AF	0	0.733292	70	50	20	0	0	0	0
AF	0	0.733604	78	54	24	0	0	0	0
AF	0	0.733916	48	30	18	0	0	0	0
AF	0	0.734229	57	38	19	0	0	0	0
AF	0	0.734541	71	39	32	0	0	0	0
AF	0	0.734853	79	49	30	0	0	0	0
AF	0	0.735166	84	55	29	0	0	0	0
AF	0	0.735478	92	58	34	0	0	0	0
AF	0	0.735790	76	48	28	0	0	0	0
AF	0	0.736102	63	49	14	0	0	0	0
AF	0	0.736415	78	51	27	0	0	0	0
AF	0	0.736727	77	56	21	0	0	0	0
AF	0	0.737039	89	57	32	0	0	0	0
AF	0	0.737352	80	57	23	0	0	0	0
AF	0	0.737664	59	36	23	0	0	0	0
AF	0	0.737976	69	45	24	0	0	0	0
AF	0	0.738289	89	60	29	0	0	0	0
AF	0	0.738601	59	44	15	0	0	0	0
AF	0	0.738913	70	46	24	0	0	0	0
AF	0	0.739225	88	54	34	0	0	0	0
AF	0	0.739538	76	53	23	0	0	0	0
AF	0	0.739850	73	43	30	0	0	0	0
AF	0	0.740162	81	55	26	0	0	0	0
AF	0	0.740475	86	60	26	0	0	0	0
AF	0	0.740787	65	41	24	0	0	0	0
AF	0	0.741099	59	35	24	0	0	0	0
AF	0	0.741412	103	75	28	0	0	0	0
AF	0	0.741724	86	58	28	0	0	0	0
AF	0	0.742036	71	49	22	0	0	0	0
AF	0	0.742349	74	52	22	0	0	0	0
AF	0	0.742661	55	45	10	0	0	0	0
AF	0	0.742973	56	38	18	0	0	0	0
AF	0	0.743285	85	57	28	0	0	0	0
AF	0	0.743598	77	53	24	0	0	0	0
AF	0	0.743910	82	56	26	0	0	0	0
AF	0	0.744222	58	42	16	0	0	0	0
AF	0	0.744535	62	38	24	0	0	0	0
AF	0	0.744847	77	48	29	0	0	0	0
AF	0	0.745159	85	53	32	0	0	0	0
AF	0	0.745472	90	50	40	0	0	0	0
AF	0	0.745784	52	39	13	0	0	0	0
AF	0	0.746096	63	48	15	0	0	0	0
AF	0	0.746408	75	50	25	0	0	0	0
AF	0	0.746721	75	55	20	0	0	0	0
AF	0	0.747033	81	54	27	0	0	0	0
AF	0	0.747345	63	45	18	0	0	0	0
AF	0	0.747658	97	62	35	0	0	0	0
AF	0	0.747970	84	54	30	0	0	0	0
AF	0	0.748282	72	50	22	0	0	0	0
AF	0	0.748595	55	32	23	0	0	0	0
AF	0	0.748907	47	30	17	0	0	0	0
AF	0	0.749219	89	54	35	0	0	0	0
AF	0	0.749532	89	59	30	0	0	0	0
AF	0	0.749844	79	57	22	0	0	0	0
AF	0	0.750156	58	41	17	0	0	0	0
AF	0	0.750468	67	51	16	0	0	0	0
AF	0	0.750781	58	42	16	0	0	0	0
AF	0	0.751093	70	46	24	0	0	0	0
AF	0	0.751405	82	60	22	0	0	0	0
AF	0	0.751718	103	72	31	0	0	0	0
AF	0	0.752030	73	53	20	0	0	0	0
AF	0	0.752342	100	60	40	0	0	0	0
AF	0	0.752655	94	67	27	0	0	0	0
AF	0	0.752967	79	50	29	0	0	0	0
AF	0	0.753279	82	55	27	0	0	0	0
AF	0	0.753592	74	52	22	0	0	0	0
AF	0	0.753904	78	48	30	0	0	0	0
AF	0	0.754216	54	34	20	0	0	0	0
AF	0	0.754528	53	36	17	0	0	0	0
AF	0	0.754841	54	32	22	0	0	0	0
AF	0	0.755153	51	36	15	0	0	0	0
AF	0	0.755465	53	38	15	0	0	0	0
AF	0	0.755778	59	47	12	0	0	0	0
AF	0	0.756090	49	35	14	0	0	0	0
AF	0	0.756402	72	50	22	0	0	0	0
AF	0	0.756715	80	50	30	0	0	0	0
AF	0	0.757027	79	51	28	0	0	0	0
AF	0	0.757339	68	44	24	0	0	0	0
AF	0	0.757651	81	48	33	0	0	0	0
AF	0	0.757964	111	73	38	0	0	0	0
AF	0	0.758276	76	57	19	0	0	0	0
AF	0	0.758588	78	47	31	0	0	0	0
AF	0	0.758901	87	68	19	0	0	0	0
AF	0	0.759213	90	56	34	0	0	0	0
AF	0	0.759525	79	54	25	0	0	0	0
AF	0	0.759838	92	63	29	0	0	0	0
AF	0	0.760150	75	52	23	0	0	0	0
AF	0	0.760462	88	66	22	0	0	0	0
AF	0	0.760775	104	68	36	0	0	0	0
AF	0	0.761087	71	42	29	0	0	0	0
AF	0	0.761399	46	38	8	0	0	0	0
AF	0	0.761711	88	61	27	0	0	0	0
AF	0	0.762024	59	37	22	0	0	0	0
AF	0	0.762336	74	49	25	0	0	0	0
AF	0	0.762648	112	81	31	0	0	0	0
AF	0	0.762961	78	58	20	0	0	0	0
AF	0	0.763273	67	53	14	0	0	0	0
AF	0	0.763585	85	67	18	0	0	0	0
AF	0	0.763898	54	35	19	0	0	0	0
AF	0	0.764210	66	45	21	0	0	0	0
AF	0	0.764522	81	55	26	0	0	0	0
AF	0	0.764834	76	49	27	0	0	0	0
AF	0	0.765147	66	46	20	0	0	0	0
AF	0	0.765459	73	48	25	0	0	0	0
AF	0	0.765771	60	39	21	0	0	0	0
AF	0	0.766084	34	17	17	0	0	0	0
AF	0	0.766396	71	47	24	0	0	0	0
AF	0	0.766708	91	56	35	0	0	0	0
AF	0	0.767021	52	31	21	0	0	0	0
AF	0	0.767333	59	44	15	0	0	0	0
AF	0	0.767645	57	41	16	0	0	0	0
AF	0	0.767958	49	33	16	0	0	0	0
AF	0	0.768270	51	34	17	0	0	0	0
AF	0	0.768582	67	47	20	0	0	0	0
AF	0	0.768894	68	52	16	0	0	0	0
AF	0	0.769207	51	34	17	0	0	0	0
AF	0	0.769519	49	37	12	0	0	0	0
AF	0	0.769831	56	38	18	0	0	0	0
AF	0	0.770144	75	48	27	0	0	0	0
AF	0	0.770456	67	44	23	0	0	0	0
AF	0	0.770768	77	54	23	0	0	0	0
AF	0	0.771081	96	70	26	0	0	0	0
AF	0	0.771393	55	41	14	0	0	0	0
AF	0	0.771705	55	40	15	0	0	0	0
AF	0	0.772017	78	54	24	0	0	0	0
AF	0	0.772330	65	49	16	0	0	0	0
AF	0	0.772642	69	44	25	0	0	0	0
AF	0	0.772954	83	55	28	0	0	0	0
AF	0	0.773267	62	43	19	0	0	0	0
AF	0	0.773579	66	46	20	0	0	0	0
AF	0	0.773891	72	48	24	0	0	0	0
AF	0	0.774204	74	47	27	0	0	0	0
AF	0	0.774516	64	49	15	0	0	0	0
AF	0	0.774828	76	50	26	0	0	0	0
AF	0	0.775141	95	64	31	0	0	0	0
AF	0	0.775453	57	36	21	0	0	0	0
AF	0	0.775765	90	56	34	0	0	0	0
AF	0	0.776077	71	49	22	0	0	0	0
AF	0	0.776390	61	43	18	0	0	0	0
AF	0	0.776702	61	40	21	0	0	0	0
AF	0	0.777014	74	47	27	0	0	0	0
AF	0	0.777327	67	43	24	0	0	0	0
AF	0	0.777639	82	57	25	0	0	0	0
AF	0	0.777951	179	114	65	0	0	0	0
AF	0	0.778264	114	77	37	0	0	0	0
AF	0	0.778576	116	71	45	0	0	0	0
AF	0	0.778888	60	43	17	0	0	0	0
AF	0	0.779200	65	38	27	0	0	0	0
AF	0	0.779513	60	37	23	0	0	0	0
AF	0	0.779825	66	39	27	0	0	0	0
AF	0	0.780137	58	37	21	0	0	0	0
AF	0	0.780450	98	64	34	0	0	0	0
AF	0	0.780762	89	56	33	0	0	0	0
AF	0	0.781074	77	54	23	0	0	0	0
AF	0	0.781387	58	33	25	0	0	0	0
AF	0	0.781699	48	29	19	0	0	0	0
AF	0	0.782011	64	40	24	0	0	0	0
AF	0	0.782324	75	39	36	0	0	0	0
AF	0	0.782636	73	52	21	0	0	0	0
AF	0	0.782948	74	49	25	0	0	0	0
AF	0	0.783260	68	44	24	0	0	0	0
AF	0	0.783573	69	41	28	0	0	0	0
AF	0	0.783885	85	55	30	0	0	0	0
AF	0	0.784197	84	54	30	0	0	0	0
AF	0	0.784510	52	35	17	0	0	0	0
AF	0	0.784822	69	52	17	0	0	0	0
AF	0	0.785134	65	39	26	0	0	0	0
AF	0	0.785447	57	36	21	0	0	0	0
AF	0	0.785759	42	31	11	0	0	0	0
AF	0	0.786071	54	37	17	0	0	0	0
AF	0	0.786384	57	36	21	0	0	0	0
AF	0	0.786696	64	36	28	0	0	0	0
AF	0	0.787008	56	37	19	0	0	0	0
AF	0	0.787320	56	37	19	0	0	0	0
AF	0	0.787633	63	39	24	0	0	0	0
AF	0	0.787945	88	69	19	0	0	0	0
AF	0	0.788257	69	43	26	0	0	0	0
AF	0	0.788570	70	48	22	0	0	0	0
AF	0	0.788882	73	56	17	0	0	0	0
AF	0	0.789194	67	41	26	0	0	0	0
AF	0	0.789507	55	37	18	0	0	0	0
AF	0	0.789819	58	47	11	0	0	0	0
AF	0	0.790131	66	49	17	0	0	0	0
AF	0	0.790443	54	39	15	0	0	0	0
AF	0	0.790756	56	46	10	0	0	0	0
AF	0	0.791068	38	29	9	0	0	0	0
AF	0	0.791380	59	31	28	0	0	0	0
AF	0	0.791693	55	35	20	0	0	0	0
AF	0	0.792005	61	41	20	0	0	0	0
AF	0	0.792317	61	42	19	0	0	0	0
AF	0	0.792630	73	56	17	0	0	0	0
AF	0	0.792942	84	52	32	0	0	0	0
AF	0	0.793254	49	28	21	0	0	0	0
AF	0	0.793567	50	37	13	0	0	0	0
AF	0	0.793879	47	27	20	0	0	0	0
AF	0	0.794191	61	43	18	0	0	0	0
AF	0	0.794503	57	36	21	0	0	0	0
AF	0	0.794816	80	55	25	0	0	0	0
AF	0	0.795128	57	45	12	0	0	0	0
AF	0	0.795440	43	24	19	0	0	0	0
AF	0	0.795753	55	37	18	0	0	0	0
AF	0	0.796065	70	50	20	0	0	0	0
AF	0	0.796377	48	28	20	0	0	0	0
AF	0	0.796690	59	35	24	0	0	0	0
AF	0	0.797002	69	46	23	0	0	0	0
AF	0	0.797314	87	58	29	0	0	0	0
AF	0	0.797626	60	38	22	0	0	0	0
AF	0	0.797939	64	47	17	0	0	0	0
AF	0	0.798251	58	44	14	0	0	0	0
AF	0	0.798563	68	50	18	0	0	0	0
AF	0	0.798876	64	46	18	0	0	0	0
AF	0	0.799188	56	37	19	0	0	0	0
AF	0	0.799500	60	41	19	0	0	0	0
AF	0	0.799813	49	30	19	0	0	0	0
AF	0	0.800125	90	58	32	0	0	0	0
AF	0	0.800437	64	40	24	0	0	0	0
AF	0	0.800750	61	46	15	0	0	0	0
AF	0	0.801062	85	61	24	0	0	0	0
AF	0	0.801374	63	42	21	0	0	0	0
AF	0	0.801686	67	42	25	0	0	0	0
AF	0	0.801999	47	31	16	0	0	0	0
AF	0	0.802311	59	44	15	0	0	0	0
AF	0	0.802623	55	38	17	0	0	0	0
AF	0	0.802936	63	44	19	0	0	0	0
AF	0	0.803248	59	37	22	0	0	0	0
AF	0	0.803560	44	27	17	0	0	0	0
AF	0	0.803873	50	39	11	0	0	0	0
AF	0	0.804185	46	32	14	0	0	0	0
AF	0	0.804497	48	34	14	0	0	0	0
AF	0	0.804809	73	50	23	0	0	0	0
AF	0	0.805122	59	40	19	0	0	0	0
AF	0	0.805434	60	44	16	0	0	0	0
AF	0	0.805746	69	45	24	0	0	0	0
AF	0	0.806059	64	43	21	0	0	0	0
AF	0	0.806371	44	28	16	0	0	0	0
AF	0	0.806683	52	33	19	0	0	0	0
AF	0	0.806996	56	41	15	0	0	0	0
AF	0	0.807308	44	33	11	0	0	0	0
AF	0	0.807620	60	41	19	0	0	0	0
AF	0	0.807933	64	40	24	0	0	0	0
AF	0	0.808245	44	32	12	0	0	0	0
AF	0	0.808557	48	30	18	0	0	0	0
AF	0	0.808869	47	27	20	0	0	0	0
AF	0	0.809182	53	37	16	0	0	0	0
AF	0	0.809494	34	24	10	0	0	0	0
AF	0	0.809806	61	41	20	0	0	0	0
AF	0	0.810119	64	49	15	0	0	0	0
AF	0	0.810431	38	25	13	0	0	0	0
AF	0	0.810743	53	33	20	0	0	0	0
AF	0	0.811056	52	37	15	0	0	0	0
AF	0	0.811368	70	49	21	0	0	0	0
AF	0	0.811680	48	31	17	0	0	0	0
AF	0	0.811993	41	28	13	0	0	0	0
AF	0	0.812305	61	37	24	0	0	0	0
AF	0	0.812617	39	28	11	0	0	0	0
AF	0	0.812929	44	28	16	0	0	0	0
AF	0	0.813242	73	52	21	0	0	0	0
AF	0	0.813554	46	26	20	0	0	0	0
AF	0	0.813866	58	38	20	0	0	0	0
AF	0	0.814179	40	26	14	0	0	0	0
AF	0	0.814491	35	24	11	0	0	0	0
AF	0	0.814803	50	32	18	0	0	0	0
AF	0	0.815116	49	29	20	0	0	0	0
AF	0	0.815428	52	33	19	0	0	0	0
AF	0	0.815740	55	40	15	0	0	0	0
AF	0	0.816052	67	44	23	0	0	0	0
AF	0	0.816365	62	35	27	0	0	0	0
AF	0	0.816677	49	31	18	0	0	0	0
AF	0	0.816989	45	24	21	0	0	0	0
AF	0	0.817302	51	36	15	0	0	0	0
AF	0	0.817614	29	20	9	0	0	0	0
AF	0	0.817926	43	27	16	0	0	0	0
AF	0	0.818239	59	32	27	0	0	0	0
AF	0	0.818551	47	28	19	0	0	0	0
AF	0	0.818863	44	30	14	0	0	0	0
AF	0	0.819176	56	38	18	0	0	0	0
AF	0	0.819488	112	79	33	0	0	0	0
AF	0	0.819800	55	38	17	0	0	0	0
AF	0	0.820112	48	34	14	0	0	0	0
AF	0	0.820425	61	45	16	0	0	0	0
AF	0	0.820737	47	32	15	0	0	0	0
AF	0	0.821049	70	45	25	0	0	0	0
AF	0	0.821362	70	42	28	0	0	0	0
AF	0	0.821674	84	58	26	0	0	0	0
AF	0	0.821986	68	47	21	0	0	0	0
AF	0	0.822299	49	33	16	0	0	0	0
AF	0	0.822611	57	34	23	0	0	0	0
AF	0	0.822923	59	41	18	0	0	0	0
AF	0	0.823235	73	44	29	0	0	0	0
AF	0	0.823548	67	44	23	0	0	0	0
AF	0	0.823860	135	86	49	0	0	0	0
AF	0	0.824172	54	35	19	0	0	0	0
AF	0	0.824485	77	48	29	0	0	0	0
AF	0	0.824797	88	64	24	0	0	0	0
AF	0	0.825109	44	27	17	0	0	0	0
AF	0	0.825422	58	40	18	0	0	0	0
AF	0	0.825734	53	40	13	0	0	0	0
AF	0	0.826046	60	39	21	0	0	0	0
AF	0	0.826359	71	52	19	0	0	0	0
AF	0	0.826671	53	39	14	0	0	0	0
AF	0	0.826983	52	37	15	0	0	0	0
AF	0	0.827295	67	45	22	0	0	0	0
AF	0	0.827608	56	35	21	0	0	0	0
AF	0	0.827920	60	44	16	0	0	0	0
AF	0	0.828232	72	42	30	0	0	0	0
AF	0	0.828545	59	38	21	0	0	0	0
AF	0	0.828857	67	35	32	0	0	0	0
AF	0	0.829169	74	53	21	0	0	0	0
AF	0	0.829482	70	42	28	0	0	0	0
AF	0	0.829794	86	62	24	0	0	0	0
AF	0	0.830106	73	48	25	0	0	0	0
AF	0	0.830418	84	53	31	0	0	0	0
AF	0	0.830731	90	68	22	0	0	0	0
AF	0	0.831043	69	50	19	0	0	0	0
AF	0	0.831355	54	36	18	0	0	0	0
AF	0	0.831668	72	52	20	0	0	0	0
AF	0	0.831980	62	44	18	0	0	0	0
AF	0	0.832292	67	45	22	0	0	0	0
AF	0	0.832605	70	43	27	0	0	0	0
AF	0	0.832917	63	42	21	0	0	0	0
AF	0	0.833229	69	48	21	0	0	0	0
AF	0	0.833542	74	52	22	0	0	0	0
AF	0	0.833854	54	33	21	0	0	0	0
AF	0	0.834166	54	37	17	0	0	0	0
AF	0	0.834478	49	31	18	0	0	0	0
AF	0	0.834791	59	35	24	0	0	0	0
AF	0	0.835103	46	32	14	0	0	0	0
AF	0	0.835415	79	54	25	0	0	0	0
AF	0	0.835728	84	50	34	0	0	0	0
AF	0	0.836040	48	28	20	0	0	0	0
AF	0	0.836352	78	50	28	0	0	0	0
AF	0	0.836665	82	53	29	0	0	0	0
AF	0	0.836977	79	47	32	0	0	0	0
AF	0	0.837289	58	35	23	0	0	0	0
AF	0	0.837601	51	35	16	0	0	0	0
AF	0	0.837914	43	24	19	0	0	0	0
AF	0	0.838226	45	32	13	0	0	0	0
AF	0	0.838538	60	37	23	0	0	0	0
AF	0	0.838851	39	22	17	0	0	0	0
AF	0	0.839163	51	24	27	0	0	0	0
AF	0	0.839475	59	42	17	0	0	0	0
AF	0	0.839788	61	38	23	0	0	0	0
AF	0	0.840100	60	43	17	0	0	0	0
AF	0	0.840412	50	34	16	0	0	0	0
AF	0	0.840725	51	32	19	0	0	0	0
AF	0	0.841037	99	66	33	0	0	0	0
AF	0	0.841349	51	36	15	0	0	0	0
AF	0	0.841661	70	39	31	0	0	0	0
AF	0	0.841974	79	52	27	0	0	0	0
AF	0	0.842286	100	71	29	0	0	0	0
AF	0	0.842598	68	50	18	0	0	0	0
AF	0	0.842911	63	42	21	0	0	0	0
AF	0	0.843223	71	43	28	0	0	0	0
AF	0	0.843535	49	33	16	0	0	0	0
AF	0	0.843848	44	33	11	0	0	0	0
AF	0	0.844160	64	45	19	0	0	0	0
AF	0	0.844472	76	54	22	0	0	0	0
AF	0	0.844785	66	43	23	0	0	0	0
AF	0	0.845097	40	25	15	0	0	0	0
AF	0	0.845409	61	38	23	0	0	0	0
AF	0	0.845721	78	53	25	0	0	0	0
AF	0	0.846034	53	32	21	0	0	0	0
AF	0	0.846346	56	37	19	0	0	0	0
AF	0	0.846658	56	33	23	0	0	0	0
AF	0	0.846971	72	51	21	0	0	0	0
AF	0	0.847283	67	41	26	0	0	0	0
AF	0	0.847595	154	100	54	0	0	0	0
AF	0	0.847908	79	47	32	0	0	0	0
AF	0	0.848220	49	39	10	0	0	0	0
AF	0	0.848532	86	54	32	0	0	0	0
AF	0	0.848844	60	41	19	0	0	0	0
AF	0	0.849157	92	65	27	0	0	0	0
AF	0	0.849469	51	37	14	0	0	0	0
AF	0	0.849781	48	33	15	0	0	0	0
AF	0	0.850094	51	31	20	0	0	0	0
AF	0	0.850406	58	43	15	0	0	0	0
AF	0	0.850718	74	48	26	0	0	0	0
AF	0	0.851031	62	50	12	0	0	0	0
AF	0	0.851343	67	42	25	0	0	0	0
AF	0	0.851655	71	52	19	0	0	0	0
AF	0	0.851968	97	59	38	0	0	0	0
AF	0	0.852280	66	44	22	0	0	0	0
AF	0	0.852592	70	57	13	0	0	0	0
AF	0	0.852904	47	28	19	0	0	0	0
AF	0	0.853217	61	38	23	0	0	0	0
AF	0	0.853529	66	47	19	0	0	0	0
AF	0	0.853841	56	33	23	0	0	0	0
AF	0	0.854154	64	44	20	0	0	0	0
AF	0	0.854466	50	28	22	0	0	0	0
AF	0	0.854778	63	41	22	0	0	0	0
AF	0	0.855091	81	64	17	0	0	0	0
AF	0	0.855403	78	51	27	0	0	0	0
AF	0	0.855715	51	32	19	0	0	0	0
AF	0	0.856027	64	47	17	0	0	0	0
AF	0	0.856340	40	29	11	0	0	0	0
AF	0	0.856652	39	29	10	0	0	0	0
AF	0	0.856964	39	24	15	0	0	0	0
AF	0	0.857277	45	27	18	0	0	0	0
AF	0	0.857589	49	27	22	0	0	0	0
AF	0	0.857901	40	25	15	0	0	0	0
AF	0	0.858214	60	39	21	0	0	0	0
AF	0	0.858526	44	26	18	0	0	0	0
AF	0	0.858838	58	37	21	0	0	0	0
AF	0	0.859151	60	36	24	0	0	0	0
AF	0	0.859463	48	28	20	0	0	0	0
AF	0	0.859775	46	36	10	0	0	0	0
AF	0	0.860087	57	33	24	0	0	0	0
AF	0	0.860400	64	39	25	0	0	0	0
AF	0	0.860712	54	38	16	0	0	0	0
AF	0	0.861024	74	55	19	0	0	0	0
AF	0	0.861337	76	48	28	0	0	0	0
AF	0	0.861649	74	54	20	0	0	0	0
AF	0	0.861961	89	55	34	0	0	0	0
AF	0	0.862274	66	43	23	0	0	0	0
AF	0	0.862586	98	69	29	0	0	0	0
AF	0	0.862898	72	50	22	0	0	0	0
AF	0	0.863210	64	43	21	0	0	0	0
AF	0	0.863523	60	38	22	0	0	0	0
AF	0	0.863835	78	56	22	0	0	0	0
AF	0	0.864147	68	45	23	0	0	0	0
AF	0	0.864460	75	41	34	0	0	0	0
AF	0	0.864772	67	43	24	0	0	0	0
AF	0	0.865084	80	46	34	0	0	0	0
AF	0	0.865397	58	37	21	0	0	0	0
AF	0	0.865709	73	53	20	0	0	0	0
AF	0	0.866021	63	43	20	0	0	0	0
AF	0	0.866334	65	41	24	0	0	0	0
AF	0	0.866646	49	33	16	0	0	0	0
AF	0	0.866958	64	44	20	0	0	0	0
AF	0	0.867270	55	41	14	0	0	0	0
AF	0	0.867583	57	35	22	0	0	0	0
AF	0	0.867895	48	27	21	0	0	0	0
AF	0	0.868207	45	26	19	0	0	0	0
AF	0	0.868520	52	30	22	0	0	0	0
AF	0	0.868832	49	34	15	0	0	0	0
AF	0	0.869144	52	43	9	0	0	0	0
AF	0	0.869457	58	42	16	0	0	0	0
AF	0	0.869769	55	31	24	0	0	0	0
AF	0	0.870081	67	48	19	0	0	0	0
AF	0	0.870394	49	37	12	0	0	0	0
AF	0	0.870706	42	30	12	0	0	0	0
AF	0	0.871018	76	50	26	0	0	0	0
AF	0	0.871330	51	37	14	0	0	0	0
AF	0	0.871643	71	50	21	0	0	0	0
AF	0	0.871955	69	54	15	0	0	0	0
AF	0	0.872267	50	36	14	0	0	0	0
AF	0	0.872580	68	39	29	0	0	0	0
AF	0	0.872892	75	53	22	0	0	0	0
AF	0	0.873204	66	44	22	0	0	0	0
AF	0	0.873517	43	29	14	0	0	0	0
AF	0	0.873829	57	37	20	0	0	0	0
AF	0	0.874141	59	38	21	0	0	0	0
AF	0	0.874453	84	59	25	0	0	0	0
AF	0	0.874766	50	34	16	0	0	0	0
AF	0	0.875078	61	36	25	0	0	0	0
AF	0	0.875390	49	35	14	0	0	0	0
AF	0	0.875703	47	37	10	0	0	0	0
AF	0	0.876015	47	32	15	0	0	0	0
AF	0	0.876327	45	29	16	0	0	0	0
AF	0	0.876640	61	46	15	0	0	0	0
AF	0	0.876952	71	50	21	0	0	0	0
AF	0	0.877264	42	24	18	0	0	0	0
AF	0	0.877577	78	54	24	0	0	0	0
AF	0	0.877889	73	43	30	0	0	0	0
AF	0	0.878201	47	28	19	0	0	0	0
AF	0	0.878513	59	39	20	0	0	0	0
AF	0	0.878826	58	36	22	0	0	0	0
AF	0	0.879138	50	36	14	0	0	0	0
AF	0	0.879450	53	42	11	0	0	0	0
AF	0	0.879763	55	35	20	0	0	0	0
AF	0	0.880075	69	54	15	0	0	0	0
AF	0	0.880387	58	37	21	0	0	0	0
AF	0	0.880700	54	38	16	0	0	0	0
AF	0	0.881012	61	43	18	0	0	0	0
AF	0	0.881324	34	25	9	0	0	0	0
AF	0	0.881636	60	47	13	0	0	0	0
AF	0	0.881949	50	36	14	0	0	0	0
AF	0	0.882261	47	33	14	0	0	0	0
AF	0	0.882573	53	33	20	0	0	0	0
AF	0	0.882886	49	33	16	0	0	0	0
AF	0	0.883198	32	26	6	0	0	0	0
AF	0	0.883510	54	32	22	0	0	0	0
AF	0	0.883823	58	43	15	0	0	0	0
AF	0	0.884135	65	46	19	0	0	0	0
AF	0	0.884447	56	35	21	0	0	0	0
AF	0	0.884760	59	49	10	0	0	0	0
AF	0	0.885072	52	31	21	0	0	0	0
AF	0	0.885384	52	37	15	0	0	0	0
AF	0	0.885696	56	40	16	0	0	0	0
AF	0	0.886009	61	39	22	0	0	0	0
AF	0	0.886321	70	44	26	0	0	0	0
AF	0	0.886633	35	23	12	0	0	0	0
AF	0	0.886946	46	29	17	0	0	0	0
AF	0	0.887258	35	24	11	0	0	0	0
AF	0	0.887570	40	29	11	0	0	0	0
AF	0	0.887883	26	17	9	0	0	0	0
AF	0	0.888195	46	33	13	0	0	0	0
AF	0	0.888507	63	44	19	0	0	0	0
AF	0	0.888819	61	42	19	0	0	0	0
AF	0	0.889132	31	21	10	0	0	0	0
AF	0	0.889444	41	32	9	0	0	0	0
AF	0	0.889756	45	34	11	0	0	0	0
AF	0	0.890069	45	30	15	0	0	0	0
AF	0	0.890381	47	41	6	0	0	0	0
AF	0	0.890693	44	29	15	0	0	0	0
AF	0	0.891006	99	62	37	0	0	0	0
AF	0	0.891318	61	39	22	0	0	0	0
AF	0	0.891630	57	34	23	0	0	0	0
AF	0	0.891943	63	44	19	0	0	0	0
AF	0	0.892255	48	30	18	0	0	0	0
AF	0	0.892567	34	24	10	0	0	0	0
AF	0	0.892879	52	32	20	0	0	0	0
AF	0	0.893192	67	47	20	0	0	0	0
AF	0	0.893504	68	48	20	0	0	0	0
AF	0	0.893816	63	40	23	0	0	0	0
AF	0	0.894129	56	30	26	0	0	0	0
AF	0	0.894441	55	29	26	0	0	0	0
AF	0	0.894753	50	31	19	0	0	0	0
AF	0	0.895066	48	37	11	0	0	0	0
AF	0	0.895378	88	58	30	0	0	0	0
AF	0	0.895690	103	75	28	0	0	0	0
AF	0	0.896002	85	64	21	0	0	0	0
AF	0	0.896315	83	56	27	0	0	0	0
AF	0	0.896627	54	37	17	0	0	0	0
AF	0	0.896939	54	37	17	0	0	0	0
AF	0	0.897252	84	49	35	0	0	0	0
AF	0	0.897564	69	48	21	0	0	0	0
AF	0	0.897876	42	17	25	0	0	0	0
AF	0	0.898189	78	62	16	0	0	0	0
AF	0	0.898501	53	38	15	0	0	0	0
AF	0	0.898813	47	32	15	0	0	0	0
AF	0	0.899126	33	26	7	0	0	0	0
AF	0	0.899438	44	28	16	0	0	0	0
AF	0	0.899750	52	34	18	0	0	0	0
AF	0	0.900062	41	27	14	0	0	0	0
AF	0	0.900375	52	34	18	0	0	0	0
AF	0	0.900687	60	37	23	0	0	0	0
AF	0	0.900999	62	41	21	0	0	0	0
AF	0	0.901312	64	45	19	0	0	0	0
AF	0	0.901624	45	27	18	0	0	0	0
AF	0	0.901936	81	54	27	0	0	0	0
AF	0	0.902249	57	36	21	0	0	0	0
AF	0	0.902561	54	38	16	0	0	0	0
AF	0	0.902873	55	33	22	0	0	0	0
AF	0	0.903186	51	38	13	0	0	0	0
AF	0	0.903498	59	40	19	0	0	0	0
AF	0	0.903810	55	37	18	0	0	0	0
AF	0	0.904122	53	36	17	0	0	0	0
AF	0	0.904435	60	37	23	0	0	0	0
AF	0	0.904747	62	41	21	0	0	0	0
AF	0	0.905059	61	45	16	0	0	0	0
AF	0	0.905372	71	47	24	0	0	0	0
AF	0	0.905684	55	36	19	0	0	0	0
AF	0	0.905996	63	42	21	0	0	0	0
AF	0	0.906309	72	47	25	0	0	0	0
AF	0	0.906621	48	34	14	0	0	0	0
AF	0	0.906933	36	24	12	0	0	0	0
AF	0	0.907245	64	40	24	0	0	0	0
AF	0	0.907558	63	38	25	0	0	0	0
AF	0	0.907870	51	33	18	0	0	0	0
AF	0	0.908182	49	31	18	0	0	0	0
AF	0	0.908495	58	44	14	0	0	0	0
AF	0	0.908807	42	27	15	0	0	0	0
AF	0	0.909119	55	42	13	0	0	0	0
AF	0	0.909432	52	40	12	0	0	0	0
AF	0	0.909744	47	30	17	0	0	0	0
AF	0	0.910056	59	39	20	0	0	0	0
AF	0	0.910369	81	59	22	0	0	0	0
AF	0	0.910681	44	31	13	0	0	0	0
AF	0	0.910993	48	36	12	0	0	0	0
AF	0	0.911305	60	44	16	0	0	0	0
AF	0	0.911618	76	52	24	0	0	0	0
AF	0	0.911930	47	35	12	0	0	0	0
AF	0	0.912242	81	53	28	0	0	0	0
AF	0	0.912555	52	31	21	0	0	0	0
AF	0	0.912867	56	36	20	0	0	0	0
AF	0	0.913179	52	38	14	0	0	0	0
AF	0	0.913492	51	32	19	0	0	0	0
AF	0	0.913804	62	47	15	0	0	0	0
AF	0	0.914116	46	30	16	0	0	0	0
AF	0	0.914428	36	20	16	0	0	0	0
AF	0	0.914741	40	23	17	0	0	0	0
AF	0	0.915053	36	27	9	0	0	0	0
AF	0	0.915365	53	34	19	0	0	0	0
AF	0	0.915678	38	21	17	0	0	0	0
AF	0	0.915990	34	22	12	0	0	0	0
AF	0	0.916302	41	27	14	0	0	0	0
AF	0	0.916615	42	29	13	0	0	0	0
AF	0	0.916927	55	35	20	0	0	0	0
AF	0	0.917239	76	46	30	0	0	0	0
AF	0	0.917552	47	32	15	0	0	0	0
AF	0	0.917864	51	37	14	0	0	0	0
AF	0	0.918176	47	35	12	0	0	0	0
AF	0	0.918488	74	46	28	0	0	0	0
AF	0	0.918801	70	52	18	0	0	0	0
AF	0	0.919113	65	45	20	0	0	0	0
AF	0	0.919425	141	92	49	0	0	0	0
AF	0	0.919738	47	32	15	0	0	0	0
AF	0	0.920050	40	30	10	0	0	0	0
AF	0	0.920362	52	33	19	0	0	0	0
AF	0	0.920675	59	41	18	0	0	0	0
AF	0	0.920987	54	33	21	0	0	0	0
AF	0	0.921299	48	33	15	0	0	0	0
AF	0	0.921611	46	34	12	0	0	0	0
AF	0	0.921924	53	37	16	0	0	0	0
AF	0	0.922236	33	20	13	0	0	0	0
AF	0	0.922548	55	41	14	0	0	0	0
AF	0	0.922861	59	37	22	0	0	0	0
AF	0	0.923173	52	32	20	0	0	0	0
AF	0	0.923485	48	31	17	0	0	0	0
AF	0	0.923798	43	33	10	0	0	0	0
AF	0	0.924110	70	45	25	0	0	0	0
AF	0	0.924422	51	32	19	0	0	0	0
AF	0	0.924735	58	39	19	0	0	0	0
AF	0	0.925047	37	27	10	0	0	0	0
AF	0	0.925359	53	36	17	0	0	0	0
AF	0	0.925671	47	31	16	0	0	0	0
AF	0	0.925984	43	31	12	0	0	0	0
AF	0	0.926296	54	39	15	0	0	0	0
AF	0	0.926608	55	39	16	0	0	0	0
AF	0	0.926921	82	54	28	0	0	0	0
AF	0	0.927233	50	32	18	0	0	0	0
AF	0	0.927545	79	49	30	0	0	0	0
AF	0	0.927858	53	33	20	0	0	0	0
AF	0	0.928170	85	65	20	0	0	0	0
AF	0	0.928482	108	69	39	0	0	0	0
AF	0	0.928795	126	90	36	0	0	0	0
AF	0	0.929107	107	72	35	0	0	0	0
AF	0	0.929419	80	51	29	0	0	0	0
AF	0	0.929731	63	46	17	0	0	0	0
AF	0	0.930044	59	37	22	0	0	0	0
AF	0	0.930356	75	53	22	0	0	0	0
AF	0	0.930668	72	49	23	0	0	0	0
AF	0	0.930981	114	84	30	0	0	0	0
AF	0	0.931293	124	88	36	0	0	0	0
AF	0	0.931605	81	59	22	0	0	0	0
AF	0	0.931918	83	56	27	0	0	0	0
AF	0	0.932230	74	46	28	0	0	0	0
AF	0	0.932542	41	23	18	0	0	0	0
AF	0	0.932854	59	39	20	0	0	0	0
AF	0	0.933167	43	28	15	0	0	0	0
AF	0	0.933479	51	40	11	0	0	0	0
AF	0	0.933791	40	24	16	0	0	0	0
AF	0	0.934104	62	43	19	0	0	0	0
AF	0	0.934416	39	26	13	0	0	0	0
AF	0	0.934728	73	51	22	0	0	0	0
AF	0	0.935041	54	46	8	0	0	0	0
AF	0	0.935353	51	31	20	0	0	0	0
AF	0	0.935665	74	46	28	0	0	0	0
AF	0	0.935978	55	38	17	0	0	0	0
AF	0	0.936290	70	48	22	0	0	0	0
AF	0	0.936602	47	30	17	0	0	0	0
AF	0	0.936914	51	40	11	0	0	0	0
AF	0	0.937227	60	43	17	0	0	0	0
AF	0	0.937539	75	50	25	0	0	0	0
AF	0	0.937851	54	40	14	0	0	0	0
AF	0	0.938164	50	37	13	0	0	0	0
AF	0	0.938476	40	27	13	0	0	0	0
AF	0	0.938788	36	24	12	0	0	0	0
AF	0	0.939101	43	28	15	0	0	0	0
AF	0	0.939413	45	30	15	0	0	0	0
AF	0	0.939725	33	24	9	0	0	0	0
AF	0	0.940037	41	33	8	0	0	0	0
AF	0	0.940350	50	34	16	0	0	0	0
AF	0	0.940662	46	28	18	0	0	0	0
AF	0	0.940974	58	40	18	0	0	0	0
AF	0	0.941287	42	27	15	0	0	0	0
AF	0	0.941599	28	19	9	0	0	0	0
AF	0	0.941911	30	18	12	0	0	0	0
AF	0	0.942224	29	16	13	0	0	0	0
AF	0	0.942536	47	35	12	0	0	0	0
AF	0	0.942848	52	37	15	0	0	0	0
AF	0	0.943161	64	42	22	0	0	0	0
AF	0	0.943473	36	21	15	0	0	0	0
AF	0	0.943785	62	41	21	0	0	0	0
AF	0	0.944097	74	52	22	0	0	0	0
AF	0	0.944410	39	29	10	0	0	0	0
AF	0	0.944722	43	26	17	0	0	0	0
AF	0	0.945034	54	34	20	0	0	0	0
AF	0	0.945347	40	19	21	0	0	0	0
AF	0	0.945659	47	31	16	0	0	0	0
AF	0	0.945971	50	36	14	0	0	0	0
AF	0	0.946284	80	50	30	0	0	0	0
AF	0	0.946596	70	42	28	0	0	0	0
AF	0	0.946908	52	32	20	0	0	0	0
AF	0	0.947220	39	22	17	0	0	0	0
AF	0	0.947533	53	36	17	0	0	0	0
AF	0	0.947845	67	45	22	0	0	0	0
AF	0	0.948157	48	31	17	0	0	0	0
AF	0	0.948470	57	40	17	0	0	0	0
AF	0	0.948782	80	57	23	0	0	0	0
AF	0	0.949094	75	43	32	0	0	0	0
AF	0	0.949407	54	37	17	0	0	0	0
AF	0	0.949719	74	58	16	0	0	0	0
AF	0	0.950031	61	46	15	0	0	0	0
AF	0	0.950344	69	44	25	0	0	0	0
AF	0	0.950656	54	43	11	0	0	0	0
AF	0	0.950968	53	38	15	0	0	0	0
AF	0	0.951280	64	36	28	0	0	0	0
AF	0	0.951593	75	55	20	0	0	0	0
AF	0	0.951905	41	26	15	0	0	0	0
AF	0	0.952217	76	55	21	0	0	0	0
AF	0	0.952530	44	27	17	0	0	0	0
AF	0	0.952842	76	58	18	0	0	0	0
AF	0	0.953154	95	69	26	0	0	0	0
AF	0	0.953467	75	55	20	0	0	0	0
AF	0	0.953779	74	43	31	0	0	0	0
AF	0	0.954091	40	29	11	0	0	0	0
AF	0	0.954403	39	30	9	0	0	0	0
AF	0	0.954716	70	49	21	0	0	0	0
AF	0	0.955028	60	40	20	0	0	0	0
AF	0	0.955340	59	35	24	0	0	0	0
AF	0	0.955653	41	24	17	0	0	0	0
AF	0	0.955965	52	34	18	0	0	0	0
AF	0	0.956277	65	39	26	0	0	0	0
AF	0	0.956590	46	28	18	0	0	0	0
AF	0	0.956902	79	49	30	0	0	0	0
AF	0	0.957214	57	43	14	0	0	0	0
AF	0	0.957527	40	25	15	0	0	0	0
AF	0	0.957839	42	28	14	0	0	0	0
AF	0	0.958151	47	34	13	0	0	0	0
AF	0	0.958463	53	38	15	0	0	0	0
AF	0	0.958776	93	59	34	0	0	0	0
AF	0	0.959088	70	51	19	0	0	0	0
AF	0	0.959400	50	38	12	0	0	0	0
AF	0	0.959713	71	48	23	0	0	0	0
AF	0	0.960025	79	47	32	0	0	0	0
AF	0	0.960337	66	42	24	0	0	0	0
AF	0	0.960650	79	56	23	0	0	0	0
AF	0	0.960962	73	50	23	0	0	0	0
AF	0	0.961274	69	41	28	0	0	0	0
AF	0	0.961587	67	38	29	0	0	0	0
AF	0	0.961899	97	64	33	0	0	0	0
AF	0	0.962211	45	34	11	0	0	0	0
AF	0	0.962523	51	36	15	0	0	0	0
AF	0	0.962836	63	43	20	0	0	0	0
AF	0	0.963148	95	63	32	0	0	0	0
AF	0	0.963460	60	40	20	0	0	0	0
AF	0	0.963773	35	27	8	0	0	0	0
AF	0	0.964085	53	39	14	0	0	0	0
AF	0	0.964397	66	44	22	0	0	0	0
AF	0	0.964710	84	58	26	0	0	0	0
AF	0	0.965022	82	61	21	0	0	0	0
AF	0	0.965334	84	61	23	0	0	0	0
AF	0	0.965646	51	38	13	0	0	0	0
AF	0	0.965959	53	42	11	0	0	0	0
AF	0	0.966271	60	37	23	0	0	0	0
AF	0	0.966583	68	50	18	0	0	0	0
AF	0	0.966896	65	38	27	0	0	0	0
AF	0	0.967208	53	37	16	0	0	0	0
AF	0	0.967520	42	34	8	0	0	0	0
AF	0	0.967833	43	23	20	0	0	0	0
AF	0	0.968145	56	41	15	0	0	0	0
AF	0	0.968457	41	25	16	0	0	0	0
AF	0	0.968770	96	66	30	0	0	0	0
AF	0	0.969082	81	51	30	0	0	0	0
AF	0	0.969394	57	39	18	0	0	0	0
AF	0	0.969706	67	40	27	0	0	0	0
AF	0	0.970019	53	37	16	0	0	0	0
AF	0	0.970331	87	57	30	0	0	0	0
AF	0	0.970643	88	61	27	0	0	0	0
AF	0	0.970956	102	80	22	0	0	0	0
AF	0	0.971268	137	95	42	0	0	0	0
AF	0	0.971580	145	93	52	0	0	0	0
AF	0	0.971893	88	63	25	0	0	0	0
AF	0	0.972205	77	54	23	0	0	0	0
AF	0	0.972517	54	29	25	0	0	0	0
AF	0	0.972829	62	44	18	0	0	0	0
AF	0	0.973142	54	35	19	0	0	0	0
AF	0	0.973454	88	58	30	0	0	0	0
AF	0	0.973766	53	33	20	0	0	0	0
AF	0	0.974079	75	49	26	0	0	0	0
AF	0	0.974391	78	49	29	0	0	0	0
AF	0	0.974703	98	70	28	0	0	0	0
AF	0	0.975016	80	51	29	0	0	0	0
AF	0	0.975328	78	52	26	0	0	0	0
AF	0	0.975640	96	73	23	0	0	0	0
AF	0	0.975953	79	54	25	0	0	0	0
AF	0	0.976265	85	56	29	0	0	0	0
AF	0	0.976577	98	68	30	0	0	0	0
AF	0	0.976889	93	57	36	0	0	0	0
AF	0	0.977202	70	49	21	0	0	0	0
AF	0	0.977514	101	75	26	0	0	0	0
AF	0	0.977826	83	53	30	0	0	0	0
AF	0	0.978139	95	60	35	0	0	0	0
AF	0	0.978451	79	63	16	0	0	0	0
AF	0	0.978763	95	59	36	0	0	0	0
AF	0	0.979076	77	57	20	0	0	0	0
AF	0	0.979388	101	65	36	0	0	0	0
AF	0	0.979700	101	72	29	0	0	0	0
AF	0	0.980012	123	85	38	0	0	0	0
AF	0	0.980325	99	66	33	0	0	0	0
AF	0	0.980637	114	67	47	0	0	0	0
AF	0	0.980949	99	73	26	0	0	0	0
AF	0	0.981262	74	58	16	0	0	0	0
AF	0	0.981574	78	53	25	0	0	0	0
AF	0	0.981886	131	88	43	0	0	0	0
AF	0	0.982199	96	67	29	0	0	0	0
AF	0	0.982511	83	57	26	0	0	0	0
AF	0	0.982823	95	60	35	0	0	0	0
AF	0	0.983136	85	60	25	0	0	0	0
AF	0	0.983448	165	110	55	0	0	0	0
AF	0	0.983760	78	50	28	0	0	0	0
AF	0	0.984072	92	67	25	0	0	0	0
AF	0	0.984385	120	84	36	0	0	0	0
AF	0	0.984697	85	44	41	0	0	0	0
AF	0	0.985009	62	43	19	0	0	0	0
AF	0	0.985322	77	50	27	0	0	0	0
AF	0	0.985634	114	82	32	0	0	0	0
AF	0	0.985946	113	67	46	0	0	0	0
AF	0	0.986259	85	56	29	0	0	0	0
AF	0	0.986571	87	63	24	0	0	0	0
AF	0	0.986883	89	56	33	0	0	0	0
AF	0	0.987196	97	58	39	0	0	0	0
AF	0	0.987508	102	64	38	0	0	0	0
AF	0	0.987820	107	66	41	0	0	0	0
AF	0	0.988132	111	73	38	0	0	0	0
AF	0	0.988445	116	76	40	0	0	0	0
AF	0	0.988757	120	86	34	0	0	0	0
AF	0	0.989069	103	71	32	0	0	0	0
AF	0	0.989382	87	48	39	0	0	0	0
AF	0	0.989694	121	77	44	0	0	0	0
AF	0	0.990006	88	56	32	0	0	0	0
AF	0	0.990319	76	55	21	0	0	0	0
AF	0	0.990631	107	77	30	0	0	0	0
AF	0	0.990943	86	55	31	0	0	0	0
AF	0	0.991255	79	55	24	0	0	0	0
AF	0	0.991568	85	57	28	0	0	0	0
AF	0	0.991880	98	61	37	0	0	0	0
AF	0	0.992192	107	73	34	0	0	0	0
AF	0	0.992505	145	93	52	0	0	0	0
AF	0	0.992817	113	83	30	0	0	0	0
AF	0	0.993129	130	91	39	0	0	0	0
AF	0	0.993442	191	145	46	0	0	0	0
AF	0	0.993754	119	87	32	0	0	0	0
AF	0	0.994066	118	72	46	0	0	0	0
AF	0	0.994379	151	106	45	0	0	0	0
AF	0	0.994691	119	79	40	0	0	0	0
AF	0	0.995003	109	73	36	0	0	0	0
AF	0	0.995315	97	62	35	0	0	0	0
AF	0	0.995628	129	81	48	0	0	0	0
AF	0	0.995940	169	120	49	0	0	0	0
AF	0	0.996252	141	92	49	0	0	0	0
AF	0	0.996565	163	115	48	0	0	0	0
AF	0	0.996877	157	98	59	0	0	0	0
AF	0	0.997189	144	96	48	0	0	0	0
AF	0	0.997502	150	97	53	0	0	0	0
AF	0	0.997814	160	115	45	0	0	0	0
AF	0	0.998126	169	116	53	0	0	0	0
AF	0	0.998438	198	135	63	0	0	0	0
AF	0	0.998751	222	152	70	0	0	0	0
AF	0	0.999063	271	180	91	0	0	0	0
AF	0	0.999375	170	114	56	0	0	0	0
# QUAL, Stats by quality
# QUAL	[2]id	[3]Quality	[4]number of SNPs	[5]number of transitions (1st ALT)	[6]number of transversions (1st ALT)	[7]number of indels
QUAL	0	.	2597222	1744879	852343	0
# IDD, InDel distribution:
# IDD	[2]id	[3]length (deletions negative)	[4]number of sites	[5]number of genotypes	[6]mean VAF
# ST, Substitution types:
# ST	[2]id	[3]type	[4]count
ST	0	A>C	99219
ST	0	A>G	370670
ST	0	A>T	95025
ST	0	C>A	123588
ST	0	C>G	109909
ST	0	C>T	499233
ST	0	G>A	506759
ST	0	G>C	109438
ST	0	G>T	119118
ST	0	T>A	98468
ST	0	T>C	368217
ST	0	T>G	97578
# DP, depth:
#   - set id, see above
#   - the depth bin, corresponds to the depth (unless --depth was given)
#   - number of genotypes with this depth (zero unless -s/-S was given)
#   - fraction of genotypes with this depth (zero unless -s/-S was given)
#   - number of sites with this depth
#   - fraction of sites with this depth
# DP, Depth distribution
# DP	[2]id	[3]bin	[4]number of genotypes	[5]fraction of genotypes (%)	[6]number of sites	[7]fraction of sites (%)
