# This file was produced by bcftools stats (1.21+htslib-1.21) and can be plotted using plot-vcfstats.
# The command line was:	bcftools stats  /hpc/local/Rocky8/dhl_ec/software/MonopogenLite/resources/1kGP_high_coverage_Illumina.SNVonly_poly.filtered_AF_5e-04.norm.fixvariantid.chr7.vcf.gz
#
# Definition of sets:
# ID	[2]id	[3]tab-separated file names
ID	0	/hpc/local/Rocky8/dhl_ec/software/MonopogenLite/resources/1kGP_high_coverage_Illumina.SNVonly_poly.filtered_AF_5e-04.norm.fixvariantid.chr7.vcf.gz
# SN, Summary numbers:
#   number of records   .. number of data rows in the VCF
#   number of no-ALTs   .. reference-only sites, ALT is either "." or identical to REF
#   number of SNPs      .. number of rows with a SNP
#   number of MNPs      .. number of rows with a MNP, such as CC>TT
#   number of indels    .. number of rows with an indel
#   number of others    .. number of rows with other type, for example a symbolic allele or
#                          a complex substitution, such as ACT>TCGA
#   number of multiallelic sites     .. number of rows with multiple alternate alleles
#   number of multiallelic SNP sites .. number of rows with multiple alternate alleles, all SNPs
# 
#   Note that rows containing multiple types will be counted multiple times, in each
#   counter. For example, a row with a SNP and an indel increments both the SNP and
#   the indel counter.
# 
# SN	[2]id	[3]key	[4]value
SN	0	number of samples:	3202
SN	0	number of records:	2158300
SN	0	number of no-ALTs:	0
SN	0	number of SNPs:	2158300
SN	0	number of MNPs:	0
SN	0	number of indels:	0
SN	0	number of others:	0
SN	0	number of multiallelic sites:	0
SN	0	number of multiallelic SNP sites:	0
# TSTV, transitions/transversions
#   - transitions, see https://en.wikipedia.org/wiki/Transition_(genetics)
#   - transversions, see https://en.wikipedia.org/wiki/Transversion
# TSTV	[2]id	[3]ts	[4]tv	[5]ts/tv	[6]ts (1st ALT)	[7]tv (1st ALT)	[8]ts/tv (1st ALT)
TSTV	0	1461617	696683	2.10	1461617	696683	2.10
# SiS, Singleton stats:
#   - allele count, i.e. the number of singleton genotypes (AC=1)
#   - number of transitions, see above
#   - number of transversions, see above
#   - repeat-consistent, inconsistent and n/a: experimental and useless stats [DEPRECATED]
# SiS	[2]id	[3]allele count	[4]number of SNPs	[5]number of transitions	[6]number of transversions	[7]number of indels	[8]repeat-consistent	[9]repeat-inconsistent	[10]not applicable
SiS	0	1	0	0	0	0	0	0	0
# AF, Stats by non-reference allele frequency:
# AF	[2]id	[3]allele frequency	[4]number of SNPs	[5]number of transitions	[6]number of transversions	[7]number of indels	[8]repeat-consistent	[9]repeat-inconsistent	[10]not applicable
AF	0	0.000312	221434	151851	69583	0	0	0	0
AF	0	0.000625	254477	173987	80490	0	0	0	0
AF	0	0.000937	153313	104417	48896	0	0	0	0
AF	0	0.001249	107995	73562	34433	0	0	0	0
AF	0	0.001562	82578	56198	26380	0	0	0	0
AF	0	0.001874	66314	44874	21440	0	0	0	0
AF	0	0.002186	54631	36711	17920	0	0	0	0
AF	0	0.002498	47262	32146	15116	0	0	0	0
AF	0	0.002811	41080	27937	13143	0	0	0	0
AF	0	0.003123	35705	24101	11604	0	0	0	0
AF	0	0.003435	33207	22354	10853	0	0	0	0
AF	0	0.003748	28798	19462	9336	0	0	0	0
AF	0	0.004060	25806	17391	8415	0	0	0	0
AF	0	0.004372	23480	15868	7612	0	0	0	0
AF	0	0.004685	22305	15030	7275	0	0	0	0
AF	0	0.004997	20951	13989	6962	0	0	0	0
AF	0	0.005309	19923	13359	6564	0	0	0	0
AF	0	0.005621	18072	12144	5928	0	0	0	0
AF	0	0.005934	17248	11539	5709	0	0	0	0
AF	0	0.006246	15856	10678	5178	0	0	0	0
AF	0	0.006558	14449	9693	4756	0	0	0	0
AF	0	0.006871	13682	9290	4392	0	0	0	0
AF	0	0.007183	12212	8066	4146	0	0	0	0
AF	0	0.007495	11838	7943	3895	0	0	0	0
AF	0	0.007808	11461	7796	3665	0	0	0	0
AF	0	0.008120	10950	7272	3678	0	0	0	0
AF	0	0.008432	10498	7052	3446	0	0	0	0
AF	0	0.008745	10315	6946	3369	0	0	0	0
AF	0	0.009057	9604	6463	3141	0	0	0	0
AF	0	0.009369	8738	5889	2849	0	0	0	0
AF	0	0.009681	8412	5725	2687	0	0	0	0
AF	0	0.009994	8298	5546	2752	0	0	0	0
AF	0	0.010306	8016	5350	2666	0	0	0	0
AF	0	0.010618	7353	4947	2406	0	0	0	0
AF	0	0.010931	7448	4904	2544	0	0	0	0
AF	0	0.011243	7596	5068	2528	0	0	0	0
AF	0	0.011555	6680	4433	2247	0	0	0	0
AF	0	0.011868	7111	4726	2385	0	0	0	0
AF	0	0.012180	6455	4370	2085	0	0	0	0
AF	0	0.012492	5928	3961	1967	0	0	0	0
AF	0	0.012804	5472	3703	1769	0	0	0	0
AF	0	0.013117	5547	3752	1795	0	0	0	0
AF	0	0.013429	5662	3805	1857	0	0	0	0
AF	0	0.013741	5300	3590	1710	0	0	0	0
AF	0	0.014054	5126	3346	1780	0	0	0	0
AF	0	0.014366	5166	3456	1710	0	0	0	0
AF	0	0.014678	4676	3229	1447	0	0	0	0
AF	0	0.014991	4804	3271	1533	0	0	0	0
AF	0	0.015303	4715	3177	1538	0	0	0	0
AF	0	0.015615	4337	2985	1352	0	0	0	0
AF	0	0.015928	4398	3003	1395	0	0	0	0
AF	0	0.016240	4355	2917	1438	0	0	0	0
AF	0	0.016552	4383	2944	1439	0	0	0	0
AF	0	0.016864	3945	2685	1260	0	0	0	0
AF	0	0.017177	3967	2644	1323	0	0	0	0
AF	0	0.017489	3790	2552	1238	0	0	0	0
AF	0	0.017801	3672	2506	1166	0	0	0	0
AF	0	0.018114	3593	2454	1139	0	0	0	0
AF	0	0.018426	3434	2306	1128	0	0	0	0
AF	0	0.018738	3761	2501	1260	0	0	0	0
AF	0	0.019051	3875	2550	1325	0	0	0	0
AF	0	0.019363	3407	2299	1108	0	0	0	0
AF	0	0.019675	3444	2346	1098	0	0	0	0
AF	0	0.019988	3144	2124	1020	0	0	0	0
AF	0	0.020300	3097	2158	939	0	0	0	0
AF	0	0.020612	3138	2110	1028	0	0	0	0
AF	0	0.020924	2978	2017	961	0	0	0	0
AF	0	0.021237	2745	1869	876	0	0	0	0
AF	0	0.021549	2883	1911	972	0	0	0	0
AF	0	0.021861	2799	1874	925	0	0	0	0
AF	0	0.022174	2972	2029	943	0	0	0	0
AF	0	0.022486	2743	1861	882	0	0	0	0
AF	0	0.022798	2545	1729	816	0	0	0	0
AF	0	0.023111	2331	1574	757	0	0	0	0
AF	0	0.023423	2379	1551	828	0	0	0	0
AF	0	0.023735	2425	1638	787	0	0	0	0
AF	0	0.024047	2291	1522	769	0	0	0	0
AF	0	0.024360	2274	1520	754	0	0	0	0
AF	0	0.024672	2317	1555	762	0	0	0	0
AF	0	0.024984	2269	1476	793	0	0	0	0
AF	0	0.025297	2591	1676	915	0	0	0	0
AF	0	0.025609	2458	1623	835	0	0	0	0
AF	0	0.025921	2466	1643	823	0	0	0	0
AF	0	0.026234	2254	1464	790	0	0	0	0
AF	0	0.026546	2156	1462	694	0	0	0	0
AF	0	0.026858	2072	1401	671	0	0	0	0
AF	0	0.027171	2329	1576	753	0	0	0	0
AF	0	0.027483	2210	1499	711	0	0	0	0
AF	0	0.027795	2188	1477	711	0	0	0	0
AF	0	0.028107	1973	1345	628	0	0	0	0
AF	0	0.028420	1965	1333	632	0	0	0	0
AF	0	0.028732	1872	1268	604	0	0	0	0
AF	0	0.029044	1818	1205	613	0	0	0	0
AF	0	0.029357	1896	1265	631	0	0	0	0
AF	0	0.029669	1757	1220	537	0	0	0	0
AF	0	0.029981	1578	1051	527	0	0	0	0
AF	0	0.030294	1701	1131	570	0	0	0	0
AF	0	0.030606	1681	1098	583	0	0	0	0
AF	0	0.030918	1768	1174	594	0	0	0	0
AF	0	0.031230	1602	1073	529	0	0	0	0
AF	0	0.031543	1641	1104	537	0	0	0	0
AF	0	0.031855	1707	1118	589	0	0	0	0
AF	0	0.032167	1602	1105	497	0	0	0	0
AF	0	0.032480	1538	1034	504	0	0	0	0
AF	0	0.032792	1679	1107	572	0	0	0	0
AF	0	0.033104	1673	1121	552	0	0	0	0
AF	0	0.033417	1666	1134	532	0	0	0	0
AF	0	0.033729	1577	1083	494	0	0	0	0
AF	0	0.034041	1646	1140	506	0	0	0	0
AF	0	0.034354	1734	1160	574	0	0	0	0
AF	0	0.034666	1654	1124	530	0	0	0	0
AF	0	0.034978	1588	1074	514	0	0	0	0
AF	0	0.035290	1513	1023	490	0	0	0	0
AF	0	0.035603	1434	975	459	0	0	0	0
AF	0	0.035915	1403	949	454	0	0	0	0
AF	0	0.036227	1407	948	459	0	0	0	0
AF	0	0.036540	1332	912	420	0	0	0	0
AF	0	0.036852	1396	950	446	0	0	0	0
AF	0	0.037164	1336	882	454	0	0	0	0
AF	0	0.037477	1338	913	425	0	0	0	0
AF	0	0.037789	1236	853	383	0	0	0	0
AF	0	0.038101	1201	793	408	0	0	0	0
AF	0	0.038413	1181	778	403	0	0	0	0
AF	0	0.038726	1189	815	374	0	0	0	0
AF	0	0.039038	1203	814	389	0	0	0	0
AF	0	0.039350	1199	792	407	0	0	0	0
AF	0	0.039663	1223	816	407	0	0	0	0
AF	0	0.039975	1310	865	445	0	0	0	0
AF	0	0.040287	1188	815	373	0	0	0	0
AF	0	0.040600	1107	754	353	0	0	0	0
AF	0	0.040912	1224	823	401	0	0	0	0
AF	0	0.041224	1120	734	386	0	0	0	0
AF	0	0.041537	1143	742	401	0	0	0	0
AF	0	0.041849	1095	726	369	0	0	0	0
AF	0	0.042161	1112	775	337	0	0	0	0
AF	0	0.042473	1139	758	381	0	0	0	0
AF	0	0.042786	1238	822	416	0	0	0	0
AF	0	0.043098	1045	681	364	0	0	0	0
AF	0	0.043410	1104	738	366	0	0	0	0
AF	0	0.043723	1002	667	335	0	0	0	0
AF	0	0.044035	1124	724	400	0	0	0	0
AF	0	0.044347	1015	664	351	0	0	0	0
AF	0	0.044660	1120	739	381	0	0	0	0
AF	0	0.044972	1012	706	306	0	0	0	0
AF	0	0.045284	999	673	326	0	0	0	0
AF	0	0.045597	1062	738	324	0	0	0	0
AF	0	0.045909	910	602	308	0	0	0	0
AF	0	0.046221	958	637	321	0	0	0	0
AF	0	0.046533	913	624	289	0	0	0	0
AF	0	0.046846	964	635	329	0	0	0	0
AF	0	0.047158	1037	703	334	0	0	0	0
AF	0	0.047470	1209	774	435	0	0	0	0
AF	0	0.047783	1001	688	313	0	0	0	0
AF	0	0.048095	937	629	308	0	0	0	0
AF	0	0.048407	977	658	319	0	0	0	0
AF	0	0.048720	802	513	289	0	0	0	0
AF	0	0.049032	821	539	282	0	0	0	0
AF	0	0.049344	839	552	287	0	0	0	0
AF	0	0.049656	948	625	323	0	0	0	0
AF	0	0.049969	894	607	287	0	0	0	0
AF	0	0.050281	843	554	289	0	0	0	0
AF	0	0.050593	860	560	300	0	0	0	0
AF	0	0.050906	962	633	329	0	0	0	0
AF	0	0.051218	811	546	265	0	0	0	0
AF	0	0.051530	842	590	252	0	0	0	0
AF	0	0.051843	859	583	276	0	0	0	0
AF	0	0.052155	749	492	257	0	0	0	0
AF	0	0.052467	786	538	248	0	0	0	0
AF	0	0.052780	817	555	262	0	0	0	0
AF	0	0.053092	772	531	241	0	0	0	0
AF	0	0.053404	825	570	255	0	0	0	0
AF	0	0.053716	660	433	227	0	0	0	0
AF	0	0.054029	793	520	273	0	0	0	0
AF	0	0.054341	772	528	244	0	0	0	0
AF	0	0.054653	824	535	289	0	0	0	0
AF	0	0.054966	751	513	238	0	0	0	0
AF	0	0.055278	686	472	214	0	0	0	0
AF	0	0.055590	821	559	262	0	0	0	0
AF	0	0.055903	629	421	208	0	0	0	0
AF	0	0.056215	824	530	294	0	0	0	0
AF	0	0.056527	638	410	228	0	0	0	0
AF	0	0.056839	690	462	228	0	0	0	0
AF	0	0.057152	692	467	225	0	0	0	0
AF	0	0.057464	688	480	208	0	0	0	0
AF	0	0.057776	672	476	196	0	0	0	0
AF	0	0.058089	637	428	209	0	0	0	0
AF	0	0.058401	682	470	212	0	0	0	0
AF	0	0.058713	689	476	213	0	0	0	0
AF	0	0.059026	754	514	240	0	0	0	0
AF	0	0.059338	671	459	212	0	0	0	0
AF	0	0.059650	634	435	199	0	0	0	0
AF	0	0.059963	635	444	191	0	0	0	0
AF	0	0.060275	685	448	237	0	0	0	0
AF	0	0.060587	625	411	214	0	0	0	0
AF	0	0.060899	560	371	189	0	0	0	0
AF	0	0.061212	672	453	219	0	0	0	0
AF	0	0.061524	607	423	184	0	0	0	0
AF	0	0.061836	597	416	181	0	0	0	0
AF	0	0.062149	617	418	199	0	0	0	0
AF	0	0.062461	597	402	195	0	0	0	0
AF	0	0.062773	631	428	203	0	0	0	0
AF	0	0.063086	611	424	187	0	0	0	0
AF	0	0.063398	560	380	180	0	0	0	0
AF	0	0.063710	572	389	183	0	0	0	0
AF	0	0.064022	552	365	187	0	0	0	0
AF	0	0.064335	589	380	209	0	0	0	0
AF	0	0.064647	626	409	217	0	0	0	0
AF	0	0.064959	720	486	234	0	0	0	0
AF	0	0.065272	765	480	285	0	0	0	0
AF	0	0.065584	640	434	206	0	0	0	0
AF	0	0.065896	641	423	218	0	0	0	0
AF	0	0.066209	588	404	184	0	0	0	0
AF	0	0.066521	544	377	167	0	0	0	0
AF	0	0.066833	603	418	185	0	0	0	0
AF	0	0.067146	574	377	197	0	0	0	0
AF	0	0.067458	602	405	197	0	0	0	0
AF	0	0.067770	564	376	188	0	0	0	0
AF	0	0.068082	603	407	196	0	0	0	0
AF	0	0.068395	617	411	206	0	0	0	0
AF	0	0.068707	575	377	198	0	0	0	0
AF	0	0.069019	554	376	178	0	0	0	0
AF	0	0.069332	581	369	212	0	0	0	0
AF	0	0.069644	757	508	249	0	0	0	0
AF	0	0.069956	605	434	171	0	0	0	0
AF	0	0.070269	679	454	225	0	0	0	0
AF	0	0.070581	539	374	165	0	0	0	0
AF	0	0.070893	587	384	203	0	0	0	0
AF	0	0.071205	571	374	197	0	0	0	0
AF	0	0.071518	529	350	179	0	0	0	0
AF	0	0.071830	556	370	186	0	0	0	0
AF	0	0.072142	564	380	184	0	0	0	0
AF	0	0.072455	545	353	192	0	0	0	0
AF	0	0.072767	676	459	217	0	0	0	0
AF	0	0.073079	507	336	171	0	0	0	0
AF	0	0.073392	503	352	151	0	0	0	0
AF	0	0.073704	478	326	152	0	0	0	0
AF	0	0.074016	526	350	176	0	0	0	0
AF	0	0.074329	506	340	166	0	0	0	0
AF	0	0.074641	502	342	160	0	0	0	0
AF	0	0.074953	498	341	157	0	0	0	0
AF	0	0.075265	554	370	184	0	0	0	0
AF	0	0.075578	542	362	180	0	0	0	0
AF	0	0.075890	481	333	148	0	0	0	0
AF	0	0.076202	473	317	156	0	0	0	0
AF	0	0.076515	490	343	147	0	0	0	0
AF	0	0.076827	464	307	157	0	0	0	0
AF	0	0.077139	583	406	177	0	0	0	0
AF	0	0.077452	474	329	145	0	0	0	0
AF	0	0.077764	513	342	171	0	0	0	0
AF	0	0.078076	575	385	190	0	0	0	0
AF	0	0.078389	470	303	167	0	0	0	0
AF	0	0.078701	566	357	209	0	0	0	0
AF	0	0.079013	488	319	169	0	0	0	0
AF	0	0.079325	487	339	148	0	0	0	0
AF	0	0.079638	593	408	185	0	0	0	0
AF	0	0.079950	459	307	152	0	0	0	0
AF	0	0.080262	536	371	165	0	0	0	0
AF	0	0.080575	482	327	155	0	0	0	0
AF	0	0.080887	480	320	160	0	0	0	0
AF	0	0.081199	481	323	158	0	0	0	0
AF	0	0.081512	513	371	142	0	0	0	0
AF	0	0.081824	448	298	150	0	0	0	0
AF	0	0.082136	439	291	148	0	0	0	0
AF	0	0.082448	482	324	158	0	0	0	0
AF	0	0.082761	497	341	156	0	0	0	0
AF	0	0.083073	519	342	177	0	0	0	0
AF	0	0.083385	500	325	175	0	0	0	0
AF	0	0.083698	463	301	162	0	0	0	0
AF	0	0.084010	473	314	159	0	0	0	0
AF	0	0.084322	468	340	128	0	0	0	0
AF	0	0.084635	452	297	155	0	0	0	0
AF	0	0.084947	436	278	158	0	0	0	0
AF	0	0.085259	409	270	139	0	0	0	0
AF	0	0.085572	462	296	166	0	0	0	0
AF	0	0.085884	473	322	151	0	0	0	0
AF	0	0.086196	414	274	140	0	0	0	0
AF	0	0.086508	450	286	164	0	0	0	0
AF	0	0.086821	537	370	167	0	0	0	0
AF	0	0.087133	502	335	167	0	0	0	0
AF	0	0.087445	493	328	165	0	0	0	0
AF	0	0.087758	475	306	169	0	0	0	0
AF	0	0.088070	429	293	136	0	0	0	0
AF	0	0.088382	433	293	140	0	0	0	0
AF	0	0.088695	423	275	148	0	0	0	0
AF	0	0.089007	497	341	156	0	0	0	0
AF	0	0.089319	511	340	171	0	0	0	0
AF	0	0.089631	450	321	129	0	0	0	0
AF	0	0.089944	428	287	141	0	0	0	0
AF	0	0.090256	432	277	155	0	0	0	0
AF	0	0.090568	450	292	158	0	0	0	0
AF	0	0.090881	474	333	141	0	0	0	0
AF	0	0.091193	432	310	122	0	0	0	0
AF	0	0.091505	391	272	119	0	0	0	0
AF	0	0.091818	362	234	128	0	0	0	0
AF	0	0.092130	352	238	114	0	0	0	0
AF	0	0.092442	389	248	141	0	0	0	0
AF	0	0.092755	453	302	151	0	0	0	0
AF	0	0.093067	443	306	137	0	0	0	0
AF	0	0.093379	451	312	139	0	0	0	0
AF	0	0.093691	446	300	146	0	0	0	0
AF	0	0.094004	453	298	155	0	0	0	0
AF	0	0.094316	413	268	145	0	0	0	0
AF	0	0.094628	398	285	113	0	0	0	0
AF	0	0.094941	428	305	123	0	0	0	0
AF	0	0.095253	481	322	159	0	0	0	0
AF	0	0.095565	467	311	156	0	0	0	0
AF	0	0.095878	387	258	129	0	0	0	0
AF	0	0.096190	390	268	122	0	0	0	0
AF	0	0.096502	337	237	100	0	0	0	0
AF	0	0.096814	377	251	126	0	0	0	0
AF	0	0.097127	408	276	132	0	0	0	0
AF	0	0.097439	463	315	148	0	0	0	0
AF	0	0.097751	385	258	127	0	0	0	0
AF	0	0.098064	431	278	153	0	0	0	0
AF	0	0.098376	403	256	147	0	0	0	0
AF	0	0.098688	444	293	151	0	0	0	0
AF	0	0.099001	397	256	141	0	0	0	0
AF	0	0.099313	414	281	133	0	0	0	0
AF	0	0.099625	392	269	123	0	0	0	0
AF	0	0.099938	426	305	121	0	0	0	0
AF	0	0.100250	414	275	139	0	0	0	0
AF	0	0.100562	395	262	133	0	0	0	0
AF	0	0.100874	410	279	131	0	0	0	0
AF	0	0.101187	343	233	110	0	0	0	0
AF	0	0.101499	414	292	122	0	0	0	0
AF	0	0.101811	360	261	99	0	0	0	0
AF	0	0.102124	377	261	116	0	0	0	0
AF	0	0.102436	399	279	120	0	0	0	0
AF	0	0.102748	379	256	123	0	0	0	0
AF	0	0.103061	376	248	128	0	0	0	0
AF	0	0.103373	369	242	127	0	0	0	0
AF	0	0.103685	351	209	142	0	0	0	0
AF	0	0.103998	350	225	125	0	0	0	0
AF	0	0.104310	362	252	110	0	0	0	0
AF	0	0.104622	331	227	104	0	0	0	0
AF	0	0.104934	373	250	123	0	0	0	0
AF	0	0.105247	374	249	125	0	0	0	0
AF	0	0.105559	342	222	120	0	0	0	0
AF	0	0.105871	384	257	127	0	0	0	0
AF	0	0.106184	429	291	138	0	0	0	0
AF	0	0.106496	336	200	136	0	0	0	0
AF	0	0.106808	332	219	113	0	0	0	0
AF	0	0.107121	378	264	114	0	0	0	0
AF	0	0.107433	351	225	126	0	0	0	0
AF	0	0.107745	465	317	148	0	0	0	0
AF	0	0.108057	389	253	136	0	0	0	0
AF	0	0.108370	401	259	142	0	0	0	0
AF	0	0.108682	341	242	99	0	0	0	0
AF	0	0.108994	343	256	87	0	0	0	0
AF	0	0.109307	374	255	119	0	0	0	0
AF	0	0.109619	304	194	110	0	0	0	0
AF	0	0.109931	392	257	135	0	0	0	0
AF	0	0.110244	404	266	138	0	0	0	0
AF	0	0.110556	396	252	144	0	0	0	0
AF	0	0.110868	454	305	149	0	0	0	0
AF	0	0.111181	372	262	110	0	0	0	0
AF	0	0.111493	384	244	140	0	0	0	0
AF	0	0.111805	427	291	136	0	0	0	0
AF	0	0.112117	355	241	114	0	0	0	0
AF	0	0.112430	350	246	104	0	0	0	0
AF	0	0.112742	347	246	101	0	0	0	0
AF	0	0.113054	330	228	102	0	0	0	0
AF	0	0.113367	380	258	122	0	0	0	0
AF	0	0.113679	340	229	111	0	0	0	0
AF	0	0.113991	371	242	129	0	0	0	0
AF	0	0.114304	394	258	136	0	0	0	0
AF	0	0.114616	393	276	117	0	0	0	0
AF	0	0.114928	357	243	114	0	0	0	0
AF	0	0.115240	337	232	105	0	0	0	0
AF	0	0.115553	365	258	107	0	0	0	0
AF	0	0.115865	340	217	123	0	0	0	0
AF	0	0.116177	338	219	119	0	0	0	0
AF	0	0.116490	321	216	105	0	0	0	0
AF	0	0.116802	389	252	137	0	0	0	0
AF	0	0.117114	346	247	99	0	0	0	0
AF	0	0.117427	354	228	126	0	0	0	0
AF	0	0.117739	335	225	110	0	0	0	0
AF	0	0.118051	294	191	103	0	0	0	0
AF	0	0.118364	412	268	144	0	0	0	0
AF	0	0.118676	360	243	117	0	0	0	0
AF	0	0.118988	318	196	122	0	0	0	0
AF	0	0.119300	425	297	128	0	0	0	0
AF	0	0.119613	360	236	124	0	0	0	0
AF	0	0.119925	471	309	162	0	0	0	0
AF	0	0.120237	373	246	127	0	0	0	0
AF	0	0.120550	373	259	114	0	0	0	0
AF	0	0.120862	407	275	132	0	0	0	0
AF	0	0.121174	354	246	108	0	0	0	0
AF	0	0.121487	340	226	114	0	0	0	0
AF	0	0.121799	319	226	93	0	0	0	0
AF	0	0.122111	365	235	130	0	0	0	0
AF	0	0.122423	341	232	109	0	0	0	0
AF	0	0.122736	346	235	111	0	0	0	0
AF	0	0.123048	440	321	119	0	0	0	0
AF	0	0.123360	362	243	119	0	0	0	0
AF	0	0.123673	375	251	124	0	0	0	0
AF	0	0.123985	453	311	142	0	0	0	0
AF	0	0.124297	319	204	115	0	0	0	0
AF	0	0.124610	327	212	115	0	0	0	0
AF	0	0.124922	370	251	119	0	0	0	0
AF	0	0.125234	338	218	120	0	0	0	0
AF	0	0.125547	426	288	138	0	0	0	0
AF	0	0.125859	345	233	112	0	0	0	0
AF	0	0.126171	349	238	111	0	0	0	0
AF	0	0.126483	353	233	120	0	0	0	0
AF	0	0.126796	415	267	148	0	0	0	0
AF	0	0.127108	311	199	112	0	0	0	0
AF	0	0.127420	377	265	112	0	0	0	0
AF	0	0.127733	307	213	94	0	0	0	0
AF	0	0.128045	318	197	121	0	0	0	0
AF	0	0.128357	307	195	112	0	0	0	0
AF	0	0.128670	320	209	111	0	0	0	0
AF	0	0.128982	344	220	124	0	0	0	0
AF	0	0.129294	285	192	93	0	0	0	0
AF	0	0.129606	340	218	122	0	0	0	0
AF	0	0.129919	350	228	122	0	0	0	0
AF	0	0.130231	412	280	132	0	0	0	0
AF	0	0.130543	401	264	137	0	0	0	0
AF	0	0.130856	305	205	100	0	0	0	0
AF	0	0.131168	334	232	102	0	0	0	0
AF	0	0.131480	330	220	110	0	0	0	0
AF	0	0.131793	372	255	117	0	0	0	0
AF	0	0.132105	352	242	110	0	0	0	0
AF	0	0.132417	299	195	104	0	0	0	0
AF	0	0.132730	302	219	83	0	0	0	0
AF	0	0.133042	336	234	102	0	0	0	0
AF	0	0.133354	306	204	102	0	0	0	0
AF	0	0.133666	296	197	99	0	0	0	0
AF	0	0.133979	361	246	115	0	0	0	0
AF	0	0.134291	389	268	121	0	0	0	0
AF	0	0.134603	329	214	115	0	0	0	0
AF	0	0.134916	315	218	97	0	0	0	0
AF	0	0.135228	257	168	89	0	0	0	0
AF	0	0.135540	288	203	85	0	0	0	0
AF	0	0.135853	286	199	87	0	0	0	0
AF	0	0.136165	290	189	101	0	0	0	0
AF	0	0.136477	243	170	73	0	0	0	0
AF	0	0.136790	290	188	102	0	0	0	0
AF	0	0.137102	285	188	97	0	0	0	0
AF	0	0.137414	333	224	109	0	0	0	0
AF	0	0.137726	297	188	109	0	0	0	0
AF	0	0.138039	312	205	107	0	0	0	0
AF	0	0.138351	341	241	100	0	0	0	0
AF	0	0.138663	333	214	119	0	0	0	0
AF	0	0.138976	421	256	165	0	0	0	0
AF	0	0.139288	294	199	95	0	0	0	0
AF	0	0.139600	279	190	89	0	0	0	0
AF	0	0.139913	283	184	99	0	0	0	0
AF	0	0.140225	296	208	88	0	0	0	0
AF	0	0.140537	265	191	74	0	0	0	0
AF	0	0.140849	243	167	76	0	0	0	0
AF	0	0.141162	312	210	102	0	0	0	0
AF	0	0.141474	324	207	117	0	0	0	0
AF	0	0.141786	318	203	115	0	0	0	0
AF	0	0.142099	301	201	100	0	0	0	0
AF	0	0.142411	311	207	104	0	0	0	0
AF	0	0.142723	340	230	110	0	0	0	0
AF	0	0.143036	312	218	94	0	0	0	0
AF	0	0.143348	277	199	78	0	0	0	0
AF	0	0.143660	255	171	84	0	0	0	0
AF	0	0.143973	269	187	82	0	0	0	0
AF	0	0.144285	281	185	96	0	0	0	0
AF	0	0.144597	284	197	87	0	0	0	0
AF	0	0.144909	272	188	84	0	0	0	0
AF	0	0.145222	279	190	89	0	0	0	0
AF	0	0.145534	270	184	86	0	0	0	0
AF	0	0.145846	269	180	89	0	0	0	0
AF	0	0.146159	273	185	88	0	0	0	0
AF	0	0.146471	263	184	79	0	0	0	0
AF	0	0.146783	275	189	86	0	0	0	0
AF	0	0.147096	256	193	63	0	0	0	0
AF	0	0.147408	282	189	93	0	0	0	0
AF	0	0.147720	281	177	104	0	0	0	0
AF	0	0.148032	281	191	90	0	0	0	0
AF	0	0.148345	279	174	105	0	0	0	0
AF	0	0.148657	271	189	82	0	0	0	0
AF	0	0.148969	283	210	73	0	0	0	0
AF	0	0.149282	276	187	89	0	0	0	0
AF	0	0.149594	278	179	99	0	0	0	0
AF	0	0.149906	270	163	107	0	0	0	0
AF	0	0.150219	278	180	98	0	0	0	0
AF	0	0.150531	287	205	82	0	0	0	0
AF	0	0.150843	392	260	132	0	0	0	0
AF	0	0.151156	279	184	95	0	0	0	0
AF	0	0.151468	263	172	91	0	0	0	0
AF	0	0.151780	279	201	78	0	0	0	0
AF	0	0.152092	246	166	80	0	0	0	0
AF	0	0.152405	245	159	86	0	0	0	0
AF	0	0.152717	281	175	106	0	0	0	0
AF	0	0.153029	277	188	89	0	0	0	0
AF	0	0.153342	312	210	102	0	0	0	0
AF	0	0.153654	271	194	77	0	0	0	0
AF	0	0.153966	316	201	115	0	0	0	0
AF	0	0.154279	240	165	75	0	0	0	0
AF	0	0.154591	262	182	80	0	0	0	0
AF	0	0.154903	237	152	85	0	0	0	0
AF	0	0.155215	298	200	98	0	0	0	0
AF	0	0.155528	376	257	119	0	0	0	0
AF	0	0.155840	360	232	128	0	0	0	0
AF	0	0.156152	348	242	106	0	0	0	0
AF	0	0.156465	308	197	111	0	0	0	0
AF	0	0.156777	289	196	93	0	0	0	0
AF	0	0.157089	280	192	88	0	0	0	0
AF	0	0.157402	285	205	80	0	0	0	0
AF	0	0.157714	261	177	84	0	0	0	0
AF	0	0.158026	289	186	103	0	0	0	0
AF	0	0.158339	288	201	87	0	0	0	0
AF	0	0.158651	249	148	101	0	0	0	0
AF	0	0.158963	238	151	87	0	0	0	0
AF	0	0.159275	242	171	71	0	0	0	0
AF	0	0.159588	251	166	85	0	0	0	0
AF	0	0.159900	381	247	134	0	0	0	0
AF	0	0.160212	270	186	84	0	0	0	0
AF	0	0.160525	204	127	77	0	0	0	0
AF	0	0.160837	286	189	97	0	0	0	0
AF	0	0.161149	290	205	85	0	0	0	0
AF	0	0.161462	297	216	81	0	0	0	0
AF	0	0.161774	277	191	86	0	0	0	0
AF	0	0.162086	301	183	118	0	0	0	0
AF	0	0.162399	281	200	81	0	0	0	0
AF	0	0.162711	279	180	99	0	0	0	0
AF	0	0.163023	321	216	105	0	0	0	0
AF	0	0.163335	274	189	85	0	0	0	0
AF	0	0.163648	309	205	104	0	0	0	0
AF	0	0.163960	264	171	93	0	0	0	0
AF	0	0.164272	264	177	87	0	0	0	0
AF	0	0.164585	298	207	91	0	0	0	0
AF	0	0.164897	257	175	82	0	0	0	0
AF	0	0.165209	261	177	84	0	0	0	0
AF	0	0.165522	254	182	72	0	0	0	0
AF	0	0.165834	254	169	85	0	0	0	0
AF	0	0.166146	218	146	72	0	0	0	0
AF	0	0.166458	236	156	80	0	0	0	0
AF	0	0.166771	229	143	86	0	0	0	0
AF	0	0.167083	247	159	88	0	0	0	0
AF	0	0.167395	288	187	101	0	0	0	0
AF	0	0.167708	303	191	112	0	0	0	0
AF	0	0.168020	269	174	95	0	0	0	0
AF	0	0.168332	239	164	75	0	0	0	0
AF	0	0.168645	287	192	95	0	0	0	0
AF	0	0.168957	220	146	74	0	0	0	0
AF	0	0.169269	220	146	74	0	0	0	0
AF	0	0.169582	208	132	76	0	0	0	0
AF	0	0.169894	245	171	74	0	0	0	0
AF	0	0.170206	237	168	69	0	0	0	0
AF	0	0.170518	241	172	69	0	0	0	0
AF	0	0.170831	231	144	87	0	0	0	0
AF	0	0.171143	277	186	91	0	0	0	0
AF	0	0.171455	221	150	71	0	0	0	0
AF	0	0.171768	221	160	61	0	0	0	0
AF	0	0.172080	244	170	74	0	0	0	0
AF	0	0.172392	239	178	61	0	0	0	0
AF	0	0.172705	237	152	85	0	0	0	0
AF	0	0.173017	240	157	83	0	0	0	0
AF	0	0.173329	237	178	59	0	0	0	0
AF	0	0.173641	307	231	76	0	0	0	0
AF	0	0.173954	257	168	89	0	0	0	0
AF	0	0.174266	317	209	108	0	0	0	0
AF	0	0.174578	255	175	80	0	0	0	0
AF	0	0.174891	231	168	63	0	0	0	0
AF	0	0.175203	285	205	80	0	0	0	0
AF	0	0.175515	258	176	82	0	0	0	0
AF	0	0.175828	274	193	81	0	0	0	0
AF	0	0.176140	255	176	79	0	0	0	0
AF	0	0.176452	311	192	119	0	0	0	0
AF	0	0.176765	250	180	70	0	0	0	0
AF	0	0.177077	229	145	84	0	0	0	0
AF	0	0.177389	231	149	82	0	0	0	0
AF	0	0.177701	233	172	61	0	0	0	0
AF	0	0.178014	276	175	101	0	0	0	0
AF	0	0.178326	281	185	96	0	0	0	0
AF	0	0.178638	239	163	76	0	0	0	0
AF	0	0.178951	212	139	73	0	0	0	0
AF	0	0.179263	245	169	76	0	0	0	0
AF	0	0.179575	265	168	97	0	0	0	0
AF	0	0.179888	257	177	80	0	0	0	0
AF	0	0.180200	262	170	92	0	0	0	0
AF	0	0.180512	242	170	72	0	0	0	0
AF	0	0.180824	242	163	79	0	0	0	0
AF	0	0.181137	282	192	90	0	0	0	0
AF	0	0.181449	248	160	88	0	0	0	0
AF	0	0.181761	206	141	65	0	0	0	0
AF	0	0.182074	210	153	57	0	0	0	0
AF	0	0.182386	221	159	62	0	0	0	0
AF	0	0.182698	225	166	59	0	0	0	0
AF	0	0.183011	252	175	77	0	0	0	0
AF	0	0.183323	237	165	72	0	0	0	0
AF	0	0.183635	213	150	63	0	0	0	0
AF	0	0.183948	207	147	60	0	0	0	0
AF	0	0.184260	222	153	69	0	0	0	0
AF	0	0.184572	222	151	71	0	0	0	0
AF	0	0.184884	189	126	63	0	0	0	0
AF	0	0.185197	260	166	94	0	0	0	0
AF	0	0.185509	195	121	74	0	0	0	0
AF	0	0.185821	242	164	78	0	0	0	0
AF	0	0.186134	272	181	91	0	0	0	0
AF	0	0.186446	276	204	72	0	0	0	0
AF	0	0.186758	234	154	80	0	0	0	0
AF	0	0.187071	244	167	77	0	0	0	0
AF	0	0.187383	244	156	88	0	0	0	0
AF	0	0.187695	301	210	91	0	0	0	0
AF	0	0.188007	237	143	94	0	0	0	0
AF	0	0.188320	212	139	73	0	0	0	0
AF	0	0.188632	220	147	73	0	0	0	0
AF	0	0.188944	205	131	74	0	0	0	0
AF	0	0.189257	236	153	83	0	0	0	0
AF	0	0.189569	208	146	62	0	0	0	0
AF	0	0.189881	198	126	72	0	0	0	0
AF	0	0.190194	189	134	55	0	0	0	0
AF	0	0.190506	224	140	84	0	0	0	0
AF	0	0.190818	235	152	83	0	0	0	0
AF	0	0.191131	228	154	74	0	0	0	0
AF	0	0.191443	193	127	66	0	0	0	0
AF	0	0.191755	214	139	75	0	0	0	0
AF	0	0.192067	224	149	75	0	0	0	0
AF	0	0.192380	252	169	83	0	0	0	0
AF	0	0.192692	202	136	66	0	0	0	0
AF	0	0.193004	214	142	72	0	0	0	0
AF	0	0.193317	246	157	89	0	0	0	0
AF	0	0.193629	257	175	82	0	0	0	0
AF	0	0.193941	243	151	92	0	0	0	0
AF	0	0.194254	215	140	75	0	0	0	0
AF	0	0.194566	215	145	70	0	0	0	0
AF	0	0.194878	182	124	58	0	0	0	0
AF	0	0.195191	259	170	89	0	0	0	0
AF	0	0.195503	217	155	62	0	0	0	0
AF	0	0.195815	190	130	60	0	0	0	0
AF	0	0.196127	190	132	58	0	0	0	0
AF	0	0.196440	223	157	66	0	0	0	0
AF	0	0.196752	215	140	75	0	0	0	0
AF	0	0.197064	229	155	74	0	0	0	0
AF	0	0.197377	211	146	65	0	0	0	0
AF	0	0.197689	218	145	73	0	0	0	0
AF	0	0.198001	240	161	79	0	0	0	0
AF	0	0.198314	234	168	66	0	0	0	0
AF	0	0.198626	207	137	70	0	0	0	0
AF	0	0.198938	195	137	58	0	0	0	0
AF	0	0.199250	206	128	78	0	0	0	0
AF	0	0.199563	220	140	80	0	0	0	0
AF	0	0.199875	190	121	69	0	0	0	0
AF	0	0.200187	230	147	83	0	0	0	0
AF	0	0.200500	257	174	83	0	0	0	0
AF	0	0.200812	244	158	86	0	0	0	0
AF	0	0.201124	213	138	75	0	0	0	0
AF	0	0.201437	222	136	86	0	0	0	0
AF	0	0.201749	221	152	69	0	0	0	0
AF	0	0.202061	276	196	80	0	0	0	0
AF	0	0.202374	254	168	86	0	0	0	0
AF	0	0.202686	225	160	65	0	0	0	0
AF	0	0.202998	213	150	63	0	0	0	0
AF	0	0.203310	220	148	72	0	0	0	0
AF	0	0.203623	186	134	52	0	0	0	0
AF	0	0.203935	258	165	93	0	0	0	0
AF	0	0.204247	242	162	80	0	0	0	0
AF	0	0.204560	214	153	61	0	0	0	0
AF	0	0.204872	199	135	64	0	0	0	0
AF	0	0.205184	201	131	70	0	0	0	0
AF	0	0.205497	242	166	76	0	0	0	0
AF	0	0.205809	197	137	60	0	0	0	0
AF	0	0.206121	204	144	60	0	0	0	0
AF	0	0.206433	209	142	67	0	0	0	0
AF	0	0.206746	186	123	63	0	0	0	0
AF	0	0.207058	212	149	63	0	0	0	0
AF	0	0.207370	189	136	53	0	0	0	0
AF	0	0.207683	194	134	60	0	0	0	0
AF	0	0.207995	213	141	72	0	0	0	0
AF	0	0.208307	267	203	64	0	0	0	0
AF	0	0.208620	210	136	74	0	0	0	0
AF	0	0.208932	190	128	62	0	0	0	0
AF	0	0.209244	189	139	50	0	0	0	0
AF	0	0.209557	195	132	63	0	0	0	0
AF	0	0.209869	216	149	67	0	0	0	0
AF	0	0.210181	164	116	48	0	0	0	0
AF	0	0.210493	198	143	55	0	0	0	0
AF	0	0.210806	204	148	56	0	0	0	0
AF	0	0.211118	225	142	83	0	0	0	0
AF	0	0.211430	212	141	71	0	0	0	0
AF	0	0.211743	192	125	67	0	0	0	0
AF	0	0.212055	228	153	75	0	0	0	0
AF	0	0.212367	212	144	68	0	0	0	0
AF	0	0.212680	201	139	62	0	0	0	0
AF	0	0.212992	228	156	72	0	0	0	0
AF	0	0.213304	232	166	66	0	0	0	0
AF	0	0.213616	233	155	78	0	0	0	0
AF	0	0.213929	216	143	73	0	0	0	0
AF	0	0.214241	196	131	65	0	0	0	0
AF	0	0.214553	181	134	47	0	0	0	0
AF	0	0.214866	189	133	56	0	0	0	0
AF	0	0.215178	219	138	81	0	0	0	0
AF	0	0.215490	193	121	72	0	0	0	0
AF	0	0.215803	255	151	104	0	0	0	0
AF	0	0.216115	219	158	61	0	0	0	0
AF	0	0.216427	230	150	80	0	0	0	0
AF	0	0.216740	227	134	93	0	0	0	0
AF	0	0.217052	216	131	85	0	0	0	0
AF	0	0.217364	219	150	69	0	0	0	0
AF	0	0.217676	205	132	73	0	0	0	0
AF	0	0.217989	194	140	54	0	0	0	0
AF	0	0.218301	204	141	63	0	0	0	0
AF	0	0.218613	294	205	89	0	0	0	0
AF	0	0.218926	241	160	81	0	0	0	0
AF	0	0.219238	249	160	89	0	0	0	0
AF	0	0.219550	184	133	51	0	0	0	0
AF	0	0.219863	199	123	76	0	0	0	0
AF	0	0.220175	187	121	66	0	0	0	0
AF	0	0.220487	177	129	48	0	0	0	0
AF	0	0.220800	173	115	58	0	0	0	0
AF	0	0.221112	176	122	54	0	0	0	0
AF	0	0.221424	225	160	65	0	0	0	0
AF	0	0.221736	257	184	73	0	0	0	0
AF	0	0.222049	214	147	67	0	0	0	0
AF	0	0.222361	258	175	83	0	0	0	0
AF	0	0.222673	209	144	65	0	0	0	0
AF	0	0.222986	199	148	51	0	0	0	0
AF	0	0.223298	209	144	65	0	0	0	0
AF	0	0.223610	178	124	54	0	0	0	0
AF	0	0.223923	191	135	56	0	0	0	0
AF	0	0.224235	197	125	72	0	0	0	0
AF	0	0.224547	188	125	63	0	0	0	0
AF	0	0.224859	207	140	67	0	0	0	0
AF	0	0.225172	194	120	74	0	0	0	0
AF	0	0.225484	158	109	49	0	0	0	0
AF	0	0.225796	188	129	59	0	0	0	0
AF	0	0.226109	213	152	61	0	0	0	0
AF	0	0.226421	167	115	52	0	0	0	0
AF	0	0.226733	200	146	54	0	0	0	0
AF	0	0.227046	251	174	77	0	0	0	0
AF	0	0.227358	204	147	57	0	0	0	0
AF	0	0.227670	194	136	58	0	0	0	0
AF	0	0.227983	217	146	71	0	0	0	0
AF	0	0.228295	215	147	68	0	0	0	0
AF	0	0.228607	210	135	75	0	0	0	0
AF	0	0.228919	191	130	61	0	0	0	0
AF	0	0.229232	208	132	76	0	0	0	0
AF	0	0.229544	182	120	62	0	0	0	0
AF	0	0.229856	171	116	55	0	0	0	0
AF	0	0.230169	184	112	72	0	0	0	0
AF	0	0.230481	222	147	75	0	0	0	0
AF	0	0.230793	220	140	80	0	0	0	0
AF	0	0.231106	186	124	62	0	0	0	0
AF	0	0.231418	200	128	72	0	0	0	0
AF	0	0.231730	233	156	77	0	0	0	0
AF	0	0.232042	218	153	65	0	0	0	0
AF	0	0.232355	200	135	65	0	0	0	0
AF	0	0.232667	238	150	88	0	0	0	0
AF	0	0.232979	185	103	82	0	0	0	0
AF	0	0.233292	227	161	66	0	0	0	0
AF	0	0.233604	226	140	86	0	0	0	0
AF	0	0.233916	211	137	74	0	0	0	0
AF	0	0.234229	199	145	54	0	0	0	0
AF	0	0.234541	208	144	64	0	0	0	0
AF	0	0.234853	209	138	71	0	0	0	0
AF	0	0.235166	207	130	77	0	0	0	0
AF	0	0.235478	177	122	55	0	0	0	0
AF	0	0.235790	184	119	65	0	0	0	0
AF	0	0.236102	207	130	77	0	0	0	0
AF	0	0.236415	169	108	61	0	0	0	0
AF	0	0.236727	157	100	57	0	0	0	0
AF	0	0.237039	181	138	43	0	0	0	0
AF	0	0.237352	182	118	64	0	0	0	0
AF	0	0.237664	153	103	50	0	0	0	0
AF	0	0.237976	164	109	55	0	0	0	0
AF	0	0.238289	149	103	46	0	0	0	0
AF	0	0.238601	170	110	60	0	0	0	0
AF	0	0.238913	175	126	49	0	0	0	0
AF	0	0.239225	171	113	58	0	0	0	0
AF	0	0.239538	168	112	56	0	0	0	0
AF	0	0.239850	163	110	53	0	0	0	0
AF	0	0.240162	188	128	60	0	0	0	0
AF	0	0.240475	168	110	58	0	0	0	0
AF	0	0.240787	192	125	67	0	0	0	0
AF	0	0.241099	138	105	33	0	0	0	0
AF	0	0.241412	151	107	44	0	0	0	0
AF	0	0.241724	197	136	61	0	0	0	0
AF	0	0.242036	195	124	71	0	0	0	0
AF	0	0.242349	170	110	60	0	0	0	0
AF	0	0.242661	202	142	60	0	0	0	0
AF	0	0.242973	185	121	64	0	0	0	0
AF	0	0.243285	203	133	70	0	0	0	0
AF	0	0.243598	161	107	54	0	0	0	0
AF	0	0.243910	172	121	51	0	0	0	0
AF	0	0.244222	166	117	49	0	0	0	0
AF	0	0.244535	183	128	55	0	0	0	0
AF	0	0.244847	246	169	77	0	0	0	0
AF	0	0.245159	175	118	57	0	0	0	0
AF	0	0.245472	193	118	75	0	0	0	0
AF	0	0.245784	177	117	60	0	0	0	0
AF	0	0.246096	202	136	66	0	0	0	0
AF	0	0.246408	189	130	59	0	0	0	0
AF	0	0.246721	166	112	54	0	0	0	0
AF	0	0.247033	187	112	75	0	0	0	0
AF	0	0.247345	185	119	66	0	0	0	0
AF	0	0.247658	152	107	45	0	0	0	0
AF	0	0.247970	188	131	57	0	0	0	0
AF	0	0.248282	208	151	57	0	0	0	0
AF	0	0.248595	201	140	61	0	0	0	0
AF	0	0.248907	190	124	66	0	0	0	0
AF	0	0.249219	154	85	69	0	0	0	0
AF	0	0.249532	161	113	48	0	0	0	0
AF	0	0.249844	155	104	51	0	0	0	0
AF	0	0.250156	201	148	53	0	0	0	0
AF	0	0.250468	164	113	51	0	0	0	0
AF	0	0.250781	200	126	74	0	0	0	0
AF	0	0.251093	184	124	60	0	0	0	0
AF	0	0.251405	172	127	45	0	0	0	0
AF	0	0.251718	166	114	52	0	0	0	0
AF	0	0.252030	159	114	45	0	0	0	0
AF	0	0.252342	170	103	67	0	0	0	0
AF	0	0.252655	166	118	48	0	0	0	0
AF	0	0.252967	203	126	77	0	0	0	0
AF	0	0.253279	268	194	74	0	0	0	0
AF	0	0.253592	190	128	62	0	0	0	0
AF	0	0.253904	149	103	46	0	0	0	0
AF	0	0.254216	185	127	58	0	0	0	0
AF	0	0.254528	191	145	46	0	0	0	0
AF	0	0.254841	181	120	61	0	0	0	0
AF	0	0.255153	192	128	64	0	0	0	0
AF	0	0.255465	227	145	82	0	0	0	0
AF	0	0.255778	201	139	62	0	0	0	0
AF	0	0.256090	144	91	53	0	0	0	0
AF	0	0.256402	194	127	67	0	0	0	0
AF	0	0.256715	184	125	59	0	0	0	0
AF	0	0.257027	168	124	44	0	0	0	0
AF	0	0.257339	180	135	45	0	0	0	0
AF	0	0.257651	166	108	58	0	0	0	0
AF	0	0.257964	145	102	43	0	0	0	0
AF	0	0.258276	167	110	57	0	0	0	0
AF	0	0.258588	159	98	61	0	0	0	0
AF	0	0.258901	163	108	55	0	0	0	0
AF	0	0.259213	176	112	64	0	0	0	0
AF	0	0.259525	137	83	54	0	0	0	0
AF	0	0.259838	166	117	49	0	0	0	0
AF	0	0.260150	169	117	52	0	0	0	0
AF	0	0.260462	198	125	73	0	0	0	0
AF	0	0.260775	134	80	54	0	0	0	0
AF	0	0.261087	128	86	42	0	0	0	0
AF	0	0.261399	179	113	66	0	0	0	0
AF	0	0.261711	182	112	70	0	0	0	0
AF	0	0.262024	178	122	56	0	0	0	0
AF	0	0.262336	163	103	60	0	0	0	0
AF	0	0.262648	192	136	56	0	0	0	0
AF	0	0.262961	185	119	66	0	0	0	0
AF	0	0.263273	158	110	48	0	0	0	0
AF	0	0.263585	196	139	57	0	0	0	0
AF	0	0.263898	137	85	52	0	0	0	0
AF	0	0.264210	149	93	56	0	0	0	0
AF	0	0.264522	196	138	58	0	0	0	0
AF	0	0.264834	172	121	51	0	0	0	0
AF	0	0.265147	174	113	61	0	0	0	0
AF	0	0.265459	180	122	58	0	0	0	0
AF	0	0.265771	180	118	62	0	0	0	0
AF	0	0.266084	204	133	71	0	0	0	0
AF	0	0.266396	155	109	46	0	0	0	0
AF	0	0.266708	180	111	69	0	0	0	0
AF	0	0.267021	159	96	63	0	0	0	0
AF	0	0.267333	167	114	53	0	0	0	0
AF	0	0.267645	174	111	63	0	0	0	0
AF	0	0.267958	151	97	54	0	0	0	0
AF	0	0.268270	143	99	44	0	0	0	0
AF	0	0.268582	184	117	67	0	0	0	0
AF	0	0.268894	154	100	54	0	0	0	0
AF	0	0.269207	163	93	70	0	0	0	0
AF	0	0.269519	185	121	64	0	0	0	0
AF	0	0.269831	208	136	72	0	0	0	0
AF	0	0.270144	165	114	51	0	0	0	0
AF	0	0.270456	143	94	49	0	0	0	0
AF	0	0.270768	174	110	64	0	0	0	0
AF	0	0.271081	161	99	62	0	0	0	0
AF	0	0.271393	165	123	42	0	0	0	0
AF	0	0.271705	191	132	59	0	0	0	0
AF	0	0.272017	188	126	62	0	0	0	0
AF	0	0.272330	159	114	45	0	0	0	0
AF	0	0.272642	264	184	80	0	0	0	0
AF	0	0.272954	165	112	53	0	0	0	0
AF	0	0.273267	176	113	63	0	0	0	0
AF	0	0.273579	167	115	52	0	0	0	0
AF	0	0.273891	241	177	64	0	0	0	0
AF	0	0.274204	209	136	73	0	0	0	0
AF	0	0.274516	162	108	54	0	0	0	0
AF	0	0.274828	163	107	56	0	0	0	0
AF	0	0.275141	168	110	58	0	0	0	0
AF	0	0.275453	134	92	42	0	0	0	0
AF	0	0.275765	164	121	43	0	0	0	0
AF	0	0.276077	170	113	57	0	0	0	0
AF	0	0.276390	180	120	60	0	0	0	0
AF	0	0.276702	205	135	70	0	0	0	0
AF	0	0.277014	147	114	33	0	0	0	0
AF	0	0.277327	152	100	52	0	0	0	0
AF	0	0.277639	128	89	39	0	0	0	0
AF	0	0.277951	158	108	50	0	0	0	0
AF	0	0.278264	135	86	49	0	0	0	0
AF	0	0.278576	141	99	42	0	0	0	0
AF	0	0.278888	173	113	60	0	0	0	0
AF	0	0.279200	141	101	40	0	0	0	0
AF	0	0.279513	164	105	59	0	0	0	0
AF	0	0.279825	149	103	46	0	0	0	0
AF	0	0.280137	183	134	49	0	0	0	0
AF	0	0.280450	151	105	46	0	0	0	0
AF	0	0.280762	150	94	56	0	0	0	0
AF	0	0.281074	153	117	36	0	0	0	0
AF	0	0.281387	141	102	39	0	0	0	0
AF	0	0.281699	160	114	46	0	0	0	0
AF	0	0.282011	150	112	38	0	0	0	0
AF	0	0.282324	156	106	50	0	0	0	0
AF	0	0.282636	173	119	54	0	0	0	0
AF	0	0.282948	131	86	45	0	0	0	0
AF	0	0.283260	126	88	38	0	0	0	0
AF	0	0.283573	173	106	67	0	0	0	0
AF	0	0.283885	149	96	53	0	0	0	0
AF	0	0.284197	151	99	52	0	0	0	0
AF	0	0.284510	139	83	56	0	0	0	0
AF	0	0.284822	178	123	55	0	0	0	0
AF	0	0.285134	160	112	48	0	0	0	0
AF	0	0.285447	153	108	45	0	0	0	0
AF	0	0.285759	169	129	40	0	0	0	0
AF	0	0.286071	138	87	51	0	0	0	0
AF	0	0.286384	137	98	39	0	0	0	0
AF	0	0.286696	174	106	68	0	0	0	0
AF	0	0.287008	170	115	55	0	0	0	0
AF	0	0.287320	173	118	55	0	0	0	0
AF	0	0.287633	146	101	45	0	0	0	0
AF	0	0.287945	173	116	57	0	0	0	0
AF	0	0.288257	146	102	44	0	0	0	0
AF	0	0.288570	148	97	51	0	0	0	0
AF	0	0.288882	154	106	48	0	0	0	0
AF	0	0.289194	162	103	59	0	0	0	0
AF	0	0.289507	183	120	63	0	0	0	0
AF	0	0.289819	142	99	43	0	0	0	0
AF	0	0.290131	147	101	46	0	0	0	0
AF	0	0.290443	147	92	55	0	0	0	0
AF	0	0.290756	157	107	50	0	0	0	0
AF	0	0.291068	158	110	48	0	0	0	0
AF	0	0.291380	128	86	42	0	0	0	0
AF	0	0.291693	168	118	50	0	0	0	0
AF	0	0.292005	159	111	48	0	0	0	0
AF	0	0.292317	151	108	43	0	0	0	0
AF	0	0.292630	158	100	58	0	0	0	0
AF	0	0.292942	179	122	57	0	0	0	0
AF	0	0.293254	188	140	48	0	0	0	0
AF	0	0.293567	182	125	57	0	0	0	0
AF	0	0.293879	171	123	48	0	0	0	0
AF	0	0.294191	161	117	44	0	0	0	0
AF	0	0.294503	171	111	60	0	0	0	0
AF	0	0.294816	194	144	50	0	0	0	0
AF	0	0.295128	265	165	100	0	0	0	0
AF	0	0.295440	163	115	48	0	0	0	0
AF	0	0.295753	150	107	43	0	0	0	0
AF	0	0.296065	160	109	51	0	0	0	0
AF	0	0.296377	218	138	80	0	0	0	0
AF	0	0.296690	130	79	51	0	0	0	0
AF	0	0.297002	153	103	50	0	0	0	0
AF	0	0.297314	147	100	47	0	0	0	0
AF	0	0.297626	139	97	42	0	0	0	0
AF	0	0.297939	157	111	46	0	0	0	0
AF	0	0.298251	141	101	40	0	0	0	0
AF	0	0.298563	156	106	50	0	0	0	0
AF	0	0.298876	148	100	48	0	0	0	0
AF	0	0.299188	149	102	47	0	0	0	0
AF	0	0.299500	177	121	56	0	0	0	0
AF	0	0.299813	197	140	57	0	0	0	0
AF	0	0.300125	194	118	76	0	0	0	0
AF	0	0.300437	158	96	62	0	0	0	0
AF	0	0.300750	193	136	57	0	0	0	0
AF	0	0.301062	146	103	43	0	0	0	0
AF	0	0.301374	154	100	54	0	0	0	0
AF	0	0.301686	181	124	57	0	0	0	0
AF	0	0.301999	146	107	39	0	0	0	0
AF	0	0.302311	134	86	48	0	0	0	0
AF	0	0.302623	174	132	42	0	0	0	0
AF	0	0.302936	158	114	44	0	0	0	0
AF	0	0.303248	156	96	60	0	0	0	0
AF	0	0.303560	150	97	53	0	0	0	0
AF	0	0.303873	154	108	46	0	0	0	0
AF	0	0.304185	163	110	53	0	0	0	0
AF	0	0.304497	145	96	49	0	0	0	0
AF	0	0.304809	172	135	37	0	0	0	0
AF	0	0.305122	240	172	68	0	0	0	0
AF	0	0.305434	184	128	56	0	0	0	0
AF	0	0.305746	174	128	46	0	0	0	0
AF	0	0.306059	169	114	55	0	0	0	0
AF	0	0.306371	175	118	57	0	0	0	0
AF	0	0.306683	163	109	54	0	0	0	0
AF	0	0.306996	154	102	52	0	0	0	0
AF	0	0.307308	171	116	55	0	0	0	0
AF	0	0.307620	180	103	77	0	0	0	0
AF	0	0.307933	173	115	58	0	0	0	0
AF	0	0.308245	166	109	57	0	0	0	0
AF	0	0.308557	134	90	44	0	0	0	0
AF	0	0.308869	120	69	51	0	0	0	0
AF	0	0.309182	131	89	42	0	0	0	0
AF	0	0.309494	186	116	70	0	0	0	0
AF	0	0.309806	200	133	67	0	0	0	0
AF	0	0.310119	168	115	53	0	0	0	0
AF	0	0.310431	172	109	63	0	0	0	0
AF	0	0.310743	145	94	51	0	0	0	0
AF	0	0.311056	163	118	45	0	0	0	0
AF	0	0.311368	147	107	40	0	0	0	0
AF	0	0.311680	166	119	47	0	0	0	0
AF	0	0.311993	136	88	48	0	0	0	0
AF	0	0.312305	153	97	56	0	0	0	0
AF	0	0.312617	163	108	55	0	0	0	0
AF	0	0.312929	122	85	37	0	0	0	0
AF	0	0.313242	127	85	42	0	0	0	0
AF	0	0.313554	137	103	34	0	0	0	0
AF	0	0.313866	119	81	38	0	0	0	0
AF	0	0.314179	136	95	41	0	0	0	0
AF	0	0.314491	136	95	41	0	0	0	0
AF	0	0.314803	146	104	42	0	0	0	0
AF	0	0.315116	155	104	51	0	0	0	0
AF	0	0.315428	219	150	69	0	0	0	0
AF	0	0.315740	182	133	49	0	0	0	0
AF	0	0.316052	150	101	49	0	0	0	0
AF	0	0.316365	165	105	60	0	0	0	0
AF	0	0.316677	156	103	53	0	0	0	0
AF	0	0.316989	168	110	58	0	0	0	0
AF	0	0.317302	201	136	65	0	0	0	0
AF	0	0.317614	176	117	59	0	0	0	0
AF	0	0.317926	241	147	94	0	0	0	0
AF	0	0.318239	219	157	62	0	0	0	0
AF	0	0.318551	175	113	62	0	0	0	0
AF	0	0.318863	151	93	58	0	0	0	0
AF	0	0.319176	175	113	62	0	0	0	0
AF	0	0.319488	159	107	52	0	0	0	0
AF	0	0.319800	135	93	42	0	0	0	0
AF	0	0.320112	154	106	48	0	0	0	0
AF	0	0.320425	126	83	43	0	0	0	0
AF	0	0.320737	154	121	33	0	0	0	0
AF	0	0.321049	151	98	53	0	0	0	0
AF	0	0.321362	174	122	52	0	0	0	0
AF	0	0.321674	136	94	42	0	0	0	0
AF	0	0.321986	145	100	45	0	0	0	0
AF	0	0.322299	149	100	49	0	0	0	0
AF	0	0.322611	142	99	43	0	0	0	0
AF	0	0.322923	178	122	56	0	0	0	0
AF	0	0.323235	141	79	62	0	0	0	0
AF	0	0.323548	139	88	51	0	0	0	0
AF	0	0.323860	129	95	34	0	0	0	0
AF	0	0.324172	173	119	54	0	0	0	0
AF	0	0.324485	136	92	44	0	0	0	0
AF	0	0.324797	154	98	56	0	0	0	0
AF	0	0.325109	181	126	55	0	0	0	0
AF	0	0.325422	228	155	73	0	0	0	0
AF	0	0.325734	143	89	54	0	0	0	0
AF	0	0.326046	173	119	54	0	0	0	0
AF	0	0.326359	131	91	40	0	0	0	0
AF	0	0.326671	142	95	47	0	0	0	0
AF	0	0.326983	120	85	35	0	0	0	0
AF	0	0.327295	134	76	58	0	0	0	0
AF	0	0.327608	138	84	54	0	0	0	0
AF	0	0.327920	132	80	52	0	0	0	0
AF	0	0.328232	225	152	73	0	0	0	0
AF	0	0.328545	172	108	64	0	0	0	0
AF	0	0.328857	183	120	63	0	0	0	0
AF	0	0.329169	150	93	57	0	0	0	0
AF	0	0.329482	158	108	50	0	0	0	0
AF	0	0.329794	147	91	56	0	0	0	0
AF	0	0.330106	123	86	37	0	0	0	0
AF	0	0.330418	188	125	63	0	0	0	0
AF	0	0.330731	185	133	52	0	0	0	0
AF	0	0.331043	162	111	51	0	0	0	0
AF	0	0.331355	132	91	41	0	0	0	0
AF	0	0.331668	149	112	37	0	0	0	0
AF	0	0.331980	129	85	44	0	0	0	0
AF	0	0.332292	142	96	46	0	0	0	0
AF	0	0.332605	124	76	48	0	0	0	0
AF	0	0.332917	147	99	48	0	0	0	0
AF	0	0.333229	149	105	44	0	0	0	0
AF	0	0.333542	149	96	53	0	0	0	0
AF	0	0.333854	132	85	47	0	0	0	0
AF	0	0.334166	140	101	39	0	0	0	0
AF	0	0.334478	121	75	46	0	0	0	0
AF	0	0.334791	135	89	46	0	0	0	0
AF	0	0.335103	135	87	48	0	0	0	0
AF	0	0.335415	97	58	39	0	0	0	0
AF	0	0.335728	101	61	40	0	0	0	0
AF	0	0.336040	123	82	41	0	0	0	0
AF	0	0.336352	129	89	40	0	0	0	0
AF	0	0.336665	124	87	37	0	0	0	0
AF	0	0.336977	116	81	35	0	0	0	0
AF	0	0.337289	126	80	46	0	0	0	0
AF	0	0.337601	136	86	50	0	0	0	0
AF	0	0.337914	146	107	39	0	0	0	0
AF	0	0.338226	120	82	38	0	0	0	0
AF	0	0.338538	158	99	59	0	0	0	0
AF	0	0.338851	184	124	60	0	0	0	0
AF	0	0.339163	146	110	36	0	0	0	0
AF	0	0.339475	145	99	46	0	0	0	0
AF	0	0.339788	137	81	56	0	0	0	0
AF	0	0.340100	129	83	46	0	0	0	0
AF	0	0.340412	136	79	57	0	0	0	0
AF	0	0.340725	159	106	53	0	0	0	0
AF	0	0.341037	157	103	54	0	0	0	0
AF	0	0.341349	154	105	49	0	0	0	0
AF	0	0.341661	126	83	43	0	0	0	0
AF	0	0.341974	136	100	36	0	0	0	0
AF	0	0.342286	124	77	47	0	0	0	0
AF	0	0.342598	143	100	43	0	0	0	0
AF	0	0.342911	99	70	29	0	0	0	0
AF	0	0.343223	109	73	36	0	0	0	0
AF	0	0.343535	125	76	49	0	0	0	0
AF	0	0.343848	156	102	54	0	0	0	0
AF	0	0.344160	143	99	44	0	0	0	0
AF	0	0.344472	121	75	46	0	0	0	0
AF	0	0.344785	151	111	40	0	0	0	0
AF	0	0.345097	108	89	19	0	0	0	0
AF	0	0.345409	176	127	49	0	0	0	0
AF	0	0.345721	217	147	70	0	0	0	0
AF	0	0.346034	163	118	45	0	0	0	0
AF	0	0.346346	127	84	43	0	0	0	0
AF	0	0.346658	115	79	36	0	0	0	0
AF	0	0.346971	118	84	34	0	0	0	0
AF	0	0.347283	126	78	48	0	0	0	0
AF	0	0.347595	111	76	35	0	0	0	0
AF	0	0.347908	109	77	32	0	0	0	0
AF	0	0.348220	112	71	41	0	0	0	0
AF	0	0.348532	136	94	42	0	0	0	0
AF	0	0.348844	150	109	41	0	0	0	0
AF	0	0.349157	148	100	48	0	0	0	0
AF	0	0.349469	120	85	35	0	0	0	0
AF	0	0.349781	115	87	28	0	0	0	0
AF	0	0.350094	105	65	40	0	0	0	0
AF	0	0.350406	112	85	27	0	0	0	0
AF	0	0.350718	115	72	43	0	0	0	0
AF	0	0.351031	144	98	46	0	0	0	0
AF	0	0.351343	129	86	43	0	0	0	0
AF	0	0.351655	148	91	57	0	0	0	0
AF	0	0.351968	142	97	45	0	0	0	0
AF	0	0.352280	137	97	40	0	0	0	0
AF	0	0.352592	138	92	46	0	0	0	0
AF	0	0.352904	148	104	44	0	0	0	0
AF	0	0.353217	124	87	37	0	0	0	0
AF	0	0.353529	153	94	59	0	0	0	0
AF	0	0.353841	148	104	44	0	0	0	0
AF	0	0.354154	143	102	41	0	0	0	0
AF	0	0.354466	151	104	47	0	0	0	0
AF	0	0.354778	191	120	71	0	0	0	0
AF	0	0.355091	135	90	45	0	0	0	0
AF	0	0.355403	140	104	36	0	0	0	0
AF	0	0.355715	135	92	43	0	0	0	0
AF	0	0.356027	134	90	44	0	0	0	0
AF	0	0.356340	109	70	39	0	0	0	0
AF	0	0.356652	102	72	30	0	0	0	0
AF	0	0.356964	136	89	47	0	0	0	0
AF	0	0.357277	125	82	43	0	0	0	0
AF	0	0.357589	111	69	42	0	0	0	0
AF	0	0.357901	117	80	37	0	0	0	0
AF	0	0.358214	124	89	35	0	0	0	0
AF	0	0.358526	112	80	32	0	0	0	0
AF	0	0.358838	129	76	53	0	0	0	0
AF	0	0.359151	130	93	37	0	0	0	0
AF	0	0.359463	131	92	39	0	0	0	0
AF	0	0.359775	104	58	46	0	0	0	0
AF	0	0.360087	118	81	37	0	0	0	0
AF	0	0.360400	116	76	40	0	0	0	0
AF	0	0.360712	141	91	50	0	0	0	0
AF	0	0.361024	134	81	53	0	0	0	0
AF	0	0.361337	116	75	41	0	0	0	0
AF	0	0.361649	136	100	36	0	0	0	0
AF	0	0.361961	97	63	34	0	0	0	0
AF	0	0.362274	141	93	48	0	0	0	0
AF	0	0.362586	141	103	38	0	0	0	0
AF	0	0.362898	173	120	53	0	0	0	0
AF	0	0.363210	130	89	41	0	0	0	0
AF	0	0.363523	121	71	50	0	0	0	0
AF	0	0.363835	141	93	48	0	0	0	0
AF	0	0.364147	131	89	42	0	0	0	0
AF	0	0.364460	125	91	34	0	0	0	0
AF	0	0.364772	140	99	41	0	0	0	0
AF	0	0.365084	132	88	44	0	0	0	0
AF	0	0.365397	188	117	71	0	0	0	0
AF	0	0.365709	111	78	33	0	0	0	0
AF	0	0.366021	150	105	45	0	0	0	0
AF	0	0.366334	171	114	57	0	0	0	0
AF	0	0.366646	158	89	69	0	0	0	0
AF	0	0.366958	110	65	45	0	0	0	0
AF	0	0.367270	121	80	41	0	0	0	0
AF	0	0.367583	112	80	32	0	0	0	0
AF	0	0.367895	105	74	31	0	0	0	0
AF	0	0.368207	104	69	35	0	0	0	0
AF	0	0.368520	128	84	44	0	0	0	0
AF	0	0.368832	118	82	36	0	0	0	0
AF	0	0.369144	114	75	39	0	0	0	0
AF	0	0.369457	117	79	38	0	0	0	0
AF	0	0.369769	97	66	31	0	0	0	0
AF	0	0.370081	105	73	32	0	0	0	0
AF	0	0.370394	122	78	44	0	0	0	0
AF	0	0.370706	107	75	32	0	0	0	0
AF	0	0.371018	129	82	47	0	0	0	0
AF	0	0.371330	112	82	30	0	0	0	0
AF	0	0.371643	134	92	42	0	0	0	0
AF	0	0.371955	95	67	28	0	0	0	0
AF	0	0.372267	98	61	37	0	0	0	0
AF	0	0.372580	118	84	34	0	0	0	0
AF	0	0.372892	143	92	51	0	0	0	0
AF	0	0.373204	119	83	36	0	0	0	0
AF	0	0.373517	131	93	38	0	0	0	0
AF	0	0.373829	159	111	48	0	0	0	0
AF	0	0.374141	117	75	42	0	0	0	0
AF	0	0.374453	97	75	22	0	0	0	0
AF	0	0.374766	106	65	41	0	0	0	0
AF	0	0.375078	142	91	51	0	0	0	0
AF	0	0.375390	126	86	40	0	0	0	0
AF	0	0.375703	100	64	36	0	0	0	0
AF	0	0.376015	118	81	37	0	0	0	0
AF	0	0.376327	127	84	43	0	0	0	0
AF	0	0.376640	124	90	34	0	0	0	0
AF	0	0.376952	127	96	31	0	0	0	0
AF	0	0.377264	100	63	37	0	0	0	0
AF	0	0.377577	92	66	26	0	0	0	0
AF	0	0.377889	128	79	49	0	0	0	0
AF	0	0.378201	133	84	49	0	0	0	0
AF	0	0.378513	116	85	31	0	0	0	0
AF	0	0.378826	111	69	42	0	0	0	0
AF	0	0.379138	103	71	32	0	0	0	0
AF	0	0.379450	118	77	41	0	0	0	0
AF	0	0.379763	131	80	51	0	0	0	0
AF	0	0.380075	142	89	53	0	0	0	0
AF	0	0.380387	112	71	41	0	0	0	0
AF	0	0.380700	118	70	48	0	0	0	0
AF	0	0.381012	107	68	39	0	0	0	0
AF	0	0.381324	108	86	22	0	0	0	0
AF	0	0.381636	105	74	31	0	0	0	0
AF	0	0.381949	126	86	40	0	0	0	0
AF	0	0.382261	117	78	39	0	0	0	0
AF	0	0.382573	100	72	28	0	0	0	0
AF	0	0.382886	118	73	45	0	0	0	0
AF	0	0.383198	114	83	31	0	0	0	0
AF	0	0.383510	128	92	36	0	0	0	0
AF	0	0.383823	121	72	49	0	0	0	0
AF	0	0.384135	102	67	35	0	0	0	0
AF	0	0.384447	154	100	54	0	0	0	0
AF	0	0.384760	103	64	39	0	0	0	0
AF	0	0.385072	138	97	41	0	0	0	0
AF	0	0.385384	121	80	41	0	0	0	0
AF	0	0.385696	148	97	51	0	0	0	0
AF	0	0.386009	153	103	50	0	0	0	0
AF	0	0.386321	140	98	42	0	0	0	0
AF	0	0.386633	127	89	38	0	0	0	0
AF	0	0.386946	123	80	43	0	0	0	0
AF	0	0.387258	95	64	31	0	0	0	0
AF	0	0.387570	107	66	41	0	0	0	0
AF	0	0.387883	86	55	31	0	0	0	0
AF	0	0.388195	124	81	43	0	0	0	0
AF	0	0.388507	170	115	55	0	0	0	0
AF	0	0.388819	136	79	57	0	0	0	0
AF	0	0.389132	140	98	42	0	0	0	0
AF	0	0.389444	120	87	33	0	0	0	0
AF	0	0.389756	121	75	46	0	0	0	0
AF	0	0.390069	104	64	40	0	0	0	0
AF	0	0.390381	110	74	36	0	0	0	0
AF	0	0.390693	99	67	32	0	0	0	0
AF	0	0.391006	109	65	44	0	0	0	0
AF	0	0.391318	156	104	52	0	0	0	0
AF	0	0.391630	107	71	36	0	0	0	0
AF	0	0.391943	117	70	47	0	0	0	0
AF	0	0.392255	90	72	18	0	0	0	0
AF	0	0.392567	113	74	39	0	0	0	0
AF	0	0.392879	91	63	28	0	0	0	0
AF	0	0.393192	115	92	23	0	0	0	0
AF	0	0.393504	124	82	42	0	0	0	0
AF	0	0.393816	112	72	40	0	0	0	0
AF	0	0.394129	107	74	33	0	0	0	0
AF	0	0.394441	148	92	56	0	0	0	0
AF	0	0.394753	133	95	38	0	0	0	0
AF	0	0.395066	94	64	30	0	0	0	0
AF	0	0.395378	84	63	21	0	0	0	0
AF	0	0.395690	92	58	34	0	0	0	0
AF	0	0.396002	113	80	33	0	0	0	0
AF	0	0.396315	97	69	28	0	0	0	0
AF	0	0.396627	125	97	28	0	0	0	0
AF	0	0.396939	131	88	43	0	0	0	0
AF	0	0.397252	89	59	30	0	0	0	0
AF	0	0.397564	120	86	34	0	0	0	0
AF	0	0.397876	98	63	35	0	0	0	0
AF	0	0.398189	126	89	37	0	0	0	0
AF	0	0.398501	91	70	21	0	0	0	0
AF	0	0.398813	131	87	44	0	0	0	0
AF	0	0.399126	122	83	39	0	0	0	0
AF	0	0.399438	103	72	31	0	0	0	0
AF	0	0.399750	104	62	42	0	0	0	0
AF	0	0.400062	128	92	36	0	0	0	0
AF	0	0.400375	105	72	33	0	0	0	0
AF	0	0.400687	110	74	36	0	0	0	0
AF	0	0.400999	135	102	33	0	0	0	0
AF	0	0.401312	119	82	37	0	0	0	0
AF	0	0.401624	104	77	27	0	0	0	0
AF	0	0.401936	119	78	41	0	0	0	0
AF	0	0.402249	108	74	34	0	0	0	0
AF	0	0.402561	115	72	43	0	0	0	0
AF	0	0.402873	93	60	33	0	0	0	0
AF	0	0.403186	140	87	53	0	0	0	0
AF	0	0.403498	120	83	37	0	0	0	0
AF	0	0.403810	114	82	32	0	0	0	0
AF	0	0.404122	97	64	33	0	0	0	0
AF	0	0.404435	112	71	41	0	0	0	0
AF	0	0.404747	119	75	44	0	0	0	0
AF	0	0.405059	114	75	39	0	0	0	0
AF	0	0.405372	114	72	42	0	0	0	0
AF	0	0.405684	102	64	38	0	0	0	0
AF	0	0.405996	155	99	56	0	0	0	0
AF	0	0.406309	108	70	38	0	0	0	0
AF	0	0.406621	103	71	32	0	0	0	0
AF	0	0.406933	83	55	28	0	0	0	0
AF	0	0.407245	99	75	24	0	0	0	0
AF	0	0.407558	113	79	34	0	0	0	0
AF	0	0.407870	108	74	34	0	0	0	0
AF	0	0.408182	103	67	36	0	0	0	0
AF	0	0.408495	102	63	39	0	0	0	0
AF	0	0.408807	86	57	29	0	0	0	0
AF	0	0.409119	106	75	31	0	0	0	0
AF	0	0.409432	87	54	33	0	0	0	0
AF	0	0.409744	87	55	32	0	0	0	0
AF	0	0.410056	108	67	41	0	0	0	0
AF	0	0.410369	120	79	41	0	0	0	0
AF	0	0.410681	94	70	24	0	0	0	0
AF	0	0.410993	122	76	46	0	0	0	0
AF	0	0.411305	91	68	23	0	0	0	0
AF	0	0.411618	85	60	25	0	0	0	0
AF	0	0.411930	102	69	33	0	0	0	0
AF	0	0.412242	94	67	27	0	0	0	0
AF	0	0.412555	98	69	29	0	0	0	0
AF	0	0.412867	102	74	28	0	0	0	0
AF	0	0.413179	93	63	30	0	0	0	0
AF	0	0.413492	106	66	40	0	0	0	0
AF	0	0.413804	105	72	33	0	0	0	0
AF	0	0.414116	80	48	32	0	0	0	0
AF	0	0.414428	99	68	31	0	0	0	0
AF	0	0.414741	98	64	34	0	0	0	0
AF	0	0.415053	90	66	24	0	0	0	0
AF	0	0.415365	109	75	34	0	0	0	0
AF	0	0.415678	124	86	38	0	0	0	0
AF	0	0.415990	109	77	32	0	0	0	0
AF	0	0.416302	98	72	26	0	0	0	0
AF	0	0.416615	88	56	32	0	0	0	0
AF	0	0.416927	90	56	34	0	0	0	0
AF	0	0.417239	89	58	31	0	0	0	0
AF	0	0.417552	84	58	26	0	0	0	0
AF	0	0.417864	112	68	44	0	0	0	0
AF	0	0.418176	138	94	44	0	0	0	0
AF	0	0.418488	112	75	37	0	0	0	0
AF	0	0.418801	139	90	49	0	0	0	0
AF	0	0.419113	109	73	36	0	0	0	0
AF	0	0.419425	108	77	31	0	0	0	0
AF	0	0.419738	99	60	39	0	0	0	0
AF	0	0.420050	123	83	40	0	0	0	0
AF	0	0.420362	132	80	52	0	0	0	0
AF	0	0.420675	146	99	47	0	0	0	0
AF	0	0.420987	95	57	38	0	0	0	0
AF	0	0.421299	112	81	31	0	0	0	0
AF	0	0.421611	120	86	34	0	0	0	0
AF	0	0.421924	127	89	38	0	0	0	0
AF	0	0.422236	112	84	28	0	0	0	0
AF	0	0.422548	106	67	39	0	0	0	0
AF	0	0.422861	88	66	22	0	0	0	0
AF	0	0.423173	105	68	37	0	0	0	0
AF	0	0.423485	134	89	45	0	0	0	0
AF	0	0.423798	105	71	34	0	0	0	0
AF	0	0.424110	104	73	31	0	0	0	0
AF	0	0.424422	164	108	56	0	0	0	0
AF	0	0.424735	108	67	41	0	0	0	0
AF	0	0.425047	99	73	26	0	0	0	0
AF	0	0.425359	104	64	40	0	0	0	0
AF	0	0.425671	90	55	35	0	0	0	0
AF	0	0.425984	108	75	33	0	0	0	0
AF	0	0.426296	97	72	25	0	0	0	0
AF	0	0.426608	114	80	34	0	0	0	0
AF	0	0.426921	106	59	47	0	0	0	0
AF	0	0.427233	115	76	39	0	0	0	0
AF	0	0.427545	98	72	26	0	0	0	0
AF	0	0.427858	95	63	32	0	0	0	0
AF	0	0.428170	82	52	30	0	0	0	0
AF	0	0.428482	89	56	33	0	0	0	0
AF	0	0.428795	95	65	30	0	0	0	0
AF	0	0.429107	71	49	22	0	0	0	0
AF	0	0.429419	90	53	37	0	0	0	0
AF	0	0.429731	80	52	28	0	0	0	0
AF	0	0.430044	84	54	30	0	0	0	0
AF	0	0.430356	103	75	28	0	0	0	0
AF	0	0.430668	117	76	41	0	0	0	0
AF	0	0.430981	106	76	30	0	0	0	0
AF	0	0.431293	92	63	29	0	0	0	0
AF	0	0.431605	92	69	23	0	0	0	0
AF	0	0.431918	103	72	31	0	0	0	0
AF	0	0.432230	102	72	30	0	0	0	0
AF	0	0.432542	80	51	29	0	0	0	0
AF	0	0.432854	97	71	26	0	0	0	0
AF	0	0.433167	94	60	34	0	0	0	0
AF	0	0.433479	105	69	36	0	0	0	0
AF	0	0.433791	117	78	39	0	0	0	0
AF	0	0.434104	93	58	35	0	0	0	0
AF	0	0.434416	100	59	41	0	0	0	0
AF	0	0.434728	91	59	32	0	0	0	0
AF	0	0.435041	105	67	38	0	0	0	0
AF	0	0.435353	100	65	35	0	0	0	0
AF	0	0.435665	100	59	41	0	0	0	0
AF	0	0.435978	124	77	47	0	0	0	0
AF	0	0.436290	137	90	47	0	0	0	0
AF	0	0.436602	93	58	35	0	0	0	0
AF	0	0.436914	114	73	41	0	0	0	0
AF	0	0.437227	98	63	35	0	0	0	0
AF	0	0.437539	86	62	24	0	0	0	0
AF	0	0.437851	67	44	23	0	0	0	0
AF	0	0.438164	98	63	35	0	0	0	0
AF	0	0.438476	89	63	26	0	0	0	0
AF	0	0.438788	80	53	27	0	0	0	0
AF	0	0.439101	96	66	30	0	0	0	0
AF	0	0.439413	136	96	40	0	0	0	0
AF	0	0.439725	82	63	19	0	0	0	0
AF	0	0.440037	100	61	39	0	0	0	0
AF	0	0.440350	83	56	27	0	0	0	0
AF	0	0.440662	91	55	36	0	0	0	0
AF	0	0.440974	89	57	32	0	0	0	0
AF	0	0.441287	77	55	22	0	0	0	0
AF	0	0.441599	84	51	33	0	0	0	0
AF	0	0.441911	90	58	32	0	0	0	0
AF	0	0.442224	106	72	34	0	0	0	0
AF	0	0.442536	121	87	34	0	0	0	0
AF	0	0.442848	115	85	30	0	0	0	0
AF	0	0.443161	104	68	36	0	0	0	0
AF	0	0.443473	78	52	26	0	0	0	0
AF	0	0.443785	96	65	31	0	0	0	0
AF	0	0.444097	90	58	32	0	0	0	0
AF	0	0.444410	93	66	27	0	0	0	0
AF	0	0.444722	93	64	29	0	0	0	0
AF	0	0.445034	96	63	33	0	0	0	0
AF	0	0.445347	92	55	37	0	0	0	0
AF	0	0.445659	125	86	39	0	0	0	0
AF	0	0.445971	123	85	38	0	0	0	0
AF	0	0.446284	97	63	34	0	0	0	0
AF	0	0.446596	83	51	32	0	0	0	0
AF	0	0.446908	89	51	38	0	0	0	0
AF	0	0.447220	90	69	21	0	0	0	0
AF	0	0.447533	110	74	36	0	0	0	0
AF	0	0.447845	94	60	34	0	0	0	0
AF	0	0.448157	113	68	45	0	0	0	0
AF	0	0.448470	109	72	37	0	0	0	0
AF	0	0.448782	111	73	38	0	0	0	0
AF	0	0.449094	145	102	43	0	0	0	0
AF	0	0.449407	162	104	58	0	0	0	0
AF	0	0.449719	117	73	44	0	0	0	0
AF	0	0.450031	100	63	37	0	0	0	0
AF	0	0.450344	85	52	33	0	0	0	0
AF	0	0.450656	142	84	58	0	0	0	0
AF	0	0.450968	88	59	29	0	0	0	0
AF	0	0.451280	107	68	39	0	0	0	0
AF	0	0.451593	103	75	28	0	0	0	0
AF	0	0.451905	111	71	40	0	0	0	0
AF	0	0.452217	89	63	26	0	0	0	0
AF	0	0.452530	102	78	24	0	0	0	0
AF	0	0.452842	110	73	37	0	0	0	0
AF	0	0.453154	102	72	30	0	0	0	0
AF	0	0.453467	139	103	36	0	0	0	0
AF	0	0.453779	106	73	33	0	0	0	0
AF	0	0.454091	94	67	27	0	0	0	0
AF	0	0.454403	106	68	38	0	0	0	0
AF	0	0.454716	74	42	32	0	0	0	0
AF	0	0.455028	103	68	35	0	0	0	0
AF	0	0.455340	98	58	40	0	0	0	0
AF	0	0.455653	107	69	38	0	0	0	0
AF	0	0.455965	109	81	28	0	0	0	0
AF	0	0.456277	63	46	17	0	0	0	0
AF	0	0.456590	90	69	21	0	0	0	0
AF	0	0.456902	84	56	28	0	0	0	0
AF	0	0.457214	108	80	28	0	0	0	0
AF	0	0.457527	109	72	37	0	0	0	0
AF	0	0.457839	119	73	46	0	0	0	0
AF	0	0.458151	115	79	36	0	0	0	0
AF	0	0.458463	69	50	19	0	0	0	0
AF	0	0.458776	79	59	20	0	0	0	0
AF	0	0.459088	99	68	31	0	0	0	0
AF	0	0.459400	88	54	34	0	0	0	0
AF	0	0.459713	111	80	31	0	0	0	0
AF	0	0.460025	98	69	29	0	0	0	0
AF	0	0.460337	80	56	24	0	0	0	0
AF	0	0.460650	85	59	26	0	0	0	0
AF	0	0.460962	118	83	35	0	0	0	0
AF	0	0.461274	91	70	21	0	0	0	0
AF	0	0.461587	79	46	33	0	0	0	0
AF	0	0.461899	89	63	26	0	0	0	0
AF	0	0.462211	105	74	31	0	0	0	0
AF	0	0.462523	108	64	44	0	0	0	0
AF	0	0.462836	93	68	25	0	0	0	0
AF	0	0.463148	92	66	26	0	0	0	0
AF	0	0.463460	108	75	33	0	0	0	0
AF	0	0.463773	88	48	40	0	0	0	0
AF	0	0.464085	89	62	27	0	0	0	0
AF	0	0.464397	110	76	34	0	0	0	0
AF	0	0.464710	89	59	30	0	0	0	0
AF	0	0.465022	98	65	33	0	0	0	0
AF	0	0.465334	92	55	37	0	0	0	0
AF	0	0.465646	79	54	25	0	0	0	0
AF	0	0.465959	119	82	37	0	0	0	0
AF	0	0.466271	94	64	30	0	0	0	0
AF	0	0.466583	66	43	23	0	0	0	0
AF	0	0.466896	94	63	31	0	0	0	0
AF	0	0.467208	125	89	36	0	0	0	0
AF	0	0.467520	113	71	42	0	0	0	0
AF	0	0.467833	87	59	28	0	0	0	0
AF	0	0.468145	95	70	25	0	0	0	0
AF	0	0.468457	77	49	28	0	0	0	0
AF	0	0.468770	78	51	27	0	0	0	0
AF	0	0.469082	81	64	17	0	0	0	0
AF	0	0.469394	92	65	27	0	0	0	0
AF	0	0.469706	92	61	31	0	0	0	0
AF	0	0.470019	78	57	21	0	0	0	0
AF	0	0.470331	93	61	32	0	0	0	0
AF	0	0.470643	86	56	30	0	0	0	0
AF	0	0.470956	73	48	25	0	0	0	0
AF	0	0.471268	80	52	28	0	0	0	0
AF	0	0.471580	101	71	30	0	0	0	0
AF	0	0.471893	95	59	36	0	0	0	0
AF	0	0.472205	120	83	37	0	0	0	0
AF	0	0.472517	109	72	37	0	0	0	0
AF	0	0.472829	80	62	18	0	0	0	0
AF	0	0.473142	70	47	23	0	0	0	0
AF	0	0.473454	99	66	33	0	0	0	0
AF	0	0.473766	74	50	24	0	0	0	0
AF	0	0.474079	91	63	28	0	0	0	0
AF	0	0.474391	128	95	33	0	0	0	0
AF	0	0.474703	94	68	26	0	0	0	0
AF	0	0.475016	154	109	45	0	0	0	0
AF	0	0.475328	94	65	29	0	0	0	0
AF	0	0.475640	76	51	25	0	0	0	0
AF	0	0.475953	84	55	29	0	0	0	0
AF	0	0.476265	74	49	25	0	0	0	0
AF	0	0.476577	94	66	28	0	0	0	0
AF	0	0.476889	94	70	24	0	0	0	0
AF	0	0.477202	86	53	33	0	0	0	0
AF	0	0.477514	89	55	34	0	0	0	0
AF	0	0.477826	90	58	32	0	0	0	0
AF	0	0.478139	94	60	34	0	0	0	0
AF	0	0.478451	90	64	26	0	0	0	0
AF	0	0.478763	79	57	22	0	0	0	0
AF	0	0.479076	77	47	30	0	0	0	0
AF	0	0.479388	79	55	24	0	0	0	0
AF	0	0.479700	79	47	32	0	0	0	0
AF	0	0.480012	67	42	25	0	0	0	0
AF	0	0.480325	74	47	27	0	0	0	0
AF	0	0.480637	96	69	27	0	0	0	0
AF	0	0.480949	85	56	29	0	0	0	0
AF	0	0.481262	85	61	24	0	0	0	0
AF	0	0.481574	94	62	32	0	0	0	0
AF	0	0.481886	79	45	34	0	0	0	0
AF	0	0.482199	70	47	23	0	0	0	0
AF	0	0.482511	90	63	27	0	0	0	0
AF	0	0.482823	92	55	37	0	0	0	0
AF	0	0.483136	85	47	38	0	0	0	0
AF	0	0.483448	81	56	25	0	0	0	0
AF	0	0.483760	86	56	30	0	0	0	0
AF	0	0.484072	109	79	30	0	0	0	0
AF	0	0.484385	99	66	33	0	0	0	0
AF	0	0.484697	73	44	29	0	0	0	0
AF	0	0.485009	68	46	22	0	0	0	0
AF	0	0.485322	65	42	23	0	0	0	0
AF	0	0.485634	68	47	21	0	0	0	0
AF	0	0.485946	69	44	25	0	0	0	0
AF	0	0.486259	76	56	20	0	0	0	0
AF	0	0.486571	80	53	27	0	0	0	0
AF	0	0.486883	89	56	33	0	0	0	0
AF	0	0.487196	89	59	30	0	0	0	0
AF	0	0.487508	82	58	24	0	0	0	0
AF	0	0.487820	95	68	27	0	0	0	0
AF	0	0.488132	73	41	32	0	0	0	0
AF	0	0.488445	90	71	19	0	0	0	0
AF	0	0.488757	92	53	39	0	0	0	0
AF	0	0.489069	79	48	31	0	0	0	0
AF	0	0.489382	101	70	31	0	0	0	0
AF	0	0.489694	86	57	29	0	0	0	0
AF	0	0.490006	86	62	24	0	0	0	0
AF	0	0.490319	92	64	28	0	0	0	0
AF	0	0.490631	73	46	27	0	0	0	0
AF	0	0.490943	82	58	24	0	0	0	0
AF	0	0.491255	65	41	24	0	0	0	0
AF	0	0.491568	91	64	27	0	0	0	0
AF	0	0.491880	112	81	31	0	0	0	0
AF	0	0.492192	126	97	29	0	0	0	0
AF	0	0.492505	109	73	36	0	0	0	0
AF	0	0.492817	85	52	33	0	0	0	0
AF	0	0.493129	74	51	23	0	0	0	0
AF	0	0.493442	95	61	34	0	0	0	0
AF	0	0.493754	77	54	23	0	0	0	0
AF	0	0.494066	80	55	25	0	0	0	0
AF	0	0.494379	90	64	26	0	0	0	0
AF	0	0.494691	79	53	26	0	0	0	0
AF	0	0.495003	79	55	24	0	0	0	0
AF	0	0.495315	95	65	30	0	0	0	0
AF	0	0.495628	83	56	27	0	0	0	0
AF	0	0.495940	82	57	25	0	0	0	0
AF	0	0.496252	78	53	25	0	0	0	0
AF	0	0.496565	76	53	23	0	0	0	0
AF	0	0.496877	80	52	28	0	0	0	0
AF	0	0.497189	73	47	26	0	0	0	0
AF	0	0.497502	71	47	24	0	0	0	0
AF	0	0.497814	65	46	19	0	0	0	0
AF	0	0.498126	90	64	26	0	0	0	0
AF	0	0.498438	65	50	15	0	0	0	0
AF	0	0.498751	101	71	30	0	0	0	0
AF	0	0.499063	92	66	26	0	0	0	0
AF	0	0.499375	104	74	30	0	0	0	0
AF	0	0.499688	172	110	62	0	0	0	0
AF	0	0.500000	80	62	18	0	0	0	0
AF	0	0.500312	96	64	32	0	0	0	0
AF	0	0.500625	81	56	25	0	0	0	0
AF	0	0.500937	81	54	27	0	0	0	0
AF	0	0.501249	81	53	28	0	0	0	0
AF	0	0.501562	92	59	33	0	0	0	0
AF	0	0.501874	72	47	25	0	0	0	0
AF	0	0.502186	61	41	20	0	0	0	0
AF	0	0.502498	65	44	21	0	0	0	0
AF	0	0.502811	85	56	29	0	0	0	0
AF	0	0.503123	68	49	19	0	0	0	0
AF	0	0.503435	72	51	21	0	0	0	0
AF	0	0.503748	68	44	24	0	0	0	0
AF	0	0.504060	91	63	28	0	0	0	0
AF	0	0.504372	85	59	26	0	0	0	0
AF	0	0.504685	92	53	39	0	0	0	0
AF	0	0.504997	85	57	28	0	0	0	0
AF	0	0.505309	126	81	45	0	0	0	0
AF	0	0.505621	77	53	24	0	0	0	0
AF	0	0.505934	93	61	32	0	0	0	0
AF	0	0.506246	84	58	26	0	0	0	0
AF	0	0.506558	84	64	20	0	0	0	0
AF	0	0.506871	68	34	34	0	0	0	0
AF	0	0.507183	85	60	25	0	0	0	0
AF	0	0.507495	89	64	25	0	0	0	0
AF	0	0.507808	81	58	23	0	0	0	0
AF	0	0.508120	78	53	25	0	0	0	0
AF	0	0.508432	83	58	25	0	0	0	0
AF	0	0.508745	64	45	19	0	0	0	0
AF	0	0.509057	74	52	22	0	0	0	0
AF	0	0.509369	86	63	23	0	0	0	0
AF	0	0.509681	84	49	35	0	0	0	0
AF	0	0.509994	92	64	28	0	0	0	0
AF	0	0.510306	74	49	25	0	0	0	0
AF	0	0.510618	79	54	25	0	0	0	0
AF	0	0.510931	81	65	16	0	0	0	0
AF	0	0.511243	63	43	20	0	0	0	0
AF	0	0.511555	65	45	20	0	0	0	0
AF	0	0.511868	80	54	26	0	0	0	0
AF	0	0.512180	71	49	22	0	0	0	0
AF	0	0.512492	70	48	22	0	0	0	0
AF	0	0.512804	83	65	18	0	0	0	0
AF	0	0.513117	81	52	29	0	0	0	0
AF	0	0.513429	75	49	26	0	0	0	0
AF	0	0.513741	82	60	22	0	0	0	0
AF	0	0.514054	76	56	20	0	0	0	0
AF	0	0.514366	78	55	23	0	0	0	0
AF	0	0.514678	77	51	26	0	0	0	0
AF	0	0.514991	85	57	28	0	0	0	0
AF	0	0.515303	89	68	21	0	0	0	0
AF	0	0.515615	86	55	31	0	0	0	0
AF	0	0.515928	82	54	28	0	0	0	0
AF	0	0.516240	102	68	34	0	0	0	0
AF	0	0.516552	61	41	20	0	0	0	0
AF	0	0.516864	86	53	33	0	0	0	0
AF	0	0.517177	100	69	31	0	0	0	0
AF	0	0.517489	132	96	36	0	0	0	0
AF	0	0.517801	93	58	35	0	0	0	0
AF	0	0.518114	75	50	25	0	0	0	0
AF	0	0.518426	127	77	50	0	0	0	0
AF	0	0.518738	95	72	23	0	0	0	0
AF	0	0.519051	88	46	42	0	0	0	0
AF	0	0.519363	80	47	33	0	0	0	0
AF	0	0.519675	66	47	19	0	0	0	0
AF	0	0.519988	65	43	22	0	0	0	0
AF	0	0.520300	80	49	31	0	0	0	0
AF	0	0.520612	74	45	29	0	0	0	0
AF	0	0.520924	95	65	30	0	0	0	0
AF	0	0.521237	79	52	27	0	0	0	0
AF	0	0.521549	77	54	23	0	0	0	0
AF	0	0.521861	75	51	24	0	0	0	0
AF	0	0.522174	73	49	24	0	0	0	0
AF	0	0.522486	73	50	23	0	0	0	0
AF	0	0.522798	97	65	32	0	0	0	0
AF	0	0.523111	79	58	21	0	0	0	0
AF	0	0.523423	84	64	20	0	0	0	0
AF	0	0.523735	57	39	18	0	0	0	0
AF	0	0.524047	59	39	20	0	0	0	0
AF	0	0.524360	86	66	20	0	0	0	0
AF	0	0.524672	74	54	20	0	0	0	0
AF	0	0.524984	63	40	23	0	0	0	0
AF	0	0.525297	78	53	25	0	0	0	0
AF	0	0.525609	83	63	20	0	0	0	0
AF	0	0.525921	85	50	35	0	0	0	0
AF	0	0.526234	97	63	34	0	0	0	0
AF	0	0.526546	92	68	24	0	0	0	0
AF	0	0.526858	76	52	24	0	0	0	0
AF	0	0.527171	77	52	25	0	0	0	0
AF	0	0.527483	116	78	38	0	0	0	0
AF	0	0.527795	103	66	37	0	0	0	0
AF	0	0.528107	99	69	30	0	0	0	0
AF	0	0.528420	86	54	32	0	0	0	0
AF	0	0.528732	100	68	32	0	0	0	0
AF	0	0.529044	80	50	30	0	0	0	0
AF	0	0.529357	79	56	23	0	0	0	0
AF	0	0.529669	102	63	39	0	0	0	0
AF	0	0.529981	115	76	39	0	0	0	0
AF	0	0.530294	103	70	33	0	0	0	0
AF	0	0.530606	102	69	33	0	0	0	0
AF	0	0.530918	92	70	22	0	0	0	0
AF	0	0.531230	96	62	34	0	0	0	0
AF	0	0.531543	106	69	37	0	0	0	0
AF	0	0.531855	124	86	38	0	0	0	0
AF	0	0.532167	94	55	39	0	0	0	0
AF	0	0.532480	102	69	33	0	0	0	0
AF	0	0.532792	79	54	25	0	0	0	0
AF	0	0.533104	96	75	21	0	0	0	0
AF	0	0.533417	86	62	24	0	0	0	0
AF	0	0.533729	79	51	28	0	0	0	0
AF	0	0.534041	90	64	26	0	0	0	0
AF	0	0.534354	78	57	21	0	0	0	0
AF	0	0.534666	71	48	23	0	0	0	0
AF	0	0.534978	78	49	29	0	0	0	0
AF	0	0.535290	79	54	25	0	0	0	0
AF	0	0.535603	137	89	48	0	0	0	0
AF	0	0.535915	79	49	30	0	0	0	0
AF	0	0.536227	87	52	35	0	0	0	0
AF	0	0.536540	80	57	23	0	0	0	0
AF	0	0.536852	101	62	39	0	0	0	0
AF	0	0.537164	101	72	29	0	0	0	0
AF	0	0.537477	107	79	28	0	0	0	0
AF	0	0.537789	131	95	36	0	0	0	0
AF	0	0.538101	104	72	32	0	0	0	0
AF	0	0.538413	121	90	31	0	0	0	0
AF	0	0.538726	102	73	29	0	0	0	0
AF	0	0.539038	94	63	31	0	0	0	0
AF	0	0.539350	92	62	30	0	0	0	0
AF	0	0.539663	75	54	21	0	0	0	0
AF	0	0.539975	112	65	47	0	0	0	0
AF	0	0.540287	91	63	28	0	0	0	0
AF	0	0.540600	86	59	27	0	0	0	0
AF	0	0.540912	85	55	30	0	0	0	0
AF	0	0.541224	111	84	27	0	0	0	0
AF	0	0.541537	105	72	33	0	0	0	0
AF	0	0.541849	71	49	22	0	0	0	0
AF	0	0.542161	73	48	25	0	0	0	0
AF	0	0.542473	86	55	31	0	0	0	0
AF	0	0.542786	74	51	23	0	0	0	0
AF	0	0.543098	76	53	23	0	0	0	0
AF	0	0.543410	180	130	50	0	0	0	0
AF	0	0.543723	99	72	27	0	0	0	0
AF	0	0.544035	79	47	32	0	0	0	0
AF	0	0.544347	72	48	24	0	0	0	0
AF	0	0.544660	111	72	39	0	0	0	0
AF	0	0.544972	80	53	27	0	0	0	0
AF	0	0.545284	94	64	30	0	0	0	0
AF	0	0.545597	103	75	28	0	0	0	0
AF	0	0.545909	74	42	32	0	0	0	0
AF	0	0.546221	82	61	21	0	0	0	0
AF	0	0.546533	84	61	23	0	0	0	0
AF	0	0.546846	68	40	28	0	0	0	0
AF	0	0.547158	77	45	32	0	0	0	0
AF	0	0.547470	63	44	19	0	0	0	0
AF	0	0.547783	72	51	21	0	0	0	0
AF	0	0.548095	87	56	31	0	0	0	0
AF	0	0.548407	112	86	26	0	0	0	0
AF	0	0.548720	91	61	30	0	0	0	0
AF	0	0.549032	93	65	28	0	0	0	0
AF	0	0.549344	72	49	23	0	0	0	0
AF	0	0.549656	74	46	28	0	0	0	0
AF	0	0.549969	95	69	26	0	0	0	0
AF	0	0.550281	79	55	24	0	0	0	0
AF	0	0.550593	76	58	18	0	0	0	0
AF	0	0.550906	83	56	27	0	0	0	0
AF	0	0.551218	73	53	20	0	0	0	0
AF	0	0.551530	79	47	32	0	0	0	0
AF	0	0.551843	71	48	23	0	0	0	0
AF	0	0.552155	67	41	26	0	0	0	0
AF	0	0.552467	70	47	23	0	0	0	0
AF	0	0.552780	73	52	21	0	0	0	0
AF	0	0.553092	89	65	24	0	0	0	0
AF	0	0.553404	72	43	29	0	0	0	0
AF	0	0.553716	74	46	28	0	0	0	0
AF	0	0.554029	81	50	31	0	0	0	0
AF	0	0.554341	109	66	43	0	0	0	0
AF	0	0.554653	68	51	17	0	0	0	0
AF	0	0.554966	75	44	31	0	0	0	0
AF	0	0.555278	92	65	27	0	0	0	0
AF	0	0.555590	92	61	31	0	0	0	0
AF	0	0.555903	118	82	36	0	0	0	0
AF	0	0.556215	101	69	32	0	0	0	0
AF	0	0.556527	84	63	21	0	0	0	0
AF	0	0.556839	90	63	27	0	0	0	0
AF	0	0.557152	85	65	20	0	0	0	0
AF	0	0.557464	98	61	37	0	0	0	0
AF	0	0.557776	99	73	26	0	0	0	0
AF	0	0.558089	87	55	32	0	0	0	0
AF	0	0.558401	234	165	69	0	0	0	0
AF	0	0.558713	77	49	28	0	0	0	0
AF	0	0.559026	68	49	19	0	0	0	0
AF	0	0.559338	92	58	34	0	0	0	0
AF	0	0.559650	86	62	24	0	0	0	0
AF	0	0.559963	84	61	23	0	0	0	0
AF	0	0.560275	64	39	25	0	0	0	0
AF	0	0.560587	82	59	23	0	0	0	0
AF	0	0.560899	93	63	30	0	0	0	0
AF	0	0.561212	83	55	28	0	0	0	0
AF	0	0.561524	88	58	30	0	0	0	0
AF	0	0.561836	92	73	19	0	0	0	0
AF	0	0.562149	80	53	27	0	0	0	0
AF	0	0.562461	85	54	31	0	0	0	0
AF	0	0.562773	72	50	22	0	0	0	0
AF	0	0.563086	88	56	32	0	0	0	0
AF	0	0.563398	92	64	28	0	0	0	0
AF	0	0.563710	93	66	27	0	0	0	0
AF	0	0.564022	82	59	23	0	0	0	0
AF	0	0.564335	81	56	25	0	0	0	0
AF	0	0.564647	79	60	19	0	0	0	0
AF	0	0.564959	63	38	25	0	0	0	0
AF	0	0.565272	78	51	27	0	0	0	0
AF	0	0.565584	89	64	25	0	0	0	0
AF	0	0.565896	102	62	40	0	0	0	0
AF	0	0.566209	118	78	40	0	0	0	0
AF	0	0.566521	103	65	38	0	0	0	0
AF	0	0.566833	106	76	30	0	0	0	0
AF	0	0.567146	78	56	22	0	0	0	0
AF	0	0.567458	76	51	25	0	0	0	0
AF	0	0.567770	110	75	35	0	0	0	0
AF	0	0.568082	68	42	26	0	0	0	0
AF	0	0.568395	86	54	32	0	0	0	0
AF	0	0.568707	57	36	21	0	0	0	0
AF	0	0.569019	71	48	23	0	0	0	0
AF	0	0.569332	73	50	23	0	0	0	0
AF	0	0.569644	95	65	30	0	0	0	0
AF	0	0.569956	69	39	30	0	0	0	0
AF	0	0.570269	73	51	22	0	0	0	0
AF	0	0.570581	88	58	30	0	0	0	0
AF	0	0.570893	103	65	38	0	0	0	0
AF	0	0.571205	86	56	30	0	0	0	0
AF	0	0.571518	86	54	32	0	0	0	0
AF	0	0.571830	79	46	33	0	0	0	0
AF	0	0.572142	81	58	23	0	0	0	0
AF	0	0.572455	80	49	31	0	0	0	0
AF	0	0.572767	102	73	29	0	0	0	0
AF	0	0.573079	88	58	30	0	0	0	0
AF	0	0.573392	90	53	37	0	0	0	0
AF	0	0.573704	97	63	34	0	0	0	0
AF	0	0.574016	87	56	31	0	0	0	0
AF	0	0.574329	102	73	29	0	0	0	0
AF	0	0.574641	75	51	24	0	0	0	0
AF	0	0.574953	74	54	20	0	0	0	0
AF	0	0.575265	68	48	20	0	0	0	0
AF	0	0.575578	71	47	24	0	0	0	0
AF	0	0.575890	71	50	21	0	0	0	0
AF	0	0.576202	105	67	38	0	0	0	0
AF	0	0.576515	81	54	27	0	0	0	0
AF	0	0.576827	77	50	27	0	0	0	0
AF	0	0.577139	115	79	36	0	0	0	0
AF	0	0.577452	88	67	21	0	0	0	0
AF	0	0.577764	82	62	20	0	0	0	0
AF	0	0.578076	65	45	20	0	0	0	0
AF	0	0.578389	94	67	27	0	0	0	0
AF	0	0.578701	80	58	22	0	0	0	0
AF	0	0.579013	83	49	34	0	0	0	0
AF	0	0.579325	70	42	28	0	0	0	0
AF	0	0.579638	71	46	25	0	0	0	0
AF	0	0.579950	65	46	19	0	0	0	0
AF	0	0.580262	82	53	29	0	0	0	0
AF	0	0.580575	97	67	30	0	0	0	0
AF	0	0.580887	108	73	35	0	0	0	0
AF	0	0.581199	103	70	33	0	0	0	0
AF	0	0.581512	153	108	45	0	0	0	0
AF	0	0.581824	81	51	30	0	0	0	0
AF	0	0.582136	92	56	36	0	0	0	0
AF	0	0.582448	82	59	23	0	0	0	0
AF	0	0.582761	89	55	34	0	0	0	0
AF	0	0.583073	89	63	26	0	0	0	0
AF	0	0.583385	98	63	35	0	0	0	0
AF	0	0.583698	95	61	34	0	0	0	0
AF	0	0.584010	88	59	29	0	0	0	0
AF	0	0.584322	67	49	18	0	0	0	0
AF	0	0.584635	95	76	19	0	0	0	0
AF	0	0.584947	90	52	38	0	0	0	0
AF	0	0.585259	89	61	28	0	0	0	0
AF	0	0.585572	190	122	68	0	0	0	0
AF	0	0.585884	103	70	33	0	0	0	0
AF	0	0.586196	97	74	23	0	0	0	0
AF	0	0.586508	75	48	27	0	0	0	0
AF	0	0.586821	76	59	17	0	0	0	0
AF	0	0.587133	89	64	25	0	0	0	0
AF	0	0.587445	84	66	18	0	0	0	0
AF	0	0.587758	74	55	19	0	0	0	0
AF	0	0.588070	68	43	25	0	0	0	0
AF	0	0.588382	75	58	17	0	0	0	0
AF	0	0.588695	63	48	15	0	0	0	0
AF	0	0.589007	71	43	28	0	0	0	0
AF	0	0.589319	74	59	15	0	0	0	0
AF	0	0.589631	77	54	23	0	0	0	0
AF	0	0.589944	100	60	40	0	0	0	0
AF	0	0.590256	79	45	34	0	0	0	0
AF	0	0.590568	73	46	27	0	0	0	0
AF	0	0.590881	70	52	18	0	0	0	0
AF	0	0.591193	76	55	21	0	0	0	0
AF	0	0.591505	96	66	30	0	0	0	0
AF	0	0.591818	87	57	30	0	0	0	0
AF	0	0.592130	76	52	24	0	0	0	0
AF	0	0.592442	95	69	26	0	0	0	0
AF	0	0.592755	92	58	34	0	0	0	0
AF	0	0.593067	68	49	19	0	0	0	0
AF	0	0.593379	84	54	30	0	0	0	0
AF	0	0.593691	79	54	25	0	0	0	0
AF	0	0.594004	73	51	22	0	0	0	0
AF	0	0.594316	90	55	35	0	0	0	0
AF	0	0.594628	74	52	22	0	0	0	0
AF	0	0.594941	83	56	27	0	0	0	0
AF	0	0.595253	76	50	26	0	0	0	0
AF	0	0.595565	88	54	34	0	0	0	0
AF	0	0.595878	82	57	25	0	0	0	0
AF	0	0.596190	96	69	27	0	0	0	0
AF	0	0.596502	72	50	22	0	0	0	0
AF	0	0.596814	79	60	19	0	0	0	0
AF	0	0.597127	85	61	24	0	0	0	0
AF	0	0.597439	71	56	15	0	0	0	0
AF	0	0.597751	90	67	23	0	0	0	0
AF	0	0.598064	82	62	20	0	0	0	0
AF	0	0.598376	67	46	21	0	0	0	0
AF	0	0.598688	76	50	26	0	0	0	0
AF	0	0.599001	73	49	24	0	0	0	0
AF	0	0.599313	65	42	23	0	0	0	0
AF	0	0.599625	62	45	17	0	0	0	0
AF	0	0.599938	68	47	21	0	0	0	0
AF	0	0.600250	63	46	17	0	0	0	0
AF	0	0.600562	69	41	28	0	0	0	0
AF	0	0.600874	77	48	29	0	0	0	0
AF	0	0.601187	84	56	28	0	0	0	0
AF	0	0.601499	81	54	27	0	0	0	0
AF	0	0.601811	67	46	21	0	0	0	0
AF	0	0.602124	82	54	28	0	0	0	0
AF	0	0.602436	76	52	24	0	0	0	0
AF	0	0.602748	74	49	25	0	0	0	0
AF	0	0.603061	82	41	41	0	0	0	0
AF	0	0.603373	75	49	26	0	0	0	0
AF	0	0.603685	80	61	19	0	0	0	0
AF	0	0.603998	77	52	25	0	0	0	0
AF	0	0.604310	87	64	23	0	0	0	0
AF	0	0.604622	86	61	25	0	0	0	0
AF	0	0.604934	75	57	18	0	0	0	0
AF	0	0.605247	75	38	37	0	0	0	0
AF	0	0.605559	66	44	22	0	0	0	0
AF	0	0.605871	77	52	25	0	0	0	0
AF	0	0.606184	72	50	22	0	0	0	0
AF	0	0.606496	82	55	27	0	0	0	0
AF	0	0.606808	95	63	32	0	0	0	0
AF	0	0.607121	93	61	32	0	0	0	0
AF	0	0.607433	82	45	37	0	0	0	0
AF	0	0.607745	92	62	30	0	0	0	0
AF	0	0.608057	105	75	30	0	0	0	0
AF	0	0.608370	86	62	24	0	0	0	0
AF	0	0.608682	79	43	36	0	0	0	0
AF	0	0.608994	64	35	29	0	0	0	0
AF	0	0.609307	68	51	17	0	0	0	0
AF	0	0.609619	82	56	26	0	0	0	0
AF	0	0.609931	85	63	22	0	0	0	0
AF	0	0.610244	72	51	21	0	0	0	0
AF	0	0.610556	92	59	33	0	0	0	0
AF	0	0.610868	75	48	27	0	0	0	0
AF	0	0.611181	69	47	22	0	0	0	0
AF	0	0.611493	93	65	28	0	0	0	0
AF	0	0.611805	96	54	42	0	0	0	0
AF	0	0.612117	62	43	19	0	0	0	0
AF	0	0.612430	70	48	22	0	0	0	0
AF	0	0.612742	73	51	22	0	0	0	0
AF	0	0.613054	57	42	15	0	0	0	0
AF	0	0.613367	92	61	31	0	0	0	0
AF	0	0.613679	64	47	17	0	0	0	0
AF	0	0.613991	66	50	16	0	0	0	0
AF	0	0.614304	87	63	24	0	0	0	0
AF	0	0.614616	83	58	25	0	0	0	0
AF	0	0.614928	85	59	26	0	0	0	0
AF	0	0.615240	76	53	23	0	0	0	0
AF	0	0.615553	67	48	19	0	0	0	0
AF	0	0.615865	82	54	28	0	0	0	0
AF	0	0.616177	90	65	25	0	0	0	0
AF	0	0.616490	82	63	19	0	0	0	0
AF	0	0.616802	63	35	28	0	0	0	0
AF	0	0.617114	90	63	27	0	0	0	0
AF	0	0.617427	85	52	33	0	0	0	0
AF	0	0.617739	64	39	25	0	0	0	0
AF	0	0.618051	69	44	25	0	0	0	0
AF	0	0.618364	71	46	25	0	0	0	0
AF	0	0.618676	67	48	19	0	0	0	0
AF	0	0.618988	69	52	17	0	0	0	0
AF	0	0.619300	42	34	8	0	0	0	0
AF	0	0.619613	71	49	22	0	0	0	0
AF	0	0.619925	69	54	15	0	0	0	0
AF	0	0.620237	88	60	28	0	0	0	0
AF	0	0.620550	60	40	20	0	0	0	0
AF	0	0.620862	80	64	16	0	0	0	0
AF	0	0.621174	73	55	18	0	0	0	0
AF	0	0.621487	66	43	23	0	0	0	0
AF	0	0.621799	68	48	20	0	0	0	0
AF	0	0.622111	77	52	25	0	0	0	0
AF	0	0.622423	132	87	45	0	0	0	0
AF	0	0.622736	99	63	36	0	0	0	0
AF	0	0.623048	80	55	25	0	0	0	0
AF	0	0.623360	69	53	16	0	0	0	0
AF	0	0.623673	92	71	21	0	0	0	0
AF	0	0.623985	79	59	20	0	0	0	0
AF	0	0.624297	74	47	27	0	0	0	0
AF	0	0.624610	100	58	42	0	0	0	0
AF	0	0.624922	75	46	29	0	0	0	0
AF	0	0.625234	103	76	27	0	0	0	0
AF	0	0.625547	84	61	23	0	0	0	0
AF	0	0.625859	71	50	21	0	0	0	0
AF	0	0.626171	72	55	17	0	0	0	0
AF	0	0.626483	67	39	28	0	0	0	0
AF	0	0.626796	97	63	34	0	0	0	0
AF	0	0.627108	89	56	33	0	0	0	0
AF	0	0.627420	83	56	27	0	0	0	0
AF	0	0.627733	83	54	29	0	0	0	0
AF	0	0.628045	79	58	21	0	0	0	0
AF	0	0.628357	93	62	31	0	0	0	0
AF	0	0.628670	73	48	25	0	0	0	0
AF	0	0.628982	69	48	21	0	0	0	0
AF	0	0.629294	69	51	18	0	0	0	0
AF	0	0.629606	68	48	20	0	0	0	0
AF	0	0.629919	77	55	22	0	0	0	0
AF	0	0.630231	63	48	15	0	0	0	0
AF	0	0.630543	70	44	26	0	0	0	0
AF	0	0.630856	63	44	19	0	0	0	0
AF	0	0.631168	68	42	26	0	0	0	0
AF	0	0.631480	70	47	23	0	0	0	0
AF	0	0.631793	77	55	22	0	0	0	0
AF	0	0.632105	51	32	19	0	0	0	0
AF	0	0.632417	61	38	23	0	0	0	0
AF	0	0.632730	46	31	15	0	0	0	0
AF	0	0.633042	64	48	16	0	0	0	0
AF	0	0.633354	64	52	12	0	0	0	0
AF	0	0.633666	54	35	19	0	0	0	0
AF	0	0.633979	64	45	19	0	0	0	0
AF	0	0.634291	64	42	22	0	0	0	0
AF	0	0.634603	69	42	27	0	0	0	0
AF	0	0.634916	70	43	27	0	0	0	0
AF	0	0.635228	56	35	21	0	0	0	0
AF	0	0.635540	79	51	28	0	0	0	0
AF	0	0.635853	57	40	17	0	0	0	0
AF	0	0.636165	55	41	14	0	0	0	0
AF	0	0.636477	66	48	18	0	0	0	0
AF	0	0.636790	55	33	22	0	0	0	0
AF	0	0.637102	63	47	16	0	0	0	0
AF	0	0.637414	78	61	17	0	0	0	0
AF	0	0.637726	64	44	20	0	0	0	0
AF	0	0.638039	49	31	18	0	0	0	0
AF	0	0.638351	67	37	30	0	0	0	0
AF	0	0.638663	76	48	28	0	0	0	0
AF	0	0.638976	62	43	19	0	0	0	0
AF	0	0.639288	69	50	19	0	0	0	0
AF	0	0.639600	59	41	18	0	0	0	0
AF	0	0.639913	55	33	22	0	0	0	0
AF	0	0.640225	62	33	29	0	0	0	0
AF	0	0.640537	87	65	22	0	0	0	0
AF	0	0.640849	73	46	27	0	0	0	0
AF	0	0.641162	85	57	28	0	0	0	0
AF	0	0.641474	67	48	19	0	0	0	0
AF	0	0.641786	68	45	23	0	0	0	0
AF	0	0.642099	62	38	24	0	0	0	0
AF	0	0.642411	69	45	24	0	0	0	0
AF	0	0.642723	64	43	21	0	0	0	0
AF	0	0.643036	58	37	21	0	0	0	0
AF	0	0.643348	77	56	21	0	0	0	0
AF	0	0.643660	65	46	19	0	0	0	0
AF	0	0.643973	61	44	17	0	0	0	0
AF	0	0.644285	67	35	32	0	0	0	0
AF	0	0.644597	67	45	22	0	0	0	0
AF	0	0.644909	84	59	25	0	0	0	0
AF	0	0.645222	78	46	32	0	0	0	0
AF	0	0.645534	43	32	11	0	0	0	0
AF	0	0.645846	55	34	21	0	0	0	0
AF	0	0.646159	61	41	20	0	0	0	0
AF	0	0.646471	70	45	25	0	0	0	0
AF	0	0.646783	71	51	20	0	0	0	0
AF	0	0.647096	62	45	17	0	0	0	0
AF	0	0.647408	74	45	29	0	0	0	0
AF	0	0.647720	70	49	21	0	0	0	0
AF	0	0.648032	72	48	24	0	0	0	0
AF	0	0.648345	64	44	20	0	0	0	0
AF	0	0.648657	82	55	27	0	0	0	0
AF	0	0.648969	53	40	13	0	0	0	0
AF	0	0.649282	71	50	21	0	0	0	0
AF	0	0.649594	67	47	20	0	0	0	0
AF	0	0.649906	81	59	22	0	0	0	0
AF	0	0.650219	62	44	18	0	0	0	0
AF	0	0.650531	80	50	30	0	0	0	0
AF	0	0.650843	69	42	27	0	0	0	0
AF	0	0.651156	70	53	17	0	0	0	0
AF	0	0.651468	90	58	32	0	0	0	0
AF	0	0.651780	64	46	18	0	0	0	0
AF	0	0.652092	75	49	26	0	0	0	0
AF	0	0.652405	59	33	26	0	0	0	0
AF	0	0.652717	83	55	28	0	0	0	0
AF	0	0.653029	60	39	21	0	0	0	0
AF	0	0.653342	70	50	20	0	0	0	0
AF	0	0.653654	67	51	16	0	0	0	0
AF	0	0.653966	65	42	23	0	0	0	0
AF	0	0.654279	63	43	20	0	0	0	0
AF	0	0.654591	63	43	20	0	0	0	0
AF	0	0.654903	67	51	16	0	0	0	0
AF	0	0.655215	68	48	20	0	0	0	0
AF	0	0.655528	72	45	27	0	0	0	0
AF	0	0.655840	50	31	19	0	0	0	0
AF	0	0.656152	70	42	28	0	0	0	0
AF	0	0.656465	79	60	19	0	0	0	0
AF	0	0.656777	74	51	23	0	0	0	0
AF	0	0.657089	59	39	20	0	0	0	0
AF	0	0.657402	73	54	19	0	0	0	0
AF	0	0.657714	90	56	34	0	0	0	0
AF	0	0.658026	77	56	21	0	0	0	0
AF	0	0.658339	80	53	27	0	0	0	0
AF	0	0.658651	104	77	27	0	0	0	0
AF	0	0.658963	110	70	40	0	0	0	0
AF	0	0.659275	95	68	27	0	0	0	0
AF	0	0.659588	91	56	35	0	0	0	0
AF	0	0.659900	129	85	44	0	0	0	0
AF	0	0.660212	85	48	37	0	0	0	0
AF	0	0.660525	62	39	23	0	0	0	0
AF	0	0.660837	70	55	15	0	0	0	0
AF	0	0.661149	72	49	23	0	0	0	0
AF	0	0.661462	75	41	34	0	0	0	0
AF	0	0.661774	77	51	26	0	0	0	0
AF	0	0.662086	61	37	24	0	0	0	0
AF	0	0.662399	80	49	31	0	0	0	0
AF	0	0.662711	80	57	23	0	0	0	0
AF	0	0.663023	64	50	14	0	0	0	0
AF	0	0.663335	57	48	9	0	0	0	0
AF	0	0.663648	64	43	21	0	0	0	0
AF	0	0.663960	49	37	12	0	0	0	0
AF	0	0.664272	57	44	13	0	0	0	0
AF	0	0.664585	48	33	15	0	0	0	0
AF	0	0.664897	65	42	23	0	0	0	0
AF	0	0.665209	72	41	31	0	0	0	0
AF	0	0.665522	54	37	17	0	0	0	0
AF	0	0.665834	73	51	22	0	0	0	0
AF	0	0.666146	57	37	20	0	0	0	0
AF	0	0.666458	51	32	19	0	0	0	0
AF	0	0.666771	47	27	20	0	0	0	0
AF	0	0.667083	70	43	27	0	0	0	0
AF	0	0.667395	71	36	35	0	0	0	0
AF	0	0.667708	78	50	28	0	0	0	0
AF	0	0.668020	61	41	20	0	0	0	0
AF	0	0.668332	61	43	18	0	0	0	0
AF	0	0.668645	69	51	18	0	0	0	0
AF	0	0.668957	53	39	14	0	0	0	0
AF	0	0.669269	52	34	18	0	0	0	0
AF	0	0.669582	57	38	19	0	0	0	0
AF	0	0.669894	71	48	23	0	0	0	0
AF	0	0.670206	47	33	14	0	0	0	0
AF	0	0.670518	58	40	18	0	0	0	0
AF	0	0.670831	59	43	16	0	0	0	0
AF	0	0.671143	51	41	10	0	0	0	0
AF	0	0.671455	50	34	16	0	0	0	0
AF	0	0.671768	64	38	26	0	0	0	0
AF	0	0.672080	53	35	18	0	0	0	0
AF	0	0.672392	66	42	24	0	0	0	0
AF	0	0.672705	70	50	20	0	0	0	0
AF	0	0.673017	46	31	15	0	0	0	0
AF	0	0.673329	53	33	20	0	0	0	0
AF	0	0.673641	70	46	24	0	0	0	0
AF	0	0.673954	93	62	31	0	0	0	0
AF	0	0.674266	60	36	24	0	0	0	0
AF	0	0.674578	71	45	26	0	0	0	0
AF	0	0.674891	73	53	20	0	0	0	0
AF	0	0.675203	67	44	23	0	0	0	0
AF	0	0.675515	46	30	16	0	0	0	0
AF	0	0.675828	92	66	26	0	0	0	0
AF	0	0.676140	74	48	26	0	0	0	0
AF	0	0.676452	82	54	28	0	0	0	0
AF	0	0.676765	75	49	26	0	0	0	0
AF	0	0.677077	68	40	28	0	0	0	0
AF	0	0.677389	85	53	32	0	0	0	0
AF	0	0.677701	48	34	14	0	0	0	0
AF	0	0.678014	54	32	22	0	0	0	0
AF	0	0.678326	75	48	27	0	0	0	0
AF	0	0.678638	58	43	15	0	0	0	0
AF	0	0.678951	50	38	12	0	0	0	0
AF	0	0.679263	57	42	15	0	0	0	0
AF	0	0.679575	66	42	24	0	0	0	0
AF	0	0.679888	50	30	20	0	0	0	0
AF	0	0.680200	67	45	22	0	0	0	0
AF	0	0.680512	67	43	24	0	0	0	0
AF	0	0.680824	74	49	25	0	0	0	0
AF	0	0.681137	94	69	25	0	0	0	0
AF	0	0.681449	71	60	11	0	0	0	0
AF	0	0.681761	79	56	23	0	0	0	0
AF	0	0.682074	58	38	20	0	0	0	0
AF	0	0.682386	79	47	32	0	0	0	0
AF	0	0.682698	82	60	22	0	0	0	0
AF	0	0.683011	95	64	31	0	0	0	0
AF	0	0.683323	96	66	30	0	0	0	0
AF	0	0.683635	95	67	28	0	0	0	0
AF	0	0.683948	89	59	30	0	0	0	0
AF	0	0.684260	66	40	26	0	0	0	0
AF	0	0.684572	47	34	13	0	0	0	0
AF	0	0.684884	58	41	17	0	0	0	0
AF	0	0.685197	68	52	16	0	0	0	0
AF	0	0.685509	46	31	15	0	0	0	0
AF	0	0.685821	60	42	18	0	0	0	0
AF	0	0.686134	58	34	24	0	0	0	0
AF	0	0.686446	61	41	20	0	0	0	0
AF	0	0.686758	49	32	17	0	0	0	0
AF	0	0.687071	58	41	17	0	0	0	0
AF	0	0.687383	73	47	26	0	0	0	0
AF	0	0.687695	72	48	24	0	0	0	0
AF	0	0.688007	66	51	15	0	0	0	0
AF	0	0.688320	80	48	32	0	0	0	0
AF	0	0.688632	87	57	30	0	0	0	0
AF	0	0.688944	93	64	29	0	0	0	0
AF	0	0.689257	82	54	28	0	0	0	0
AF	0	0.689569	75	50	25	0	0	0	0
AF	0	0.689881	104	66	38	0	0	0	0
AF	0	0.690194	62	36	26	0	0	0	0
AF	0	0.690506	47	34	13	0	0	0	0
AF	0	0.690818	66	42	24	0	0	0	0
AF	0	0.691131	72	51	21	0	0	0	0
AF	0	0.691443	64	45	19	0	0	0	0
AF	0	0.691755	75	52	23	0	0	0	0
AF	0	0.692067	53	37	16	0	0	0	0
AF	0	0.692380	66	41	25	0	0	0	0
AF	0	0.692692	52	31	21	0	0	0	0
AF	0	0.693004	49	35	14	0	0	0	0
AF	0	0.693317	55	42	13	0	0	0	0
AF	0	0.693629	57	42	15	0	0	0	0
AF	0	0.693941	59	36	23	0	0	0	0
AF	0	0.694254	59	39	20	0	0	0	0
AF	0	0.694566	65	46	19	0	0	0	0
AF	0	0.694878	67	46	21	0	0	0	0
AF	0	0.695191	72	51	21	0	0	0	0
AF	0	0.695503	63	41	22	0	0	0	0
AF	0	0.695815	94	64	30	0	0	0	0
AF	0	0.696127	82	55	27	0	0	0	0
AF	0	0.696440	78	53	25	0	0	0	0
AF	0	0.696752	72	52	20	0	0	0	0
AF	0	0.697064	69	42	27	0	0	0	0
AF	0	0.697377	62	39	23	0	0	0	0
AF	0	0.697689	47	37	10	0	0	0	0
AF	0	0.698001	50	33	17	0	0	0	0
AF	0	0.698314	82	57	25	0	0	0	0
AF	0	0.698626	84	53	31	0	0	0	0
AF	0	0.698938	73	44	29	0	0	0	0
AF	0	0.699250	79	55	24	0	0	0	0
AF	0	0.699563	81	57	24	0	0	0	0
AF	0	0.699875	87	56	31	0	0	0	0
AF	0	0.700187	51	35	16	0	0	0	0
AF	0	0.700500	64	39	25	0	0	0	0
AF	0	0.700812	98	75	23	0	0	0	0
AF	0	0.701124	43	29	14	0	0	0	0
AF	0	0.701437	60	43	17	0	0	0	0
AF	0	0.701749	71	43	28	0	0	0	0
AF	0	0.702061	56	37	19	0	0	0	0
AF	0	0.702374	60	47	13	0	0	0	0
AF	0	0.702686	53	41	12	0	0	0	0
AF	0	0.702998	48	30	18	0	0	0	0
AF	0	0.703310	50	39	11	0	0	0	0
AF	0	0.703623	60	35	25	0	0	0	0
AF	0	0.703935	71	50	21	0	0	0	0
AF	0	0.704247	70	49	21	0	0	0	0
AF	0	0.704560	87	59	28	0	0	0	0
AF	0	0.704872	79	48	31	0	0	0	0
AF	0	0.705184	65	39	26	0	0	0	0
AF	0	0.705497	69	51	18	0	0	0	0
AF	0	0.705809	55	39	16	0	0	0	0
AF	0	0.706121	50	37	13	0	0	0	0
AF	0	0.706433	53	41	12	0	0	0	0
AF	0	0.706746	54	35	19	0	0	0	0
AF	0	0.707058	51	35	16	0	0	0	0
AF	0	0.707370	48	32	16	0	0	0	0
AF	0	0.707683	75	54	21	0	0	0	0
AF	0	0.707995	66	45	21	0	0	0	0
AF	0	0.708307	86	58	28	0	0	0	0
AF	0	0.708620	60	41	19	0	0	0	0
AF	0	0.708932	41	27	14	0	0	0	0
AF	0	0.709244	54	36	18	0	0	0	0
AF	0	0.709557	67	41	26	0	0	0	0
AF	0	0.709869	62	41	21	0	0	0	0
AF	0	0.710181	90	64	26	0	0	0	0
AF	0	0.710493	71	50	21	0	0	0	0
AF	0	0.710806	72	47	25	0	0	0	0
AF	0	0.711118	64	39	25	0	0	0	0
AF	0	0.711430	55	34	21	0	0	0	0
AF	0	0.711743	94	68	26	0	0	0	0
AF	0	0.712055	105	73	32	0	0	0	0
AF	0	0.712367	69	56	13	0	0	0	0
AF	0	0.712680	90	57	33	0	0	0	0
AF	0	0.712992	60	42	18	0	0	0	0
AF	0	0.713304	54	38	16	0	0	0	0
AF	0	0.713616	54	35	19	0	0	0	0
AF	0	0.713929	43	28	15	0	0	0	0
AF	0	0.714241	48	29	19	0	0	0	0
AF	0	0.714553	65	44	21	0	0	0	0
AF	0	0.714866	58	40	18	0	0	0	0
AF	0	0.715178	59	44	15	0	0	0	0
AF	0	0.715490	68	49	19	0	0	0	0
AF	0	0.715803	76	48	28	0	0	0	0
AF	0	0.716115	80	65	15	0	0	0	0
AF	0	0.716427	56	40	16	0	0	0	0
AF	0	0.716740	64	43	21	0	0	0	0
AF	0	0.717052	46	31	15	0	0	0	0
AF	0	0.717364	61	45	16	0	0	0	0
AF	0	0.717676	42	31	11	0	0	0	0
AF	0	0.717989	62	43	19	0	0	0	0
AF	0	0.718301	63	44	19	0	0	0	0
AF	0	0.718613	58	44	14	0	0	0	0
AF	0	0.718926	67	43	24	0	0	0	0
AF	0	0.719238	70	40	30	0	0	0	0
AF	0	0.719550	97	63	34	0	0	0	0
AF	0	0.719863	85	60	25	0	0	0	0
AF	0	0.720175	107	73	34	0	0	0	0
AF	0	0.720487	55	34	21	0	0	0	0
AF	0	0.720800	65	46	19	0	0	0	0
AF	0	0.721112	75	52	23	0	0	0	0
AF	0	0.721424	48	29	19	0	0	0	0
AF	0	0.721736	60	37	23	0	0	0	0
AF	0	0.722049	60	36	24	0	0	0	0
AF	0	0.722361	44	25	19	0	0	0	0
AF	0	0.722673	55	35	20	0	0	0	0
AF	0	0.722986	78	60	18	0	0	0	0
AF	0	0.723298	51	39	12	0	0	0	0
AF	0	0.723610	62	43	19	0	0	0	0
AF	0	0.723923	67	42	25	0	0	0	0
AF	0	0.724235	73	52	21	0	0	0	0
AF	0	0.724547	57	36	21	0	0	0	0
AF	0	0.724859	57	33	24	0	0	0	0
AF	0	0.725172	51	36	15	0	0	0	0
AF	0	0.725484	70	45	25	0	0	0	0
AF	0	0.725796	61	40	21	0	0	0	0
AF	0	0.726109	51	33	18	0	0	0	0
AF	0	0.726421	60	45	15	0	0	0	0
AF	0	0.726733	55	41	14	0	0	0	0
AF	0	0.727046	52	35	17	0	0	0	0
AF	0	0.727358	78	50	28	0	0	0	0
AF	0	0.727670	64	44	20	0	0	0	0
AF	0	0.727983	62	40	22	0	0	0	0
AF	0	0.728295	56	37	19	0	0	0	0
AF	0	0.728607	47	34	13	0	0	0	0
AF	0	0.728919	63	39	24	0	0	0	0
AF	0	0.729232	65	39	26	0	0	0	0
AF	0	0.729544	64	44	20	0	0	0	0
AF	0	0.729856	54	39	15	0	0	0	0
AF	0	0.730169	50	38	12	0	0	0	0
AF	0	0.730481	64	42	22	0	0	0	0
AF	0	0.730793	71	52	19	0	0	0	0
AF	0	0.731106	66	46	20	0	0	0	0
AF	0	0.731418	55	36	19	0	0	0	0
AF	0	0.731730	55	35	20	0	0	0	0
AF	0	0.732042	44	29	15	0	0	0	0
AF	0	0.732355	45	37	8	0	0	0	0
AF	0	0.732667	49	36	13	0	0	0	0
AF	0	0.732979	53	34	19	0	0	0	0
AF	0	0.733292	55	32	23	0	0	0	0
AF	0	0.733604	62	42	20	0	0	0	0
AF	0	0.733916	81	57	24	0	0	0	0
AF	0	0.734229	66	45	21	0	0	0	0
AF	0	0.734541	48	36	12	0	0	0	0
AF	0	0.734853	56	43	13	0	0	0	0
AF	0	0.735166	64	46	18	0	0	0	0
AF	0	0.735478	56	36	20	0	0	0	0
AF	0	0.735790	50	34	16	0	0	0	0
AF	0	0.736102	34	25	9	0	0	0	0
AF	0	0.736415	51	34	17	0	0	0	0
AF	0	0.736727	43	33	10	0	0	0	0
AF	0	0.737039	41	28	13	0	0	0	0
AF	0	0.737352	51	30	21	0	0	0	0
AF	0	0.737664	37	27	10	0	0	0	0
AF	0	0.737976	57	37	20	0	0	0	0
AF	0	0.738289	26	22	4	0	0	0	0
AF	0	0.738601	51	34	17	0	0	0	0
AF	0	0.738913	57	36	21	0	0	0	0
AF	0	0.739225	53	33	20	0	0	0	0
AF	0	0.739538	63	40	23	0	0	0	0
AF	0	0.739850	69	42	27	0	0	0	0
AF	0	0.740162	61	38	23	0	0	0	0
AF	0	0.740475	54	35	19	0	0	0	0
AF	0	0.740787	72	45	27	0	0	0	0
AF	0	0.741099	66	45	21	0	0	0	0
AF	0	0.741412	66	41	25	0	0	0	0
AF	0	0.741724	44	34	10	0	0	0	0
AF	0	0.742036	44	31	13	0	0	0	0
AF	0	0.742349	42	26	16	0	0	0	0
AF	0	0.742661	45	30	15	0	0	0	0
AF	0	0.742973	75	54	21	0	0	0	0
AF	0	0.743285	54	41	13	0	0	0	0
AF	0	0.743598	56	42	14	0	0	0	0
AF	0	0.743910	42	27	15	0	0	0	0
AF	0	0.744222	69	47	22	0	0	0	0
AF	0	0.744535	59	38	21	0	0	0	0
AF	0	0.744847	64	42	22	0	0	0	0
AF	0	0.745159	88	63	25	0	0	0	0
AF	0	0.745472	84	60	24	0	0	0	0
AF	0	0.745784	55	37	18	0	0	0	0
AF	0	0.746096	55	36	19	0	0	0	0
AF	0	0.746408	57	37	20	0	0	0	0
AF	0	0.746721	47	26	21	0	0	0	0
AF	0	0.747033	58	39	19	0	0	0	0
AF	0	0.747345	46	32	14	0	0	0	0
AF	0	0.747658	55	35	20	0	0	0	0
AF	0	0.747970	46	32	14	0	0	0	0
AF	0	0.748282	52	36	16	0	0	0	0
AF	0	0.748595	52	40	12	0	0	0	0
AF	0	0.748907	58	41	17	0	0	0	0
AF	0	0.749219	39	27	12	0	0	0	0
AF	0	0.749532	51	28	23	0	0	0	0
AF	0	0.749844	42	31	11	0	0	0	0
AF	0	0.750156	71	46	25	0	0	0	0
AF	0	0.750468	67	43	24	0	0	0	0
AF	0	0.750781	55	42	13	0	0	0	0
AF	0	0.751093	48	32	16	0	0	0	0
AF	0	0.751405	48	26	22	0	0	0	0
AF	0	0.751718	49	29	20	0	0	0	0
AF	0	0.752030	65	41	24	0	0	0	0
AF	0	0.752342	70	44	26	0	0	0	0
AF	0	0.752655	81	53	28	0	0	0	0
AF	0	0.752967	84	49	35	0	0	0	0
AF	0	0.753279	62	42	20	0	0	0	0
AF	0	0.753592	66	41	25	0	0	0	0
AF	0	0.753904	68	45	23	0	0	0	0
AF	0	0.754216	62	40	22	0	0	0	0
AF	0	0.754528	58	36	22	0	0	0	0
AF	0	0.754841	53	35	18	0	0	0	0
AF	0	0.755153	70	45	25	0	0	0	0
AF	0	0.755465	58	36	22	0	0	0	0
AF	0	0.755778	59	44	15	0	0	0	0
AF	0	0.756090	58	36	22	0	0	0	0
AF	0	0.756402	112	69	43	0	0	0	0
AF	0	0.756715	79	51	28	0	0	0	0
AF	0	0.757027	51	33	18	0	0	0	0
AF	0	0.757339	42	29	13	0	0	0	0
AF	0	0.757651	49	27	22	0	0	0	0
AF	0	0.757964	57	36	21	0	0	0	0
AF	0	0.758276	64	48	16	0	0	0	0
AF	0	0.758588	66	47	19	0	0	0	0
AF	0	0.758901	72	48	24	0	0	0	0
AF	0	0.759213	46	29	17	0	0	0	0
AF	0	0.759525	64	39	25	0	0	0	0
AF	0	0.759838	63	36	27	0	0	0	0
AF	0	0.760150	78	44	34	0	0	0	0
AF	0	0.760462	59	40	19	0	0	0	0
AF	0	0.760775	62	45	17	0	0	0	0
AF	0	0.761087	55	28	27	0	0	0	0
AF	0	0.761399	72	56	16	0	0	0	0
AF	0	0.761711	58	40	18	0	0	0	0
AF	0	0.762024	75	48	27	0	0	0	0
AF	0	0.762336	70	51	19	0	0	0	0
AF	0	0.762648	73	47	26	0	0	0	0
AF	0	0.762961	94	60	34	0	0	0	0
AF	0	0.763273	49	34	15	0	0	0	0
AF	0	0.763585	55	36	19	0	0	0	0
AF	0	0.763898	55	37	18	0	0	0	0
AF	0	0.764210	61	38	23	0	0	0	0
AF	0	0.764522	53	32	21	0	0	0	0
AF	0	0.764834	76	47	29	0	0	0	0
AF	0	0.765147	63	35	28	0	0	0	0
AF	0	0.765459	52	37	15	0	0	0	0
AF	0	0.765771	69	40	29	0	0	0	0
AF	0	0.766084	70	47	23	0	0	0	0
AF	0	0.766396	57	38	19	0	0	0	0
AF	0	0.766708	72	45	27	0	0	0	0
AF	0	0.767021	73	57	16	0	0	0	0
AF	0	0.767333	68	39	29	0	0	0	0
AF	0	0.767645	59	44	15	0	0	0	0
AF	0	0.767958	60	46	14	0	0	0	0
AF	0	0.768270	64	40	24	0	0	0	0
AF	0	0.768582	80	50	30	0	0	0	0
AF	0	0.768894	60	39	21	0	0	0	0
AF	0	0.769207	68	42	26	0	0	0	0
AF	0	0.769519	59	43	16	0	0	0	0
AF	0	0.769831	58	41	17	0	0	0	0
AF	0	0.770144	44	29	15	0	0	0	0
AF	0	0.770456	59	41	18	0	0	0	0
AF	0	0.770768	35	25	10	0	0	0	0
AF	0	0.771081	60	32	28	0	0	0	0
AF	0	0.771393	53	32	21	0	0	0	0
AF	0	0.771705	42	27	15	0	0	0	0
AF	0	0.772017	63	40	23	0	0	0	0
AF	0	0.772330	62	50	12	0	0	0	0
AF	0	0.772642	61	43	18	0	0	0	0
AF	0	0.772954	82	58	24	0	0	0	0
AF	0	0.773267	52	35	17	0	0	0	0
AF	0	0.773579	73	45	28	0	0	0	0
AF	0	0.773891	48	35	13	0	0	0	0
AF	0	0.774204	56	40	16	0	0	0	0
AF	0	0.774516	68	50	18	0	0	0	0
AF	0	0.774828	45	30	15	0	0	0	0
AF	0	0.775141	54	36	18	0	0	0	0
AF	0	0.775453	50	36	14	0	0	0	0
AF	0	0.775765	50	35	15	0	0	0	0
AF	0	0.776077	65	48	17	0	0	0	0
AF	0	0.776390	58	42	16	0	0	0	0
AF	0	0.776702	53	35	18	0	0	0	0
AF	0	0.777014	47	30	17	0	0	0	0
AF	0	0.777327	50	28	22	0	0	0	0
AF	0	0.777639	45	34	11	0	0	0	0
AF	0	0.777951	52	35	17	0	0	0	0
AF	0	0.778264	56	42	14	0	0	0	0
AF	0	0.778576	80	53	27	0	0	0	0
AF	0	0.778888	61	49	12	0	0	0	0
AF	0	0.779200	57	42	15	0	0	0	0
AF	0	0.779513	51	33	18	0	0	0	0
AF	0	0.779825	43	27	16	0	0	0	0
AF	0	0.780137	50	37	13	0	0	0	0
AF	0	0.780450	51	34	17	0	0	0	0
AF	0	0.780762	41	29	12	0	0	0	0
AF	0	0.781074	58	36	22	0	0	0	0
AF	0	0.781387	56	39	17	0	0	0	0
AF	0	0.781699	50	32	18	0	0	0	0
AF	0	0.782011	64	43	21	0	0	0	0
AF	0	0.782324	51	37	14	0	0	0	0
AF	0	0.782636	44	28	16	0	0	0	0
AF	0	0.782948	58	35	23	0	0	0	0
AF	0	0.783260	58	38	20	0	0	0	0
AF	0	0.783573	51	40	11	0	0	0	0
AF	0	0.783885	59	43	16	0	0	0	0
AF	0	0.784197	55	42	13	0	0	0	0
AF	0	0.784510	54	35	19	0	0	0	0
AF	0	0.784822	46	31	15	0	0	0	0
AF	0	0.785134	60	45	15	0	0	0	0
AF	0	0.785447	54	37	17	0	0	0	0
AF	0	0.785759	48	36	12	0	0	0	0
AF	0	0.786071	53	28	25	0	0	0	0
AF	0	0.786384	62	44	18	0	0	0	0
AF	0	0.786696	54	40	14	0	0	0	0
AF	0	0.787008	70	43	27	0	0	0	0
AF	0	0.787320	57	42	15	0	0	0	0
AF	0	0.787633	52	33	19	0	0	0	0
AF	0	0.787945	48	29	19	0	0	0	0
AF	0	0.788257	106	79	27	0	0	0	0
AF	0	0.788570	80	51	29	0	0	0	0
AF	0	0.788882	47	36	11	0	0	0	0
AF	0	0.789194	42	27	15	0	0	0	0
AF	0	0.789507	67	44	23	0	0	0	0
AF	0	0.789819	52	35	17	0	0	0	0
AF	0	0.790131	63	46	17	0	0	0	0
AF	0	0.790443	57	33	24	0	0	0	0
AF	0	0.790756	56	30	26	0	0	0	0
AF	0	0.791068	69	52	17	0	0	0	0
AF	0	0.791380	73	48	25	0	0	0	0
AF	0	0.791693	83	47	36	0	0	0	0
AF	0	0.792005	69	49	20	0	0	0	0
AF	0	0.792317	76	51	25	0	0	0	0
AF	0	0.792630	69	51	18	0	0	0	0
AF	0	0.792942	38	27	11	0	0	0	0
AF	0	0.793254	57	37	20	0	0	0	0
AF	0	0.793567	80	51	29	0	0	0	0
AF	0	0.793879	95	65	30	0	0	0	0
AF	0	0.794191	66	40	26	0	0	0	0
AF	0	0.794503	71	54	17	0	0	0	0
AF	0	0.794816	66	47	19	0	0	0	0
AF	0	0.795128	62	43	19	0	0	0	0
AF	0	0.795440	63	50	13	0	0	0	0
AF	0	0.795753	58	36	22	0	0	0	0
AF	0	0.796065	52	31	21	0	0	0	0
AF	0	0.796377	57	35	22	0	0	0	0
AF	0	0.796690	60	44	16	0	0	0	0
AF	0	0.797002	59	40	19	0	0	0	0
AF	0	0.797314	43	32	11	0	0	0	0
AF	0	0.797626	56	38	18	0	0	0	0
AF	0	0.797939	60	39	21	0	0	0	0
AF	0	0.798251	42	32	10	0	0	0	0
AF	0	0.798563	51	33	18	0	0	0	0
AF	0	0.798876	55	36	19	0	0	0	0
AF	0	0.799188	56	37	19	0	0	0	0
AF	0	0.799500	94	72	22	0	0	0	0
AF	0	0.799813	77	44	33	0	0	0	0
AF	0	0.800125	60	45	15	0	0	0	0
AF	0	0.800437	58	34	24	0	0	0	0
AF	0	0.800750	55	41	14	0	0	0	0
AF	0	0.801062	46	26	20	0	0	0	0
AF	0	0.801374	58	38	20	0	0	0	0
AF	0	0.801686	54	36	18	0	0	0	0
AF	0	0.801999	62	38	24	0	0	0	0
AF	0	0.802311	76	50	26	0	0	0	0
AF	0	0.802623	70	51	19	0	0	0	0
AF	0	0.802936	70	49	21	0	0	0	0
AF	0	0.803248	46	33	13	0	0	0	0
AF	0	0.803560	68	53	15	0	0	0	0
AF	0	0.803873	63	39	24	0	0	0	0
AF	0	0.804185	90	55	35	0	0	0	0
AF	0	0.804497	56	36	20	0	0	0	0
AF	0	0.804809	77	57	20	0	0	0	0
AF	0	0.805122	56	36	20	0	0	0	0
AF	0	0.805434	77	49	28	0	0	0	0
AF	0	0.805746	50	36	14	0	0	0	0
AF	0	0.806059	49	33	16	0	0	0	0
AF	0	0.806371	54	34	20	0	0	0	0
AF	0	0.806683	55	38	17	0	0	0	0
AF	0	0.806996	57	39	18	0	0	0	0
AF	0	0.807308	72	53	19	0	0	0	0
AF	0	0.807620	59	32	27	0	0	0	0
AF	0	0.807933	58	41	17	0	0	0	0
AF	0	0.808245	59	40	19	0	0	0	0
AF	0	0.808557	61	36	25	0	0	0	0
AF	0	0.808869	91	61	30	0	0	0	0
AF	0	0.809182	66	48	18	0	0	0	0
AF	0	0.809494	76	51	25	0	0	0	0
AF	0	0.809806	61	43	18	0	0	0	0
AF	0	0.810119	51	38	13	0	0	0	0
AF	0	0.810431	48	32	16	0	0	0	0
AF	0	0.810743	61	44	17	0	0	0	0
AF	0	0.811056	53	36	17	0	0	0	0
AF	0	0.811368	64	46	18	0	0	0	0
AF	0	0.811680	60	40	20	0	0	0	0
AF	0	0.811993	54	35	19	0	0	0	0
AF	0	0.812305	40	28	12	0	0	0	0
AF	0	0.812617	49	40	9	0	0	0	0
AF	0	0.812929	58	39	19	0	0	0	0
AF	0	0.813242	46	28	18	0	0	0	0
AF	0	0.813554	74	51	23	0	0	0	0
AF	0	0.813866	59	39	20	0	0	0	0
AF	0	0.814179	53	33	20	0	0	0	0
AF	0	0.814491	59	36	23	0	0	0	0
AF	0	0.814803	62	42	20	0	0	0	0
AF	0	0.815116	69	43	26	0	0	0	0
AF	0	0.815428	67	43	24	0	0	0	0
AF	0	0.815740	77	56	21	0	0	0	0
AF	0	0.816052	83	57	26	0	0	0	0
AF	0	0.816365	49	33	16	0	0	0	0
AF	0	0.816677	53	40	13	0	0	0	0
AF	0	0.816989	55	33	22	0	0	0	0
AF	0	0.817302	44	32	12	0	0	0	0
AF	0	0.817614	46	30	16	0	0	0	0
AF	0	0.817926	46	33	13	0	0	0	0
AF	0	0.818239	51	34	17	0	0	0	0
AF	0	0.818551	48	37	11	0	0	0	0
AF	0	0.818863	81	53	28	0	0	0	0
AF	0	0.819176	44	29	15	0	0	0	0
AF	0	0.819488	42	25	17	0	0	0	0
AF	0	0.819800	65	38	27	0	0	0	0
AF	0	0.820112	67	42	25	0	0	0	0
AF	0	0.820425	48	32	16	0	0	0	0
AF	0	0.820737	83	55	28	0	0	0	0
AF	0	0.821049	71	51	20	0	0	0	0
AF	0	0.821362	39	29	10	0	0	0	0
AF	0	0.821674	61	41	20	0	0	0	0
AF	0	0.821986	44	27	17	0	0	0	0
AF	0	0.822299	51	33	18	0	0	0	0
AF	0	0.822611	49	36	13	0	0	0	0
AF	0	0.822923	67	43	24	0	0	0	0
AF	0	0.823235	61	43	18	0	0	0	0
AF	0	0.823548	43	35	8	0	0	0	0
AF	0	0.823860	60	40	20	0	0	0	0
AF	0	0.824172	74	51	23	0	0	0	0
AF	0	0.824485	83	54	29	0	0	0	0
AF	0	0.824797	93	67	26	0	0	0	0
AF	0	0.825109	80	55	25	0	0	0	0
AF	0	0.825422	45	29	16	0	0	0	0
AF	0	0.825734	57	39	18	0	0	0	0
AF	0	0.826046	52	37	15	0	0	0	0
AF	0	0.826359	44	26	18	0	0	0	0
AF	0	0.826671	49	33	16	0	0	0	0
AF	0	0.826983	50	38	12	0	0	0	0
AF	0	0.827295	50	38	12	0	0	0	0
AF	0	0.827608	84	55	29	0	0	0	0
AF	0	0.827920	65	47	18	0	0	0	0
AF	0	0.828232	54	42	12	0	0	0	0
AF	0	0.828545	54	38	16	0	0	0	0
AF	0	0.828857	40	27	13	0	0	0	0
AF	0	0.829169	50	36	14	0	0	0	0
AF	0	0.829482	70	48	22	0	0	0	0
AF	0	0.829794	59	45	14	0	0	0	0
AF	0	0.830106	49	33	16	0	0	0	0
AF	0	0.830418	55	35	20	0	0	0	0
AF	0	0.830731	55	39	16	0	0	0	0
AF	0	0.831043	44	31	13	0	0	0	0
AF	0	0.831355	49	29	20	0	0	0	0
AF	0	0.831668	46	31	15	0	0	0	0
AF	0	0.831980	36	27	9	0	0	0	0
AF	0	0.832292	36	29	7	0	0	0	0
AF	0	0.832605	44	35	9	0	0	0	0
AF	0	0.832917	43	31	12	0	0	0	0
AF	0	0.833229	65	35	30	0	0	0	0
AF	0	0.833542	52	32	20	0	0	0	0
AF	0	0.833854	121	74	47	0	0	0	0
AF	0	0.834166	56	40	16	0	0	0	0
AF	0	0.834478	61	38	23	0	0	0	0
AF	0	0.834791	49	34	15	0	0	0	0
AF	0	0.835103	57	44	13	0	0	0	0
AF	0	0.835415	40	22	18	0	0	0	0
AF	0	0.835728	46	33	13	0	0	0	0
AF	0	0.836040	63	43	20	0	0	0	0
AF	0	0.836352	38	32	6	0	0	0	0
AF	0	0.836665	39	31	8	0	0	0	0
AF	0	0.836977	48	33	15	0	0	0	0
AF	0	0.837289	49	36	13	0	0	0	0
AF	0	0.837601	58	44	14	0	0	0	0
AF	0	0.837914	48	39	9	0	0	0	0
AF	0	0.838226	51	36	15	0	0	0	0
AF	0	0.838538	58	42	16	0	0	0	0
AF	0	0.838851	51	34	17	0	0	0	0
AF	0	0.839163	37	27	10	0	0	0	0
AF	0	0.839475	44	30	14	0	0	0	0
AF	0	0.839788	51	35	16	0	0	0	0
AF	0	0.840100	47	35	12	0	0	0	0
AF	0	0.840412	46	30	16	0	0	0	0
AF	0	0.840725	44	24	20	0	0	0	0
AF	0	0.841037	39	33	6	0	0	0	0
AF	0	0.841349	49	34	15	0	0	0	0
AF	0	0.841661	41	26	15	0	0	0	0
AF	0	0.841974	42	28	14	0	0	0	0
AF	0	0.842286	54	37	17	0	0	0	0
AF	0	0.842598	48	31	17	0	0	0	0
AF	0	0.842911	52	36	16	0	0	0	0
AF	0	0.843223	60	39	21	0	0	0	0
AF	0	0.843535	76	46	30	0	0	0	0
AF	0	0.843848	53	36	17	0	0	0	0
AF	0	0.844160	61	37	24	0	0	0	0
AF	0	0.844472	60	44	16	0	0	0	0
AF	0	0.844785	57	44	13	0	0	0	0
AF	0	0.845097	60	48	12	0	0	0	0
AF	0	0.845409	57	44	13	0	0	0	0
AF	0	0.845721	75	57	18	0	0	0	0
AF	0	0.846034	68	46	22	0	0	0	0
AF	0	0.846346	68	57	11	0	0	0	0
AF	0	0.846658	51	37	14	0	0	0	0
AF	0	0.846971	48	30	18	0	0	0	0
AF	0	0.847283	39	26	13	0	0	0	0
AF	0	0.847595	51	38	13	0	0	0	0
AF	0	0.847908	59	39	20	0	0	0	0
AF	0	0.848220	42	27	15	0	0	0	0
AF	0	0.848532	43	32	11	0	0	0	0
AF	0	0.848844	78	54	24	0	0	0	0
AF	0	0.849157	64	44	20	0	0	0	0
AF	0	0.849469	51	33	18	0	0	0	0
AF	0	0.849781	39	23	16	0	0	0	0
AF	0	0.850094	47	26	21	0	0	0	0
AF	0	0.850406	31	23	8	0	0	0	0
AF	0	0.850718	42	24	18	0	0	0	0
AF	0	0.851031	42	27	15	0	0	0	0
AF	0	0.851343	35	25	10	0	0	0	0
AF	0	0.851655	53	34	19	0	0	0	0
AF	0	0.851968	47	28	19	0	0	0	0
AF	0	0.852280	34	24	10	0	0	0	0
AF	0	0.852592	45	32	13	0	0	0	0
AF	0	0.852904	57	38	19	0	0	0	0
AF	0	0.853217	33	20	13	0	0	0	0
AF	0	0.853529	32	22	10	0	0	0	0
AF	0	0.853841	26	19	7	0	0	0	0
AF	0	0.854154	35	31	4	0	0	0	0
AF	0	0.854466	27	15	12	0	0	0	0
AF	0	0.854778	36	29	7	0	0	0	0
AF	0	0.855091	27	23	4	0	0	0	0
AF	0	0.855403	40	29	11	0	0	0	0
AF	0	0.855715	36	25	11	0	0	0	0
AF	0	0.856027	24	14	10	0	0	0	0
AF	0	0.856340	32	22	10	0	0	0	0
AF	0	0.856652	55	45	10	0	0	0	0
AF	0	0.856964	47	28	19	0	0	0	0
AF	0	0.857277	30	18	12	0	0	0	0
AF	0	0.857589	35	28	7	0	0	0	0
AF	0	0.857901	26	18	8	0	0	0	0
AF	0	0.858214	37	28	9	0	0	0	0
AF	0	0.858526	22	13	9	0	0	0	0
AF	0	0.858838	49	31	18	0	0	0	0
AF	0	0.859151	48	31	17	0	0	0	0
AF	0	0.859463	52	32	20	0	0	0	0
AF	0	0.859775	52	39	13	0	0	0	0
AF	0	0.860087	57	36	21	0	0	0	0
AF	0	0.860400	39	22	17	0	0	0	0
AF	0	0.860712	48	29	19	0	0	0	0
AF	0	0.861024	25	18	7	0	0	0	0
AF	0	0.861337	28	22	6	0	0	0	0
AF	0	0.861649	47	36	11	0	0	0	0
AF	0	0.861961	47	32	15	0	0	0	0
AF	0	0.862274	45	26	19	0	0	0	0
AF	0	0.862586	49	34	15	0	0	0	0
AF	0	0.862898	59	44	15	0	0	0	0
AF	0	0.863210	33	18	15	0	0	0	0
AF	0	0.863523	30	19	11	0	0	0	0
AF	0	0.863835	40	25	15	0	0	0	0
AF	0	0.864147	44	28	16	0	0	0	0
AF	0	0.864460	47	29	18	0	0	0	0
AF	0	0.864772	31	22	9	0	0	0	0
AF	0	0.865084	48	38	10	0	0	0	0
AF	0	0.865397	46	29	17	0	0	0	0
AF	0	0.865709	49	36	13	0	0	0	0
AF	0	0.866021	45	36	9	0	0	0	0
AF	0	0.866334	31	20	11	0	0	0	0
AF	0	0.866646	59	40	19	0	0	0	0
AF	0	0.866958	56	34	22	0	0	0	0
AF	0	0.867270	59	42	17	0	0	0	0
AF	0	0.867583	43	31	12	0	0	0	0
AF	0	0.867895	36	25	11	0	0	0	0
AF	0	0.868207	51	35	16	0	0	0	0
AF	0	0.868520	31	23	8	0	0	0	0
AF	0	0.868832	31	23	8	0	0	0	0
AF	0	0.869144	35	26	9	0	0	0	0
AF	0	0.869457	33	20	13	0	0	0	0
AF	0	0.869769	29	16	13	0	0	0	0
AF	0	0.870081	31	24	7	0	0	0	0
AF	0	0.870394	43	29	14	0	0	0	0
AF	0	0.870706	31	18	13	0	0	0	0
AF	0	0.871018	31	23	8	0	0	0	0
AF	0	0.871330	49	34	15	0	0	0	0
AF	0	0.871643	31	23	8	0	0	0	0
AF	0	0.871955	57	38	19	0	0	0	0
AF	0	0.872267	52	35	17	0	0	0	0
AF	0	0.872580	40	25	15	0	0	0	0
AF	0	0.872892	47	36	11	0	0	0	0
AF	0	0.873204	40	27	13	0	0	0	0
AF	0	0.873517	49	39	10	0	0	0	0
AF	0	0.873829	88	56	32	0	0	0	0
AF	0	0.874141	40	28	12	0	0	0	0
AF	0	0.874453	31	19	12	0	0	0	0
AF	0	0.874766	36	23	13	0	0	0	0
AF	0	0.875078	47	28	19	0	0	0	0
AF	0	0.875390	36	24	12	0	0	0	0
AF	0	0.875703	56	36	20	0	0	0	0
AF	0	0.876015	34	24	10	0	0	0	0
AF	0	0.876327	35	27	8	0	0	0	0
AF	0	0.876640	40	24	16	0	0	0	0
AF	0	0.876952	26	15	11	0	0	0	0
AF	0	0.877264	32	23	9	0	0	0	0
AF	0	0.877577	71	42	29	0	0	0	0
AF	0	0.877889	45	37	8	0	0	0	0
AF	0	0.878201	37	23	14	0	0	0	0
AF	0	0.878513	45	26	19	0	0	0	0
AF	0	0.878826	55	36	19	0	0	0	0
AF	0	0.879138	34	26	8	0	0	0	0
AF	0	0.879450	52	39	13	0	0	0	0
AF	0	0.879763	43	30	13	0	0	0	0
AF	0	0.880075	48	36	12	0	0	0	0
AF	0	0.880387	53	38	15	0	0	0	0
AF	0	0.880700	47	30	17	0	0	0	0
AF	0	0.881012	34	21	13	0	0	0	0
AF	0	0.881324	50	32	18	0	0	0	0
AF	0	0.881636	53	36	17	0	0	0	0
AF	0	0.881949	49	35	14	0	0	0	0
AF	0	0.882261	51	41	10	0	0	0	0
AF	0	0.882573	41	23	18	0	0	0	0
AF	0	0.882886	61	46	15	0	0	0	0
AF	0	0.883198	94	66	28	0	0	0	0
AF	0	0.883510	70	47	23	0	0	0	0
AF	0	0.883823	49	35	14	0	0	0	0
AF	0	0.884135	45	32	13	0	0	0	0
AF	0	0.884447	39	28	11	0	0	0	0
AF	0	0.884760	36	26	10	0	0	0	0
AF	0	0.885072	41	32	9	0	0	0	0
AF	0	0.885384	62	40	22	0	0	0	0
AF	0	0.885696	42	29	13	0	0	0	0
AF	0	0.886009	73	53	20	0	0	0	0
AF	0	0.886321	36	28	8	0	0	0	0
AF	0	0.886633	34	21	13	0	0	0	0
AF	0	0.886946	48	36	12	0	0	0	0
AF	0	0.887258	38	25	13	0	0	0	0
AF	0	0.887570	28	18	10	0	0	0	0
AF	0	0.887883	37	29	8	0	0	0	0
AF	0	0.888195	47	29	18	0	0	0	0
AF	0	0.888507	53	35	18	0	0	0	0
AF	0	0.888819	41	27	14	0	0	0	0
AF	0	0.889132	24	12	12	0	0	0	0
AF	0	0.889444	39	29	10	0	0	0	0
AF	0	0.889756	54	42	12	0	0	0	0
AF	0	0.890069	43	30	13	0	0	0	0
AF	0	0.890381	40	25	15	0	0	0	0
AF	0	0.890693	44	29	15	0	0	0	0
AF	0	0.891006	52	34	18	0	0	0	0
AF	0	0.891318	36	27	9	0	0	0	0
AF	0	0.891630	61	42	19	0	0	0	0
AF	0	0.891943	35	23	12	0	0	0	0
AF	0	0.892255	36	26	10	0	0	0	0
AF	0	0.892567	42	25	17	0	0	0	0
AF	0	0.892879	51	38	13	0	0	0	0
AF	0	0.893192	46	29	17	0	0	0	0
AF	0	0.893504	39	26	13	0	0	0	0
AF	0	0.893816	45	33	12	0	0	0	0
AF	0	0.894129	42	26	16	0	0	0	0
AF	0	0.894441	31	24	7	0	0	0	0
AF	0	0.894753	36	26	10	0	0	0	0
AF	0	0.895066	46	30	16	0	0	0	0
AF	0	0.895378	49	33	16	0	0	0	0
AF	0	0.895690	60	40	20	0	0	0	0
AF	0	0.896002	44	26	18	0	0	0	0
AF	0	0.896315	51	33	18	0	0	0	0
AF	0	0.896627	35	24	11	0	0	0	0
AF	0	0.896939	55	39	16	0	0	0	0
AF	0	0.897252	51	31	20	0	0	0	0
AF	0	0.897564	43	32	11	0	0	0	0
AF	0	0.897876	28	17	11	0	0	0	0
AF	0	0.898189	53	33	20	0	0	0	0
AF	0	0.898501	49	31	18	0	0	0	0
AF	0	0.898813	42	29	13	0	0	0	0
AF	0	0.899126	52	42	10	0	0	0	0
AF	0	0.899438	38	25	13	0	0	0	0
AF	0	0.899750	60	38	22	0	0	0	0
AF	0	0.900062	41	23	18	0	0	0	0
AF	0	0.900375	37	21	16	0	0	0	0
AF	0	0.900687	45	30	15	0	0	0	0
AF	0	0.900999	39	28	11	0	0	0	0
AF	0	0.901312	31	21	10	0	0	0	0
AF	0	0.901624	51	36	15	0	0	0	0
AF	0	0.901936	38	23	15	0	0	0	0
AF	0	0.902249	34	23	11	0	0	0	0
AF	0	0.902561	22	19	3	0	0	0	0
AF	0	0.902873	44	32	12	0	0	0	0
AF	0	0.903186	34	24	10	0	0	0	0
AF	0	0.903498	34	26	8	0	0	0	0
AF	0	0.903810	45	29	16	0	0	0	0
AF	0	0.904122	37	22	15	0	0	0	0
AF	0	0.904435	39	26	13	0	0	0	0
AF	0	0.904747	34	22	12	0	0	0	0
AF	0	0.905059	40	28	12	0	0	0	0
AF	0	0.905372	57	38	19	0	0	0	0
AF	0	0.905684	35	23	12	0	0	0	0
AF	0	0.905996	81	54	27	0	0	0	0
AF	0	0.906309	54	35	19	0	0	0	0
AF	0	0.906621	41	27	14	0	0	0	0
AF	0	0.906933	26	16	10	0	0	0	0
AF	0	0.907245	41	31	10	0	0	0	0
AF	0	0.907558	27	17	10	0	0	0	0
AF	0	0.907870	31	24	7	0	0	0	0
AF	0	0.908182	35	20	15	0	0	0	0
AF	0	0.908495	21	12	9	0	0	0	0
AF	0	0.908807	45	26	19	0	0	0	0
AF	0	0.909119	51	37	14	0	0	0	0
AF	0	0.909432	56	40	16	0	0	0	0
AF	0	0.909744	54	28	26	0	0	0	0
AF	0	0.910056	42	28	14	0	0	0	0
AF	0	0.910369	29	15	14	0	0	0	0
AF	0	0.910681	32	20	12	0	0	0	0
AF	0	0.910993	33	25	8	0	0	0	0
AF	0	0.911305	34	23	11	0	0	0	0
AF	0	0.911618	37	22	15	0	0	0	0
AF	0	0.911930	31	22	9	0	0	0	0
AF	0	0.912242	24	20	4	0	0	0	0
AF	0	0.912555	37	21	16	0	0	0	0
AF	0	0.912867	34	18	16	0	0	0	0
AF	0	0.913179	41	22	19	0	0	0	0
AF	0	0.913492	46	30	16	0	0	0	0
AF	0	0.913804	53	40	13	0	0	0	0
AF	0	0.914116	38	23	15	0	0	0	0
AF	0	0.914428	37	27	10	0	0	0	0
AF	0	0.914741	58	40	18	0	0	0	0
AF	0	0.915053	62	37	25	0	0	0	0
AF	0	0.915365	49	32	17	0	0	0	0
AF	0	0.915678	43	26	17	0	0	0	0
AF	0	0.915990	45	24	21	0	0	0	0
AF	0	0.916302	45	32	13	0	0	0	0
AF	0	0.916615	85	63	22	0	0	0	0
AF	0	0.916927	45	32	13	0	0	0	0
AF	0	0.917239	40	25	15	0	0	0	0
AF	0	0.917552	47	31	16	0	0	0	0
AF	0	0.917864	45	33	12	0	0	0	0
AF	0	0.918176	49	34	15	0	0	0	0
AF	0	0.918488	49	33	16	0	0	0	0
AF	0	0.918801	48	32	16	0	0	0	0
AF	0	0.919113	41	29	12	0	0	0	0
AF	0	0.919425	48	36	12	0	0	0	0
AF	0	0.919738	51	34	17	0	0	0	0
AF	0	0.920050	45	27	18	0	0	0	0
AF	0	0.920362	43	32	11	0	0	0	0
AF	0	0.920675	44	26	18	0	0	0	0
AF	0	0.920987	52	33	19	0	0	0	0
AF	0	0.921299	42	28	14	0	0	0	0
AF	0	0.921611	43	32	11	0	0	0	0
AF	0	0.921924	46	29	17	0	0	0	0
AF	0	0.922236	44	32	12	0	0	0	0
AF	0	0.922548	47	31	16	0	0	0	0
AF	0	0.922861	55	38	17	0	0	0	0
AF	0	0.923173	55	36	19	0	0	0	0
AF	0	0.923485	61	39	22	0	0	0	0
AF	0	0.923798	53	40	13	0	0	0	0
AF	0	0.924110	55	37	18	0	0	0	0
AF	0	0.924422	48	30	18	0	0	0	0
AF	0	0.924735	42	27	15	0	0	0	0
AF	0	0.925047	62	34	28	0	0	0	0
AF	0	0.925359	61	44	17	0	0	0	0
AF	0	0.925671	44	29	15	0	0	0	0
AF	0	0.925984	53	38	15	0	0	0	0
AF	0	0.926296	46	31	15	0	0	0	0
AF	0	0.926608	33	24	9	0	0	0	0
AF	0	0.926921	52	33	19	0	0	0	0
AF	0	0.927233	49	35	14	0	0	0	0
AF	0	0.927545	18	13	5	0	0	0	0
AF	0	0.927858	18	14	4	0	0	0	0
AF	0	0.928170	35	18	17	0	0	0	0
AF	0	0.928482	27	16	11	0	0	0	0
AF	0	0.928795	28	17	11	0	0	0	0
AF	0	0.929107	34	22	12	0	0	0	0
AF	0	0.929419	19	11	8	0	0	0	0
AF	0	0.929731	32	23	9	0	0	0	0
AF	0	0.930044	50	35	15	0	0	0	0
AF	0	0.930356	37	23	14	0	0	0	0
AF	0	0.930668	55	41	14	0	0	0	0
AF	0	0.930981	30	19	11	0	0	0	0
AF	0	0.931293	20	16	4	0	0	0	0
AF	0	0.931605	34	22	12	0	0	0	0
AF	0	0.931918	50	34	16	0	0	0	0
AF	0	0.932230	60	42	18	0	0	0	0
AF	0	0.932542	44	25	19	0	0	0	0
AF	0	0.932854	37	31	6	0	0	0	0
AF	0	0.933167	33	19	14	0	0	0	0
AF	0	0.933479	49	37	12	0	0	0	0
AF	0	0.933791	42	26	16	0	0	0	0
AF	0	0.934104	43	25	18	0	0	0	0
AF	0	0.934416	50	33	17	0	0	0	0
AF	0	0.934728	52	34	18	0	0	0	0
AF	0	0.935041	47	31	16	0	0	0	0
AF	0	0.935353	57	46	11	0	0	0	0
AF	0	0.935665	29	21	8	0	0	0	0
AF	0	0.935978	47	29	18	0	0	0	0
AF	0	0.936290	66	40	26	0	0	0	0
AF	0	0.936602	67	40	27	0	0	0	0
AF	0	0.936914	82	54	28	0	0	0	0
AF	0	0.937227	53	37	16	0	0	0	0
AF	0	0.937539	29	22	7	0	0	0	0
AF	0	0.937851	30	22	8	0	0	0	0
AF	0	0.938164	47	29	18	0	0	0	0
AF	0	0.938476	48	35	13	0	0	0	0
AF	0	0.938788	61	37	24	0	0	0	0
AF	0	0.939101	31	27	4	0	0	0	0
AF	0	0.939413	48	28	20	0	0	0	0
AF	0	0.939725	34	21	13	0	0	0	0
AF	0	0.940037	31	23	8	0	0	0	0
AF	0	0.940350	47	33	14	0	0	0	0
AF	0	0.940662	55	40	15	0	0	0	0
AF	0	0.940974	62	47	15	0	0	0	0
AF	0	0.941287	53	41	12	0	0	0	0
AF	0	0.941599	47	32	15	0	0	0	0
AF	0	0.941911	48	36	12	0	0	0	0
AF	0	0.942224	33	27	6	0	0	0	0
AF	0	0.942536	28	21	7	0	0	0	0
AF	0	0.942848	42	29	13	0	0	0	0
AF	0	0.943161	27	20	7	0	0	0	0
AF	0	0.943473	43	30	13	0	0	0	0
AF	0	0.943785	37	27	10	0	0	0	0
AF	0	0.944097	39	23	16	0	0	0	0
AF	0	0.944410	43	31	12	0	0	0	0
AF	0	0.944722	29	23	6	0	0	0	0
AF	0	0.945034	37	25	12	0	0	0	0
AF	0	0.945347	48	29	19	0	0	0	0
AF	0	0.945659	36	27	9	0	0	0	0
AF	0	0.945971	67	48	19	0	0	0	0
AF	0	0.946284	46	33	13	0	0	0	0
AF	0	0.946596	32	24	8	0	0	0	0
AF	0	0.946908	44	35	9	0	0	0	0
AF	0	0.947220	36	23	13	0	0	0	0
AF	0	0.947533	25	19	6	0	0	0	0
AF	0	0.947845	36	25	11	0	0	0	0
AF	0	0.948157	38	29	9	0	0	0	0
AF	0	0.948470	41	29	12	0	0	0	0
AF	0	0.948782	50	37	13	0	0	0	0
AF	0	0.949094	42	31	11	0	0	0	0
AF	0	0.949407	24	15	9	0	0	0	0
AF	0	0.949719	36	24	12	0	0	0	0
AF	0	0.950031	32	22	10	0	0	0	0
AF	0	0.950344	37	22	15	0	0	0	0
AF	0	0.950656	35	23	12	0	0	0	0
AF	0	0.950968	54	31	23	0	0	0	0
AF	0	0.951280	33	23	10	0	0	0	0
AF	0	0.951593	42	27	15	0	0	0	0
AF	0	0.951905	44	27	17	0	0	0	0
AF	0	0.952217	53	34	19	0	0	0	0
AF	0	0.952530	27	17	10	0	0	0	0
AF	0	0.952842	39	30	9	0	0	0	0
AF	0	0.953154	44	27	17	0	0	0	0
AF	0	0.953467	35	24	11	0	0	0	0
AF	0	0.953779	48	35	13	0	0	0	0
AF	0	0.954091	71	47	24	0	0	0	0
AF	0	0.954403	41	23	18	0	0	0	0
AF	0	0.954716	53	38	15	0	0	0	0
AF	0	0.955028	52	43	9	0	0	0	0
AF	0	0.955340	54	37	17	0	0	0	0
AF	0	0.955653	70	47	23	0	0	0	0
AF	0	0.955965	42	30	12	0	0	0	0
AF	0	0.956277	58	45	13	0	0	0	0
AF	0	0.956590	40	24	16	0	0	0	0
AF	0	0.956902	48	31	17	0	0	0	0
AF	0	0.957214	44	30	14	0	0	0	0
AF	0	0.957527	45	22	23	0	0	0	0
AF	0	0.957839	37	22	15	0	0	0	0
AF	0	0.958151	28	18	10	0	0	0	0
AF	0	0.958463	50	35	15	0	0	0	0
AF	0	0.958776	49	38	11	0	0	0	0
AF	0	0.959088	43	31	12	0	0	0	0
AF	0	0.959400	48	37	11	0	0	0	0
AF	0	0.959713	49	30	19	0	0	0	0
AF	0	0.960025	46	36	10	0	0	0	0
AF	0	0.960337	41	28	13	0	0	0	0
AF	0	0.960650	55	42	13	0	0	0	0
AF	0	0.960962	61	43	18	0	0	0	0
AF	0	0.961274	52	35	17	0	0	0	0
AF	0	0.961587	36	21	15	0	0	0	0
AF	0	0.961899	48	30	18	0	0	0	0
AF	0	0.962211	52	32	20	0	0	0	0
AF	0	0.962523	53	35	18	0	0	0	0
AF	0	0.962836	48	32	16	0	0	0	0
AF	0	0.963148	42	28	14	0	0	0	0
AF	0	0.963460	51	40	11	0	0	0	0
AF	0	0.963773	70	45	25	0	0	0	0
AF	0	0.964085	37	25	12	0	0	0	0
AF	0	0.964397	51	27	24	0	0	0	0
AF	0	0.964710	55	42	13	0	0	0	0
AF	0	0.965022	67	52	15	0	0	0	0
AF	0	0.965334	48	36	12	0	0	0	0
AF	0	0.965646	50	34	16	0	0	0	0
AF	0	0.965959	31	17	14	0	0	0	0
AF	0	0.966271	42	29	13	0	0	0	0
AF	0	0.966583	51	32	19	0	0	0	0
AF	0	0.966896	42	28	14	0	0	0	0
AF	0	0.967208	44	30	14	0	0	0	0
AF	0	0.967520	57	34	23	0	0	0	0
AF	0	0.967833	77	52	25	0	0	0	0
AF	0	0.968145	53	35	18	0	0	0	0
AF	0	0.968457	53	35	18	0	0	0	0
AF	0	0.968770	32	18	14	0	0	0	0
AF	0	0.969082	37	24	13	0	0	0	0
AF	0	0.969394	46	33	13	0	0	0	0
AF	0	0.969706	38	27	11	0	0	0	0
AF	0	0.970019	62	44	18	0	0	0	0
AF	0	0.970331	49	26	23	0	0	0	0
AF	0	0.970643	74	52	22	0	0	0	0
AF	0	0.970956	49	31	18	0	0	0	0
AF	0	0.971268	44	27	17	0	0	0	0
AF	0	0.971580	39	26	13	0	0	0	0
AF	0	0.971893	71	47	24	0	0	0	0
AF	0	0.972205	66	49	17	0	0	0	0
AF	0	0.972517	48	26	22	0	0	0	0
AF	0	0.972829	58	38	20	0	0	0	0
AF	0	0.973142	44	30	14	0	0	0	0
AF	0	0.973454	49	31	18	0	0	0	0
AF	0	0.973766	59	39	20	0	0	0	0
AF	0	0.974079	52	36	16	0	0	0	0
AF	0	0.974391	37	26	11	0	0	0	0
AF	0	0.974703	59	41	18	0	0	0	0
AF	0	0.975016	59	39	20	0	0	0	0
AF	0	0.975328	63	40	23	0	0	0	0
AF	0	0.975640	74	58	16	0	0	0	0
AF	0	0.975953	65	45	20	0	0	0	0
AF	0	0.976265	52	37	15	0	0	0	0
AF	0	0.976577	62	37	25	0	0	0	0
AF	0	0.976889	73	48	25	0	0	0	0
AF	0	0.977202	62	46	16	0	0	0	0
AF	0	0.977514	87	61	26	0	0	0	0
AF	0	0.977826	50	33	17	0	0	0	0
AF	0	0.978139	81	49	32	0	0	0	0
AF	0	0.978451	57	39	18	0	0	0	0
AF	0	0.978763	90	64	26	0	0	0	0
AF	0	0.979076	66	43	23	0	0	0	0
AF	0	0.979388	89	71	18	0	0	0	0
AF	0	0.979700	49	29	20	0	0	0	0
AF	0	0.980012	55	40	15	0	0	0	0
AF	0	0.980325	54	40	14	0	0	0	0
AF	0	0.980637	70	46	24	0	0	0	0
AF	0	0.980949	95	69	26	0	0	0	0
AF	0	0.981262	79	50	29	0	0	0	0
AF	0	0.981574	105	62	43	0	0	0	0
AF	0	0.981886	138	99	39	0	0	0	0
AF	0	0.982199	59	38	21	0	0	0	0
AF	0	0.982511	79	55	24	0	0	0	0
AF	0	0.982823	57	32	25	0	0	0	0
AF	0	0.983136	93	62	31	0	0	0	0
AF	0	0.983448	99	67	32	0	0	0	0
AF	0	0.983760	78	57	21	0	0	0	0
AF	0	0.984072	61	45	16	0	0	0	0
AF	0	0.984385	77	54	23	0	0	0	0
AF	0	0.984697	92	63	29	0	0	0	0
AF	0	0.985009	108	70	38	0	0	0	0
AF	0	0.985322	85	56	29	0	0	0	0
AF	0	0.985634	90	60	30	0	0	0	0
AF	0	0.985946	75	48	27	0	0	0	0
AF	0	0.986259	53	33	20	0	0	0	0
AF	0	0.986571	86	49	37	0	0	0	0
AF	0	0.986883	146	103	43	0	0	0	0
AF	0	0.987196	62	40	22	0	0	0	0
AF	0	0.987508	75	51	24	0	0	0	0
AF	0	0.987820	63	40	23	0	0	0	0
AF	0	0.988132	91	60	31	0	0	0	0
AF	0	0.988445	54	42	12	0	0	0	0
AF	0	0.988757	59	40	19	0	0	0	0
AF	0	0.989069	74	49	25	0	0	0	0
AF	0	0.989382	71	41	30	0	0	0	0
AF	0	0.989694	61	44	17	0	0	0	0
AF	0	0.990006	85	62	23	0	0	0	0
AF	0	0.990319	58	47	11	0	0	0	0
AF	0	0.990631	70	48	22	0	0	0	0
AF	0	0.990943	62	35	27	0	0	0	0
AF	0	0.991255	70	42	28	0	0	0	0
AF	0	0.991568	95	73	22	0	0	0	0
AF	0	0.991880	100	73	27	0	0	0	0
AF	0	0.992192	108	71	37	0	0	0	0
AF	0	0.992505	87	62	25	0	0	0	0
AF	0	0.992817	131	93	38	0	0	0	0
AF	0	0.993129	122	86	36	0	0	0	0
AF	0	0.993442	131	97	34	0	0	0	0
AF	0	0.993754	82	51	31	0	0	0	0
AF	0	0.994066	85	60	25	0	0	0	0
AF	0	0.994379	77	55	22	0	0	0	0
AF	0	0.994691	76	49	27	0	0	0	0
AF	0	0.995003	90	63	27	0	0	0	0
AF	0	0.995315	89	70	19	0	0	0	0
AF	0	0.995628	85	63	22	0	0	0	0
AF	0	0.995940	89	59	30	0	0	0	0
AF	0	0.996252	88	63	25	0	0	0	0
AF	0	0.996565	101	69	32	0	0	0	0
AF	0	0.996877	99	74	25	0	0	0	0
AF	0	0.997189	121	81	40	0	0	0	0
AF	0	0.997502	91	57	34	0	0	0	0
AF	0	0.997814	73	49	24	0	0	0	0
AF	0	0.998126	117	85	32	0	0	0	0
AF	0	0.998438	100	73	27	0	0	0	0
AF	0	0.998751	137	90	47	0	0	0	0
AF	0	0.999063	132	96	36	0	0	0	0
AF	0	0.999375	126	79	47	0	0	0	0
# QUAL, Stats by quality
# QUAL	[2]id	[3]Quality	[4]number of SNPs	[5]number of transitions (1st ALT)	[6]number of transversions (1st ALT)	[7]number of indels
QUAL	0	.	2158300	1461617	696683	0
# IDD, InDel distribution:
# IDD	[2]id	[3]length (deletions negative)	[4]number of sites	[5]number of genotypes	[6]mean VAF
# ST, Substitution types:
# ST	[2]id	[3]type	[4]count
ST	0	A>C	79614
ST	0	A>G	296680
ST	0	A>T	74994
ST	0	C>A	100576
ST	0	C>G	95068
ST	0	C>T	431819
ST	0	G>A	437633
ST	0	G>C	93441
ST	0	G>T	96517
ST	0	T>A	77776
ST	0	T>C	295485
ST	0	T>G	78697
# DP, depth:
#   - set id, see above
#   - the depth bin, corresponds to the depth (unless --depth was given)
#   - number of genotypes with this depth (zero unless -s/-S was given)
#   - fraction of genotypes with this depth (zero unless -s/-S was given)
#   - number of sites with this depth
#   - fraction of sites with this depth
# DP, Depth distribution
# DP	[2]id	[3]bin	[4]number of genotypes	[5]fraction of genotypes (%)	[6]number of sites	[7]fraction of sites (%)
