# This file was produced by bcftools stats (1.21+htslib-1.21) and can be plotted using plot-vcfstats.
# The command line was:	bcftools stats  /hpc/local/Rocky8/dhl_ec/software/MonopogenLite/resources/1kGP_high_coverage_Illumina.SNVonly_poly.filtered_AF_5e-04.norm.fixvariantid.chr10.vcf.gz
#
# Definition of sets:
# ID	[2]id	[3]tab-separated file names
ID	0	/hpc/local/Rocky8/dhl_ec/software/MonopogenLite/resources/1kGP_high_coverage_Illumina.SNVonly_poly.filtered_AF_5e-04.norm.fixvariantid.chr10.vcf.gz
# SN, Summary numbers:
#   number of records   .. number of data rows in the VCF
#   number of no-ALTs   .. reference-only sites, ALT is either "." or identical to REF
#   number of SNPs      .. number of rows with a SNP
#   number of MNPs      .. number of rows with a MNP, such as CC>TT
#   number of indels    .. number of rows with an indel
#   number of others    .. number of rows with other type, for example a symbolic allele or
#                          a complex substitution, such as ACT>TCGA
#   number of multiallelic sites     .. number of rows with multiple alternate alleles
#   number of multiallelic SNP sites .. number of rows with multiple alternate alleles, all SNPs
# 
#   Note that rows containing multiple types will be counted multiple times, in each
#   counter. For example, a row with a SNP and an indel increments both the SNP and
#   the indel counter.
# 
# SN	[2]id	[3]key	[4]value
SN	0	number of samples:	3202
SN	0	number of records:	1832820
SN	0	number of no-ALTs:	0
SN	0	number of SNPs:	1832820
SN	0	number of MNPs:	0
SN	0	number of indels:	0
SN	0	number of others:	0
SN	0	number of multiallelic sites:	0
SN	0	number of multiallelic SNP sites:	0
# TSTV, transitions/transversions
#   - transitions, see https://en.wikipedia.org/wiki/Transition_(genetics)
#   - transversions, see https://en.wikipedia.org/wiki/Transversion
# TSTV	[2]id	[3]ts	[4]tv	[5]ts/tv	[6]ts (1st ALT)	[7]tv (1st ALT)	[8]ts/tv (1st ALT)
TSTV	0	1250718	582102	2.15	1250718	582102	2.15
# SiS, Singleton stats:
#   - allele count, i.e. the number of singleton genotypes (AC=1)
#   - number of transitions, see above
#   - number of transversions, see above
#   - repeat-consistent, inconsistent and n/a: experimental and useless stats [DEPRECATED]
# SiS	[2]id	[3]allele count	[4]number of SNPs	[5]number of transitions	[6]number of transversions	[7]number of indels	[8]repeat-consistent	[9]repeat-inconsistent	[10]not applicable
SiS	0	1	0	0	0	0	0	0	0
# AF, Stats by non-reference allele frequency:
# AF	[2]id	[3]allele frequency	[4]number of SNPs	[5]number of transitions	[6]number of transversions	[7]number of indels	[8]repeat-consistent	[9]repeat-inconsistent	[10]not applicable
AF	0	0.000312	183355	126840	56515	0	0	0	0
AF	0	0.000625	214491	147578	66913	0	0	0	0
AF	0	0.000937	130911	89639	41272	0	0	0	0
AF	0	0.001249	91808	62771	29037	0	0	0	0
AF	0	0.001562	70512	48143	22369	0	0	0	0
AF	0	0.001874	55797	37976	17821	0	0	0	0
AF	0	0.002186	47250	32215	15035	0	0	0	0
AF	0	0.002498	40505	27625	12880	0	0	0	0
AF	0	0.002811	35784	24349	11435	0	0	0	0
AF	0	0.003123	31334	21303	10031	0	0	0	0
AF	0	0.003435	27598	18748	8850	0	0	0	0
AF	0	0.003748	24480	16666	7814	0	0	0	0
AF	0	0.004060	23339	15665	7674	0	0	0	0
AF	0	0.004372	20495	13947	6548	0	0	0	0
AF	0	0.004685	18523	12630	5893	0	0	0	0
AF	0	0.004997	16769	11439	5330	0	0	0	0
AF	0	0.005309	15788	10813	4975	0	0	0	0
AF	0	0.005621	14615	9823	4792	0	0	0	0
AF	0	0.005934	13282	8943	4339	0	0	0	0
AF	0	0.006246	12689	8565	4124	0	0	0	0
AF	0	0.006558	11960	8043	3917	0	0	0	0
AF	0	0.006871	11126	7563	3563	0	0	0	0
AF	0	0.007183	10557	7138	3419	0	0	0	0
AF	0	0.007495	10003	6799	3204	0	0	0	0
AF	0	0.007808	9201	6256	2945	0	0	0	0
AF	0	0.008120	8927	5984	2943	0	0	0	0
AF	0	0.008432	8174	5596	2578	0	0	0	0
AF	0	0.008745	7922	5350	2572	0	0	0	0
AF	0	0.009057	7846	5347	2499	0	0	0	0
AF	0	0.009369	7322	5080	2242	0	0	0	0
AF	0	0.009681	7141	4782	2359	0	0	0	0
AF	0	0.009994	7311	4963	2348	0	0	0	0
AF	0	0.010306	7028	4726	2302	0	0	0	0
AF	0	0.010618	6587	4444	2143	0	0	0	0
AF	0	0.010931	6298	4214	2084	0	0	0	0
AF	0	0.011243	5918	4022	1896	0	0	0	0
AF	0	0.011555	5794	3937	1857	0	0	0	0
AF	0	0.011868	5356	3629	1727	0	0	0	0
AF	0	0.012180	5272	3554	1718	0	0	0	0
AF	0	0.012492	5361	3559	1802	0	0	0	0
AF	0	0.012804	4842	3288	1554	0	0	0	0
AF	0	0.013117	4519	3062	1457	0	0	0	0
AF	0	0.013429	4463	3042	1421	0	0	0	0
AF	0	0.013741	4585	3095	1490	0	0	0	0
AF	0	0.014054	4309	2906	1403	0	0	0	0
AF	0	0.014366	4065	2782	1283	0	0	0	0
AF	0	0.014678	3994	2675	1319	0	0	0	0
AF	0	0.014991	4202	2845	1357	0	0	0	0
AF	0	0.015303	4185	2817	1368	0	0	0	0
AF	0	0.015615	3879	2621	1258	0	0	0	0
AF	0	0.015928	3871	2609	1262	0	0	0	0
AF	0	0.016240	3594	2457	1137	0	0	0	0
AF	0	0.016552	3902	2643	1259	0	0	0	0
AF	0	0.016864	3760	2530	1230	0	0	0	0
AF	0	0.017177	3433	2304	1129	0	0	0	0
AF	0	0.017489	3533	2408	1125	0	0	0	0
AF	0	0.017801	3075	2078	997	0	0	0	0
AF	0	0.018114	2960	2015	945	0	0	0	0
AF	0	0.018426	2754	1876	878	0	0	0	0
AF	0	0.018738	2786	1908	878	0	0	0	0
AF	0	0.019051	3082	2058	1024	0	0	0	0
AF	0	0.019363	2854	1941	913	0	0	0	0
AF	0	0.019675	2686	1868	818	0	0	0	0
AF	0	0.019988	2633	1806	827	0	0	0	0
AF	0	0.020300	2628	1750	878	0	0	0	0
AF	0	0.020612	2484	1697	787	0	0	0	0
AF	0	0.020924	2462	1666	796	0	0	0	0
AF	0	0.021237	2430	1636	794	0	0	0	0
AF	0	0.021549	2347	1641	706	0	0	0	0
AF	0	0.021861	2461	1706	755	0	0	0	0
AF	0	0.022174	2205	1498	707	0	0	0	0
AF	0	0.022486	2216	1513	703	0	0	0	0
AF	0	0.022798	2181	1483	698	0	0	0	0
AF	0	0.023111	2205	1532	673	0	0	0	0
AF	0	0.023423	2138	1485	653	0	0	0	0
AF	0	0.023735	2063	1383	680	0	0	0	0
AF	0	0.024047	2132	1462	670	0	0	0	0
AF	0	0.024360	2090	1417	673	0	0	0	0
AF	0	0.024672	1990	1370	620	0	0	0	0
AF	0	0.024984	2113	1395	718	0	0	0	0
AF	0	0.025297	2164	1456	708	0	0	0	0
AF	0	0.025609	2092	1410	682	0	0	0	0
AF	0	0.025921	2672	1741	931	0	0	0	0
AF	0	0.026234	2188	1459	729	0	0	0	0
AF	0	0.026546	1926	1326	600	0	0	0	0
AF	0	0.026858	1643	1111	532	0	0	0	0
AF	0	0.027171	2119	1428	691	0	0	0	0
AF	0	0.027483	1713	1166	547	0	0	0	0
AF	0	0.027795	1455	983	472	0	0	0	0
AF	0	0.028107	1457	1000	457	0	0	0	0
AF	0	0.028420	1503	1008	495	0	0	0	0
AF	0	0.028732	1446	980	466	0	0	0	0
AF	0	0.029044	1681	1119	562	0	0	0	0
AF	0	0.029357	1546	1057	489	0	0	0	0
AF	0	0.029669	1412	967	445	0	0	0	0
AF	0	0.029981	1517	1039	478	0	0	0	0
AF	0	0.030294	1471	972	499	0	0	0	0
AF	0	0.030606	1754	1190	564	0	0	0	0
AF	0	0.030918	1438	1001	437	0	0	0	0
AF	0	0.031230	1568	1105	463	0	0	0	0
AF	0	0.031543	1509	1028	481	0	0	0	0
AF	0	0.031855	1703	1161	542	0	0	0	0
AF	0	0.032167	1594	1093	501	0	0	0	0
AF	0	0.032480	1329	906	423	0	0	0	0
AF	0	0.032792	1263	855	408	0	0	0	0
AF	0	0.033104	1351	934	417	0	0	0	0
AF	0	0.033417	1324	921	403	0	0	0	0
AF	0	0.033729	1123	756	367	0	0	0	0
AF	0	0.034041	1182	818	364	0	0	0	0
AF	0	0.034354	1174	796	378	0	0	0	0
AF	0	0.034666	1207	838	369	0	0	0	0
AF	0	0.034978	1187	815	372	0	0	0	0
AF	0	0.035290	1155	782	373	0	0	0	0
AF	0	0.035603	1156	783	373	0	0	0	0
AF	0	0.035915	1138	780	358	0	0	0	0
AF	0	0.036227	1269	890	379	0	0	0	0
AF	0	0.036540	1079	709	370	0	0	0	0
AF	0	0.036852	1101	764	337	0	0	0	0
AF	0	0.037164	1015	673	342	0	0	0	0
AF	0	0.037477	1088	710	378	0	0	0	0
AF	0	0.037789	1036	710	326	0	0	0	0
AF	0	0.038101	1033	707	326	0	0	0	0
AF	0	0.038413	1121	796	325	0	0	0	0
AF	0	0.038726	1033	705	328	0	0	0	0
AF	0	0.039038	990	668	322	0	0	0	0
AF	0	0.039350	1293	884	409	0	0	0	0
AF	0	0.039663	1080	744	336	0	0	0	0
AF	0	0.039975	1041	709	332	0	0	0	0
AF	0	0.040287	1026	682	344	0	0	0	0
AF	0	0.040600	992	661	331	0	0	0	0
AF	0	0.040912	1008	698	310	0	0	0	0
AF	0	0.041224	1034	698	336	0	0	0	0
AF	0	0.041537	957	643	314	0	0	0	0
AF	0	0.041849	945	665	280	0	0	0	0
AF	0	0.042161	885	622	263	0	0	0	0
AF	0	0.042473	903	613	290	0	0	0	0
AF	0	0.042786	739	497	242	0	0	0	0
AF	0	0.043098	856	601	255	0	0	0	0
AF	0	0.043410	803	547	256	0	0	0	0
AF	0	0.043723	894	619	275	0	0	0	0
AF	0	0.044035	958	629	329	0	0	0	0
AF	0	0.044347	961	670	291	0	0	0	0
AF	0	0.044660	922	641	281	0	0	0	0
AF	0	0.044972	838	580	258	0	0	0	0
AF	0	0.045284	833	572	261	0	0	0	0
AF	0	0.045597	879	609	270	0	0	0	0
AF	0	0.045909	800	540	260	0	0	0	0
AF	0	0.046221	994	672	322	0	0	0	0
AF	0	0.046533	1033	697	336	0	0	0	0
AF	0	0.046846	829	575	254	0	0	0	0
AF	0	0.047158	765	518	247	0	0	0	0
AF	0	0.047470	839	575	264	0	0	0	0
AF	0	0.047783	737	495	242	0	0	0	0
AF	0	0.048095	932	635	297	0	0	0	0
AF	0	0.048407	772	528	244	0	0	0	0
AF	0	0.048720	804	536	268	0	0	0	0
AF	0	0.049032	896	618	278	0	0	0	0
AF	0	0.049344	723	502	221	0	0	0	0
AF	0	0.049656	834	568	266	0	0	0	0
AF	0	0.049969	740	487	253	0	0	0	0
AF	0	0.050281	766	534	232	0	0	0	0
AF	0	0.050593	844	572	272	0	0	0	0
AF	0	0.050906	913	630	283	0	0	0	0
AF	0	0.051218	736	495	241	0	0	0	0
AF	0	0.051530	749	516	233	0	0	0	0
AF	0	0.051843	772	502	270	0	0	0	0
AF	0	0.052155	666	448	218	0	0	0	0
AF	0	0.052467	742	491	251	0	0	0	0
AF	0	0.052780	685	486	199	0	0	0	0
AF	0	0.053092	754	509	245	0	0	0	0
AF	0	0.053404	662	435	227	0	0	0	0
AF	0	0.053716	654	444	210	0	0	0	0
AF	0	0.054029	646	455	191	0	0	0	0
AF	0	0.054341	631	433	198	0	0	0	0
AF	0	0.054653	650	444	206	0	0	0	0
AF	0	0.054966	600	390	210	0	0	0	0
AF	0	0.055278	748	516	232	0	0	0	0
AF	0	0.055590	693	474	219	0	0	0	0
AF	0	0.055903	690	469	221	0	0	0	0
AF	0	0.056215	774	526	248	0	0	0	0
AF	0	0.056527	631	437	194	0	0	0	0
AF	0	0.056839	623	417	206	0	0	0	0
AF	0	0.057152	601	412	189	0	0	0	0
AF	0	0.057464	614	429	185	0	0	0	0
AF	0	0.057776	616	412	204	0	0	0	0
AF	0	0.058089	617	415	202	0	0	0	0
AF	0	0.058401	652	424	228	0	0	0	0
AF	0	0.058713	620	409	211	0	0	0	0
AF	0	0.059026	715	502	213	0	0	0	0
AF	0	0.059338	677	456	221	0	0	0	0
AF	0	0.059650	538	365	173	0	0	0	0
AF	0	0.059963	631	430	201	0	0	0	0
AF	0	0.060275	609	423	186	0	0	0	0
AF	0	0.060587	664	456	208	0	0	0	0
AF	0	0.060899	665	444	221	0	0	0	0
AF	0	0.061212	594	401	193	0	0	0	0
AF	0	0.061524	595	403	192	0	0	0	0
AF	0	0.061836	586	396	190	0	0	0	0
AF	0	0.062149	578	389	189	0	0	0	0
AF	0	0.062461	640	417	223	0	0	0	0
AF	0	0.062773	712	480	232	0	0	0	0
AF	0	0.063086	570	403	167	0	0	0	0
AF	0	0.063398	619	431	188	0	0	0	0
AF	0	0.063710	525	342	183	0	0	0	0
AF	0	0.064022	534	355	179	0	0	0	0
AF	0	0.064335	512	347	165	0	0	0	0
AF	0	0.064647	615	419	196	0	0	0	0
AF	0	0.064959	658	442	216	0	0	0	0
AF	0	0.065272	708	472	236	0	0	0	0
AF	0	0.065584	551	366	185	0	0	0	0
AF	0	0.065896	511	346	165	0	0	0	0
AF	0	0.066209	475	303	172	0	0	0	0
AF	0	0.066521	491	320	171	0	0	0	0
AF	0	0.066833	598	401	197	0	0	0	0
AF	0	0.067146	556	365	191	0	0	0	0
AF	0	0.067458	520	347	173	0	0	0	0
AF	0	0.067770	574	384	190	0	0	0	0
AF	0	0.068082	599	412	187	0	0	0	0
AF	0	0.068395	628	410	218	0	0	0	0
AF	0	0.068707	563	398	165	0	0	0	0
AF	0	0.069019	510	338	172	0	0	0	0
AF	0	0.069332	516	336	180	0	0	0	0
AF	0	0.069644	584	387	197	0	0	0	0
AF	0	0.069956	511	344	167	0	0	0	0
AF	0	0.070269	469	315	154	0	0	0	0
AF	0	0.070581	466	316	150	0	0	0	0
AF	0	0.070893	468	320	148	0	0	0	0
AF	0	0.071205	423	283	140	0	0	0	0
AF	0	0.071518	475	333	142	0	0	0	0
AF	0	0.071830	610	423	187	0	0	0	0
AF	0	0.072142	465	318	147	0	0	0	0
AF	0	0.072455	459	306	153	0	0	0	0
AF	0	0.072767	454	309	145	0	0	0	0
AF	0	0.073079	438	300	138	0	0	0	0
AF	0	0.073392	527	355	172	0	0	0	0
AF	0	0.073704	503	345	158	0	0	0	0
AF	0	0.074016	461	314	147	0	0	0	0
AF	0	0.074329	408	281	127	0	0	0	0
AF	0	0.074641	481	348	133	0	0	0	0
AF	0	0.074953	426	283	143	0	0	0	0
AF	0	0.075265	496	334	162	0	0	0	0
AF	0	0.075578	497	330	167	0	0	0	0
AF	0	0.075890	488	333	155	0	0	0	0
AF	0	0.076202	482	330	152	0	0	0	0
AF	0	0.076515	451	300	151	0	0	0	0
AF	0	0.076827	397	280	117	0	0	0	0
AF	0	0.077139	420	300	120	0	0	0	0
AF	0	0.077452	470	312	158	0	0	0	0
AF	0	0.077764	463	304	159	0	0	0	0
AF	0	0.078076	431	288	143	0	0	0	0
AF	0	0.078389	489	328	161	0	0	0	0
AF	0	0.078701	481	330	151	0	0	0	0
AF	0	0.079013	428	294	134	0	0	0	0
AF	0	0.079325	476	337	139	0	0	0	0
AF	0	0.079638	461	311	150	0	0	0	0
AF	0	0.079950	440	292	148	0	0	0	0
AF	0	0.080262	434	289	145	0	0	0	0
AF	0	0.080575	463	320	143	0	0	0	0
AF	0	0.080887	485	325	160	0	0	0	0
AF	0	0.081199	401	280	121	0	0	0	0
AF	0	0.081512	407	275	132	0	0	0	0
AF	0	0.081824	413	286	127	0	0	0	0
AF	0	0.082136	482	313	169	0	0	0	0
AF	0	0.082448	450	314	136	0	0	0	0
AF	0	0.082761	492	343	149	0	0	0	0
AF	0	0.083073	430	282	148	0	0	0	0
AF	0	0.083385	483	324	159	0	0	0	0
AF	0	0.083698	407	273	134	0	0	0	0
AF	0	0.084010	394	264	130	0	0	0	0
AF	0	0.084322	466	313	153	0	0	0	0
AF	0	0.084635	462	324	138	0	0	0	0
AF	0	0.084947	391	265	126	0	0	0	0
AF	0	0.085259	430	293	137	0	0	0	0
AF	0	0.085572	531	350	181	0	0	0	0
AF	0	0.085884	423	286	137	0	0	0	0
AF	0	0.086196	367	258	109	0	0	0	0
AF	0	0.086508	355	263	92	0	0	0	0
AF	0	0.086821	378	262	116	0	0	0	0
AF	0	0.087133	434	300	134	0	0	0	0
AF	0	0.087445	430	311	119	0	0	0	0
AF	0	0.087758	379	245	134	0	0	0	0
AF	0	0.088070	400	276	124	0	0	0	0
AF	0	0.088382	353	230	123	0	0	0	0
AF	0	0.088695	440	309	131	0	0	0	0
AF	0	0.089007	412	277	135	0	0	0	0
AF	0	0.089319	360	246	114	0	0	0	0
AF	0	0.089631	381	275	106	0	0	0	0
AF	0	0.089944	321	224	97	0	0	0	0
AF	0	0.090256	354	233	121	0	0	0	0
AF	0	0.090568	347	220	127	0	0	0	0
AF	0	0.090881	287	189	98	0	0	0	0
AF	0	0.091193	351	247	104	0	0	0	0
AF	0	0.091505	369	235	134	0	0	0	0
AF	0	0.091818	462	324	138	0	0	0	0
AF	0	0.092130	290	196	94	0	0	0	0
AF	0	0.092442	302	208	94	0	0	0	0
AF	0	0.092755	377	267	110	0	0	0	0
AF	0	0.093067	305	194	111	0	0	0	0
AF	0	0.093379	326	223	103	0	0	0	0
AF	0	0.093691	337	234	103	0	0	0	0
AF	0	0.094004	348	237	111	0	0	0	0
AF	0	0.094316	368	254	114	0	0	0	0
AF	0	0.094628	317	218	99	0	0	0	0
AF	0	0.094941	343	227	116	0	0	0	0
AF	0	0.095253	375	266	109	0	0	0	0
AF	0	0.095565	361	250	111	0	0	0	0
AF	0	0.095878	350	244	106	0	0	0	0
AF	0	0.096190	355	232	123	0	0	0	0
AF	0	0.096502	423	298	125	0	0	0	0
AF	0	0.096814	407	274	133	0	0	0	0
AF	0	0.097127	447	306	141	0	0	0	0
AF	0	0.097439	362	238	124	0	0	0	0
AF	0	0.097751	354	234	120	0	0	0	0
AF	0	0.098064	281	177	104	0	0	0	0
AF	0	0.098376	329	206	123	0	0	0	0
AF	0	0.098688	373	254	119	0	0	0	0
AF	0	0.099001	399	280	119	0	0	0	0
AF	0	0.099313	312	208	104	0	0	0	0
AF	0	0.099625	311	210	101	0	0	0	0
AF	0	0.099938	318	228	90	0	0	0	0
AF	0	0.100250	343	230	113	0	0	0	0
AF	0	0.100562	307	209	98	0	0	0	0
AF	0	0.100874	368	239	129	0	0	0	0
AF	0	0.101187	281	199	82	0	0	0	0
AF	0	0.101499	358	241	117	0	0	0	0
AF	0	0.101811	378	265	113	0	0	0	0
AF	0	0.102124	352	239	113	0	0	0	0
AF	0	0.102436	364	245	119	0	0	0	0
AF	0	0.102748	383	257	126	0	0	0	0
AF	0	0.103061	344	238	106	0	0	0	0
AF	0	0.103373	404	276	128	0	0	0	0
AF	0	0.103685	293	192	101	0	0	0	0
AF	0	0.103998	340	218	122	0	0	0	0
AF	0	0.104310	317	225	92	0	0	0	0
AF	0	0.104622	403	278	125	0	0	0	0
AF	0	0.104934	328	236	92	0	0	0	0
AF	0	0.105247	355	238	117	0	0	0	0
AF	0	0.105559	331	236	95	0	0	0	0
AF	0	0.105871	309	220	89	0	0	0	0
AF	0	0.106184	346	227	119	0	0	0	0
AF	0	0.106496	347	240	107	0	0	0	0
AF	0	0.106808	365	250	115	0	0	0	0
AF	0	0.107121	364	242	122	0	0	0	0
AF	0	0.107433	283	180	103	0	0	0	0
AF	0	0.107745	337	229	108	0	0	0	0
AF	0	0.108057	285	202	83	0	0	0	0
AF	0	0.108370	355	230	125	0	0	0	0
AF	0	0.108682	296	202	94	0	0	0	0
AF	0	0.108994	330	230	100	0	0	0	0
AF	0	0.109307	288	194	94	0	0	0	0
AF	0	0.109619	272	180	92	0	0	0	0
AF	0	0.109931	360	245	115	0	0	0	0
AF	0	0.110244	268	182	86	0	0	0	0
AF	0	0.110556	292	205	87	0	0	0	0
AF	0	0.110868	310	208	102	0	0	0	0
AF	0	0.111181	358	237	121	0	0	0	0
AF	0	0.111493	347	255	92	0	0	0	0
AF	0	0.111805	332	238	94	0	0	0	0
AF	0	0.112117	319	224	95	0	0	0	0
AF	0	0.112430	301	202	99	0	0	0	0
AF	0	0.112742	303	212	91	0	0	0	0
AF	0	0.113054	314	188	126	0	0	0	0
AF	0	0.113367	346	244	102	0	0	0	0
AF	0	0.113679	352	227	125	0	0	0	0
AF	0	0.113991	329	244	85	0	0	0	0
AF	0	0.114304	376	255	121	0	0	0	0
AF	0	0.114616	325	216	109	0	0	0	0
AF	0	0.114928	346	237	109	0	0	0	0
AF	0	0.115240	299	202	97	0	0	0	0
AF	0	0.115553	293	197	96	0	0	0	0
AF	0	0.115865	301	202	99	0	0	0	0
AF	0	0.116177	341	231	110	0	0	0	0
AF	0	0.116490	333	233	100	0	0	0	0
AF	0	0.116802	340	231	109	0	0	0	0
AF	0	0.117114	272	193	79	0	0	0	0
AF	0	0.117427	331	217	114	0	0	0	0
AF	0	0.117739	359	254	105	0	0	0	0
AF	0	0.118051	314	196	118	0	0	0	0
AF	0	0.118364	314	202	112	0	0	0	0
AF	0	0.118676	304	198	106	0	0	0	0
AF	0	0.118988	237	163	74	0	0	0	0
AF	0	0.119300	279	191	88	0	0	0	0
AF	0	0.119613	302	206	96	0	0	0	0
AF	0	0.119925	296	197	99	0	0	0	0
AF	0	0.120237	351	233	118	0	0	0	0
AF	0	0.120550	331	229	102	0	0	0	0
AF	0	0.120862	282	198	84	0	0	0	0
AF	0	0.121174	358	250	108	0	0	0	0
AF	0	0.121487	370	245	125	0	0	0	0
AF	0	0.121799	423	275	148	0	0	0	0
AF	0	0.122111	379	274	105	0	0	0	0
AF	0	0.122423	301	197	104	0	0	0	0
AF	0	0.122736	289	196	93	0	0	0	0
AF	0	0.123048	260	174	86	0	0	0	0
AF	0	0.123360	313	214	99	0	0	0	0
AF	0	0.123673	313	213	100	0	0	0	0
AF	0	0.123985	290	213	77	0	0	0	0
AF	0	0.124297	291	189	102	0	0	0	0
AF	0	0.124610	263	174	89	0	0	0	0
AF	0	0.124922	301	196	105	0	0	0	0
AF	0	0.125234	255	184	71	0	0	0	0
AF	0	0.125547	328	222	106	0	0	0	0
AF	0	0.125859	331	218	113	0	0	0	0
AF	0	0.126171	272	196	76	0	0	0	0
AF	0	0.126483	258	164	94	0	0	0	0
AF	0	0.126796	285	194	91	0	0	0	0
AF	0	0.127108	263	183	80	0	0	0	0
AF	0	0.127420	260	176	84	0	0	0	0
AF	0	0.127733	257	168	89	0	0	0	0
AF	0	0.128045	318	215	103	0	0	0	0
AF	0	0.128357	265	176	89	0	0	0	0
AF	0	0.128670	260	174	86	0	0	0	0
AF	0	0.128982	253	171	82	0	0	0	0
AF	0	0.129294	447	293	154	0	0	0	0
AF	0	0.129606	273	188	85	0	0	0	0
AF	0	0.129919	283	204	79	0	0	0	0
AF	0	0.130231	259	188	71	0	0	0	0
AF	0	0.130543	249	171	78	0	0	0	0
AF	0	0.130856	257	172	85	0	0	0	0
AF	0	0.131168	250	184	66	0	0	0	0
AF	0	0.131480	234	156	78	0	0	0	0
AF	0	0.131793	250	174	76	0	0	0	0
AF	0	0.132105	270	191	79	0	0	0	0
AF	0	0.132417	251	182	69	0	0	0	0
AF	0	0.132730	274	179	95	0	0	0	0
AF	0	0.133042	279	184	95	0	0	0	0
AF	0	0.133354	245	153	92	0	0	0	0
AF	0	0.133666	276	172	104	0	0	0	0
AF	0	0.133979	326	227	99	0	0	0	0
AF	0	0.134291	352	247	105	0	0	0	0
AF	0	0.134603	325	223	102	0	0	0	0
AF	0	0.134916	278	186	92	0	0	0	0
AF	0	0.135228	264	189	75	0	0	0	0
AF	0	0.135540	256	175	81	0	0	0	0
AF	0	0.135853	293	194	99	0	0	0	0
AF	0	0.136165	321	209	112	0	0	0	0
AF	0	0.136477	249	169	80	0	0	0	0
AF	0	0.136790	261	167	94	0	0	0	0
AF	0	0.137102	272	191	81	0	0	0	0
AF	0	0.137414	231	157	74	0	0	0	0
AF	0	0.137726	209	130	79	0	0	0	0
AF	0	0.138039	242	160	82	0	0	0	0
AF	0	0.138351	218	146	72	0	0	0	0
AF	0	0.138663	221	142	79	0	0	0	0
AF	0	0.138976	211	143	68	0	0	0	0
AF	0	0.139288	258	177	81	0	0	0	0
AF	0	0.139600	262	169	93	0	0	0	0
AF	0	0.139913	262	161	101	0	0	0	0
AF	0	0.140225	305	215	90	0	0	0	0
AF	0	0.140537	282	217	65	0	0	0	0
AF	0	0.140849	261	166	95	0	0	0	0
AF	0	0.141162	274	180	94	0	0	0	0
AF	0	0.141474	265	160	105	0	0	0	0
AF	0	0.141786	246	155	91	0	0	0	0
AF	0	0.142099	265	178	87	0	0	0	0
AF	0	0.142411	213	138	75	0	0	0	0
AF	0	0.142723	342	231	111	0	0	0	0
AF	0	0.143036	300	205	95	0	0	0	0
AF	0	0.143348	274	174	100	0	0	0	0
AF	0	0.143660	276	192	84	0	0	0	0
AF	0	0.143973	268	181	87	0	0	0	0
AF	0	0.144285	236	159	77	0	0	0	0
AF	0	0.144597	246	167	79	0	0	0	0
AF	0	0.144909	295	204	91	0	0	0	0
AF	0	0.145222	253	160	93	0	0	0	0
AF	0	0.145534	257	163	94	0	0	0	0
AF	0	0.145846	292	181	111	0	0	0	0
AF	0	0.146159	278	188	90	0	0	0	0
AF	0	0.146471	306	218	88	0	0	0	0
AF	0	0.146783	219	158	61	0	0	0	0
AF	0	0.147096	222	155	67	0	0	0	0
AF	0	0.147408	251	160	91	0	0	0	0
AF	0	0.147720	259	173	86	0	0	0	0
AF	0	0.148032	258	186	72	0	0	0	0
AF	0	0.148345	233	158	75	0	0	0	0
AF	0	0.148657	199	135	64	0	0	0	0
AF	0	0.148969	214	145	69	0	0	0	0
AF	0	0.149282	225	154	71	0	0	0	0
AF	0	0.149594	245	180	65	0	0	0	0
AF	0	0.149906	279	203	76	0	0	0	0
AF	0	0.150219	255	172	83	0	0	0	0
AF	0	0.150531	293	185	108	0	0	0	0
AF	0	0.150843	242	170	72	0	0	0	0
AF	0	0.151156	254	164	90	0	0	0	0
AF	0	0.151468	241	158	83	0	0	0	0
AF	0	0.151780	264	179	85	0	0	0	0
AF	0	0.152092	295	192	103	0	0	0	0
AF	0	0.152405	306	217	89	0	0	0	0
AF	0	0.152717	338	225	113	0	0	0	0
AF	0	0.153029	218	151	67	0	0	0	0
AF	0	0.153342	240	162	78	0	0	0	0
AF	0	0.153654	221	150	71	0	0	0	0
AF	0	0.153966	239	156	83	0	0	0	0
AF	0	0.154279	288	193	95	0	0	0	0
AF	0	0.154591	215	143	72	0	0	0	0
AF	0	0.154903	185	129	56	0	0	0	0
AF	0	0.155215	234	151	83	0	0	0	0
AF	0	0.155528	273	181	92	0	0	0	0
AF	0	0.155840	232	150	82	0	0	0	0
AF	0	0.156152	218	143	75	0	0	0	0
AF	0	0.156465	219	149	70	0	0	0	0
AF	0	0.156777	228	138	90	0	0	0	0
AF	0	0.157089	270	176	94	0	0	0	0
AF	0	0.157402	278	186	92	0	0	0	0
AF	0	0.157714	235	161	74	0	0	0	0
AF	0	0.158026	261	182	79	0	0	0	0
AF	0	0.158339	225	157	68	0	0	0	0
AF	0	0.158651	239	164	75	0	0	0	0
AF	0	0.158963	261	187	74	0	0	0	0
AF	0	0.159275	302	190	112	0	0	0	0
AF	0	0.159588	196	135	61	0	0	0	0
AF	0	0.159900	239	169	70	0	0	0	0
AF	0	0.160212	236	159	77	0	0	0	0
AF	0	0.160525	221	149	72	0	0	0	0
AF	0	0.160837	255	179	76	0	0	0	0
AF	0	0.161149	232	152	80	0	0	0	0
AF	0	0.161462	290	203	87	0	0	0	0
AF	0	0.161774	257	173	84	0	0	0	0
AF	0	0.162086	255	180	75	0	0	0	0
AF	0	0.162399	258	182	76	0	0	0	0
AF	0	0.162711	246	164	82	0	0	0	0
AF	0	0.163023	197	134	63	0	0	0	0
AF	0	0.163335	229	138	91	0	0	0	0
AF	0	0.163648	225	153	72	0	0	0	0
AF	0	0.163960	197	136	61	0	0	0	0
AF	0	0.164272	286	197	89	0	0	0	0
AF	0	0.164585	250	173	77	0	0	0	0
AF	0	0.164897	258	182	76	0	0	0	0
AF	0	0.165209	245	176	69	0	0	0	0
AF	0	0.165522	252	175	77	0	0	0	0
AF	0	0.165834	237	168	69	0	0	0	0
AF	0	0.166146	246	166	80	0	0	0	0
AF	0	0.166458	209	151	58	0	0	0	0
AF	0	0.166771	188	136	52	0	0	0	0
AF	0	0.167083	182	125	57	0	0	0	0
AF	0	0.167395	180	122	58	0	0	0	0
AF	0	0.167708	198	130	68	0	0	0	0
AF	0	0.168020	178	121	57	0	0	0	0
AF	0	0.168332	272	176	96	0	0	0	0
AF	0	0.168645	236	165	71	0	0	0	0
AF	0	0.168957	221	158	63	0	0	0	0
AF	0	0.169269	230	163	67	0	0	0	0
AF	0	0.169582	222	159	63	0	0	0	0
AF	0	0.169894	213	143	70	0	0	0	0
AF	0	0.170206	225	159	66	0	0	0	0
AF	0	0.170518	217	157	60	0	0	0	0
AF	0	0.170831	253	170	83	0	0	0	0
AF	0	0.171143	215	160	55	0	0	0	0
AF	0	0.171455	176	121	55	0	0	0	0
AF	0	0.171768	220	147	73	0	0	0	0
AF	0	0.172080	199	138	61	0	0	0	0
AF	0	0.172392	200	132	68	0	0	0	0
AF	0	0.172705	224	166	58	0	0	0	0
AF	0	0.173017	213	150	63	0	0	0	0
AF	0	0.173329	202	149	53	0	0	0	0
AF	0	0.173641	263	166	97	0	0	0	0
AF	0	0.173954	236	161	75	0	0	0	0
AF	0	0.174266	223	151	72	0	0	0	0
AF	0	0.174578	223	156	67	0	0	0	0
AF	0	0.174891	215	139	76	0	0	0	0
AF	0	0.175203	211	145	66	0	0	0	0
AF	0	0.175515	198	143	55	0	0	0	0
AF	0	0.175828	243	167	76	0	0	0	0
AF	0	0.176140	195	120	75	0	0	0	0
AF	0	0.176452	187	127	60	0	0	0	0
AF	0	0.176765	276	183	93	0	0	0	0
AF	0	0.177077	274	173	101	0	0	0	0
AF	0	0.177389	286	203	83	0	0	0	0
AF	0	0.177701	210	140	70	0	0	0	0
AF	0	0.178014	233	163	70	0	0	0	0
AF	0	0.178326	212	136	76	0	0	0	0
AF	0	0.178638	213	148	65	0	0	0	0
AF	0	0.178951	230	151	79	0	0	0	0
AF	0	0.179263	214	156	58	0	0	0	0
AF	0	0.179575	198	137	61	0	0	0	0
AF	0	0.179888	254	173	81	0	0	0	0
AF	0	0.180200	214	142	72	0	0	0	0
AF	0	0.180512	196	126	70	0	0	0	0
AF	0	0.180824	214	148	66	0	0	0	0
AF	0	0.181137	216	148	68	0	0	0	0
AF	0	0.181449	192	134	58	0	0	0	0
AF	0	0.181761	204	128	76	0	0	0	0
AF	0	0.182074	181	124	57	0	0	0	0
AF	0	0.182386	213	146	67	0	0	0	0
AF	0	0.182698	193	141	52	0	0	0	0
AF	0	0.183011	190	119	71	0	0	0	0
AF	0	0.183323	215	149	66	0	0	0	0
AF	0	0.183635	188	133	55	0	0	0	0
AF	0	0.183948	184	134	50	0	0	0	0
AF	0	0.184260	228	167	61	0	0	0	0
AF	0	0.184572	206	150	56	0	0	0	0
AF	0	0.184884	220	154	66	0	0	0	0
AF	0	0.185197	237	157	80	0	0	0	0
AF	0	0.185509	196	135	61	0	0	0	0
AF	0	0.185821	210	135	75	0	0	0	0
AF	0	0.186134	244	165	79	0	0	0	0
AF	0	0.186446	217	142	75	0	0	0	0
AF	0	0.186758	197	133	64	0	0	0	0
AF	0	0.187071	220	147	73	0	0	0	0
AF	0	0.187383	259	167	92	0	0	0	0
AF	0	0.187695	253	164	89	0	0	0	0
AF	0	0.188007	199	146	53	0	0	0	0
AF	0	0.188320	185	121	64	0	0	0	0
AF	0	0.188632	195	134	61	0	0	0	0
AF	0	0.188944	166	112	54	0	0	0	0
AF	0	0.189257	182	120	62	0	0	0	0
AF	0	0.189569	177	118	59	0	0	0	0
AF	0	0.189881	159	95	64	0	0	0	0
AF	0	0.190194	180	141	39	0	0	0	0
AF	0	0.190506	202	142	60	0	0	0	0
AF	0	0.190818	141	91	50	0	0	0	0
AF	0	0.191131	186	126	60	0	0	0	0
AF	0	0.191443	160	111	49	0	0	0	0
AF	0	0.191755	203	144	59	0	0	0	0
AF	0	0.192067	164	111	53	0	0	0	0
AF	0	0.192380	180	111	69	0	0	0	0
AF	0	0.192692	196	135	61	0	0	0	0
AF	0	0.193004	156	104	52	0	0	0	0
AF	0	0.193317	173	120	53	0	0	0	0
AF	0	0.193629	170	122	48	0	0	0	0
AF	0	0.193941	229	150	79	0	0	0	0
AF	0	0.194254	195	129	66	0	0	0	0
AF	0	0.194566	166	109	57	0	0	0	0
AF	0	0.194878	197	136	61	0	0	0	0
AF	0	0.195191	178	130	48	0	0	0	0
AF	0	0.195503	184	124	60	0	0	0	0
AF	0	0.195815	225	140	85	0	0	0	0
AF	0	0.196127	191	123	68	0	0	0	0
AF	0	0.196440	164	111	53	0	0	0	0
AF	0	0.196752	181	127	54	0	0	0	0
AF	0	0.197064	199	133	66	0	0	0	0
AF	0	0.197377	168	121	47	0	0	0	0
AF	0	0.197689	181	116	65	0	0	0	0
AF	0	0.198001	181	130	51	0	0	0	0
AF	0	0.198314	147	108	39	0	0	0	0
AF	0	0.198626	165	113	52	0	0	0	0
AF	0	0.198938	161	118	43	0	0	0	0
AF	0	0.199250	184	115	69	0	0	0	0
AF	0	0.199563	158	115	43	0	0	0	0
AF	0	0.199875	152	101	51	0	0	0	0
AF	0	0.200187	163	104	59	0	0	0	0
AF	0	0.200500	194	131	63	0	0	0	0
AF	0	0.200812	224	152	72	0	0	0	0
AF	0	0.201124	211	140	71	0	0	0	0
AF	0	0.201437	218	151	67	0	0	0	0
AF	0	0.201749	179	125	54	0	0	0	0
AF	0	0.202061	200	125	75	0	0	0	0
AF	0	0.202374	162	107	55	0	0	0	0
AF	0	0.202686	221	138	83	0	0	0	0
AF	0	0.202998	229	167	62	0	0	0	0
AF	0	0.203310	207	143	64	0	0	0	0
AF	0	0.203623	196	133	63	0	0	0	0
AF	0	0.203935	182	129	53	0	0	0	0
AF	0	0.204247	210	133	77	0	0	0	0
AF	0	0.204560	217	149	68	0	0	0	0
AF	0	0.204872	184	122	62	0	0	0	0
AF	0	0.205184	193	144	49	0	0	0	0
AF	0	0.205497	195	129	66	0	0	0	0
AF	0	0.205809	185	131	54	0	0	0	0
AF	0	0.206121	166	107	59	0	0	0	0
AF	0	0.206433	175	121	54	0	0	0	0
AF	0	0.206746	197	132	65	0	0	0	0
AF	0	0.207058	198	128	70	0	0	0	0
AF	0	0.207370	180	134	46	0	0	0	0
AF	0	0.207683	180	122	58	0	0	0	0
AF	0	0.207995	162	118	44	0	0	0	0
AF	0	0.208307	187	124	63	0	0	0	0
AF	0	0.208620	192	117	75	0	0	0	0
AF	0	0.208932	197	126	71	0	0	0	0
AF	0	0.209244	211	144	67	0	0	0	0
AF	0	0.209557	175	114	61	0	0	0	0
AF	0	0.209869	225	152	73	0	0	0	0
AF	0	0.210181	176	108	68	0	0	0	0
AF	0	0.210493	173	113	60	0	0	0	0
AF	0	0.210806	155	115	40	0	0	0	0
AF	0	0.211118	162	104	58	0	0	0	0
AF	0	0.211430	179	119	60	0	0	0	0
AF	0	0.211743	182	120	62	0	0	0	0
AF	0	0.212055	161	108	53	0	0	0	0
AF	0	0.212367	184	129	55	0	0	0	0
AF	0	0.212680	137	102	35	0	0	0	0
AF	0	0.212992	168	113	55	0	0	0	0
AF	0	0.213304	196	136	60	0	0	0	0
AF	0	0.213616	209	153	56	0	0	0	0
AF	0	0.213929	204	140	64	0	0	0	0
AF	0	0.214241	191	123	68	0	0	0	0
AF	0	0.214553	203	131	72	0	0	0	0
AF	0	0.214866	161	114	47	0	0	0	0
AF	0	0.215178	175	113	62	0	0	0	0
AF	0	0.215490	179	119	60	0	0	0	0
AF	0	0.215803	153	92	61	0	0	0	0
AF	0	0.216115	138	96	42	0	0	0	0
AF	0	0.216427	179	122	57	0	0	0	0
AF	0	0.216740	189	123	66	0	0	0	0
AF	0	0.217052	152	106	46	0	0	0	0
AF	0	0.217364	191	134	57	0	0	0	0
AF	0	0.217676	205	139	66	0	0	0	0
AF	0	0.217989	170	119	51	0	0	0	0
AF	0	0.218301	154	102	52	0	0	0	0
AF	0	0.218613	176	115	61	0	0	0	0
AF	0	0.218926	215	139	76	0	0	0	0
AF	0	0.219238	203	136	67	0	0	0	0
AF	0	0.219550	164	110	54	0	0	0	0
AF	0	0.219863	188	137	51	0	0	0	0
AF	0	0.220175	211	143	68	0	0	0	0
AF	0	0.220487	216	142	74	0	0	0	0
AF	0	0.220800	178	111	67	0	0	0	0
AF	0	0.221112	182	127	55	0	0	0	0
AF	0	0.221424	170	113	57	0	0	0	0
AF	0	0.221736	170	114	56	0	0	0	0
AF	0	0.222049	208	142	66	0	0	0	0
AF	0	0.222361	232	159	73	0	0	0	0
AF	0	0.222673	193	129	64	0	0	0	0
AF	0	0.222986	233	154	79	0	0	0	0
AF	0	0.223298	149	94	55	0	0	0	0
AF	0	0.223610	241	154	87	0	0	0	0
AF	0	0.223923	157	114	43	0	0	0	0
AF	0	0.224235	186	118	68	0	0	0	0
AF	0	0.224547	169	108	61	0	0	0	0
AF	0	0.224859	172	125	47	0	0	0	0
AF	0	0.225172	178	120	58	0	0	0	0
AF	0	0.225484	139	99	40	0	0	0	0
AF	0	0.225796	165	119	46	0	0	0	0
AF	0	0.226109	153	100	53	0	0	0	0
AF	0	0.226421	185	130	55	0	0	0	0
AF	0	0.226733	179	122	57	0	0	0	0
AF	0	0.227046	166	115	51	0	0	0	0
AF	0	0.227358	194	131	63	0	0	0	0
AF	0	0.227670	195	134	61	0	0	0	0
AF	0	0.227983	203	131	72	0	0	0	0
AF	0	0.228295	199	143	56	0	0	0	0
AF	0	0.228607	158	105	53	0	0	0	0
AF	0	0.228919	173	128	45	0	0	0	0
AF	0	0.229232	168	110	58	0	0	0	0
AF	0	0.229544	176	123	53	0	0	0	0
AF	0	0.229856	149	104	45	0	0	0	0
AF	0	0.230169	160	101	59	0	0	0	0
AF	0	0.230481	148	109	39	0	0	0	0
AF	0	0.230793	171	107	64	0	0	0	0
AF	0	0.231106	162	109	53	0	0	0	0
AF	0	0.231418	155	109	46	0	0	0	0
AF	0	0.231730	171	112	59	0	0	0	0
AF	0	0.232042	153	105	48	0	0	0	0
AF	0	0.232355	165	103	62	0	0	0	0
AF	0	0.232667	176	105	71	0	0	0	0
AF	0	0.232979	200	142	58	0	0	0	0
AF	0	0.233292	217	152	65	0	0	0	0
AF	0	0.233604	155	115	40	0	0	0	0
AF	0	0.233916	179	118	61	0	0	0	0
AF	0	0.234229	167	110	57	0	0	0	0
AF	0	0.234541	116	87	29	0	0	0	0
AF	0	0.234853	123	79	44	0	0	0	0
AF	0	0.235166	142	101	41	0	0	0	0
AF	0	0.235478	154	102	52	0	0	0	0
AF	0	0.235790	156	102	54	0	0	0	0
AF	0	0.236102	186	118	68	0	0	0	0
AF	0	0.236415	231	164	67	0	0	0	0
AF	0	0.236727	145	97	48	0	0	0	0
AF	0	0.237039	145	107	38	0	0	0	0
AF	0	0.237352	172	113	59	0	0	0	0
AF	0	0.237664	150	109	41	0	0	0	0
AF	0	0.237976	146	102	44	0	0	0	0
AF	0	0.238289	155	106	49	0	0	0	0
AF	0	0.238601	155	102	53	0	0	0	0
AF	0	0.238913	159	105	54	0	0	0	0
AF	0	0.239225	159	96	63	0	0	0	0
AF	0	0.239538	148	96	52	0	0	0	0
AF	0	0.239850	137	88	49	0	0	0	0
AF	0	0.240162	143	91	52	0	0	0	0
AF	0	0.240475	162	110	52	0	0	0	0
AF	0	0.240787	152	108	44	0	0	0	0
AF	0	0.241099	152	95	57	0	0	0	0
AF	0	0.241412	125	91	34	0	0	0	0
AF	0	0.241724	156	109	47	0	0	0	0
AF	0	0.242036	117	73	44	0	0	0	0
AF	0	0.242349	152	113	39	0	0	0	0
AF	0	0.242661	136	91	45	0	0	0	0
AF	0	0.242973	149	106	43	0	0	0	0
AF	0	0.243285	162	112	50	0	0	0	0
AF	0	0.243598	172	122	50	0	0	0	0
AF	0	0.243910	128	77	51	0	0	0	0
AF	0	0.244222	149	101	48	0	0	0	0
AF	0	0.244535	142	86	56	0	0	0	0
AF	0	0.244847	149	104	45	0	0	0	0
AF	0	0.245159	133	89	44	0	0	0	0
AF	0	0.245472	143	100	43	0	0	0	0
AF	0	0.245784	147	110	37	0	0	0	0
AF	0	0.246096	128	95	33	0	0	0	0
AF	0	0.246408	127	90	37	0	0	0	0
AF	0	0.246721	115	80	35	0	0	0	0
AF	0	0.247033	170	110	60	0	0	0	0
AF	0	0.247345	159	103	56	0	0	0	0
AF	0	0.247658	153	102	51	0	0	0	0
AF	0	0.247970	129	91	38	0	0	0	0
AF	0	0.248282	151	104	47	0	0	0	0
AF	0	0.248595	149	101	48	0	0	0	0
AF	0	0.248907	141	102	39	0	0	0	0
AF	0	0.249219	141	105	36	0	0	0	0
AF	0	0.249532	146	104	42	0	0	0	0
AF	0	0.249844	151	107	44	0	0	0	0
AF	0	0.250156	134	103	31	0	0	0	0
AF	0	0.250468	176	120	56	0	0	0	0
AF	0	0.250781	145	102	43	0	0	0	0
AF	0	0.251093	145	102	43	0	0	0	0
AF	0	0.251405	167	121	46	0	0	0	0
AF	0	0.251718	138	99	39	0	0	0	0
AF	0	0.252030	136	90	46	0	0	0	0
AF	0	0.252342	166	118	48	0	0	0	0
AF	0	0.252655	145	100	45	0	0	0	0
AF	0	0.252967	170	124	46	0	0	0	0
AF	0	0.253279	137	96	41	0	0	0	0
AF	0	0.253592	145	96	49	0	0	0	0
AF	0	0.253904	133	92	41	0	0	0	0
AF	0	0.254216	149	98	51	0	0	0	0
AF	0	0.254528	136	93	43	0	0	0	0
AF	0	0.254841	152	103	49	0	0	0	0
AF	0	0.255153	166	116	50	0	0	0	0
AF	0	0.255465	183	132	51	0	0	0	0
AF	0	0.255778	180	119	61	0	0	0	0
AF	0	0.256090	130	83	47	0	0	0	0
AF	0	0.256402	154	92	62	0	0	0	0
AF	0	0.256715	142	97	45	0	0	0	0
AF	0	0.257027	159	118	41	0	0	0	0
AF	0	0.257339	140	96	44	0	0	0	0
AF	0	0.257651	118	83	35	0	0	0	0
AF	0	0.257964	156	104	52	0	0	0	0
AF	0	0.258276	158	113	45	0	0	0	0
AF	0	0.258588	155	107	48	0	0	0	0
AF	0	0.258901	159	116	43	0	0	0	0
AF	0	0.259213	154	113	41	0	0	0	0
AF	0	0.259525	134	98	36	0	0	0	0
AF	0	0.259838	131	88	43	0	0	0	0
AF	0	0.260150	234	157	77	0	0	0	0
AF	0	0.260462	156	119	37	0	0	0	0
AF	0	0.260775	138	88	50	0	0	0	0
AF	0	0.261087	151	98	53	0	0	0	0
AF	0	0.261399	129	84	45	0	0	0	0
AF	0	0.261711	150	98	52	0	0	0	0
AF	0	0.262024	175	124	51	0	0	0	0
AF	0	0.262336	167	111	56	0	0	0	0
AF	0	0.262648	153	108	45	0	0	0	0
AF	0	0.262961	156	105	51	0	0	0	0
AF	0	0.263273	159	108	51	0	0	0	0
AF	0	0.263585	155	103	52	0	0	0	0
AF	0	0.263898	140	96	44	0	0	0	0
AF	0	0.264210	165	112	53	0	0	0	0
AF	0	0.264522	169	106	63	0	0	0	0
AF	0	0.264834	155	105	50	0	0	0	0
AF	0	0.265147	129	98	31	0	0	0	0
AF	0	0.265459	155	112	43	0	0	0	0
AF	0	0.265771	153	111	42	0	0	0	0
AF	0	0.266084	166	113	53	0	0	0	0
AF	0	0.266396	136	94	42	0	0	0	0
AF	0	0.266708	118	75	43	0	0	0	0
AF	0	0.267021	155	110	45	0	0	0	0
AF	0	0.267333	155	108	47	0	0	0	0
AF	0	0.267645	170	114	56	0	0	0	0
AF	0	0.267958	143	89	54	0	0	0	0
AF	0	0.268270	130	87	43	0	0	0	0
AF	0	0.268582	117	86	31	0	0	0	0
AF	0	0.268894	130	88	42	0	0	0	0
AF	0	0.269207	134	91	43	0	0	0	0
AF	0	0.269519	129	100	29	0	0	0	0
AF	0	0.269831	158	107	51	0	0	0	0
AF	0	0.270144	162	113	49	0	0	0	0
AF	0	0.270456	156	113	43	0	0	0	0
AF	0	0.270768	149	103	46	0	0	0	0
AF	0	0.271081	163	108	55	0	0	0	0
AF	0	0.271393	117	87	30	0	0	0	0
AF	0	0.271705	179	127	52	0	0	0	0
AF	0	0.272017	140	102	38	0	0	0	0
AF	0	0.272330	134	89	45	0	0	0	0
AF	0	0.272642	151	107	44	0	0	0	0
AF	0	0.272954	167	106	61	0	0	0	0
AF	0	0.273267	148	101	47	0	0	0	0
AF	0	0.273579	138	90	48	0	0	0	0
AF	0	0.273891	132	97	35	0	0	0	0
AF	0	0.274204	103	71	32	0	0	0	0
AF	0	0.274516	110	71	39	0	0	0	0
AF	0	0.274828	156	105	51	0	0	0	0
AF	0	0.275141	204	136	68	0	0	0	0
AF	0	0.275453	152	118	34	0	0	0	0
AF	0	0.275765	137	97	40	0	0	0	0
AF	0	0.276077	150	110	40	0	0	0	0
AF	0	0.276390	140	89	51	0	0	0	0
AF	0	0.276702	116	86	30	0	0	0	0
AF	0	0.277014	98	72	26	0	0	0	0
AF	0	0.277327	121	77	44	0	0	0	0
AF	0	0.277639	162	119	43	0	0	0	0
AF	0	0.277951	116	72	44	0	0	0	0
AF	0	0.278264	183	128	55	0	0	0	0
AF	0	0.278576	131	82	49	0	0	0	0
AF	0	0.278888	126	78	48	0	0	0	0
AF	0	0.279200	144	99	45	0	0	0	0
AF	0	0.279513	112	74	38	0	0	0	0
AF	0	0.279825	157	105	52	0	0	0	0
AF	0	0.280137	125	79	46	0	0	0	0
AF	0	0.280450	126	82	44	0	0	0	0
AF	0	0.280762	154	111	43	0	0	0	0
AF	0	0.281074	102	74	28	0	0	0	0
AF	0	0.281387	129	88	41	0	0	0	0
AF	0	0.281699	136	89	47	0	0	0	0
AF	0	0.282011	154	100	54	0	0	0	0
AF	0	0.282324	134	89	45	0	0	0	0
AF	0	0.282636	162	106	56	0	0	0	0
AF	0	0.282948	132	89	43	0	0	0	0
AF	0	0.283260	129	94	35	0	0	0	0
AF	0	0.283573	151	106	45	0	0	0	0
AF	0	0.283885	147	94	53	0	0	0	0
AF	0	0.284197	121	73	48	0	0	0	0
AF	0	0.284510	115	80	35	0	0	0	0
AF	0	0.284822	108	81	27	0	0	0	0
AF	0	0.285134	126	88	38	0	0	0	0
AF	0	0.285447	115	81	34	0	0	0	0
AF	0	0.285759	116	78	38	0	0	0	0
AF	0	0.286071	128	90	38	0	0	0	0
AF	0	0.286384	110	75	35	0	0	0	0
AF	0	0.286696	107	67	40	0	0	0	0
AF	0	0.287008	128	75	53	0	0	0	0
AF	0	0.287320	108	65	43	0	0	0	0
AF	0	0.287633	120	81	39	0	0	0	0
AF	0	0.287945	160	107	53	0	0	0	0
AF	0	0.288257	132	82	50	0	0	0	0
AF	0	0.288570	105	62	43	0	0	0	0
AF	0	0.288882	169	101	68	0	0	0	0
AF	0	0.289194	181	111	70	0	0	0	0
AF	0	0.289507	117	87	30	0	0	0	0
AF	0	0.289819	153	98	55	0	0	0	0
AF	0	0.290131	124	77	47	0	0	0	0
AF	0	0.290443	134	82	52	0	0	0	0
AF	0	0.290756	114	75	39	0	0	0	0
AF	0	0.291068	115	90	25	0	0	0	0
AF	0	0.291380	117	79	38	0	0	0	0
AF	0	0.291693	93	73	20	0	0	0	0
AF	0	0.292005	115	84	31	0	0	0	0
AF	0	0.292317	137	80	57	0	0	0	0
AF	0	0.292630	119	79	40	0	0	0	0
AF	0	0.292942	143	110	33	0	0	0	0
AF	0	0.293254	152	109	43	0	0	0	0
AF	0	0.293567	143	101	42	0	0	0	0
AF	0	0.293879	117	77	40	0	0	0	0
AF	0	0.294191	109	69	40	0	0	0	0
AF	0	0.294503	119	78	41	0	0	0	0
AF	0	0.294816	129	90	39	0	0	0	0
AF	0	0.295128	137	98	39	0	0	0	0
AF	0	0.295440	114	82	32	0	0	0	0
AF	0	0.295753	125	80	45	0	0	0	0
AF	0	0.296065	113	67	46	0	0	0	0
AF	0	0.296377	129	86	43	0	0	0	0
AF	0	0.296690	134	89	45	0	0	0	0
AF	0	0.297002	119	83	36	0	0	0	0
AF	0	0.297314	148	97	51	0	0	0	0
AF	0	0.297626	157	117	40	0	0	0	0
AF	0	0.297939	139	94	45	0	0	0	0
AF	0	0.298251	115	85	30	0	0	0	0
AF	0	0.298563	127	82	45	0	0	0	0
AF	0	0.298876	112	82	30	0	0	0	0
AF	0	0.299188	114	79	35	0	0	0	0
AF	0	0.299500	106	65	41	0	0	0	0
AF	0	0.299813	125	89	36	0	0	0	0
AF	0	0.300125	128	95	33	0	0	0	0
AF	0	0.300437	101	79	22	0	0	0	0
AF	0	0.300750	143	95	48	0	0	0	0
AF	0	0.301062	126	84	42	0	0	0	0
AF	0	0.301374	104	69	35	0	0	0	0
AF	0	0.301686	118	87	31	0	0	0	0
AF	0	0.301999	117	76	41	0	0	0	0
AF	0	0.302311	108	69	39	0	0	0	0
AF	0	0.302623	131	94	37	0	0	0	0
AF	0	0.302936	100	73	27	0	0	0	0
AF	0	0.303248	99	66	33	0	0	0	0
AF	0	0.303560	99	65	34	0	0	0	0
AF	0	0.303873	133	92	41	0	0	0	0
AF	0	0.304185	129	81	48	0	0	0	0
AF	0	0.304497	111	76	35	0	0	0	0
AF	0	0.304809	113	68	45	0	0	0	0
AF	0	0.305122	153	109	44	0	0	0	0
AF	0	0.305434	133	96	37	0	0	0	0
AF	0	0.305746	125	84	41	0	0	0	0
AF	0	0.306059	110	82	28	0	0	0	0
AF	0	0.306371	121	88	33	0	0	0	0
AF	0	0.306683	113	68	45	0	0	0	0
AF	0	0.306996	131	95	36	0	0	0	0
AF	0	0.307308	156	105	51	0	0	0	0
AF	0	0.307620	113	81	32	0	0	0	0
AF	0	0.307933	145	102	43	0	0	0	0
AF	0	0.308245	141	95	46	0	0	0	0
AF	0	0.308557	117	78	39	0	0	0	0
AF	0	0.308869	123	84	39	0	0	0	0
AF	0	0.309182	106	78	28	0	0	0	0
AF	0	0.309494	81	58	23	0	0	0	0
AF	0	0.309806	111	83	28	0	0	0	0
AF	0	0.310119	113	79	34	0	0	0	0
AF	0	0.310431	107	66	41	0	0	0	0
AF	0	0.310743	129	91	38	0	0	0	0
AF	0	0.311056	135	85	50	0	0	0	0
AF	0	0.311368	145	104	41	0	0	0	0
AF	0	0.311680	129	95	34	0	0	0	0
AF	0	0.311993	151	101	50	0	0	0	0
AF	0	0.312305	121	84	37	0	0	0	0
AF	0	0.312617	118	80	38	0	0	0	0
AF	0	0.312929	139	105	34	0	0	0	0
AF	0	0.313242	105	74	31	0	0	0	0
AF	0	0.313554	91	62	29	0	0	0	0
AF	0	0.313866	97	63	34	0	0	0	0
AF	0	0.314179	112	74	38	0	0	0	0
AF	0	0.314491	99	66	33	0	0	0	0
AF	0	0.314803	125	81	44	0	0	0	0
AF	0	0.315116	102	76	26	0	0	0	0
AF	0	0.315428	107	65	42	0	0	0	0
AF	0	0.315740	111	83	28	0	0	0	0
AF	0	0.316052	125	87	38	0	0	0	0
AF	0	0.316365	136	91	45	0	0	0	0
AF	0	0.316677	110	78	32	0	0	0	0
AF	0	0.316989	128	88	40	0	0	0	0
AF	0	0.317302	158	105	53	0	0	0	0
AF	0	0.317614	140	101	39	0	0	0	0
AF	0	0.317926	114	82	32	0	0	0	0
AF	0	0.318239	143	98	45	0	0	0	0
AF	0	0.318551	139	98	41	0	0	0	0
AF	0	0.318863	108	74	34	0	0	0	0
AF	0	0.319176	110	74	36	0	0	0	0
AF	0	0.319488	136	92	44	0	0	0	0
AF	0	0.319800	122	79	43	0	0	0	0
AF	0	0.320112	125	86	39	0	0	0	0
AF	0	0.320425	133	85	48	0	0	0	0
AF	0	0.320737	122	84	38	0	0	0	0
AF	0	0.321049	182	118	64	0	0	0	0
AF	0	0.321362	120	82	38	0	0	0	0
AF	0	0.321674	94	57	37	0	0	0	0
AF	0	0.321986	106	73	33	0	0	0	0
AF	0	0.322299	130	86	44	0	0	0	0
AF	0	0.322611	108	77	31	0	0	0	0
AF	0	0.322923	116	77	39	0	0	0	0
AF	0	0.323235	111	78	33	0	0	0	0
AF	0	0.323548	133	81	52	0	0	0	0
AF	0	0.323860	137	89	48	0	0	0	0
AF	0	0.324172	94	58	36	0	0	0	0
AF	0	0.324485	121	88	33	0	0	0	0
AF	0	0.324797	111	76	35	0	0	0	0
AF	0	0.325109	99	66	33	0	0	0	0
AF	0	0.325422	113	75	38	0	0	0	0
AF	0	0.325734	139	93	46	0	0	0	0
AF	0	0.326046	96	69	27	0	0	0	0
AF	0	0.326359	106	71	35	0	0	0	0
AF	0	0.326671	109	76	33	0	0	0	0
AF	0	0.326983	123	80	43	0	0	0	0
AF	0	0.327295	136	82	54	0	0	0	0
AF	0	0.327608	119	94	25	0	0	0	0
AF	0	0.327920	121	80	41	0	0	0	0
AF	0	0.328232	126	92	34	0	0	0	0
AF	0	0.328545	109	74	35	0	0	0	0
AF	0	0.328857	103	71	32	0	0	0	0
AF	0	0.329169	105	76	29	0	0	0	0
AF	0	0.329482	111	81	30	0	0	0	0
AF	0	0.329794	152	99	53	0	0	0	0
AF	0	0.330106	113	76	37	0	0	0	0
AF	0	0.330418	137	91	46	0	0	0	0
AF	0	0.330731	144	94	50	0	0	0	0
AF	0	0.331043	104	75	29	0	0	0	0
AF	0	0.331355	125	83	42	0	0	0	0
AF	0	0.331668	124	84	40	0	0	0	0
AF	0	0.331980	98	68	30	0	0	0	0
AF	0	0.332292	92	63	29	0	0	0	0
AF	0	0.332605	100	67	33	0	0	0	0
AF	0	0.332917	103	66	37	0	0	0	0
AF	0	0.333229	150	93	57	0	0	0	0
AF	0	0.333542	107	82	25	0	0	0	0
AF	0	0.333854	96	65	31	0	0	0	0
AF	0	0.334166	105	74	31	0	0	0	0
AF	0	0.334478	115	88	27	0	0	0	0
AF	0	0.334791	125	94	31	0	0	0	0
AF	0	0.335103	124	74	50	0	0	0	0
AF	0	0.335415	98	69	29	0	0	0	0
AF	0	0.335728	95	64	31	0	0	0	0
AF	0	0.336040	130	91	39	0	0	0	0
AF	0	0.336352	96	73	23	0	0	0	0
AF	0	0.336665	89	59	30	0	0	0	0
AF	0	0.336977	111	70	41	0	0	0	0
AF	0	0.337289	115	84	31	0	0	0	0
AF	0	0.337601	117	81	36	0	0	0	0
AF	0	0.337914	124	95	29	0	0	0	0
AF	0	0.338226	91	62	29	0	0	0	0
AF	0	0.338538	122	84	38	0	0	0	0
AF	0	0.338851	102	68	34	0	0	0	0
AF	0	0.339163	110	74	36	0	0	0	0
AF	0	0.339475	100	74	26	0	0	0	0
AF	0	0.339788	116	76	40	0	0	0	0
AF	0	0.340100	85	53	32	0	0	0	0
AF	0	0.340412	93	71	22	0	0	0	0
AF	0	0.340725	105	68	37	0	0	0	0
AF	0	0.341037	206	154	52	0	0	0	0
AF	0	0.341349	143	94	49	0	0	0	0
AF	0	0.341661	100	69	31	0	0	0	0
AF	0	0.341974	86	63	23	0	0	0	0
AF	0	0.342286	138	100	38	0	0	0	0
AF	0	0.342598	103	74	29	0	0	0	0
AF	0	0.342911	121	88	33	0	0	0	0
AF	0	0.343223	121	84	37	0	0	0	0
AF	0	0.343535	93	59	34	0	0	0	0
AF	0	0.343848	124	80	44	0	0	0	0
AF	0	0.344160	124	89	35	0	0	0	0
AF	0	0.344472	124	95	29	0	0	0	0
AF	0	0.344785	99	63	36	0	0	0	0
AF	0	0.345097	117	79	38	0	0	0	0
AF	0	0.345409	104	69	35	0	0	0	0
AF	0	0.345721	126	92	34	0	0	0	0
AF	0	0.346034	145	101	44	0	0	0	0
AF	0	0.346346	86	59	27	0	0	0	0
AF	0	0.346658	83	59	24	0	0	0	0
AF	0	0.346971	102	70	32	0	0	0	0
AF	0	0.347283	105	77	28	0	0	0	0
AF	0	0.347595	100	67	33	0	0	0	0
AF	0	0.347908	104	70	34	0	0	0	0
AF	0	0.348220	138	93	45	0	0	0	0
AF	0	0.348532	116	77	39	0	0	0	0
AF	0	0.348844	128	87	41	0	0	0	0
AF	0	0.349157	129	91	38	0	0	0	0
AF	0	0.349469	117	84	33	0	0	0	0
AF	0	0.349781	101	63	38	0	0	0	0
AF	0	0.350094	105	69	36	0	0	0	0
AF	0	0.350406	97	71	26	0	0	0	0
AF	0	0.350718	106	80	26	0	0	0	0
AF	0	0.351031	94	69	25	0	0	0	0
AF	0	0.351343	95	67	28	0	0	0	0
AF	0	0.351655	96	71	25	0	0	0	0
AF	0	0.351968	85	57	28	0	0	0	0
AF	0	0.352280	90	63	27	0	0	0	0
AF	0	0.352592	91	54	37	0	0	0	0
AF	0	0.352904	84	54	30	0	0	0	0
AF	0	0.353217	91	64	27	0	0	0	0
AF	0	0.353529	96	70	26	0	0	0	0
AF	0	0.353841	97	58	39	0	0	0	0
AF	0	0.354154	108	78	30	0	0	0	0
AF	0	0.354466	84	59	25	0	0	0	0
AF	0	0.354778	84	47	37	0	0	0	0
AF	0	0.355091	97	75	22	0	0	0	0
AF	0	0.355403	103	74	29	0	0	0	0
AF	0	0.355715	99	62	37	0	0	0	0
AF	0	0.356027	93	62	31	0	0	0	0
AF	0	0.356340	136	97	39	0	0	0	0
AF	0	0.356652	92	60	32	0	0	0	0
AF	0	0.356964	92	67	25	0	0	0	0
AF	0	0.357277	114	84	30	0	0	0	0
AF	0	0.357589	105	66	39	0	0	0	0
AF	0	0.357901	156	109	47	0	0	0	0
AF	0	0.358214	111	75	36	0	0	0	0
AF	0	0.358526	90	72	18	0	0	0	0
AF	0	0.358838	103	63	40	0	0	0	0
AF	0	0.359151	106	75	31	0	0	0	0
AF	0	0.359463	150	118	32	0	0	0	0
AF	0	0.359775	98	60	38	0	0	0	0
AF	0	0.360087	136	94	42	0	0	0	0
AF	0	0.360400	87	57	30	0	0	0	0
AF	0	0.360712	118	76	42	0	0	0	0
AF	0	0.361024	76	58	18	0	0	0	0
AF	0	0.361337	94	70	24	0	0	0	0
AF	0	0.361649	144	101	43	0	0	0	0
AF	0	0.361961	113	81	32	0	0	0	0
AF	0	0.362274	92	66	26	0	0	0	0
AF	0	0.362586	109	70	39	0	0	0	0
AF	0	0.362898	93	65	28	0	0	0	0
AF	0	0.363210	101	63	38	0	0	0	0
AF	0	0.363523	106	71	35	0	0	0	0
AF	0	0.363835	115	72	43	0	0	0	0
AF	0	0.364147	108	71	37	0	0	0	0
AF	0	0.364460	168	118	50	0	0	0	0
AF	0	0.364772	120	84	36	0	0	0	0
AF	0	0.365084	85	61	24	0	0	0	0
AF	0	0.365397	96	59	37	0	0	0	0
AF	0	0.365709	134	93	41	0	0	0	0
AF	0	0.366021	123	86	37	0	0	0	0
AF	0	0.366334	111	74	37	0	0	0	0
AF	0	0.366646	97	72	25	0	0	0	0
AF	0	0.366958	113	74	39	0	0	0	0
AF	0	0.367270	117	75	42	0	0	0	0
AF	0	0.367583	116	76	40	0	0	0	0
AF	0	0.367895	116	79	37	0	0	0	0
AF	0	0.368207	144	90	54	0	0	0	0
AF	0	0.368520	111	67	44	0	0	0	0
AF	0	0.368832	95	67	28	0	0	0	0
AF	0	0.369144	72	48	24	0	0	0	0
AF	0	0.369457	95	70	25	0	0	0	0
AF	0	0.369769	89	59	30	0	0	0	0
AF	0	0.370081	102	67	35	0	0	0	0
AF	0	0.370394	108	78	30	0	0	0	0
AF	0	0.370706	101	64	37	0	0	0	0
AF	0	0.371018	92	62	30	0	0	0	0
AF	0	0.371330	117	76	41	0	0	0	0
AF	0	0.371643	101	66	35	0	0	0	0
AF	0	0.371955	111	63	48	0	0	0	0
AF	0	0.372267	120	82	38	0	0	0	0
AF	0	0.372580	78	57	21	0	0	0	0
AF	0	0.372892	125	84	41	0	0	0	0
AF	0	0.373204	133	94	39	0	0	0	0
AF	0	0.373517	99	79	20	0	0	0	0
AF	0	0.373829	89	61	28	0	0	0	0
AF	0	0.374141	109	72	37	0	0	0	0
AF	0	0.374453	130	93	37	0	0	0	0
AF	0	0.374766	100	67	33	0	0	0	0
AF	0	0.375078	213	139	74	0	0	0	0
AF	0	0.375390	87	55	32	0	0	0	0
AF	0	0.375703	78	52	26	0	0	0	0
AF	0	0.376015	73	46	27	0	0	0	0
AF	0	0.376327	62	38	24	0	0	0	0
AF	0	0.376640	91	61	30	0	0	0	0
AF	0	0.376952	73	43	30	0	0	0	0
AF	0	0.377264	77	53	24	0	0	0	0
AF	0	0.377577	75	54	21	0	0	0	0
AF	0	0.377889	83	55	28	0	0	0	0
AF	0	0.378201	91	62	29	0	0	0	0
AF	0	0.378513	74	46	28	0	0	0	0
AF	0	0.378826	70	48	22	0	0	0	0
AF	0	0.379138	81	59	22	0	0	0	0
AF	0	0.379450	95	64	31	0	0	0	0
AF	0	0.379763	81	55	26	0	0	0	0
AF	0	0.380075	117	83	34	0	0	0	0
AF	0	0.380387	104	69	35	0	0	0	0
AF	0	0.380700	109	75	34	0	0	0	0
AF	0	0.381012	101	68	33	0	0	0	0
AF	0	0.381324	82	64	18	0	0	0	0
AF	0	0.381636	91	60	31	0	0	0	0
AF	0	0.381949	92	68	24	0	0	0	0
AF	0	0.382261	97	64	33	0	0	0	0
AF	0	0.382573	92	66	26	0	0	0	0
AF	0	0.382886	105	72	33	0	0	0	0
AF	0	0.383198	92	61	31	0	0	0	0
AF	0	0.383510	108	74	34	0	0	0	0
AF	0	0.383823	84	58	26	0	0	0	0
AF	0	0.384135	88	63	25	0	0	0	0
AF	0	0.384447	87	60	27	0	0	0	0
AF	0	0.384760	88	65	23	0	0	0	0
AF	0	0.385072	94	61	33	0	0	0	0
AF	0	0.385384	91	57	34	0	0	0	0
AF	0	0.385696	96	62	34	0	0	0	0
AF	0	0.386009	73	58	15	0	0	0	0
AF	0	0.386321	88	63	25	0	0	0	0
AF	0	0.386633	91	67	24	0	0	0	0
AF	0	0.386946	106	65	41	0	0	0	0
AF	0	0.387258	103	69	34	0	0	0	0
AF	0	0.387570	101	74	27	0	0	0	0
AF	0	0.387883	110	78	32	0	0	0	0
AF	0	0.388195	85	56	29	0	0	0	0
AF	0	0.388507	91	59	32	0	0	0	0
AF	0	0.388819	76	51	25	0	0	0	0
AF	0	0.389132	92	63	29	0	0	0	0
AF	0	0.389444	76	53	23	0	0	0	0
AF	0	0.389756	91	56	35	0	0	0	0
AF	0	0.390069	91	57	34	0	0	0	0
AF	0	0.390381	103	70	33	0	0	0	0
AF	0	0.390693	107	78	29	0	0	0	0
AF	0	0.391006	125	90	35	0	0	0	0
AF	0	0.391318	99	65	34	0	0	0	0
AF	0	0.391630	119	84	35	0	0	0	0
AF	0	0.391943	89	56	33	0	0	0	0
AF	0	0.392255	107	75	32	0	0	0	0
AF	0	0.392567	73	45	28	0	0	0	0
AF	0	0.392879	114	87	27	0	0	0	0
AF	0	0.393192	174	116	58	0	0	0	0
AF	0	0.393504	141	97	44	0	0	0	0
AF	0	0.393816	102	68	34	0	0	0	0
AF	0	0.394129	105	74	31	0	0	0	0
AF	0	0.394441	104	75	29	0	0	0	0
AF	0	0.394753	94	63	31	0	0	0	0
AF	0	0.395066	126	82	44	0	0	0	0
AF	0	0.395378	97	68	29	0	0	0	0
AF	0	0.395690	170	112	58	0	0	0	0
AF	0	0.396002	136	96	40	0	0	0	0
AF	0	0.396315	107	70	37	0	0	0	0
AF	0	0.396627	86	60	26	0	0	0	0
AF	0	0.396939	114	86	28	0	0	0	0
AF	0	0.397252	89	62	27	0	0	0	0
AF	0	0.397564	108	75	33	0	0	0	0
AF	0	0.397876	128	88	40	0	0	0	0
AF	0	0.398189	109	74	35	0	0	0	0
AF	0	0.398501	106	68	38	0	0	0	0
AF	0	0.398813	97	67	30	0	0	0	0
AF	0	0.399126	75	54	21	0	0	0	0
AF	0	0.399438	86	54	32	0	0	0	0
AF	0	0.399750	142	101	41	0	0	0	0
AF	0	0.400062	89	53	36	0	0	0	0
AF	0	0.400375	128	85	43	0	0	0	0
AF	0	0.400687	144	106	38	0	0	0	0
AF	0	0.400999	98	70	28	0	0	0	0
AF	0	0.401312	121	88	33	0	0	0	0
AF	0	0.401624	84	61	23	0	0	0	0
AF	0	0.401936	96	65	31	0	0	0	0
AF	0	0.402249	111	78	33	0	0	0	0
AF	0	0.402561	85	61	24	0	0	0	0
AF	0	0.402873	104	67	37	0	0	0	0
AF	0	0.403186	99	74	25	0	0	0	0
AF	0	0.403498	143	96	47	0	0	0	0
AF	0	0.403810	212	155	57	0	0	0	0
AF	0	0.404122	117	81	36	0	0	0	0
AF	0	0.404435	111	75	36	0	0	0	0
AF	0	0.404747	106	65	41	0	0	0	0
AF	0	0.405059	115	84	31	0	0	0	0
AF	0	0.405372	147	90	57	0	0	0	0
AF	0	0.405684	110	70	40	0	0	0	0
AF	0	0.405996	101	70	31	0	0	0	0
AF	0	0.406309	76	49	27	0	0	0	0
AF	0	0.406621	93	72	21	0	0	0	0
AF	0	0.406933	95	62	33	0	0	0	0
AF	0	0.407245	99	61	38	0	0	0	0
AF	0	0.407558	99	67	32	0	0	0	0
AF	0	0.407870	92	61	31	0	0	0	0
AF	0	0.408182	120	79	41	0	0	0	0
AF	0	0.408495	86	60	26	0	0	0	0
AF	0	0.408807	121	86	35	0	0	0	0
AF	0	0.409119	123	84	39	0	0	0	0
AF	0	0.409432	87	58	29	0	0	0	0
AF	0	0.409744	85	66	19	0	0	0	0
AF	0	0.410056	88	60	28	0	0	0	0
AF	0	0.410369	114	79	35	0	0	0	0
AF	0	0.410681	88	62	26	0	0	0	0
AF	0	0.410993	85	48	37	0	0	0	0
AF	0	0.411305	101	65	36	0	0	0	0
AF	0	0.411618	116	88	28	0	0	0	0
AF	0	0.411930	118	87	31	0	0	0	0
AF	0	0.412242	104	61	43	0	0	0	0
AF	0	0.412555	79	51	28	0	0	0	0
AF	0	0.412867	81	53	28	0	0	0	0
AF	0	0.413179	101	59	42	0	0	0	0
AF	0	0.413492	91	62	29	0	0	0	0
AF	0	0.413804	94	61	33	0	0	0	0
AF	0	0.414116	84	54	30	0	0	0	0
AF	0	0.414428	90	68	22	0	0	0	0
AF	0	0.414741	86	62	24	0	0	0	0
AF	0	0.415053	166	105	61	0	0	0	0
AF	0	0.415365	89	59	30	0	0	0	0
AF	0	0.415678	92	68	24	0	0	0	0
AF	0	0.415990	97	69	28	0	0	0	0
AF	0	0.416302	110	70	40	0	0	0	0
AF	0	0.416615	105	75	30	0	0	0	0
AF	0	0.416927	116	81	35	0	0	0	0
AF	0	0.417239	105	73	32	0	0	0	0
AF	0	0.417552	123	79	44	0	0	0	0
AF	0	0.417864	96	68	28	0	0	0	0
AF	0	0.418176	78	54	24	0	0	0	0
AF	0	0.418488	88	61	27	0	0	0	0
AF	0	0.418801	78	59	19	0	0	0	0
AF	0	0.419113	58	40	18	0	0	0	0
AF	0	0.419425	83	50	33	0	0	0	0
AF	0	0.419738	82	56	26	0	0	0	0
AF	0	0.420050	95	66	29	0	0	0	0
AF	0	0.420362	75	47	28	0	0	0	0
AF	0	0.420675	84	52	32	0	0	0	0
AF	0	0.420987	99	57	42	0	0	0	0
AF	0	0.421299	82	55	27	0	0	0	0
AF	0	0.421611	105	79	26	0	0	0	0
AF	0	0.421924	89	69	20	0	0	0	0
AF	0	0.422236	88	62	26	0	0	0	0
AF	0	0.422548	77	49	28	0	0	0	0
AF	0	0.422861	88	58	30	0	0	0	0
AF	0	0.423173	97	70	27	0	0	0	0
AF	0	0.423485	92	63	29	0	0	0	0
AF	0	0.423798	121	90	31	0	0	0	0
AF	0	0.424110	105	78	27	0	0	0	0
AF	0	0.424422	92	64	28	0	0	0	0
AF	0	0.424735	105	69	36	0	0	0	0
AF	0	0.425047	105	78	27	0	0	0	0
AF	0	0.425359	106	71	35	0	0	0	0
AF	0	0.425671	94	60	34	0	0	0	0
AF	0	0.425984	94	65	29	0	0	0	0
AF	0	0.426296	102	62	40	0	0	0	0
AF	0	0.426608	80	54	26	0	0	0	0
AF	0	0.426921	85	57	28	0	0	0	0
AF	0	0.427233	94	63	31	0	0	0	0
AF	0	0.427545	91	58	33	0	0	0	0
AF	0	0.427858	87	64	23	0	0	0	0
AF	0	0.428170	87	58	29	0	0	0	0
AF	0	0.428482	75	50	25	0	0	0	0
AF	0	0.428795	72	51	21	0	0	0	0
AF	0	0.429107	100	70	30	0	0	0	0
AF	0	0.429419	105	74	31	0	0	0	0
AF	0	0.429731	103	69	34	0	0	0	0
AF	0	0.430044	92	64	28	0	0	0	0
AF	0	0.430356	102	67	35	0	0	0	0
AF	0	0.430668	87	57	30	0	0	0	0
AF	0	0.430981	101	67	34	0	0	0	0
AF	0	0.431293	107	77	30	0	0	0	0
AF	0	0.431605	100	70	30	0	0	0	0
AF	0	0.431918	103	61	42	0	0	0	0
AF	0	0.432230	88	61	27	0	0	0	0
AF	0	0.432542	77	54	23	0	0	0	0
AF	0	0.432854	113	75	38	0	0	0	0
AF	0	0.433167	120	84	36	0	0	0	0
AF	0	0.433479	74	46	28	0	0	0	0
AF	0	0.433791	80	51	29	0	0	0	0
AF	0	0.434104	96	67	29	0	0	0	0
AF	0	0.434416	86	66	20	0	0	0	0
AF	0	0.434728	68	38	30	0	0	0	0
AF	0	0.435041	98	65	33	0	0	0	0
AF	0	0.435353	107	76	31	0	0	0	0
AF	0	0.435665	91	66	25	0	0	0	0
AF	0	0.435978	95	66	29	0	0	0	0
AF	0	0.436290	97	73	24	0	0	0	0
AF	0	0.436602	102	64	38	0	0	0	0
AF	0	0.436914	92	61	31	0	0	0	0
AF	0	0.437227	106	71	35	0	0	0	0
AF	0	0.437539	91	61	30	0	0	0	0
AF	0	0.437851	98	68	30	0	0	0	0
AF	0	0.438164	104	76	28	0	0	0	0
AF	0	0.438476	103	65	38	0	0	0	0
AF	0	0.438788	81	61	20	0	0	0	0
AF	0	0.439101	100	70	30	0	0	0	0
AF	0	0.439413	67	50	17	0	0	0	0
AF	0	0.439725	68	54	14	0	0	0	0
AF	0	0.440037	72	49	23	0	0	0	0
AF	0	0.440350	100	72	28	0	0	0	0
AF	0	0.440662	61	38	23	0	0	0	0
AF	0	0.440974	73	50	23	0	0	0	0
AF	0	0.441287	90	61	29	0	0	0	0
AF	0	0.441599	97	67	30	0	0	0	0
AF	0	0.441911	128	87	41	0	0	0	0
AF	0	0.442224	96	65	31	0	0	0	0
AF	0	0.442536	97	62	35	0	0	0	0
AF	0	0.442848	85	53	32	0	0	0	0
AF	0	0.443161	91	59	32	0	0	0	0
AF	0	0.443473	108	74	34	0	0	0	0
AF	0	0.443785	147	108	39	0	0	0	0
AF	0	0.444097	159	97	62	0	0	0	0
AF	0	0.444410	118	71	47	0	0	0	0
AF	0	0.444722	93	59	34	0	0	0	0
AF	0	0.445034	91	66	25	0	0	0	0
AF	0	0.445347	91	51	40	0	0	0	0
AF	0	0.445659	65	42	23	0	0	0	0
AF	0	0.445971	87	55	32	0	0	0	0
AF	0	0.446284	83	65	18	0	0	0	0
AF	0	0.446596	80	56	24	0	0	0	0
AF	0	0.446908	71	54	17	0	0	0	0
AF	0	0.447220	66	53	13	0	0	0	0
AF	0	0.447533	95	62	33	0	0	0	0
AF	0	0.447845	79	52	27	0	0	0	0
AF	0	0.448157	80	52	28	0	0	0	0
AF	0	0.448470	106	65	41	0	0	0	0
AF	0	0.448782	139	98	41	0	0	0	0
AF	0	0.449094	118	80	38	0	0	0	0
AF	0	0.449407	104	77	27	0	0	0	0
AF	0	0.449719	98	73	25	0	0	0	0
AF	0	0.450031	200	121	79	0	0	0	0
AF	0	0.450344	120	84	36	0	0	0	0
AF	0	0.450656	139	92	47	0	0	0	0
AF	0	0.450968	80	51	29	0	0	0	0
AF	0	0.451280	93	72	21	0	0	0	0
AF	0	0.451593	99	72	27	0	0	0	0
AF	0	0.451905	161	117	44	0	0	0	0
AF	0	0.452217	129	84	45	0	0	0	0
AF	0	0.452530	108	78	30	0	0	0	0
AF	0	0.452842	89	62	27	0	0	0	0
AF	0	0.453154	100	72	28	0	0	0	0
AF	0	0.453467	80	48	32	0	0	0	0
AF	0	0.453779	117	79	38	0	0	0	0
AF	0	0.454091	118	76	42	0	0	0	0
AF	0	0.454403	98	68	30	0	0	0	0
AF	0	0.454716	84	53	31	0	0	0	0
AF	0	0.455028	103	67	36	0	0	0	0
AF	0	0.455340	92	64	28	0	0	0	0
AF	0	0.455653	99	72	27	0	0	0	0
AF	0	0.455965	98	66	32	0	0	0	0
AF	0	0.456277	111	74	37	0	0	0	0
AF	0	0.456590	113	80	33	0	0	0	0
AF	0	0.456902	117	77	40	0	0	0	0
AF	0	0.457214	111	81	30	0	0	0	0
AF	0	0.457527	102	68	34	0	0	0	0
AF	0	0.457839	86	57	29	0	0	0	0
AF	0	0.458151	62	46	16	0	0	0	0
AF	0	0.458463	77	56	21	0	0	0	0
AF	0	0.458776	94	70	24	0	0	0	0
AF	0	0.459088	96	66	30	0	0	0	0
AF	0	0.459400	108	69	39	0	0	0	0
AF	0	0.459713	111	84	27	0	0	0	0
AF	0	0.460025	92	70	22	0	0	0	0
AF	0	0.460337	71	55	16	0	0	0	0
AF	0	0.460650	78	49	29	0	0	0	0
AF	0	0.460962	85	61	24	0	0	0	0
AF	0	0.461274	107	78	29	0	0	0	0
AF	0	0.461587	66	50	16	0	0	0	0
AF	0	0.461899	62	42	20	0	0	0	0
AF	0	0.462211	69	50	19	0	0	0	0
AF	0	0.462523	92	56	36	0	0	0	0
AF	0	0.462836	103	61	42	0	0	0	0
AF	0	0.463148	67	42	25	0	0	0	0
AF	0	0.463460	78	56	22	0	0	0	0
AF	0	0.463773	118	79	39	0	0	0	0
AF	0	0.464085	96	61	35	0	0	0	0
AF	0	0.464397	83	64	19	0	0	0	0
AF	0	0.464710	89	60	29	0	0	0	0
AF	0	0.465022	145	96	49	0	0	0	0
AF	0	0.465334	68	46	22	0	0	0	0
AF	0	0.465646	60	37	23	0	0	0	0
AF	0	0.465959	106	70	36	0	0	0	0
AF	0	0.466271	69	47	22	0	0	0	0
AF	0	0.466583	79	54	25	0	0	0	0
AF	0	0.466896	92	66	26	0	0	0	0
AF	0	0.467208	93	66	27	0	0	0	0
AF	0	0.467520	89	58	31	0	0	0	0
AF	0	0.467833	126	94	32	0	0	0	0
AF	0	0.468145	84	60	24	0	0	0	0
AF	0	0.468457	103	66	37	0	0	0	0
AF	0	0.468770	88	56	32	0	0	0	0
AF	0	0.469082	67	48	19	0	0	0	0
AF	0	0.469394	83	58	25	0	0	0	0
AF	0	0.469706	107	70	37	0	0	0	0
AF	0	0.470019	94	59	35	0	0	0	0
AF	0	0.470331	103	72	31	0	0	0	0
AF	0	0.470643	102	71	31	0	0	0	0
AF	0	0.470956	95	69	26	0	0	0	0
AF	0	0.471268	135	103	32	0	0	0	0
AF	0	0.471580	104	68	36	0	0	0	0
AF	0	0.471893	97	68	29	0	0	0	0
AF	0	0.472205	77	46	31	0	0	0	0
AF	0	0.472517	93	67	26	0	0	0	0
AF	0	0.472829	97	70	27	0	0	0	0
AF	0	0.473142	142	95	47	0	0	0	0
AF	0	0.473454	87	54	33	0	0	0	0
AF	0	0.473766	83	62	21	0	0	0	0
AF	0	0.474079	71	45	26	0	0	0	0
AF	0	0.474391	77	56	21	0	0	0	0
AF	0	0.474703	80	50	30	0	0	0	0
AF	0	0.475016	84	60	24	0	0	0	0
AF	0	0.475328	73	52	21	0	0	0	0
AF	0	0.475640	107	74	33	0	0	0	0
AF	0	0.475953	85	60	25	0	0	0	0
AF	0	0.476265	67	46	21	0	0	0	0
AF	0	0.476577	83	49	34	0	0	0	0
AF	0	0.476889	102	67	35	0	0	0	0
AF	0	0.477202	83	56	27	0	0	0	0
AF	0	0.477514	88	59	29	0	0	0	0
AF	0	0.477826	90	60	30	0	0	0	0
AF	0	0.478139	86	58	28	0	0	0	0
AF	0	0.478451	80	54	26	0	0	0	0
AF	0	0.478763	72	55	17	0	0	0	0
AF	0	0.479076	103	73	30	0	0	0	0
AF	0	0.479388	124	87	37	0	0	0	0
AF	0	0.479700	96	66	30	0	0	0	0
AF	0	0.480012	92	64	28	0	0	0	0
AF	0	0.480325	68	48	20	0	0	0	0
AF	0	0.480637	81	50	31	0	0	0	0
AF	0	0.480949	85	48	37	0	0	0	0
AF	0	0.481262	111	80	31	0	0	0	0
AF	0	0.481574	102	70	32	0	0	0	0
AF	0	0.481886	76	46	30	0	0	0	0
AF	0	0.482199	97	61	36	0	0	0	0
AF	0	0.482511	81	55	26	0	0	0	0
AF	0	0.482823	96	65	31	0	0	0	0
AF	0	0.483136	66	46	20	0	0	0	0
AF	0	0.483448	92	64	28	0	0	0	0
AF	0	0.483760	86	58	28	0	0	0	0
AF	0	0.484072	57	44	13	0	0	0	0
AF	0	0.484385	76	56	20	0	0	0	0
AF	0	0.484697	91	51	40	0	0	0	0
AF	0	0.485009	77	48	29	0	0	0	0
AF	0	0.485322	77	49	28	0	0	0	0
AF	0	0.485634	74	52	22	0	0	0	0
AF	0	0.485946	83	55	28	0	0	0	0
AF	0	0.486259	94	58	36	0	0	0	0
AF	0	0.486571	58	36	22	0	0	0	0
AF	0	0.486883	62	37	25	0	0	0	0
AF	0	0.487196	83	65	18	0	0	0	0
AF	0	0.487508	71	42	29	0	0	0	0
AF	0	0.487820	80	51	29	0	0	0	0
AF	0	0.488132	79	52	27	0	0	0	0
AF	0	0.488445	92	70	22	0	0	0	0
AF	0	0.488757	76	53	23	0	0	0	0
AF	0	0.489069	79	52	27	0	0	0	0
AF	0	0.489382	81	61	20	0	0	0	0
AF	0	0.489694	63	45	18	0	0	0	0
AF	0	0.490006	76	47	29	0	0	0	0
AF	0	0.490319	75	54	21	0	0	0	0
AF	0	0.490631	110	75	35	0	0	0	0
AF	0	0.490943	88	54	34	0	0	0	0
AF	0	0.491255	116	85	31	0	0	0	0
AF	0	0.491568	96	66	30	0	0	0	0
AF	0	0.491880	104	70	34	0	0	0	0
AF	0	0.492192	85	55	30	0	0	0	0
AF	0	0.492505	94	64	30	0	0	0	0
AF	0	0.492817	99	70	29	0	0	0	0
AF	0	0.493129	92	62	30	0	0	0	0
AF	0	0.493442	68	45	23	0	0	0	0
AF	0	0.493754	65	40	25	0	0	0	0
AF	0	0.494066	81	54	27	0	0	0	0
AF	0	0.494379	102	73	29	0	0	0	0
AF	0	0.494691	95	63	32	0	0	0	0
AF	0	0.495003	87	59	28	0	0	0	0
AF	0	0.495315	102	60	42	0	0	0	0
AF	0	0.495628	94	66	28	0	0	0	0
AF	0	0.495940	68	44	24	0	0	0	0
AF	0	0.496252	104	71	33	0	0	0	0
AF	0	0.496565	117	78	39	0	0	0	0
AF	0	0.496877	81	59	22	0	0	0	0
AF	0	0.497189	99	67	32	0	0	0	0
AF	0	0.497502	159	104	55	0	0	0	0
AF	0	0.497814	94	56	38	0	0	0	0
AF	0	0.498126	110	72	38	0	0	0	0
AF	0	0.498438	86	52	34	0	0	0	0
AF	0	0.498751	79	55	24	0	0	0	0
AF	0	0.499063	63	39	24	0	0	0	0
AF	0	0.499375	142	97	45	0	0	0	0
AF	0	0.499688	118	77	41	0	0	0	0
AF	0	0.500000	106	72	34	0	0	0	0
AF	0	0.500312	113	83	30	0	0	0	0
AF	0	0.500625	81	55	26	0	0	0	0
AF	0	0.500937	96	67	29	0	0	0	0
AF	0	0.501249	70	44	26	0	0	0	0
AF	0	0.501562	90	68	22	0	0	0	0
AF	0	0.501874	93	53	40	0	0	0	0
AF	0	0.502186	84	59	25	0	0	0	0
AF	0	0.502498	81	53	28	0	0	0	0
AF	0	0.502811	74	49	25	0	0	0	0
AF	0	0.503123	74	46	28	0	0	0	0
AF	0	0.503435	93	67	26	0	0	0	0
AF	0	0.503748	89	61	28	0	0	0	0
AF	0	0.504060	74	56	18	0	0	0	0
AF	0	0.504372	87	60	27	0	0	0	0
AF	0	0.504685	100	62	38	0	0	0	0
AF	0	0.504997	124	81	43	0	0	0	0
AF	0	0.505309	122	79	43	0	0	0	0
AF	0	0.505621	86	56	30	0	0	0	0
AF	0	0.505934	70	48	22	0	0	0	0
AF	0	0.506246	54	35	19	0	0	0	0
AF	0	0.506558	55	44	11	0	0	0	0
AF	0	0.506871	83	55	28	0	0	0	0
AF	0	0.507183	79	56	23	0	0	0	0
AF	0	0.507495	66	43	23	0	0	0	0
AF	0	0.507808	72	57	15	0	0	0	0
AF	0	0.508120	84	46	38	0	0	0	0
AF	0	0.508432	74	54	20	0	0	0	0
AF	0	0.508745	77	48	29	0	0	0	0
AF	0	0.509057	77	48	29	0	0	0	0
AF	0	0.509369	85	60	25	0	0	0	0
AF	0	0.509681	83	63	20	0	0	0	0
AF	0	0.509994	74	47	27	0	0	0	0
AF	0	0.510306	77	49	28	0	0	0	0
AF	0	0.510618	77	52	25	0	0	0	0
AF	0	0.510931	73	46	27	0	0	0	0
AF	0	0.511243	65	41	24	0	0	0	0
AF	0	0.511555	63	48	15	0	0	0	0
AF	0	0.511868	60	35	25	0	0	0	0
AF	0	0.512180	69	45	24	0	0	0	0
AF	0	0.512492	74	53	21	0	0	0	0
AF	0	0.512804	64	45	19	0	0	0	0
AF	0	0.513117	75	47	28	0	0	0	0
AF	0	0.513429	74	51	23	0	0	0	0
AF	0	0.513741	80	60	20	0	0	0	0
AF	0	0.514054	89	59	30	0	0	0	0
AF	0	0.514366	77	47	30	0	0	0	0
AF	0	0.514678	85	56	29	0	0	0	0
AF	0	0.514991	93	60	33	0	0	0	0
AF	0	0.515303	100	67	33	0	0	0	0
AF	0	0.515615	106	80	26	0	0	0	0
AF	0	0.515928	95	62	33	0	0	0	0
AF	0	0.516240	83	62	21	0	0	0	0
AF	0	0.516552	76	51	25	0	0	0	0
AF	0	0.516864	54	36	18	0	0	0	0
AF	0	0.517177	69	45	24	0	0	0	0
AF	0	0.517489	70	53	17	0	0	0	0
AF	0	0.517801	73	51	22	0	0	0	0
AF	0	0.518114	102	62	40	0	0	0	0
AF	0	0.518426	72	50	22	0	0	0	0
AF	0	0.518738	72	50	22	0	0	0	0
AF	0	0.519051	85	58	27	0	0	0	0
AF	0	0.519363	73	54	19	0	0	0	0
AF	0	0.519675	93	60	33	0	0	0	0
AF	0	0.519988	87	60	27	0	0	0	0
AF	0	0.520300	66	40	26	0	0	0	0
AF	0	0.520612	49	33	16	0	0	0	0
AF	0	0.520924	61	43	18	0	0	0	0
AF	0	0.521237	72	53	19	0	0	0	0
AF	0	0.521549	90	61	29	0	0	0	0
AF	0	0.521861	59	42	17	0	0	0	0
AF	0	0.522174	82	55	27	0	0	0	0
AF	0	0.522486	81	49	32	0	0	0	0
AF	0	0.522798	98	68	30	0	0	0	0
AF	0	0.523111	70	49	21	0	0	0	0
AF	0	0.523423	78	56	22	0	0	0	0
AF	0	0.523735	87	59	28	0	0	0	0
AF	0	0.524047	105	68	37	0	0	0	0
AF	0	0.524360	98	72	26	0	0	0	0
AF	0	0.524672	76	57	19	0	0	0	0
AF	0	0.524984	79	52	27	0	0	0	0
AF	0	0.525297	61	43	18	0	0	0	0
AF	0	0.525609	99	68	31	0	0	0	0
AF	0	0.525921	131	88	43	0	0	0	0
AF	0	0.526234	94	64	30	0	0	0	0
AF	0	0.526546	71	52	19	0	0	0	0
AF	0	0.526858	85	62	23	0	0	0	0
AF	0	0.527171	68	47	21	0	0	0	0
AF	0	0.527483	64	45	19	0	0	0	0
AF	0	0.527795	61	40	21	0	0	0	0
AF	0	0.528107	74	47	27	0	0	0	0
AF	0	0.528420	76	44	32	0	0	0	0
AF	0	0.528732	67	42	25	0	0	0	0
AF	0	0.529044	66	45	21	0	0	0	0
AF	0	0.529357	67	45	22	0	0	0	0
AF	0	0.529669	68	51	17	0	0	0	0
AF	0	0.529981	67	49	18	0	0	0	0
AF	0	0.530294	76	55	21	0	0	0	0
AF	0	0.530606	78	53	25	0	0	0	0
AF	0	0.530918	75	55	20	0	0	0	0
AF	0	0.531230	65	45	20	0	0	0	0
AF	0	0.531543	70	46	24	0	0	0	0
AF	0	0.531855	81	62	19	0	0	0	0
AF	0	0.532167	73	50	23	0	0	0	0
AF	0	0.532480	82	59	23	0	0	0	0
AF	0	0.532792	90	57	33	0	0	0	0
AF	0	0.533104	73	45	28	0	0	0	0
AF	0	0.533417	73	47	26	0	0	0	0
AF	0	0.533729	76	55	21	0	0	0	0
AF	0	0.534041	73	49	24	0	0	0	0
AF	0	0.534354	95	64	31	0	0	0	0
AF	0	0.534666	77	57	20	0	0	0	0
AF	0	0.534978	79	55	24	0	0	0	0
AF	0	0.535290	71	42	29	0	0	0	0
AF	0	0.535603	94	66	28	0	0	0	0
AF	0	0.535915	87	57	30	0	0	0	0
AF	0	0.536227	73	46	27	0	0	0	0
AF	0	0.536540	86	62	24	0	0	0	0
AF	0	0.536852	81	51	30	0	0	0	0
AF	0	0.537164	76	45	31	0	0	0	0
AF	0	0.537477	71	47	24	0	0	0	0
AF	0	0.537789	55	42	13	0	0	0	0
AF	0	0.538101	72	41	31	0	0	0	0
AF	0	0.538413	70	44	26	0	0	0	0
AF	0	0.538726	67	40	27	0	0	0	0
AF	0	0.539038	76	43	33	0	0	0	0
AF	0	0.539350	70	46	24	0	0	0	0
AF	0	0.539663	92	69	23	0	0	0	0
AF	0	0.539975	112	79	33	0	0	0	0
AF	0	0.540287	117	76	41	0	0	0	0
AF	0	0.540600	63	37	26	0	0	0	0
AF	0	0.540912	70	45	25	0	0	0	0
AF	0	0.541224	51	35	16	0	0	0	0
AF	0	0.541537	57	39	18	0	0	0	0
AF	0	0.541849	63	35	28	0	0	0	0
AF	0	0.542161	62	45	17	0	0	0	0
AF	0	0.542473	56	39	17	0	0	0	0
AF	0	0.542786	75	52	23	0	0	0	0
AF	0	0.543098	69	43	26	0	0	0	0
AF	0	0.543410	79	58	21	0	0	0	0
AF	0	0.543723	76	52	24	0	0	0	0
AF	0	0.544035	104	69	35	0	0	0	0
AF	0	0.544347	62	42	20	0	0	0	0
AF	0	0.544660	55	34	21	0	0	0	0
AF	0	0.544972	57	45	12	0	0	0	0
AF	0	0.545284	83	53	30	0	0	0	0
AF	0	0.545597	75	43	32	0	0	0	0
AF	0	0.545909	77	56	21	0	0	0	0
AF	0	0.546221	63	37	26	0	0	0	0
AF	0	0.546533	58	41	17	0	0	0	0
AF	0	0.546846	61	43	18	0	0	0	0
AF	0	0.547158	57	36	21	0	0	0	0
AF	0	0.547470	68	50	18	0	0	0	0
AF	0	0.547783	69	46	23	0	0	0	0
AF	0	0.548095	62	38	24	0	0	0	0
AF	0	0.548407	76	48	28	0	0	0	0
AF	0	0.548720	65	49	16	0	0	0	0
AF	0	0.549032	71	54	17	0	0	0	0
AF	0	0.549344	82	62	20	0	0	0	0
AF	0	0.549656	48	32	16	0	0	0	0
AF	0	0.549969	61	40	21	0	0	0	0
AF	0	0.550281	62	40	22	0	0	0	0
AF	0	0.550593	85	59	26	0	0	0	0
AF	0	0.550906	71	49	22	0	0	0	0
AF	0	0.551218	61	39	22	0	0	0	0
AF	0	0.551530	64	46	18	0	0	0	0
AF	0	0.551843	75	55	20	0	0	0	0
AF	0	0.552155	57	38	19	0	0	0	0
AF	0	0.552467	67	45	22	0	0	0	0
AF	0	0.552780	71	47	24	0	0	0	0
AF	0	0.553092	72	55	17	0	0	0	0
AF	0	0.553404	63	41	22	0	0	0	0
AF	0	0.553716	53	39	14	0	0	0	0
AF	0	0.554029	60	46	14	0	0	0	0
AF	0	0.554341	62	45	17	0	0	0	0
AF	0	0.554653	65	38	27	0	0	0	0
AF	0	0.554966	89	70	19	0	0	0	0
AF	0	0.555278	78	52	26	0	0	0	0
AF	0	0.555590	62	50	12	0	0	0	0
AF	0	0.555903	59	39	20	0	0	0	0
AF	0	0.556215	59	36	23	0	0	0	0
AF	0	0.556527	78	58	20	0	0	0	0
AF	0	0.556839	76	53	23	0	0	0	0
AF	0	0.557152	88	63	25	0	0	0	0
AF	0	0.557464	68	41	27	0	0	0	0
AF	0	0.557776	55	37	18	0	0	0	0
AF	0	0.558089	51	36	15	0	0	0	0
AF	0	0.558401	63	45	18	0	0	0	0
AF	0	0.558713	101	72	29	0	0	0	0
AF	0	0.559026	62	43	19	0	0	0	0
AF	0	0.559338	46	35	11	0	0	0	0
AF	0	0.559650	66	39	27	0	0	0	0
AF	0	0.559963	51	41	10	0	0	0	0
AF	0	0.560275	62	45	17	0	0	0	0
AF	0	0.560587	57	38	19	0	0	0	0
AF	0	0.560899	76	51	25	0	0	0	0
AF	0	0.561212	79	51	28	0	0	0	0
AF	0	0.561524	68	44	24	0	0	0	0
AF	0	0.561836	80	55	25	0	0	0	0
AF	0	0.562149	59	41	18	0	0	0	0
AF	0	0.562461	49	34	15	0	0	0	0
AF	0	0.562773	50	37	13	0	0	0	0
AF	0	0.563086	90	64	26	0	0	0	0
AF	0	0.563398	49	34	15	0	0	0	0
AF	0	0.563710	67	47	20	0	0	0	0
AF	0	0.564022	45	30	15	0	0	0	0
AF	0	0.564335	57	39	18	0	0	0	0
AF	0	0.564647	58	41	17	0	0	0	0
AF	0	0.564959	63	40	23	0	0	0	0
AF	0	0.565272	64	44	20	0	0	0	0
AF	0	0.565584	62	41	21	0	0	0	0
AF	0	0.565896	51	41	10	0	0	0	0
AF	0	0.566209	75	44	31	0	0	0	0
AF	0	0.566521	80	61	19	0	0	0	0
AF	0	0.566833	106	71	35	0	0	0	0
AF	0	0.567146	46	27	19	0	0	0	0
AF	0	0.567458	48	36	12	0	0	0	0
AF	0	0.567770	51	32	19	0	0	0	0
AF	0	0.568082	50	33	17	0	0	0	0
AF	0	0.568395	59	39	20	0	0	0	0
AF	0	0.568707	68	45	23	0	0	0	0
AF	0	0.569019	57	34	23	0	0	0	0
AF	0	0.569332	74	53	21	0	0	0	0
AF	0	0.569644	64	49	15	0	0	0	0
AF	0	0.569956	105	66	39	0	0	0	0
AF	0	0.570269	79	63	16	0	0	0	0
AF	0	0.570581	58	44	14	0	0	0	0
AF	0	0.570893	74	54	20	0	0	0	0
AF	0	0.571205	65	38	27	0	0	0	0
AF	0	0.571518	69	47	22	0	0	0	0
AF	0	0.571830	62	40	22	0	0	0	0
AF	0	0.572142	98	72	26	0	0	0	0
AF	0	0.572455	78	54	24	0	0	0	0
AF	0	0.572767	121	80	41	0	0	0	0
AF	0	0.573079	78	46	32	0	0	0	0
AF	0	0.573392	97	68	29	0	0	0	0
AF	0	0.573704	74	59	15	0	0	0	0
AF	0	0.574016	76	55	21	0	0	0	0
AF	0	0.574329	57	41	16	0	0	0	0
AF	0	0.574641	63	41	22	0	0	0	0
AF	0	0.574953	83	57	26	0	0	0	0
AF	0	0.575265	72	41	31	0	0	0	0
AF	0	0.575578	65	47	18	0	0	0	0
AF	0	0.575890	65	45	20	0	0	0	0
AF	0	0.576202	53	35	18	0	0	0	0
AF	0	0.576515	80	50	30	0	0	0	0
AF	0	0.576827	63	47	16	0	0	0	0
AF	0	0.577139	64	41	23	0	0	0	0
AF	0	0.577452	54	37	17	0	0	0	0
AF	0	0.577764	52	36	16	0	0	0	0
AF	0	0.578076	62	43	19	0	0	0	0
AF	0	0.578389	65	43	22	0	0	0	0
AF	0	0.578701	44	27	17	0	0	0	0
AF	0	0.579013	66	47	19	0	0	0	0
AF	0	0.579325	47	27	20	0	0	0	0
AF	0	0.579638	65	46	19	0	0	0	0
AF	0	0.579950	56	37	19	0	0	0	0
AF	0	0.580262	37	26	11	0	0	0	0
AF	0	0.580575	47	34	13	0	0	0	0
AF	0	0.580887	60	34	26	0	0	0	0
AF	0	0.581199	51	31	20	0	0	0	0
AF	0	0.581512	89	61	28	0	0	0	0
AF	0	0.581824	74	55	19	0	0	0	0
AF	0	0.582136	63	35	28	0	0	0	0
AF	0	0.582448	80	58	22	0	0	0	0
AF	0	0.582761	72	51	21	0	0	0	0
AF	0	0.583073	69	49	20	0	0	0	0
AF	0	0.583385	68	43	25	0	0	0	0
AF	0	0.583698	69	49	20	0	0	0	0
AF	0	0.584010	52	36	16	0	0	0	0
AF	0	0.584322	65	47	18	0	0	0	0
AF	0	0.584635	77	51	26	0	0	0	0
AF	0	0.584947	36	28	8	0	0	0	0
AF	0	0.585259	74	53	21	0	0	0	0
AF	0	0.585572	44	30	14	0	0	0	0
AF	0	0.585884	47	34	13	0	0	0	0
AF	0	0.586196	76	53	23	0	0	0	0
AF	0	0.586508	49	33	16	0	0	0	0
AF	0	0.586821	62	38	24	0	0	0	0
AF	0	0.587133	67	46	21	0	0	0	0
AF	0	0.587445	61	47	14	0	0	0	0
AF	0	0.587758	44	29	15	0	0	0	0
AF	0	0.588070	62	42	20	0	0	0	0
AF	0	0.588382	69	45	24	0	0	0	0
AF	0	0.588695	52	39	13	0	0	0	0
AF	0	0.589007	68	51	17	0	0	0	0
AF	0	0.589319	81	54	27	0	0	0	0
AF	0	0.589631	80	58	22	0	0	0	0
AF	0	0.589944	62	36	26	0	0	0	0
AF	0	0.590256	63	40	23	0	0	0	0
AF	0	0.590568	62	42	20	0	0	0	0
AF	0	0.590881	61	34	27	0	0	0	0
AF	0	0.591193	45	32	13	0	0	0	0
AF	0	0.591505	55	40	15	0	0	0	0
AF	0	0.591818	76	56	20	0	0	0	0
AF	0	0.592130	60	35	25	0	0	0	0
AF	0	0.592442	60	39	21	0	0	0	0
AF	0	0.592755	65	51	14	0	0	0	0
AF	0	0.593067	52	34	18	0	0	0	0
AF	0	0.593379	46	34	12	0	0	0	0
AF	0	0.593691	50	33	17	0	0	0	0
AF	0	0.594004	62	40	22	0	0	0	0
AF	0	0.594316	69	49	20	0	0	0	0
AF	0	0.594628	48	34	14	0	0	0	0
AF	0	0.594941	63	41	22	0	0	0	0
AF	0	0.595253	75	56	19	0	0	0	0
AF	0	0.595565	65	44	21	0	0	0	0
AF	0	0.595878	82	56	26	0	0	0	0
AF	0	0.596190	54	30	24	0	0	0	0
AF	0	0.596502	74	44	30	0	0	0	0
AF	0	0.596814	56	40	16	0	0	0	0
AF	0	0.597127	42	27	15	0	0	0	0
AF	0	0.597439	54	38	16	0	0	0	0
AF	0	0.597751	51	35	16	0	0	0	0
AF	0	0.598064	71	50	21	0	0	0	0
AF	0	0.598376	68	41	27	0	0	0	0
AF	0	0.598688	52	37	15	0	0	0	0
AF	0	0.599001	74	47	27	0	0	0	0
AF	0	0.599313	56	39	17	0	0	0	0
AF	0	0.599625	53	40	13	0	0	0	0
AF	0	0.599938	56	43	13	0	0	0	0
AF	0	0.600250	71	56	15	0	0	0	0
AF	0	0.600562	44	32	12	0	0	0	0
AF	0	0.600874	64	44	20	0	0	0	0
AF	0	0.601187	42	28	14	0	0	0	0
AF	0	0.601499	53	31	22	0	0	0	0
AF	0	0.601811	66	46	20	0	0	0	0
AF	0	0.602124	46	31	15	0	0	0	0
AF	0	0.602436	62	43	19	0	0	0	0
AF	0	0.602748	56	42	14	0	0	0	0
AF	0	0.603061	58	42	16	0	0	0	0
AF	0	0.603373	65	45	20	0	0	0	0
AF	0	0.603685	56	38	18	0	0	0	0
AF	0	0.603998	52	32	20	0	0	0	0
AF	0	0.604310	47	31	16	0	0	0	0
AF	0	0.604622	57	44	13	0	0	0	0
AF	0	0.604934	57	41	16	0	0	0	0
AF	0	0.605247	61	38	23	0	0	0	0
AF	0	0.605559	88	63	25	0	0	0	0
AF	0	0.605871	74	55	19	0	0	0	0
AF	0	0.606184	83	57	26	0	0	0	0
AF	0	0.606496	104	73	31	0	0	0	0
AF	0	0.606808	69	43	26	0	0	0	0
AF	0	0.607121	64	40	24	0	0	0	0
AF	0	0.607433	77	49	28	0	0	0	0
AF	0	0.607745	57	39	18	0	0	0	0
AF	0	0.608057	57	38	19	0	0	0	0
AF	0	0.608370	57	39	18	0	0	0	0
AF	0	0.608682	44	27	17	0	0	0	0
AF	0	0.608994	50	27	23	0	0	0	0
AF	0	0.609307	60	45	15	0	0	0	0
AF	0	0.609619	54	40	14	0	0	0	0
AF	0	0.609931	62	44	18	0	0	0	0
AF	0	0.610244	90	61	29	0	0	0	0
AF	0	0.610556	62	42	20	0	0	0	0
AF	0	0.610868	64	46	18	0	0	0	0
AF	0	0.611181	65	51	14	0	0	0	0
AF	0	0.611493	82	54	28	0	0	0	0
AF	0	0.611805	67	51	16	0	0	0	0
AF	0	0.612117	77	57	20	0	0	0	0
AF	0	0.612430	68	43	25	0	0	0	0
AF	0	0.612742	75	64	11	0	0	0	0
AF	0	0.613054	81	51	30	0	0	0	0
AF	0	0.613367	53	35	18	0	0	0	0
AF	0	0.613679	79	55	24	0	0	0	0
AF	0	0.613991	125	75	50	0	0	0	0
AF	0	0.614304	81	54	27	0	0	0	0
AF	0	0.614616	94	68	26	0	0	0	0
AF	0	0.614928	56	40	16	0	0	0	0
AF	0	0.615240	68	49	19	0	0	0	0
AF	0	0.615553	53	34	19	0	0	0	0
AF	0	0.615865	50	31	19	0	0	0	0
AF	0	0.616177	76	51	25	0	0	0	0
AF	0	0.616490	52	38	14	0	0	0	0
AF	0	0.616802	54	34	20	0	0	0	0
AF	0	0.617114	77	50	27	0	0	0	0
AF	0	0.617427	67	49	18	0	0	0	0
AF	0	0.617739	52	35	17	0	0	0	0
AF	0	0.618051	62	40	22	0	0	0	0
AF	0	0.618364	38	25	13	0	0	0	0
AF	0	0.618676	49	33	16	0	0	0	0
AF	0	0.618988	62	39	23	0	0	0	0
AF	0	0.619300	54	34	20	0	0	0	0
AF	0	0.619613	43	33	10	0	0	0	0
AF	0	0.619925	43	29	14	0	0	0	0
AF	0	0.620237	62	46	16	0	0	0	0
AF	0	0.620550	41	28	13	0	0	0	0
AF	0	0.620862	44	30	14	0	0	0	0
AF	0	0.621174	49	35	14	0	0	0	0
AF	0	0.621487	57	38	19	0	0	0	0
AF	0	0.621799	46	26	20	0	0	0	0
AF	0	0.622111	61	41	20	0	0	0	0
AF	0	0.622423	63	40	23	0	0	0	0
AF	0	0.622736	67	45	22	0	0	0	0
AF	0	0.623048	60	38	22	0	0	0	0
AF	0	0.623360	48	28	20	0	0	0	0
AF	0	0.623673	40	22	18	0	0	0	0
AF	0	0.623985	61	44	17	0	0	0	0
AF	0	0.624297	50	34	16	0	0	0	0
AF	0	0.624610	64	47	17	0	0	0	0
AF	0	0.624922	61	40	21	0	0	0	0
AF	0	0.625234	56	34	22	0	0	0	0
AF	0	0.625547	54	35	19	0	0	0	0
AF	0	0.625859	70	50	20	0	0	0	0
AF	0	0.626171	63	51	12	0	0	0	0
AF	0	0.626483	68	47	21	0	0	0	0
AF	0	0.626796	86	60	26	0	0	0	0
AF	0	0.627108	55	44	11	0	0	0	0
AF	0	0.627420	96	67	29	0	0	0	0
AF	0	0.627733	105	73	32	0	0	0	0
AF	0	0.628045	88	56	32	0	0	0	0
AF	0	0.628357	51	35	16	0	0	0	0
AF	0	0.628670	56	43	13	0	0	0	0
AF	0	0.628982	60	38	22	0	0	0	0
AF	0	0.629294	52	36	16	0	0	0	0
AF	0	0.629606	48	31	17	0	0	0	0
AF	0	0.629919	48	36	12	0	0	0	0
AF	0	0.630231	71	43	28	0	0	0	0
AF	0	0.630543	46	25	21	0	0	0	0
AF	0	0.630856	70	49	21	0	0	0	0
AF	0	0.631168	63	43	20	0	0	0	0
AF	0	0.631480	47	34	13	0	0	0	0
AF	0	0.631793	58	42	16	0	0	0	0
AF	0	0.632105	46	35	11	0	0	0	0
AF	0	0.632417	53	36	17	0	0	0	0
AF	0	0.632730	54	36	18	0	0	0	0
AF	0	0.633042	64	50	14	0	0	0	0
AF	0	0.633354	49	31	18	0	0	0	0
AF	0	0.633666	75	44	31	0	0	0	0
AF	0	0.633979	73	48	25	0	0	0	0
AF	0	0.634291	59	36	23	0	0	0	0
AF	0	0.634603	76	57	19	0	0	0	0
AF	0	0.634916	81	61	20	0	0	0	0
AF	0	0.635228	64	43	21	0	0	0	0
AF	0	0.635540	71	43	28	0	0	0	0
AF	0	0.635853	58	41	17	0	0	0	0
AF	0	0.636165	71	47	24	0	0	0	0
AF	0	0.636477	73	54	19	0	0	0	0
AF	0	0.636790	51	39	12	0	0	0	0
AF	0	0.637102	59	41	18	0	0	0	0
AF	0	0.637414	58	34	24	0	0	0	0
AF	0	0.637726	55	38	17	0	0	0	0
AF	0	0.638039	58	42	16	0	0	0	0
AF	0	0.638351	63	45	18	0	0	0	0
AF	0	0.638663	54	38	16	0	0	0	0
AF	0	0.638976	64	47	17	0	0	0	0
AF	0	0.639288	63	40	23	0	0	0	0
AF	0	0.639600	71	52	19	0	0	0	0
AF	0	0.639913	54	36	18	0	0	0	0
AF	0	0.640225	59	43	16	0	0	0	0
AF	0	0.640537	60	41	19	0	0	0	0
AF	0	0.640849	70	45	25	0	0	0	0
AF	0	0.641162	75	53	22	0	0	0	0
AF	0	0.641474	68	49	19	0	0	0	0
AF	0	0.641786	70	49	21	0	0	0	0
AF	0	0.642099	60	36	24	0	0	0	0
AF	0	0.642411	61	45	16	0	0	0	0
AF	0	0.642723	56	37	19	0	0	0	0
AF	0	0.643036	70	49	21	0	0	0	0
AF	0	0.643348	74	52	22	0	0	0	0
AF	0	0.643660	62	39	23	0	0	0	0
AF	0	0.643973	63	45	18	0	0	0	0
AF	0	0.644285	52	35	17	0	0	0	0
AF	0	0.644597	57	37	20	0	0	0	0
AF	0	0.644909	44	25	19	0	0	0	0
AF	0	0.645222	62	45	17	0	0	0	0
AF	0	0.645534	45	30	15	0	0	0	0
AF	0	0.645846	61	40	21	0	0	0	0
AF	0	0.646159	45	31	14	0	0	0	0
AF	0	0.646471	45	31	14	0	0	0	0
AF	0	0.646783	48	30	18	0	0	0	0
AF	0	0.647096	55	37	18	0	0	0	0
AF	0	0.647408	59	41	18	0	0	0	0
AF	0	0.647720	54	36	18	0	0	0	0
AF	0	0.648032	54	36	18	0	0	0	0
AF	0	0.648345	44	26	18	0	0	0	0
AF	0	0.648657	54	34	20	0	0	0	0
AF	0	0.648969	52	31	21	0	0	0	0
AF	0	0.649282	50	32	18	0	0	0	0
AF	0	0.649594	57	42	15	0	0	0	0
AF	0	0.649906	38	28	10	0	0	0	0
AF	0	0.650219	44	29	15	0	0	0	0
AF	0	0.650531	39	25	14	0	0	0	0
AF	0	0.650843	44	32	12	0	0	0	0
AF	0	0.651156	56	43	13	0	0	0	0
AF	0	0.651468	67	43	24	0	0	0	0
AF	0	0.651780	63	44	19	0	0	0	0
AF	0	0.652092	59	39	20	0	0	0	0
AF	0	0.652405	52	35	17	0	0	0	0
AF	0	0.652717	52	32	20	0	0	0	0
AF	0	0.653029	49	39	10	0	0	0	0
AF	0	0.653342	53	36	17	0	0	0	0
AF	0	0.653654	49	29	20	0	0	0	0
AF	0	0.653966	42	28	14	0	0	0	0
AF	0	0.654279	52	36	16	0	0	0	0
AF	0	0.654591	71	45	26	0	0	0	0
AF	0	0.654903	63	40	23	0	0	0	0
AF	0	0.655215	78	50	28	0	0	0	0
AF	0	0.655528	56	39	17	0	0	0	0
AF	0	0.655840	59	35	24	0	0	0	0
AF	0	0.656152	37	25	12	0	0	0	0
AF	0	0.656465	34	24	10	0	0	0	0
AF	0	0.656777	36	26	10	0	0	0	0
AF	0	0.657089	37	23	14	0	0	0	0
AF	0	0.657402	46	32	14	0	0	0	0
AF	0	0.657714	49	33	16	0	0	0	0
AF	0	0.658026	53	37	16	0	0	0	0
AF	0	0.658339	51	36	15	0	0	0	0
AF	0	0.658651	43	30	13	0	0	0	0
AF	0	0.658963	40	27	13	0	0	0	0
AF	0	0.659275	48	32	16	0	0	0	0
AF	0	0.659588	51	38	13	0	0	0	0
AF	0	0.659900	55	37	18	0	0	0	0
AF	0	0.660212	53	35	18	0	0	0	0
AF	0	0.660525	52	36	16	0	0	0	0
AF	0	0.660837	47	33	14	0	0	0	0
AF	0	0.661149	45	22	23	0	0	0	0
AF	0	0.661462	44	30	14	0	0	0	0
AF	0	0.661774	50	34	16	0	0	0	0
AF	0	0.662086	60	39	21	0	0	0	0
AF	0	0.662399	41	23	18	0	0	0	0
AF	0	0.662711	46	30	16	0	0	0	0
AF	0	0.663023	82	49	33	0	0	0	0
AF	0	0.663335	56	32	24	0	0	0	0
AF	0	0.663648	46	27	19	0	0	0	0
AF	0	0.663960	63	42	21	0	0	0	0
AF	0	0.664272	63	37	26	0	0	0	0
AF	0	0.664585	64	41	23	0	0	0	0
AF	0	0.664897	58	36	22	0	0	0	0
AF	0	0.665209	70	49	21	0	0	0	0
AF	0	0.665522	53	38	15	0	0	0	0
AF	0	0.665834	50	28	22	0	0	0	0
AF	0	0.666146	65	44	21	0	0	0	0
AF	0	0.666458	58	41	17	0	0	0	0
AF	0	0.666771	49	34	15	0	0	0	0
AF	0	0.667083	40	31	9	0	0	0	0
AF	0	0.667395	48	30	18	0	0	0	0
AF	0	0.667708	49	35	14	0	0	0	0
AF	0	0.668020	52	33	19	0	0	0	0
AF	0	0.668332	56	32	24	0	0	0	0
AF	0	0.668645	47	32	15	0	0	0	0
AF	0	0.668957	60	45	15	0	0	0	0
AF	0	0.669269	59	36	23	0	0	0	0
AF	0	0.669582	58	38	20	0	0	0	0
AF	0	0.669894	57	42	15	0	0	0	0
AF	0	0.670206	51	31	20	0	0	0	0
AF	0	0.670518	59	38	21	0	0	0	0
AF	0	0.670831	48	30	18	0	0	0	0
AF	0	0.671143	48	32	16	0	0	0	0
AF	0	0.671455	63	40	23	0	0	0	0
AF	0	0.671768	49	34	15	0	0	0	0
AF	0	0.672080	54	39	15	0	0	0	0
AF	0	0.672392	54	33	21	0	0	0	0
AF	0	0.672705	63	37	26	0	0	0	0
AF	0	0.673017	69	43	26	0	0	0	0
AF	0	0.673329	93	64	29	0	0	0	0
AF	0	0.673641	82	47	35	0	0	0	0
AF	0	0.673954	67	49	18	0	0	0	0
AF	0	0.674266	51	35	16	0	0	0	0
AF	0	0.674578	47	31	16	0	0	0	0
AF	0	0.674891	49	36	13	0	0	0	0
AF	0	0.675203	65	46	19	0	0	0	0
AF	0	0.675515	61	40	21	0	0	0	0
AF	0	0.675828	52	37	15	0	0	0	0
AF	0	0.676140	53	35	18	0	0	0	0
AF	0	0.676452	54	35	19	0	0	0	0
AF	0	0.676765	44	29	15	0	0	0	0
AF	0	0.677077	29	18	11	0	0	0	0
AF	0	0.677389	41	25	16	0	0	0	0
AF	0	0.677701	54	36	18	0	0	0	0
AF	0	0.678014	48	30	18	0	0	0	0
AF	0	0.678326	60	33	27	0	0	0	0
AF	0	0.678638	96	63	33	0	0	0	0
AF	0	0.678951	51	37	14	0	0	0	0
AF	0	0.679263	35	26	9	0	0	0	0
AF	0	0.679575	47	31	16	0	0	0	0
AF	0	0.679888	40	31	9	0	0	0	0
AF	0	0.680200	41	30	11	0	0	0	0
AF	0	0.680512	40	24	16	0	0	0	0
AF	0	0.680824	53	39	14	0	0	0	0
AF	0	0.681137	51	38	13	0	0	0	0
AF	0	0.681449	39	26	13	0	0	0	0
AF	0	0.681761	55	38	17	0	0	0	0
AF	0	0.682074	55	42	13	0	0	0	0
AF	0	0.682386	47	27	20	0	0	0	0
AF	0	0.682698	73	50	23	0	0	0	0
AF	0	0.683011	54	40	14	0	0	0	0
AF	0	0.683323	59	40	19	0	0	0	0
AF	0	0.683635	48	31	17	0	0	0	0
AF	0	0.683948	47	27	20	0	0	0	0
AF	0	0.684260	44	33	11	0	0	0	0
AF	0	0.684572	49	39	10	0	0	0	0
AF	0	0.684884	50	38	12	0	0	0	0
AF	0	0.685197	69	51	18	0	0	0	0
AF	0	0.685509	41	32	9	0	0	0	0
AF	0	0.685821	58	39	19	0	0	0	0
AF	0	0.686134	47	34	13	0	0	0	0
AF	0	0.686446	55	38	17	0	0	0	0
AF	0	0.686758	59	37	22	0	0	0	0
AF	0	0.687071	89	55	34	0	0	0	0
AF	0	0.687383	42	29	13	0	0	0	0
AF	0	0.687695	52	32	20	0	0	0	0
AF	0	0.688007	46	32	14	0	0	0	0
AF	0	0.688320	70	44	26	0	0	0	0
AF	0	0.688632	52	40	12	0	0	0	0
AF	0	0.688944	49	37	12	0	0	0	0
AF	0	0.689257	51	34	17	0	0	0	0
AF	0	0.689569	59	40	19	0	0	0	0
AF	0	0.689881	77	50	27	0	0	0	0
AF	0	0.690194	70	54	16	0	0	0	0
AF	0	0.690506	41	26	15	0	0	0	0
AF	0	0.690818	44	33	11	0	0	0	0
AF	0	0.691131	46	31	15	0	0	0	0
AF	0	0.691443	71	44	27	0	0	0	0
AF	0	0.691755	60	46	14	0	0	0	0
AF	0	0.692067	52	38	14	0	0	0	0
AF	0	0.692380	91	62	29	0	0	0	0
AF	0	0.692692	48	26	22	0	0	0	0
AF	0	0.693004	65	39	26	0	0	0	0
AF	0	0.693317	61	39	22	0	0	0	0
AF	0	0.693629	50	38	12	0	0	0	0
AF	0	0.693941	48	35	13	0	0	0	0
AF	0	0.694254	60	41	19	0	0	0	0
AF	0	0.694566	66	44	22	0	0	0	0
AF	0	0.694878	56	39	17	0	0	0	0
AF	0	0.695191	52	30	22	0	0	0	0
AF	0	0.695503	54	37	17	0	0	0	0
AF	0	0.695815	53	38	15	0	0	0	0
AF	0	0.696127	40	26	14	0	0	0	0
AF	0	0.696440	73	48	25	0	0	0	0
AF	0	0.696752	46	35	11	0	0	0	0
AF	0	0.697064	53	41	12	0	0	0	0
AF	0	0.697377	47	31	16	0	0	0	0
AF	0	0.697689	51	36	15	0	0	0	0
AF	0	0.698001	42	34	8	0	0	0	0
AF	0	0.698314	54	38	16	0	0	0	0
AF	0	0.698626	61	43	18	0	0	0	0
AF	0	0.698938	48	35	13	0	0	0	0
AF	0	0.699250	46	34	12	0	0	0	0
AF	0	0.699563	48	32	16	0	0	0	0
AF	0	0.699875	49	33	16	0	0	0	0
AF	0	0.700187	62	42	20	0	0	0	0
AF	0	0.700500	42	34	8	0	0	0	0
AF	0	0.700812	60	37	23	0	0	0	0
AF	0	0.701124	67	40	27	0	0	0	0
AF	0	0.701437	53	41	12	0	0	0	0
AF	0	0.701749	62	46	16	0	0	0	0
AF	0	0.702061	54	34	20	0	0	0	0
AF	0	0.702374	70	47	23	0	0	0	0
AF	0	0.702686	58	38	20	0	0	0	0
AF	0	0.702998	62	48	14	0	0	0	0
AF	0	0.703310	48	32	16	0	0	0	0
AF	0	0.703623	43	32	11	0	0	0	0
AF	0	0.703935	50	33	17	0	0	0	0
AF	0	0.704247	49	33	16	0	0	0	0
AF	0	0.704560	54	36	18	0	0	0	0
AF	0	0.704872	47	29	18	0	0	0	0
AF	0	0.705184	50	33	17	0	0	0	0
AF	0	0.705497	41	24	17	0	0	0	0
AF	0	0.705809	43	30	13	0	0	0	0
AF	0	0.706121	39	24	15	0	0	0	0
AF	0	0.706433	49	33	16	0	0	0	0
AF	0	0.706746	45	26	19	0	0	0	0
AF	0	0.707058	46	28	18	0	0	0	0
AF	0	0.707370	66	44	22	0	0	0	0
AF	0	0.707683	57	38	19	0	0	0	0
AF	0	0.707995	82	47	35	0	0	0	0
AF	0	0.708307	59	37	22	0	0	0	0
AF	0	0.708620	41	25	16	0	0	0	0
AF	0	0.708932	51	36	15	0	0	0	0
AF	0	0.709244	46	29	17	0	0	0	0
AF	0	0.709557	41	26	15	0	0	0	0
AF	0	0.709869	34	23	11	0	0	0	0
AF	0	0.710181	53	29	24	0	0	0	0
AF	0	0.710493	54	31	23	0	0	0	0
AF	0	0.710806	58	31	27	0	0	0	0
AF	0	0.711118	67	46	21	0	0	0	0
AF	0	0.711430	57	43	14	0	0	0	0
AF	0	0.711743	45	28	17	0	0	0	0
AF	0	0.712055	33	22	11	0	0	0	0
AF	0	0.712367	53	36	17	0	0	0	0
AF	0	0.712680	54	35	19	0	0	0	0
AF	0	0.712992	45	30	15	0	0	0	0
AF	0	0.713304	49	39	10	0	0	0	0
AF	0	0.713616	49	31	18	0	0	0	0
AF	0	0.713929	53	35	18	0	0	0	0
AF	0	0.714241	40	29	11	0	0	0	0
AF	0	0.714553	44	32	12	0	0	0	0
AF	0	0.714866	43	38	5	0	0	0	0
AF	0	0.715178	63	39	24	0	0	0	0
AF	0	0.715490	89	52	37	0	0	0	0
AF	0	0.715803	63	38	25	0	0	0	0
AF	0	0.716115	47	33	14	0	0	0	0
AF	0	0.716427	61	44	17	0	0	0	0
AF	0	0.716740	50	35	15	0	0	0	0
AF	0	0.717052	46	37	9	0	0	0	0
AF	0	0.717364	54	34	20	0	0	0	0
AF	0	0.717676	55	37	18	0	0	0	0
AF	0	0.717989	38	31	7	0	0	0	0
AF	0	0.718301	52	39	13	0	0	0	0
AF	0	0.718613	51	39	12	0	0	0	0
AF	0	0.718926	36	26	10	0	0	0	0
AF	0	0.719238	54	35	19	0	0	0	0
AF	0	0.719550	38	23	15	0	0	0	0
AF	0	0.719863	54	39	15	0	0	0	0
AF	0	0.720175	46	34	12	0	0	0	0
AF	0	0.720487	41	23	18	0	0	0	0
AF	0	0.720800	39	23	16	0	0	0	0
AF	0	0.721112	51	34	17	0	0	0	0
AF	0	0.721424	52	31	21	0	0	0	0
AF	0	0.721736	46	28	18	0	0	0	0
AF	0	0.722049	42	34	8	0	0	0	0
AF	0	0.722361	55	34	21	0	0	0	0
AF	0	0.722673	47	27	20	0	0	0	0
AF	0	0.722986	44	29	15	0	0	0	0
AF	0	0.723298	55	38	17	0	0	0	0
AF	0	0.723610	44	30	14	0	0	0	0
AF	0	0.723923	51	36	15	0	0	0	0
AF	0	0.724235	43	24	19	0	0	0	0
AF	0	0.724547	41	30	11	0	0	0	0
AF	0	0.724859	33	24	9	0	0	0	0
AF	0	0.725172	45	33	12	0	0	0	0
AF	0	0.725484	45	31	14	0	0	0	0
AF	0	0.725796	42	31	11	0	0	0	0
AF	0	0.726109	46	34	12	0	0	0	0
AF	0	0.726421	69	50	19	0	0	0	0
AF	0	0.726733	39	26	13	0	0	0	0
AF	0	0.727046	43	29	14	0	0	0	0
AF	0	0.727358	58	44	14	0	0	0	0
AF	0	0.727670	59	39	20	0	0	0	0
AF	0	0.727983	61	45	16	0	0	0	0
AF	0	0.728295	51	34	17	0	0	0	0
AF	0	0.728607	41	28	13	0	0	0	0
AF	0	0.728919	44	32	12	0	0	0	0
AF	0	0.729232	36	27	9	0	0	0	0
AF	0	0.729544	36	20	16	0	0	0	0
AF	0	0.729856	39	26	13	0	0	0	0
AF	0	0.730169	51	29	22	0	0	0	0
AF	0	0.730481	39	30	9	0	0	0	0
AF	0	0.730793	54	36	18	0	0	0	0
AF	0	0.731106	41	29	12	0	0	0	0
AF	0	0.731418	52	41	11	0	0	0	0
AF	0	0.731730	51	35	16	0	0	0	0
AF	0	0.732042	51	39	12	0	0	0	0
AF	0	0.732355	56	40	16	0	0	0	0
AF	0	0.732667	48	29	19	0	0	0	0
AF	0	0.732979	51	36	15	0	0	0	0
AF	0	0.733292	49	38	11	0	0	0	0
AF	0	0.733604	37	25	12	0	0	0	0
AF	0	0.733916	39	29	10	0	0	0	0
AF	0	0.734229	71	55	16	0	0	0	0
AF	0	0.734541	63	46	17	0	0	0	0
AF	0	0.734853	57	37	20	0	0	0	0
AF	0	0.735166	69	47	22	0	0	0	0
AF	0	0.735478	50	37	13	0	0	0	0
AF	0	0.735790	50	31	19	0	0	0	0
AF	0	0.736102	63	42	21	0	0	0	0
AF	0	0.736415	41	30	11	0	0	0	0
AF	0	0.736727	48	33	15	0	0	0	0
AF	0	0.737039	51	32	19	0	0	0	0
AF	0	0.737352	54	33	21	0	0	0	0
AF	0	0.737664	42	34	8	0	0	0	0
AF	0	0.737976	46	31	15	0	0	0	0
AF	0	0.738289	66	44	22	0	0	0	0
AF	0	0.738601	65	48	17	0	0	0	0
AF	0	0.738913	62	44	18	0	0	0	0
AF	0	0.739225	68	47	21	0	0	0	0
AF	0	0.739538	45	33	12	0	0	0	0
AF	0	0.739850	40	27	13	0	0	0	0
AF	0	0.740162	58	41	17	0	0	0	0
AF	0	0.740475	43	27	16	0	0	0	0
AF	0	0.740787	50	33	17	0	0	0	0
AF	0	0.741099	66	46	20	0	0	0	0
AF	0	0.741412	60	38	22	0	0	0	0
AF	0	0.741724	32	22	10	0	0	0	0
AF	0	0.742036	43	27	16	0	0	0	0
AF	0	0.742349	66	43	23	0	0	0	0
AF	0	0.742661	62	43	19	0	0	0	0
AF	0	0.742973	61	46	15	0	0	0	0
AF	0	0.743285	49	32	17	0	0	0	0
AF	0	0.743598	65	50	15	0	0	0	0
AF	0	0.743910	61	40	21	0	0	0	0
AF	0	0.744222	71	49	22	0	0	0	0
AF	0	0.744535	78	52	26	0	0	0	0
AF	0	0.744847	39	31	8	0	0	0	0
AF	0	0.745159	48	30	18	0	0	0	0
AF	0	0.745472	55	38	17	0	0	0	0
AF	0	0.745784	44	30	14	0	0	0	0
AF	0	0.746096	53	39	14	0	0	0	0
AF	0	0.746408	61	45	16	0	0	0	0
AF	0	0.746721	49	34	15	0	0	0	0
AF	0	0.747033	60	41	19	0	0	0	0
AF	0	0.747345	52	35	17	0	0	0	0
AF	0	0.747658	68	45	23	0	0	0	0
AF	0	0.747970	57	31	26	0	0	0	0
AF	0	0.748282	53	32	21	0	0	0	0
AF	0	0.748595	56	38	18	0	0	0	0
AF	0	0.748907	52	37	15	0	0	0	0
AF	0	0.749219	52	35	17	0	0	0	0
AF	0	0.749532	76	54	22	0	0	0	0
AF	0	0.749844	44	30	14	0	0	0	0
AF	0	0.750156	46	34	12	0	0	0	0
AF	0	0.750468	49	29	20	0	0	0	0
AF	0	0.750781	62	47	15	0	0	0	0
AF	0	0.751093	74	43	31	0	0	0	0
AF	0	0.751405	40	25	15	0	0	0	0
AF	0	0.751718	63	46	17	0	0	0	0
AF	0	0.752030	46	32	14	0	0	0	0
AF	0	0.752342	79	55	24	0	0	0	0
AF	0	0.752655	34	20	14	0	0	0	0
AF	0	0.752967	37	27	10	0	0	0	0
AF	0	0.753279	82	54	28	0	0	0	0
AF	0	0.753592	54	34	20	0	0	0	0
AF	0	0.753904	48	35	13	0	0	0	0
AF	0	0.754216	42	27	15	0	0	0	0
AF	0	0.754528	47	38	9	0	0	0	0
AF	0	0.754841	48	38	10	0	0	0	0
AF	0	0.755153	74	44	30	0	0	0	0
AF	0	0.755465	56	34	22	0	0	0	0
AF	0	0.755778	80	54	26	0	0	0	0
AF	0	0.756090	67	44	23	0	0	0	0
AF	0	0.756402	70	48	22	0	0	0	0
AF	0	0.756715	55	39	16	0	0	0	0
AF	0	0.757027	52	36	16	0	0	0	0
AF	0	0.757339	36	29	7	0	0	0	0
AF	0	0.757651	48	31	17	0	0	0	0
AF	0	0.757964	58	39	19	0	0	0	0
AF	0	0.758276	61	46	15	0	0	0	0
AF	0	0.758588	70	49	21	0	0	0	0
AF	0	0.758901	71	44	27	0	0	0	0
AF	0	0.759213	46	33	13	0	0	0	0
AF	0	0.759525	56	37	19	0	0	0	0
AF	0	0.759838	38	23	15	0	0	0	0
AF	0	0.760150	42	25	17	0	0	0	0
AF	0	0.760462	43	28	15	0	0	0	0
AF	0	0.760775	57	45	12	0	0	0	0
AF	0	0.761087	48	30	18	0	0	0	0
AF	0	0.761399	53	37	16	0	0	0	0
AF	0	0.761711	47	31	16	0	0	0	0
AF	0	0.762024	67	44	23	0	0	0	0
AF	0	0.762336	39	21	18	0	0	0	0
AF	0	0.762648	52	37	15	0	0	0	0
AF	0	0.762961	28	19	9	0	0	0	0
AF	0	0.763273	34	28	6	0	0	0	0
AF	0	0.763585	45	32	13	0	0	0	0
AF	0	0.763898	53	34	19	0	0	0	0
AF	0	0.764210	48	29	19	0	0	0	0
AF	0	0.764522	55	38	17	0	0	0	0
AF	0	0.764834	45	30	15	0	0	0	0
AF	0	0.765147	49	33	16	0	0	0	0
AF	0	0.765459	42	29	13	0	0	0	0
AF	0	0.765771	53	37	16	0	0	0	0
AF	0	0.766084	43	31	12	0	0	0	0
AF	0	0.766396	40	32	8	0	0	0	0
AF	0	0.766708	56	41	15	0	0	0	0
AF	0	0.767021	55	36	19	0	0	0	0
AF	0	0.767333	62	43	19	0	0	0	0
AF	0	0.767645	46	31	15	0	0	0	0
AF	0	0.767958	46	37	9	0	0	0	0
AF	0	0.768270	60	37	23	0	0	0	0
AF	0	0.768582	69	41	28	0	0	0	0
AF	0	0.768894	38	26	12	0	0	0	0
AF	0	0.769207	47	30	17	0	0	0	0
AF	0	0.769519	48	33	15	0	0	0	0
AF	0	0.769831	42	28	14	0	0	0	0
AF	0	0.770144	46	33	13	0	0	0	0
AF	0	0.770456	45	37	8	0	0	0	0
AF	0	0.770768	45	32	13	0	0	0	0
AF	0	0.771081	42	31	11	0	0	0	0
AF	0	0.771393	59	40	19	0	0	0	0
AF	0	0.771705	42	29	13	0	0	0	0
AF	0	0.772017	29	23	6	0	0	0	0
AF	0	0.772330	42	27	15	0	0	0	0
AF	0	0.772642	28	19	9	0	0	0	0
AF	0	0.772954	54	39	15	0	0	0	0
AF	0	0.773267	53	31	22	0	0	0	0
AF	0	0.773579	29	19	10	0	0	0	0
AF	0	0.773891	40	29	11	0	0	0	0
AF	0	0.774204	46	32	14	0	0	0	0
AF	0	0.774516	45	29	16	0	0	0	0
AF	0	0.774828	39	29	10	0	0	0	0
AF	0	0.775141	49	33	16	0	0	0	0
AF	0	0.775453	61	43	18	0	0	0	0
AF	0	0.775765	45	33	12	0	0	0	0
AF	0	0.776077	52	35	17	0	0	0	0
AF	0	0.776390	47	37	10	0	0	0	0
AF	0	0.776702	40	20	20	0	0	0	0
AF	0	0.777014	43	24	19	0	0	0	0
AF	0	0.777327	43	35	8	0	0	0	0
AF	0	0.777639	53	33	20	0	0	0	0
AF	0	0.777951	45	37	8	0	0	0	0
AF	0	0.778264	41	31	10	0	0	0	0
AF	0	0.778576	53	44	9	0	0	0	0
AF	0	0.778888	48	28	20	0	0	0	0
AF	0	0.779200	65	49	16	0	0	0	0
AF	0	0.779513	52	37	15	0	0	0	0
AF	0	0.779825	56	36	20	0	0	0	0
AF	0	0.780137	47	33	14	0	0	0	0
AF	0	0.780450	62	39	23	0	0	0	0
AF	0	0.780762	54	39	15	0	0	0	0
AF	0	0.781074	69	34	35	0	0	0	0
AF	0	0.781387	79	54	25	0	0	0	0
AF	0	0.781699	42	30	12	0	0	0	0
AF	0	0.782011	41	28	13	0	0	0	0
AF	0	0.782324	42	32	10	0	0	0	0
AF	0	0.782636	42	27	15	0	0	0	0
AF	0	0.782948	44	31	13	0	0	0	0
AF	0	0.783260	48	36	12	0	0	0	0
AF	0	0.783573	35	22	13	0	0	0	0
AF	0	0.783885	61	41	20	0	0	0	0
AF	0	0.784197	64	44	20	0	0	0	0
AF	0	0.784510	48	30	18	0	0	0	0
AF	0	0.784822	49	31	18	0	0	0	0
AF	0	0.785134	38	27	11	0	0	0	0
AF	0	0.785447	33	26	7	0	0	0	0
AF	0	0.785759	32	24	8	0	0	0	0
AF	0	0.786071	30	19	11	0	0	0	0
AF	0	0.786384	43	28	15	0	0	0	0
AF	0	0.786696	64	48	16	0	0	0	0
AF	0	0.787008	60	39	21	0	0	0	0
AF	0	0.787320	71	42	29	0	0	0	0
AF	0	0.787633	59	38	21	0	0	0	0
AF	0	0.787945	80	57	23	0	0	0	0
AF	0	0.788257	71	51	20	0	0	0	0
AF	0	0.788570	52	31	21	0	0	0	0
AF	0	0.788882	48	29	19	0	0	0	0
AF	0	0.789194	56	39	17	0	0	0	0
AF	0	0.789507	56	35	21	0	0	0	0
AF	0	0.789819	67	43	24	0	0	0	0
AF	0	0.790131	53	32	21	0	0	0	0
AF	0	0.790443	56	39	17	0	0	0	0
AF	0	0.790756	57	43	14	0	0	0	0
AF	0	0.791068	53	31	22	0	0	0	0
AF	0	0.791380	68	50	18	0	0	0	0
AF	0	0.791693	64	45	19	0	0	0	0
AF	0	0.792005	67	43	24	0	0	0	0
AF	0	0.792317	59	39	20	0	0	0	0
AF	0	0.792630	36	22	14	0	0	0	0
AF	0	0.792942	40	28	12	0	0	0	0
AF	0	0.793254	49	33	16	0	0	0	0
AF	0	0.793567	50	33	17	0	0	0	0
AF	0	0.793879	53	37	16	0	0	0	0
AF	0	0.794191	56	38	18	0	0	0	0
AF	0	0.794503	31	16	15	0	0	0	0
AF	0	0.794816	32	24	8	0	0	0	0
AF	0	0.795128	45	33	12	0	0	0	0
AF	0	0.795440	31	23	8	0	0	0	0
AF	0	0.795753	50	33	17	0	0	0	0
AF	0	0.796065	48	38	10	0	0	0	0
AF	0	0.796377	53	35	18	0	0	0	0
AF	0	0.796690	65	40	25	0	0	0	0
AF	0	0.797002	38	28	10	0	0	0	0
AF	0	0.797314	54	35	19	0	0	0	0
AF	0	0.797626	35	27	8	0	0	0	0
AF	0	0.797939	33	22	11	0	0	0	0
AF	0	0.798251	39	33	6	0	0	0	0
AF	0	0.798563	42	30	12	0	0	0	0
AF	0	0.798876	48	29	19	0	0	0	0
AF	0	0.799188	35	25	10	0	0	0	0
AF	0	0.799500	66	45	21	0	0	0	0
AF	0	0.799813	62	48	14	0	0	0	0
AF	0	0.800125	54	36	18	0	0	0	0
AF	0	0.800437	59	40	19	0	0	0	0
AF	0	0.800750	48	34	14	0	0	0	0
AF	0	0.801062	36	29	7	0	0	0	0
AF	0	0.801374	37	26	11	0	0	0	0
AF	0	0.801686	42	31	11	0	0	0	0
AF	0	0.801999	60	39	21	0	0	0	0
AF	0	0.802311	58	45	13	0	0	0	0
AF	0	0.802623	29	22	7	0	0	0	0
AF	0	0.802936	20	11	9	0	0	0	0
AF	0	0.803248	66	43	23	0	0	0	0
AF	0	0.803560	47	28	19	0	0	0	0
AF	0	0.803873	43	27	16	0	0	0	0
AF	0	0.804185	29	16	13	0	0	0	0
AF	0	0.804497	59	41	18	0	0	0	0
AF	0	0.804809	37	29	8	0	0	0	0
AF	0	0.805122	49	33	16	0	0	0	0
AF	0	0.805434	47	26	21	0	0	0	0
AF	0	0.805746	41	26	15	0	0	0	0
AF	0	0.806059	54	33	21	0	0	0	0
AF	0	0.806371	67	45	22	0	0	0	0
AF	0	0.806683	49	38	11	0	0	0	0
AF	0	0.806996	49	34	15	0	0	0	0
AF	0	0.807308	39	28	11	0	0	0	0
AF	0	0.807620	60	42	18	0	0	0	0
AF	0	0.807933	45	32	13	0	0	0	0
AF	0	0.808245	26	18	8	0	0	0	0
AF	0	0.808557	40	32	8	0	0	0	0
AF	0	0.808869	31	18	13	0	0	0	0
AF	0	0.809182	44	30	14	0	0	0	0
AF	0	0.809494	49	33	16	0	0	0	0
AF	0	0.809806	36	23	13	0	0	0	0
AF	0	0.810119	24	18	6	0	0	0	0
AF	0	0.810431	37	21	16	0	0	0	0
AF	0	0.810743	37	23	14	0	0	0	0
AF	0	0.811056	32	21	11	0	0	0	0
AF	0	0.811368	44	29	15	0	0	0	0
AF	0	0.811680	78	59	19	0	0	0	0
AF	0	0.811993	40	23	17	0	0	0	0
AF	0	0.812305	50	35	15	0	0	0	0
AF	0	0.812617	167	119	48	0	0	0	0
AF	0	0.812929	33	25	8	0	0	0	0
AF	0	0.813242	42	27	15	0	0	0	0
AF	0	0.813554	39	32	7	0	0	0	0
AF	0	0.813866	30	20	10	0	0	0	0
AF	0	0.814179	27	21	6	0	0	0	0
AF	0	0.814491	31	21	10	0	0	0	0
AF	0	0.814803	31	20	11	0	0	0	0
AF	0	0.815116	27	15	12	0	0	0	0
AF	0	0.815428	39	31	8	0	0	0	0
AF	0	0.815740	35	22	13	0	0	0	0
AF	0	0.816052	20	15	5	0	0	0	0
AF	0	0.816365	32	21	11	0	0	0	0
AF	0	0.816677	36	27	9	0	0	0	0
AF	0	0.816989	34	24	10	0	0	0	0
AF	0	0.817302	32	22	10	0	0	0	0
AF	0	0.817614	39	32	7	0	0	0	0
AF	0	0.817926	48	36	12	0	0	0	0
AF	0	0.818239	39	27	12	0	0	0	0
AF	0	0.818551	31	21	10	0	0	0	0
AF	0	0.818863	49	32	17	0	0	0	0
AF	0	0.819176	32	19	13	0	0	0	0
AF	0	0.819488	25	19	6	0	0	0	0
AF	0	0.819800	28	17	11	0	0	0	0
AF	0	0.820112	35	23	12	0	0	0	0
AF	0	0.820425	29	21	8	0	0	0	0
AF	0	0.820737	44	30	14	0	0	0	0
AF	0	0.821049	41	29	12	0	0	0	0
AF	0	0.821362	39	32	7	0	0	0	0
AF	0	0.821674	37	26	11	0	0	0	0
AF	0	0.821986	43	30	13	0	0	0	0
AF	0	0.822299	25	20	5	0	0	0	0
AF	0	0.822611	52	38	14	0	0	0	0
AF	0	0.822923	35	24	11	0	0	0	0
AF	0	0.823235	33	23	10	0	0	0	0
AF	0	0.823548	51	41	10	0	0	0	0
AF	0	0.823860	59	27	32	0	0	0	0
AF	0	0.824172	46	30	16	0	0	0	0
AF	0	0.824485	27	21	6	0	0	0	0
AF	0	0.824797	29	20	9	0	0	0	0
AF	0	0.825109	40	29	11	0	0	0	0
AF	0	0.825422	29	18	11	0	0	0	0
AF	0	0.825734	35	30	5	0	0	0	0
AF	0	0.826046	48	28	20	0	0	0	0
AF	0	0.826359	39	25	14	0	0	0	0
AF	0	0.826671	23	13	10	0	0	0	0
AF	0	0.826983	41	29	12	0	0	0	0
AF	0	0.827295	33	24	9	0	0	0	0
AF	0	0.827608	37	19	18	0	0	0	0
AF	0	0.827920	31	19	12	0	0	0	0
AF	0	0.828232	39	22	17	0	0	0	0
AF	0	0.828545	29	20	9	0	0	0	0
AF	0	0.828857	119	86	33	0	0	0	0
AF	0	0.829169	54	30	24	0	0	0	0
AF	0	0.829482	25	16	9	0	0	0	0
AF	0	0.829794	48	33	15	0	0	0	0
AF	0	0.830106	44	28	16	0	0	0	0
AF	0	0.830418	48	37	11	0	0	0	0
AF	0	0.830731	40	26	14	0	0	0	0
AF	0	0.831043	34	26	8	0	0	0	0
AF	0	0.831355	44	27	17	0	0	0	0
AF	0	0.831668	82	54	28	0	0	0	0
AF	0	0.831980	55	30	25	0	0	0	0
AF	0	0.832292	62	38	24	0	0	0	0
AF	0	0.832605	76	60	16	0	0	0	0
AF	0	0.832917	49	36	13	0	0	0	0
AF	0	0.833229	34	28	6	0	0	0	0
AF	0	0.833542	33	23	10	0	0	0	0
AF	0	0.833854	56	33	23	0	0	0	0
AF	0	0.834166	32	24	8	0	0	0	0
AF	0	0.834478	56	32	24	0	0	0	0
AF	0	0.834791	48	34	14	0	0	0	0
AF	0	0.835103	45	25	20	0	0	0	0
AF	0	0.835415	45	31	14	0	0	0	0
AF	0	0.835728	40	29	11	0	0	0	0
AF	0	0.836040	41	34	7	0	0	0	0
AF	0	0.836352	63	45	18	0	0	0	0
AF	0	0.836665	33	24	9	0	0	0	0
AF	0	0.836977	32	22	10	0	0	0	0
AF	0	0.837289	33	15	18	0	0	0	0
AF	0	0.837601	64	50	14	0	0	0	0
AF	0	0.837914	55	37	18	0	0	0	0
AF	0	0.838226	51	42	9	0	0	0	0
AF	0	0.838538	51	39	12	0	0	0	0
AF	0	0.838851	37	21	16	0	0	0	0
AF	0	0.839163	61	42	19	0	0	0	0
AF	0	0.839475	69	44	25	0	0	0	0
AF	0	0.839788	59	32	27	0	0	0	0
AF	0	0.840100	71	54	17	0	0	0	0
AF	0	0.840412	70	48	22	0	0	0	0
AF	0	0.840725	53	38	15	0	0	0	0
AF	0	0.841037	92	59	33	0	0	0	0
AF	0	0.841349	55	38	17	0	0	0	0
AF	0	0.841661	35	26	9	0	0	0	0
AF	0	0.841974	65	44	21	0	0	0	0
AF	0	0.842286	48	36	12	0	0	0	0
AF	0	0.842598	29	21	8	0	0	0	0
AF	0	0.842911	46	32	14	0	0	0	0
AF	0	0.843223	31	20	11	0	0	0	0
AF	0	0.843535	44	31	13	0	0	0	0
AF	0	0.843848	33	24	9	0	0	0	0
AF	0	0.844160	46	29	17	0	0	0	0
AF	0	0.844472	66	40	26	0	0	0	0
AF	0	0.844785	28	17	11	0	0	0	0
AF	0	0.845097	58	44	14	0	0	0	0
AF	0	0.845409	39	26	13	0	0	0	0
AF	0	0.845721	39	27	12	0	0	0	0
AF	0	0.846034	50	34	16	0	0	0	0
AF	0	0.846346	32	22	10	0	0	0	0
AF	0	0.846658	66	46	20	0	0	0	0
AF	0	0.846971	37	25	12	0	0	0	0
AF	0	0.847283	30	22	8	0	0	0	0
AF	0	0.847595	36	29	7	0	0	0	0
AF	0	0.847908	42	27	15	0	0	0	0
AF	0	0.848220	48	29	19	0	0	0	0
AF	0	0.848532	55	34	21	0	0	0	0
AF	0	0.848844	55	37	18	0	0	0	0
AF	0	0.849157	34	26	8	0	0	0	0
AF	0	0.849469	44	32	12	0	0	0	0
AF	0	0.849781	40	29	11	0	0	0	0
AF	0	0.850094	32	22	10	0	0	0	0
AF	0	0.850406	48	37	11	0	0	0	0
AF	0	0.850718	49	32	17	0	0	0	0
AF	0	0.851031	41	29	12	0	0	0	0
AF	0	0.851343	43	28	15	0	0	0	0
AF	0	0.851655	34	21	13	0	0	0	0
AF	0	0.851968	39	24	15	0	0	0	0
AF	0	0.852280	69	47	22	0	0	0	0
AF	0	0.852592	86	50	36	0	0	0	0
AF	0	0.852904	47	33	14	0	0	0	0
AF	0	0.853217	54	41	13	0	0	0	0
AF	0	0.853529	33	21	12	0	0	0	0
AF	0	0.853841	47	36	11	0	0	0	0
AF	0	0.854154	61	44	17	0	0	0	0
AF	0	0.854466	44	24	20	0	0	0	0
AF	0	0.854778	45	25	20	0	0	0	0
AF	0	0.855091	40	28	12	0	0	0	0
AF	0	0.855403	33	20	13	0	0	0	0
AF	0	0.855715	47	35	12	0	0	0	0
AF	0	0.856027	68	50	18	0	0	0	0
AF	0	0.856340	36	23	13	0	0	0	0
AF	0	0.856652	42	34	8	0	0	0	0
AF	0	0.856964	29	20	9	0	0	0	0
AF	0	0.857277	32	20	12	0	0	0	0
AF	0	0.857589	36	22	14	0	0	0	0
AF	0	0.857901	43	30	13	0	0	0	0
AF	0	0.858214	36	26	10	0	0	0	0
AF	0	0.858526	43	29	14	0	0	0	0
AF	0	0.858838	50	28	22	0	0	0	0
AF	0	0.859151	49	33	16	0	0	0	0
AF	0	0.859463	47	33	14	0	0	0	0
AF	0	0.859775	54	34	20	0	0	0	0
AF	0	0.860087	37	28	9	0	0	0	0
AF	0	0.860400	49	26	23	0	0	0	0
AF	0	0.860712	19	15	4	0	0	0	0
AF	0	0.861024	29	21	8	0	0	0	0
AF	0	0.861337	25	19	6	0	0	0	0
AF	0	0.861649	44	31	13	0	0	0	0
AF	0	0.861961	44	27	17	0	0	0	0
AF	0	0.862274	32	19	13	0	0	0	0
AF	0	0.862586	21	13	8	0	0	0	0
AF	0	0.862898	40	27	13	0	0	0	0
AF	0	0.863210	44	24	20	0	0	0	0
AF	0	0.863523	57	46	11	0	0	0	0
AF	0	0.863835	65	46	19	0	0	0	0
AF	0	0.864147	70	49	21	0	0	0	0
AF	0	0.864460	56	38	18	0	0	0	0
AF	0	0.864772	69	46	23	0	0	0	0
AF	0	0.865084	48	29	19	0	0	0	0
AF	0	0.865397	33	25	8	0	0	0	0
AF	0	0.865709	36	30	6	0	0	0	0
AF	0	0.866021	26	19	7	0	0	0	0
AF	0	0.866334	21	18	3	0	0	0	0
AF	0	0.866646	37	31	6	0	0	0	0
AF	0	0.866958	23	14	9	0	0	0	0
AF	0	0.867270	33	22	11	0	0	0	0
AF	0	0.867583	37	22	15	0	0	0	0
AF	0	0.867895	31	20	11	0	0	0	0
AF	0	0.868207	26	13	13	0	0	0	0
AF	0	0.868520	38	20	18	0	0	0	0
AF	0	0.868832	40	23	17	0	0	0	0
AF	0	0.869144	37	23	14	0	0	0	0
AF	0	0.869457	57	45	12	0	0	0	0
AF	0	0.869769	40	29	11	0	0	0	0
AF	0	0.870081	68	45	23	0	0	0	0
AF	0	0.870394	54	29	25	0	0	0	0
AF	0	0.870706	56	34	22	0	0	0	0
AF	0	0.871018	45	36	9	0	0	0	0
AF	0	0.871330	55	37	18	0	0	0	0
AF	0	0.871643	76	48	28	0	0	0	0
AF	0	0.871955	71	47	24	0	0	0	0
AF	0	0.872267	35	25	10	0	0	0	0
AF	0	0.872580	24	18	6	0	0	0	0
AF	0	0.872892	29	23	6	0	0	0	0
AF	0	0.873204	53	36	17	0	0	0	0
AF	0	0.873517	155	106	49	0	0	0	0
AF	0	0.873829	46	29	17	0	0	0	0
AF	0	0.874141	28	18	10	0	0	0	0
AF	0	0.874453	42	28	14	0	0	0	0
AF	0	0.874766	39	30	9	0	0	0	0
AF	0	0.875078	56	38	18	0	0	0	0
AF	0	0.875390	27	15	12	0	0	0	0
AF	0	0.875703	46	32	14	0	0	0	0
AF	0	0.876015	21	14	7	0	0	0	0
AF	0	0.876327	48	34	14	0	0	0	0
AF	0	0.876640	89	66	23	0	0	0	0
AF	0	0.876952	48	32	16	0	0	0	0
AF	0	0.877264	47	28	19	0	0	0	0
AF	0	0.877577	50	31	19	0	0	0	0
AF	0	0.877889	43	27	16	0	0	0	0
AF	0	0.878201	56	38	18	0	0	0	0
AF	0	0.878513	39	29	10	0	0	0	0
AF	0	0.878826	53	38	15	0	0	0	0
AF	0	0.879138	31	20	11	0	0	0	0
AF	0	0.879450	42	28	14	0	0	0	0
AF	0	0.879763	50	28	22	0	0	0	0
AF	0	0.880075	52	39	13	0	0	0	0
AF	0	0.880387	39	23	16	0	0	0	0
AF	0	0.880700	43	31	12	0	0	0	0
AF	0	0.881012	39	28	11	0	0	0	0
AF	0	0.881324	67	45	22	0	0	0	0
AF	0	0.881636	60	42	18	0	0	0	0
AF	0	0.881949	60	40	20	0	0	0	0
AF	0	0.882261	39	26	13	0	0	0	0
AF	0	0.882573	46	29	17	0	0	0	0
AF	0	0.882886	39	28	11	0	0	0	0
AF	0	0.883198	54	31	23	0	0	0	0
AF	0	0.883510	64	39	25	0	0	0	0
AF	0	0.883823	54	36	18	0	0	0	0
AF	0	0.884135	59	41	18	0	0	0	0
AF	0	0.884447	34	23	11	0	0	0	0
AF	0	0.884760	41	28	13	0	0	0	0
AF	0	0.885072	35	25	10	0	0	0	0
AF	0	0.885384	34	17	17	0	0	0	0
AF	0	0.885696	53	31	22	0	0	0	0
AF	0	0.886009	49	39	10	0	0	0	0
AF	0	0.886321	44	33	11	0	0	0	0
AF	0	0.886633	54	37	17	0	0	0	0
AF	0	0.886946	53	35	18	0	0	0	0
AF	0	0.887258	36	28	8	0	0	0	0
AF	0	0.887570	32	25	7	0	0	0	0
AF	0	0.887883	37	26	11	0	0	0	0
AF	0	0.888195	33	19	14	0	0	0	0
AF	0	0.888507	45	30	15	0	0	0	0
AF	0	0.888819	57	41	16	0	0	0	0
AF	0	0.889132	52	36	16	0	0	0	0
AF	0	0.889444	32	22	10	0	0	0	0
AF	0	0.889756	34	19	15	0	0	0	0
AF	0	0.890069	41	31	10	0	0	0	0
AF	0	0.890381	31	20	11	0	0	0	0
AF	0	0.890693	52	32	20	0	0	0	0
AF	0	0.891006	30	24	6	0	0	0	0
AF	0	0.891318	38	22	16	0	0	0	0
AF	0	0.891630	36	25	11	0	0	0	0
AF	0	0.891943	30	16	14	0	0	0	0
AF	0	0.892255	34	23	11	0	0	0	0
AF	0	0.892567	39	27	12	0	0	0	0
AF	0	0.892879	40	32	8	0	0	0	0
AF	0	0.893192	53	35	18	0	0	0	0
AF	0	0.893504	37	26	11	0	0	0	0
AF	0	0.893816	37	22	15	0	0	0	0
AF	0	0.894129	46	35	11	0	0	0	0
AF	0	0.894441	30	17	13	0	0	0	0
AF	0	0.894753	30	18	12	0	0	0	0
AF	0	0.895066	35	22	13	0	0	0	0
AF	0	0.895378	39	29	10	0	0	0	0
AF	0	0.895690	34	30	4	0	0	0	0
AF	0	0.896002	27	17	10	0	0	0	0
AF	0	0.896315	29	21	8	0	0	0	0
AF	0	0.896627	30	19	11	0	0	0	0
AF	0	0.896939	45	33	12	0	0	0	0
AF	0	0.897252	20	9	11	0	0	0	0
AF	0	0.897564	22	14	8	0	0	0	0
AF	0	0.897876	32	20	12	0	0	0	0
AF	0	0.898189	43	27	16	0	0	0	0
AF	0	0.898501	47	31	16	0	0	0	0
AF	0	0.898813	36	20	16	0	0	0	0
AF	0	0.899126	30	17	13	0	0	0	0
AF	0	0.899438	23	13	10	0	0	0	0
AF	0	0.899750	27	19	8	0	0	0	0
AF	0	0.900062	32	24	8	0	0	0	0
AF	0	0.900375	45	35	10	0	0	0	0
AF	0	0.900687	37	24	13	0	0	0	0
AF	0	0.900999	63	45	18	0	0	0	0
AF	0	0.901312	41	25	16	0	0	0	0
AF	0	0.901624	46	30	16	0	0	0	0
AF	0	0.901936	43	25	18	0	0	0	0
AF	0	0.902249	51	33	18	0	0	0	0
AF	0	0.902561	29	15	14	0	0	0	0
AF	0	0.902873	40	25	15	0	0	0	0
AF	0	0.903186	40	20	20	0	0	0	0
AF	0	0.903498	44	26	18	0	0	0	0
AF	0	0.903810	33	27	6	0	0	0	0
AF	0	0.904122	41	31	10	0	0	0	0
AF	0	0.904435	40	28	12	0	0	0	0
AF	0	0.904747	43	36	7	0	0	0	0
AF	0	0.905059	46	30	16	0	0	0	0
AF	0	0.905372	61	38	23	0	0	0	0
AF	0	0.905684	45	31	14	0	0	0	0
AF	0	0.905996	43	28	15	0	0	0	0
AF	0	0.906309	27	14	13	0	0	0	0
AF	0	0.906621	27	20	7	0	0	0	0
AF	0	0.906933	31	23	8	0	0	0	0
AF	0	0.907245	17	8	9	0	0	0	0
AF	0	0.907558	39	20	19	0	0	0	0
AF	0	0.907870	40	27	13	0	0	0	0
AF	0	0.908182	31	22	9	0	0	0	0
AF	0	0.908495	46	29	17	0	0	0	0
AF	0	0.908807	35	25	10	0	0	0	0
AF	0	0.909119	46	34	12	0	0	0	0
AF	0	0.909432	51	41	10	0	0	0	0
AF	0	0.909744	65	48	17	0	0	0	0
AF	0	0.910056	54	39	15	0	0	0	0
AF	0	0.910369	87	59	28	0	0	0	0
AF	0	0.910681	46	31	15	0	0	0	0
AF	0	0.910993	29	20	9	0	0	0	0
AF	0	0.911305	43	27	16	0	0	0	0
AF	0	0.911618	43	27	16	0	0	0	0
AF	0	0.911930	45	30	15	0	0	0	0
AF	0	0.912242	48	29	19	0	0	0	0
AF	0	0.912555	80	46	34	0	0	0	0
AF	0	0.912867	36	27	9	0	0	0	0
AF	0	0.913179	35	23	12	0	0	0	0
AF	0	0.913492	39	24	15	0	0	0	0
AF	0	0.913804	55	41	14	0	0	0	0
AF	0	0.914116	55	39	16	0	0	0	0
AF	0	0.914428	38	28	10	0	0	0	0
AF	0	0.914741	31	21	10	0	0	0	0
AF	0	0.915053	27	21	6	0	0	0	0
AF	0	0.915365	39	28	11	0	0	0	0
AF	0	0.915678	32	21	11	0	0	0	0
AF	0	0.915990	32	26	6	0	0	0	0
AF	0	0.916302	52	33	19	0	0	0	0
AF	0	0.916615	36	30	6	0	0	0	0
AF	0	0.916927	56	38	18	0	0	0	0
AF	0	0.917239	47	32	15	0	0	0	0
AF	0	0.917552	78	55	23	0	0	0	0
AF	0	0.917864	33	23	10	0	0	0	0
AF	0	0.918176	46	31	15	0	0	0	0
AF	0	0.918488	47	34	13	0	0	0	0
AF	0	0.918801	47	35	12	0	0	0	0
AF	0	0.919113	31	23	8	0	0	0	0
AF	0	0.919425	33	23	10	0	0	0	0
AF	0	0.919738	30	24	6	0	0	0	0
AF	0	0.920050	37	25	12	0	0	0	0
AF	0	0.920362	47	29	18	0	0	0	0
AF	0	0.920675	37	27	10	0	0	0	0
AF	0	0.920987	49	34	15	0	0	0	0
AF	0	0.921299	60	48	12	0	0	0	0
AF	0	0.921611	47	29	18	0	0	0	0
AF	0	0.921924	58	39	19	0	0	0	0
AF	0	0.922236	39	27	12	0	0	0	0
AF	0	0.922548	46	23	23	0	0	0	0
AF	0	0.922861	25	15	10	0	0	0	0
AF	0	0.923173	55	35	20	0	0	0	0
AF	0	0.923485	31	23	8	0	0	0	0
AF	0	0.923798	38	26	12	0	0	0	0
AF	0	0.924110	37	27	10	0	0	0	0
AF	0	0.924422	39	24	15	0	0	0	0
AF	0	0.924735	33	21	12	0	0	0	0
AF	0	0.925047	52	37	15	0	0	0	0
AF	0	0.925359	49	25	24	0	0	0	0
AF	0	0.925671	46	36	10	0	0	0	0
AF	0	0.925984	31	19	12	0	0	0	0
AF	0	0.926296	35	29	6	0	0	0	0
AF	0	0.926608	27	20	7	0	0	0	0
AF	0	0.926921	58	47	11	0	0	0	0
AF	0	0.927233	57	43	14	0	0	0	0
AF	0	0.927545	40	30	10	0	0	0	0
AF	0	0.927858	41	25	16	0	0	0	0
AF	0	0.928170	63	41	22	0	0	0	0
AF	0	0.928482	73	53	20	0	0	0	0
AF	0	0.928795	80	49	31	0	0	0	0
AF	0	0.929107	48	34	14	0	0	0	0
AF	0	0.929419	52	28	24	0	0	0	0
AF	0	0.929731	61	43	18	0	0	0	0
AF	0	0.930044	35	22	13	0	0	0	0
AF	0	0.930356	41	26	15	0	0	0	0
AF	0	0.930668	52	34	18	0	0	0	0
AF	0	0.930981	70	45	25	0	0	0	0
AF	0	0.931293	81	61	20	0	0	0	0
AF	0	0.931605	71	49	22	0	0	0	0
AF	0	0.931918	75	42	33	0	0	0	0
AF	0	0.932230	49	30	19	0	0	0	0
AF	0	0.932542	103	67	36	0	0	0	0
AF	0	0.932854	88	56	32	0	0	0	0
AF	0	0.933167	40	22	18	0	0	0	0
AF	0	0.933479	44	33	11	0	0	0	0
AF	0	0.933791	91	57	34	0	0	0	0
AF	0	0.934104	101	78	23	0	0	0	0
AF	0	0.934416	42	29	13	0	0	0	0
AF	0	0.934728	64	41	23	0	0	0	0
AF	0	0.935041	41	31	10	0	0	0	0
AF	0	0.935353	36	24	12	0	0	0	0
AF	0	0.935665	47	31	16	0	0	0	0
AF	0	0.935978	57	33	24	0	0	0	0
AF	0	0.936290	42	30	12	0	0	0	0
AF	0	0.936602	36	28	8	0	0	0	0
AF	0	0.936914	38	24	14	0	0	0	0
AF	0	0.937227	47	31	16	0	0	0	0
AF	0	0.937539	39	25	14	0	0	0	0
AF	0	0.937851	47	31	16	0	0	0	0
AF	0	0.938164	58	38	20	0	0	0	0
AF	0	0.938476	44	36	8	0	0	0	0
AF	0	0.938788	23	16	7	0	0	0	0
AF	0	0.939101	44	32	12	0	0	0	0
AF	0	0.939413	29	25	4	0	0	0	0
AF	0	0.939725	31	22	9	0	0	0	0
AF	0	0.940037	26	14	12	0	0	0	0
AF	0	0.940350	27	19	8	0	0	0	0
AF	0	0.940662	45	27	18	0	0	0	0
AF	0	0.940974	40	26	14	0	0	0	0
AF	0	0.941287	32	16	16	0	0	0	0
AF	0	0.941599	32	21	11	0	0	0	0
AF	0	0.941911	31	20	11	0	0	0	0
AF	0	0.942224	31	24	7	0	0	0	0
AF	0	0.942536	58	40	18	0	0	0	0
AF	0	0.942848	23	21	2	0	0	0	0
AF	0	0.943161	32	23	9	0	0	0	0
AF	0	0.943473	29	19	10	0	0	0	0
AF	0	0.943785	38	29	9	0	0	0	0
AF	0	0.944097	30	18	12	0	0	0	0
AF	0	0.944410	46	29	17	0	0	0	0
AF	0	0.944722	38	31	7	0	0	0	0
AF	0	0.945034	39	26	13	0	0	0	0
AF	0	0.945347	30	24	6	0	0	0	0
AF	0	0.945659	36	24	12	0	0	0	0
AF	0	0.945971	43	32	11	0	0	0	0
AF	0	0.946284	49	33	16	0	0	0	0
AF	0	0.946596	32	24	8	0	0	0	0
AF	0	0.946908	40	25	15	0	0	0	0
AF	0	0.947220	25	18	7	0	0	0	0
AF	0	0.947533	29	19	10	0	0	0	0
AF	0	0.947845	41	28	13	0	0	0	0
AF	0	0.948157	40	26	14	0	0	0	0
AF	0	0.948470	27	17	10	0	0	0	0
AF	0	0.948782	24	19	5	0	0	0	0
AF	0	0.949094	36	27	9	0	0	0	0
AF	0	0.949407	26	21	5	0	0	0	0
AF	0	0.949719	29	20	9	0	0	0	0
AF	0	0.950031	39	30	9	0	0	0	0
AF	0	0.950344	31	22	9	0	0	0	0
AF	0	0.950656	24	13	11	0	0	0	0
AF	0	0.950968	50	36	14	0	0	0	0
AF	0	0.951280	35	19	16	0	0	0	0
AF	0	0.951593	42	30	12	0	0	0	0
AF	0	0.951905	39	29	10	0	0	0	0
AF	0	0.952217	48	33	15	0	0	0	0
AF	0	0.952530	43	28	15	0	0	0	0
AF	0	0.952842	28	20	8	0	0	0	0
AF	0	0.953154	29	19	10	0	0	0	0
AF	0	0.953467	43	26	17	0	0	0	0
AF	0	0.953779	51	33	18	0	0	0	0
AF	0	0.954091	56	38	18	0	0	0	0
AF	0	0.954403	33	25	8	0	0	0	0
AF	0	0.954716	59	44	15	0	0	0	0
AF	0	0.955028	26	13	13	0	0	0	0
AF	0	0.955340	37	26	11	0	0	0	0
AF	0	0.955653	19	11	8	0	0	0	0
AF	0	0.955965	49	40	9	0	0	0	0
AF	0	0.956277	70	50	20	0	0	0	0
AF	0	0.956590	42	31	11	0	0	0	0
AF	0	0.956902	41	26	15	0	0	0	0
AF	0	0.957214	44	28	16	0	0	0	0
AF	0	0.957527	50	37	13	0	0	0	0
AF	0	0.957839	51	32	19	0	0	0	0
AF	0	0.958151	58	44	14	0	0	0	0
AF	0	0.958463	52	34	18	0	0	0	0
AF	0	0.958776	92	64	28	0	0	0	0
AF	0	0.959088	41	24	17	0	0	0	0
AF	0	0.959400	38	26	12	0	0	0	0
AF	0	0.959713	49	37	12	0	0	0	0
AF	0	0.960025	57	41	16	0	0	0	0
AF	0	0.960337	32	23	9	0	0	0	0
AF	0	0.960650	55	43	12	0	0	0	0
AF	0	0.960962	43	32	11	0	0	0	0
AF	0	0.961274	48	32	16	0	0	0	0
AF	0	0.961587	80	58	22	0	0	0	0
AF	0	0.961899	42	28	14	0	0	0	0
AF	0	0.962211	54	37	17	0	0	0	0
AF	0	0.962523	54	35	19	0	0	0	0
AF	0	0.962836	45	26	19	0	0	0	0
AF	0	0.963148	140	83	57	0	0	0	0
AF	0	0.963460	74	53	21	0	0	0	0
AF	0	0.963773	51	35	16	0	0	0	0
AF	0	0.964085	49	33	16	0	0	0	0
AF	0	0.964397	71	54	17	0	0	0	0
AF	0	0.964710	53	35	18	0	0	0	0
AF	0	0.965022	58	38	20	0	0	0	0
AF	0	0.965334	51	34	17	0	0	0	0
AF	0	0.965646	36	22	14	0	0	0	0
AF	0	0.965959	51	38	13	0	0	0	0
AF	0	0.966271	33	24	9	0	0	0	0
AF	0	0.966583	44	30	14	0	0	0	0
AF	0	0.966896	44	31	13	0	0	0	0
AF	0	0.967208	37	25	12	0	0	0	0
AF	0	0.967520	42	26	16	0	0	0	0
AF	0	0.967833	67	46	21	0	0	0	0
AF	0	0.968145	50	32	18	0	0	0	0
AF	0	0.968457	46	32	14	0	0	0	0
AF	0	0.968770	48	35	13	0	0	0	0
AF	0	0.969082	44	34	10	0	0	0	0
AF	0	0.969394	49	32	17	0	0	0	0
AF	0	0.969706	29	21	8	0	0	0	0
AF	0	0.970019	60	37	23	0	0	0	0
AF	0	0.970331	43	29	14	0	0	0	0
AF	0	0.970643	54	35	19	0	0	0	0
AF	0	0.970956	36	29	7	0	0	0	0
AF	0	0.971268	45	32	13	0	0	0	0
AF	0	0.971580	50	30	20	0	0	0	0
AF	0	0.971893	40	26	14	0	0	0	0
AF	0	0.972205	42	31	11	0	0	0	0
AF	0	0.972517	54	33	21	0	0	0	0
AF	0	0.972829	36	26	10	0	0	0	0
AF	0	0.973142	47	34	13	0	0	0	0
AF	0	0.973454	80	50	30	0	0	0	0
AF	0	0.973766	74	46	28	0	0	0	0
AF	0	0.974079	76	54	22	0	0	0	0
AF	0	0.974391	75	54	21	0	0	0	0
AF	0	0.974703	80	56	24	0	0	0	0
AF	0	0.975016	47	33	14	0	0	0	0
AF	0	0.975328	46	26	20	0	0	0	0
AF	0	0.975640	64	46	18	0	0	0	0
AF	0	0.975953	75	54	21	0	0	0	0
AF	0	0.976265	83	63	20	0	0	0	0
AF	0	0.976577	75	50	25	0	0	0	0
AF	0	0.976889	76	61	15	0	0	0	0
AF	0	0.977202	52	38	14	0	0	0	0
AF	0	0.977514	49	38	11	0	0	0	0
AF	0	0.977826	55	35	20	0	0	0	0
AF	0	0.978139	52	34	18	0	0	0	0
AF	0	0.978451	48	37	11	0	0	0	0
AF	0	0.978763	50	34	16	0	0	0	0
AF	0	0.979076	57	35	22	0	0	0	0
AF	0	0.979388	72	51	21	0	0	0	0
AF	0	0.979700	66	49	17	0	0	0	0
AF	0	0.980012	56	35	21	0	0	0	0
AF	0	0.980325	50	36	14	0	0	0	0
AF	0	0.980637	72	51	21	0	0	0	0
AF	0	0.980949	65	41	24	0	0	0	0
AF	0	0.981262	91	64	27	0	0	0	0
AF	0	0.981574	83	58	25	0	0	0	0
AF	0	0.981886	70	46	24	0	0	0	0
AF	0	0.982199	69	46	23	0	0	0	0
AF	0	0.982511	64	48	16	0	0	0	0
AF	0	0.982823	74	54	20	0	0	0	0
AF	0	0.983136	58	40	18	0	0	0	0
AF	0	0.983448	88	58	30	0	0	0	0
AF	0	0.983760	85	53	32	0	0	0	0
AF	0	0.984072	82	51	31	0	0	0	0
AF	0	0.984385	83	54	29	0	0	0	0
AF	0	0.984697	79	55	24	0	0	0	0
AF	0	0.985009	102	71	31	0	0	0	0
AF	0	0.985322	90	63	27	0	0	0	0
AF	0	0.985634	119	91	28	0	0	0	0
AF	0	0.985946	126	82	44	0	0	0	0
AF	0	0.986259	74	52	22	0	0	0	0
AF	0	0.986571	91	63	28	0	0	0	0
AF	0	0.986883	101	71	30	0	0	0	0
AF	0	0.987196	92	70	22	0	0	0	0
AF	0	0.987508	78	58	20	0	0	0	0
AF	0	0.987820	68	46	22	0	0	0	0
AF	0	0.988132	80	59	21	0	0	0	0
AF	0	0.988445	99	72	27	0	0	0	0
AF	0	0.988757	108	68	40	0	0	0	0
AF	0	0.989069	100	73	27	0	0	0	0
AF	0	0.989382	82	59	23	0	0	0	0
AF	0	0.989694	76	55	21	0	0	0	0
AF	0	0.990006	102	66	36	0	0	0	0
AF	0	0.990319	114	76	38	0	0	0	0
AF	0	0.990631	106	74	32	0	0	0	0
AF	0	0.990943	97	70	27	0	0	0	0
AF	0	0.991255	139	88	51	0	0	0	0
AF	0	0.991568	78	56	22	0	0	0	0
AF	0	0.991880	118	85	33	0	0	0	0
AF	0	0.992192	121	86	35	0	0	0	0
AF	0	0.992505	137	97	40	0	0	0	0
AF	0	0.992817	114	86	28	0	0	0	0
AF	0	0.993129	90	62	28	0	0	0	0
AF	0	0.993442	109	73	36	0	0	0	0
AF	0	0.993754	104	67	37	0	0	0	0
AF	0	0.994066	119	78	41	0	0	0	0
AF	0	0.994379	121	81	40	0	0	0	0
AF	0	0.994691	102	71	31	0	0	0	0
AF	0	0.995003	108	83	25	0	0	0	0
AF	0	0.995315	120	76	44	0	0	0	0
AF	0	0.995628	114	72	42	0	0	0	0
AF	0	0.995940	95	70	25	0	0	0	0
AF	0	0.996252	93	71	22	0	0	0	0
AF	0	0.996565	132	95	37	0	0	0	0
AF	0	0.996877	170	121	49	0	0	0	0
AF	0	0.997189	183	130	53	0	0	0	0
AF	0	0.997502	151	98	53	0	0	0	0
AF	0	0.997814	131	96	35	0	0	0	0
AF	0	0.998126	167	111	56	0	0	0	0
AF	0	0.998438	126	91	35	0	0	0	0
AF	0	0.998751	162	122	40	0	0	0	0
AF	0	0.999063	164	109	55	0	0	0	0
AF	0	0.999375	132	85	47	0	0	0	0
# QUAL, Stats by quality
# QUAL	[2]id	[3]Quality	[4]number of SNPs	[5]number of transitions (1st ALT)	[6]number of transversions (1st ALT)	[7]number of indels
QUAL	0	.	1832820	1250718	582102	0
# IDD, InDel distribution:
# IDD	[2]id	[3]length (deletions negative)	[4]number of sites	[5]number of genotypes	[6]mean VAF
# ST, Substitution types:
# ST	[2]id	[3]type	[4]count
ST	0	A>C	66155
ST	0	A>G	244543
ST	0	A>T	62926
ST	0	C>A	87136
ST	0	C>G	76602
ST	0	C>T	378245
ST	0	G>A	381536
ST	0	G>C	76618
ST	0	G>T	83264
ST	0	T>A	64610
ST	0	T>C	246394
ST	0	T>G	64791
# DP, depth:
#   - set id, see above
#   - the depth bin, corresponds to the depth (unless --depth was given)
#   - number of genotypes with this depth (zero unless -s/-S was given)
#   - fraction of genotypes with this depth (zero unless -s/-S was given)
#   - number of sites with this depth
#   - fraction of sites with this depth
# DP, Depth distribution
# DP	[2]id	[3]bin	[4]number of genotypes	[5]fraction of genotypes (%)	[6]number of sites	[7]fraction of sites (%)
