# This file was produced by bcftools stats (1.21+htslib-1.21) and can be plotted using plot-vcfstats.
# The command line was:	bcftools stats  /project/cphg-millerlab/software/MonopogenLite/resources/1kGP_high_coverage_Illumina.SNVonly_poly.filtered_AF_5e-04.norm.fixvariantid.chr6.vcf.gz
#
# Definition of sets:
# ID	[2]id	[3]tab-separated file names
ID	0	/project/cphg-millerlab/software/MonopogenLite/resources/1kGP_high_coverage_Illumina.SNVonly_poly.filtered_AF_5e-04.norm.fixvariantid.chr6.vcf.gz
# SN, Summary numbers:
#   number of records   .. number of data rows in the VCF
#   number of no-ALTs   .. reference-only sites, ALT is either "." or identical to REF
#   number of SNPs      .. number of rows with a SNP
#   number of MNPs      .. number of rows with a MNP, such as CC>TT
#   number of indels    .. number of rows with an indel
#   number of others    .. number of rows with other type, for example a symbolic allele or
#                          a complex substitution, such as ACT>TCGA
#   number of multiallelic sites     .. number of rows with multiple alternate alleles
#   number of multiallelic SNP sites .. number of rows with multiple alternate alleles, all SNPs
# 
#   Note that rows containing multiple types will be counted multiple times, in each
#   counter. For example, a row with a SNP and an indel increments both the SNP and
#   the indel counter.
# 
# SN	[2]id	[3]key	[4]value
SN	0	number of samples:	3202
SN	0	number of records:	2269802
SN	0	number of no-ALTs:	0
SN	0	number of SNPs:	2269802
SN	0	number of MNPs:	0
SN	0	number of indels:	0
SN	0	number of others:	0
SN	0	number of multiallelic sites:	0
SN	0	number of multiallelic SNP sites:	0
# TSTV, transitions/transversions
#   - transitions, see https://en.wikipedia.org/wiki/Transition_(genetics)
#   - transversions, see https://en.wikipedia.org/wiki/Transversion
# TSTV	[2]id	[3]ts	[4]tv	[5]ts/tv	[6]ts (1st ALT)	[7]tv (1st ALT)	[8]ts/tv (1st ALT)
TSTV	0	1547673	722129	2.14	1547673	722129	2.14
# SiS, Singleton stats:
#   - allele count, i.e. the number of singleton genotypes (AC=1)
#   - number of transitions, see above
#   - number of transversions, see above
#   - repeat-consistent, inconsistent and n/a: experimental and useless stats [DEPRECATED]
# SiS	[2]id	[3]allele count	[4]number of SNPs	[5]number of transitions	[6]number of transversions	[7]number of indels	[8]repeat-consistent	[9]repeat-inconsistent	[10]not applicable
SiS	0	1	0	0	0	0	0	0	0
# AF, Stats by non-reference allele frequency:
# AF	[2]id	[3]allele frequency	[4]number of SNPs	[5]number of transitions	[6]number of transversions	[7]number of indels	[8]repeat-consistent	[9]repeat-inconsistent	[10]not applicable
AF	0	0.000312	224863	154725	70138	0	0	0	0
AF	0	0.000625	259061	177812	81249	0	0	0	0
AF	0	0.000937	159556	109381	50175	0	0	0	0
AF	0	0.001249	112830	77185	35645	0	0	0	0
AF	0	0.001562	85599	58840	26759	0	0	0	0
AF	0	0.001874	68424	46880	21544	0	0	0	0
AF	0	0.002186	57095	39186	17909	0	0	0	0
AF	0	0.002498	47929	32880	15049	0	0	0	0
AF	0	0.002811	42219	28730	13489	0	0	0	0
AF	0	0.003123	37071	25169	11902	0	0	0	0
AF	0	0.003435	33492	22891	10601	0	0	0	0
AF	0	0.003748	29862	20357	9505	0	0	0	0
AF	0	0.004060	27510	18514	8996	0	0	0	0
AF	0	0.004372	24620	16876	7744	0	0	0	0
AF	0	0.004685	22724	15362	7362	0	0	0	0
AF	0	0.004997	21384	14427	6957	0	0	0	0
AF	0	0.005309	19368	13125	6243	0	0	0	0
AF	0	0.005621	17941	12158	5783	0	0	0	0
AF	0	0.005934	17163	11593	5570	0	0	0	0
AF	0	0.006246	15560	10631	4929	0	0	0	0
AF	0	0.006558	14991	10142	4849	0	0	0	0
AF	0	0.006871	14289	9707	4582	0	0	0	0
AF	0	0.007183	13126	8868	4258	0	0	0	0
AF	0	0.007495	12819	8743	4076	0	0	0	0
AF	0	0.007808	11841	8059	3782	0	0	0	0
AF	0	0.008120	11060	7346	3714	0	0	0	0
AF	0	0.008432	10789	7328	3461	0	0	0	0
AF	0	0.008745	10391	7052	3339	0	0	0	0
AF	0	0.009057	10045	6724	3321	0	0	0	0
AF	0	0.009369	9586	6407	3179	0	0	0	0
AF	0	0.009681	9012	6134	2878	0	0	0	0
AF	0	0.009994	8906	6026	2880	0	0	0	0
AF	0	0.010306	8519	5744	2775	0	0	0	0
AF	0	0.010618	7991	5400	2591	0	0	0	0
AF	0	0.010931	7918	5315	2603	0	0	0	0
AF	0	0.011243	7942	5421	2521	0	0	0	0
AF	0	0.011555	7254	4917	2337	0	0	0	0
AF	0	0.011868	7026	4719	2307	0	0	0	0
AF	0	0.012180	6699	4536	2163	0	0	0	0
AF	0	0.012492	6983	4744	2239	0	0	0	0
AF	0	0.012804	6454	4390	2064	0	0	0	0
AF	0	0.013117	5937	4052	1885	0	0	0	0
AF	0	0.013429	5781	3871	1910	0	0	0	0
AF	0	0.013741	5495	3673	1822	0	0	0	0
AF	0	0.014054	5624	3829	1795	0	0	0	0
AF	0	0.014366	5723	3862	1861	0	0	0	0
AF	0	0.014678	5190	3480	1710	0	0	0	0
AF	0	0.014991	5474	3694	1780	0	0	0	0
AF	0	0.015303	5248	3520	1728	0	0	0	0
AF	0	0.015615	4962	3370	1592	0	0	0	0
AF	0	0.015928	4743	3199	1544	0	0	0	0
AF	0	0.016240	4527	3107	1420	0	0	0	0
AF	0	0.016552	4350	2952	1398	0	0	0	0
AF	0	0.016864	4080	2831	1249	0	0	0	0
AF	0	0.017177	3924	2687	1237	0	0	0	0
AF	0	0.017489	3876	2619	1257	0	0	0	0
AF	0	0.017801	4013	2727	1286	0	0	0	0
AF	0	0.018114	3789	2604	1185	0	0	0	0
AF	0	0.018426	3678	2479	1199	0	0	0	0
AF	0	0.018738	3809	2636	1173	0	0	0	0
AF	0	0.019051	3561	2413	1148	0	0	0	0
AF	0	0.019363	3528	2447	1081	0	0	0	0
AF	0	0.019675	3299	2251	1048	0	0	0	0
AF	0	0.019988	3371	2300	1071	0	0	0	0
AF	0	0.020300	3441	2338	1103	0	0	0	0
AF	0	0.020612	3349	2320	1029	0	0	0	0
AF	0	0.020924	3077	2074	1003	0	0	0	0
AF	0	0.021237	3120	2064	1056	0	0	0	0
AF	0	0.021549	3039	2032	1007	0	0	0	0
AF	0	0.021861	3090	2135	955	0	0	0	0
AF	0	0.022174	3020	2107	913	0	0	0	0
AF	0	0.022486	2780	1911	869	0	0	0	0
AF	0	0.022798	2762	1902	860	0	0	0	0
AF	0	0.023111	2492	1656	836	0	0	0	0
AF	0	0.023423	2574	1747	827	0	0	0	0
AF	0	0.023735	2402	1633	769	0	0	0	0
AF	0	0.024047	2511	1675	836	0	0	0	0
AF	0	0.024360	2586	1757	829	0	0	0	0
AF	0	0.024672	2343	1624	719	0	0	0	0
AF	0	0.024984	2714	1819	895	0	0	0	0
AF	0	0.025297	2523	1742	781	0	0	0	0
AF	0	0.025609	2637	1794	843	0	0	0	0
AF	0	0.025921	2335	1571	764	0	0	0	0
AF	0	0.026234	2432	1639	793	0	0	0	0
AF	0	0.026546	2104	1444	660	0	0	0	0
AF	0	0.026858	2300	1509	791	0	0	0	0
AF	0	0.027171	2103	1433	670	0	0	0	0
AF	0	0.027483	2346	1619	727	0	0	0	0
AF	0	0.027795	2270	1539	731	0	0	0	0
AF	0	0.028107	2080	1428	652	0	0	0	0
AF	0	0.028420	2106	1440	666	0	0	0	0
AF	0	0.028732	2114	1392	722	0	0	0	0
AF	0	0.029044	2048	1394	654	0	0	0	0
AF	0	0.029357	2171	1481	690	0	0	0	0
AF	0	0.029669	2078	1407	671	0	0	0	0
AF	0	0.029981	1788	1214	574	0	0	0	0
AF	0	0.030294	1786	1239	547	0	0	0	0
AF	0	0.030606	1933	1320	613	0	0	0	0
AF	0	0.030918	1932	1311	621	0	0	0	0
AF	0	0.031230	1695	1148	547	0	0	0	0
AF	0	0.031543	1646	1138	508	0	0	0	0
AF	0	0.031855	1668	1147	521	0	0	0	0
AF	0	0.032167	1748	1179	569	0	0	0	0
AF	0	0.032480	1617	1113	504	0	0	0	0
AF	0	0.032792	1728	1194	534	0	0	0	0
AF	0	0.033104	1564	1057	507	0	0	0	0
AF	0	0.033417	1611	1068	543	0	0	0	0
AF	0	0.033729	1795	1200	595	0	0	0	0
AF	0	0.034041	1810	1248	562	0	0	0	0
AF	0	0.034354	1645	1136	509	0	0	0	0
AF	0	0.034666	1690	1118	572	0	0	0	0
AF	0	0.034978	1570	1067	503	0	0	0	0
AF	0	0.035290	1515	988	527	0	0	0	0
AF	0	0.035603	1660	1122	538	0	0	0	0
AF	0	0.035915	1411	977	434	0	0	0	0
AF	0	0.036227	1357	923	434	0	0	0	0
AF	0	0.036540	1340	912	428	0	0	0	0
AF	0	0.036852	1288	896	392	0	0	0	0
AF	0	0.037164	1548	1036	512	0	0	0	0
AF	0	0.037477	1490	1026	464	0	0	0	0
AF	0	0.037789	1278	894	384	0	0	0	0
AF	0	0.038101	1219	826	393	0	0	0	0
AF	0	0.038413	1327	884	443	0	0	0	0
AF	0	0.038726	1158	771	387	0	0	0	0
AF	0	0.039038	1161	809	352	0	0	0	0
AF	0	0.039350	1441	966	475	0	0	0	0
AF	0	0.039663	1205	839	366	0	0	0	0
AF	0	0.039975	1229	848	381	0	0	0	0
AF	0	0.040287	1211	794	417	0	0	0	0
AF	0	0.040600	1133	760	373	0	0	0	0
AF	0	0.040912	1195	809	386	0	0	0	0
AF	0	0.041224	1377	946	431	0	0	0	0
AF	0	0.041537	1216	833	383	0	0	0	0
AF	0	0.041849	1278	848	430	0	0	0	0
AF	0	0.042161	1100	761	339	0	0	0	0
AF	0	0.042473	1170	807	363	0	0	0	0
AF	0	0.042786	1119	750	369	0	0	0	0
AF	0	0.043098	1222	836	386	0	0	0	0
AF	0	0.043410	1263	855	408	0	0	0	0
AF	0	0.043723	1214	842	372	0	0	0	0
AF	0	0.044035	1270	857	413	0	0	0	0
AF	0	0.044347	1053	710	343	0	0	0	0
AF	0	0.044660	1135	788	347	0	0	0	0
AF	0	0.044972	1047	730	317	0	0	0	0
AF	0	0.045284	1001	691	310	0	0	0	0
AF	0	0.045597	1034	688	346	0	0	0	0
AF	0	0.045909	1058	701	357	0	0	0	0
AF	0	0.046221	1029	716	313	0	0	0	0
AF	0	0.046533	1109	733	376	0	0	0	0
AF	0	0.046846	1020	692	328	0	0	0	0
AF	0	0.047158	902	596	306	0	0	0	0
AF	0	0.047470	949	651	298	0	0	0	0
AF	0	0.047783	1010	677	333	0	0	0	0
AF	0	0.048095	1073	675	398	0	0	0	0
AF	0	0.048407	1097	746	351	0	0	0	0
AF	0	0.048720	866	585	281	0	0	0	0
AF	0	0.049032	872	608	264	0	0	0	0
AF	0	0.049344	972	671	301	0	0	0	0
AF	0	0.049656	940	659	281	0	0	0	0
AF	0	0.049969	809	561	248	0	0	0	0
AF	0	0.050281	884	606	278	0	0	0	0
AF	0	0.050593	851	592	259	0	0	0	0
AF	0	0.050906	1028	722	306	0	0	0	0
AF	0	0.051218	936	632	304	0	0	0	0
AF	0	0.051530	934	648	286	0	0	0	0
AF	0	0.051843	851	600	251	0	0	0	0
AF	0	0.052155	904	598	306	0	0	0	0
AF	0	0.052467	886	602	284	0	0	0	0
AF	0	0.052780	826	567	259	0	0	0	0
AF	0	0.053092	750	502	248	0	0	0	0
AF	0	0.053404	886	596	290	0	0	0	0
AF	0	0.053716	887	612	275	0	0	0	0
AF	0	0.054029	939	613	326	0	0	0	0
AF	0	0.054341	819	558	261	0	0	0	0
AF	0	0.054653	867	572	295	0	0	0	0
AF	0	0.054966	877	620	257	0	0	0	0
AF	0	0.055278	799	554	245	0	0	0	0
AF	0	0.055590	790	548	242	0	0	0	0
AF	0	0.055903	964	640	324	0	0	0	0
AF	0	0.056215	818	530	288	0	0	0	0
AF	0	0.056527	753	521	232	0	0	0	0
AF	0	0.056839	947	629	318	0	0	0	0
AF	0	0.057152	900	607	293	0	0	0	0
AF	0	0.057464	883	611	272	0	0	0	0
AF	0	0.057776	916	616	300	0	0	0	0
AF	0	0.058089	758	512	246	0	0	0	0
AF	0	0.058401	917	611	306	0	0	0	0
AF	0	0.058713	797	533	264	0	0	0	0
AF	0	0.059026	900	613	287	0	0	0	0
AF	0	0.059338	805	533	272	0	0	0	0
AF	0	0.059650	751	518	233	0	0	0	0
AF	0	0.059963	660	467	193	0	0	0	0
AF	0	0.060275	691	478	213	0	0	0	0
AF	0	0.060587	845	570	275	0	0	0	0
AF	0	0.060899	723	510	213	0	0	0	0
AF	0	0.061212	707	497	210	0	0	0	0
AF	0	0.061524	678	457	221	0	0	0	0
AF	0	0.061836	790	572	218	0	0	0	0
AF	0	0.062149	661	465	196	0	0	0	0
AF	0	0.062461	696	502	194	0	0	0	0
AF	0	0.062773	688	483	205	0	0	0	0
AF	0	0.063086	704	475	229	0	0	0	0
AF	0	0.063398	754	538	216	0	0	0	0
AF	0	0.063710	631	438	193	0	0	0	0
AF	0	0.064022	646	463	183	0	0	0	0
AF	0	0.064335	650	438	212	0	0	0	0
AF	0	0.064647	661	427	234	0	0	0	0
AF	0	0.064959	666	431	235	0	0	0	0
AF	0	0.065272	717	487	230	0	0	0	0
AF	0	0.065584	731	503	228	0	0	0	0
AF	0	0.065896	764	523	241	0	0	0	0
AF	0	0.066209	806	515	291	0	0	0	0
AF	0	0.066521	613	425	188	0	0	0	0
AF	0	0.066833	686	465	221	0	0	0	0
AF	0	0.067146	663	437	226	0	0	0	0
AF	0	0.067458	623	417	206	0	0	0	0
AF	0	0.067770	707	483	224	0	0	0	0
AF	0	0.068082	670	450	220	0	0	0	0
AF	0	0.068395	639	435	204	0	0	0	0
AF	0	0.068707	617	409	208	0	0	0	0
AF	0	0.069019	694	475	219	0	0	0	0
AF	0	0.069332	728	483	245	0	0	0	0
AF	0	0.069644	671	468	203	0	0	0	0
AF	0	0.069956	640	449	191	0	0	0	0
AF	0	0.070269	675	472	203	0	0	0	0
AF	0	0.070581	643	423	220	0	0	0	0
AF	0	0.070893	728	476	252	0	0	0	0
AF	0	0.071205	706	486	220	0	0	0	0
AF	0	0.071518	588	390	198	0	0	0	0
AF	0	0.071830	628	429	199	0	0	0	0
AF	0	0.072142	597	397	200	0	0	0	0
AF	0	0.072455	597	415	182	0	0	0	0
AF	0	0.072767	606	418	188	0	0	0	0
AF	0	0.073079	603	415	188	0	0	0	0
AF	0	0.073392	603	400	203	0	0	0	0
AF	0	0.073704	705	479	226	0	0	0	0
AF	0	0.074016	632	404	228	0	0	0	0
AF	0	0.074329	694	473	221	0	0	0	0
AF	0	0.074641	704	464	240	0	0	0	0
AF	0	0.074953	590	419	171	0	0	0	0
AF	0	0.075265	509	338	171	0	0	0	0
AF	0	0.075578	554	368	186	0	0	0	0
AF	0	0.075890	498	333	165	0	0	0	0
AF	0	0.076202	481	325	156	0	0	0	0
AF	0	0.076515	583	381	202	0	0	0	0
AF	0	0.076827	491	330	161	0	0	0	0
AF	0	0.077139	509	346	163	0	0	0	0
AF	0	0.077452	596	415	181	0	0	0	0
AF	0	0.077764	572	385	187	0	0	0	0
AF	0	0.078076	600	418	182	0	0	0	0
AF	0	0.078389	511	354	157	0	0	0	0
AF	0	0.078701	582	389	193	0	0	0	0
AF	0	0.079013	585	391	194	0	0	0	0
AF	0	0.079325	516	353	163	0	0	0	0
AF	0	0.079638	531	369	162	0	0	0	0
AF	0	0.079950	493	332	161	0	0	0	0
AF	0	0.080262	576	388	188	0	0	0	0
AF	0	0.080575	603	415	188	0	0	0	0
AF	0	0.080887	600	417	183	0	0	0	0
AF	0	0.081199	521	337	184	0	0	0	0
AF	0	0.081512	522	356	166	0	0	0	0
AF	0	0.081824	478	324	154	0	0	0	0
AF	0	0.082136	513	331	182	0	0	0	0
AF	0	0.082448	522	360	162	0	0	0	0
AF	0	0.082761	431	304	127	0	0	0	0
AF	0	0.083073	538	360	178	0	0	0	0
AF	0	0.083385	516	345	171	0	0	0	0
AF	0	0.083698	466	314	152	0	0	0	0
AF	0	0.084010	468	313	155	0	0	0	0
AF	0	0.084322	689	464	225	0	0	0	0
AF	0	0.084635	612	392	220	0	0	0	0
AF	0	0.084947	626	414	212	0	0	0	0
AF	0	0.085259	571	389	182	0	0	0	0
AF	0	0.085572	449	313	136	0	0	0	0
AF	0	0.085884	461	311	150	0	0	0	0
AF	0	0.086196	494	343	151	0	0	0	0
AF	0	0.086508	530	346	184	0	0	0	0
AF	0	0.086821	501	346	155	0	0	0	0
AF	0	0.087133	501	321	180	0	0	0	0
AF	0	0.087445	510	333	177	0	0	0	0
AF	0	0.087758	550	379	171	0	0	0	0
AF	0	0.088070	518	348	170	0	0	0	0
AF	0	0.088382	631	410	221	0	0	0	0
AF	0	0.088695	515	361	154	0	0	0	0
AF	0	0.089007	598	407	191	0	0	0	0
AF	0	0.089319	554	365	189	0	0	0	0
AF	0	0.089631	503	316	187	0	0	0	0
AF	0	0.089944	422	295	127	0	0	0	0
AF	0	0.090256	517	347	170	0	0	0	0
AF	0	0.090568	494	333	161	0	0	0	0
AF	0	0.090881	677	461	216	0	0	0	0
AF	0	0.091193	497	339	158	0	0	0	0
AF	0	0.091505	537	360	177	0	0	0	0
AF	0	0.091818	516	340	176	0	0	0	0
AF	0	0.092130	562	376	186	0	0	0	0
AF	0	0.092442	550	393	157	0	0	0	0
AF	0	0.092755	545	366	179	0	0	0	0
AF	0	0.093067	494	327	167	0	0	0	0
AF	0	0.093379	539	358	181	0	0	0	0
AF	0	0.093691	456	311	145	0	0	0	0
AF	0	0.094004	428	284	144	0	0	0	0
AF	0	0.094316	505	332	173	0	0	0	0
AF	0	0.094628	455	311	144	0	0	0	0
AF	0	0.094941	456	305	151	0	0	0	0
AF	0	0.095253	419	275	144	0	0	0	0
AF	0	0.095565	427	295	132	0	0	0	0
AF	0	0.095878	476	327	149	0	0	0	0
AF	0	0.096190	470	299	171	0	0	0	0
AF	0	0.096502	518	331	187	0	0	0	0
AF	0	0.096814	454	322	132	0	0	0	0
AF	0	0.097127	424	277	147	0	0	0	0
AF	0	0.097439	448	307	141	0	0	0	0
AF	0	0.097751	456	296	160	0	0	0	0
AF	0	0.098064	484	324	160	0	0	0	0
AF	0	0.098376	461	314	147	0	0	0	0
AF	0	0.098688	454	308	146	0	0	0	0
AF	0	0.099001	447	282	165	0	0	0	0
AF	0	0.099313	473	336	137	0	0	0	0
AF	0	0.099625	470	329	141	0	0	0	0
AF	0	0.099938	484	327	157	0	0	0	0
AF	0	0.100250	468	309	159	0	0	0	0
AF	0	0.100562	463	295	168	0	0	0	0
AF	0	0.100874	511	338	173	0	0	0	0
AF	0	0.101187	502	328	174	0	0	0	0
AF	0	0.101499	485	327	158	0	0	0	0
AF	0	0.101811	493	347	146	0	0	0	0
AF	0	0.102124	417	296	121	0	0	0	0
AF	0	0.102436	448	310	138	0	0	0	0
AF	0	0.102748	493	338	155	0	0	0	0
AF	0	0.103061	471	315	156	0	0	0	0
AF	0	0.103373	395	267	128	0	0	0	0
AF	0	0.103685	424	288	136	0	0	0	0
AF	0	0.103998	419	277	142	0	0	0	0
AF	0	0.104310	407	257	150	0	0	0	0
AF	0	0.104622	436	306	130	0	0	0	0
AF	0	0.104934	366	254	112	0	0	0	0
AF	0	0.105247	381	251	130	0	0	0	0
AF	0	0.105559	396	272	124	0	0	0	0
AF	0	0.105871	390	274	116	0	0	0	0
AF	0	0.106184	457	306	151	0	0	0	0
AF	0	0.106496	381	268	113	0	0	0	0
AF	0	0.106808	336	224	112	0	0	0	0
AF	0	0.107121	447	314	133	0	0	0	0
AF	0	0.107433	478	321	157	0	0	0	0
AF	0	0.107745	439	298	141	0	0	0	0
AF	0	0.108057	353	244	109	0	0	0	0
AF	0	0.108370	442	294	148	0	0	0	0
AF	0	0.108682	468	326	142	0	0	0	0
AF	0	0.108994	467	320	147	0	0	0	0
AF	0	0.109307	378	259	119	0	0	0	0
AF	0	0.109619	428	301	127	0	0	0	0
AF	0	0.109931	452	294	158	0	0	0	0
AF	0	0.110244	439	288	151	0	0	0	0
AF	0	0.110556	437	301	136	0	0	0	0
AF	0	0.110868	349	222	127	0	0	0	0
AF	0	0.111181	378	246	132	0	0	0	0
AF	0	0.111493	370	259	111	0	0	0	0
AF	0	0.111805	344	242	102	0	0	0	0
AF	0	0.112117	345	228	117	0	0	0	0
AF	0	0.112430	311	210	101	0	0	0	0
AF	0	0.112742	364	247	117	0	0	0	0
AF	0	0.113054	384	245	139	0	0	0	0
AF	0	0.113367	441	304	137	0	0	0	0
AF	0	0.113679	412	274	138	0	0	0	0
AF	0	0.113991	365	237	128	0	0	0	0
AF	0	0.114304	401	272	129	0	0	0	0
AF	0	0.114616	377	252	125	0	0	0	0
AF	0	0.114928	394	266	128	0	0	0	0
AF	0	0.115240	312	214	98	0	0	0	0
AF	0	0.115553	387	272	115	0	0	0	0
AF	0	0.115865	395	273	122	0	0	0	0
AF	0	0.116177	420	287	133	0	0	0	0
AF	0	0.116490	398	282	116	0	0	0	0
AF	0	0.116802	523	346	177	0	0	0	0
AF	0	0.117114	409	287	122	0	0	0	0
AF	0	0.117427	419	290	129	0	0	0	0
AF	0	0.117739	445	299	146	0	0	0	0
AF	0	0.118051	562	380	182	0	0	0	0
AF	0	0.118364	359	242	117	0	0	0	0
AF	0	0.118676	356	249	107	0	0	0	0
AF	0	0.118988	383	268	115	0	0	0	0
AF	0	0.119300	314	215	99	0	0	0	0
AF	0	0.119613	340	231	109	0	0	0	0
AF	0	0.119925	395	266	129	0	0	0	0
AF	0	0.120237	394	276	118	0	0	0	0
AF	0	0.120550	396	284	112	0	0	0	0
AF	0	0.120862	406	277	129	0	0	0	0
AF	0	0.121174	429	302	127	0	0	0	0
AF	0	0.121487	397	264	133	0	0	0	0
AF	0	0.121799	404	265	139	0	0	0	0
AF	0	0.122111	390	263	127	0	0	0	0
AF	0	0.122423	407	277	130	0	0	0	0
AF	0	0.122736	376	253	123	0	0	0	0
AF	0	0.123048	342	234	108	0	0	0	0
AF	0	0.123360	379	269	110	0	0	0	0
AF	0	0.123673	403	259	144	0	0	0	0
AF	0	0.123985	372	241	131	0	0	0	0
AF	0	0.124297	383	263	120	0	0	0	0
AF	0	0.124610	357	251	106	0	0	0	0
AF	0	0.124922	419	277	142	0	0	0	0
AF	0	0.125234	480	333	147	0	0	0	0
AF	0	0.125547	354	236	118	0	0	0	0
AF	0	0.125859	378	251	127	0	0	0	0
AF	0	0.126171	335	229	106	0	0	0	0
AF	0	0.126483	364	258	106	0	0	0	0
AF	0	0.126796	350	239	111	0	0	0	0
AF	0	0.127108	344	235	109	0	0	0	0
AF	0	0.127420	285	180	105	0	0	0	0
AF	0	0.127733	331	217	114	0	0	0	0
AF	0	0.128045	356	234	122	0	0	0	0
AF	0	0.128357	312	213	99	0	0	0	0
AF	0	0.128670	364	250	114	0	0	0	0
AF	0	0.128982	429	298	131	0	0	0	0
AF	0	0.129294	439	300	139	0	0	0	0
AF	0	0.129606	346	245	101	0	0	0	0
AF	0	0.129919	347	241	106	0	0	0	0
AF	0	0.130231	309	223	86	0	0	0	0
AF	0	0.130543	362	244	118	0	0	0	0
AF	0	0.130856	349	233	116	0	0	0	0
AF	0	0.131168	371	245	126	0	0	0	0
AF	0	0.131480	374	248	126	0	0	0	0
AF	0	0.131793	331	231	100	0	0	0	0
AF	0	0.132105	484	310	174	0	0	0	0
AF	0	0.132417	379	242	137	0	0	0	0
AF	0	0.132730	385	248	137	0	0	0	0
AF	0	0.133042	417	270	147	0	0	0	0
AF	0	0.133354	421	285	136	0	0	0	0
AF	0	0.133666	439	296	143	0	0	0	0
AF	0	0.133979	353	242	111	0	0	0	0
AF	0	0.134291	460	294	166	0	0	0	0
AF	0	0.134603	370	250	120	0	0	0	0
AF	0	0.134916	347	241	106	0	0	0	0
AF	0	0.135228	395	269	126	0	0	0	0
AF	0	0.135540	339	233	106	0	0	0	0
AF	0	0.135853	362	245	117	0	0	0	0
AF	0	0.136165	338	237	101	0	0	0	0
AF	0	0.136477	384	260	124	0	0	0	0
AF	0	0.136790	378	266	112	0	0	0	0
AF	0	0.137102	362	253	109	0	0	0	0
AF	0	0.137414	484	315	169	0	0	0	0
AF	0	0.137726	500	324	176	0	0	0	0
AF	0	0.138039	619	416	203	0	0	0	0
AF	0	0.138351	356	247	109	0	0	0	0
AF	0	0.138663	337	212	125	0	0	0	0
AF	0	0.138976	319	231	88	0	0	0	0
AF	0	0.139288	313	209	104	0	0	0	0
AF	0	0.139600	452	303	149	0	0	0	0
AF	0	0.139913	364	259	105	0	0	0	0
AF	0	0.140225	313	210	103	0	0	0	0
AF	0	0.140537	360	231	129	0	0	0	0
AF	0	0.140849	375	267	108	0	0	0	0
AF	0	0.141162	396	274	122	0	0	0	0
AF	0	0.141474	425	286	139	0	0	0	0
AF	0	0.141786	340	220	120	0	0	0	0
AF	0	0.142099	372	254	118	0	0	0	0
AF	0	0.142411	350	238	112	0	0	0	0
AF	0	0.142723	298	191	107	0	0	0	0
AF	0	0.143036	328	211	117	0	0	0	0
AF	0	0.143348	376	253	123	0	0	0	0
AF	0	0.143660	324	186	138	0	0	0	0
AF	0	0.143973	340	225	115	0	0	0	0
AF	0	0.144285	329	223	106	0	0	0	0
AF	0	0.144597	286	194	92	0	0	0	0
AF	0	0.144909	286	188	98	0	0	0	0
AF	0	0.145222	328	205	123	0	0	0	0
AF	0	0.145534	347	223	124	0	0	0	0
AF	0	0.145846	271	178	93	0	0	0	0
AF	0	0.146159	336	234	102	0	0	0	0
AF	0	0.146471	300	208	92	0	0	0	0
AF	0	0.146783	351	233	118	0	0	0	0
AF	0	0.147096	320	218	102	0	0	0	0
AF	0	0.147408	378	252	126	0	0	0	0
AF	0	0.147720	307	193	114	0	0	0	0
AF	0	0.148032	436	291	145	0	0	0	0
AF	0	0.148345	373	262	111	0	0	0	0
AF	0	0.148657	311	204	107	0	0	0	0
AF	0	0.148969	345	241	104	0	0	0	0
AF	0	0.149282	313	217	96	0	0	0	0
AF	0	0.149594	333	219	114	0	0	0	0
AF	0	0.149906	325	230	95	0	0	0	0
AF	0	0.150219	357	248	109	0	0	0	0
AF	0	0.150531	295	199	96	0	0	0	0
AF	0	0.150843	313	210	103	0	0	0	0
AF	0	0.151156	262	178	84	0	0	0	0
AF	0	0.151468	358	250	108	0	0	0	0
AF	0	0.151780	282	193	89	0	0	0	0
AF	0	0.152092	291	200	91	0	0	0	0
AF	0	0.152405	297	204	93	0	0	0	0
AF	0	0.152717	339	243	96	0	0	0	0
AF	0	0.153029	300	205	95	0	0	0	0
AF	0	0.153342	330	219	111	0	0	0	0
AF	0	0.153654	366	251	115	0	0	0	0
AF	0	0.153966	376	245	131	0	0	0	0
AF	0	0.154279	275	187	88	0	0	0	0
AF	0	0.154591	261	170	91	0	0	0	0
AF	0	0.154903	263	192	71	0	0	0	0
AF	0	0.155215	276	176	100	0	0	0	0
AF	0	0.155528	271	197	74	0	0	0	0
AF	0	0.155840	251	172	79	0	0	0	0
AF	0	0.156152	311	216	95	0	0	0	0
AF	0	0.156465	327	227	100	0	0	0	0
AF	0	0.156777	330	230	100	0	0	0	0
AF	0	0.157089	358	242	116	0	0	0	0
AF	0	0.157402	287	205	82	0	0	0	0
AF	0	0.157714	315	206	109	0	0	0	0
AF	0	0.158026	300	211	89	0	0	0	0
AF	0	0.158339	302	224	78	0	0	0	0
AF	0	0.158651	296	199	97	0	0	0	0
AF	0	0.158963	358	254	104	0	0	0	0
AF	0	0.159275	287	192	95	0	0	0	0
AF	0	0.159588	229	161	68	0	0	0	0
AF	0	0.159900	292	198	94	0	0	0	0
AF	0	0.160212	221	151	70	0	0	0	0
AF	0	0.160525	255	183	72	0	0	0	0
AF	0	0.160837	303	191	112	0	0	0	0
AF	0	0.161149	290	186	104	0	0	0	0
AF	0	0.161462	279	193	86	0	0	0	0
AF	0	0.161774	298	201	97	0	0	0	0
AF	0	0.162086	268	173	95	0	0	0	0
AF	0	0.162399	285	185	100	0	0	0	0
AF	0	0.162711	291	187	104	0	0	0	0
AF	0	0.163023	238	156	82	0	0	0	0
AF	0	0.163335	267	177	90	0	0	0	0
AF	0	0.163648	228	148	80	0	0	0	0
AF	0	0.163960	245	170	75	0	0	0	0
AF	0	0.164272	297	224	73	0	0	0	0
AF	0	0.164585	275	186	89	0	0	0	0
AF	0	0.164897	382	236	146	0	0	0	0
AF	0	0.165209	286	177	109	0	0	0	0
AF	0	0.165522	335	240	95	0	0	0	0
AF	0	0.165834	278	181	97	0	0	0	0
AF	0	0.166146	310	198	112	0	0	0	0
AF	0	0.166458	288	189	99	0	0	0	0
AF	0	0.166771	299	196	103	0	0	0	0
AF	0	0.167083	280	180	100	0	0	0	0
AF	0	0.167395	289	203	86	0	0	0	0
AF	0	0.167708	327	218	109	0	0	0	0
AF	0	0.168020	250	192	58	0	0	0	0
AF	0	0.168332	302	197	105	0	0	0	0
AF	0	0.168645	314	207	107	0	0	0	0
AF	0	0.168957	285	188	97	0	0	0	0
AF	0	0.169269	263	167	96	0	0	0	0
AF	0	0.169582	261	187	74	0	0	0	0
AF	0	0.169894	246	163	83	0	0	0	0
AF	0	0.170206	266	189	77	0	0	0	0
AF	0	0.170518	232	166	66	0	0	0	0
AF	0	0.170831	306	200	106	0	0	0	0
AF	0	0.171143	329	216	113	0	0	0	0
AF	0	0.171455	280	199	81	0	0	0	0
AF	0	0.171768	285	195	90	0	0	0	0
AF	0	0.172080	280	189	91	0	0	0	0
AF	0	0.172392	296	217	79	0	0	0	0
AF	0	0.172705	263	179	84	0	0	0	0
AF	0	0.173017	301	214	87	0	0	0	0
AF	0	0.173329	273	187	86	0	0	0	0
AF	0	0.173641	295	189	106	0	0	0	0
AF	0	0.173954	374	254	120	0	0	0	0
AF	0	0.174266	272	186	86	0	0	0	0
AF	0	0.174578	227	152	75	0	0	0	0
AF	0	0.174891	269	188	81	0	0	0	0
AF	0	0.175203	247	174	73	0	0	0	0
AF	0	0.175515	270	178	92	0	0	0	0
AF	0	0.175828	237	164	73	0	0	0	0
AF	0	0.176140	258	164	94	0	0	0	0
AF	0	0.176452	313	198	115	0	0	0	0
AF	0	0.176765	232	156	76	0	0	0	0
AF	0	0.177077	257	172	85	0	0	0	0
AF	0	0.177389	258	185	73	0	0	0	0
AF	0	0.177701	265	183	82	0	0	0	0
AF	0	0.178014	274	180	94	0	0	0	0
AF	0	0.178326	277	185	92	0	0	0	0
AF	0	0.178638	291	197	94	0	0	0	0
AF	0	0.178951	276	182	94	0	0	0	0
AF	0	0.179263	344	236	108	0	0	0	0
AF	0	0.179575	257	182	75	0	0	0	0
AF	0	0.179888	216	151	65	0	0	0	0
AF	0	0.180200	245	161	84	0	0	0	0
AF	0	0.180512	252	169	83	0	0	0	0
AF	0	0.180824	231	142	89	0	0	0	0
AF	0	0.181137	299	179	120	0	0	0	0
AF	0	0.181449	256	171	85	0	0	0	0
AF	0	0.181761	248	174	74	0	0	0	0
AF	0	0.182074	298	202	96	0	0	0	0
AF	0	0.182386	266	191	75	0	0	0	0
AF	0	0.182698	333	210	123	0	0	0	0
AF	0	0.183011	262	177	85	0	0	0	0
AF	0	0.183323	255	184	71	0	0	0	0
AF	0	0.183635	228	162	66	0	0	0	0
AF	0	0.183948	216	150	66	0	0	0	0
AF	0	0.184260	213	155	58	0	0	0	0
AF	0	0.184572	257	173	84	0	0	0	0
AF	0	0.184884	237	156	81	0	0	0	0
AF	0	0.185197	214	149	65	0	0	0	0
AF	0	0.185509	218	148	70	0	0	0	0
AF	0	0.185821	202	130	72	0	0	0	0
AF	0	0.186134	252	185	67	0	0	0	0
AF	0	0.186446	298	203	95	0	0	0	0
AF	0	0.186758	292	193	99	0	0	0	0
AF	0	0.187071	283	190	93	0	0	0	0
AF	0	0.187383	264	174	90	0	0	0	0
AF	0	0.187695	270	179	91	0	0	0	0
AF	0	0.188007	289	199	90	0	0	0	0
AF	0	0.188320	247	172	75	0	0	0	0
AF	0	0.188632	268	186	82	0	0	0	0
AF	0	0.188944	341	236	105	0	0	0	0
AF	0	0.189257	260	171	89	0	0	0	0
AF	0	0.189569	260	164	96	0	0	0	0
AF	0	0.189881	262	169	93	0	0	0	0
AF	0	0.190194	260	172	88	0	0	0	0
AF	0	0.190506	238	161	77	0	0	0	0
AF	0	0.190818	279	185	94	0	0	0	0
AF	0	0.191131	229	167	62	0	0	0	0
AF	0	0.191443	272	182	90	0	0	0	0
AF	0	0.191755	264	165	99	0	0	0	0
AF	0	0.192067	257	177	80	0	0	0	0
AF	0	0.192380	237	156	81	0	0	0	0
AF	0	0.192692	209	149	60	0	0	0	0
AF	0	0.193004	248	171	77	0	0	0	0
AF	0	0.193317	227	146	81	0	0	0	0
AF	0	0.193629	263	165	98	0	0	0	0
AF	0	0.193941	242	154	88	0	0	0	0
AF	0	0.194254	317	208	109	0	0	0	0
AF	0	0.194566	274	196	78	0	0	0	0
AF	0	0.194878	277	204	73	0	0	0	0
AF	0	0.195191	335	238	97	0	0	0	0
AF	0	0.195503	326	219	107	0	0	0	0
AF	0	0.195815	278	190	88	0	0	0	0
AF	0	0.196127	300	203	97	0	0	0	0
AF	0	0.196440	272	188	84	0	0	0	0
AF	0	0.196752	249	158	91	0	0	0	0
AF	0	0.197064	276	180	96	0	0	0	0
AF	0	0.197377	283	196	87	0	0	0	0
AF	0	0.197689	212	150	62	0	0	0	0
AF	0	0.198001	227	150	77	0	0	0	0
AF	0	0.198314	263	162	101	0	0	0	0
AF	0	0.198626	243	168	75	0	0	0	0
AF	0	0.198938	257	169	88	0	0	0	0
AF	0	0.199250	274	190	84	0	0	0	0
AF	0	0.199563	262	189	73	0	0	0	0
AF	0	0.199875	224	153	71	0	0	0	0
AF	0	0.200187	283	198	85	0	0	0	0
AF	0	0.200500	248	171	77	0	0	0	0
AF	0	0.200812	259	169	90	0	0	0	0
AF	0	0.201124	228	153	75	0	0	0	0
AF	0	0.201437	279	182	97	0	0	0	0
AF	0	0.201749	313	212	101	0	0	0	0
AF	0	0.202061	261	187	74	0	0	0	0
AF	0	0.202374	258	166	92	0	0	0	0
AF	0	0.202686	251	162	89	0	0	0	0
AF	0	0.202998	244	170	74	0	0	0	0
AF	0	0.203310	258	177	81	0	0	0	0
AF	0	0.203623	230	151	79	0	0	0	0
AF	0	0.203935	224	147	77	0	0	0	0
AF	0	0.204247	223	164	59	0	0	0	0
AF	0	0.204560	272	189	83	0	0	0	0
AF	0	0.204872	229	162	67	0	0	0	0
AF	0	0.205184	291	195	96	0	0	0	0
AF	0	0.205497	224	164	60	0	0	0	0
AF	0	0.205809	246	168	78	0	0	0	0
AF	0	0.206121	227	151	76	0	0	0	0
AF	0	0.206433	295	205	90	0	0	0	0
AF	0	0.206746	242	176	66	0	0	0	0
AF	0	0.207058	270	184	86	0	0	0	0
AF	0	0.207370	294	181	113	0	0	0	0
AF	0	0.207683	224	168	56	0	0	0	0
AF	0	0.207995	210	124	86	0	0	0	0
AF	0	0.208307	231	151	80	0	0	0	0
AF	0	0.208620	239	156	83	0	0	0	0
AF	0	0.208932	312	211	101	0	0	0	0
AF	0	0.209244	436	297	139	0	0	0	0
AF	0	0.209557	282	194	88	0	0	0	0
AF	0	0.209869	255	174	81	0	0	0	0
AF	0	0.210181	327	227	100	0	0	0	0
AF	0	0.210493	224	151	73	0	0	0	0
AF	0	0.210806	303	196	107	0	0	0	0
AF	0	0.211118	263	170	93	0	0	0	0
AF	0	0.211430	305	211	94	0	0	0	0
AF	0	0.211743	291	199	92	0	0	0	0
AF	0	0.212055	309	218	91	0	0	0	0
AF	0	0.212367	229	148	81	0	0	0	0
AF	0	0.212680	245	172	73	0	0	0	0
AF	0	0.212992	230	161	69	0	0	0	0
AF	0	0.213304	246	160	86	0	0	0	0
AF	0	0.213616	193	126	67	0	0	0	0
AF	0	0.213929	196	124	72	0	0	0	0
AF	0	0.214241	195	139	56	0	0	0	0
AF	0	0.214553	217	155	62	0	0	0	0
AF	0	0.214866	221	162	59	0	0	0	0
AF	0	0.215178	266	175	91	0	0	0	0
AF	0	0.215490	210	135	75	0	0	0	0
AF	0	0.215803	238	160	78	0	0	0	0
AF	0	0.216115	193	127	66	0	0	0	0
AF	0	0.216427	186	126	60	0	0	0	0
AF	0	0.216740	197	135	62	0	0	0	0
AF	0	0.217052	235	150	85	0	0	0	0
AF	0	0.217364	240	154	86	0	0	0	0
AF	0	0.217676	300	197	103	0	0	0	0
AF	0	0.217989	224	145	79	0	0	0	0
AF	0	0.218301	222	152	70	0	0	0	0
AF	0	0.218613	281	184	97	0	0	0	0
AF	0	0.218926	276	187	89	0	0	0	0
AF	0	0.219238	210	140	70	0	0	0	0
AF	0	0.219550	270	175	95	0	0	0	0
AF	0	0.219863	223	156	67	0	0	0	0
AF	0	0.220175	247	184	63	0	0	0	0
AF	0	0.220487	230	158	72	0	0	0	0
AF	0	0.220800	226	149	77	0	0	0	0
AF	0	0.221112	191	132	59	0	0	0	0
AF	0	0.221424	215	136	79	0	0	0	0
AF	0	0.221736	201	139	62	0	0	0	0
AF	0	0.222049	205	154	51	0	0	0	0
AF	0	0.222361	250	172	78	0	0	0	0
AF	0	0.222673	273	184	89	0	0	0	0
AF	0	0.222986	264	171	93	0	0	0	0
AF	0	0.223298	216	152	64	0	0	0	0
AF	0	0.223610	173	113	60	0	0	0	0
AF	0	0.223923	190	139	51	0	0	0	0
AF	0	0.224235	138	96	42	0	0	0	0
AF	0	0.224547	179	126	53	0	0	0	0
AF	0	0.224859	171	118	53	0	0	0	0
AF	0	0.225172	202	139	63	0	0	0	0
AF	0	0.225484	205	140	65	0	0	0	0
AF	0	0.225796	212	134	78	0	0	0	0
AF	0	0.226109	246	167	79	0	0	0	0
AF	0	0.226421	197	141	56	0	0	0	0
AF	0	0.226733	193	131	62	0	0	0	0
AF	0	0.227046	224	149	75	0	0	0	0
AF	0	0.227358	210	143	67	0	0	0	0
AF	0	0.227670	168	110	58	0	0	0	0
AF	0	0.227983	162	110	52	0	0	0	0
AF	0	0.228295	195	123	72	0	0	0	0
AF	0	0.228607	224	154	70	0	0	0	0
AF	0	0.228919	225	142	83	0	0	0	0
AF	0	0.229232	211	131	80	0	0	0	0
AF	0	0.229544	239	165	74	0	0	0	0
AF	0	0.229856	228	155	73	0	0	0	0
AF	0	0.230169	239	157	82	0	0	0	0
AF	0	0.230481	251	160	91	0	0	0	0
AF	0	0.230793	299	197	102	0	0	0	0
AF	0	0.231106	276	201	75	0	0	0	0
AF	0	0.231418	234	162	72	0	0	0	0
AF	0	0.231730	185	112	73	0	0	0	0
AF	0	0.232042	205	135	70	0	0	0	0
AF	0	0.232355	208	147	61	0	0	0	0
AF	0	0.232667	198	122	76	0	0	0	0
AF	0	0.232979	291	207	84	0	0	0	0
AF	0	0.233292	221	152	69	0	0	0	0
AF	0	0.233604	225	165	60	0	0	0	0
AF	0	0.233916	238	161	77	0	0	0	0
AF	0	0.234229	236	159	77	0	0	0	0
AF	0	0.234541	201	134	67	0	0	0	0
AF	0	0.234853	174	120	54	0	0	0	0
AF	0	0.235166	182	135	47	0	0	0	0
AF	0	0.235478	169	115	54	0	0	0	0
AF	0	0.235790	235	155	80	0	0	0	0
AF	0	0.236102	185	132	53	0	0	0	0
AF	0	0.236415	168	120	48	0	0	0	0
AF	0	0.236727	190	132	58	0	0	0	0
AF	0	0.237039	161	110	51	0	0	0	0
AF	0	0.237352	203	142	61	0	0	0	0
AF	0	0.237664	207	140	67	0	0	0	0
AF	0	0.237976	220	161	59	0	0	0	0
AF	0	0.238289	194	139	55	0	0	0	0
AF	0	0.238601	191	126	65	0	0	0	0
AF	0	0.238913	222	151	71	0	0	0	0
AF	0	0.239225	170	115	55	0	0	0	0
AF	0	0.239538	259	175	84	0	0	0	0
AF	0	0.239850	207	153	54	0	0	0	0
AF	0	0.240162	203	135	68	0	0	0	0
AF	0	0.240475	255	161	94	0	0	0	0
AF	0	0.240787	205	134	71	0	0	0	0
AF	0	0.241099	239	153	86	0	0	0	0
AF	0	0.241412	254	177	77	0	0	0	0
AF	0	0.241724	274	188	86	0	0	0	0
AF	0	0.242036	284	199	85	0	0	0	0
AF	0	0.242349	273	184	89	0	0	0	0
AF	0	0.242661	211	157	54	0	0	0	0
AF	0	0.242973	202	136	66	0	0	0	0
AF	0	0.243285	230	166	64	0	0	0	0
AF	0	0.243598	195	140	55	0	0	0	0
AF	0	0.243910	222	159	63	0	0	0	0
AF	0	0.244222	199	123	76	0	0	0	0
AF	0	0.244535	201	126	75	0	0	0	0
AF	0	0.244847	175	120	55	0	0	0	0
AF	0	0.245159	211	144	67	0	0	0	0
AF	0	0.245472	187	130	57	0	0	0	0
AF	0	0.245784	202	140	62	0	0	0	0
AF	0	0.246096	205	141	64	0	0	0	0
AF	0	0.246408	176	126	50	0	0	0	0
AF	0	0.246721	205	137	68	0	0	0	0
AF	0	0.247033	250	167	83	0	0	0	0
AF	0	0.247345	244	165	79	0	0	0	0
AF	0	0.247658	238	160	78	0	0	0	0
AF	0	0.247970	234	155	79	0	0	0	0
AF	0	0.248282	225	160	65	0	0	0	0
AF	0	0.248595	229	157	72	0	0	0	0
AF	0	0.248907	174	108	66	0	0	0	0
AF	0	0.249219	208	130	78	0	0	0	0
AF	0	0.249532	156	101	55	0	0	0	0
AF	0	0.249844	184	131	53	0	0	0	0
AF	0	0.250156	204	131	73	0	0	0	0
AF	0	0.250468	230	157	73	0	0	0	0
AF	0	0.250781	192	138	54	0	0	0	0
AF	0	0.251093	189	130	59	0	0	0	0
AF	0	0.251405	184	127	57	0	0	0	0
AF	0	0.251718	191	128	63	0	0	0	0
AF	0	0.252030	168	106	62	0	0	0	0
AF	0	0.252342	196	131	65	0	0	0	0
AF	0	0.252655	179	121	58	0	0	0	0
AF	0	0.252967	262	183	79	0	0	0	0
AF	0	0.253279	171	128	43	0	0	0	0
AF	0	0.253592	197	140	57	0	0	0	0
AF	0	0.253904	192	124	68	0	0	0	0
AF	0	0.254216	140	96	44	0	0	0	0
AF	0	0.254528	211	141	70	0	0	0	0
AF	0	0.254841	248	176	72	0	0	0	0
AF	0	0.255153	297	211	86	0	0	0	0
AF	0	0.255465	236	165	71	0	0	0	0
AF	0	0.255778	228	142	86	0	0	0	0
AF	0	0.256090	187	123	64	0	0	0	0
AF	0	0.256402	213	152	61	0	0	0	0
AF	0	0.256715	176	116	60	0	0	0	0
AF	0	0.257027	158	112	46	0	0	0	0
AF	0	0.257339	188	128	60	0	0	0	0
AF	0	0.257651	196	131	65	0	0	0	0
AF	0	0.257964	161	114	47	0	0	0	0
AF	0	0.258276	186	128	58	0	0	0	0
AF	0	0.258588	179	131	48	0	0	0	0
AF	0	0.258901	161	106	55	0	0	0	0
AF	0	0.259213	148	105	43	0	0	0	0
AF	0	0.259525	165	108	57	0	0	0	0
AF	0	0.259838	189	133	56	0	0	0	0
AF	0	0.260150	179	120	59	0	0	0	0
AF	0	0.260462	193	132	61	0	0	0	0
AF	0	0.260775	168	106	62	0	0	0	0
AF	0	0.261087	173	117	56	0	0	0	0
AF	0	0.261399	233	138	95	0	0	0	0
AF	0	0.261711	225	157	68	0	0	0	0
AF	0	0.262024	168	109	59	0	0	0	0
AF	0	0.262336	186	122	64	0	0	0	0
AF	0	0.262648	142	104	38	0	0	0	0
AF	0	0.262961	223	147	76	0	0	0	0
AF	0	0.263273	197	129	68	0	0	0	0
AF	0	0.263585	183	121	62	0	0	0	0
AF	0	0.263898	162	106	56	0	0	0	0
AF	0	0.264210	175	124	51	0	0	0	0
AF	0	0.264522	232	144	88	0	0	0	0
AF	0	0.264834	168	115	53	0	0	0	0
AF	0	0.265147	163	110	53	0	0	0	0
AF	0	0.265459	191	131	60	0	0	0	0
AF	0	0.265771	178	117	61	0	0	0	0
AF	0	0.266084	173	118	55	0	0	0	0
AF	0	0.266396	181	116	65	0	0	0	0
AF	0	0.266708	195	127	68	0	0	0	0
AF	0	0.267021	181	121	60	0	0	0	0
AF	0	0.267333	181	124	57	0	0	0	0
AF	0	0.267645	173	117	56	0	0	0	0
AF	0	0.267958	245	173	72	0	0	0	0
AF	0	0.268270	158	96	62	0	0	0	0
AF	0	0.268582	207	138	69	0	0	0	0
AF	0	0.268894	191	129	62	0	0	0	0
AF	0	0.269207	216	136	80	0	0	0	0
AF	0	0.269519	202	139	63	0	0	0	0
AF	0	0.269831	204	138	66	0	0	0	0
AF	0	0.270144	171	111	60	0	0	0	0
AF	0	0.270456	187	131	56	0	0	0	0
AF	0	0.270768	180	127	53	0	0	0	0
AF	0	0.271081	151	102	49	0	0	0	0
AF	0	0.271393	163	120	43	0	0	0	0
AF	0	0.271705	182	122	60	0	0	0	0
AF	0	0.272017	165	118	47	0	0	0	0
AF	0	0.272330	166	105	61	0	0	0	0
AF	0	0.272642	181	139	42	0	0	0	0
AF	0	0.272954	173	119	54	0	0	0	0
AF	0	0.273267	172	109	63	0	0	0	0
AF	0	0.273579	172	114	58	0	0	0	0
AF	0	0.273891	160	106	54	0	0	0	0
AF	0	0.274204	185	126	59	0	0	0	0
AF	0	0.274516	202	132	70	0	0	0	0
AF	0	0.274828	177	116	61	0	0	0	0
AF	0	0.275141	196	132	64	0	0	0	0
AF	0	0.275453	287	187	100	0	0	0	0
AF	0	0.275765	197	140	57	0	0	0	0
AF	0	0.276077	182	124	58	0	0	0	0
AF	0	0.276390	150	106	44	0	0	0	0
AF	0	0.276702	191	119	72	0	0	0	0
AF	0	0.277014	196	126	70	0	0	0	0
AF	0	0.277327	176	126	50	0	0	0	0
AF	0	0.277639	170	116	54	0	0	0	0
AF	0	0.277951	232	160	72	0	0	0	0
AF	0	0.278264	194	122	72	0	0	0	0
AF	0	0.278576	198	142	56	0	0	0	0
AF	0	0.278888	218	154	64	0	0	0	0
AF	0	0.279200	230	149	81	0	0	0	0
AF	0	0.279513	213	144	69	0	0	0	0
AF	0	0.279825	184	121	63	0	0	0	0
AF	0	0.280137	170	117	53	0	0	0	0
AF	0	0.280450	186	128	58	0	0	0	0
AF	0	0.280762	175	106	69	0	0	0	0
AF	0	0.281074	170	115	55	0	0	0	0
AF	0	0.281387	189	124	65	0	0	0	0
AF	0	0.281699	142	97	45	0	0	0	0
AF	0	0.282011	173	115	58	0	0	0	0
AF	0	0.282324	191	138	53	0	0	0	0
AF	0	0.282636	203	141	62	0	0	0	0
AF	0	0.282948	210	140	70	0	0	0	0
AF	0	0.283260	183	132	51	0	0	0	0
AF	0	0.283573	178	113	65	0	0	0	0
AF	0	0.283885	187	128	59	0	0	0	0
AF	0	0.284197	154	105	49	0	0	0	0
AF	0	0.284510	170	118	52	0	0	0	0
AF	0	0.284822	291	190	101	0	0	0	0
AF	0	0.285134	157	98	59	0	0	0	0
AF	0	0.285447	151	103	48	0	0	0	0
AF	0	0.285759	140	78	62	0	0	0	0
AF	0	0.286071	162	110	52	0	0	0	0
AF	0	0.286384	163	102	61	0	0	0	0
AF	0	0.286696	163	110	53	0	0	0	0
AF	0	0.287008	183	125	58	0	0	0	0
AF	0	0.287320	216	151	65	0	0	0	0
AF	0	0.287633	214	150	64	0	0	0	0
AF	0	0.287945	193	131	62	0	0	0	0
AF	0	0.288257	266	174	92	0	0	0	0
AF	0	0.288570	163	106	57	0	0	0	0
AF	0	0.288882	205	124	81	0	0	0	0
AF	0	0.289194	255	179	76	0	0	0	0
AF	0	0.289507	225	147	78	0	0	0	0
AF	0	0.289819	227	150	77	0	0	0	0
AF	0	0.290131	272	175	97	0	0	0	0
AF	0	0.290443	161	114	47	0	0	0	0
AF	0	0.290756	161	106	55	0	0	0	0
AF	0	0.291068	177	133	44	0	0	0	0
AF	0	0.291380	185	127	58	0	0	0	0
AF	0	0.291693	147	97	50	0	0	0	0
AF	0	0.292005	124	78	46	0	0	0	0
AF	0	0.292317	194	135	59	0	0	0	0
AF	0	0.292630	251	157	94	0	0	0	0
AF	0	0.292942	174	117	57	0	0	0	0
AF	0	0.293254	190	126	64	0	0	0	0
AF	0	0.293567	206	140	66	0	0	0	0
AF	0	0.293879	247	165	82	0	0	0	0
AF	0	0.294191	171	113	58	0	0	0	0
AF	0	0.294503	161	91	70	0	0	0	0
AF	0	0.294816	187	130	57	0	0	0	0
AF	0	0.295128	161	104	57	0	0	0	0
AF	0	0.295440	189	128	61	0	0	0	0
AF	0	0.295753	226	151	75	0	0	0	0
AF	0	0.296065	155	95	60	0	0	0	0
AF	0	0.296377	159	108	51	0	0	0	0
AF	0	0.296690	184	116	68	0	0	0	0
AF	0	0.297002	183	123	60	0	0	0	0
AF	0	0.297314	175	122	53	0	0	0	0
AF	0	0.297626	162	113	49	0	0	0	0
AF	0	0.297939	216	155	61	0	0	0	0
AF	0	0.298251	162	108	54	0	0	0	0
AF	0	0.298563	171	121	50	0	0	0	0
AF	0	0.298876	176	130	46	0	0	0	0
AF	0	0.299188	174	131	43	0	0	0	0
AF	0	0.299500	168	117	51	0	0	0	0
AF	0	0.299813	154	109	45	0	0	0	0
AF	0	0.300125	139	102	37	0	0	0	0
AF	0	0.300437	158	104	54	0	0	0	0
AF	0	0.300750	154	99	55	0	0	0	0
AF	0	0.301062	154	108	46	0	0	0	0
AF	0	0.301374	135	96	39	0	0	0	0
AF	0	0.301686	173	115	58	0	0	0	0
AF	0	0.301999	183	115	68	0	0	0	0
AF	0	0.302311	172	120	52	0	0	0	0
AF	0	0.302623	172	111	61	0	0	0	0
AF	0	0.302936	187	127	60	0	0	0	0
AF	0	0.303248	154	111	43	0	0	0	0
AF	0	0.303560	178	123	55	0	0	0	0
AF	0	0.303873	170	114	56	0	0	0	0
AF	0	0.304185	165	119	46	0	0	0	0
AF	0	0.304497	131	95	36	0	0	0	0
AF	0	0.304809	145	105	40	0	0	0	0
AF	0	0.305122	211	148	63	0	0	0	0
AF	0	0.305434	165	118	47	0	0	0	0
AF	0	0.305746	137	88	49	0	0	0	0
AF	0	0.306059	123	88	35	0	0	0	0
AF	0	0.306371	173	110	63	0	0	0	0
AF	0	0.306683	152	107	45	0	0	0	0
AF	0	0.306996	112	79	33	0	0	0	0
AF	0	0.307308	117	75	42	0	0	0	0
AF	0	0.307620	186	126	60	0	0	0	0
AF	0	0.307933	153	106	47	0	0	0	0
AF	0	0.308245	147	108	39	0	0	0	0
AF	0	0.308557	214	133	81	0	0	0	0
AF	0	0.308869	119	82	37	0	0	0	0
AF	0	0.309182	157	110	47	0	0	0	0
AF	0	0.309494	217	133	84	0	0	0	0
AF	0	0.309806	125	88	37	0	0	0	0
AF	0	0.310119	177	121	56	0	0	0	0
AF	0	0.310431	162	95	67	0	0	0	0
AF	0	0.310743	135	90	45	0	0	0	0
AF	0	0.311056	131	81	50	0	0	0	0
AF	0	0.311368	101	63	38	0	0	0	0
AF	0	0.311680	134	89	45	0	0	0	0
AF	0	0.311993	123	85	38	0	0	0	0
AF	0	0.312305	159	108	51	0	0	0	0
AF	0	0.312617	161	111	50	0	0	0	0
AF	0	0.312929	191	131	60	0	0	0	0
AF	0	0.313242	152	100	52	0	0	0	0
AF	0	0.313554	166	106	60	0	0	0	0
AF	0	0.313866	135	92	43	0	0	0	0
AF	0	0.314179	151	108	43	0	0	0	0
AF	0	0.314491	143	91	52	0	0	0	0
AF	0	0.314803	157	102	55	0	0	0	0
AF	0	0.315116	177	123	54	0	0	0	0
AF	0	0.315428	204	134	70	0	0	0	0
AF	0	0.315740	133	98	35	0	0	0	0
AF	0	0.316052	181	126	55	0	0	0	0
AF	0	0.316365	161	102	59	0	0	0	0
AF	0	0.316677	123	83	40	0	0	0	0
AF	0	0.316989	119	77	42	0	0	0	0
AF	0	0.317302	134	87	47	0	0	0	0
AF	0	0.317614	120	87	33	0	0	0	0
AF	0	0.317926	130	97	33	0	0	0	0
AF	0	0.318239	124	86	38	0	0	0	0
AF	0	0.318551	177	117	60	0	0	0	0
AF	0	0.318863	138	101	37	0	0	0	0
AF	0	0.319176	152	93	59	0	0	0	0
AF	0	0.319488	131	89	42	0	0	0	0
AF	0	0.319800	186	134	52	0	0	0	0
AF	0	0.320112	137	93	44	0	0	0	0
AF	0	0.320425	147	90	57	0	0	0	0
AF	0	0.320737	150	105	45	0	0	0	0
AF	0	0.321049	182	121	61	0	0	0	0
AF	0	0.321362	133	93	40	0	0	0	0
AF	0	0.321674	246	159	87	0	0	0	0
AF	0	0.321986	155	103	52	0	0	0	0
AF	0	0.322299	185	121	64	0	0	0	0
AF	0	0.322611	132	87	45	0	0	0	0
AF	0	0.322923	229	146	83	0	0	0	0
AF	0	0.323235	171	119	52	0	0	0	0
AF	0	0.323548	228	150	78	0	0	0	0
AF	0	0.323860	146	97	49	0	0	0	0
AF	0	0.324172	124	87	37	0	0	0	0
AF	0	0.324485	147	92	55	0	0	0	0
AF	0	0.324797	130	80	50	0	0	0	0
AF	0	0.325109	158	108	50	0	0	0	0
AF	0	0.325422	127	80	47	0	0	0	0
AF	0	0.325734	222	145	77	0	0	0	0
AF	0	0.326046	149	107	42	0	0	0	0
AF	0	0.326359	191	131	60	0	0	0	0
AF	0	0.326671	172	118	54	0	0	0	0
AF	0	0.326983	141	94	47	0	0	0	0
AF	0	0.327295	142	106	36	0	0	0	0
AF	0	0.327608	147	99	48	0	0	0	0
AF	0	0.327920	141	87	54	0	0	0	0
AF	0	0.328232	127	81	46	0	0	0	0
AF	0	0.328545	140	91	49	0	0	0	0
AF	0	0.328857	145	106	39	0	0	0	0
AF	0	0.329169	148	92	56	0	0	0	0
AF	0	0.329482	160	107	53	0	0	0	0
AF	0	0.329794	153	98	55	0	0	0	0
AF	0	0.330106	154	103	51	0	0	0	0
AF	0	0.330418	137	89	48	0	0	0	0
AF	0	0.330731	140	90	50	0	0	0	0
AF	0	0.331043	170	104	66	0	0	0	0
AF	0	0.331355	185	133	52	0	0	0	0
AF	0	0.331668	135	95	40	0	0	0	0
AF	0	0.331980	170	121	49	0	0	0	0
AF	0	0.332292	179	136	43	0	0	0	0
AF	0	0.332605	183	117	66	0	0	0	0
AF	0	0.332917	151	115	36	0	0	0	0
AF	0	0.333229	167	104	63	0	0	0	0
AF	0	0.333542	193	129	64	0	0	0	0
AF	0	0.333854	169	124	45	0	0	0	0
AF	0	0.334166	198	139	59	0	0	0	0
AF	0	0.334478	195	127	68	0	0	0	0
AF	0	0.334791	132	87	45	0	0	0	0
AF	0	0.335103	191	131	60	0	0	0	0
AF	0	0.335415	203	134	69	0	0	0	0
AF	0	0.335728	155	102	53	0	0	0	0
AF	0	0.336040	143	94	49	0	0	0	0
AF	0	0.336352	151	97	54	0	0	0	0
AF	0	0.336665	150	100	50	0	0	0	0
AF	0	0.336977	144	99	45	0	0	0	0
AF	0	0.337289	114	80	34	0	0	0	0
AF	0	0.337601	113	76	37	0	0	0	0
AF	0	0.337914	130	88	42	0	0	0	0
AF	0	0.338226	147	91	56	0	0	0	0
AF	0	0.338538	163	122	41	0	0	0	0
AF	0	0.338851	139	100	39	0	0	0	0
AF	0	0.339163	175	119	56	0	0	0	0
AF	0	0.339475	152	99	53	0	0	0	0
AF	0	0.339788	156	109	47	0	0	0	0
AF	0	0.340100	198	133	65	0	0	0	0
AF	0	0.340412	150	106	44	0	0	0	0
AF	0	0.340725	156	97	59	0	0	0	0
AF	0	0.341037	109	66	43	0	0	0	0
AF	0	0.341349	122	86	36	0	0	0	0
AF	0	0.341661	182	136	46	0	0	0	0
AF	0	0.341974	138	91	47	0	0	0	0
AF	0	0.342286	141	105	36	0	0	0	0
AF	0	0.342598	128	78	50	0	0	0	0
AF	0	0.342911	169	123	46	0	0	0	0
AF	0	0.343223	152	97	55	0	0	0	0
AF	0	0.343535	184	124	60	0	0	0	0
AF	0	0.343848	180	131	49	0	0	0	0
AF	0	0.344160	172	117	55	0	0	0	0
AF	0	0.344472	158	109	49	0	0	0	0
AF	0	0.344785	132	85	47	0	0	0	0
AF	0	0.345097	124	74	50	0	0	0	0
AF	0	0.345409	161	107	54	0	0	0	0
AF	0	0.345721	167	122	45	0	0	0	0
AF	0	0.346034	129	92	37	0	0	0	0
AF	0	0.346346	173	111	62	0	0	0	0
AF	0	0.346658	150	109	41	0	0	0	0
AF	0	0.346971	161	120	41	0	0	0	0
AF	0	0.347283	155	108	47	0	0	0	0
AF	0	0.347595	153	110	43	0	0	0	0
AF	0	0.347908	144	108	36	0	0	0	0
AF	0	0.348220	120	83	37	0	0	0	0
AF	0	0.348532	137	94	43	0	0	0	0
AF	0	0.348844	137	89	48	0	0	0	0
AF	0	0.349157	143	101	42	0	0	0	0
AF	0	0.349469	177	120	57	0	0	0	0
AF	0	0.349781	195	132	63	0	0	0	0
AF	0	0.350094	185	128	57	0	0	0	0
AF	0	0.350406	146	110	36	0	0	0	0
AF	0	0.350718	195	127	68	0	0	0	0
AF	0	0.351031	184	128	56	0	0	0	0
AF	0	0.351343	172	122	50	0	0	0	0
AF	0	0.351655	192	141	51	0	0	0	0
AF	0	0.351968	159	107	52	0	0	0	0
AF	0	0.352280	162	109	53	0	0	0	0
AF	0	0.352592	183	114	69	0	0	0	0
AF	0	0.352904	156	113	43	0	0	0	0
AF	0	0.353217	132	87	45	0	0	0	0
AF	0	0.353529	149	98	51	0	0	0	0
AF	0	0.353841	172	113	59	0	0	0	0
AF	0	0.354154	189	127	62	0	0	0	0
AF	0	0.354466	147	105	42	0	0	0	0
AF	0	0.354778	109	87	22	0	0	0	0
AF	0	0.355091	99	71	28	0	0	0	0
AF	0	0.355403	124	93	31	0	0	0	0
AF	0	0.355715	135	94	41	0	0	0	0
AF	0	0.356027	131	86	45	0	0	0	0
AF	0	0.356340	128	75	53	0	0	0	0
AF	0	0.356652	125	87	38	0	0	0	0
AF	0	0.356964	108	73	35	0	0	0	0
AF	0	0.357277	122	77	45	0	0	0	0
AF	0	0.357589	127	81	46	0	0	0	0
AF	0	0.357901	150	105	45	0	0	0	0
AF	0	0.358214	206	136	70	0	0	0	0
AF	0	0.358526	176	117	59	0	0	0	0
AF	0	0.358838	151	107	44	0	0	0	0
AF	0	0.359151	148	103	45	0	0	0	0
AF	0	0.359463	157	123	34	0	0	0	0
AF	0	0.359775	116	80	36	0	0	0	0
AF	0	0.360087	102	67	35	0	0	0	0
AF	0	0.360400	147	102	45	0	0	0	0
AF	0	0.360712	136	86	50	0	0	0	0
AF	0	0.361024	133	96	37	0	0	0	0
AF	0	0.361337	137	86	51	0	0	0	0
AF	0	0.361649	131	90	41	0	0	0	0
AF	0	0.361961	117	76	41	0	0	0	0
AF	0	0.362274	126	86	40	0	0	0	0
AF	0	0.362586	175	126	49	0	0	0	0
AF	0	0.362898	159	113	46	0	0	0	0
AF	0	0.363210	170	119	51	0	0	0	0
AF	0	0.363523	123	85	38	0	0	0	0
AF	0	0.363835	122	86	36	0	0	0	0
AF	0	0.364147	129	93	36	0	0	0	0
AF	0	0.364460	108	68	40	0	0	0	0
AF	0	0.364772	129	82	47	0	0	0	0
AF	0	0.365084	124	83	41	0	0	0	0
AF	0	0.365397	102	67	35	0	0	0	0
AF	0	0.365709	107	73	34	0	0	0	0
AF	0	0.366021	127	86	41	0	0	0	0
AF	0	0.366334	146	92	54	0	0	0	0
AF	0	0.366646	137	93	44	0	0	0	0
AF	0	0.366958	139	93	46	0	0	0	0
AF	0	0.367270	144	94	50	0	0	0	0
AF	0	0.367583	123	87	36	0	0	0	0
AF	0	0.367895	140	102	38	0	0	0	0
AF	0	0.368207	134	89	45	0	0	0	0
AF	0	0.368520	138	98	40	0	0	0	0
AF	0	0.368832	119	78	41	0	0	0	0
AF	0	0.369144	129	94	35	0	0	0	0
AF	0	0.369457	126	80	46	0	0	0	0
AF	0	0.369769	147	100	47	0	0	0	0
AF	0	0.370081	171	114	57	0	0	0	0
AF	0	0.370394	170	106	64	0	0	0	0
AF	0	0.370706	188	119	69	0	0	0	0
AF	0	0.371018	149	106	43	0	0	0	0
AF	0	0.371330	152	109	43	0	0	0	0
AF	0	0.371643	153	98	55	0	0	0	0
AF	0	0.371955	138	81	57	0	0	0	0
AF	0	0.372267	149	104	45	0	0	0	0
AF	0	0.372580	122	91	31	0	0	0	0
AF	0	0.372892	156	113	43	0	0	0	0
AF	0	0.373204	158	106	52	0	0	0	0
AF	0	0.373517	118	85	33	0	0	0	0
AF	0	0.373829	138	94	44	0	0	0	0
AF	0	0.374141	168	119	49	0	0	0	0
AF	0	0.374453	154	107	47	0	0	0	0
AF	0	0.374766	119	74	45	0	0	0	0
AF	0	0.375078	138	96	42	0	0	0	0
AF	0	0.375390	144	101	43	0	0	0	0
AF	0	0.375703	138	90	48	0	0	0	0
AF	0	0.376015	152	114	38	0	0	0	0
AF	0	0.376327	149	106	43	0	0	0	0
AF	0	0.376640	131	94	37	0	0	0	0
AF	0	0.376952	167	99	68	0	0	0	0
AF	0	0.377264	113	80	33	0	0	0	0
AF	0	0.377577	134	92	42	0	0	0	0
AF	0	0.377889	144	105	39	0	0	0	0
AF	0	0.378201	169	116	53	0	0	0	0
AF	0	0.378513	131	95	36	0	0	0	0
AF	0	0.378826	129	89	40	0	0	0	0
AF	0	0.379138	123	87	36	0	0	0	0
AF	0	0.379450	158	105	53	0	0	0	0
AF	0	0.379763	184	123	61	0	0	0	0
AF	0	0.380075	124	74	50	0	0	0	0
AF	0	0.380387	139	100	39	0	0	0	0
AF	0	0.380700	148	102	46	0	0	0	0
AF	0	0.381012	135	92	43	0	0	0	0
AF	0	0.381324	131	99	32	0	0	0	0
AF	0	0.381636	114	82	32	0	0	0	0
AF	0	0.381949	116	75	41	0	0	0	0
AF	0	0.382261	141	104	37	0	0	0	0
AF	0	0.382573	118	80	38	0	0	0	0
AF	0	0.382886	94	65	29	0	0	0	0
AF	0	0.383198	93	59	34	0	0	0	0
AF	0	0.383510	142	86	56	0	0	0	0
AF	0	0.383823	135	89	46	0	0	0	0
AF	0	0.384135	149	109	40	0	0	0	0
AF	0	0.384447	166	107	59	0	0	0	0
AF	0	0.384760	124	73	51	0	0	0	0
AF	0	0.385072	113	84	29	0	0	0	0
AF	0	0.385384	139	98	41	0	0	0	0
AF	0	0.385696	133	95	38	0	0	0	0
AF	0	0.386009	126	80	46	0	0	0	0
AF	0	0.386321	138	98	40	0	0	0	0
AF	0	0.386633	117	75	42	0	0	0	0
AF	0	0.386946	138	92	46	0	0	0	0
AF	0	0.387258	148	105	43	0	0	0	0
AF	0	0.387570	123	82	41	0	0	0	0
AF	0	0.387883	117	78	39	0	0	0	0
AF	0	0.388195	145	86	59	0	0	0	0
AF	0	0.388507	135	89	46	0	0	0	0
AF	0	0.388819	104	63	41	0	0	0	0
AF	0	0.389132	135	91	44	0	0	0	0
AF	0	0.389444	115	72	43	0	0	0	0
AF	0	0.389756	115	72	43	0	0	0	0
AF	0	0.390069	169	115	54	0	0	0	0
AF	0	0.390381	109	73	36	0	0	0	0
AF	0	0.390693	122	80	42	0	0	0	0
AF	0	0.391006	159	100	59	0	0	0	0
AF	0	0.391318	158	105	53	0	0	0	0
AF	0	0.391630	229	152	77	0	0	0	0
AF	0	0.391943	125	90	35	0	0	0	0
AF	0	0.392255	131	94	37	0	0	0	0
AF	0	0.392567	148	103	45	0	0	0	0
AF	0	0.392879	122	86	36	0	0	0	0
AF	0	0.393192	130	76	54	0	0	0	0
AF	0	0.393504	147	103	44	0	0	0	0
AF	0	0.393816	139	90	49	0	0	0	0
AF	0	0.394129	117	79	38	0	0	0	0
AF	0	0.394441	115	65	50	0	0	0	0
AF	0	0.394753	155	106	49	0	0	0	0
AF	0	0.395066	132	85	47	0	0	0	0
AF	0	0.395378	128	93	35	0	0	0	0
AF	0	0.395690	128	98	30	0	0	0	0
AF	0	0.396002	128	87	41	0	0	0	0
AF	0	0.396315	89	62	27	0	0	0	0
AF	0	0.396627	124	88	36	0	0	0	0
AF	0	0.396939	169	106	63	0	0	0	0
AF	0	0.397252	122	82	40	0	0	0	0
AF	0	0.397564	137	96	41	0	0	0	0
AF	0	0.397876	156	110	46	0	0	0	0
AF	0	0.398189	123	84	39	0	0	0	0
AF	0	0.398501	144	95	49	0	0	0	0
AF	0	0.398813	136	90	46	0	0	0	0
AF	0	0.399126	138	93	45	0	0	0	0
AF	0	0.399438	110	68	42	0	0	0	0
AF	0	0.399750	120	77	43	0	0	0	0
AF	0	0.400062	177	117	60	0	0	0	0
AF	0	0.400375	184	133	51	0	0	0	0
AF	0	0.400687	134	89	45	0	0	0	0
AF	0	0.400999	126	90	36	0	0	0	0
AF	0	0.401312	116	80	36	0	0	0	0
AF	0	0.401624	97	65	32	0	0	0	0
AF	0	0.401936	132	89	43	0	0	0	0
AF	0	0.402249	103	76	27	0	0	0	0
AF	0	0.402561	120	71	49	0	0	0	0
AF	0	0.402873	122	76	46	0	0	0	0
AF	0	0.403186	125	89	36	0	0	0	0
AF	0	0.403498	140	97	43	0	0	0	0
AF	0	0.403810	128	92	36	0	0	0	0
AF	0	0.404122	102	71	31	0	0	0	0
AF	0	0.404435	127	83	44	0	0	0	0
AF	0	0.404747	92	64	28	0	0	0	0
AF	0	0.405059	133	97	36	0	0	0	0
AF	0	0.405372	116	75	41	0	0	0	0
AF	0	0.405684	151	100	51	0	0	0	0
AF	0	0.405996	145	90	55	0	0	0	0
AF	0	0.406309	130	83	47	0	0	0	0
AF	0	0.406621	107	73	34	0	0	0	0
AF	0	0.406933	128	84	44	0	0	0	0
AF	0	0.407245	124	83	41	0	0	0	0
AF	0	0.407558	171	118	53	0	0	0	0
AF	0	0.407870	201	151	50	0	0	0	0
AF	0	0.408182	156	118	38	0	0	0	0
AF	0	0.408495	164	111	53	0	0	0	0
AF	0	0.408807	119	82	37	0	0	0	0
AF	0	0.409119	166	112	54	0	0	0	0
AF	0	0.409432	136	83	53	0	0	0	0
AF	0	0.409744	118	81	37	0	0	0	0
AF	0	0.410056	107	72	35	0	0	0	0
AF	0	0.410369	119	87	32	0	0	0	0
AF	0	0.410681	111	76	35	0	0	0	0
AF	0	0.410993	102	67	35	0	0	0	0
AF	0	0.411305	146	101	45	0	0	0	0
AF	0	0.411618	155	97	58	0	0	0	0
AF	0	0.411930	169	109	60	0	0	0	0
AF	0	0.412242	101	65	36	0	0	0	0
AF	0	0.412555	131	101	30	0	0	0	0
AF	0	0.412867	151	93	58	0	0	0	0
AF	0	0.413179	114	72	42	0	0	0	0
AF	0	0.413492	112	81	31	0	0	0	0
AF	0	0.413804	95	71	24	0	0	0	0
AF	0	0.414116	104	66	38	0	0	0	0
AF	0	0.414428	81	53	28	0	0	0	0
AF	0	0.414741	107	73	34	0	0	0	0
AF	0	0.415053	93	59	34	0	0	0	0
AF	0	0.415365	117	83	34	0	0	0	0
AF	0	0.415678	130	91	39	0	0	0	0
AF	0	0.415990	193	118	75	0	0	0	0
AF	0	0.416302	122	88	34	0	0	0	0
AF	0	0.416615	159	110	49	0	0	0	0
AF	0	0.416927	115	84	31	0	0	0	0
AF	0	0.417239	165	112	53	0	0	0	0
AF	0	0.417552	122	82	40	0	0	0	0
AF	0	0.417864	130	81	49	0	0	0	0
AF	0	0.418176	149	93	56	0	0	0	0
AF	0	0.418488	148	95	53	0	0	0	0
AF	0	0.418801	152	94	58	0	0	0	0
AF	0	0.419113	122	81	41	0	0	0	0
AF	0	0.419425	149	110	39	0	0	0	0
AF	0	0.419738	134	89	45	0	0	0	0
AF	0	0.420050	120	93	27	0	0	0	0
AF	0	0.420362	162	104	58	0	0	0	0
AF	0	0.420675	139	92	47	0	0	0	0
AF	0	0.420987	142	104	38	0	0	0	0
AF	0	0.421299	145	100	45	0	0	0	0
AF	0	0.421611	125	83	42	0	0	0	0
AF	0	0.421924	141	88	53	0	0	0	0
AF	0	0.422236	152	109	43	0	0	0	0
AF	0	0.422548	110	76	34	0	0	0	0
AF	0	0.422861	114	75	39	0	0	0	0
AF	0	0.423173	124	89	35	0	0	0	0
AF	0	0.423485	125	100	25	0	0	0	0
AF	0	0.423798	131	92	39	0	0	0	0
AF	0	0.424110	95	60	35	0	0	0	0
AF	0	0.424422	106	66	40	0	0	0	0
AF	0	0.424735	117	86	31	0	0	0	0
AF	0	0.425047	123	82	41	0	0	0	0
AF	0	0.425359	138	89	49	0	0	0	0
AF	0	0.425671	115	76	39	0	0	0	0
AF	0	0.425984	103	71	32	0	0	0	0
AF	0	0.426296	96	69	27	0	0	0	0
AF	0	0.426608	146	106	40	0	0	0	0
AF	0	0.426921	107	74	33	0	0	0	0
AF	0	0.427233	129	90	39	0	0	0	0
AF	0	0.427545	163	100	63	0	0	0	0
AF	0	0.427858	97	72	25	0	0	0	0
AF	0	0.428170	120	80	40	0	0	0	0
AF	0	0.428482	124	83	41	0	0	0	0
AF	0	0.428795	133	95	38	0	0	0	0
AF	0	0.429107	117	79	38	0	0	0	0
AF	0	0.429419	142	97	45	0	0	0	0
AF	0	0.429731	134	82	52	0	0	0	0
AF	0	0.430044	113	71	42	0	0	0	0
AF	0	0.430356	131	90	41	0	0	0	0
AF	0	0.430668	151	105	46	0	0	0	0
AF	0	0.430981	217	138	79	0	0	0	0
AF	0	0.431293	141	91	50	0	0	0	0
AF	0	0.431605	164	114	50	0	0	0	0
AF	0	0.431918	139	91	48	0	0	0	0
AF	0	0.432230	116	82	34	0	0	0	0
AF	0	0.432542	122	87	35	0	0	0	0
AF	0	0.432854	155	115	40	0	0	0	0
AF	0	0.433167	103	74	29	0	0	0	0
AF	0	0.433479	113	72	41	0	0	0	0
AF	0	0.433791	112	78	34	0	0	0	0
AF	0	0.434104	102	67	35	0	0	0	0
AF	0	0.434416	105	70	35	0	0	0	0
AF	0	0.434728	89	55	34	0	0	0	0
AF	0	0.435041	101	65	36	0	0	0	0
AF	0	0.435353	79	54	25	0	0	0	0
AF	0	0.435665	119	85	34	0	0	0	0
AF	0	0.435978	94	65	29	0	0	0	0
AF	0	0.436290	111	65	46	0	0	0	0
AF	0	0.436602	100	67	33	0	0	0	0
AF	0	0.436914	87	58	29	0	0	0	0
AF	0	0.437227	120	83	37	0	0	0	0
AF	0	0.437539	145	98	47	0	0	0	0
AF	0	0.437851	94	61	33	0	0	0	0
AF	0	0.438164	139	92	47	0	0	0	0
AF	0	0.438476	125	88	37	0	0	0	0
AF	0	0.438788	119	82	37	0	0	0	0
AF	0	0.439101	113	63	50	0	0	0	0
AF	0	0.439413	119	87	32	0	0	0	0
AF	0	0.439725	148	106	42	0	0	0	0
AF	0	0.440037	109	67	42	0	0	0	0
AF	0	0.440350	124	81	43	0	0	0	0
AF	0	0.440662	114	78	36	0	0	0	0
AF	0	0.440974	182	130	52	0	0	0	0
AF	0	0.441287	151	103	48	0	0	0	0
AF	0	0.441599	316	207	109	0	0	0	0
AF	0	0.441911	111	70	41	0	0	0	0
AF	0	0.442224	100	68	32	0	0	0	0
AF	0	0.442536	131	82	49	0	0	0	0
AF	0	0.442848	130	80	50	0	0	0	0
AF	0	0.443161	166	126	40	0	0	0	0
AF	0	0.443473	115	68	47	0	0	0	0
AF	0	0.443785	114	75	39	0	0	0	0
AF	0	0.444097	90	66	24	0	0	0	0
AF	0	0.444410	106	76	30	0	0	0	0
AF	0	0.444722	106	75	31	0	0	0	0
AF	0	0.445034	77	53	24	0	0	0	0
AF	0	0.445347	118	82	36	0	0	0	0
AF	0	0.445659	101	60	41	0	0	0	0
AF	0	0.445971	101	69	32	0	0	0	0
AF	0	0.446284	114	79	35	0	0	0	0
AF	0	0.446596	121	84	37	0	0	0	0
AF	0	0.446908	113	81	32	0	0	0	0
AF	0	0.447220	113	74	39	0	0	0	0
AF	0	0.447533	105	73	32	0	0	0	0
AF	0	0.447845	90	53	37	0	0	0	0
AF	0	0.448157	115	78	37	0	0	0	0
AF	0	0.448470	112	75	37	0	0	0	0
AF	0	0.448782	109	77	32	0	0	0	0
AF	0	0.449094	98	67	31	0	0	0	0
AF	0	0.449407	96	65	31	0	0	0	0
AF	0	0.449719	109	75	34	0	0	0	0
AF	0	0.450031	100	63	37	0	0	0	0
AF	0	0.450344	110	73	37	0	0	0	0
AF	0	0.450656	108	76	32	0	0	0	0
AF	0	0.450968	126	88	38	0	0	0	0
AF	0	0.451280	117	78	39	0	0	0	0
AF	0	0.451593	99	73	26	0	0	0	0
AF	0	0.451905	105	69	36	0	0	0	0
AF	0	0.452217	106	67	39	0	0	0	0
AF	0	0.452530	105	71	34	0	0	0	0
AF	0	0.452842	87	59	28	0	0	0	0
AF	0	0.453154	90	59	31	0	0	0	0
AF	0	0.453467	109	73	36	0	0	0	0
AF	0	0.453779	112	77	35	0	0	0	0
AF	0	0.454091	142	97	45	0	0	0	0
AF	0	0.454403	133	87	46	0	0	0	0
AF	0	0.454716	117	69	48	0	0	0	0
AF	0	0.455028	112	77	35	0	0	0	0
AF	0	0.455340	99	71	28	0	0	0	0
AF	0	0.455653	63	39	24	0	0	0	0
AF	0	0.455965	109	79	30	0	0	0	0
AF	0	0.456277	107	68	39	0	0	0	0
AF	0	0.456590	104	77	27	0	0	0	0
AF	0	0.456902	95	63	32	0	0	0	0
AF	0	0.457214	98	65	33	0	0	0	0
AF	0	0.457527	109	66	43	0	0	0	0
AF	0	0.457839	116	84	32	0	0	0	0
AF	0	0.458151	96	66	30	0	0	0	0
AF	0	0.458463	96	59	37	0	0	0	0
AF	0	0.458776	119	70	49	0	0	0	0
AF	0	0.459088	134	79	55	0	0	0	0
AF	0	0.459400	131	91	40	0	0	0	0
AF	0	0.459713	115	80	35	0	0	0	0
AF	0	0.460025	108	77	31	0	0	0	0
AF	0	0.460337	123	85	38	0	0	0	0
AF	0	0.460650	111	67	44	0	0	0	0
AF	0	0.460962	104	67	37	0	0	0	0
AF	0	0.461274	161	116	45	0	0	0	0
AF	0	0.461587	151	104	47	0	0	0	0
AF	0	0.461899	129	94	35	0	0	0	0
AF	0	0.462211	99	70	29	0	0	0	0
AF	0	0.462523	102	71	31	0	0	0	0
AF	0	0.462836	101	68	33	0	0	0	0
AF	0	0.463148	135	88	47	0	0	0	0
AF	0	0.463460	123	91	32	0	0	0	0
AF	0	0.463773	104	66	38	0	0	0	0
AF	0	0.464085	101	71	30	0	0	0	0
AF	0	0.464397	119	80	39	0	0	0	0
AF	0	0.464710	122	76	46	0	0	0	0
AF	0	0.465022	114	81	33	0	0	0	0
AF	0	0.465334	134	85	49	0	0	0	0
AF	0	0.465646	137	95	42	0	0	0	0
AF	0	0.465959	79	53	26	0	0	0	0
AF	0	0.466271	73	54	19	0	0	0	0
AF	0	0.466583	103	69	34	0	0	0	0
AF	0	0.466896	153	115	38	0	0	0	0
AF	0	0.467208	137	92	45	0	0	0	0
AF	0	0.467520	92	65	27	0	0	0	0
AF	0	0.467833	90	64	26	0	0	0	0
AF	0	0.468145	93	69	24	0	0	0	0
AF	0	0.468457	99	63	36	0	0	0	0
AF	0	0.468770	93	59	34	0	0	0	0
AF	0	0.469082	171	108	63	0	0	0	0
AF	0	0.469394	109	75	34	0	0	0	0
AF	0	0.469706	108	71	37	0	0	0	0
AF	0	0.470019	99	67	32	0	0	0	0
AF	0	0.470331	97	69	28	0	0	0	0
AF	0	0.470643	88	56	32	0	0	0	0
AF	0	0.470956	95	65	30	0	0	0	0
AF	0	0.471268	113	79	34	0	0	0	0
AF	0	0.471580	140	100	40	0	0	0	0
AF	0	0.471893	91	71	20	0	0	0	0
AF	0	0.472205	142	100	42	0	0	0	0
AF	0	0.472517	97	62	35	0	0	0	0
AF	0	0.472829	92	65	27	0	0	0	0
AF	0	0.473142	75	38	37	0	0	0	0
AF	0	0.473454	83	52	31	0	0	0	0
AF	0	0.473766	67	41	26	0	0	0	0
AF	0	0.474079	109	71	38	0	0	0	0
AF	0	0.474391	147	108	39	0	0	0	0
AF	0	0.474703	203	139	64	0	0	0	0
AF	0	0.475016	153	100	53	0	0	0	0
AF	0	0.475328	110	71	39	0	0	0	0
AF	0	0.475640	100	65	35	0	0	0	0
AF	0	0.475953	119	74	45	0	0	0	0
AF	0	0.476265	120	86	34	0	0	0	0
AF	0	0.476577	102	68	34	0	0	0	0
AF	0	0.476889	91	61	30	0	0	0	0
AF	0	0.477202	75	55	20	0	0	0	0
AF	0	0.477514	91	63	28	0	0	0	0
AF	0	0.477826	97	65	32	0	0	0	0
AF	0	0.478139	138	90	48	0	0	0	0
AF	0	0.478451	77	55	22	0	0	0	0
AF	0	0.478763	100	66	34	0	0	0	0
AF	0	0.479076	142	86	56	0	0	0	0
AF	0	0.479388	106	71	35	0	0	0	0
AF	0	0.479700	101	64	37	0	0	0	0
AF	0	0.480012	100	76	24	0	0	0	0
AF	0	0.480325	60	41	19	0	0	0	0
AF	0	0.480637	97	66	31	0	0	0	0
AF	0	0.480949	83	51	32	0	0	0	0
AF	0	0.481262	104	70	34	0	0	0	0
AF	0	0.481574	95	73	22	0	0	0	0
AF	0	0.481886	71	48	23	0	0	0	0
AF	0	0.482199	99	69	30	0	0	0	0
AF	0	0.482511	86	67	19	0	0	0	0
AF	0	0.482823	68	48	20	0	0	0	0
AF	0	0.483136	99	68	31	0	0	0	0
AF	0	0.483448	77	57	20	0	0	0	0
AF	0	0.483760	92	56	36	0	0	0	0
AF	0	0.484072	87	53	34	0	0	0	0
AF	0	0.484385	102	69	33	0	0	0	0
AF	0	0.484697	83	61	22	0	0	0	0
AF	0	0.485009	122	80	42	0	0	0	0
AF	0	0.485322	72	51	21	0	0	0	0
AF	0	0.485634	93	58	35	0	0	0	0
AF	0	0.485946	129	84	45	0	0	0	0
AF	0	0.486259	91	57	34	0	0	0	0
AF	0	0.486571	90	62	28	0	0	0	0
AF	0	0.486883	72	47	25	0	0	0	0
AF	0	0.487196	144	100	44	0	0	0	0
AF	0	0.487508	88	61	27	0	0	0	0
AF	0	0.487820	76	57	19	0	0	0	0
AF	0	0.488132	83	62	21	0	0	0	0
AF	0	0.488445	89	66	23	0	0	0	0
AF	0	0.488757	78	48	30	0	0	0	0
AF	0	0.489069	83	56	27	0	0	0	0
AF	0	0.489382	107	77	30	0	0	0	0
AF	0	0.489694	105	74	31	0	0	0	0
AF	0	0.490006	77	48	29	0	0	0	0
AF	0	0.490319	80	53	27	0	0	0	0
AF	0	0.490631	81	51	30	0	0	0	0
AF	0	0.490943	98	63	35	0	0	0	0
AF	0	0.491255	89	66	23	0	0	0	0
AF	0	0.491568	84	61	23	0	0	0	0
AF	0	0.491880	71	51	20	0	0	0	0
AF	0	0.492192	69	50	19	0	0	0	0
AF	0	0.492505	87	62	25	0	0	0	0
AF	0	0.492817	86	55	31	0	0	0	0
AF	0	0.493129	74	48	26	0	0	0	0
AF	0	0.493442	82	63	19	0	0	0	0
AF	0	0.493754	86	51	35	0	0	0	0
AF	0	0.494066	62	36	26	0	0	0	0
AF	0	0.494379	69	45	24	0	0	0	0
AF	0	0.494691	100	60	40	0	0	0	0
AF	0	0.495003	78	46	32	0	0	0	0
AF	0	0.495315	86	54	32	0	0	0	0
AF	0	0.495628	109	75	34	0	0	0	0
AF	0	0.495940	110	78	32	0	0	0	0
AF	0	0.496252	88	50	38	0	0	0	0
AF	0	0.496565	84	59	25	0	0	0	0
AF	0	0.496877	87	61	26	0	0	0	0
AF	0	0.497189	100	65	35	0	0	0	0
AF	0	0.497502	92	52	40	0	0	0	0
AF	0	0.497814	103	66	37	0	0	0	0
AF	0	0.498126	86	56	30	0	0	0	0
AF	0	0.498438	89	62	27	0	0	0	0
AF	0	0.498751	91	71	20	0	0	0	0
AF	0	0.499063	114	79	35	0	0	0	0
AF	0	0.499375	115	76	39	0	0	0	0
AF	0	0.499688	147	99	48	0	0	0	0
AF	0	0.500000	96	71	25	0	0	0	0
AF	0	0.500312	86	59	27	0	0	0	0
AF	0	0.500625	74	56	18	0	0	0	0
AF	0	0.500937	74	48	26	0	0	0	0
AF	0	0.501249	67	48	19	0	0	0	0
AF	0	0.501562	108	72	36	0	0	0	0
AF	0	0.501874	121	90	31	0	0	0	0
AF	0	0.502186	97	55	42	0	0	0	0
AF	0	0.502498	89	63	26	0	0	0	0
AF	0	0.502811	85	51	34	0	0	0	0
AF	0	0.503123	98	70	28	0	0	0	0
AF	0	0.503435	83	60	23	0	0	0	0
AF	0	0.503748	89	62	27	0	0	0	0
AF	0	0.504060	103	70	33	0	0	0	0
AF	0	0.504372	117	81	36	0	0	0	0
AF	0	0.504685	120	85	35	0	0	0	0
AF	0	0.504997	99	59	40	0	0	0	0
AF	0	0.505309	101	75	26	0	0	0	0
AF	0	0.505621	97	66	31	0	0	0	0
AF	0	0.505934	86	66	20	0	0	0	0
AF	0	0.506246	75	51	24	0	0	0	0
AF	0	0.506558	93	53	40	0	0	0	0
AF	0	0.506871	77	53	24	0	0	0	0
AF	0	0.507183	79	57	22	0	0	0	0
AF	0	0.507495	77	48	29	0	0	0	0
AF	0	0.507808	82	50	32	0	0	0	0
AF	0	0.508120	80	57	23	0	0	0	0
AF	0	0.508432	81	55	26	0	0	0	0
AF	0	0.508745	85	64	21	0	0	0	0
AF	0	0.509057	60	44	16	0	0	0	0
AF	0	0.509369	91	65	26	0	0	0	0
AF	0	0.509681	98	66	32	0	0	0	0
AF	0	0.509994	77	53	24	0	0	0	0
AF	0	0.510306	87	62	25	0	0	0	0
AF	0	0.510618	95	69	26	0	0	0	0
AF	0	0.510931	106	75	31	0	0	0	0
AF	0	0.511243	114	75	39	0	0	0	0
AF	0	0.511555	105	71	34	0	0	0	0
AF	0	0.511868	81	58	23	0	0	0	0
AF	0	0.512180	69	56	13	0	0	0	0
AF	0	0.512492	80	59	21	0	0	0	0
AF	0	0.512804	79	60	19	0	0	0	0
AF	0	0.513117	81	62	19	0	0	0	0
AF	0	0.513429	89	56	33	0	0	0	0
AF	0	0.513741	112	73	39	0	0	0	0
AF	0	0.514054	97	68	29	0	0	0	0
AF	0	0.514366	157	94	63	0	0	0	0
AF	0	0.514678	85	59	26	0	0	0	0
AF	0	0.514991	91	67	24	0	0	0	0
AF	0	0.515303	91	62	29	0	0	0	0
AF	0	0.515615	78	58	20	0	0	0	0
AF	0	0.515928	87	60	27	0	0	0	0
AF	0	0.516240	79	52	27	0	0	0	0
AF	0	0.516552	100	68	32	0	0	0	0
AF	0	0.516864	121	75	46	0	0	0	0
AF	0	0.517177	115	85	30	0	0	0	0
AF	0	0.517489	132	104	28	0	0	0	0
AF	0	0.517801	97	68	29	0	0	0	0
AF	0	0.518114	104	70	34	0	0	0	0
AF	0	0.518426	76	52	24	0	0	0	0
AF	0	0.518738	95	56	39	0	0	0	0
AF	0	0.519051	102	70	32	0	0	0	0
AF	0	0.519363	102	75	27	0	0	0	0
AF	0	0.519675	104	69	35	0	0	0	0
AF	0	0.519988	110	77	33	0	0	0	0
AF	0	0.520300	100	73	27	0	0	0	0
AF	0	0.520612	97	68	29	0	0	0	0
AF	0	0.520924	102	69	33	0	0	0	0
AF	0	0.521237	104	65	39	0	0	0	0
AF	0	0.521549	117	80	37	0	0	0	0
AF	0	0.521861	133	96	37	0	0	0	0
AF	0	0.522174	78	45	33	0	0	0	0
AF	0	0.522486	84	62	22	0	0	0	0
AF	0	0.522798	103	69	34	0	0	0	0
AF	0	0.523111	121	81	40	0	0	0	0
AF	0	0.523423	133	78	55	0	0	0	0
AF	0	0.523735	95	66	29	0	0	0	0
AF	0	0.524047	116	76	40	0	0	0	0
AF	0	0.524360	106	75	31	0	0	0	0
AF	0	0.524672	82	63	19	0	0	0	0
AF	0	0.524984	82	51	31	0	0	0	0
AF	0	0.525297	81	56	25	0	0	0	0
AF	0	0.525609	71	52	19	0	0	0	0
AF	0	0.525921	62	45	17	0	0	0	0
AF	0	0.526234	73	46	27	0	0	0	0
AF	0	0.526546	79	53	26	0	0	0	0
AF	0	0.526858	94	62	32	0	0	0	0
AF	0	0.527171	85	64	21	0	0	0	0
AF	0	0.527483	73	43	30	0	0	0	0
AF	0	0.527795	115	85	30	0	0	0	0
AF	0	0.528107	63	40	23	0	0	0	0
AF	0	0.528420	121	73	48	0	0	0	0
AF	0	0.528732	117	73	44	0	0	0	0
AF	0	0.529044	80	58	22	0	0	0	0
AF	0	0.529357	87	66	21	0	0	0	0
AF	0	0.529669	105	75	30	0	0	0	0
AF	0	0.529981	92	66	26	0	0	0	0
AF	0	0.530294	100	64	36	0	0	0	0
AF	0	0.530606	71	46	25	0	0	0	0
AF	0	0.530918	59	39	20	0	0	0	0
AF	0	0.531230	90	62	28	0	0	0	0
AF	0	0.531543	82	52	30	0	0	0	0
AF	0	0.531855	70	50	20	0	0	0	0
AF	0	0.532167	98	62	36	0	0	0	0
AF	0	0.532480	112	74	38	0	0	0	0
AF	0	0.532792	81	60	21	0	0	0	0
AF	0	0.533104	147	99	48	0	0	0	0
AF	0	0.533417	118	71	47	0	0	0	0
AF	0	0.533729	79	54	25	0	0	0	0
AF	0	0.534041	117	84	33	0	0	0	0
AF	0	0.534354	97	63	34	0	0	0	0
AF	0	0.534666	97	70	27	0	0	0	0
AF	0	0.534978	78	55	23	0	0	0	0
AF	0	0.535290	81	57	24	0	0	0	0
AF	0	0.535603	137	88	49	0	0	0	0
AF	0	0.535915	87	59	28	0	0	0	0
AF	0	0.536227	96	70	26	0	0	0	0
AF	0	0.536540	76	54	22	0	0	0	0
AF	0	0.536852	74	57	17	0	0	0	0
AF	0	0.537164	76	50	26	0	0	0	0
AF	0	0.537477	67	43	24	0	0	0	0
AF	0	0.537789	88	57	31	0	0	0	0
AF	0	0.538101	98	58	40	0	0	0	0
AF	0	0.538413	100	70	30	0	0	0	0
AF	0	0.538726	90	58	32	0	0	0	0
AF	0	0.539038	122	78	44	0	0	0	0
AF	0	0.539350	119	75	44	0	0	0	0
AF	0	0.539663	108	74	34	0	0	0	0
AF	0	0.539975	118	78	40	0	0	0	0
AF	0	0.540287	87	66	21	0	0	0	0
AF	0	0.540600	90	59	31	0	0	0	0
AF	0	0.540912	109	78	31	0	0	0	0
AF	0	0.541224	93	65	28	0	0	0	0
AF	0	0.541537	101	67	34	0	0	0	0
AF	0	0.541849	74	54	20	0	0	0	0
AF	0	0.542161	93	69	24	0	0	0	0
AF	0	0.542473	128	85	43	0	0	0	0
AF	0	0.542786	116	70	46	0	0	0	0
AF	0	0.543098	143	103	40	0	0	0	0
AF	0	0.543410	99	65	34	0	0	0	0
AF	0	0.543723	108	78	30	0	0	0	0
AF	0	0.544035	86	59	27	0	0	0	0
AF	0	0.544347	59	36	23	0	0	0	0
AF	0	0.544660	83	56	27	0	0	0	0
AF	0	0.544972	57	42	15	0	0	0	0
AF	0	0.545284	77	50	27	0	0	0	0
AF	0	0.545597	74	50	24	0	0	0	0
AF	0	0.545909	75	44	31	0	0	0	0
AF	0	0.546221	72	55	17	0	0	0	0
AF	0	0.546533	91	62	29	0	0	0	0
AF	0	0.546846	75	56	19	0	0	0	0
AF	0	0.547158	93	61	32	0	0	0	0
AF	0	0.547470	113	77	36	0	0	0	0
AF	0	0.547783	124	90	34	0	0	0	0
AF	0	0.548095	94	67	27	0	0	0	0
AF	0	0.548407	66	39	27	0	0	0	0
AF	0	0.548720	127	84	43	0	0	0	0
AF	0	0.549032	107	82	25	0	0	0	0
AF	0	0.549344	86	59	27	0	0	0	0
AF	0	0.549656	98	67	31	0	0	0	0
AF	0	0.549969	88	54	34	0	0	0	0
AF	0	0.550281	85	54	31	0	0	0	0
AF	0	0.550593	92	69	23	0	0	0	0
AF	0	0.550906	81	53	28	0	0	0	0
AF	0	0.551218	96	69	27	0	0	0	0
AF	0	0.551530	105	69	36	0	0	0	0
AF	0	0.551843	77	54	23	0	0	0	0
AF	0	0.552155	75	49	26	0	0	0	0
AF	0	0.552467	85	55	30	0	0	0	0
AF	0	0.552780	83	61	22	0	0	0	0
AF	0	0.553092	86	56	30	0	0	0	0
AF	0	0.553404	109	74	35	0	0	0	0
AF	0	0.553716	133	91	42	0	0	0	0
AF	0	0.554029	91	68	23	0	0	0	0
AF	0	0.554341	102	74	28	0	0	0	0
AF	0	0.554653	85	46	39	0	0	0	0
AF	0	0.554966	84	62	22	0	0	0	0
AF	0	0.555278	95	70	25	0	0	0	0
AF	0	0.555590	69	43	26	0	0	0	0
AF	0	0.555903	82	56	26	0	0	0	0
AF	0	0.556215	69	46	23	0	0	0	0
AF	0	0.556527	77	58	19	0	0	0	0
AF	0	0.556839	68	48	20	0	0	0	0
AF	0	0.557152	70	49	21	0	0	0	0
AF	0	0.557464	83	59	24	0	0	0	0
AF	0	0.557776	91	66	25	0	0	0	0
AF	0	0.558089	77	50	27	0	0	0	0
AF	0	0.558401	70	46	24	0	0	0	0
AF	0	0.558713	76	46	30	0	0	0	0
AF	0	0.559026	72	48	24	0	0	0	0
AF	0	0.559338	99	77	22	0	0	0	0
AF	0	0.559650	121	94	27	0	0	0	0
AF	0	0.559963	77	47	30	0	0	0	0
AF	0	0.560275	106	69	37	0	0	0	0
AF	0	0.560587	74	51	23	0	0	0	0
AF	0	0.560899	86	49	37	0	0	0	0
AF	0	0.561212	79	55	24	0	0	0	0
AF	0	0.561524	84	49	35	0	0	0	0
AF	0	0.561836	95	76	19	0	0	0	0
AF	0	0.562149	106	74	32	0	0	0	0
AF	0	0.562461	94	65	29	0	0	0	0
AF	0	0.562773	125	72	53	0	0	0	0
AF	0	0.563086	155	101	54	0	0	0	0
AF	0	0.563398	107	64	43	0	0	0	0
AF	0	0.563710	91	66	25	0	0	0	0
AF	0	0.564022	68	53	15	0	0	0	0
AF	0	0.564335	93	64	29	0	0	0	0
AF	0	0.564647	107	82	25	0	0	0	0
AF	0	0.564959	106	73	33	0	0	0	0
AF	0	0.565272	131	84	47	0	0	0	0
AF	0	0.565584	165	99	66	0	0	0	0
AF	0	0.565896	126	81	45	0	0	0	0
AF	0	0.566209	162	114	48	0	0	0	0
AF	0	0.566521	109	64	45	0	0	0	0
AF	0	0.566833	87	62	25	0	0	0	0
AF	0	0.567146	96	56	40	0	0	0	0
AF	0	0.567458	89	64	25	0	0	0	0
AF	0	0.567770	109	76	33	0	0	0	0
AF	0	0.568082	120	82	38	0	0	0	0
AF	0	0.568395	78	50	28	0	0	0	0
AF	0	0.568707	96	62	34	0	0	0	0
AF	0	0.569019	122	79	43	0	0	0	0
AF	0	0.569332	66	47	19	0	0	0	0
AF	0	0.569644	84	56	28	0	0	0	0
AF	0	0.569956	80	54	26	0	0	0	0
AF	0	0.570269	130	84	46	0	0	0	0
AF	0	0.570581	126	78	48	0	0	0	0
AF	0	0.570893	94	66	28	0	0	0	0
AF	0	0.571205	80	54	26	0	0	0	0
AF	0	0.571518	70	44	26	0	0	0	0
AF	0	0.571830	112	78	34	0	0	0	0
AF	0	0.572142	102	67	35	0	0	0	0
AF	0	0.572455	82	54	28	0	0	0	0
AF	0	0.572767	105	76	29	0	0	0	0
AF	0	0.573079	82	56	26	0	0	0	0
AF	0	0.573392	72	46	26	0	0	0	0
AF	0	0.573704	71	50	21	0	0	0	0
AF	0	0.574016	95	64	31	0	0	0	0
AF	0	0.574329	83	59	24	0	0	0	0
AF	0	0.574641	73	53	20	0	0	0	0
AF	0	0.574953	82	55	27	0	0	0	0
AF	0	0.575265	73	55	18	0	0	0	0
AF	0	0.575578	88	57	31	0	0	0	0
AF	0	0.575890	130	88	42	0	0	0	0
AF	0	0.576202	97	69	28	0	0	0	0
AF	0	0.576515	95	58	37	0	0	0	0
AF	0	0.576827	102	67	35	0	0	0	0
AF	0	0.577139	77	58	19	0	0	0	0
AF	0	0.577452	87	58	29	0	0	0	0
AF	0	0.577764	105	74	31	0	0	0	0
AF	0	0.578076	108	70	38	0	0	0	0
AF	0	0.578389	100	62	38	0	0	0	0
AF	0	0.578701	109	76	33	0	0	0	0
AF	0	0.579013	89	61	28	0	0	0	0
AF	0	0.579325	107	79	28	0	0	0	0
AF	0	0.579638	81	50	31	0	0	0	0
AF	0	0.579950	77	49	28	0	0	0	0
AF	0	0.580262	136	103	33	0	0	0	0
AF	0	0.580575	115	76	39	0	0	0	0
AF	0	0.580887	122	73	49	0	0	0	0
AF	0	0.581199	130	88	42	0	0	0	0
AF	0	0.581512	161	110	51	0	0	0	0
AF	0	0.581824	88	65	23	0	0	0	0
AF	0	0.582136	53	31	22	0	0	0	0
AF	0	0.582448	76	56	20	0	0	0	0
AF	0	0.582761	98	65	33	0	0	0	0
AF	0	0.583073	83	61	22	0	0	0	0
AF	0	0.583385	109	70	39	0	0	0	0
AF	0	0.583698	97	72	25	0	0	0	0
AF	0	0.584010	69	46	23	0	0	0	0
AF	0	0.584322	80	50	30	0	0	0	0
AF	0	0.584635	96	58	38	0	0	0	0
AF	0	0.584947	87	53	34	0	0	0	0
AF	0	0.585259	114	80	34	0	0	0	0
AF	0	0.585572	91	68	23	0	0	0	0
AF	0	0.585884	114	79	35	0	0	0	0
AF	0	0.586196	151	99	52	0	0	0	0
AF	0	0.586508	138	85	53	0	0	0	0
AF	0	0.586821	101	66	35	0	0	0	0
AF	0	0.587133	76	49	27	0	0	0	0
AF	0	0.587445	82	62	20	0	0	0	0
AF	0	0.587758	85	59	26	0	0	0	0
AF	0	0.588070	88	63	25	0	0	0	0
AF	0	0.588382	80	50	30	0	0	0	0
AF	0	0.588695	63	41	22	0	0	0	0
AF	0	0.589007	95	64	31	0	0	0	0
AF	0	0.589319	111	74	37	0	0	0	0
AF	0	0.589631	72	54	18	0	0	0	0
AF	0	0.589944	74	53	21	0	0	0	0
AF	0	0.590256	96	62	34	0	0	0	0
AF	0	0.590568	101	66	35	0	0	0	0
AF	0	0.590881	102	67	35	0	0	0	0
AF	0	0.591193	82	55	27	0	0	0	0
AF	0	0.591505	58	39	19	0	0	0	0
AF	0	0.591818	86	59	27	0	0	0	0
AF	0	0.592130	77	53	24	0	0	0	0
AF	0	0.592442	89	55	34	0	0	0	0
AF	0	0.592755	77	55	22	0	0	0	0
AF	0	0.593067	66	38	28	0	0	0	0
AF	0	0.593379	81	61	20	0	0	0	0
AF	0	0.593691	81	54	27	0	0	0	0
AF	0	0.594004	77	49	28	0	0	0	0
AF	0	0.594316	65	43	22	0	0	0	0
AF	0	0.594628	81	58	23	0	0	0	0
AF	0	0.594941	103	63	40	0	0	0	0
AF	0	0.595253	83	59	24	0	0	0	0
AF	0	0.595565	105	65	40	0	0	0	0
AF	0	0.595878	132	93	39	0	0	0	0
AF	0	0.596190	84	56	28	0	0	0	0
AF	0	0.596502	67	49	18	0	0	0	0
AF	0	0.596814	87	57	30	0	0	0	0
AF	0	0.597127	85	56	29	0	0	0	0
AF	0	0.597439	51	36	15	0	0	0	0
AF	0	0.597751	79	49	30	0	0	0	0
AF	0	0.598064	78	48	30	0	0	0	0
AF	0	0.598376	69	48	21	0	0	0	0
AF	0	0.598688	87	61	26	0	0	0	0
AF	0	0.599001	128	89	39	0	0	0	0
AF	0	0.599313	123	96	27	0	0	0	0
AF	0	0.599625	111	83	28	0	0	0	0
AF	0	0.599938	102	72	30	0	0	0	0
AF	0	0.600250	90	59	31	0	0	0	0
AF	0	0.600562	120	78	42	0	0	0	0
AF	0	0.600874	84	55	29	0	0	0	0
AF	0	0.601187	98	65	33	0	0	0	0
AF	0	0.601499	125	89	36	0	0	0	0
AF	0	0.601811	104	76	28	0	0	0	0
AF	0	0.602124	97	67	30	0	0	0	0
AF	0	0.602436	105	65	40	0	0	0	0
AF	0	0.602748	84	52	32	0	0	0	0
AF	0	0.603061	108	74	34	0	0	0	0
AF	0	0.603373	94	70	24	0	0	0	0
AF	0	0.603685	82	58	24	0	0	0	0
AF	0	0.603998	94	60	34	0	0	0	0
AF	0	0.604310	90	61	29	0	0	0	0
AF	0	0.604622	78	61	17	0	0	0	0
AF	0	0.604934	87	55	32	0	0	0	0
AF	0	0.605247	77	50	27	0	0	0	0
AF	0	0.605559	79	54	25	0	0	0	0
AF	0	0.605871	98	68	30	0	0	0	0
AF	0	0.606184	122	85	37	0	0	0	0
AF	0	0.606496	106	73	33	0	0	0	0
AF	0	0.606808	91	58	33	0	0	0	0
AF	0	0.607121	66	42	24	0	0	0	0
AF	0	0.607433	79	54	25	0	0	0	0
AF	0	0.607745	63	43	20	0	0	0	0
AF	0	0.608057	75	56	19	0	0	0	0
AF	0	0.608370	65	46	19	0	0	0	0
AF	0	0.608682	70	43	27	0	0	0	0
AF	0	0.608994	84	64	20	0	0	0	0
AF	0	0.609307	59	40	19	0	0	0	0
AF	0	0.609619	63	43	20	0	0	0	0
AF	0	0.609931	74	55	19	0	0	0	0
AF	0	0.610244	83	50	33	0	0	0	0
AF	0	0.610556	72	54	18	0	0	0	0
AF	0	0.610868	81	52	29	0	0	0	0
AF	0	0.611181	101	72	29	0	0	0	0
AF	0	0.611493	100	64	36	0	0	0	0
AF	0	0.611805	111	81	30	0	0	0	0
AF	0	0.612117	83	64	19	0	0	0	0
AF	0	0.612430	68	50	18	0	0	0	0
AF	0	0.612742	69	48	21	0	0	0	0
AF	0	0.613054	88	62	26	0	0	0	0
AF	0	0.613367	88	53	35	0	0	0	0
AF	0	0.613679	116	76	40	0	0	0	0
AF	0	0.613991	92	62	30	0	0	0	0
AF	0	0.614304	78	58	20	0	0	0	0
AF	0	0.614616	82	55	27	0	0	0	0
AF	0	0.614928	83	55	28	0	0	0	0
AF	0	0.615240	63	43	20	0	0	0	0
AF	0	0.615553	68	46	22	0	0	0	0
AF	0	0.615865	58	37	21	0	0	0	0
AF	0	0.616177	92	55	37	0	0	0	0
AF	0	0.616490	82	47	35	0	0	0	0
AF	0	0.616802	67	42	25	0	0	0	0
AF	0	0.617114	81	49	32	0	0	0	0
AF	0	0.617427	77	59	18	0	0	0	0
AF	0	0.617739	86	55	31	0	0	0	0
AF	0	0.618051	93	59	34	0	0	0	0
AF	0	0.618364	77	47	30	0	0	0	0
AF	0	0.618676	74	51	23	0	0	0	0
AF	0	0.618988	84	52	32	0	0	0	0
AF	0	0.619300	95	64	31	0	0	0	0
AF	0	0.619613	92	65	27	0	0	0	0
AF	0	0.619925	97	59	38	0	0	0	0
AF	0	0.620237	90	59	31	0	0	0	0
AF	0	0.620550	67	37	30	0	0	0	0
AF	0	0.620862	73	58	15	0	0	0	0
AF	0	0.621174	80	51	29	0	0	0	0
AF	0	0.621487	61	35	26	0	0	0	0
AF	0	0.621799	76	49	27	0	0	0	0
AF	0	0.622111	72	50	22	0	0	0	0
AF	0	0.622423	64	38	26	0	0	0	0
AF	0	0.622736	239	160	79	0	0	0	0
AF	0	0.623048	106	66	40	0	0	0	0
AF	0	0.623360	85	56	29	0	0	0	0
AF	0	0.623673	64	42	22	0	0	0	0
AF	0	0.623985	79	56	23	0	0	0	0
AF	0	0.624297	68	47	21	0	0	0	0
AF	0	0.624610	56	31	25	0	0	0	0
AF	0	0.624922	54	36	18	0	0	0	0
AF	0	0.625234	76	48	28	0	0	0	0
AF	0	0.625547	73	51	22	0	0	0	0
AF	0	0.625859	66	42	24	0	0	0	0
AF	0	0.626171	77	56	21	0	0	0	0
AF	0	0.626483	72	46	26	0	0	0	0
AF	0	0.626796	65	43	22	0	0	0	0
AF	0	0.627108	74	57	17	0	0	0	0
AF	0	0.627420	52	39	13	0	0	0	0
AF	0	0.627733	100	74	26	0	0	0	0
AF	0	0.628045	73	50	23	0	0	0	0
AF	0	0.628357	82	49	33	0	0	0	0
AF	0	0.628670	92	66	26	0	0	0	0
AF	0	0.628982	150	98	52	0	0	0	0
AF	0	0.629294	55	35	20	0	0	0	0
AF	0	0.629606	70	50	20	0	0	0	0
AF	0	0.629919	64	45	19	0	0	0	0
AF	0	0.630231	112	72	40	0	0	0	0
AF	0	0.630543	67	44	23	0	0	0	0
AF	0	0.630856	80	55	25	0	0	0	0
AF	0	0.631168	89	61	28	0	0	0	0
AF	0	0.631480	83	49	34	0	0	0	0
AF	0	0.631793	112	79	33	0	0	0	0
AF	0	0.632105	77	62	15	0	0	0	0
AF	0	0.632417	88	61	27	0	0	0	0
AF	0	0.632730	95	70	25	0	0	0	0
AF	0	0.633042	130	82	48	0	0	0	0
AF	0	0.633354	126	80	46	0	0	0	0
AF	0	0.633666	108	78	30	0	0	0	0
AF	0	0.633979	119	70	49	0	0	0	0
AF	0	0.634291	91	66	25	0	0	0	0
AF	0	0.634603	215	144	71	0	0	0	0
AF	0	0.634916	90	61	29	0	0	0	0
AF	0	0.635228	69	54	15	0	0	0	0
AF	0	0.635540	104	75	29	0	0	0	0
AF	0	0.635853	77	49	28	0	0	0	0
AF	0	0.636165	66	52	14	0	0	0	0
AF	0	0.636477	111	75	36	0	0	0	0
AF	0	0.636790	73	53	20	0	0	0	0
AF	0	0.637102	54	42	12	0	0	0	0
AF	0	0.637414	93	63	30	0	0	0	0
AF	0	0.637726	82	53	29	0	0	0	0
AF	0	0.638039	95	63	32	0	0	0	0
AF	0	0.638351	109	65	44	0	0	0	0
AF	0	0.638663	106	67	39	0	0	0	0
AF	0	0.638976	86	50	36	0	0	0	0
AF	0	0.639288	101	59	42	0	0	0	0
AF	0	0.639600	86	54	32	0	0	0	0
AF	0	0.639913	83	60	23	0	0	0	0
AF	0	0.640225	87	60	27	0	0	0	0
AF	0	0.640537	58	39	19	0	0	0	0
AF	0	0.640849	74	56	18	0	0	0	0
AF	0	0.641162	82	61	21	0	0	0	0
AF	0	0.641474	70	48	22	0	0	0	0
AF	0	0.641786	89	48	41	0	0	0	0
AF	0	0.642099	92	57	35	0	0	0	0
AF	0	0.642411	88	46	42	0	0	0	0
AF	0	0.642723	126	78	48	0	0	0	0
AF	0	0.643036	196	120	76	0	0	0	0
AF	0	0.643348	101	69	32	0	0	0	0
AF	0	0.643660	81	54	27	0	0	0	0
AF	0	0.643973	116	76	40	0	0	0	0
AF	0	0.644285	70	52	18	0	0	0	0
AF	0	0.644597	71	51	20	0	0	0	0
AF	0	0.644909	97	56	41	0	0	0	0
AF	0	0.645222	105	61	44	0	0	0	0
AF	0	0.645534	248	167	81	0	0	0	0
AF	0	0.645846	99	66	33	0	0	0	0
AF	0	0.646159	90	63	27	0	0	0	0
AF	0	0.646471	86	61	25	0	0	0	0
AF	0	0.646783	100	56	44	0	0	0	0
AF	0	0.647096	125	97	28	0	0	0	0
AF	0	0.647408	68	40	28	0	0	0	0
AF	0	0.647720	72	51	21	0	0	0	0
AF	0	0.648032	110	81	29	0	0	0	0
AF	0	0.648345	70	39	31	0	0	0	0
AF	0	0.648657	59	37	22	0	0	0	0
AF	0	0.648969	67	44	23	0	0	0	0
AF	0	0.649282	79	52	27	0	0	0	0
AF	0	0.649594	116	73	43	0	0	0	0
AF	0	0.649906	108	73	35	0	0	0	0
AF	0	0.650219	93	56	37	0	0	0	0
AF	0	0.650531	76	55	21	0	0	0	0
AF	0	0.650843	91	55	36	0	0	0	0
AF	0	0.651156	95	69	26	0	0	0	0
AF	0	0.651468	83	55	28	0	0	0	0
AF	0	0.651780	53	33	20	0	0	0	0
AF	0	0.652092	66	46	20	0	0	0	0
AF	0	0.652405	61	33	28	0	0	0	0
AF	0	0.652717	58	40	18	0	0	0	0
AF	0	0.653029	38	29	9	0	0	0	0
AF	0	0.653342	59	37	22	0	0	0	0
AF	0	0.653654	75	55	20	0	0	0	0
AF	0	0.653966	56	42	14	0	0	0	0
AF	0	0.654279	65	37	28	0	0	0	0
AF	0	0.654591	72	54	18	0	0	0	0
AF	0	0.654903	71	45	26	0	0	0	0
AF	0	0.655215	66	44	22	0	0	0	0
AF	0	0.655528	68	48	20	0	0	0	0
AF	0	0.655840	68	45	23	0	0	0	0
AF	0	0.656152	76	52	24	0	0	0	0
AF	0	0.656465	75	47	28	0	0	0	0
AF	0	0.656777	79	55	24	0	0	0	0
AF	0	0.657089	95	62	33	0	0	0	0
AF	0	0.657402	61	42	19	0	0	0	0
AF	0	0.657714	66	43	23	0	0	0	0
AF	0	0.658026	79	51	28	0	0	0	0
AF	0	0.658339	77	53	24	0	0	0	0
AF	0	0.658651	82	66	16	0	0	0	0
AF	0	0.658963	73	48	25	0	0	0	0
AF	0	0.659275	93	67	26	0	0	0	0
AF	0	0.659588	89	56	33	0	0	0	0
AF	0	0.659900	75	51	24	0	0	0	0
AF	0	0.660212	78	51	27	0	0	0	0
AF	0	0.660525	63	45	18	0	0	0	0
AF	0	0.660837	78	50	28	0	0	0	0
AF	0	0.661149	65	46	19	0	0	0	0
AF	0	0.661462	52	33	19	0	0	0	0
AF	0	0.661774	65	40	25	0	0	0	0
AF	0	0.662086	87	56	31	0	0	0	0
AF	0	0.662399	94	62	32	0	0	0	0
AF	0	0.662711	65	46	19	0	0	0	0
AF	0	0.663023	86	49	37	0	0	0	0
AF	0	0.663335	95	70	25	0	0	0	0
AF	0	0.663648	74	43	31	0	0	0	0
AF	0	0.663960	80	59	21	0	0	0	0
AF	0	0.664272	98	68	30	0	0	0	0
AF	0	0.664585	125	92	33	0	0	0	0
AF	0	0.664897	79	60	19	0	0	0	0
AF	0	0.665209	125	79	46	0	0	0	0
AF	0	0.665522	76	52	24	0	0	0	0
AF	0	0.665834	124	92	32	0	0	0	0
AF	0	0.666146	95	65	30	0	0	0	0
AF	0	0.666458	89	58	31	0	0	0	0
AF	0	0.666771	98	70	28	0	0	0	0
AF	0	0.667083	93	64	29	0	0	0	0
AF	0	0.667395	86	64	22	0	0	0	0
AF	0	0.667708	63	39	24	0	0	0	0
AF	0	0.668020	85	56	29	0	0	0	0
AF	0	0.668332	68	51	17	0	0	0	0
AF	0	0.668645	82	55	27	0	0	0	0
AF	0	0.668957	66	38	28	0	0	0	0
AF	0	0.669269	69	51	18	0	0	0	0
AF	0	0.669582	78	53	25	0	0	0	0
AF	0	0.669894	72	49	23	0	0	0	0
AF	0	0.670206	80	47	33	0	0	0	0
AF	0	0.670518	80	50	30	0	0	0	0
AF	0	0.670831	77	52	25	0	0	0	0
AF	0	0.671143	64	39	25	0	0	0	0
AF	0	0.671455	82	60	22	0	0	0	0
AF	0	0.671768	70	50	20	0	0	0	0
AF	0	0.672080	146	87	59	0	0	0	0
AF	0	0.672392	98	59	39	0	0	0	0
AF	0	0.672705	82	61	21	0	0	0	0
AF	0	0.673017	57	41	16	0	0	0	0
AF	0	0.673329	67	48	19	0	0	0	0
AF	0	0.673641	103	66	37	0	0	0	0
AF	0	0.673954	98	69	29	0	0	0	0
AF	0	0.674266	82	55	27	0	0	0	0
AF	0	0.674578	105	75	30	0	0	0	0
AF	0	0.674891	108	73	35	0	0	0	0
AF	0	0.675203	103	71	32	0	0	0	0
AF	0	0.675515	130	93	37	0	0	0	0
AF	0	0.675828	68	45	23	0	0	0	0
AF	0	0.676140	71	45	26	0	0	0	0
AF	0	0.676452	113	79	34	0	0	0	0
AF	0	0.676765	71	49	22	0	0	0	0
AF	0	0.677077	80	56	24	0	0	0	0
AF	0	0.677389	110	65	45	0	0	0	0
AF	0	0.677701	85	52	33	0	0	0	0
AF	0	0.678014	56	34	22	0	0	0	0
AF	0	0.678326	75	52	23	0	0	0	0
AF	0	0.678638	87	60	27	0	0	0	0
AF	0	0.678951	93	61	32	0	0	0	0
AF	0	0.679263	123	77	46	0	0	0	0
AF	0	0.679575	112	78	34	0	0	0	0
AF	0	0.679888	108	77	31	0	0	0	0
AF	0	0.680200	99	67	32	0	0	0	0
AF	0	0.680512	98	69	29	0	0	0	0
AF	0	0.680824	67	47	20	0	0	0	0
AF	0	0.681137	93	59	34	0	0	0	0
AF	0	0.681449	68	46	22	0	0	0	0
AF	0	0.681761	59	49	10	0	0	0	0
AF	0	0.682074	48	34	14	0	0	0	0
AF	0	0.682386	57	31	26	0	0	0	0
AF	0	0.682698	74	51	23	0	0	0	0
AF	0	0.683011	76	54	22	0	0	0	0
AF	0	0.683323	66	45	21	0	0	0	0
AF	0	0.683635	89	55	34	0	0	0	0
AF	0	0.683948	83	60	23	0	0	0	0
AF	0	0.684260	74	43	31	0	0	0	0
AF	0	0.684572	79	50	29	0	0	0	0
AF	0	0.684884	86	55	31	0	0	0	0
AF	0	0.685197	121	86	35	0	0	0	0
AF	0	0.685509	60	47	13	0	0	0	0
AF	0	0.685821	66	46	20	0	0	0	0
AF	0	0.686134	78	58	20	0	0	0	0
AF	0	0.686446	94	56	38	0	0	0	0
AF	0	0.686758	73	48	25	0	0	0	0
AF	0	0.687071	70	50	20	0	0	0	0
AF	0	0.687383	62	41	21	0	0	0	0
AF	0	0.687695	70	49	21	0	0	0	0
AF	0	0.688007	58	45	13	0	0	0	0
AF	0	0.688320	70	42	28	0	0	0	0
AF	0	0.688632	64	47	17	0	0	0	0
AF	0	0.688944	92	59	33	0	0	0	0
AF	0	0.689257	69	48	21	0	0	0	0
AF	0	0.689569	67	44	23	0	0	0	0
AF	0	0.689881	73	48	25	0	0	0	0
AF	0	0.690194	67	45	22	0	0	0	0
AF	0	0.690506	59	39	20	0	0	0	0
AF	0	0.690818	87	62	25	0	0	0	0
AF	0	0.691131	66	42	24	0	0	0	0
AF	0	0.691443	124	88	36	0	0	0	0
AF	0	0.691755	96	65	31	0	0	0	0
AF	0	0.692067	98	65	33	0	0	0	0
AF	0	0.692380	108	67	41	0	0	0	0
AF	0	0.692692	89	59	30	0	0	0	0
AF	0	0.693004	59	42	17	0	0	0	0
AF	0	0.693317	90	62	28	0	0	0	0
AF	0	0.693629	84	66	18	0	0	0	0
AF	0	0.693941	70	48	22	0	0	0	0
AF	0	0.694254	77	54	23	0	0	0	0
AF	0	0.694566	52	33	19	0	0	0	0
AF	0	0.694878	76	55	21	0	0	0	0
AF	0	0.695191	139	91	48	0	0	0	0
AF	0	0.695503	85	65	20	0	0	0	0
AF	0	0.695815	49	36	13	0	0	0	0
AF	0	0.696127	70	42	28	0	0	0	0
AF	0	0.696440	55	37	18	0	0	0	0
AF	0	0.696752	65	44	21	0	0	0	0
AF	0	0.697064	53	43	10	0	0	0	0
AF	0	0.697377	59	43	16	0	0	0	0
AF	0	0.697689	74	49	25	0	0	0	0
AF	0	0.698001	73	44	29	0	0	0	0
AF	0	0.698314	59	39	20	0	0	0	0
AF	0	0.698626	118	82	36	0	0	0	0
AF	0	0.698938	76	51	25	0	0	0	0
AF	0	0.699250	71	40	31	0	0	0	0
AF	0	0.699563	93	59	34	0	0	0	0
AF	0	0.699875	85	58	27	0	0	0	0
AF	0	0.700187	108	75	33	0	0	0	0
AF	0	0.700500	99	69	30	0	0	0	0
AF	0	0.700812	86	65	21	0	0	0	0
AF	0	0.701124	76	49	27	0	0	0	0
AF	0	0.701437	78	53	25	0	0	0	0
AF	0	0.701749	70	50	20	0	0	0	0
AF	0	0.702061	42	32	10	0	0	0	0
AF	0	0.702374	50	38	12	0	0	0	0
AF	0	0.702686	78	47	31	0	0	0	0
AF	0	0.702998	76	53	23	0	0	0	0
AF	0	0.703310	63	47	16	0	0	0	0
AF	0	0.703623	73	51	22	0	0	0	0
AF	0	0.703935	101	62	39	0	0	0	0
AF	0	0.704247	60	47	13	0	0	0	0
AF	0	0.704560	56	35	21	0	0	0	0
AF	0	0.704872	57	37	20	0	0	0	0
AF	0	0.705184	62	46	16	0	0	0	0
AF	0	0.705497	65	45	20	0	0	0	0
AF	0	0.705809	61	43	18	0	0	0	0
AF	0	0.706121	57	43	14	0	0	0	0
AF	0	0.706433	72	54	18	0	0	0	0
AF	0	0.706746	87	61	26	0	0	0	0
AF	0	0.707058	117	79	38	0	0	0	0
AF	0	0.707370	63	47	16	0	0	0	0
AF	0	0.707683	81	57	24	0	0	0	0
AF	0	0.707995	49	35	14	0	0	0	0
AF	0	0.708307	51	35	16	0	0	0	0
AF	0	0.708620	58	40	18	0	0	0	0
AF	0	0.708932	61	43	18	0	0	0	0
AF	0	0.709244	59	42	17	0	0	0	0
AF	0	0.709557	57	38	19	0	0	0	0
AF	0	0.709869	57	40	17	0	0	0	0
AF	0	0.710181	58	38	20	0	0	0	0
AF	0	0.710493	79	55	24	0	0	0	0
AF	0	0.710806	61	41	20	0	0	0	0
AF	0	0.711118	66	42	24	0	0	0	0
AF	0	0.711430	98	66	32	0	0	0	0
AF	0	0.711743	67	47	20	0	0	0	0
AF	0	0.712055	73	49	24	0	0	0	0
AF	0	0.712367	98	64	34	0	0	0	0
AF	0	0.712680	106	74	32	0	0	0	0
AF	0	0.712992	110	71	39	0	0	0	0
AF	0	0.713304	99	67	32	0	0	0	0
AF	0	0.713616	74	45	29	0	0	0	0
AF	0	0.713929	71	45	26	0	0	0	0
AF	0	0.714241	60	42	18	0	0	0	0
AF	0	0.714553	68	49	19	0	0	0	0
AF	0	0.714866	66	37	29	0	0	0	0
AF	0	0.715178	85	61	24	0	0	0	0
AF	0	0.715490	76	49	27	0	0	0	0
AF	0	0.715803	94	63	31	0	0	0	0
AF	0	0.716115	78	59	19	0	0	0	0
AF	0	0.716427	81	52	29	0	0	0	0
AF	0	0.716740	78	51	27	0	0	0	0
AF	0	0.717052	72	49	23	0	0	0	0
AF	0	0.717364	108	78	30	0	0	0	0
AF	0	0.717676	162	114	48	0	0	0	0
AF	0	0.717989	44	27	17	0	0	0	0
AF	0	0.718301	72	52	20	0	0	0	0
AF	0	0.718613	59	42	17	0	0	0	0
AF	0	0.718926	45	33	12	0	0	0	0
AF	0	0.719238	53	38	15	0	0	0	0
AF	0	0.719550	65	42	23	0	0	0	0
AF	0	0.719863	66	40	26	0	0	0	0
AF	0	0.720175	81	59	22	0	0	0	0
AF	0	0.720487	65	42	23	0	0	0	0
AF	0	0.720800	42	24	18	0	0	0	0
AF	0	0.721112	76	57	19	0	0	0	0
AF	0	0.721424	77	48	29	0	0	0	0
AF	0	0.721736	88	67	21	0	0	0	0
AF	0	0.722049	72	52	20	0	0	0	0
AF	0	0.722361	57	43	14	0	0	0	0
AF	0	0.722673	53	35	18	0	0	0	0
AF	0	0.722986	58	45	13	0	0	0	0
AF	0	0.723298	71	49	22	0	0	0	0
AF	0	0.723610	76	54	22	0	0	0	0
AF	0	0.723923	55	38	17	0	0	0	0
AF	0	0.724235	54	33	21	0	0	0	0
AF	0	0.724547	92	67	25	0	0	0	0
AF	0	0.724859	57	47	10	0	0	0	0
AF	0	0.725172	67	46	21	0	0	0	0
AF	0	0.725484	49	41	8	0	0	0	0
AF	0	0.725796	58	36	22	0	0	0	0
AF	0	0.726109	64	37	27	0	0	0	0
AF	0	0.726421	71	51	20	0	0	0	0
AF	0	0.726733	61	39	22	0	0	0	0
AF	0	0.727046	88	60	28	0	0	0	0
AF	0	0.727358	70	44	26	0	0	0	0
AF	0	0.727670	99	68	31	0	0	0	0
AF	0	0.727983	47	36	11	0	0	0	0
AF	0	0.728295	49	34	15	0	0	0	0
AF	0	0.728607	48	28	20	0	0	0	0
AF	0	0.728919	64	43	21	0	0	0	0
AF	0	0.729232	41	22	19	0	0	0	0
AF	0	0.729544	50	38	12	0	0	0	0
AF	0	0.729856	52	44	8	0	0	0	0
AF	0	0.730169	43	25	18	0	0	0	0
AF	0	0.730481	63	38	25	0	0	0	0
AF	0	0.730793	62	42	20	0	0	0	0
AF	0	0.731106	54	36	18	0	0	0	0
AF	0	0.731418	47	33	14	0	0	0	0
AF	0	0.731730	44	25	19	0	0	0	0
AF	0	0.732042	51	35	16	0	0	0	0
AF	0	0.732355	60	40	20	0	0	0	0
AF	0	0.732667	60	37	23	0	0	0	0
AF	0	0.732979	48	35	13	0	0	0	0
AF	0	0.733292	66	48	18	0	0	0	0
AF	0	0.733604	53	32	21	0	0	0	0
AF	0	0.733916	46	34	12	0	0	0	0
AF	0	0.734229	50	34	16	0	0	0	0
AF	0	0.734541	39	25	14	0	0	0	0
AF	0	0.734853	63	36	27	0	0	0	0
AF	0	0.735166	44	24	20	0	0	0	0
AF	0	0.735478	47	36	11	0	0	0	0
AF	0	0.735790	61	40	21	0	0	0	0
AF	0	0.736102	63	45	18	0	0	0	0
AF	0	0.736415	73	46	27	0	0	0	0
AF	0	0.736727	59	30	29	0	0	0	0
AF	0	0.737039	48	32	16	0	0	0	0
AF	0	0.737352	37	22	15	0	0	0	0
AF	0	0.737664	61	38	23	0	0	0	0
AF	0	0.737976	65	52	13	0	0	0	0
AF	0	0.738289	66	42	24	0	0	0	0
AF	0	0.738601	71	55	16	0	0	0	0
AF	0	0.738913	52	35	17	0	0	0	0
AF	0	0.739225	74	45	29	0	0	0	0
AF	0	0.739538	56	39	17	0	0	0	0
AF	0	0.739850	54	34	20	0	0	0	0
AF	0	0.740162	51	39	12	0	0	0	0
AF	0	0.740475	55	34	21	0	0	0	0
AF	0	0.740787	78	50	28	0	0	0	0
AF	0	0.741099	60	34	26	0	0	0	0
AF	0	0.741412	67	49	18	0	0	0	0
AF	0	0.741724	58	38	20	0	0	0	0
AF	0	0.742036	53	43	10	0	0	0	0
AF	0	0.742349	54	38	16	0	0	0	0
AF	0	0.742661	47	31	16	0	0	0	0
AF	0	0.742973	62	42	20	0	0	0	0
AF	0	0.743285	57	43	14	0	0	0	0
AF	0	0.743598	60	45	15	0	0	0	0
AF	0	0.743910	49	36	13	0	0	0	0
AF	0	0.744222	59	45	14	0	0	0	0
AF	0	0.744535	81	51	30	0	0	0	0
AF	0	0.744847	61	52	9	0	0	0	0
AF	0	0.745159	45	33	12	0	0	0	0
AF	0	0.745472	46	40	6	0	0	0	0
AF	0	0.745784	58	33	25	0	0	0	0
AF	0	0.746096	78	50	28	0	0	0	0
AF	0	0.746408	51	38	13	0	0	0	0
AF	0	0.746721	56	40	16	0	0	0	0
AF	0	0.747033	47	37	10	0	0	0	0
AF	0	0.747345	53	38	15	0	0	0	0
AF	0	0.747658	61	38	23	0	0	0	0
AF	0	0.747970	64	46	18	0	0	0	0
AF	0	0.748282	103	73	30	0	0	0	0
AF	0	0.748595	89	66	23	0	0	0	0
AF	0	0.748907	57	39	18	0	0	0	0
AF	0	0.749219	66	44	22	0	0	0	0
AF	0	0.749532	45	29	16	0	0	0	0
AF	0	0.749844	63	44	19	0	0	0	0
AF	0	0.750156	70	42	28	0	0	0	0
AF	0	0.750468	66	48	18	0	0	0	0
AF	0	0.750781	52	28	24	0	0	0	0
AF	0	0.751093	232	153	79	0	0	0	0
AF	0	0.751405	77	54	23	0	0	0	0
AF	0	0.751718	99	63	36	0	0	0	0
AF	0	0.752030	55	43	12	0	0	0	0
AF	0	0.752342	62	46	16	0	0	0	0
AF	0	0.752655	66	47	19	0	0	0	0
AF	0	0.752967	71	50	21	0	0	0	0
AF	0	0.753279	64	51	13	0	0	0	0
AF	0	0.753592	73	52	21	0	0	0	0
AF	0	0.753904	50	35	15	0	0	0	0
AF	0	0.754216	80	45	35	0	0	0	0
AF	0	0.754528	71	47	24	0	0	0	0
AF	0	0.754841	49	38	11	0	0	0	0
AF	0	0.755153	65	46	19	0	0	0	0
AF	0	0.755465	82	56	26	0	0	0	0
AF	0	0.755778	51	36	15	0	0	0	0
AF	0	0.756090	88	69	19	0	0	0	0
AF	0	0.756402	72	53	19	0	0	0	0
AF	0	0.756715	67	48	19	0	0	0	0
AF	0	0.757027	62	40	22	0	0	0	0
AF	0	0.757339	53	36	17	0	0	0	0
AF	0	0.757651	56	39	17	0	0	0	0
AF	0	0.757964	52	32	20	0	0	0	0
AF	0	0.758276	67	43	24	0	0	0	0
AF	0	0.758588	50	35	15	0	0	0	0
AF	0	0.758901	52	40	12	0	0	0	0
AF	0	0.759213	63	49	14	0	0	0	0
AF	0	0.759525	72	53	19	0	0	0	0
AF	0	0.759838	87	57	30	0	0	0	0
AF	0	0.760150	68	51	17	0	0	0	0
AF	0	0.760462	74	51	23	0	0	0	0
AF	0	0.760775	46	27	19	0	0	0	0
AF	0	0.761087	75	45	30	0	0	0	0
AF	0	0.761399	99	70	29	0	0	0	0
AF	0	0.761711	116	84	32	0	0	0	0
AF	0	0.762024	286	188	98	0	0	0	0
AF	0	0.762336	85	60	25	0	0	0	0
AF	0	0.762648	57	42	15	0	0	0	0
AF	0	0.762961	67	50	17	0	0	0	0
AF	0	0.763273	65	43	22	0	0	0	0
AF	0	0.763585	74	53	21	0	0	0	0
AF	0	0.763898	52	40	12	0	0	0	0
AF	0	0.764210	73	55	18	0	0	0	0
AF	0	0.764522	55	38	17	0	0	0	0
AF	0	0.764834	79	54	25	0	0	0	0
AF	0	0.765147	89	51	38	0	0	0	0
AF	0	0.765459	69	46	23	0	0	0	0
AF	0	0.765771	58	43	15	0	0	0	0
AF	0	0.766084	60	39	21	0	0	0	0
AF	0	0.766396	63	39	24	0	0	0	0
AF	0	0.766708	56	40	16	0	0	0	0
AF	0	0.767021	92	64	28	0	0	0	0
AF	0	0.767333	65	44	21	0	0	0	0
AF	0	0.767645	76	59	17	0	0	0	0
AF	0	0.767958	66	46	20	0	0	0	0
AF	0	0.768270	74	43	31	0	0	0	0
AF	0	0.768582	58	40	18	0	0	0	0
AF	0	0.768894	66	44	22	0	0	0	0
AF	0	0.769207	67	47	20	0	0	0	0
AF	0	0.769519	55	42	13	0	0	0	0
AF	0	0.769831	62	40	22	0	0	0	0
AF	0	0.770144	54	42	12	0	0	0	0
AF	0	0.770456	49	36	13	0	0	0	0
AF	0	0.770768	100	67	33	0	0	0	0
AF	0	0.771081	51	37	14	0	0	0	0
AF	0	0.771393	82	52	30	0	0	0	0
AF	0	0.771705	63	40	23	0	0	0	0
AF	0	0.772017	65	43	22	0	0	0	0
AF	0	0.772330	75	51	24	0	0	0	0
AF	0	0.772642	56	46	10	0	0	0	0
AF	0	0.772954	62	48	14	0	0	0	0
AF	0	0.773267	41	26	15	0	0	0	0
AF	0	0.773579	57	40	17	0	0	0	0
AF	0	0.773891	76	57	19	0	0	0	0
AF	0	0.774204	104	66	38	0	0	0	0
AF	0	0.774516	80	52	28	0	0	0	0
AF	0	0.774828	98	68	30	0	0	0	0
AF	0	0.775141	136	88	48	0	0	0	0
AF	0	0.775453	281	193	88	0	0	0	0
AF	0	0.775765	80	59	21	0	0	0	0
AF	0	0.776077	51	38	13	0	0	0	0
AF	0	0.776390	84	54	30	0	0	0	0
AF	0	0.776702	33	22	11	0	0	0	0
AF	0	0.777014	45	27	18	0	0	0	0
AF	0	0.777327	47	30	17	0	0	0	0
AF	0	0.777639	49	36	13	0	0	0	0
AF	0	0.777951	50	32	18	0	0	0	0
AF	0	0.778264	66	43	23	0	0	0	0
AF	0	0.778576	68	42	26	0	0	0	0
AF	0	0.778888	48	37	11	0	0	0	0
AF	0	0.779200	46	30	16	0	0	0	0
AF	0	0.779513	57	35	22	0	0	0	0
AF	0	0.779825	48	34	14	0	0	0	0
AF	0	0.780137	39	28	11	0	0	0	0
AF	0	0.780450	52	36	16	0	0	0	0
AF	0	0.780762	49	34	15	0	0	0	0
AF	0	0.781074	58	34	24	0	0	0	0
AF	0	0.781387	59	40	19	0	0	0	0
AF	0	0.781699	87	57	30	0	0	0	0
AF	0	0.782011	45	34	11	0	0	0	0
AF	0	0.782324	88	64	24	0	0	0	0
AF	0	0.782636	65	50	15	0	0	0	0
AF	0	0.782948	81	60	21	0	0	0	0
AF	0	0.783260	112	77	35	0	0	0	0
AF	0	0.783573	93	61	32	0	0	0	0
AF	0	0.783885	82	55	27	0	0	0	0
AF	0	0.784197	84	57	27	0	0	0	0
AF	0	0.784510	43	32	11	0	0	0	0
AF	0	0.784822	87	55	32	0	0	0	0
AF	0	0.785134	61	44	17	0	0	0	0
AF	0	0.785447	54	37	17	0	0	0	0
AF	0	0.785759	60	37	23	0	0	0	0
AF	0	0.786071	57	43	14	0	0	0	0
AF	0	0.786384	82	58	24	0	0	0	0
AF	0	0.786696	57	35	22	0	0	0	0
AF	0	0.787008	48	35	13	0	0	0	0
AF	0	0.787320	47	27	20	0	0	0	0
AF	0	0.787633	90	63	27	0	0	0	0
AF	0	0.787945	56	41	15	0	0	0	0
AF	0	0.788257	87	65	22	0	0	0	0
AF	0	0.788570	90	62	28	0	0	0	0
AF	0	0.788882	118	82	36	0	0	0	0
AF	0	0.789194	70	40	30	0	0	0	0
AF	0	0.789507	61	41	20	0	0	0	0
AF	0	0.789819	38	29	9	0	0	0	0
AF	0	0.790131	70	48	22	0	0	0	0
AF	0	0.790443	51	35	16	0	0	0	0
AF	0	0.790756	56	38	18	0	0	0	0
AF	0	0.791068	46	32	14	0	0	0	0
AF	0	0.791380	58	43	15	0	0	0	0
AF	0	0.791693	45	29	16	0	0	0	0
AF	0	0.792005	60	45	15	0	0	0	0
AF	0	0.792317	61	48	13	0	0	0	0
AF	0	0.792630	45	34	11	0	0	0	0
AF	0	0.792942	58	37	21	0	0	0	0
AF	0	0.793254	47	33	14	0	0	0	0
AF	0	0.793567	65	43	22	0	0	0	0
AF	0	0.793879	47	32	15	0	0	0	0
AF	0	0.794191	60	46	14	0	0	0	0
AF	0	0.794503	57	34	23	0	0	0	0
AF	0	0.794816	47	31	16	0	0	0	0
AF	0	0.795128	61	35	26	0	0	0	0
AF	0	0.795440	60	36	24	0	0	0	0
AF	0	0.795753	53	32	21	0	0	0	0
AF	0	0.796065	42	27	15	0	0	0	0
AF	0	0.796377	97	65	32	0	0	0	0
AF	0	0.796690	80	51	29	0	0	0	0
AF	0	0.797002	63	46	17	0	0	0	0
AF	0	0.797314	61	37	24	0	0	0	0
AF	0	0.797626	51	36	15	0	0	0	0
AF	0	0.797939	76	48	28	0	0	0	0
AF	0	0.798251	57	32	25	0	0	0	0
AF	0	0.798563	58	38	20	0	0	0	0
AF	0	0.798876	68	49	19	0	0	0	0
AF	0	0.799188	46	27	19	0	0	0	0
AF	0	0.799500	45	28	17	0	0	0	0
AF	0	0.799813	56	42	14	0	0	0	0
AF	0	0.800125	55	41	14	0	0	0	0
AF	0	0.800437	65	39	26	0	0	0	0
AF	0	0.800750	91	64	27	0	0	0	0
AF	0	0.801062	56	45	11	0	0	0	0
AF	0	0.801374	73	55	18	0	0	0	0
AF	0	0.801686	55	43	12	0	0	0	0
AF	0	0.801999	48	30	18	0	0	0	0
AF	0	0.802311	58	41	17	0	0	0	0
AF	0	0.802623	57	38	19	0	0	0	0
AF	0	0.802936	63	45	18	0	0	0	0
AF	0	0.803248	59	42	17	0	0	0	0
AF	0	0.803560	61	44	17	0	0	0	0
AF	0	0.803873	69	43	26	0	0	0	0
AF	0	0.804185	50	35	15	0	0	0	0
AF	0	0.804497	44	28	16	0	0	0	0
AF	0	0.804809	64	51	13	0	0	0	0
AF	0	0.805122	58	45	13	0	0	0	0
AF	0	0.805434	67	49	18	0	0	0	0
AF	0	0.805746	70	54	16	0	0	0	0
AF	0	0.806059	38	21	17	0	0	0	0
AF	0	0.806371	60	40	20	0	0	0	0
AF	0	0.806683	61	36	25	0	0	0	0
AF	0	0.806996	56	37	19	0	0	0	0
AF	0	0.807308	45	23	22	0	0	0	0
AF	0	0.807620	65	48	17	0	0	0	0
AF	0	0.807933	60	36	24	0	0	0	0
AF	0	0.808245	45	28	17	0	0	0	0
AF	0	0.808557	51	33	18	0	0	0	0
AF	0	0.808869	110	76	34	0	0	0	0
AF	0	0.809182	63	45	18	0	0	0	0
AF	0	0.809494	56	42	14	0	0	0	0
AF	0	0.809806	43	32	11	0	0	0	0
AF	0	0.810119	60	43	17	0	0	0	0
AF	0	0.810431	70	46	24	0	0	0	0
AF	0	0.810743	49	32	17	0	0	0	0
AF	0	0.811056	54	35	19	0	0	0	0
AF	0	0.811368	54	39	15	0	0	0	0
AF	0	0.811680	76	58	18	0	0	0	0
AF	0	0.811993	64	40	24	0	0	0	0
AF	0	0.812305	60	40	20	0	0	0	0
AF	0	0.812617	41	30	11	0	0	0	0
AF	0	0.812929	44	33	11	0	0	0	0
AF	0	0.813242	69	45	24	0	0	0	0
AF	0	0.813554	84	59	25	0	0	0	0
AF	0	0.813866	77	55	22	0	0	0	0
AF	0	0.814179	53	36	17	0	0	0	0
AF	0	0.814491	46	31	15	0	0	0	0
AF	0	0.814803	61	47	14	0	0	0	0
AF	0	0.815116	58	36	22	0	0	0	0
AF	0	0.815428	63	44	19	0	0	0	0
AF	0	0.815740	63	44	19	0	0	0	0
AF	0	0.816052	52	38	14	0	0	0	0
AF	0	0.816365	47	30	17	0	0	0	0
AF	0	0.816677	57	41	16	0	0	0	0
AF	0	0.816989	43	30	13	0	0	0	0
AF	0	0.817302	48	38	10	0	0	0	0
AF	0	0.817614	54	34	20	0	0	0	0
AF	0	0.817926	67	41	26	0	0	0	0
AF	0	0.818239	95	68	27	0	0	0	0
AF	0	0.818551	74	43	31	0	0	0	0
AF	0	0.818863	38	27	11	0	0	0	0
AF	0	0.819176	55	32	23	0	0	0	0
AF	0	0.819488	62	37	25	0	0	0	0
AF	0	0.819800	46	29	17	0	0	0	0
AF	0	0.820112	45	35	10	0	0	0	0
AF	0	0.820425	46	31	15	0	0	0	0
AF	0	0.820737	34	22	12	0	0	0	0
AF	0	0.821049	47	32	15	0	0	0	0
AF	0	0.821362	62	44	18	0	0	0	0
AF	0	0.821674	66	42	24	0	0	0	0
AF	0	0.821986	69	43	26	0	0	0	0
AF	0	0.822299	61	40	21	0	0	0	0
AF	0	0.822611	41	20	21	0	0	0	0
AF	0	0.822923	46	35	11	0	0	0	0
AF	0	0.823235	50	34	16	0	0	0	0
AF	0	0.823548	48	39	9	0	0	0	0
AF	0	0.823860	63	47	16	0	0	0	0
AF	0	0.824172	81	61	20	0	0	0	0
AF	0	0.824485	66	49	17	0	0	0	0
AF	0	0.824797	63	44	19	0	0	0	0
AF	0	0.825109	52	32	20	0	0	0	0
AF	0	0.825422	64	39	25	0	0	0	0
AF	0	0.825734	62	43	19	0	0	0	0
AF	0	0.826046	52	34	18	0	0	0	0
AF	0	0.826359	50	34	16	0	0	0	0
AF	0	0.826671	57	38	19	0	0	0	0
AF	0	0.826983	63	47	16	0	0	0	0
AF	0	0.827295	89	59	30	0	0	0	0
AF	0	0.827608	51	34	17	0	0	0	0
AF	0	0.827920	53	35	18	0	0	0	0
AF	0	0.828232	94	58	36	0	0	0	0
AF	0	0.828545	109	72	37	0	0	0	0
AF	0	0.828857	52	28	24	0	0	0	0
AF	0	0.829169	60	38	22	0	0	0	0
AF	0	0.829482	61	43	18	0	0	0	0
AF	0	0.829794	55	34	21	0	0	0	0
AF	0	0.830106	46	33	13	0	0	0	0
AF	0	0.830418	37	28	9	0	0	0	0
AF	0	0.830731	51	39	12	0	0	0	0
AF	0	0.831043	48	28	20	0	0	0	0
AF	0	0.831355	47	28	19	0	0	0	0
AF	0	0.831668	45	35	10	0	0	0	0
AF	0	0.831980	41	23	18	0	0	0	0
AF	0	0.832292	61	38	23	0	0	0	0
AF	0	0.832605	97	70	27	0	0	0	0
AF	0	0.832917	59	40	19	0	0	0	0
AF	0	0.833229	50	41	9	0	0	0	0
AF	0	0.833542	84	67	17	0	0	0	0
AF	0	0.833854	39	26	13	0	0	0	0
AF	0	0.834166	37	30	7	0	0	0	0
AF	0	0.834478	43	24	19	0	0	0	0
AF	0	0.834791	39	26	13	0	0	0	0
AF	0	0.835103	40	29	11	0	0	0	0
AF	0	0.835415	42	27	15	0	0	0	0
AF	0	0.835728	61	39	22	0	0	0	0
AF	0	0.836040	36	24	12	0	0	0	0
AF	0	0.836352	55	41	14	0	0	0	0
AF	0	0.836665	42	29	13	0	0	0	0
AF	0	0.836977	40	27	13	0	0	0	0
AF	0	0.837289	51	34	17	0	0	0	0
AF	0	0.837601	51	34	17	0	0	0	0
AF	0	0.837914	52	40	12	0	0	0	0
AF	0	0.838226	34	23	11	0	0	0	0
AF	0	0.838538	55	36	19	0	0	0	0
AF	0	0.838851	45	31	14	0	0	0	0
AF	0	0.839163	45	27	18	0	0	0	0
AF	0	0.839475	42	28	14	0	0	0	0
AF	0	0.839788	51	32	19	0	0	0	0
AF	0	0.840100	70	43	27	0	0	0	0
AF	0	0.840412	42	27	15	0	0	0	0
AF	0	0.840725	50	37	13	0	0	0	0
AF	0	0.841037	52	35	17	0	0	0	0
AF	0	0.841349	35	22	13	0	0	0	0
AF	0	0.841661	40	27	13	0	0	0	0
AF	0	0.841974	31	23	8	0	0	0	0
AF	0	0.842286	54	40	14	0	0	0	0
AF	0	0.842598	42	32	10	0	0	0	0
AF	0	0.842911	72	48	24	0	0	0	0
AF	0	0.843223	67	42	25	0	0	0	0
AF	0	0.843535	36	20	16	0	0	0	0
AF	0	0.843848	39	29	10	0	0	0	0
AF	0	0.844160	42	30	12	0	0	0	0
AF	0	0.844472	54	42	12	0	0	0	0
AF	0	0.844785	40	27	13	0	0	0	0
AF	0	0.845097	54	35	19	0	0	0	0
AF	0	0.845409	41	30	11	0	0	0	0
AF	0	0.845721	38	25	13	0	0	0	0
AF	0	0.846034	44	32	12	0	0	0	0
AF	0	0.846346	48	33	15	0	0	0	0
AF	0	0.846658	45	30	15	0	0	0	0
AF	0	0.846971	68	43	25	0	0	0	0
AF	0	0.847283	54	39	15	0	0	0	0
AF	0	0.847595	64	43	21	0	0	0	0
AF	0	0.847908	51	31	20	0	0	0	0
AF	0	0.848220	60	37	23	0	0	0	0
AF	0	0.848532	76	57	19	0	0	0	0
AF	0	0.848844	65	53	12	0	0	0	0
AF	0	0.849157	61	43	18	0	0	0	0
AF	0	0.849469	94	69	25	0	0	0	0
AF	0	0.849781	37	24	13	0	0	0	0
AF	0	0.850094	53	37	16	0	0	0	0
AF	0	0.850406	36	26	10	0	0	0	0
AF	0	0.850718	64	49	15	0	0	0	0
AF	0	0.851031	55	37	18	0	0	0	0
AF	0	0.851343	49	37	12	0	0	0	0
AF	0	0.851655	59	45	14	0	0	0	0
AF	0	0.851968	61	37	24	0	0	0	0
AF	0	0.852280	73	49	24	0	0	0	0
AF	0	0.852592	61	38	23	0	0	0	0
AF	0	0.852904	58	40	18	0	0	0	0
AF	0	0.853217	49	37	12	0	0	0	0
AF	0	0.853529	46	30	16	0	0	0	0
AF	0	0.853841	39	29	10	0	0	0	0
AF	0	0.854154	39	26	13	0	0	0	0
AF	0	0.854466	52	37	15	0	0	0	0
AF	0	0.854778	39	29	10	0	0	0	0
AF	0	0.855091	56	40	16	0	0	0	0
AF	0	0.855403	45	30	15	0	0	0	0
AF	0	0.855715	35	24	11	0	0	0	0
AF	0	0.856027	44	32	12	0	0	0	0
AF	0	0.856340	43	29	14	0	0	0	0
AF	0	0.856652	63	38	25	0	0	0	0
AF	0	0.856964	40	23	17	0	0	0	0
AF	0	0.857277	54	35	19	0	0	0	0
AF	0	0.857589	67	40	27	0	0	0	0
AF	0	0.857901	77	56	21	0	0	0	0
AF	0	0.858214	87	63	24	0	0	0	0
AF	0	0.858526	61	40	21	0	0	0	0
AF	0	0.858838	42	21	21	0	0	0	0
AF	0	0.859151	60	38	22	0	0	0	0
AF	0	0.859463	38	32	6	0	0	0	0
AF	0	0.859775	40	27	13	0	0	0	0
AF	0	0.860087	34	18	16	0	0	0	0
AF	0	0.860400	41	28	13	0	0	0	0
AF	0	0.860712	40	28	12	0	0	0	0
AF	0	0.861024	48	34	14	0	0	0	0
AF	0	0.861337	44	29	15	0	0	0	0
AF	0	0.861649	58	43	15	0	0	0	0
AF	0	0.861961	54	36	18	0	0	0	0
AF	0	0.862274	46	28	18	0	0	0	0
AF	0	0.862586	69	50	19	0	0	0	0
AF	0	0.862898	131	85	46	0	0	0	0
AF	0	0.863210	53	36	17	0	0	0	0
AF	0	0.863523	55	37	18	0	0	0	0
AF	0	0.863835	50	42	8	0	0	0	0
AF	0	0.864147	39	29	10	0	0	0	0
AF	0	0.864460	57	45	12	0	0	0	0
AF	0	0.864772	58	42	16	0	0	0	0
AF	0	0.865084	62	44	18	0	0	0	0
AF	0	0.865397	52	32	20	0	0	0	0
AF	0	0.865709	62	44	18	0	0	0	0
AF	0	0.866021	56	35	21	0	0	0	0
AF	0	0.866334	44	28	16	0	0	0	0
AF	0	0.866646	48	31	17	0	0	0	0
AF	0	0.866958	53	35	18	0	0	0	0
AF	0	0.867270	73	55	18	0	0	0	0
AF	0	0.867583	49	33	16	0	0	0	0
AF	0	0.867895	63	43	20	0	0	0	0
AF	0	0.868207	61	37	24	0	0	0	0
AF	0	0.868520	56	35	21	0	0	0	0
AF	0	0.868832	61	41	20	0	0	0	0
AF	0	0.869144	63	44	19	0	0	0	0
AF	0	0.869457	60	38	22	0	0	0	0
AF	0	0.869769	48	35	13	0	0	0	0
AF	0	0.870081	64	46	18	0	0	0	0
AF	0	0.870394	72	48	24	0	0	0	0
AF	0	0.870706	41	24	17	0	0	0	0
AF	0	0.871018	48	32	16	0	0	0	0
AF	0	0.871330	25	20	5	0	0	0	0
AF	0	0.871643	43	34	9	0	0	0	0
AF	0	0.871955	44	33	11	0	0	0	0
AF	0	0.872267	62	42	20	0	0	0	0
AF	0	0.872580	39	27	12	0	0	0	0
AF	0	0.872892	60	36	24	0	0	0	0
AF	0	0.873204	38	21	17	0	0	0	0
AF	0	0.873517	68	41	27	0	0	0	0
AF	0	0.873829	35	23	12	0	0	0	0
AF	0	0.874141	45	28	17	0	0	0	0
AF	0	0.874453	35	25	10	0	0	0	0
AF	0	0.874766	63	45	18	0	0	0	0
AF	0	0.875078	77	51	26	0	0	0	0
AF	0	0.875390	63	42	21	0	0	0	0
AF	0	0.875703	70	51	19	0	0	0	0
AF	0	0.876015	58	39	19	0	0	0	0
AF	0	0.876327	85	63	22	0	0	0	0
AF	0	0.876640	58	39	19	0	0	0	0
AF	0	0.876952	64	37	27	0	0	0	0
AF	0	0.877264	54	39	15	0	0	0	0
AF	0	0.877577	77	50	27	0	0	0	0
AF	0	0.877889	53	36	17	0	0	0	0
AF	0	0.878201	56	37	19	0	0	0	0
AF	0	0.878513	62	40	22	0	0	0	0
AF	0	0.878826	72	43	29	0	0	0	0
AF	0	0.879138	66	35	31	0	0	0	0
AF	0	0.879450	74	52	22	0	0	0	0
AF	0	0.879763	62	40	22	0	0	0	0
AF	0	0.880075	39	24	15	0	0	0	0
AF	0	0.880387	49	30	19	0	0	0	0
AF	0	0.880700	71	46	25	0	0	0	0
AF	0	0.881012	77	48	29	0	0	0	0
AF	0	0.881324	65	43	22	0	0	0	0
AF	0	0.881636	82	56	26	0	0	0	0
AF	0	0.881949	82	52	30	0	0	0	0
AF	0	0.882261	59	42	17	0	0	0	0
AF	0	0.882573	50	34	16	0	0	0	0
AF	0	0.882886	68	52	16	0	0	0	0
AF	0	0.883198	67	54	13	0	0	0	0
AF	0	0.883510	71	42	29	0	0	0	0
AF	0	0.883823	43	22	21	0	0	0	0
AF	0	0.884135	45	29	16	0	0	0	0
AF	0	0.884447	40	28	12	0	0	0	0
AF	0	0.884760	43	31	12	0	0	0	0
AF	0	0.885072	40	29	11	0	0	0	0
AF	0	0.885384	52	33	19	0	0	0	0
AF	0	0.885696	46	31	15	0	0	0	0
AF	0	0.886009	61	39	22	0	0	0	0
AF	0	0.886321	40	25	15	0	0	0	0
AF	0	0.886633	41	35	6	0	0	0	0
AF	0	0.886946	39	24	15	0	0	0	0
AF	0	0.887258	48	35	13	0	0	0	0
AF	0	0.887570	62	47	15	0	0	0	0
AF	0	0.887883	63	47	16	0	0	0	0
AF	0	0.888195	68	46	22	0	0	0	0
AF	0	0.888507	62	45	17	0	0	0	0
AF	0	0.888819	81	58	23	0	0	0	0
AF	0	0.889132	59	40	19	0	0	0	0
AF	0	0.889444	47	32	15	0	0	0	0
AF	0	0.889756	45	36	9	0	0	0	0
AF	0	0.890069	35	23	12	0	0	0	0
AF	0	0.890381	49	36	13	0	0	0	0
AF	0	0.890693	64	40	24	0	0	0	0
AF	0	0.891006	44	31	13	0	0	0	0
AF	0	0.891318	101	68	33	0	0	0	0
AF	0	0.891630	98	66	32	0	0	0	0
AF	0	0.891943	111	71	40	0	0	0	0
AF	0	0.892255	74	44	30	0	0	0	0
AF	0	0.892567	95	67	28	0	0	0	0
AF	0	0.892879	39	28	11	0	0	0	0
AF	0	0.893192	33	24	9	0	0	0	0
AF	0	0.893504	40	28	12	0	0	0	0
AF	0	0.893816	47	38	9	0	0	0	0
AF	0	0.894129	59	43	16	0	0	0	0
AF	0	0.894441	51	34	17	0	0	0	0
AF	0	0.894753	51	38	13	0	0	0	0
AF	0	0.895066	39	21	18	0	0	0	0
AF	0	0.895378	28	20	8	0	0	0	0
AF	0	0.895690	48	41	7	0	0	0	0
AF	0	0.896002	44	31	13	0	0	0	0
AF	0	0.896315	58	38	20	0	0	0	0
AF	0	0.896627	36	24	12	0	0	0	0
AF	0	0.896939	51	34	17	0	0	0	0
AF	0	0.897252	52	36	16	0	0	0	0
AF	0	0.897564	31	24	7	0	0	0	0
AF	0	0.897876	31	23	8	0	0	0	0
AF	0	0.898189	49	32	17	0	0	0	0
AF	0	0.898501	56	36	20	0	0	0	0
AF	0	0.898813	49	33	16	0	0	0	0
AF	0	0.899126	40	24	16	0	0	0	0
AF	0	0.899438	35	24	11	0	0	0	0
AF	0	0.899750	62	43	19	0	0	0	0
AF	0	0.900062	42	24	18	0	0	0	0
AF	0	0.900375	51	42	9	0	0	0	0
AF	0	0.900687	51	31	20	0	0	0	0
AF	0	0.900999	66	46	20	0	0	0	0
AF	0	0.901312	48	33	15	0	0	0	0
AF	0	0.901624	49	35	14	0	0	0	0
AF	0	0.901936	46	38	8	0	0	0	0
AF	0	0.902249	49	31	18	0	0	0	0
AF	0	0.902561	61	42	19	0	0	0	0
AF	0	0.902873	50	35	15	0	0	0	0
AF	0	0.903186	34	20	14	0	0	0	0
AF	0	0.903498	81	47	34	0	0	0	0
AF	0	0.903810	44	31	13	0	0	0	0
AF	0	0.904122	45	32	13	0	0	0	0
AF	0	0.904435	57	32	25	0	0	0	0
AF	0	0.904747	49	32	17	0	0	0	0
AF	0	0.905059	66	43	23	0	0	0	0
AF	0	0.905372	57	41	16	0	0	0	0
AF	0	0.905684	52	29	23	0	0	0	0
AF	0	0.905996	34	19	15	0	0	0	0
AF	0	0.906309	63	31	32	0	0	0	0
AF	0	0.906621	55	36	19	0	0	0	0
AF	0	0.906933	63	44	19	0	0	0	0
AF	0	0.907245	122	81	41	0	0	0	0
AF	0	0.907558	71	53	18	0	0	0	0
AF	0	0.907870	85	59	26	0	0	0	0
AF	0	0.908182	90	61	29	0	0	0	0
AF	0	0.908495	83	63	20	0	0	0	0
AF	0	0.908807	67	44	23	0	0	0	0
AF	0	0.909119	45	30	15	0	0	0	0
AF	0	0.909432	38	29	9	0	0	0	0
AF	0	0.909744	34	22	12	0	0	0	0
AF	0	0.910056	48	34	14	0	0	0	0
AF	0	0.910369	56	36	20	0	0	0	0
AF	0	0.910681	37	25	12	0	0	0	0
AF	0	0.910993	27	24	3	0	0	0	0
AF	0	0.911305	42	32	10	0	0	0	0
AF	0	0.911618	37	26	11	0	0	0	0
AF	0	0.911930	31	19	12	0	0	0	0
AF	0	0.912242	35	31	4	0	0	0	0
AF	0	0.912555	34	28	6	0	0	0	0
AF	0	0.912867	34	28	6	0	0	0	0
AF	0	0.913179	39	31	8	0	0	0	0
AF	0	0.913492	37	26	11	0	0	0	0
AF	0	0.913804	36	24	12	0	0	0	0
AF	0	0.914116	49	31	18	0	0	0	0
AF	0	0.914428	45	34	11	0	0	0	0
AF	0	0.914741	53	39	14	0	0	0	0
AF	0	0.915053	69	48	21	0	0	0	0
AF	0	0.915365	51	34	17	0	0	0	0
AF	0	0.915678	67	36	31	0	0	0	0
AF	0	0.915990	54	34	20	0	0	0	0
AF	0	0.916302	60	41	19	0	0	0	0
AF	0	0.916615	51	32	19	0	0	0	0
AF	0	0.916927	65	48	17	0	0	0	0
AF	0	0.917239	59	37	22	0	0	0	0
AF	0	0.917552	52	39	13	0	0	0	0
AF	0	0.917864	60	42	18	0	0	0	0
AF	0	0.918176	47	35	12	0	0	0	0
AF	0	0.918488	59	43	16	0	0	0	0
AF	0	0.918801	34	23	11	0	0	0	0
AF	0	0.919113	42	28	14	0	0	0	0
AF	0	0.919425	37	26	11	0	0	0	0
AF	0	0.919738	44	29	15	0	0	0	0
AF	0	0.920050	53	37	16	0	0	0	0
AF	0	0.920362	41	24	17	0	0	0	0
AF	0	0.920675	54	30	24	0	0	0	0
AF	0	0.920987	43	30	13	0	0	0	0
AF	0	0.921299	49	25	24	0	0	0	0
AF	0	0.921611	46	31	15	0	0	0	0
AF	0	0.921924	41	24	17	0	0	0	0
AF	0	0.922236	44	28	16	0	0	0	0
AF	0	0.922548	36	28	8	0	0	0	0
AF	0	0.922861	42	28	14	0	0	0	0
AF	0	0.923173	36	24	12	0	0	0	0
AF	0	0.923485	41	33	8	0	0	0	0
AF	0	0.923798	39	29	10	0	0	0	0
AF	0	0.924110	33	23	10	0	0	0	0
AF	0	0.924422	38	27	11	0	0	0	0
AF	0	0.924735	28	19	9	0	0	0	0
AF	0	0.925047	48	28	20	0	0	0	0
AF	0	0.925359	49	26	23	0	0	0	0
AF	0	0.925671	58	42	16	0	0	0	0
AF	0	0.925984	40	27	13	0	0	0	0
AF	0	0.926296	57	39	18	0	0	0	0
AF	0	0.926608	77	49	28	0	0	0	0
AF	0	0.926921	110	80	30	0	0	0	0
AF	0	0.927233	62	37	25	0	0	0	0
AF	0	0.927545	83	59	24	0	0	0	0
AF	0	0.927858	71	40	31	0	0	0	0
AF	0	0.928170	44	33	11	0	0	0	0
AF	0	0.928482	36	30	6	0	0	0	0
AF	0	0.928795	27	18	9	0	0	0	0
AF	0	0.929107	50	33	17	0	0	0	0
AF	0	0.929419	41	29	12	0	0	0	0
AF	0	0.929731	41	27	14	0	0	0	0
AF	0	0.930044	73	46	27	0	0	0	0
AF	0	0.930356	61	41	20	0	0	0	0
AF	0	0.930668	58	40	18	0	0	0	0
AF	0	0.930981	67	46	21	0	0	0	0
AF	0	0.931293	58	40	18	0	0	0	0
AF	0	0.931605	85	60	25	0	0	0	0
AF	0	0.931918	93	59	34	0	0	0	0
AF	0	0.932230	79	45	34	0	0	0	0
AF	0	0.932542	67	56	11	0	0	0	0
AF	0	0.932854	88	63	25	0	0	0	0
AF	0	0.933167	52	37	15	0	0	0	0
AF	0	0.933479	42	35	7	0	0	0	0
AF	0	0.933791	51	34	17	0	0	0	0
AF	0	0.934104	60	44	16	0	0	0	0
AF	0	0.934416	45	28	17	0	0	0	0
AF	0	0.934728	52	33	19	0	0	0	0
AF	0	0.935041	60	39	21	0	0	0	0
AF	0	0.935353	44	27	17	0	0	0	0
AF	0	0.935665	26	21	5	0	0	0	0
AF	0	0.935978	44	30	14	0	0	0	0
AF	0	0.936290	41	29	12	0	0	0	0
AF	0	0.936602	43	28	15	0	0	0	0
AF	0	0.936914	52	36	16	0	0	0	0
AF	0	0.937227	50	32	18	0	0	0	0
AF	0	0.937539	33	22	11	0	0	0	0
AF	0	0.937851	45	31	14	0	0	0	0
AF	0	0.938164	33	26	7	0	0	0	0
AF	0	0.938476	42	33	9	0	0	0	0
AF	0	0.938788	65	49	16	0	0	0	0
AF	0	0.939101	54	37	17	0	0	0	0
AF	0	0.939413	83	53	30	0	0	0	0
AF	0	0.939725	38	29	9	0	0	0	0
AF	0	0.940037	46	31	15	0	0	0	0
AF	0	0.940350	65	48	17	0	0	0	0
AF	0	0.940662	64	40	24	0	0	0	0
AF	0	0.940974	55	38	17	0	0	0	0
AF	0	0.941287	70	53	17	0	0	0	0
AF	0	0.941599	39	30	9	0	0	0	0
AF	0	0.941911	58	44	14	0	0	0	0
AF	0	0.942224	60	40	20	0	0	0	0
AF	0	0.942536	64	48	16	0	0	0	0
AF	0	0.942848	45	33	12	0	0	0	0
AF	0	0.943161	41	25	16	0	0	0	0
AF	0	0.943473	35	22	13	0	0	0	0
AF	0	0.943785	41	30	11	0	0	0	0
AF	0	0.944097	28	20	8	0	0	0	0
AF	0	0.944410	43	25	18	0	0	0	0
AF	0	0.944722	41	33	8	0	0	0	0
AF	0	0.945034	39	29	10	0	0	0	0
AF	0	0.945347	43	28	15	0	0	0	0
AF	0	0.945659	45	38	7	0	0	0	0
AF	0	0.945971	31	27	4	0	0	0	0
AF	0	0.946284	39	27	12	0	0	0	0
AF	0	0.946596	27	20	7	0	0	0	0
AF	0	0.946908	43	29	14	0	0	0	0
AF	0	0.947220	38	22	16	0	0	0	0
AF	0	0.947533	35	24	11	0	0	0	0
AF	0	0.947845	52	40	12	0	0	0	0
AF	0	0.948157	31	22	9	0	0	0	0
AF	0	0.948470	37	22	15	0	0	0	0
AF	0	0.948782	31	25	6	0	0	0	0
AF	0	0.949094	51	33	18	0	0	0	0
AF	0	0.949407	41	28	13	0	0	0	0
AF	0	0.949719	45	29	16	0	0	0	0
AF	0	0.950031	37	29	8	0	0	0	0
AF	0	0.950344	39	25	14	0	0	0	0
AF	0	0.950656	27	20	7	0	0	0	0
AF	0	0.950968	30	19	11	0	0	0	0
AF	0	0.951280	32	24	8	0	0	0	0
AF	0	0.951593	41	25	16	0	0	0	0
AF	0	0.951905	48	33	15	0	0	0	0
AF	0	0.952217	51	34	17	0	0	0	0
AF	0	0.952530	57	32	25	0	0	0	0
AF	0	0.952842	31	22	9	0	0	0	0
AF	0	0.953154	66	38	28	0	0	0	0
AF	0	0.953467	65	45	20	0	0	0	0
AF	0	0.953779	52	38	14	0	0	0	0
AF	0	0.954091	44	34	10	0	0	0	0
AF	0	0.954403	44	29	15	0	0	0	0
AF	0	0.954716	37	28	9	0	0	0	0
AF	0	0.955028	48	37	11	0	0	0	0
AF	0	0.955340	55	38	17	0	0	0	0
AF	0	0.955653	66	43	23	0	0	0	0
AF	0	0.955965	37	27	10	0	0	0	0
AF	0	0.956277	28	19	9	0	0	0	0
AF	0	0.956590	46	32	14	0	0	0	0
AF	0	0.956902	46	35	11	0	0	0	0
AF	0	0.957214	55	38	17	0	0	0	0
AF	0	0.957527	39	24	15	0	0	0	0
AF	0	0.957839	51	38	13	0	0	0	0
AF	0	0.958151	62	46	16	0	0	0	0
AF	0	0.958463	48	32	16	0	0	0	0
AF	0	0.958776	64	45	19	0	0	0	0
AF	0	0.959088	47	33	14	0	0	0	0
AF	0	0.959400	37	21	16	0	0	0	0
AF	0	0.959713	48	30	18	0	0	0	0
AF	0	0.960025	39	33	6	0	0	0	0
AF	0	0.960337	35	25	10	0	0	0	0
AF	0	0.960650	47	35	12	0	0	0	0
AF	0	0.960962	48	32	16	0	0	0	0
AF	0	0.961274	36	23	13	0	0	0	0
AF	0	0.961587	41	31	10	0	0	0	0
AF	0	0.961899	52	35	17	0	0	0	0
AF	0	0.962211	49	35	14	0	0	0	0
AF	0	0.962523	59	38	21	0	0	0	0
AF	0	0.962836	104	63	41	0	0	0	0
AF	0	0.963148	62	43	19	0	0	0	0
AF	0	0.963460	61	41	20	0	0	0	0
AF	0	0.963773	28	20	8	0	0	0	0
AF	0	0.964085	59	39	20	0	0	0	0
AF	0	0.964397	72	56	16	0	0	0	0
AF	0	0.964710	76	55	21	0	0	0	0
AF	0	0.965022	50	33	17	0	0	0	0
AF	0	0.965334	48	30	18	0	0	0	0
AF	0	0.965646	38	25	13	0	0	0	0
AF	0	0.965959	55	28	27	0	0	0	0
AF	0	0.966271	56	36	20	0	0	0	0
AF	0	0.966583	51	37	14	0	0	0	0
AF	0	0.966896	61	46	15	0	0	0	0
AF	0	0.967208	110	76	34	0	0	0	0
AF	0	0.967520	64	41	23	0	0	0	0
AF	0	0.967833	58	42	16	0	0	0	0
AF	0	0.968145	93	56	37	0	0	0	0
AF	0	0.968457	46	35	11	0	0	0	0
AF	0	0.968770	32	22	10	0	0	0	0
AF	0	0.969082	48	33	15	0	0	0	0
AF	0	0.969394	31	26	5	0	0	0	0
AF	0	0.969706	53	38	15	0	0	0	0
AF	0	0.970019	110	71	39	0	0	0	0
AF	0	0.970331	60	37	23	0	0	0	0
AF	0	0.970643	43	28	15	0	0	0	0
AF	0	0.970956	51	40	11	0	0	0	0
AF	0	0.971268	89	55	34	0	0	0	0
AF	0	0.971580	76	44	32	0	0	0	0
AF	0	0.971893	73	42	31	0	0	0	0
AF	0	0.972205	53	36	17	0	0	0	0
AF	0	0.972517	69	49	20	0	0	0	0
AF	0	0.972829	83	57	26	0	0	0	0
AF	0	0.973142	56	44	12	0	0	0	0
AF	0	0.973454	60	41	19	0	0	0	0
AF	0	0.973766	44	30	14	0	0	0	0
AF	0	0.974079	52	33	19	0	0	0	0
AF	0	0.974391	70	48	22	0	0	0	0
AF	0	0.974703	56	38	18	0	0	0	0
AF	0	0.975016	71	53	18	0	0	0	0
AF	0	0.975328	76	56	20	0	0	0	0
AF	0	0.975640	43	28	15	0	0	0	0
AF	0	0.975953	65	41	24	0	0	0	0
AF	0	0.976265	52	33	19	0	0	0	0
AF	0	0.976577	79	59	20	0	0	0	0
AF	0	0.976889	62	47	15	0	0	0	0
AF	0	0.977202	40	27	13	0	0	0	0
AF	0	0.977514	56	37	19	0	0	0	0
AF	0	0.977826	64	49	15	0	0	0	0
AF	0	0.978139	71	55	16	0	0	0	0
AF	0	0.978451	85	51	34	0	0	0	0
AF	0	0.978763	71	48	23	0	0	0	0
AF	0	0.979076	87	63	24	0	0	0	0
AF	0	0.979388	80	56	24	0	0	0	0
AF	0	0.979700	74	45	29	0	0	0	0
AF	0	0.980012	55	38	17	0	0	0	0
AF	0	0.980325	65	37	28	0	0	0	0
AF	0	0.980637	101	76	25	0	0	0	0
AF	0	0.980949	98	64	34	0	0	0	0
AF	0	0.981262	54	37	17	0	0	0	0
AF	0	0.981574	53	39	14	0	0	0	0
AF	0	0.981886	71	48	23	0	0	0	0
AF	0	0.982199	64	34	30	0	0	0	0
AF	0	0.982511	71	40	31	0	0	0	0
AF	0	0.982823	110	73	37	0	0	0	0
AF	0	0.983136	66	47	19	0	0	0	0
AF	0	0.983448	65	44	21	0	0	0	0
AF	0	0.983760	52	36	16	0	0	0	0
AF	0	0.984072	57	33	24	0	0	0	0
AF	0	0.984385	86	51	35	0	0	0	0
AF	0	0.984697	59	37	22	0	0	0	0
AF	0	0.985009	69	51	18	0	0	0	0
AF	0	0.985322	53	43	10	0	0	0	0
AF	0	0.985634	48	35	13	0	0	0	0
AF	0	0.985946	80	55	25	0	0	0	0
AF	0	0.986259	97	72	25	0	0	0	0
AF	0	0.986571	145	111	34	0	0	0	0
AF	0	0.986883	74	50	24	0	0	0	0
AF	0	0.987196	55	40	15	0	0	0	0
AF	0	0.987508	70	43	27	0	0	0	0
AF	0	0.987820	70	52	18	0	0	0	0
AF	0	0.988132	86	50	36	0	0	0	0
AF	0	0.988445	86	60	26	0	0	0	0
AF	0	0.988757	113	82	31	0	0	0	0
AF	0	0.989069	154	105	49	0	0	0	0
AF	0	0.989382	82	53	29	0	0	0	0
AF	0	0.989694	72	46	26	0	0	0	0
AF	0	0.990006	88	58	30	0	0	0	0
AF	0	0.990319	72	47	25	0	0	0	0
AF	0	0.990631	79	55	24	0	0	0	0
AF	0	0.990943	121	74	47	0	0	0	0
AF	0	0.991255	93	67	26	0	0	0	0
AF	0	0.991568	112	82	30	0	0	0	0
AF	0	0.991880	136	97	39	0	0	0	0
AF	0	0.992192	76	56	20	0	0	0	0
AF	0	0.992505	88	56	32	0	0	0	0
AF	0	0.992817	111	76	35	0	0	0	0
AF	0	0.993129	91	60	31	0	0	0	0
AF	0	0.993442	109	82	27	0	0	0	0
AF	0	0.993754	88	59	29	0	0	0	0
AF	0	0.994066	90	57	33	0	0	0	0
AF	0	0.994379	87	64	23	0	0	0	0
AF	0	0.994691	107	76	31	0	0	0	0
AF	0	0.995003	79	52	27	0	0	0	0
AF	0	0.995315	83	58	25	0	0	0	0
AF	0	0.995628	95	58	37	0	0	0	0
AF	0	0.995940	109	75	34	0	0	0	0
AF	0	0.996252	88	66	22	0	0	0	0
AF	0	0.996565	101	75	26	0	0	0	0
AF	0	0.996877	108	69	39	0	0	0	0
AF	0	0.997189	116	86	30	0	0	0	0
AF	0	0.997502	120	85	35	0	0	0	0
AF	0	0.997814	112	72	40	0	0	0	0
AF	0	0.998126	94	66	28	0	0	0	0
AF	0	0.998438	111	80	31	0	0	0	0
AF	0	0.998751	134	87	47	0	0	0	0
AF	0	0.999063	154	112	42	0	0	0	0
AF	0	0.999375	149	101	48	0	0	0	0
# QUAL, Stats by quality
# QUAL	[2]id	[3]Quality	[4]number of SNPs	[5]number of transitions (1st ALT)	[6]number of transversions (1st ALT)	[7]number of indels
QUAL	0	.	2269802	1547673	722129	0
# IDD, InDel distribution:
# IDD	[2]id	[3]length (deletions negative)	[4]number of sites	[5]number of genotypes	[6]mean VAF
# ST, Substitution types:
# ST	[2]id	[3]type	[4]count
ST	0	A>C	84683
ST	0	A>G	321471
ST	0	A>T	81131
ST	0	C>A	106520
ST	0	C>G	91077
ST	0	C>T	450432
ST	0	G>A	452939
ST	0	G>C	89613
ST	0	G>T	101865
ST	0	T>A	83553
ST	0	T>C	322831
ST	0	T>G	83687
# DP, depth:
#   - set id, see above
#   - the depth bin, corresponds to the depth (unless --depth was given)
#   - number of genotypes with this depth (zero unless -s/-S was given)
#   - fraction of genotypes with this depth (zero unless -s/-S was given)
#   - number of sites with this depth
#   - fraction of sites with this depth
# DP, Depth distribution
# DP	[2]id	[3]bin	[4]number of genotypes	[5]fraction of genotypes (%)	[6]number of sites	[7]fraction of sites (%)
