# This file was produced by bcftools stats (1.21+htslib-1.21) and can be plotted using plot-vcfstats.
# The command line was:	bcftools stats  /hpc/local/Rocky8/dhl_ec/software/MonopogenLite/resources/1kGP_high_coverage_Illumina.SNVonly_poly.filtered_AF_5e-04.norm.fixvariantid.chr1.vcf.gz
#
# Definition of sets:
# ID	[2]id	[3]tab-separated file names
ID	0	/hpc/local/Rocky8/dhl_ec/software/MonopogenLite/resources/1kGP_high_coverage_Illumina.SNVonly_poly.filtered_AF_5e-04.norm.fixvariantid.chr1.vcf.gz
# SN, Summary numbers:
#   number of records   .. number of data rows in the VCF
#   number of no-ALTs   .. reference-only sites, ALT is either "." or identical to REF
#   number of SNPs      .. number of rows with a SNP
#   number of MNPs      .. number of rows with a MNP, such as CC>TT
#   number of indels    .. number of rows with an indel
#   number of others    .. number of rows with other type, for example a symbolic allele or
#                          a complex substitution, such as ACT>TCGA
#   number of multiallelic sites     .. number of rows with multiple alternate alleles
#   number of multiallelic SNP sites .. number of rows with multiple alternate alleles, all SNPs
# 
#   Note that rows containing multiple types will be counted multiple times, in each
#   counter. For example, a row with a SNP and an indel increments both the SNP and
#   the indel counter.
# 
# SN	[2]id	[3]key	[4]value
SN	0	number of samples:	3202
SN	0	number of records:	3003075
SN	0	number of no-ALTs:	0
SN	0	number of SNPs:	3003075
SN	0	number of MNPs:	0
SN	0	number of indels:	0
SN	0	number of others:	0
SN	0	number of multiallelic sites:	0
SN	0	number of multiallelic SNP sites:	0
# TSTV, transitions/transversions
#   - transitions, see https://en.wikipedia.org/wiki/Transition_(genetics)
#   - transversions, see https://en.wikipedia.org/wiki/Transversion
# TSTV	[2]id	[3]ts	[4]tv	[5]ts/tv	[6]ts (1st ALT)	[7]tv (1st ALT)	[8]ts/tv (1st ALT)
TSTV	0	2025616	977459	2.07	2025616	977459	2.07
# SiS, Singleton stats:
#   - allele count, i.e. the number of singleton genotypes (AC=1)
#   - number of transitions, see above
#   - number of transversions, see above
#   - repeat-consistent, inconsistent and n/a: experimental and useless stats [DEPRECATED]
# SiS	[2]id	[3]allele count	[4]number of SNPs	[5]number of transitions	[6]number of transversions	[7]number of indels	[8]repeat-consistent	[9]repeat-inconsistent	[10]not applicable
SiS	0	1	0	0	0	0	0	0	0
# AF, Stats by non-reference allele frequency:
# AF	[2]id	[3]allele frequency	[4]number of SNPs	[5]number of transitions	[6]number of transversions	[7]number of indels	[8]repeat-consistent	[9]repeat-inconsistent	[10]not applicable
AF	0	0.000312	312235	213012	99223	0	0	0	0
AF	0	0.000625	363781	245861	117920	0	0	0	0
AF	0	0.000937	223466	150148	73318	0	0	0	0
AF	0	0.001249	156615	104565	52050	0	0	0	0
AF	0	0.001562	120152	80096	40056	0	0	0	0
AF	0	0.001874	94044	62718	31326	0	0	0	0
AF	0	0.002186	77918	51920	25998	0	0	0	0
AF	0	0.002498	67185	45172	22013	0	0	0	0
AF	0	0.002811	57765	38736	19029	0	0	0	0
AF	0	0.003123	50402	33598	16804	0	0	0	0
AF	0	0.003435	44797	30014	14783	0	0	0	0
AF	0	0.003748	41173	27493	13680	0	0	0	0
AF	0	0.004060	36732	24454	12278	0	0	0	0
AF	0	0.004372	33247	22328	10919	0	0	0	0
AF	0	0.004685	30932	20626	10306	0	0	0	0
AF	0	0.004997	28341	18959	9382	0	0	0	0
AF	0	0.005309	26068	17540	8528	0	0	0	0
AF	0	0.005621	24448	16397	8051	0	0	0	0
AF	0	0.005934	22908	15354	7554	0	0	0	0
AF	0	0.006246	21557	14447	7110	0	0	0	0
AF	0	0.006558	20254	13548	6706	0	0	0	0
AF	0	0.006871	18308	12204	6104	0	0	0	0
AF	0	0.007183	17085	11315	5770	0	0	0	0
AF	0	0.007495	16819	11264	5555	0	0	0	0
AF	0	0.007808	16235	10733	5502	0	0	0	0
AF	0	0.008120	15135	10140	4995	0	0	0	0
AF	0	0.008432	14466	9765	4701	0	0	0	0
AF	0	0.008745	14165	9556	4609	0	0	0	0
AF	0	0.009057	13405	9019	4386	0	0	0	0
AF	0	0.009369	12466	8263	4203	0	0	0	0
AF	0	0.009681	12118	8087	4031	0	0	0	0
AF	0	0.009994	11251	7660	3591	0	0	0	0
AF	0	0.010306	11151	7449	3702	0	0	0	0
AF	0	0.010618	10655	7082	3573	0	0	0	0
AF	0	0.010931	10437	7010	3427	0	0	0	0
AF	0	0.011243	10087	6825	3262	0	0	0	0
AF	0	0.011555	9906	6705	3201	0	0	0	0
AF	0	0.011868	9337	6362	2975	0	0	0	0
AF	0	0.012180	9227	6284	2943	0	0	0	0
AF	0	0.012492	8711	5892	2819	0	0	0	0
AF	0	0.012804	8179	5478	2701	0	0	0	0
AF	0	0.013117	7904	5217	2687	0	0	0	0
AF	0	0.013429	7931	5370	2561	0	0	0	0
AF	0	0.013741	7565	5049	2516	0	0	0	0
AF	0	0.014054	7361	4957	2404	0	0	0	0
AF	0	0.014366	6952	4694	2258	0	0	0	0
AF	0	0.014678	6730	4554	2176	0	0	0	0
AF	0	0.014991	6228	4151	2077	0	0	0	0
AF	0	0.015303	6153	4195	1958	0	0	0	0
AF	0	0.015615	5917	4014	1903	0	0	0	0
AF	0	0.015928	5877	3975	1902	0	0	0	0
AF	0	0.016240	5844	3922	1922	0	0	0	0
AF	0	0.016552	5573	3762	1811	0	0	0	0
AF	0	0.016864	5719	3895	1824	0	0	0	0
AF	0	0.017177	5527	3718	1809	0	0	0	0
AF	0	0.017489	5498	3703	1795	0	0	0	0
AF	0	0.017801	5209	3553	1656	0	0	0	0
AF	0	0.018114	5022	3362	1660	0	0	0	0
AF	0	0.018426	4611	3083	1528	0	0	0	0
AF	0	0.018738	4545	3053	1492	0	0	0	0
AF	0	0.019051	4729	3197	1532	0	0	0	0
AF	0	0.019363	4459	2988	1471	0	0	0	0
AF	0	0.019675	4377	2958	1419	0	0	0	0
AF	0	0.019988	4366	2946	1420	0	0	0	0
AF	0	0.020300	4381	2948	1433	0	0	0	0
AF	0	0.020612	3965	2649	1316	0	0	0	0
AF	0	0.020924	3993	2683	1310	0	0	0	0
AF	0	0.021237	4157	2830	1327	0	0	0	0
AF	0	0.021549	4202	2857	1345	0	0	0	0
AF	0	0.021861	4169	2758	1411	0	0	0	0
AF	0	0.022174	3826	2631	1195	0	0	0	0
AF	0	0.022486	3882	2619	1263	0	0	0	0
AF	0	0.022798	3631	2436	1195	0	0	0	0
AF	0	0.023111	3551	2440	1111	0	0	0	0
AF	0	0.023423	3490	2379	1111	0	0	0	0
AF	0	0.023735	3614	2448	1166	0	0	0	0
AF	0	0.024047	3546	2406	1140	0	0	0	0
AF	0	0.024360	3306	2267	1039	0	0	0	0
AF	0	0.024672	3309	2242	1067	0	0	0	0
AF	0	0.024984	3298	2216	1082	0	0	0	0
AF	0	0.025297	3197	2155	1042	0	0	0	0
AF	0	0.025609	3235	2150	1085	0	0	0	0
AF	0	0.025921	3099	2099	1000	0	0	0	0
AF	0	0.026234	2695	1818	877	0	0	0	0
AF	0	0.026546	3057	2028	1029	0	0	0	0
AF	0	0.026858	2742	1869	873	0	0	0	0
AF	0	0.027171	2740	1818	922	0	0	0	0
AF	0	0.027483	2616	1725	891	0	0	0	0
AF	0	0.027795	2689	1799	890	0	0	0	0
AF	0	0.028107	2746	1851	895	0	0	0	0
AF	0	0.028420	2676	1802	874	0	0	0	0
AF	0	0.028732	2763	1884	879	0	0	0	0
AF	0	0.029044	2750	1873	877	0	0	0	0
AF	0	0.029357	2345	1544	801	0	0	0	0
AF	0	0.029669	2595	1771	824	0	0	0	0
AF	0	0.029981	2490	1694	796	0	0	0	0
AF	0	0.030294	2270	1566	704	0	0	0	0
AF	0	0.030606	2293	1545	748	0	0	0	0
AF	0	0.030918	2264	1528	736	0	0	0	0
AF	0	0.031230	2119	1421	698	0	0	0	0
AF	0	0.031543	2257	1539	718	0	0	0	0
AF	0	0.031855	2087	1380	707	0	0	0	0
AF	0	0.032167	2238	1508	730	0	0	0	0
AF	0	0.032480	2052	1380	672	0	0	0	0
AF	0	0.032792	2049	1368	681	0	0	0	0
AF	0	0.033104	2231	1522	709	0	0	0	0
AF	0	0.033417	1910	1304	606	0	0	0	0
AF	0	0.033729	2120	1469	651	0	0	0	0
AF	0	0.034041	2004	1349	655	0	0	0	0
AF	0	0.034354	1926	1323	603	0	0	0	0
AF	0	0.034666	1885	1254	631	0	0	0	0
AF	0	0.034978	1723	1187	536	0	0	0	0
AF	0	0.035290	1688	1141	547	0	0	0	0
AF	0	0.035603	1764	1190	574	0	0	0	0
AF	0	0.035915	1768	1205	563	0	0	0	0
AF	0	0.036227	1787	1203	584	0	0	0	0
AF	0	0.036540	1691	1151	540	0	0	0	0
AF	0	0.036852	1661	1151	510	0	0	0	0
AF	0	0.037164	1653	1118	535	0	0	0	0
AF	0	0.037477	1660	1157	503	0	0	0	0
AF	0	0.037789	1710	1172	538	0	0	0	0
AF	0	0.038101	1642	1126	516	0	0	0	0
AF	0	0.038413	1719	1161	558	0	0	0	0
AF	0	0.038726	1700	1160	540	0	0	0	0
AF	0	0.039038	1876	1283	593	0	0	0	0
AF	0	0.039350	1806	1244	562	0	0	0	0
AF	0	0.039663	1741	1162	579	0	0	0	0
AF	0	0.039975	1632	1114	518	0	0	0	0
AF	0	0.040287	1758	1170	588	0	0	0	0
AF	0	0.040600	1480	1019	461	0	0	0	0
AF	0	0.040912	1509	1032	477	0	0	0	0
AF	0	0.041224	1624	1109	515	0	0	0	0
AF	0	0.041537	1346	939	407	0	0	0	0
AF	0	0.041849	1351	922	429	0	0	0	0
AF	0	0.042161	1572	1096	476	0	0	0	0
AF	0	0.042473	1336	905	431	0	0	0	0
AF	0	0.042786	1489	1008	481	0	0	0	0
AF	0	0.043098	1478	1011	467	0	0	0	0
AF	0	0.043410	1378	943	435	0	0	0	0
AF	0	0.043723	1526	1025	501	0	0	0	0
AF	0	0.044035	1331	927	404	0	0	0	0
AF	0	0.044347	1212	829	383	0	0	0	0
AF	0	0.044660	1422	960	462	0	0	0	0
AF	0	0.044972	1331	910	421	0	0	0	0
AF	0	0.045284	1284	882	402	0	0	0	0
AF	0	0.045597	1493	1022	471	0	0	0	0
AF	0	0.045909	1387	965	422	0	0	0	0
AF	0	0.046221	1179	835	344	0	0	0	0
AF	0	0.046533	1258	863	395	0	0	0	0
AF	0	0.046846	1254	834	420	0	0	0	0
AF	0	0.047158	1221	816	405	0	0	0	0
AF	0	0.047470	1252	886	366	0	0	0	0
AF	0	0.047783	1158	785	373	0	0	0	0
AF	0	0.048095	1250	853	397	0	0	0	0
AF	0	0.048407	1115	761	354	0	0	0	0
AF	0	0.048720	1141	770	371	0	0	0	0
AF	0	0.049032	1140	753	387	0	0	0	0
AF	0	0.049344	1188	791	397	0	0	0	0
AF	0	0.049656	1115	747	368	0	0	0	0
AF	0	0.049969	1133	769	364	0	0	0	0
AF	0	0.050281	1111	767	344	0	0	0	0
AF	0	0.050593	1194	844	350	0	0	0	0
AF	0	0.050906	1154	752	402	0	0	0	0
AF	0	0.051218	1203	829	374	0	0	0	0
AF	0	0.051530	1169	806	363	0	0	0	0
AF	0	0.051843	1129	776	353	0	0	0	0
AF	0	0.052155	1214	812	402	0	0	0	0
AF	0	0.052467	1116	760	356	0	0	0	0
AF	0	0.052780	1221	827	394	0	0	0	0
AF	0	0.053092	1108	753	355	0	0	0	0
AF	0	0.053404	1012	703	309	0	0	0	0
AF	0	0.053716	916	617	299	0	0	0	0
AF	0	0.054029	991	655	336	0	0	0	0
AF	0	0.054341	952	633	319	0	0	0	0
AF	0	0.054653	980	675	305	0	0	0	0
AF	0	0.054966	991	665	326	0	0	0	0
AF	0	0.055278	947	665	282	0	0	0	0
AF	0	0.055590	1021	680	341	0	0	0	0
AF	0	0.055903	1180	818	362	0	0	0	0
AF	0	0.056215	1015	701	314	0	0	0	0
AF	0	0.056527	1099	745	354	0	0	0	0
AF	0	0.056839	1013	687	326	0	0	0	0
AF	0	0.057152	922	618	304	0	0	0	0
AF	0	0.057464	941	615	326	0	0	0	0
AF	0	0.057776	915	641	274	0	0	0	0
AF	0	0.058089	914	628	286	0	0	0	0
AF	0	0.058401	935	612	323	0	0	0	0
AF	0	0.058713	955	646	309	0	0	0	0
AF	0	0.059026	896	618	278	0	0	0	0
AF	0	0.059338	862	599	263	0	0	0	0
AF	0	0.059650	902	622	280	0	0	0	0
AF	0	0.059963	901	603	298	0	0	0	0
AF	0	0.060275	879	626	253	0	0	0	0
AF	0	0.060587	935	633	302	0	0	0	0
AF	0	0.060899	1064	711	353	0	0	0	0
AF	0	0.061212	868	584	284	0	0	0	0
AF	0	0.061524	886	607	279	0	0	0	0
AF	0	0.061836	914	623	291	0	0	0	0
AF	0	0.062149	815	569	246	0	0	0	0
AF	0	0.062461	829	560	269	0	0	0	0
AF	0	0.062773	771	527	244	0	0	0	0
AF	0	0.063086	822	541	281	0	0	0	0
AF	0	0.063398	862	577	285	0	0	0	0
AF	0	0.063710	806	557	249	0	0	0	0
AF	0	0.064022	831	576	255	0	0	0	0
AF	0	0.064335	855	593	262	0	0	0	0
AF	0	0.064647	807	534	273	0	0	0	0
AF	0	0.064959	797	551	246	0	0	0	0
AF	0	0.065272	759	530	229	0	0	0	0
AF	0	0.065584	835	562	273	0	0	0	0
AF	0	0.065896	733	513	220	0	0	0	0
AF	0	0.066209	810	554	256	0	0	0	0
AF	0	0.066521	737	482	255	0	0	0	0
AF	0	0.066833	777	541	236	0	0	0	0
AF	0	0.067146	762	510	252	0	0	0	0
AF	0	0.067458	808	569	239	0	0	0	0
AF	0	0.067770	940	640	300	0	0	0	0
AF	0	0.068082	759	521	238	0	0	0	0
AF	0	0.068395	783	533	250	0	0	0	0
AF	0	0.068707	775	527	248	0	0	0	0
AF	0	0.069019	691	465	226	0	0	0	0
AF	0	0.069332	773	505	268	0	0	0	0
AF	0	0.069644	869	580	289	0	0	0	0
AF	0	0.069956	794	559	235	0	0	0	0
AF	0	0.070269	748	506	242	0	0	0	0
AF	0	0.070581	846	569	277	0	0	0	0
AF	0	0.070893	691	460	231	0	0	0	0
AF	0	0.071205	696	449	247	0	0	0	0
AF	0	0.071518	661	444	217	0	0	0	0
AF	0	0.071830	859	601	258	0	0	0	0
AF	0	0.072142	736	500	236	0	0	0	0
AF	0	0.072455	830	585	245	0	0	0	0
AF	0	0.072767	723	498	225	0	0	0	0
AF	0	0.073079	830	558	272	0	0	0	0
AF	0	0.073392	867	592	275	0	0	0	0
AF	0	0.073704	587	404	183	0	0	0	0
AF	0	0.074016	615	419	196	0	0	0	0
AF	0	0.074329	688	456	232	0	0	0	0
AF	0	0.074641	687	462	225	0	0	0	0
AF	0	0.074953	591	416	175	0	0	0	0
AF	0	0.075265	607	416	191	0	0	0	0
AF	0	0.075578	668	469	199	0	0	0	0
AF	0	0.075890	669	454	215	0	0	0	0
AF	0	0.076202	687	459	228	0	0	0	0
AF	0	0.076515	708	472	236	0	0	0	0
AF	0	0.076827	579	396	183	0	0	0	0
AF	0	0.077139	653	429	224	0	0	0	0
AF	0	0.077452	684	475	209	0	0	0	0
AF	0	0.077764	646	467	179	0	0	0	0
AF	0	0.078076	620	430	190	0	0	0	0
AF	0	0.078389	678	456	222	0	0	0	0
AF	0	0.078701	673	459	214	0	0	0	0
AF	0	0.079013	568	390	178	0	0	0	0
AF	0	0.079325	603	413	190	0	0	0	0
AF	0	0.079638	665	449	216	0	0	0	0
AF	0	0.079950	625	424	201	0	0	0	0
AF	0	0.080262	617	402	215	0	0	0	0
AF	0	0.080575	674	469	205	0	0	0	0
AF	0	0.080887	662	451	211	0	0	0	0
AF	0	0.081199	620	412	208	0	0	0	0
AF	0	0.081512	537	355	182	0	0	0	0
AF	0	0.081824	562	386	176	0	0	0	0
AF	0	0.082136	614	408	206	0	0	0	0
AF	0	0.082448	568	381	187	0	0	0	0
AF	0	0.082761	547	370	177	0	0	0	0
AF	0	0.083073	547	371	176	0	0	0	0
AF	0	0.083385	547	380	167	0	0	0	0
AF	0	0.083698	641	446	195	0	0	0	0
AF	0	0.084010	553	368	185	0	0	0	0
AF	0	0.084322	715	480	235	0	0	0	0
AF	0	0.084635	608	405	203	0	0	0	0
AF	0	0.084947	663	445	218	0	0	0	0
AF	0	0.085259	681	484	197	0	0	0	0
AF	0	0.085572	619	425	194	0	0	0	0
AF	0	0.085884	598	413	185	0	0	0	0
AF	0	0.086196	603	414	189	0	0	0	0
AF	0	0.086508	613	432	181	0	0	0	0
AF	0	0.086821	593	406	187	0	0	0	0
AF	0	0.087133	570	374	196	0	0	0	0
AF	0	0.087445	606	409	197	0	0	0	0
AF	0	0.087758	542	378	164	0	0	0	0
AF	0	0.088070	506	361	145	0	0	0	0
AF	0	0.088382	556	382	174	0	0	0	0
AF	0	0.088695	661	445	216	0	0	0	0
AF	0	0.089007	641	436	205	0	0	0	0
AF	0	0.089319	586	417	169	0	0	0	0
AF	0	0.089631	673	458	215	0	0	0	0
AF	0	0.089944	661	456	205	0	0	0	0
AF	0	0.090256	578	401	177	0	0	0	0
AF	0	0.090568	635	447	188	0	0	0	0
AF	0	0.090881	536	365	171	0	0	0	0
AF	0	0.091193	511	337	174	0	0	0	0
AF	0	0.091505	481	342	139	0	0	0	0
AF	0	0.091818	523	357	166	0	0	0	0
AF	0	0.092130	562	385	177	0	0	0	0
AF	0	0.092442	579	400	179	0	0	0	0
AF	0	0.092755	633	454	179	0	0	0	0
AF	0	0.093067	570	375	195	0	0	0	0
AF	0	0.093379	577	401	176	0	0	0	0
AF	0	0.093691	520	345	175	0	0	0	0
AF	0	0.094004	528	364	164	0	0	0	0
AF	0	0.094316	558	379	179	0	0	0	0
AF	0	0.094628	631	434	197	0	0	0	0
AF	0	0.094941	702	458	244	0	0	0	0
AF	0	0.095253	659	463	196	0	0	0	0
AF	0	0.095565	550	357	193	0	0	0	0
AF	0	0.095878	579	405	174	0	0	0	0
AF	0	0.096190	541	373	168	0	0	0	0
AF	0	0.096502	490	336	154	0	0	0	0
AF	0	0.096814	522	350	172	0	0	0	0
AF	0	0.097127	508	344	164	0	0	0	0
AF	0	0.097439	517	353	164	0	0	0	0
AF	0	0.097751	548	367	181	0	0	0	0
AF	0	0.098064	492	339	153	0	0	0	0
AF	0	0.098376	506	333	173	0	0	0	0
AF	0	0.098688	508	319	189	0	0	0	0
AF	0	0.099001	559	387	172	0	0	0	0
AF	0	0.099313	500	325	175	0	0	0	0
AF	0	0.099625	509	354	155	0	0	0	0
AF	0	0.099938	468	332	136	0	0	0	0
AF	0	0.100250	482	335	147	0	0	0	0
AF	0	0.100562	484	350	134	0	0	0	0
AF	0	0.100874	455	310	145	0	0	0	0
AF	0	0.101187	444	305	139	0	0	0	0
AF	0	0.101499	490	347	143	0	0	0	0
AF	0	0.101811	474	340	134	0	0	0	0
AF	0	0.102124	472	319	153	0	0	0	0
AF	0	0.102436	503	337	166	0	0	0	0
AF	0	0.102748	560	369	191	0	0	0	0
AF	0	0.103061	523	353	170	0	0	0	0
AF	0	0.103373	530	373	157	0	0	0	0
AF	0	0.103685	581	381	200	0	0	0	0
AF	0	0.103998	651	442	209	0	0	0	0
AF	0	0.104310	633	455	178	0	0	0	0
AF	0	0.104622	537	341	196	0	0	0	0
AF	0	0.104934	519	339	180	0	0	0	0
AF	0	0.105247	514	331	183	0	0	0	0
AF	0	0.105559	549	371	178	0	0	0	0
AF	0	0.105871	592	402	190	0	0	0	0
AF	0	0.106184	601	387	214	0	0	0	0
AF	0	0.106496	490	349	141	0	0	0	0
AF	0	0.106808	505	335	170	0	0	0	0
AF	0	0.107121	477	321	156	0	0	0	0
AF	0	0.107433	515	343	172	0	0	0	0
AF	0	0.107745	487	327	160	0	0	0	0
AF	0	0.108057	543	345	198	0	0	0	0
AF	0	0.108370	564	396	168	0	0	0	0
AF	0	0.108682	547	365	182	0	0	0	0
AF	0	0.108994	490	329	161	0	0	0	0
AF	0	0.109307	526	361	165	0	0	0	0
AF	0	0.109619	466	338	128	0	0	0	0
AF	0	0.109931	555	381	174	0	0	0	0
AF	0	0.110244	521	372	149	0	0	0	0
AF	0	0.110556	491	343	148	0	0	0	0
AF	0	0.110868	520	349	171	0	0	0	0
AF	0	0.111181	432	292	140	0	0	0	0
AF	0	0.111493	448	306	142	0	0	0	0
AF	0	0.111805	522	346	176	0	0	0	0
AF	0	0.112117	463	298	165	0	0	0	0
AF	0	0.112430	459	315	144	0	0	0	0
AF	0	0.112742	427	284	143	0	0	0	0
AF	0	0.113054	451	306	145	0	0	0	0
AF	0	0.113367	424	270	154	0	0	0	0
AF	0	0.113679	495	346	149	0	0	0	0
AF	0	0.113991	506	339	167	0	0	0	0
AF	0	0.114304	479	319	160	0	0	0	0
AF	0	0.114616	443	287	156	0	0	0	0
AF	0	0.114928	490	339	151	0	0	0	0
AF	0	0.115240	496	341	155	0	0	0	0
AF	0	0.115553	482	343	139	0	0	0	0
AF	0	0.115865	454	302	152	0	0	0	0
AF	0	0.116177	489	324	165	0	0	0	0
AF	0	0.116490	444	282	162	0	0	0	0
AF	0	0.116802	500	351	149	0	0	0	0
AF	0	0.117114	442	303	139	0	0	0	0
AF	0	0.117427	583	392	191	0	0	0	0
AF	0	0.117739	403	284	119	0	0	0	0
AF	0	0.118051	510	338	172	0	0	0	0
AF	0	0.118364	461	319	142	0	0	0	0
AF	0	0.118676	518	369	149	0	0	0	0
AF	0	0.118988	499	339	160	0	0	0	0
AF	0	0.119300	447	298	149	0	0	0	0
AF	0	0.119613	404	275	129	0	0	0	0
AF	0	0.119925	477	329	148	0	0	0	0
AF	0	0.120237	527	349	178	0	0	0	0
AF	0	0.120550	521	351	170	0	0	0	0
AF	0	0.120862	494	332	162	0	0	0	0
AF	0	0.121174	509	360	149	0	0	0	0
AF	0	0.121487	425	284	141	0	0	0	0
AF	0	0.121799	535	374	161	0	0	0	0
AF	0	0.122111	495	345	150	0	0	0	0
AF	0	0.122423	476	340	136	0	0	0	0
AF	0	0.122736	410	281	129	0	0	0	0
AF	0	0.123048	443	300	143	0	0	0	0
AF	0	0.123360	461	291	170	0	0	0	0
AF	0	0.123673	506	359	147	0	0	0	0
AF	0	0.123985	480	329	151	0	0	0	0
AF	0	0.124297	466	319	147	0	0	0	0
AF	0	0.124610	501	331	170	0	0	0	0
AF	0	0.124922	549	368	181	0	0	0	0
AF	0	0.125234	413	284	129	0	0	0	0
AF	0	0.125547	492	333	159	0	0	0	0
AF	0	0.125859	435	292	143	0	0	0	0
AF	0	0.126171	398	274	124	0	0	0	0
AF	0	0.126483	430	277	153	0	0	0	0
AF	0	0.126796	446	307	139	0	0	0	0
AF	0	0.127108	410	280	130	0	0	0	0
AF	0	0.127420	391	271	120	0	0	0	0
AF	0	0.127733	484	361	123	0	0	0	0
AF	0	0.128045	446	311	135	0	0	0	0
AF	0	0.128357	490	339	151	0	0	0	0
AF	0	0.128670	504	345	159	0	0	0	0
AF	0	0.128982	484	349	135	0	0	0	0
AF	0	0.129294	424	307	117	0	0	0	0
AF	0	0.129606	408	281	127	0	0	0	0
AF	0	0.129919	479	329	150	0	0	0	0
AF	0	0.130231	398	284	114	0	0	0	0
AF	0	0.130543	505	335	170	0	0	0	0
AF	0	0.130856	453	306	147	0	0	0	0
AF	0	0.131168	389	277	112	0	0	0	0
AF	0	0.131480	389	265	124	0	0	0	0
AF	0	0.131793	459	320	139	0	0	0	0
AF	0	0.132105	375	246	129	0	0	0	0
AF	0	0.132417	430	288	142	0	0	0	0
AF	0	0.132730	416	266	150	0	0	0	0
AF	0	0.133042	433	293	140	0	0	0	0
AF	0	0.133354	452	314	138	0	0	0	0
AF	0	0.133666	568	393	175	0	0	0	0
AF	0	0.133979	481	325	156	0	0	0	0
AF	0	0.134291	481	337	144	0	0	0	0
AF	0	0.134603	435	313	122	0	0	0	0
AF	0	0.134916	489	329	160	0	0	0	0
AF	0	0.135228	411	273	138	0	0	0	0
AF	0	0.135540	447	313	134	0	0	0	0
AF	0	0.135853	412	277	135	0	0	0	0
AF	0	0.136165	405	269	136	0	0	0	0
AF	0	0.136477	472	307	165	0	0	0	0
AF	0	0.136790	368	244	124	0	0	0	0
AF	0	0.137102	443	307	136	0	0	0	0
AF	0	0.137414	391	247	144	0	0	0	0
AF	0	0.137726	408	277	131	0	0	0	0
AF	0	0.138039	432	285	147	0	0	0	0
AF	0	0.138351	451	304	147	0	0	0	0
AF	0	0.138663	478	317	161	0	0	0	0
AF	0	0.138976	474	338	136	0	0	0	0
AF	0	0.139288	408	281	127	0	0	0	0
AF	0	0.139600	419	282	137	0	0	0	0
AF	0	0.139913	344	238	106	0	0	0	0
AF	0	0.140225	348	234	114	0	0	0	0
AF	0	0.140537	378	263	115	0	0	0	0
AF	0	0.140849	418	284	134	0	0	0	0
AF	0	0.141162	390	258	132	0	0	0	0
AF	0	0.141474	375	260	115	0	0	0	0
AF	0	0.141786	361	247	114	0	0	0	0
AF	0	0.142099	446	311	135	0	0	0	0
AF	0	0.142411	415	291	124	0	0	0	0
AF	0	0.142723	418	279	139	0	0	0	0
AF	0	0.143036	405	270	135	0	0	0	0
AF	0	0.143348	406	274	132	0	0	0	0
AF	0	0.143660	417	269	148	0	0	0	0
AF	0	0.143973	418	276	142	0	0	0	0
AF	0	0.144285	375	258	117	0	0	0	0
AF	0	0.144597	374	260	114	0	0	0	0
AF	0	0.144909	337	232	105	0	0	0	0
AF	0	0.145222	358	259	99	0	0	0	0
AF	0	0.145534	410	277	133	0	0	0	0
AF	0	0.145846	381	259	122	0	0	0	0
AF	0	0.146159	403	281	122	0	0	0	0
AF	0	0.146471	422	291	131	0	0	0	0
AF	0	0.146783	373	254	119	0	0	0	0
AF	0	0.147096	364	243	121	0	0	0	0
AF	0	0.147408	410	272	138	0	0	0	0
AF	0	0.147720	414	265	149	0	0	0	0
AF	0	0.148032	380	255	125	0	0	0	0
AF	0	0.148345	368	265	103	0	0	0	0
AF	0	0.148657	377	248	129	0	0	0	0
AF	0	0.148969	373	260	113	0	0	0	0
AF	0	0.149282	395	262	133	0	0	0	0
AF	0	0.149594	376	255	121	0	0	0	0
AF	0	0.149906	399	276	123	0	0	0	0
AF	0	0.150219	379	261	118	0	0	0	0
AF	0	0.150531	354	249	105	0	0	0	0
AF	0	0.150843	309	199	110	0	0	0	0
AF	0	0.151156	329	223	106	0	0	0	0
AF	0	0.151468	306	206	100	0	0	0	0
AF	0	0.151780	345	238	107	0	0	0	0
AF	0	0.152092	370	256	114	0	0	0	0
AF	0	0.152405	418	270	148	0	0	0	0
AF	0	0.152717	362	234	128	0	0	0	0
AF	0	0.153029	389	259	130	0	0	0	0
AF	0	0.153342	314	213	101	0	0	0	0
AF	0	0.153654	358	238	120	0	0	0	0
AF	0	0.153966	342	226	116	0	0	0	0
AF	0	0.154279	348	223	125	0	0	0	0
AF	0	0.154591	310	212	98	0	0	0	0
AF	0	0.154903	313	210	103	0	0	0	0
AF	0	0.155215	375	237	138	0	0	0	0
AF	0	0.155528	421	273	148	0	0	0	0
AF	0	0.155840	364	267	97	0	0	0	0
AF	0	0.156152	330	215	115	0	0	0	0
AF	0	0.156465	351	248	103	0	0	0	0
AF	0	0.156777	332	216	116	0	0	0	0
AF	0	0.157089	341	229	112	0	0	0	0
AF	0	0.157402	422	281	141	0	0	0	0
AF	0	0.157714	325	210	115	0	0	0	0
AF	0	0.158026	398	281	117	0	0	0	0
AF	0	0.158339	364	248	116	0	0	0	0
AF	0	0.158651	405	282	123	0	0	0	0
AF	0	0.158963	299	180	119	0	0	0	0
AF	0	0.159275	364	243	121	0	0	0	0
AF	0	0.159588	332	225	107	0	0	0	0
AF	0	0.159900	345	234	111	0	0	0	0
AF	0	0.160212	311	226	85	0	0	0	0
AF	0	0.160525	303	225	78	0	0	0	0
AF	0	0.160837	331	206	125	0	0	0	0
AF	0	0.161149	335	231	104	0	0	0	0
AF	0	0.161462	344	235	109	0	0	0	0
AF	0	0.161774	313	213	100	0	0	0	0
AF	0	0.162086	368	249	119	0	0	0	0
AF	0	0.162399	294	220	74	0	0	0	0
AF	0	0.162711	323	229	94	0	0	0	0
AF	0	0.163023	348	242	106	0	0	0	0
AF	0	0.163335	324	215	109	0	0	0	0
AF	0	0.163648	343	239	104	0	0	0	0
AF	0	0.163960	376	265	111	0	0	0	0
AF	0	0.164272	314	216	98	0	0	0	0
AF	0	0.164585	327	225	102	0	0	0	0
AF	0	0.164897	339	224	115	0	0	0	0
AF	0	0.165209	357	237	120	0	0	0	0
AF	0	0.165522	397	266	131	0	0	0	0
AF	0	0.165834	365	231	134	0	0	0	0
AF	0	0.166146	330	210	120	0	0	0	0
AF	0	0.166458	351	236	115	0	0	0	0
AF	0	0.166771	395	281	114	0	0	0	0
AF	0	0.167083	308	214	94	0	0	0	0
AF	0	0.167395	335	237	98	0	0	0	0
AF	0	0.167708	356	229	127	0	0	0	0
AF	0	0.168020	415	271	144	0	0	0	0
AF	0	0.168332	434	294	140	0	0	0	0
AF	0	0.168645	386	278	108	0	0	0	0
AF	0	0.168957	317	195	122	0	0	0	0
AF	0	0.169269	491	339	152	0	0	0	0
AF	0	0.169582	331	228	103	0	0	0	0
AF	0	0.169894	423	298	125	0	0	0	0
AF	0	0.170206	479	313	166	0	0	0	0
AF	0	0.170518	383	259	124	0	0	0	0
AF	0	0.170831	310	236	74	0	0	0	0
AF	0	0.171143	318	223	95	0	0	0	0
AF	0	0.171455	317	223	94	0	0	0	0
AF	0	0.171768	330	234	96	0	0	0	0
AF	0	0.172080	308	212	96	0	0	0	0
AF	0	0.172392	330	231	99	0	0	0	0
AF	0	0.172705	335	234	101	0	0	0	0
AF	0	0.173017	308	195	113	0	0	0	0
AF	0	0.173329	292	205	87	0	0	0	0
AF	0	0.173641	316	221	95	0	0	0	0
AF	0	0.173954	305	213	92	0	0	0	0
AF	0	0.174266	319	218	101	0	0	0	0
AF	0	0.174578	327	228	99	0	0	0	0
AF	0	0.174891	320	220	100	0	0	0	0
AF	0	0.175203	289	194	95	0	0	0	0
AF	0	0.175515	295	203	92	0	0	0	0
AF	0	0.175828	278	189	89	0	0	0	0
AF	0	0.176140	317	211	106	0	0	0	0
AF	0	0.176452	314	211	103	0	0	0	0
AF	0	0.176765	362	258	104	0	0	0	0
AF	0	0.177077	330	212	118	0	0	0	0
AF	0	0.177389	316	204	112	0	0	0	0
AF	0	0.177701	299	201	98	0	0	0	0
AF	0	0.178014	260	161	99	0	0	0	0
AF	0	0.178326	298	203	95	0	0	0	0
AF	0	0.178638	313	213	100	0	0	0	0
AF	0	0.178951	285	188	97	0	0	0	0
AF	0	0.179263	317	225	92	0	0	0	0
AF	0	0.179575	310	217	93	0	0	0	0
AF	0	0.179888	337	222	115	0	0	0	0
AF	0	0.180200	325	233	92	0	0	0	0
AF	0	0.180512	352	256	96	0	0	0	0
AF	0	0.180824	326	207	119	0	0	0	0
AF	0	0.181137	298	213	85	0	0	0	0
AF	0	0.181449	306	195	111	0	0	0	0
AF	0	0.181761	344	234	110	0	0	0	0
AF	0	0.182074	302	224	78	0	0	0	0
AF	0	0.182386	351	255	96	0	0	0	0
AF	0	0.182698	318	226	92	0	0	0	0
AF	0	0.183011	343	224	119	0	0	0	0
AF	0	0.183323	424	291	133	0	0	0	0
AF	0	0.183635	286	206	80	0	0	0	0
AF	0	0.183948	308	214	94	0	0	0	0
AF	0	0.184260	301	209	92	0	0	0	0
AF	0	0.184572	295	212	83	0	0	0	0
AF	0	0.184884	281	195	86	0	0	0	0
AF	0	0.185197	295	192	103	0	0	0	0
AF	0	0.185509	301	200	101	0	0	0	0
AF	0	0.185821	281	197	84	0	0	0	0
AF	0	0.186134	289	193	96	0	0	0	0
AF	0	0.186446	335	230	105	0	0	0	0
AF	0	0.186758	322	224	98	0	0	0	0
AF	0	0.187071	323	214	109	0	0	0	0
AF	0	0.187383	301	213	88	0	0	0	0
AF	0	0.187695	299	196	103	0	0	0	0
AF	0	0.188007	280	197	83	0	0	0	0
AF	0	0.188320	266	181	85	0	0	0	0
AF	0	0.188632	322	211	111	0	0	0	0
AF	0	0.188944	287	190	97	0	0	0	0
AF	0	0.189257	303	207	96	0	0	0	0
AF	0	0.189569	329	235	94	0	0	0	0
AF	0	0.189881	282	179	103	0	0	0	0
AF	0	0.190194	294	209	85	0	0	0	0
AF	0	0.190506	301	199	102	0	0	0	0
AF	0	0.190818	282	200	82	0	0	0	0
AF	0	0.191131	319	218	101	0	0	0	0
AF	0	0.191443	277	188	89	0	0	0	0
AF	0	0.191755	314	217	97	0	0	0	0
AF	0	0.192067	295	199	96	0	0	0	0
AF	0	0.192380	334	248	86	0	0	0	0
AF	0	0.192692	299	210	89	0	0	0	0
AF	0	0.193004	262	182	80	0	0	0	0
AF	0	0.193317	323	213	110	0	0	0	0
AF	0	0.193629	335	225	110	0	0	0	0
AF	0	0.193941	301	217	84	0	0	0	0
AF	0	0.194254	261	177	84	0	0	0	0
AF	0	0.194566	322	229	93	0	0	0	0
AF	0	0.194878	336	228	108	0	0	0	0
AF	0	0.195191	284	183	101	0	0	0	0
AF	0	0.195503	313	189	124	0	0	0	0
AF	0	0.195815	287	187	100	0	0	0	0
AF	0	0.196127	259	174	85	0	0	0	0
AF	0	0.196440	283	181	102	0	0	0	0
AF	0	0.196752	303	201	102	0	0	0	0
AF	0	0.197064	266	187	79	0	0	0	0
AF	0	0.197377	307	209	98	0	0	0	0
AF	0	0.197689	316	217	99	0	0	0	0
AF	0	0.198001	298	207	91	0	0	0	0
AF	0	0.198314	285	177	108	0	0	0	0
AF	0	0.198626	282	215	67	0	0	0	0
AF	0	0.198938	342	240	102	0	0	0	0
AF	0	0.199250	307	213	94	0	0	0	0
AF	0	0.199563	322	207	115	0	0	0	0
AF	0	0.199875	271	185	86	0	0	0	0
AF	0	0.200187	329	227	102	0	0	0	0
AF	0	0.200500	343	222	121	0	0	0	0
AF	0	0.200812	266	164	102	0	0	0	0
AF	0	0.201124	241	166	75	0	0	0	0
AF	0	0.201437	307	218	89	0	0	0	0
AF	0	0.201749	289	201	88	0	0	0	0
AF	0	0.202061	283	196	87	0	0	0	0
AF	0	0.202374	288	210	78	0	0	0	0
AF	0	0.202686	322	216	106	0	0	0	0
AF	0	0.202998	243	163	80	0	0	0	0
AF	0	0.203310	273	169	104	0	0	0	0
AF	0	0.203623	250	165	85	0	0	0	0
AF	0	0.203935	348	231	117	0	0	0	0
AF	0	0.204247	289	202	87	0	0	0	0
AF	0	0.204560	295	210	85	0	0	0	0
AF	0	0.204872	322	223	99	0	0	0	0
AF	0	0.205184	280	189	91	0	0	0	0
AF	0	0.205497	305	208	97	0	0	0	0
AF	0	0.205809	271	182	89	0	0	0	0
AF	0	0.206121	253	171	82	0	0	0	0
AF	0	0.206433	287	194	93	0	0	0	0
AF	0	0.206746	286	174	112	0	0	0	0
AF	0	0.207058	257	171	86	0	0	0	0
AF	0	0.207370	300	197	103	0	0	0	0
AF	0	0.207683	335	218	117	0	0	0	0
AF	0	0.207995	284	201	83	0	0	0	0
AF	0	0.208307	304	204	100	0	0	0	0
AF	0	0.208620	296	213	83	0	0	0	0
AF	0	0.208932	264	185	79	0	0	0	0
AF	0	0.209244	278	187	91	0	0	0	0
AF	0	0.209557	246	167	79	0	0	0	0
AF	0	0.209869	254	176	78	0	0	0	0
AF	0	0.210181	271	189	82	0	0	0	0
AF	0	0.210493	272	181	91	0	0	0	0
AF	0	0.210806	268	189	79	0	0	0	0
AF	0	0.211118	290	186	104	0	0	0	0
AF	0	0.211430	310	206	104	0	0	0	0
AF	0	0.211743	294	207	87	0	0	0	0
AF	0	0.212055	299	213	86	0	0	0	0
AF	0	0.212367	234	166	68	0	0	0	0
AF	0	0.212680	269	190	79	0	0	0	0
AF	0	0.212992	308	204	104	0	0	0	0
AF	0	0.213304	279	187	92	0	0	0	0
AF	0	0.213616	279	199	80	0	0	0	0
AF	0	0.213929	300	204	96	0	0	0	0
AF	0	0.214241	243	165	78	0	0	0	0
AF	0	0.214553	277	183	94	0	0	0	0
AF	0	0.214866	292	191	101	0	0	0	0
AF	0	0.215178	275	189	86	0	0	0	0
AF	0	0.215490	331	218	113	0	0	0	0
AF	0	0.215803	308	216	92	0	0	0	0
AF	0	0.216115	331	219	112	0	0	0	0
AF	0	0.216427	278	186	92	0	0	0	0
AF	0	0.216740	269	199	70	0	0	0	0
AF	0	0.217052	246	175	71	0	0	0	0
AF	0	0.217364	322	204	118	0	0	0	0
AF	0	0.217676	240	158	82	0	0	0	0
AF	0	0.217989	280	188	92	0	0	0	0
AF	0	0.218301	263	179	84	0	0	0	0
AF	0	0.218613	301	210	91	0	0	0	0
AF	0	0.218926	280	187	93	0	0	0	0
AF	0	0.219238	267	187	80	0	0	0	0
AF	0	0.219550	258	184	74	0	0	0	0
AF	0	0.219863	266	174	92	0	0	0	0
AF	0	0.220175	288	181	107	0	0	0	0
AF	0	0.220487	254	177	77	0	0	0	0
AF	0	0.220800	241	160	81	0	0	0	0
AF	0	0.221112	251	177	74	0	0	0	0
AF	0	0.221424	237	168	69	0	0	0	0
AF	0	0.221736	205	150	55	0	0	0	0
AF	0	0.222049	226	158	68	0	0	0	0
AF	0	0.222361	242	163	79	0	0	0	0
AF	0	0.222673	270	182	88	0	0	0	0
AF	0	0.222986	220	152	68	0	0	0	0
AF	0	0.223298	234	159	75	0	0	0	0
AF	0	0.223610	276	184	92	0	0	0	0
AF	0	0.223923	259	188	71	0	0	0	0
AF	0	0.224235	262	171	91	0	0	0	0
AF	0	0.224547	319	223	96	0	0	0	0
AF	0	0.224859	311	222	89	0	0	0	0
AF	0	0.225172	255	166	89	0	0	0	0
AF	0	0.225484	270	187	83	0	0	0	0
AF	0	0.225796	281	193	88	0	0	0	0
AF	0	0.226109	245	170	75	0	0	0	0
AF	0	0.226421	286	188	98	0	0	0	0
AF	0	0.226733	283	195	88	0	0	0	0
AF	0	0.227046	281	178	103	0	0	0	0
AF	0	0.227358	286	201	85	0	0	0	0
AF	0	0.227670	256	175	81	0	0	0	0
AF	0	0.227983	282	197	85	0	0	0	0
AF	0	0.228295	236	148	88	0	0	0	0
AF	0	0.228607	266	185	81	0	0	0	0
AF	0	0.228919	234	152	82	0	0	0	0
AF	0	0.229232	283	198	85	0	0	0	0
AF	0	0.229544	273	182	91	0	0	0	0
AF	0	0.229856	247	168	79	0	0	0	0
AF	0	0.230169	196	124	72	0	0	0	0
AF	0	0.230481	251	175	76	0	0	0	0
AF	0	0.230793	203	144	59	0	0	0	0
AF	0	0.231106	253	180	73	0	0	0	0
AF	0	0.231418	218	144	74	0	0	0	0
AF	0	0.231730	227	163	64	0	0	0	0
AF	0	0.232042	249	168	81	0	0	0	0
AF	0	0.232355	309	212	97	0	0	0	0
AF	0	0.232667	267	188	79	0	0	0	0
AF	0	0.232979	222	137	85	0	0	0	0
AF	0	0.233292	246	169	77	0	0	0	0
AF	0	0.233604	262	187	75	0	0	0	0
AF	0	0.233916	212	157	55	0	0	0	0
AF	0	0.234229	245	161	84	0	0	0	0
AF	0	0.234541	241	173	68	0	0	0	0
AF	0	0.234853	290	198	92	0	0	0	0
AF	0	0.235166	280	191	89	0	0	0	0
AF	0	0.235478	272	199	73	0	0	0	0
AF	0	0.235790	234	166	68	0	0	0	0
AF	0	0.236102	256	174	82	0	0	0	0
AF	0	0.236415	238	165	73	0	0	0	0
AF	0	0.236727	256	168	88	0	0	0	0
AF	0	0.237039	223	153	70	0	0	0	0
AF	0	0.237352	247	175	72	0	0	0	0
AF	0	0.237664	268	183	85	0	0	0	0
AF	0	0.237976	324	225	99	0	0	0	0
AF	0	0.238289	246	171	75	0	0	0	0
AF	0	0.238601	246	177	69	0	0	0	0
AF	0	0.238913	228	148	80	0	0	0	0
AF	0	0.239225	221	142	79	0	0	0	0
AF	0	0.239538	262	194	68	0	0	0	0
AF	0	0.239850	255	165	90	0	0	0	0
AF	0	0.240162	262	171	91	0	0	0	0
AF	0	0.240475	255	173	82	0	0	0	0
AF	0	0.240787	238	148	90	0	0	0	0
AF	0	0.241099	211	143	68	0	0	0	0
AF	0	0.241412	229	167	62	0	0	0	0
AF	0	0.241724	210	149	61	0	0	0	0
AF	0	0.242036	199	138	61	0	0	0	0
AF	0	0.242349	238	169	69	0	0	0	0
AF	0	0.242661	204	145	59	0	0	0	0
AF	0	0.242973	206	145	61	0	0	0	0
AF	0	0.243285	204	128	76	0	0	0	0
AF	0	0.243598	266	189	77	0	0	0	0
AF	0	0.243910	212	142	70	0	0	0	0
AF	0	0.244222	196	134	62	0	0	0	0
AF	0	0.244535	219	157	62	0	0	0	0
AF	0	0.244847	240	176	64	0	0	0	0
AF	0	0.245159	209	139	70	0	0	0	0
AF	0	0.245472	251	173	78	0	0	0	0
AF	0	0.245784	247	167	80	0	0	0	0
AF	0	0.246096	208	140	68	0	0	0	0
AF	0	0.246408	227	160	67	0	0	0	0
AF	0	0.246721	214	151	63	0	0	0	0
AF	0	0.247033	259	163	96	0	0	0	0
AF	0	0.247345	233	149	84	0	0	0	0
AF	0	0.247658	238	165	73	0	0	0	0
AF	0	0.247970	254	185	69	0	0	0	0
AF	0	0.248282	238	160	78	0	0	0	0
AF	0	0.248595	238	174	64	0	0	0	0
AF	0	0.248907	219	153	66	0	0	0	0
AF	0	0.249219	230	141	89	0	0	0	0
AF	0	0.249532	204	131	73	0	0	0	0
AF	0	0.249844	229	161	68	0	0	0	0
AF	0	0.250156	250	171	79	0	0	0	0
AF	0	0.250468	261	185	76	0	0	0	0
AF	0	0.250781	236	162	74	0	0	0	0
AF	0	0.251093	231	153	78	0	0	0	0
AF	0	0.251405	264	171	93	0	0	0	0
AF	0	0.251718	215	150	65	0	0	0	0
AF	0	0.252030	216	147	69	0	0	0	0
AF	0	0.252342	250	171	79	0	0	0	0
AF	0	0.252655	224	144	80	0	0	0	0
AF	0	0.252967	233	159	74	0	0	0	0
AF	0	0.253279	246	171	75	0	0	0	0
AF	0	0.253592	254	176	78	0	0	0	0
AF	0	0.253904	257	171	86	0	0	0	0
AF	0	0.254216	274	192	82	0	0	0	0
AF	0	0.254528	226	159	67	0	0	0	0
AF	0	0.254841	205	149	56	0	0	0	0
AF	0	0.255153	192	124	68	0	0	0	0
AF	0	0.255465	206	145	61	0	0	0	0
AF	0	0.255778	269	182	87	0	0	0	0
AF	0	0.256090	212	152	60	0	0	0	0
AF	0	0.256402	265	192	73	0	0	0	0
AF	0	0.256715	305	212	93	0	0	0	0
AF	0	0.257027	225	161	64	0	0	0	0
AF	0	0.257339	219	148	71	0	0	0	0
AF	0	0.257651	223	153	70	0	0	0	0
AF	0	0.257964	212	139	73	0	0	0	0
AF	0	0.258276	220	150	70	0	0	0	0
AF	0	0.258588	207	140	67	0	0	0	0
AF	0	0.258901	262	181	81	0	0	0	0
AF	0	0.259213	232	145	87	0	0	0	0
AF	0	0.259525	223	150	73	0	0	0	0
AF	0	0.259838	206	149	57	0	0	0	0
AF	0	0.260150	218	159	59	0	0	0	0
AF	0	0.260462	254	174	80	0	0	0	0
AF	0	0.260775	210	141	69	0	0	0	0
AF	0	0.261087	194	134	60	0	0	0	0
AF	0	0.261399	260	181	79	0	0	0	0
AF	0	0.261711	234	160	74	0	0	0	0
AF	0	0.262024	232	149	83	0	0	0	0
AF	0	0.262336	227	148	79	0	0	0	0
AF	0	0.262648	231	171	60	0	0	0	0
AF	0	0.262961	201	124	77	0	0	0	0
AF	0	0.263273	237	160	77	0	0	0	0
AF	0	0.263585	246	171	75	0	0	0	0
AF	0	0.263898	242	166	76	0	0	0	0
AF	0	0.264210	294	215	79	0	0	0	0
AF	0	0.264522	236	167	69	0	0	0	0
AF	0	0.264834	216	145	71	0	0	0	0
AF	0	0.265147	201	136	65	0	0	0	0
AF	0	0.265459	182	125	57	0	0	0	0
AF	0	0.265771	212	145	67	0	0	0	0
AF	0	0.266084	214	147	67	0	0	0	0
AF	0	0.266396	213	148	65	0	0	0	0
AF	0	0.266708	201	134	67	0	0	0	0
AF	0	0.267021	232	159	73	0	0	0	0
AF	0	0.267333	232	165	67	0	0	0	0
AF	0	0.267645	251	171	80	0	0	0	0
AF	0	0.267958	217	143	74	0	0	0	0
AF	0	0.268270	184	116	68	0	0	0	0
AF	0	0.268582	231	167	64	0	0	0	0
AF	0	0.268894	239	147	92	0	0	0	0
AF	0	0.269207	220	149	71	0	0	0	0
AF	0	0.269519	195	133	62	0	0	0	0
AF	0	0.269831	216	148	68	0	0	0	0
AF	0	0.270144	199	131	68	0	0	0	0
AF	0	0.270456	216	138	78	0	0	0	0
AF	0	0.270768	192	130	62	0	0	0	0
AF	0	0.271081	190	143	47	0	0	0	0
AF	0	0.271393	215	134	81	0	0	0	0
AF	0	0.271705	227	150	77	0	0	0	0
AF	0	0.272017	183	127	56	0	0	0	0
AF	0	0.272330	222	148	74	0	0	0	0
AF	0	0.272642	279	201	78	0	0	0	0
AF	0	0.272954	205	145	60	0	0	0	0
AF	0	0.273267	175	128	47	0	0	0	0
AF	0	0.273579	208	142	66	0	0	0	0
AF	0	0.273891	240	166	74	0	0	0	0
AF	0	0.274204	230	162	68	0	0	0	0
AF	0	0.274516	210	144	66	0	0	0	0
AF	0	0.274828	205	141	64	0	0	0	0
AF	0	0.275141	184	130	54	0	0	0	0
AF	0	0.275453	225	152	73	0	0	0	0
AF	0	0.275765	230	156	74	0	0	0	0
AF	0	0.276077	193	127	66	0	0	0	0
AF	0	0.276390	237	167	70	0	0	0	0
AF	0	0.276702	166	113	53	0	0	0	0
AF	0	0.277014	173	118	55	0	0	0	0
AF	0	0.277327	270	184	86	0	0	0	0
AF	0	0.277639	228	156	72	0	0	0	0
AF	0	0.277951	184	133	51	0	0	0	0
AF	0	0.278264	196	130	66	0	0	0	0
AF	0	0.278576	183	130	53	0	0	0	0
AF	0	0.278888	207	132	75	0	0	0	0
AF	0	0.279200	202	141	61	0	0	0	0
AF	0	0.279513	186	121	65	0	0	0	0
AF	0	0.279825	210	140	70	0	0	0	0
AF	0	0.280137	194	130	64	0	0	0	0
AF	0	0.280450	248	170	78	0	0	0	0
AF	0	0.280762	240	182	58	0	0	0	0
AF	0	0.281074	150	100	50	0	0	0	0
AF	0	0.281387	190	132	58	0	0	0	0
AF	0	0.281699	192	134	58	0	0	0	0
AF	0	0.282011	203	142	61	0	0	0	0
AF	0	0.282324	214	142	72	0	0	0	0
AF	0	0.282636	221	151	70	0	0	0	0
AF	0	0.282948	203	131	72	0	0	0	0
AF	0	0.283260	224	148	76	0	0	0	0
AF	0	0.283573	189	125	64	0	0	0	0
AF	0	0.283885	218	156	62	0	0	0	0
AF	0	0.284197	181	134	47	0	0	0	0
AF	0	0.284510	183	131	52	0	0	0	0
AF	0	0.284822	196	136	60	0	0	0	0
AF	0	0.285134	239	163	76	0	0	0	0
AF	0	0.285447	207	143	64	0	0	0	0
AF	0	0.285759	275	196	79	0	0	0	0
AF	0	0.286071	216	153	63	0	0	0	0
AF	0	0.286384	200	142	58	0	0	0	0
AF	0	0.286696	249	151	98	0	0	0	0
AF	0	0.287008	225	164	61	0	0	0	0
AF	0	0.287320	229	159	70	0	0	0	0
AF	0	0.287633	222	143	79	0	0	0	0
AF	0	0.287945	204	133	71	0	0	0	0
AF	0	0.288257	236	164	72	0	0	0	0
AF	0	0.288570	252	165	87	0	0	0	0
AF	0	0.288882	246	176	70	0	0	0	0
AF	0	0.289194	244	167	77	0	0	0	0
AF	0	0.289507	224	153	71	0	0	0	0
AF	0	0.289819	229	153	76	0	0	0	0
AF	0	0.290131	196	128	68	0	0	0	0
AF	0	0.290443	182	121	61	0	0	0	0
AF	0	0.290756	190	132	58	0	0	0	0
AF	0	0.291068	238	170	68	0	0	0	0
AF	0	0.291380	220	137	83	0	0	0	0
AF	0	0.291693	203	144	59	0	0	0	0
AF	0	0.292005	185	130	55	0	0	0	0
AF	0	0.292317	190	124	66	0	0	0	0
AF	0	0.292630	195	144	51	0	0	0	0
AF	0	0.292942	199	128	71	0	0	0	0
AF	0	0.293254	195	128	67	0	0	0	0
AF	0	0.293567	211	151	60	0	0	0	0
AF	0	0.293879	217	147	70	0	0	0	0
AF	0	0.294191	229	149	80	0	0	0	0
AF	0	0.294503	183	119	64	0	0	0	0
AF	0	0.294816	219	149	70	0	0	0	0
AF	0	0.295128	221	137	84	0	0	0	0
AF	0	0.295440	161	109	52	0	0	0	0
AF	0	0.295753	211	152	59	0	0	0	0
AF	0	0.296065	203	141	62	0	0	0	0
AF	0	0.296377	184	124	60	0	0	0	0
AF	0	0.296690	173	116	57	0	0	0	0
AF	0	0.297002	159	109	50	0	0	0	0
AF	0	0.297314	207	135	72	0	0	0	0
AF	0	0.297626	191	119	72	0	0	0	0
AF	0	0.297939	164	100	64	0	0	0	0
AF	0	0.298251	197	133	64	0	0	0	0
AF	0	0.298563	183	125	58	0	0	0	0
AF	0	0.298876	237	172	65	0	0	0	0
AF	0	0.299188	186	125	61	0	0	0	0
AF	0	0.299500	197	138	59	0	0	0	0
AF	0	0.299813	190	137	53	0	0	0	0
AF	0	0.300125	196	133	63	0	0	0	0
AF	0	0.300437	173	125	48	0	0	0	0
AF	0	0.300750	177	124	53	0	0	0	0
AF	0	0.301062	183	121	62	0	0	0	0
AF	0	0.301374	221	151	70	0	0	0	0
AF	0	0.301686	174	120	54	0	0	0	0
AF	0	0.301999	171	121	50	0	0	0	0
AF	0	0.302311	211	144	67	0	0	0	0
AF	0	0.302623	231	146	85	0	0	0	0
AF	0	0.302936	200	139	61	0	0	0	0
AF	0	0.303248	209	158	51	0	0	0	0
AF	0	0.303560	201	140	61	0	0	0	0
AF	0	0.303873	230	158	72	0	0	0	0
AF	0	0.304185	176	130	46	0	0	0	0
AF	0	0.304497	204	141	63	0	0	0	0
AF	0	0.304809	237	158	79	0	0	0	0
AF	0	0.305122	195	136	59	0	0	0	0
AF	0	0.305434	193	134	59	0	0	0	0
AF	0	0.305746	181	118	63	0	0	0	0
AF	0	0.306059	223	145	78	0	0	0	0
AF	0	0.306371	185	129	56	0	0	0	0
AF	0	0.306683	207	139	68	0	0	0	0
AF	0	0.306996	228	149	79	0	0	0	0
AF	0	0.307308	214	145	69	0	0	0	0
AF	0	0.307620	200	130	70	0	0	0	0
AF	0	0.307933	212	130	82	0	0	0	0
AF	0	0.308245	180	132	48	0	0	0	0
AF	0	0.308557	234	151	83	0	0	0	0
AF	0	0.308869	205	140	65	0	0	0	0
AF	0	0.309182	203	125	78	0	0	0	0
AF	0	0.309494	219	129	90	0	0	0	0
AF	0	0.309806	228	157	71	0	0	0	0
AF	0	0.310119	180	128	52	0	0	0	0
AF	0	0.310431	189	139	50	0	0	0	0
AF	0	0.310743	186	120	66	0	0	0	0
AF	0	0.311056	181	136	45	0	0	0	0
AF	0	0.311368	169	118	51	0	0	0	0
AF	0	0.311680	204	130	74	0	0	0	0
AF	0	0.311993	196	142	54	0	0	0	0
AF	0	0.312305	200	147	53	0	0	0	0
AF	0	0.312617	226	143	83	0	0	0	0
AF	0	0.312929	252	174	78	0	0	0	0
AF	0	0.313242	226	143	83	0	0	0	0
AF	0	0.313554	206	132	74	0	0	0	0
AF	0	0.313866	256	161	95	0	0	0	0
AF	0	0.314179	194	133	61	0	0	0	0
AF	0	0.314491	223	156	67	0	0	0	0
AF	0	0.314803	166	98	68	0	0	0	0
AF	0	0.315116	202	135	67	0	0	0	0
AF	0	0.315428	242	171	71	0	0	0	0
AF	0	0.315740	222	143	79	0	0	0	0
AF	0	0.316052	192	133	59	0	0	0	0
AF	0	0.316365	218	150	68	0	0	0	0
AF	0	0.316677	193	136	57	0	0	0	0
AF	0	0.316989	219	160	59	0	0	0	0
AF	0	0.317302	188	145	43	0	0	0	0
AF	0	0.317614	177	122	55	0	0	0	0
AF	0	0.317926	182	123	59	0	0	0	0
AF	0	0.318239	167	111	56	0	0	0	0
AF	0	0.318551	179	120	59	0	0	0	0
AF	0	0.318863	153	103	50	0	0	0	0
AF	0	0.319176	164	109	55	0	0	0	0
AF	0	0.319488	189	136	53	0	0	0	0
AF	0	0.319800	188	133	55	0	0	0	0
AF	0	0.320112	200	132	68	0	0	0	0
AF	0	0.320425	175	126	49	0	0	0	0
AF	0	0.320737	178	121	57	0	0	0	0
AF	0	0.321049	165	114	51	0	0	0	0
AF	0	0.321362	200	137	63	0	0	0	0
AF	0	0.321674	174	125	49	0	0	0	0
AF	0	0.321986	213	140	73	0	0	0	0
AF	0	0.322299	190	123	67	0	0	0	0
AF	0	0.322611	202	145	57	0	0	0	0
AF	0	0.322923	199	123	76	0	0	0	0
AF	0	0.323235	187	130	57	0	0	0	0
AF	0	0.323548	198	127	71	0	0	0	0
AF	0	0.323860	228	152	76	0	0	0	0
AF	0	0.324172	191	127	64	0	0	0	0
AF	0	0.324485	190	124	66	0	0	0	0
AF	0	0.324797	231	161	70	0	0	0	0
AF	0	0.325109	215	143	72	0	0	0	0
AF	0	0.325422	180	124	56	0	0	0	0
AF	0	0.325734	172	118	54	0	0	0	0
AF	0	0.326046	200	124	76	0	0	0	0
AF	0	0.326359	141	91	50	0	0	0	0
AF	0	0.326671	193	138	55	0	0	0	0
AF	0	0.326983	175	120	55	0	0	0	0
AF	0	0.327295	174	128	46	0	0	0	0
AF	0	0.327608	174	118	56	0	0	0	0
AF	0	0.327920	174	112	62	0	0	0	0
AF	0	0.328232	208	131	77	0	0	0	0
AF	0	0.328545	190	134	56	0	0	0	0
AF	0	0.328857	141	98	43	0	0	0	0
AF	0	0.329169	190	133	57	0	0	0	0
AF	0	0.329482	192	128	64	0	0	0	0
AF	0	0.329794	162	109	53	0	0	0	0
AF	0	0.330106	232	170	62	0	0	0	0
AF	0	0.330418	177	127	50	0	0	0	0
AF	0	0.330731	179	128	51	0	0	0	0
AF	0	0.331043	177	129	48	0	0	0	0
AF	0	0.331355	219	164	55	0	0	0	0
AF	0	0.331668	168	111	57	0	0	0	0
AF	0	0.331980	179	105	74	0	0	0	0
AF	0	0.332292	183	113	70	0	0	0	0
AF	0	0.332605	180	137	43	0	0	0	0
AF	0	0.332917	180	123	57	0	0	0	0
AF	0	0.333229	217	144	73	0	0	0	0
AF	0	0.333542	228	145	83	0	0	0	0
AF	0	0.333854	185	134	51	0	0	0	0
AF	0	0.334166	179	126	53	0	0	0	0
AF	0	0.334478	184	122	62	0	0	0	0
AF	0	0.334791	190	123	67	0	0	0	0
AF	0	0.335103	193	134	59	0	0	0	0
AF	0	0.335415	209	148	61	0	0	0	0
AF	0	0.335728	154	100	54	0	0	0	0
AF	0	0.336040	176	125	51	0	0	0	0
AF	0	0.336352	169	108	61	0	0	0	0
AF	0	0.336665	144	99	45	0	0	0	0
AF	0	0.336977	155	100	55	0	0	0	0
AF	0	0.337289	155	108	47	0	0	0	0
AF	0	0.337601	160	119	41	0	0	0	0
AF	0	0.337914	162	108	54	0	0	0	0
AF	0	0.338226	174	117	57	0	0	0	0
AF	0	0.338538	200	137	63	0	0	0	0
AF	0	0.338851	210	144	66	0	0	0	0
AF	0	0.339163	209	145	64	0	0	0	0
AF	0	0.339475	207	138	69	0	0	0	0
AF	0	0.339788	156	105	51	0	0	0	0
AF	0	0.340100	182	124	58	0	0	0	0
AF	0	0.340412	155	110	45	0	0	0	0
AF	0	0.340725	161	107	54	0	0	0	0
AF	0	0.341037	157	105	52	0	0	0	0
AF	0	0.341349	149	101	48	0	0	0	0
AF	0	0.341661	150	95	55	0	0	0	0
AF	0	0.341974	186	122	64	0	0	0	0
AF	0	0.342286	158	111	47	0	0	0	0
AF	0	0.342598	202	150	52	0	0	0	0
AF	0	0.342911	280	187	93	0	0	0	0
AF	0	0.343223	217	149	68	0	0	0	0
AF	0	0.343535	236	166	70	0	0	0	0
AF	0	0.343848	186	119	67	0	0	0	0
AF	0	0.344160	190	119	71	0	0	0	0
AF	0	0.344472	163	119	44	0	0	0	0
AF	0	0.344785	152	109	43	0	0	0	0
AF	0	0.345097	170	109	61	0	0	0	0
AF	0	0.345409	151	109	42	0	0	0	0
AF	0	0.345721	174	125	49	0	0	0	0
AF	0	0.346034	165	105	60	0	0	0	0
AF	0	0.346346	189	131	58	0	0	0	0
AF	0	0.346658	160	102	58	0	0	0	0
AF	0	0.346971	180	117	63	0	0	0	0
AF	0	0.347283	137	95	42	0	0	0	0
AF	0	0.347595	166	102	64	0	0	0	0
AF	0	0.347908	165	109	56	0	0	0	0
AF	0	0.348220	171	119	52	0	0	0	0
AF	0	0.348532	165	129	36	0	0	0	0
AF	0	0.348844	174	113	61	0	0	0	0
AF	0	0.349157	186	131	55	0	0	0	0
AF	0	0.349469	167	116	51	0	0	0	0
AF	0	0.349781	136	88	48	0	0	0	0
AF	0	0.350094	181	110	71	0	0	0	0
AF	0	0.350406	197	138	59	0	0	0	0
AF	0	0.350718	194	128	66	0	0	0	0
AF	0	0.351031	197	135	62	0	0	0	0
AF	0	0.351343	177	118	59	0	0	0	0
AF	0	0.351655	201	133	68	0	0	0	0
AF	0	0.351968	157	103	54	0	0	0	0
AF	0	0.352280	153	109	44	0	0	0	0
AF	0	0.352592	147	93	54	0	0	0	0
AF	0	0.352904	158	104	54	0	0	0	0
AF	0	0.353217	193	129	64	0	0	0	0
AF	0	0.353529	225	150	75	0	0	0	0
AF	0	0.353841	155	106	49	0	0	0	0
AF	0	0.354154	176	111	65	0	0	0	0
AF	0	0.354466	157	108	49	0	0	0	0
AF	0	0.354778	183	127	56	0	0	0	0
AF	0	0.355091	177	120	57	0	0	0	0
AF	0	0.355403	168	118	50	0	0	0	0
AF	0	0.355715	162	119	43	0	0	0	0
AF	0	0.356027	173	123	50	0	0	0	0
AF	0	0.356340	232	157	75	0	0	0	0
AF	0	0.356652	204	145	59	0	0	0	0
AF	0	0.356964	217	136	81	0	0	0	0
AF	0	0.357277	194	136	58	0	0	0	0
AF	0	0.357589	160	111	49	0	0	0	0
AF	0	0.357901	160	109	51	0	0	0	0
AF	0	0.358214	183	126	57	0	0	0	0
AF	0	0.358526	197	138	59	0	0	0	0
AF	0	0.358838	171	119	52	0	0	0	0
AF	0	0.359151	173	123	50	0	0	0	0
AF	0	0.359463	162	120	42	0	0	0	0
AF	0	0.359775	123	80	43	0	0	0	0
AF	0	0.360087	182	131	51	0	0	0	0
AF	0	0.360400	183	121	62	0	0	0	0
AF	0	0.360712	150	110	40	0	0	0	0
AF	0	0.361024	150	102	48	0	0	0	0
AF	0	0.361337	183	131	52	0	0	0	0
AF	0	0.361649	145	100	45	0	0	0	0
AF	0	0.361961	323	196	127	0	0	0	0
AF	0	0.362274	152	109	43	0	0	0	0
AF	0	0.362586	154	107	47	0	0	0	0
AF	0	0.362898	146	90	56	0	0	0	0
AF	0	0.363210	150	108	42	0	0	0	0
AF	0	0.363523	131	89	42	0	0	0	0
AF	0	0.363835	149	96	53	0	0	0	0
AF	0	0.364147	137	93	44	0	0	0	0
AF	0	0.364460	135	92	43	0	0	0	0
AF	0	0.364772	133	88	45	0	0	0	0
AF	0	0.365084	129	74	55	0	0	0	0
AF	0	0.365397	161	117	44	0	0	0	0
AF	0	0.365709	122	86	36	0	0	0	0
AF	0	0.366021	171	119	52	0	0	0	0
AF	0	0.366334	148	102	46	0	0	0	0
AF	0	0.366646	150	109	41	0	0	0	0
AF	0	0.366958	129	77	52	0	0	0	0
AF	0	0.367270	153	107	46	0	0	0	0
AF	0	0.367583	153	109	44	0	0	0	0
AF	0	0.367895	181	134	47	0	0	0	0
AF	0	0.368207	155	105	50	0	0	0	0
AF	0	0.368520	163	118	45	0	0	0	0
AF	0	0.368832	144	95	49	0	0	0	0
AF	0	0.369144	180	125	55	0	0	0	0
AF	0	0.369457	189	135	54	0	0	0	0
AF	0	0.369769	208	144	64	0	0	0	0
AF	0	0.370081	146	99	47	0	0	0	0
AF	0	0.370394	154	104	50	0	0	0	0
AF	0	0.370706	154	108	46	0	0	0	0
AF	0	0.371018	159	106	53	0	0	0	0
AF	0	0.371330	169	113	56	0	0	0	0
AF	0	0.371643	137	81	56	0	0	0	0
AF	0	0.371955	164	112	52	0	0	0	0
AF	0	0.372267	108	78	30	0	0	0	0
AF	0	0.372580	142	107	35	0	0	0	0
AF	0	0.372892	149	101	48	0	0	0	0
AF	0	0.373204	141	95	46	0	0	0	0
AF	0	0.373517	194	134	60	0	0	0	0
AF	0	0.373829	141	95	46	0	0	0	0
AF	0	0.374141	169	115	54	0	0	0	0
AF	0	0.374453	145	96	49	0	0	0	0
AF	0	0.374766	155	106	49	0	0	0	0
AF	0	0.375078	142	93	49	0	0	0	0
AF	0	0.375390	168	118	50	0	0	0	0
AF	0	0.375703	154	101	53	0	0	0	0
AF	0	0.376015	124	92	32	0	0	0	0
AF	0	0.376327	194	129	65	0	0	0	0
AF	0	0.376640	170	115	55	0	0	0	0
AF	0	0.376952	171	114	57	0	0	0	0
AF	0	0.377264	144	102	42	0	0	0	0
AF	0	0.377577	180	122	58	0	0	0	0
AF	0	0.377889	136	88	48	0	0	0	0
AF	0	0.378201	155	105	50	0	0	0	0
AF	0	0.378513	157	97	60	0	0	0	0
AF	0	0.378826	170	116	54	0	0	0	0
AF	0	0.379138	155	104	51	0	0	0	0
AF	0	0.379450	171	121	50	0	0	0	0
AF	0	0.379763	142	101	41	0	0	0	0
AF	0	0.380075	148	102	46	0	0	0	0
AF	0	0.380387	154	107	47	0	0	0	0
AF	0	0.380700	196	131	65	0	0	0	0
AF	0	0.381012	110	67	43	0	0	0	0
AF	0	0.381324	120	88	32	0	0	0	0
AF	0	0.381636	131	93	38	0	0	0	0
AF	0	0.381949	125	73	52	0	0	0	0
AF	0	0.382261	124	88	36	0	0	0	0
AF	0	0.382573	138	99	39	0	0	0	0
AF	0	0.382886	165	108	57	0	0	0	0
AF	0	0.383198	139	83	56	0	0	0	0
AF	0	0.383510	123	78	45	0	0	0	0
AF	0	0.383823	131	93	38	0	0	0	0
AF	0	0.384135	122	78	44	0	0	0	0
AF	0	0.384447	106	78	28	0	0	0	0
AF	0	0.384760	123	83	40	0	0	0	0
AF	0	0.385072	135	93	42	0	0	0	0
AF	0	0.385384	159	104	55	0	0	0	0
AF	0	0.385696	156	114	42	0	0	0	0
AF	0	0.386009	120	85	35	0	0	0	0
AF	0	0.386321	158	101	57	0	0	0	0
AF	0	0.386633	134	93	41	0	0	0	0
AF	0	0.386946	125	89	36	0	0	0	0
AF	0	0.387258	137	98	39	0	0	0	0
AF	0	0.387570	157	106	51	0	0	0	0
AF	0	0.387883	172	112	60	0	0	0	0
AF	0	0.388195	176	131	45	0	0	0	0
AF	0	0.388507	151	95	56	0	0	0	0
AF	0	0.388819	200	139	61	0	0	0	0
AF	0	0.389132	174	126	48	0	0	0	0
AF	0	0.389444	138	83	55	0	0	0	0
AF	0	0.389756	141	102	39	0	0	0	0
AF	0	0.390069	162	119	43	0	0	0	0
AF	0	0.390381	170	110	60	0	0	0	0
AF	0	0.390693	147	91	56	0	0	0	0
AF	0	0.391006	142	88	54	0	0	0	0
AF	0	0.391318	140	83	57	0	0	0	0
AF	0	0.391630	125	94	31	0	0	0	0
AF	0	0.391943	120	85	35	0	0	0	0
AF	0	0.392255	116	83	33	0	0	0	0
AF	0	0.392567	127	89	38	0	0	0	0
AF	0	0.392879	143	87	56	0	0	0	0
AF	0	0.393192	130	93	37	0	0	0	0
AF	0	0.393504	112	71	41	0	0	0	0
AF	0	0.393816	139	96	43	0	0	0	0
AF	0	0.394129	183	138	45	0	0	0	0
AF	0	0.394441	111	75	36	0	0	0	0
AF	0	0.394753	133	91	42	0	0	0	0
AF	0	0.395066	126	83	43	0	0	0	0
AF	0	0.395378	129	78	51	0	0	0	0
AF	0	0.395690	126	89	37	0	0	0	0
AF	0	0.396002	142	95	47	0	0	0	0
AF	0	0.396315	156	111	45	0	0	0	0
AF	0	0.396627	176	119	57	0	0	0	0
AF	0	0.396939	119	76	43	0	0	0	0
AF	0	0.397252	153	109	44	0	0	0	0
AF	0	0.397564	139	93	46	0	0	0	0
AF	0	0.397876	162	114	48	0	0	0	0
AF	0	0.398189	170	115	55	0	0	0	0
AF	0	0.398501	130	85	45	0	0	0	0
AF	0	0.398813	149	94	55	0	0	0	0
AF	0	0.399126	151	113	38	0	0	0	0
AF	0	0.399438	137	93	44	0	0	0	0
AF	0	0.399750	149	101	48	0	0	0	0
AF	0	0.400062	150	96	54	0	0	0	0
AF	0	0.400375	156	96	60	0	0	0	0
AF	0	0.400687	156	108	48	0	0	0	0
AF	0	0.400999	118	78	40	0	0	0	0
AF	0	0.401312	152	100	52	0	0	0	0
AF	0	0.401624	118	81	37	0	0	0	0
AF	0	0.401936	154	116	38	0	0	0	0
AF	0	0.402249	169	112	57	0	0	0	0
AF	0	0.402561	134	90	44	0	0	0	0
AF	0	0.402873	224	151	73	0	0	0	0
AF	0	0.403186	273	193	80	0	0	0	0
AF	0	0.403498	182	117	65	0	0	0	0
AF	0	0.403810	169	116	53	0	0	0	0
AF	0	0.404122	131	102	29	0	0	0	0
AF	0	0.404435	149	94	55	0	0	0	0
AF	0	0.404747	153	105	48	0	0	0	0
AF	0	0.405059	154	98	56	0	0	0	0
AF	0	0.405372	145	96	49	0	0	0	0
AF	0	0.405684	153	105	48	0	0	0	0
AF	0	0.405996	133	86	47	0	0	0	0
AF	0	0.406309	133	90	43	0	0	0	0
AF	0	0.406621	143	95	48	0	0	0	0
AF	0	0.406933	192	132	60	0	0	0	0
AF	0	0.407245	135	93	42	0	0	0	0
AF	0	0.407558	117	78	39	0	0	0	0
AF	0	0.407870	171	114	57	0	0	0	0
AF	0	0.408182	176	118	58	0	0	0	0
AF	0	0.408495	136	88	48	0	0	0	0
AF	0	0.408807	140	97	43	0	0	0	0
AF	0	0.409119	159	109	50	0	0	0	0
AF	0	0.409432	138	86	52	0	0	0	0
AF	0	0.409744	114	91	23	0	0	0	0
AF	0	0.410056	135	90	45	0	0	0	0
AF	0	0.410369	149	105	44	0	0	0	0
AF	0	0.410681	119	80	39	0	0	0	0
AF	0	0.410993	107	75	32	0	0	0	0
AF	0	0.411305	124	89	35	0	0	0	0
AF	0	0.411618	130	89	41	0	0	0	0
AF	0	0.411930	117	86	31	0	0	0	0
AF	0	0.412242	137	103	34	0	0	0	0
AF	0	0.412555	115	78	37	0	0	0	0
AF	0	0.412867	120	82	38	0	0	0	0
AF	0	0.413179	161	107	54	0	0	0	0
AF	0	0.413492	103	72	31	0	0	0	0
AF	0	0.413804	141	86	55	0	0	0	0
AF	0	0.414116	155	104	51	0	0	0	0
AF	0	0.414428	145	103	42	0	0	0	0
AF	0	0.414741	144	93	51	0	0	0	0
AF	0	0.415053	146	98	48	0	0	0	0
AF	0	0.415365	152	103	49	0	0	0	0
AF	0	0.415678	175	113	62	0	0	0	0
AF	0	0.415990	137	92	45	0	0	0	0
AF	0	0.416302	151	105	46	0	0	0	0
AF	0	0.416615	124	86	38	0	0	0	0
AF	0	0.416927	130	87	43	0	0	0	0
AF	0	0.417239	118	72	46	0	0	0	0
AF	0	0.417552	174	112	62	0	0	0	0
AF	0	0.417864	134	88	46	0	0	0	0
AF	0	0.418176	122	81	41	0	0	0	0
AF	0	0.418488	133	94	39	0	0	0	0
AF	0	0.418801	165	117	48	0	0	0	0
AF	0	0.419113	114	67	47	0	0	0	0
AF	0	0.419425	108	70	38	0	0	0	0
AF	0	0.419738	116	82	34	0	0	0	0
AF	0	0.420050	129	92	37	0	0	0	0
AF	0	0.420362	161	99	62	0	0	0	0
AF	0	0.420675	119	82	37	0	0	0	0
AF	0	0.420987	113	80	33	0	0	0	0
AF	0	0.421299	170	127	43	0	0	0	0
AF	0	0.421611	149	95	54	0	0	0	0
AF	0	0.421924	114	83	31	0	0	0	0
AF	0	0.422236	144	101	43	0	0	0	0
AF	0	0.422548	129	81	48	0	0	0	0
AF	0	0.422861	137	98	39	0	0	0	0
AF	0	0.423173	115	76	39	0	0	0	0
AF	0	0.423485	123	85	38	0	0	0	0
AF	0	0.423798	151	98	53	0	0	0	0
AF	0	0.424110	123	75	48	0	0	0	0
AF	0	0.424422	121	86	35	0	0	0	0
AF	0	0.424735	130	82	48	0	0	0	0
AF	0	0.425047	159	118	41	0	0	0	0
AF	0	0.425359	142	98	44	0	0	0	0
AF	0	0.425671	167	113	54	0	0	0	0
AF	0	0.425984	193	126	67	0	0	0	0
AF	0	0.426296	107	73	34	0	0	0	0
AF	0	0.426608	118	72	46	0	0	0	0
AF	0	0.426921	126	74	52	0	0	0	0
AF	0	0.427233	84	62	22	0	0	0	0
AF	0	0.427545	94	65	29	0	0	0	0
AF	0	0.427858	150	105	45	0	0	0	0
AF	0	0.428170	158	103	55	0	0	0	0
AF	0	0.428482	145	105	40	0	0	0	0
AF	0	0.428795	145	100	45	0	0	0	0
AF	0	0.429107	124	85	39	0	0	0	0
AF	0	0.429419	149	106	43	0	0	0	0
AF	0	0.429731	121	81	40	0	0	0	0
AF	0	0.430044	128	89	39	0	0	0	0
AF	0	0.430356	109	81	28	0	0	0	0
AF	0	0.430668	141	101	40	0	0	0	0
AF	0	0.430981	114	73	41	0	0	0	0
AF	0	0.431293	135	84	51	0	0	0	0
AF	0	0.431605	130	83	47	0	0	0	0
AF	0	0.431918	116	76	40	0	0	0	0
AF	0	0.432230	133	85	48	0	0	0	0
AF	0	0.432542	124	91	33	0	0	0	0
AF	0	0.432854	124	83	41	0	0	0	0
AF	0	0.433167	161	114	47	0	0	0	0
AF	0	0.433479	127	89	38	0	0	0	0
AF	0	0.433791	120	78	42	0	0	0	0
AF	0	0.434104	145	104	41	0	0	0	0
AF	0	0.434416	130	94	36	0	0	0	0
AF	0	0.434728	123	92	31	0	0	0	0
AF	0	0.435041	165	115	50	0	0	0	0
AF	0	0.435353	117	76	41	0	0	0	0
AF	0	0.435665	120	84	36	0	0	0	0
AF	0	0.435978	153	104	49	0	0	0	0
AF	0	0.436290	140	99	41	0	0	0	0
AF	0	0.436602	140	104	36	0	0	0	0
AF	0	0.436914	145	101	44	0	0	0	0
AF	0	0.437227	125	94	31	0	0	0	0
AF	0	0.437539	91	68	23	0	0	0	0
AF	0	0.437851	115	74	41	0	0	0	0
AF	0	0.438164	119	71	48	0	0	0	0
AF	0	0.438476	111	79	32	0	0	0	0
AF	0	0.438788	153	107	46	0	0	0	0
AF	0	0.439101	115	79	36	0	0	0	0
AF	0	0.439413	114	75	39	0	0	0	0
AF	0	0.439725	124	91	33	0	0	0	0
AF	0	0.440037	150	108	42	0	0	0	0
AF	0	0.440350	140	94	46	0	0	0	0
AF	0	0.440662	133	96	37	0	0	0	0
AF	0	0.440974	161	112	49	0	0	0	0
AF	0	0.441287	148	99	49	0	0	0	0
AF	0	0.441599	123	77	46	0	0	0	0
AF	0	0.441911	144	91	53	0	0	0	0
AF	0	0.442224	125	84	41	0	0	0	0
AF	0	0.442536	143	97	46	0	0	0	0
AF	0	0.442848	134	87	47	0	0	0	0
AF	0	0.443161	128	83	45	0	0	0	0
AF	0	0.443473	147	92	55	0	0	0	0
AF	0	0.443785	153	103	50	0	0	0	0
AF	0	0.444097	120	78	42	0	0	0	0
AF	0	0.444410	136	91	45	0	0	0	0
AF	0	0.444722	134	88	46	0	0	0	0
AF	0	0.445034	153	109	44	0	0	0	0
AF	0	0.445347	129	86	43	0	0	0	0
AF	0	0.445659	198	129	69	0	0	0	0
AF	0	0.445971	199	137	62	0	0	0	0
AF	0	0.446284	152	94	58	0	0	0	0
AF	0	0.446596	141	89	52	0	0	0	0
AF	0	0.446908	115	86	29	0	0	0	0
AF	0	0.447220	128	91	37	0	0	0	0
AF	0	0.447533	133	95	38	0	0	0	0
AF	0	0.447845	101	70	31	0	0	0	0
AF	0	0.448157	99	68	31	0	0	0	0
AF	0	0.448470	152	100	52	0	0	0	0
AF	0	0.448782	121	85	36	0	0	0	0
AF	0	0.449094	155	101	54	0	0	0	0
AF	0	0.449407	154	108	46	0	0	0	0
AF	0	0.449719	140	85	55	0	0	0	0
AF	0	0.450031	151	102	49	0	0	0	0
AF	0	0.450344	132	85	47	0	0	0	0
AF	0	0.450656	125	84	41	0	0	0	0
AF	0	0.450968	124	85	39	0	0	0	0
AF	0	0.451280	139	101	38	0	0	0	0
AF	0	0.451593	127	85	42	0	0	0	0
AF	0	0.451905	135	91	44	0	0	0	0
AF	0	0.452217	126	91	35	0	0	0	0
AF	0	0.452530	119	74	45	0	0	0	0
AF	0	0.452842	149	102	47	0	0	0	0
AF	0	0.453154	160	96	64	0	0	0	0
AF	0	0.453467	134	90	44	0	0	0	0
AF	0	0.453779	124	85	39	0	0	0	0
AF	0	0.454091	129	95	34	0	0	0	0
AF	0	0.454403	130	99	31	0	0	0	0
AF	0	0.454716	134	85	49	0	0	0	0
AF	0	0.455028	125	68	57	0	0	0	0
AF	0	0.455340	136	94	42	0	0	0	0
AF	0	0.455653	122	76	46	0	0	0	0
AF	0	0.455965	134	94	40	0	0	0	0
AF	0	0.456277	166	116	50	0	0	0	0
AF	0	0.456590	175	129	46	0	0	0	0
AF	0	0.456902	129	93	36	0	0	0	0
AF	0	0.457214	107	80	27	0	0	0	0
AF	0	0.457527	109	73	36	0	0	0	0
AF	0	0.457839	137	87	50	0	0	0	0
AF	0	0.458151	94	62	32	0	0	0	0
AF	0	0.458463	138	90	48	0	0	0	0
AF	0	0.458776	129	87	42	0	0	0	0
AF	0	0.459088	154	103	51	0	0	0	0
AF	0	0.459400	153	112	41	0	0	0	0
AF	0	0.459713	100	69	31	0	0	0	0
AF	0	0.460025	117	73	44	0	0	0	0
AF	0	0.460337	156	106	50	0	0	0	0
AF	0	0.460650	97	57	40	0	0	0	0
AF	0	0.460962	115	85	30	0	0	0	0
AF	0	0.461274	112	68	44	0	0	0	0
AF	0	0.461587	124	82	42	0	0	0	0
AF	0	0.461899	122	83	39	0	0	0	0
AF	0	0.462211	154	95	59	0	0	0	0
AF	0	0.462523	123	80	43	0	0	0	0
AF	0	0.462836	133	89	44	0	0	0	0
AF	0	0.463148	131	87	44	0	0	0	0
AF	0	0.463460	107	72	35	0	0	0	0
AF	0	0.463773	109	79	30	0	0	0	0
AF	0	0.464085	111	79	32	0	0	0	0
AF	0	0.464397	121	79	42	0	0	0	0
AF	0	0.464710	123	83	40	0	0	0	0
AF	0	0.465022	119	90	29	0	0	0	0
AF	0	0.465334	119	76	43	0	0	0	0
AF	0	0.465646	154	105	49	0	0	0	0
AF	0	0.465959	103	68	35	0	0	0	0
AF	0	0.466271	100	70	30	0	0	0	0
AF	0	0.466583	121	79	42	0	0	0	0
AF	0	0.466896	128	89	39	0	0	0	0
AF	0	0.467208	126	94	32	0	0	0	0
AF	0	0.467520	145	100	45	0	0	0	0
AF	0	0.467833	117	75	42	0	0	0	0
AF	0	0.468145	139	96	43	0	0	0	0
AF	0	0.468457	101	61	40	0	0	0	0
AF	0	0.468770	125	93	32	0	0	0	0
AF	0	0.469082	127	105	22	0	0	0	0
AF	0	0.469394	122	77	45	0	0	0	0
AF	0	0.469706	114	75	39	0	0	0	0
AF	0	0.470019	133	89	44	0	0	0	0
AF	0	0.470331	172	118	54	0	0	0	0
AF	0	0.470643	110	87	23	0	0	0	0
AF	0	0.470956	119	84	35	0	0	0	0
AF	0	0.471268	145	93	52	0	0	0	0
AF	0	0.471580	120	74	46	0	0	0	0
AF	0	0.471893	132	91	41	0	0	0	0
AF	0	0.472205	138	94	44	0	0	0	0
AF	0	0.472517	114	74	40	0	0	0	0
AF	0	0.472829	91	63	28	0	0	0	0
AF	0	0.473142	128	93	35	0	0	0	0
AF	0	0.473454	120	78	42	0	0	0	0
AF	0	0.473766	127	89	38	0	0	0	0
AF	0	0.474079	108	78	30	0	0	0	0
AF	0	0.474391	101	61	40	0	0	0	0
AF	0	0.474703	99	70	29	0	0	0	0
AF	0	0.475016	113	73	40	0	0	0	0
AF	0	0.475328	109	80	29	0	0	0	0
AF	0	0.475640	119	78	41	0	0	0	0
AF	0	0.475953	124	85	39	0	0	0	0
AF	0	0.476265	99	70	29	0	0	0	0
AF	0	0.476577	102	71	31	0	0	0	0
AF	0	0.476889	107	74	33	0	0	0	0
AF	0	0.477202	101	71	30	0	0	0	0
AF	0	0.477514	119	82	37	0	0	0	0
AF	0	0.477826	139	88	51	0	0	0	0
AF	0	0.478139	125	85	40	0	0	0	0
AF	0	0.478451	150	95	55	0	0	0	0
AF	0	0.478763	123	71	52	0	0	0	0
AF	0	0.479076	110	73	37	0	0	0	0
AF	0	0.479388	175	118	57	0	0	0	0
AF	0	0.479700	126	86	40	0	0	0	0
AF	0	0.480012	143	103	40	0	0	0	0
AF	0	0.480325	150	100	50	0	0	0	0
AF	0	0.480637	121	88	33	0	0	0	0
AF	0	0.480949	127	87	40	0	0	0	0
AF	0	0.481262	128	82	46	0	0	0	0
AF	0	0.481574	121	79	42	0	0	0	0
AF	0	0.481886	156	105	51	0	0	0	0
AF	0	0.482199	106	68	38	0	0	0	0
AF	0	0.482511	142	95	47	0	0	0	0
AF	0	0.482823	170	121	49	0	0	0	0
AF	0	0.483136	124	83	41	0	0	0	0
AF	0	0.483448	145	93	52	0	0	0	0
AF	0	0.483760	107	73	34	0	0	0	0
AF	0	0.484072	121	85	36	0	0	0	0
AF	0	0.484385	115	74	41	0	0	0	0
AF	0	0.484697	112	73	39	0	0	0	0
AF	0	0.485009	150	98	52	0	0	0	0
AF	0	0.485322	136	103	33	0	0	0	0
AF	0	0.485634	153	104	49	0	0	0	0
AF	0	0.485946	131	90	41	0	0	0	0
AF	0	0.486259	109	73	36	0	0	0	0
AF	0	0.486571	138	93	45	0	0	0	0
AF	0	0.486883	154	105	49	0	0	0	0
AF	0	0.487196	123	82	41	0	0	0	0
AF	0	0.487508	126	82	44	0	0	0	0
AF	0	0.487820	114	71	43	0	0	0	0
AF	0	0.488132	132	93	39	0	0	0	0
AF	0	0.488445	115	86	29	0	0	0	0
AF	0	0.488757	108	83	25	0	0	0	0
AF	0	0.489069	110	78	32	0	0	0	0
AF	0	0.489382	77	53	24	0	0	0	0
AF	0	0.489694	104	77	27	0	0	0	0
AF	0	0.490006	113	77	36	0	0	0	0
AF	0	0.490319	109	74	35	0	0	0	0
AF	0	0.490631	94	67	27	0	0	0	0
AF	0	0.490943	115	81	34	0	0	0	0
AF	0	0.491255	110	73	37	0	0	0	0
AF	0	0.491568	164	105	59	0	0	0	0
AF	0	0.491880	107	78	29	0	0	0	0
AF	0	0.492192	98	67	31	0	0	0	0
AF	0	0.492505	124	82	42	0	0	0	0
AF	0	0.492817	131	88	43	0	0	0	0
AF	0	0.493129	110	77	33	0	0	0	0
AF	0	0.493442	100	69	31	0	0	0	0
AF	0	0.493754	100	63	37	0	0	0	0
AF	0	0.494066	124	79	45	0	0	0	0
AF	0	0.494379	126	88	38	0	0	0	0
AF	0	0.494691	118	79	39	0	0	0	0
AF	0	0.495003	146	101	45	0	0	0	0
AF	0	0.495315	114	75	39	0	0	0	0
AF	0	0.495628	105	73	32	0	0	0	0
AF	0	0.495940	101	64	37	0	0	0	0
AF	0	0.496252	103	76	27	0	0	0	0
AF	0	0.496565	102	72	30	0	0	0	0
AF	0	0.496877	111	77	34	0	0	0	0
AF	0	0.497189	137	93	44	0	0	0	0
AF	0	0.497502	103	74	29	0	0	0	0
AF	0	0.497814	120	79	41	0	0	0	0
AF	0	0.498126	136	96	40	0	0	0	0
AF	0	0.498438	134	97	37	0	0	0	0
AF	0	0.498751	107	74	33	0	0	0	0
AF	0	0.499063	131	84	47	0	0	0	0
AF	0	0.499375	99	66	33	0	0	0	0
AF	0	0.499688	211	133	78	0	0	0	0
AF	0	0.500000	96	63	33	0	0	0	0
AF	0	0.500312	141	104	37	0	0	0	0
AF	0	0.500625	150	104	46	0	0	0	0
AF	0	0.500937	119	76	43	0	0	0	0
AF	0	0.501249	100	70	30	0	0	0	0
AF	0	0.501562	109	77	32	0	0	0	0
AF	0	0.501874	109	69	40	0	0	0	0
AF	0	0.502186	116	77	39	0	0	0	0
AF	0	0.502498	134	100	34	0	0	0	0
AF	0	0.502811	121	84	37	0	0	0	0
AF	0	0.503123	127	80	47	0	0	0	0
AF	0	0.503435	127	91	36	0	0	0	0
AF	0	0.503748	120	91	29	0	0	0	0
AF	0	0.504060	127	97	30	0	0	0	0
AF	0	0.504372	109	66	43	0	0	0	0
AF	0	0.504685	108	68	40	0	0	0	0
AF	0	0.504997	135	89	46	0	0	0	0
AF	0	0.505309	109	72	37	0	0	0	0
AF	0	0.505621	124	82	42	0	0	0	0
AF	0	0.505934	147	107	40	0	0	0	0
AF	0	0.506246	108	70	38	0	0	0	0
AF	0	0.506558	113	76	37	0	0	0	0
AF	0	0.506871	131	99	32	0	0	0	0
AF	0	0.507183	109	77	32	0	0	0	0
AF	0	0.507495	121	79	42	0	0	0	0
AF	0	0.507808	101	66	35	0	0	0	0
AF	0	0.508120	112	77	35	0	0	0	0
AF	0	0.508432	117	81	36	0	0	0	0
AF	0	0.508745	87	64	23	0	0	0	0
AF	0	0.509057	92	66	26	0	0	0	0
AF	0	0.509369	103	51	52	0	0	0	0
AF	0	0.509681	112	78	34	0	0	0	0
AF	0	0.509994	105	65	40	0	0	0	0
AF	0	0.510306	123	94	29	0	0	0	0
AF	0	0.510618	118	86	32	0	0	0	0
AF	0	0.510931	120	72	48	0	0	0	0
AF	0	0.511243	117	85	32	0	0	0	0
AF	0	0.511555	115	68	47	0	0	0	0
AF	0	0.511868	101	70	31	0	0	0	0
AF	0	0.512180	135	100	35	0	0	0	0
AF	0	0.512492	107	71	36	0	0	0	0
AF	0	0.512804	98	63	35	0	0	0	0
AF	0	0.513117	112	85	27	0	0	0	0
AF	0	0.513429	93	62	31	0	0	0	0
AF	0	0.513741	146	100	46	0	0	0	0
AF	0	0.514054	123	87	36	0	0	0	0
AF	0	0.514366	143	104	39	0	0	0	0
AF	0	0.514678	120	84	36	0	0	0	0
AF	0	0.514991	139	98	41	0	0	0	0
AF	0	0.515303	109	77	32	0	0	0	0
AF	0	0.515615	89	61	28	0	0	0	0
AF	0	0.515928	134	90	44	0	0	0	0
AF	0	0.516240	132	82	50	0	0	0	0
AF	0	0.516552	127	81	46	0	0	0	0
AF	0	0.516864	151	99	52	0	0	0	0
AF	0	0.517177	142	104	38	0	0	0	0
AF	0	0.517489	95	64	31	0	0	0	0
AF	0	0.517801	146	87	59	0	0	0	0
AF	0	0.518114	115	70	45	0	0	0	0
AF	0	0.518426	122	86	36	0	0	0	0
AF	0	0.518738	122	76	46	0	0	0	0
AF	0	0.519051	119	74	45	0	0	0	0
AF	0	0.519363	105	60	45	0	0	0	0
AF	0	0.519675	107	71	36	0	0	0	0
AF	0	0.519988	119	86	33	0	0	0	0
AF	0	0.520300	112	71	41	0	0	0	0
AF	0	0.520612	138	101	37	0	0	0	0
AF	0	0.520924	100	70	30	0	0	0	0
AF	0	0.521237	116	80	36	0	0	0	0
AF	0	0.521549	111	73	38	0	0	0	0
AF	0	0.521861	93	61	32	0	0	0	0
AF	0	0.522174	117	83	34	0	0	0	0
AF	0	0.522486	104	77	27	0	0	0	0
AF	0	0.522798	101	78	23	0	0	0	0
AF	0	0.523111	122	95	27	0	0	0	0
AF	0	0.523423	91	54	37	0	0	0	0
AF	0	0.523735	96	63	33	0	0	0	0
AF	0	0.524047	117	78	39	0	0	0	0
AF	0	0.524360	103	69	34	0	0	0	0
AF	0	0.524672	125	82	43	0	0	0	0
AF	0	0.524984	116	81	35	0	0	0	0
AF	0	0.525297	125	83	42	0	0	0	0
AF	0	0.525609	122	85	37	0	0	0	0
AF	0	0.525921	209	144	65	0	0	0	0
AF	0	0.526234	140	97	43	0	0	0	0
AF	0	0.526546	114	79	35	0	0	0	0
AF	0	0.526858	95	67	28	0	0	0	0
AF	0	0.527171	91	63	28	0	0	0	0
AF	0	0.527483	105	73	32	0	0	0	0
AF	0	0.527795	101	67	34	0	0	0	0
AF	0	0.528107	113	69	44	0	0	0	0
AF	0	0.528420	103	64	39	0	0	0	0
AF	0	0.528732	98	61	37	0	0	0	0
AF	0	0.529044	84	65	19	0	0	0	0
AF	0	0.529357	85	59	26	0	0	0	0
AF	0	0.529669	113	74	39	0	0	0	0
AF	0	0.529981	142	96	46	0	0	0	0
AF	0	0.530294	127	87	40	0	0	0	0
AF	0	0.530606	121	83	38	0	0	0	0
AF	0	0.530918	121	83	38	0	0	0	0
AF	0	0.531230	89	54	35	0	0	0	0
AF	0	0.531543	117	79	38	0	0	0	0
AF	0	0.531855	95	59	36	0	0	0	0
AF	0	0.532167	86	56	30	0	0	0	0
AF	0	0.532480	100	63	37	0	0	0	0
AF	0	0.532792	117	78	39	0	0	0	0
AF	0	0.533104	116	86	30	0	0	0	0
AF	0	0.533417	142	93	49	0	0	0	0
AF	0	0.533729	118	83	35	0	0	0	0
AF	0	0.534041	90	62	28	0	0	0	0
AF	0	0.534354	95	55	40	0	0	0	0
AF	0	0.534666	113	77	36	0	0	0	0
AF	0	0.534978	93	62	31	0	0	0	0
AF	0	0.535290	108	67	41	0	0	0	0
AF	0	0.535603	95	62	33	0	0	0	0
AF	0	0.535915	109	83	26	0	0	0	0
AF	0	0.536227	111	71	40	0	0	0	0
AF	0	0.536540	109	75	34	0	0	0	0
AF	0	0.536852	109	76	33	0	0	0	0
AF	0	0.537164	120	88	32	0	0	0	0
AF	0	0.537477	109	68	41	0	0	0	0
AF	0	0.537789	89	54	35	0	0	0	0
AF	0	0.538101	101	69	32	0	0	0	0
AF	0	0.538413	117	81	36	0	0	0	0
AF	0	0.538726	118	76	42	0	0	0	0
AF	0	0.539038	121	80	41	0	0	0	0
AF	0	0.539350	120	78	42	0	0	0	0
AF	0	0.539663	148	111	37	0	0	0	0
AF	0	0.539975	129	92	37	0	0	0	0
AF	0	0.540287	121	92	29	0	0	0	0
AF	0	0.540600	127	86	41	0	0	0	0
AF	0	0.540912	103	71	32	0	0	0	0
AF	0	0.541224	114	73	41	0	0	0	0
AF	0	0.541537	105	71	34	0	0	0	0
AF	0	0.541849	119	90	29	0	0	0	0
AF	0	0.542161	105	68	37	0	0	0	0
AF	0	0.542473	122	91	31	0	0	0	0
AF	0	0.542786	107	79	28	0	0	0	0
AF	0	0.543098	98	66	32	0	0	0	0
AF	0	0.543410	109	73	36	0	0	0	0
AF	0	0.543723	108	71	37	0	0	0	0
AF	0	0.544035	94	64	30	0	0	0	0
AF	0	0.544347	133	92	41	0	0	0	0
AF	0	0.544660	103	77	26	0	0	0	0
AF	0	0.544972	134	85	49	0	0	0	0
AF	0	0.545284	125	90	35	0	0	0	0
AF	0	0.545597	109	79	30	0	0	0	0
AF	0	0.545909	125	79	46	0	0	0	0
AF	0	0.546221	127	85	42	0	0	0	0
AF	0	0.546533	117	83	34	0	0	0	0
AF	0	0.546846	123	83	40	0	0	0	0
AF	0	0.547158	137	90	47	0	0	0	0
AF	0	0.547470	123	90	33	0	0	0	0
AF	0	0.547783	136	87	49	0	0	0	0
AF	0	0.548095	144	99	45	0	0	0	0
AF	0	0.548407	145	102	43	0	0	0	0
AF	0	0.548720	130	90	40	0	0	0	0
AF	0	0.549032	110	72	38	0	0	0	0
AF	0	0.549344	145	103	42	0	0	0	0
AF	0	0.549656	120	87	33	0	0	0	0
AF	0	0.549969	128	93	35	0	0	0	0
AF	0	0.550281	117	79	38	0	0	0	0
AF	0	0.550593	116	67	49	0	0	0	0
AF	0	0.550906	122	80	42	0	0	0	0
AF	0	0.551218	109	69	40	0	0	0	0
AF	0	0.551530	94	59	35	0	0	0	0
AF	0	0.551843	101	70	31	0	0	0	0
AF	0	0.552155	119	77	42	0	0	0	0
AF	0	0.552467	111	74	37	0	0	0	0
AF	0	0.552780	107	72	35	0	0	0	0
AF	0	0.553092	95	66	29	0	0	0	0
AF	0	0.553404	102	65	37	0	0	0	0
AF	0	0.553716	94	61	33	0	0	0	0
AF	0	0.554029	104	73	31	0	0	0	0
AF	0	0.554341	110	73	37	0	0	0	0
AF	0	0.554653	115	76	39	0	0	0	0
AF	0	0.554966	112	74	38	0	0	0	0
AF	0	0.555278	102	70	32	0	0	0	0
AF	0	0.555590	98	63	35	0	0	0	0
AF	0	0.555903	116	78	38	0	0	0	0
AF	0	0.556215	104	68	36	0	0	0	0
AF	0	0.556527	111	75	36	0	0	0	0
AF	0	0.556839	104	66	38	0	0	0	0
AF	0	0.557152	90	64	26	0	0	0	0
AF	0	0.557464	147	100	47	0	0	0	0
AF	0	0.557776	120	90	30	0	0	0	0
AF	0	0.558089	117	83	34	0	0	0	0
AF	0	0.558401	109	81	28	0	0	0	0
AF	0	0.558713	115	76	39	0	0	0	0
AF	0	0.559026	126	94	32	0	0	0	0
AF	0	0.559338	131	89	42	0	0	0	0
AF	0	0.559650	144	103	41	0	0	0	0
AF	0	0.559963	108	81	27	0	0	0	0
AF	0	0.560275	101	70	31	0	0	0	0
AF	0	0.560587	112	76	36	0	0	0	0
AF	0	0.560899	120	86	34	0	0	0	0
AF	0	0.561212	99	71	28	0	0	0	0
AF	0	0.561524	105	73	32	0	0	0	0
AF	0	0.561836	165	121	44	0	0	0	0
AF	0	0.562149	166	106	60	0	0	0	0
AF	0	0.562461	125	83	42	0	0	0	0
AF	0	0.562773	101	66	35	0	0	0	0
AF	0	0.563086	122	89	33	0	0	0	0
AF	0	0.563398	94	58	36	0	0	0	0
AF	0	0.563710	110	81	29	0	0	0	0
AF	0	0.564022	98	64	34	0	0	0	0
AF	0	0.564335	109	68	41	0	0	0	0
AF	0	0.564647	138	101	37	0	0	0	0
AF	0	0.564959	111	76	35	0	0	0	0
AF	0	0.565272	103	67	36	0	0	0	0
AF	0	0.565584	95	67	28	0	0	0	0
AF	0	0.565896	72	51	21	0	0	0	0
AF	0	0.566209	80	57	23	0	0	0	0
AF	0	0.566521	98	66	32	0	0	0	0
AF	0	0.566833	98	64	34	0	0	0	0
AF	0	0.567146	150	104	46	0	0	0	0
AF	0	0.567458	165	112	53	0	0	0	0
AF	0	0.567770	101	74	27	0	0	0	0
AF	0	0.568082	117	82	35	0	0	0	0
AF	0	0.568395	100	70	30	0	0	0	0
AF	0	0.568707	149	96	53	0	0	0	0
AF	0	0.569019	181	129	52	0	0	0	0
AF	0	0.569332	111	68	43	0	0	0	0
AF	0	0.569644	115	79	36	0	0	0	0
AF	0	0.569956	123	88	35	0	0	0	0
AF	0	0.570269	225	143	82	0	0	0	0
AF	0	0.570581	116	85	31	0	0	0	0
AF	0	0.570893	155	100	55	0	0	0	0
AF	0	0.571205	159	99	60	0	0	0	0
AF	0	0.571518	177	122	55	0	0	0	0
AF	0	0.571830	86	61	25	0	0	0	0
AF	0	0.572142	123	88	35	0	0	0	0
AF	0	0.572455	81	55	26	0	0	0	0
AF	0	0.572767	94	65	29	0	0	0	0
AF	0	0.573079	107	76	31	0	0	0	0
AF	0	0.573392	103	62	41	0	0	0	0
AF	0	0.573704	93	62	31	0	0	0	0
AF	0	0.574016	96	69	27	0	0	0	0
AF	0	0.574329	111	75	36	0	0	0	0
AF	0	0.574641	91	63	28	0	0	0	0
AF	0	0.574953	100	71	29	0	0	0	0
AF	0	0.575265	126	90	36	0	0	0	0
AF	0	0.575578	95	65	30	0	0	0	0
AF	0	0.575890	120	75	45	0	0	0	0
AF	0	0.576202	90	54	36	0	0	0	0
AF	0	0.576515	110	79	31	0	0	0	0
AF	0	0.576827	84	52	32	0	0	0	0
AF	0	0.577139	74	48	26	0	0	0	0
AF	0	0.577452	103	68	35	0	0	0	0
AF	0	0.577764	116	79	37	0	0	0	0
AF	0	0.578076	137	96	41	0	0	0	0
AF	0	0.578389	98	75	23	0	0	0	0
AF	0	0.578701	89	56	33	0	0	0	0
AF	0	0.579013	129	86	43	0	0	0	0
AF	0	0.579325	97	70	27	0	0	0	0
AF	0	0.579638	113	78	35	0	0	0	0
AF	0	0.579950	130	97	33	0	0	0	0
AF	0	0.580262	119	88	31	0	0	0	0
AF	0	0.580575	125	93	32	0	0	0	0
AF	0	0.580887	138	96	42	0	0	0	0
AF	0	0.581199	145	102	43	0	0	0	0
AF	0	0.581512	116	87	29	0	0	0	0
AF	0	0.581824	90	62	28	0	0	0	0
AF	0	0.582136	102	71	31	0	0	0	0
AF	0	0.582448	96	50	46	0	0	0	0
AF	0	0.582761	115	82	33	0	0	0	0
AF	0	0.583073	96	60	36	0	0	0	0
AF	0	0.583385	111	81	30	0	0	0	0
AF	0	0.583698	83	57	26	0	0	0	0
AF	0	0.584010	127	80	47	0	0	0	0
AF	0	0.584322	154	107	47	0	0	0	0
AF	0	0.584635	78	54	24	0	0	0	0
AF	0	0.584947	93	65	28	0	0	0	0
AF	0	0.585259	134	100	34	0	0	0	0
AF	0	0.585572	125	91	34	0	0	0	0
AF	0	0.585884	80	57	23	0	0	0	0
AF	0	0.586196	94	60	34	0	0	0	0
AF	0	0.586508	78	47	31	0	0	0	0
AF	0	0.586821	103	69	34	0	0	0	0
AF	0	0.587133	125	87	38	0	0	0	0
AF	0	0.587445	98	63	35	0	0	0	0
AF	0	0.587758	89	60	29	0	0	0	0
AF	0	0.588070	92	61	31	0	0	0	0
AF	0	0.588382	89	63	26	0	0	0	0
AF	0	0.588695	92	66	26	0	0	0	0
AF	0	0.589007	83	64	19	0	0	0	0
AF	0	0.589319	66	45	21	0	0	0	0
AF	0	0.589631	86	54	32	0	0	0	0
AF	0	0.589944	87	59	28	0	0	0	0
AF	0	0.590256	100	74	26	0	0	0	0
AF	0	0.590568	89	58	31	0	0	0	0
AF	0	0.590881	83	60	23	0	0	0	0
AF	0	0.591193	63	40	23	0	0	0	0
AF	0	0.591505	71	49	22	0	0	0	0
AF	0	0.591818	95	67	28	0	0	0	0
AF	0	0.592130	79	58	21	0	0	0	0
AF	0	0.592442	101	72	29	0	0	0	0
AF	0	0.592755	125	84	41	0	0	0	0
AF	0	0.593067	100	63	37	0	0	0	0
AF	0	0.593379	110	71	39	0	0	0	0
AF	0	0.593691	93	60	33	0	0	0	0
AF	0	0.594004	113	69	44	0	0	0	0
AF	0	0.594316	88	62	26	0	0	0	0
AF	0	0.594628	92	64	28	0	0	0	0
AF	0	0.594941	89	59	30	0	0	0	0
AF	0	0.595253	87	56	31	0	0	0	0
AF	0	0.595565	94	65	29	0	0	0	0
AF	0	0.595878	76	52	24	0	0	0	0
AF	0	0.596190	110	77	33	0	0	0	0
AF	0	0.596502	91	59	32	0	0	0	0
AF	0	0.596814	90	62	28	0	0	0	0
AF	0	0.597127	118	88	30	0	0	0	0
AF	0	0.597439	96	61	35	0	0	0	0
AF	0	0.597751	145	101	44	0	0	0	0
AF	0	0.598064	88	62	26	0	0	0	0
AF	0	0.598376	73	50	23	0	0	0	0
AF	0	0.598688	88	61	27	0	0	0	0
AF	0	0.599001	99	61	38	0	0	0	0
AF	0	0.599313	94	56	38	0	0	0	0
AF	0	0.599625	119	80	39	0	0	0	0
AF	0	0.599938	88	58	30	0	0	0	0
AF	0	0.600250	93	68	25	0	0	0	0
AF	0	0.600562	93	68	25	0	0	0	0
AF	0	0.600874	103	75	28	0	0	0	0
AF	0	0.601187	83	56	27	0	0	0	0
AF	0	0.601499	86	63	23	0	0	0	0
AF	0	0.601811	87	60	27	0	0	0	0
AF	0	0.602124	89	59	30	0	0	0	0
AF	0	0.602436	95	66	29	0	0	0	0
AF	0	0.602748	105	79	26	0	0	0	0
AF	0	0.603061	75	59	16	0	0	0	0
AF	0	0.603373	88	73	15	0	0	0	0
AF	0	0.603685	87	57	30	0	0	0	0
AF	0	0.603998	90	59	31	0	0	0	0
AF	0	0.604310	98	66	32	0	0	0	0
AF	0	0.604622	91	64	27	0	0	0	0
AF	0	0.604934	87	59	28	0	0	0	0
AF	0	0.605247	89	59	30	0	0	0	0
AF	0	0.605559	97	57	40	0	0	0	0
AF	0	0.605871	113	84	29	0	0	0	0
AF	0	0.606184	89	64	25	0	0	0	0
AF	0	0.606496	89	66	23	0	0	0	0
AF	0	0.606808	74	52	22	0	0	0	0
AF	0	0.607121	93	63	30	0	0	0	0
AF	0	0.607433	87	60	27	0	0	0	0
AF	0	0.607745	86	58	28	0	0	0	0
AF	0	0.608057	79	59	20	0	0	0	0
AF	0	0.608370	78	46	32	0	0	0	0
AF	0	0.608682	91	62	29	0	0	0	0
AF	0	0.608994	107	74	33	0	0	0	0
AF	0	0.609307	89	52	37	0	0	0	0
AF	0	0.609619	84	61	23	0	0	0	0
AF	0	0.609931	92	68	24	0	0	0	0
AF	0	0.610244	103	71	32	0	0	0	0
AF	0	0.610556	88	61	27	0	0	0	0
AF	0	0.610868	79	54	25	0	0	0	0
AF	0	0.611181	82	60	22	0	0	0	0
AF	0	0.611493	105	77	28	0	0	0	0
AF	0	0.611805	117	88	29	0	0	0	0
AF	0	0.612117	94	65	29	0	0	0	0
AF	0	0.612430	94	59	35	0	0	0	0
AF	0	0.612742	121	74	47	0	0	0	0
AF	0	0.613054	74	47	27	0	0	0	0
AF	0	0.613367	79	55	24	0	0	0	0
AF	0	0.613679	99	69	30	0	0	0	0
AF	0	0.613991	92	60	32	0	0	0	0
AF	0	0.614304	109	63	46	0	0	0	0
AF	0	0.614616	91	51	40	0	0	0	0
AF	0	0.614928	96	68	28	0	0	0	0
AF	0	0.615240	88	57	31	0	0	0	0
AF	0	0.615553	78	54	24	0	0	0	0
AF	0	0.615865	108	71	37	0	0	0	0
AF	0	0.616177	108	75	33	0	0	0	0
AF	0	0.616490	85	63	22	0	0	0	0
AF	0	0.616802	93	56	37	0	0	0	0
AF	0	0.617114	73	54	19	0	0	0	0
AF	0	0.617427	87	56	31	0	0	0	0
AF	0	0.617739	88	71	17	0	0	0	0
AF	0	0.618051	91	61	30	0	0	0	0
AF	0	0.618364	107	74	33	0	0	0	0
AF	0	0.618676	96	68	28	0	0	0	0
AF	0	0.618988	90	51	39	0	0	0	0
AF	0	0.619300	65	46	19	0	0	0	0
AF	0	0.619613	89	61	28	0	0	0	0
AF	0	0.619925	85	57	28	0	0	0	0
AF	0	0.620237	81	53	28	0	0	0	0
AF	0	0.620550	89	55	34	0	0	0	0
AF	0	0.620862	88	59	29	0	0	0	0
AF	0	0.621174	70	51	19	0	0	0	0
AF	0	0.621487	92	58	34	0	0	0	0
AF	0	0.621799	125	85	40	0	0	0	0
AF	0	0.622111	118	86	32	0	0	0	0
AF	0	0.622423	96	68	28	0	0	0	0
AF	0	0.622736	74	51	23	0	0	0	0
AF	0	0.623048	95	67	28	0	0	0	0
AF	0	0.623360	107	70	37	0	0	0	0
AF	0	0.623673	95	62	33	0	0	0	0
AF	0	0.623985	98	66	32	0	0	0	0
AF	0	0.624297	104	75	29	0	0	0	0
AF	0	0.624610	100	71	29	0	0	0	0
AF	0	0.624922	130	92	38	0	0	0	0
AF	0	0.625234	100	75	25	0	0	0	0
AF	0	0.625547	101	59	42	0	0	0	0
AF	0	0.625859	79	47	32	0	0	0	0
AF	0	0.626171	94	67	27	0	0	0	0
AF	0	0.626483	142	101	41	0	0	0	0
AF	0	0.626796	98	62	36	0	0	0	0
AF	0	0.627108	96	69	27	0	0	0	0
AF	0	0.627420	73	49	24	0	0	0	0
AF	0	0.627733	86	60	26	0	0	0	0
AF	0	0.628045	70	47	23	0	0	0	0
AF	0	0.628357	101	63	38	0	0	0	0
AF	0	0.628670	64	40	24	0	0	0	0
AF	0	0.628982	92	63	29	0	0	0	0
AF	0	0.629294	84	63	21	0	0	0	0
AF	0	0.629606	102	62	40	0	0	0	0
AF	0	0.629919	111	85	26	0	0	0	0
AF	0	0.630231	87	65	22	0	0	0	0
AF	0	0.630543	90	60	30	0	0	0	0
AF	0	0.630856	83	46	37	0	0	0	0
AF	0	0.631168	101	72	29	0	0	0	0
AF	0	0.631480	78	60	18	0	0	0	0
AF	0	0.631793	87	56	31	0	0	0	0
AF	0	0.632105	96	66	30	0	0	0	0
AF	0	0.632417	102	78	24	0	0	0	0
AF	0	0.632730	90	60	30	0	0	0	0
AF	0	0.633042	67	48	19	0	0	0	0
AF	0	0.633354	105	67	38	0	0	0	0
AF	0	0.633666	108	77	31	0	0	0	0
AF	0	0.633979	108	70	38	0	0	0	0
AF	0	0.634291	87	56	31	0	0	0	0
AF	0	0.634603	110	73	37	0	0	0	0
AF	0	0.634916	79	48	31	0	0	0	0
AF	0	0.635228	75	43	32	0	0	0	0
AF	0	0.635540	88	60	28	0	0	0	0
AF	0	0.635853	110	73	37	0	0	0	0
AF	0	0.636165	93	55	38	0	0	0	0
AF	0	0.636477	65	41	24	0	0	0	0
AF	0	0.636790	72	48	24	0	0	0	0
AF	0	0.637102	120	82	38	0	0	0	0
AF	0	0.637414	84	53	31	0	0	0	0
AF	0	0.637726	72	47	25	0	0	0	0
AF	0	0.638039	90	59	31	0	0	0	0
AF	0	0.638351	76	50	26	0	0	0	0
AF	0	0.638663	68	48	20	0	0	0	0
AF	0	0.638976	97	59	38	0	0	0	0
AF	0	0.639288	104	71	33	0	0	0	0
AF	0	0.639600	102	68	34	0	0	0	0
AF	0	0.639913	83	51	32	0	0	0	0
AF	0	0.640225	68	42	26	0	0	0	0
AF	0	0.640537	145	100	45	0	0	0	0
AF	0	0.640849	95	65	30	0	0	0	0
AF	0	0.641162	95	61	34	0	0	0	0
AF	0	0.641474	107	84	23	0	0	0	0
AF	0	0.641786	84	60	24	0	0	0	0
AF	0	0.642099	77	59	18	0	0	0	0
AF	0	0.642411	81	57	24	0	0	0	0
AF	0	0.642723	98	69	29	0	0	0	0
AF	0	0.643036	84	57	27	0	0	0	0
AF	0	0.643348	74	46	28	0	0	0	0
AF	0	0.643660	82	51	31	0	0	0	0
AF	0	0.643973	85	55	30	0	0	0	0
AF	0	0.644285	97	65	32	0	0	0	0
AF	0	0.644597	80	53	27	0	0	0	0
AF	0	0.644909	64	43	21	0	0	0	0
AF	0	0.645222	73	50	23	0	0	0	0
AF	0	0.645534	82	51	31	0	0	0	0
AF	0	0.645846	122	80	42	0	0	0	0
AF	0	0.646159	96	71	25	0	0	0	0
AF	0	0.646471	115	79	36	0	0	0	0
AF	0	0.646783	151	101	50	0	0	0	0
AF	0	0.647096	128	83	45	0	0	0	0
AF	0	0.647408	72	50	22	0	0	0	0
AF	0	0.647720	62	47	15	0	0	0	0
AF	0	0.648032	88	62	26	0	0	0	0
AF	0	0.648345	76	53	23	0	0	0	0
AF	0	0.648657	71	47	24	0	0	0	0
AF	0	0.648969	86	58	28	0	0	0	0
AF	0	0.649282	68	46	22	0	0	0	0
AF	0	0.649594	97	60	37	0	0	0	0
AF	0	0.649906	70	45	25	0	0	0	0
AF	0	0.650219	84	59	25	0	0	0	0
AF	0	0.650531	86	59	27	0	0	0	0
AF	0	0.650843	88	61	27	0	0	0	0
AF	0	0.651156	67	42	25	0	0	0	0
AF	0	0.651468	86	63	23	0	0	0	0
AF	0	0.651780	86	60	26	0	0	0	0
AF	0	0.652092	96	68	28	0	0	0	0
AF	0	0.652405	86	54	32	0	0	0	0
AF	0	0.652717	86	50	36	0	0	0	0
AF	0	0.653029	91	61	30	0	0	0	0
AF	0	0.653342	107	72	35	0	0	0	0
AF	0	0.653654	100	71	29	0	0	0	0
AF	0	0.653966	73	48	25	0	0	0	0
AF	0	0.654279	74	56	18	0	0	0	0
AF	0	0.654591	79	53	26	0	0	0	0
AF	0	0.654903	86	49	37	0	0	0	0
AF	0	0.655215	81	54	27	0	0	0	0
AF	0	0.655528	126	91	35	0	0	0	0
AF	0	0.655840	114	72	42	0	0	0	0
AF	0	0.656152	203	139	64	0	0	0	0
AF	0	0.656465	111	80	31	0	0	0	0
AF	0	0.656777	91	59	32	0	0	0	0
AF	0	0.657089	80	58	22	0	0	0	0
AF	0	0.657402	65	47	18	0	0	0	0
AF	0	0.657714	74	45	29	0	0	0	0
AF	0	0.658026	71	48	23	0	0	0	0
AF	0	0.658339	64	46	18	0	0	0	0
AF	0	0.658651	62	35	27	0	0	0	0
AF	0	0.658963	82	60	22	0	0	0	0
AF	0	0.659275	73	47	26	0	0	0	0
AF	0	0.659588	82	56	26	0	0	0	0
AF	0	0.659900	67	48	19	0	0	0	0
AF	0	0.660212	92	63	29	0	0	0	0
AF	0	0.660525	80	50	30	0	0	0	0
AF	0	0.660837	70	47	23	0	0	0	0
AF	0	0.661149	93	59	34	0	0	0	0
AF	0	0.661462	73	53	20	0	0	0	0
AF	0	0.661774	76	52	24	0	0	0	0
AF	0	0.662086	115	79	36	0	0	0	0
AF	0	0.662399	84	59	25	0	0	0	0
AF	0	0.662711	114	85	29	0	0	0	0
AF	0	0.663023	81	62	19	0	0	0	0
AF	0	0.663335	59	44	15	0	0	0	0
AF	0	0.663648	85	59	26	0	0	0	0
AF	0	0.663960	61	46	15	0	0	0	0
AF	0	0.664272	117	83	34	0	0	0	0
AF	0	0.664585	84	61	23	0	0	0	0
AF	0	0.664897	75	59	16	0	0	0	0
AF	0	0.665209	92	62	30	0	0	0	0
AF	0	0.665522	77	56	21	0	0	0	0
AF	0	0.665834	74	47	27	0	0	0	0
AF	0	0.666146	104	67	37	0	0	0	0
AF	0	0.666458	84	54	30	0	0	0	0
AF	0	0.666771	67	46	21	0	0	0	0
AF	0	0.667083	100	62	38	0	0	0	0
AF	0	0.667395	77	49	28	0	0	0	0
AF	0	0.667708	65	46	19	0	0	0	0
AF	0	0.668020	84	58	26	0	0	0	0
AF	0	0.668332	58	40	18	0	0	0	0
AF	0	0.668645	110	75	35	0	0	0	0
AF	0	0.668957	100	68	32	0	0	0	0
AF	0	0.669269	85	54	31	0	0	0	0
AF	0	0.669582	78	58	20	0	0	0	0
AF	0	0.669894	85	58	27	0	0	0	0
AF	0	0.670206	89	60	29	0	0	0	0
AF	0	0.670518	72	51	21	0	0	0	0
AF	0	0.670831	69	44	25	0	0	0	0
AF	0	0.671143	96	77	19	0	0	0	0
AF	0	0.671455	92	67	25	0	0	0	0
AF	0	0.671768	92	64	28	0	0	0	0
AF	0	0.672080	112	74	38	0	0	0	0
AF	0	0.672392	67	50	17	0	0	0	0
AF	0	0.672705	79	52	27	0	0	0	0
AF	0	0.673017	87	61	26	0	0	0	0
AF	0	0.673329	72	51	21	0	0	0	0
AF	0	0.673641	101	62	39	0	0	0	0
AF	0	0.673954	60	42	18	0	0	0	0
AF	0	0.674266	88	60	28	0	0	0	0
AF	0	0.674578	79	54	25	0	0	0	0
AF	0	0.674891	77	52	25	0	0	0	0
AF	0	0.675203	88	61	27	0	0	0	0
AF	0	0.675515	95	64	31	0	0	0	0
AF	0	0.675828	67	42	25	0	0	0	0
AF	0	0.676140	89	59	30	0	0	0	0
AF	0	0.676452	76	58	18	0	0	0	0
AF	0	0.676765	90	60	30	0	0	0	0
AF	0	0.677077	100	61	39	0	0	0	0
AF	0	0.677389	80	53	27	0	0	0	0
AF	0	0.677701	103	72	31	0	0	0	0
AF	0	0.678014	124	78	46	0	0	0	0
AF	0	0.678326	109	80	29	0	0	0	0
AF	0	0.678638	106	72	34	0	0	0	0
AF	0	0.678951	75	51	24	0	0	0	0
AF	0	0.679263	99	60	39	0	0	0	0
AF	0	0.679575	97	65	32	0	0	0	0
AF	0	0.679888	104	68	36	0	0	0	0
AF	0	0.680200	92	59	33	0	0	0	0
AF	0	0.680512	84	68	16	0	0	0	0
AF	0	0.680824	114	79	35	0	0	0	0
AF	0	0.681137	103	70	33	0	0	0	0
AF	0	0.681449	81	57	24	0	0	0	0
AF	0	0.681761	89	60	29	0	0	0	0
AF	0	0.682074	94	63	31	0	0	0	0
AF	0	0.682386	101	69	32	0	0	0	0
AF	0	0.682698	81	50	31	0	0	0	0
AF	0	0.683011	78	51	27	0	0	0	0
AF	0	0.683323	108	72	36	0	0	0	0
AF	0	0.683635	93	59	34	0	0	0	0
AF	0	0.683948	103	66	37	0	0	0	0
AF	0	0.684260	92	55	37	0	0	0	0
AF	0	0.684572	81	53	28	0	0	0	0
AF	0	0.684884	64	48	16	0	0	0	0
AF	0	0.685197	68	56	12	0	0	0	0
AF	0	0.685509	74	48	26	0	0	0	0
AF	0	0.685821	87	63	24	0	0	0	0
AF	0	0.686134	80	57	23	0	0	0	0
AF	0	0.686446	93	58	35	0	0	0	0
AF	0	0.686758	78	61	17	0	0	0	0
AF	0	0.687071	70	44	26	0	0	0	0
AF	0	0.687383	89	71	18	0	0	0	0
AF	0	0.687695	77	55	22	0	0	0	0
AF	0	0.688007	107	76	31	0	0	0	0
AF	0	0.688320	74	46	28	0	0	0	0
AF	0	0.688632	102	67	35	0	0	0	0
AF	0	0.688944	78	53	25	0	0	0	0
AF	0	0.689257	87	61	26	0	0	0	0
AF	0	0.689569	77	58	19	0	0	0	0
AF	0	0.689881	120	89	31	0	0	0	0
AF	0	0.690194	70	52	18	0	0	0	0
AF	0	0.690506	100	66	34	0	0	0	0
AF	0	0.690818	90	57	33	0	0	0	0
AF	0	0.691131	83	55	28	0	0	0	0
AF	0	0.691443	94	64	30	0	0	0	0
AF	0	0.691755	77	56	21	0	0	0	0
AF	0	0.692067	93	61	32	0	0	0	0
AF	0	0.692380	88	65	23	0	0	0	0
AF	0	0.692692	73	51	22	0	0	0	0
AF	0	0.693004	62	40	22	0	0	0	0
AF	0	0.693317	82	56	26	0	0	0	0
AF	0	0.693629	72	55	17	0	0	0	0
AF	0	0.693941	85	53	32	0	0	0	0
AF	0	0.694254	94	68	26	0	0	0	0
AF	0	0.694566	76	45	31	0	0	0	0
AF	0	0.694878	95	61	34	0	0	0	0
AF	0	0.695191	91	64	27	0	0	0	0
AF	0	0.695503	94	63	31	0	0	0	0
AF	0	0.695815	78	59	19	0	0	0	0
AF	0	0.696127	99	74	25	0	0	0	0
AF	0	0.696440	66	42	24	0	0	0	0
AF	0	0.696752	113	74	39	0	0	0	0
AF	0	0.697064	81	49	32	0	0	0	0
AF	0	0.697377	65	48	17	0	0	0	0
AF	0	0.697689	84	65	19	0	0	0	0
AF	0	0.698001	82	50	32	0	0	0	0
AF	0	0.698314	90	64	26	0	0	0	0
AF	0	0.698626	88	61	27	0	0	0	0
AF	0	0.698938	92	62	30	0	0	0	0
AF	0	0.699250	87	61	26	0	0	0	0
AF	0	0.699563	89	59	30	0	0	0	0
AF	0	0.699875	89	62	27	0	0	0	0
AF	0	0.700187	77	47	30	0	0	0	0
AF	0	0.700500	82	59	23	0	0	0	0
AF	0	0.700812	74	49	25	0	0	0	0
AF	0	0.701124	70	45	25	0	0	0	0
AF	0	0.701437	85	58	27	0	0	0	0
AF	0	0.701749	71	54	17	0	0	0	0
AF	0	0.702061	59	38	21	0	0	0	0
AF	0	0.702374	56	37	19	0	0	0	0
AF	0	0.702686	86	57	29	0	0	0	0
AF	0	0.702998	81	54	27	0	0	0	0
AF	0	0.703310	81	51	30	0	0	0	0
AF	0	0.703623	89	54	35	0	0	0	0
AF	0	0.703935	64	42	22	0	0	0	0
AF	0	0.704247	73	49	24	0	0	0	0
AF	0	0.704560	72	47	25	0	0	0	0
AF	0	0.704872	87	59	28	0	0	0	0
AF	0	0.705184	67	43	24	0	0	0	0
AF	0	0.705497	88	56	32	0	0	0	0
AF	0	0.705809	75	52	23	0	0	0	0
AF	0	0.706121	98	67	31	0	0	0	0
AF	0	0.706433	71	40	31	0	0	0	0
AF	0	0.706746	78	54	24	0	0	0	0
AF	0	0.707058	86	62	24	0	0	0	0
AF	0	0.707370	55	37	18	0	0	0	0
AF	0	0.707683	87	61	26	0	0	0	0
AF	0	0.707995	92	56	36	0	0	0	0
AF	0	0.708307	77	55	22	0	0	0	0
AF	0	0.708620	69	36	33	0	0	0	0
AF	0	0.708932	74	45	29	0	0	0	0
AF	0	0.709244	107	72	35	0	0	0	0
AF	0	0.709557	139	98	41	0	0	0	0
AF	0	0.709869	149	94	55	0	0	0	0
AF	0	0.710181	131	92	39	0	0	0	0
AF	0	0.710493	93	65	28	0	0	0	0
AF	0	0.710806	76	56	20	0	0	0	0
AF	0	0.711118	75	57	18	0	0	0	0
AF	0	0.711430	87	70	17	0	0	0	0
AF	0	0.711743	67	46	21	0	0	0	0
AF	0	0.712055	80	55	25	0	0	0	0
AF	0	0.712367	95	70	25	0	0	0	0
AF	0	0.712680	81	55	26	0	0	0	0
AF	0	0.712992	117	76	41	0	0	0	0
AF	0	0.713304	83	61	22	0	0	0	0
AF	0	0.713616	67	50	17	0	0	0	0
AF	0	0.713929	117	71	46	0	0	0	0
AF	0	0.714241	108	77	31	0	0	0	0
AF	0	0.714553	87	61	26	0	0	0	0
AF	0	0.714866	98	68	30	0	0	0	0
AF	0	0.715178	85	57	28	0	0	0	0
AF	0	0.715490	76	60	16	0	0	0	0
AF	0	0.715803	68	49	19	0	0	0	0
AF	0	0.716115	92	57	35	0	0	0	0
AF	0	0.716427	83	58	25	0	0	0	0
AF	0	0.716740	115	75	40	0	0	0	0
AF	0	0.717052	97	63	34	0	0	0	0
AF	0	0.717364	95	64	31	0	0	0	0
AF	0	0.717676	85	60	25	0	0	0	0
AF	0	0.717989	85	53	32	0	0	0	0
AF	0	0.718301	62	37	25	0	0	0	0
AF	0	0.718613	66	46	20	0	0	0	0
AF	0	0.718926	63	44	19	0	0	0	0
AF	0	0.719238	67	43	24	0	0	0	0
AF	0	0.719550	108	71	37	0	0	0	0
AF	0	0.719863	83	50	33	0	0	0	0
AF	0	0.720175	76	55	21	0	0	0	0
AF	0	0.720487	95	67	28	0	0	0	0
AF	0	0.720800	65	46	19	0	0	0	0
AF	0	0.721112	78	56	22	0	0	0	0
AF	0	0.721424	78	53	25	0	0	0	0
AF	0	0.721736	56	39	17	0	0	0	0
AF	0	0.722049	84	55	29	0	0	0	0
AF	0	0.722361	76	58	18	0	0	0	0
AF	0	0.722673	87	70	17	0	0	0	0
AF	0	0.722986	64	45	19	0	0	0	0
AF	0	0.723298	85	55	30	0	0	0	0
AF	0	0.723610	57	40	17	0	0	0	0
AF	0	0.723923	53	37	16	0	0	0	0
AF	0	0.724235	77	48	29	0	0	0	0
AF	0	0.724547	60	44	16	0	0	0	0
AF	0	0.724859	76	50	26	0	0	0	0
AF	0	0.725172	75	50	25	0	0	0	0
AF	0	0.725484	72	48	24	0	0	0	0
AF	0	0.725796	67	43	24	0	0	0	0
AF	0	0.726109	49	36	13	0	0	0	0
AF	0	0.726421	81	46	35	0	0	0	0
AF	0	0.726733	72	47	25	0	0	0	0
AF	0	0.727046	94	63	31	0	0	0	0
AF	0	0.727358	83	60	23	0	0	0	0
AF	0	0.727670	87	61	26	0	0	0	0
AF	0	0.727983	67	49	18	0	0	0	0
AF	0	0.728295	65	41	24	0	0	0	0
AF	0	0.728607	62	39	23	0	0	0	0
AF	0	0.728919	71	54	17	0	0	0	0
AF	0	0.729232	82	59	23	0	0	0	0
AF	0	0.729544	96	69	27	0	0	0	0
AF	0	0.729856	70	52	18	0	0	0	0
AF	0	0.730169	67	41	26	0	0	0	0
AF	0	0.730481	66	46	20	0	0	0	0
AF	0	0.730793	61	46	15	0	0	0	0
AF	0	0.731106	69	52	17	0	0	0	0
AF	0	0.731418	57	44	13	0	0	0	0
AF	0	0.731730	55	42	13	0	0	0	0
AF	0	0.732042	68	45	23	0	0	0	0
AF	0	0.732355	49	37	12	0	0	0	0
AF	0	0.732667	63	42	21	0	0	0	0
AF	0	0.732979	87	62	25	0	0	0	0
AF	0	0.733292	78	54	24	0	0	0	0
AF	0	0.733604	70	45	25	0	0	0	0
AF	0	0.733916	72	51	21	0	0	0	0
AF	0	0.734229	63	47	16	0	0	0	0
AF	0	0.734541	62	39	23	0	0	0	0
AF	0	0.734853	65	44	21	0	0	0	0
AF	0	0.735166	86	51	35	0	0	0	0
AF	0	0.735478	74	49	25	0	0	0	0
AF	0	0.735790	56	40	16	0	0	0	0
AF	0	0.736102	75	54	21	0	0	0	0
AF	0	0.736415	82	57	25	0	0	0	0
AF	0	0.736727	63	42	21	0	0	0	0
AF	0	0.737039	78	48	30	0	0	0	0
AF	0	0.737352	65	47	18	0	0	0	0
AF	0	0.737664	76	50	26	0	0	0	0
AF	0	0.737976	79	61	18	0	0	0	0
AF	0	0.738289	85	56	29	0	0	0	0
AF	0	0.738601	78	56	22	0	0	0	0
AF	0	0.738913	73	48	25	0	0	0	0
AF	0	0.739225	69	44	25	0	0	0	0
AF	0	0.739538	76	57	19	0	0	0	0
AF	0	0.739850	90	59	31	0	0	0	0
AF	0	0.740162	58	40	18	0	0	0	0
AF	0	0.740475	71	49	22	0	0	0	0
AF	0	0.740787	114	75	39	0	0	0	0
AF	0	0.741099	76	53	23	0	0	0	0
AF	0	0.741412	47	30	17	0	0	0	0
AF	0	0.741724	83	52	31	0	0	0	0
AF	0	0.742036	90	67	23	0	0	0	0
AF	0	0.742349	66	50	16	0	0	0	0
AF	0	0.742661	52	35	17	0	0	0	0
AF	0	0.742973	53	34	19	0	0	0	0
AF	0	0.743285	72	47	25	0	0	0	0
AF	0	0.743598	68	46	22	0	0	0	0
AF	0	0.743910	94	65	29	0	0	0	0
AF	0	0.744222	73	49	24	0	0	0	0
AF	0	0.744535	80	53	27	0	0	0	0
AF	0	0.744847	63	43	20	0	0	0	0
AF	0	0.745159	77	58	19	0	0	0	0
AF	0	0.745472	53	40	13	0	0	0	0
AF	0	0.745784	67	43	24	0	0	0	0
AF	0	0.746096	68	52	16	0	0	0	0
AF	0	0.746408	94	63	31	0	0	0	0
AF	0	0.746721	67	44	23	0	0	0	0
AF	0	0.747033	54	42	12	0	0	0	0
AF	0	0.747345	63	49	14	0	0	0	0
AF	0	0.747658	80	53	27	0	0	0	0
AF	0	0.747970	95	64	31	0	0	0	0
AF	0	0.748282	58	42	16	0	0	0	0
AF	0	0.748595	85	58	27	0	0	0	0
AF	0	0.748907	101	67	34	0	0	0	0
AF	0	0.749219	51	39	12	0	0	0	0
AF	0	0.749532	80	54	26	0	0	0	0
AF	0	0.749844	86	57	29	0	0	0	0
AF	0	0.750156	110	85	25	0	0	0	0
AF	0	0.750468	62	38	24	0	0	0	0
AF	0	0.750781	70	45	25	0	0	0	0
AF	0	0.751093	79	61	18	0	0	0	0
AF	0	0.751405	51	35	16	0	0	0	0
AF	0	0.751718	63	41	22	0	0	0	0
AF	0	0.752030	45	33	12	0	0	0	0
AF	0	0.752342	71	49	22	0	0	0	0
AF	0	0.752655	57	44	13	0	0	0	0
AF	0	0.752967	69	50	19	0	0	0	0
AF	0	0.753279	69	43	26	0	0	0	0
AF	0	0.753592	69	52	17	0	0	0	0
AF	0	0.753904	128	91	37	0	0	0	0
AF	0	0.754216	77	57	20	0	0	0	0
AF	0	0.754528	72	48	24	0	0	0	0
AF	0	0.754841	71	40	31	0	0	0	0
AF	0	0.755153	50	31	19	0	0	0	0
AF	0	0.755465	62	38	24	0	0	0	0
AF	0	0.755778	50	35	15	0	0	0	0
AF	0	0.756090	61	48	13	0	0	0	0
AF	0	0.756402	75	53	22	0	0	0	0
AF	0	0.756715	78	54	24	0	0	0	0
AF	0	0.757027	50	35	15	0	0	0	0
AF	0	0.757339	64	35	29	0	0	0	0
AF	0	0.757651	55	38	17	0	0	0	0
AF	0	0.757964	66	46	20	0	0	0	0
AF	0	0.758276	67	44	23	0	0	0	0
AF	0	0.758588	76	55	21	0	0	0	0
AF	0	0.758901	81	60	21	0	0	0	0
AF	0	0.759213	115	80	35	0	0	0	0
AF	0	0.759525	87	57	30	0	0	0	0
AF	0	0.759838	77	50	27	0	0	0	0
AF	0	0.760150	61	51	10	0	0	0	0
AF	0	0.760462	63	41	22	0	0	0	0
AF	0	0.760775	65	46	19	0	0	0	0
AF	0	0.761087	53	31	22	0	0	0	0
AF	0	0.761399	68	46	22	0	0	0	0
AF	0	0.761711	70	48	22	0	0	0	0
AF	0	0.762024	123	96	27	0	0	0	0
AF	0	0.762336	61	40	21	0	0	0	0
AF	0	0.762648	64	40	24	0	0	0	0
AF	0	0.762961	55	44	11	0	0	0	0
AF	0	0.763273	74	49	25	0	0	0	0
AF	0	0.763585	71	44	27	0	0	0	0
AF	0	0.763898	80	50	30	0	0	0	0
AF	0	0.764210	94	60	34	0	0	0	0
AF	0	0.764522	61	43	18	0	0	0	0
AF	0	0.764834	74	50	24	0	0	0	0
AF	0	0.765147	63	40	23	0	0	0	0
AF	0	0.765459	52	33	19	0	0	0	0
AF	0	0.765771	84	61	23	0	0	0	0
AF	0	0.766084	61	39	22	0	0	0	0
AF	0	0.766396	63	38	25	0	0	0	0
AF	0	0.766708	77	55	22	0	0	0	0
AF	0	0.767021	66	36	30	0	0	0	0
AF	0	0.767333	86	49	37	0	0	0	0
AF	0	0.767645	83	49	34	0	0	0	0
AF	0	0.767958	81	55	26	0	0	0	0
AF	0	0.768270	71	39	32	0	0	0	0
AF	0	0.768582	77	51	26	0	0	0	0
AF	0	0.768894	75	52	23	0	0	0	0
AF	0	0.769207	76	46	30	0	0	0	0
AF	0	0.769519	67	50	17	0	0	0	0
AF	0	0.769831	57	45	12	0	0	0	0
AF	0	0.770144	77	56	21	0	0	0	0
AF	0	0.770456	75	49	26	0	0	0	0
AF	0	0.770768	111	88	23	0	0	0	0
AF	0	0.771081	98	72	26	0	0	0	0
AF	0	0.771393	79	56	23	0	0	0	0
AF	0	0.771705	80	54	26	0	0	0	0
AF	0	0.772017	77	51	26	0	0	0	0
AF	0	0.772330	71	47	24	0	0	0	0
AF	0	0.772642	69	43	26	0	0	0	0
AF	0	0.772954	68	46	22	0	0	0	0
AF	0	0.773267	67	44	23	0	0	0	0
AF	0	0.773579	72	53	19	0	0	0	0
AF	0	0.773891	57	38	19	0	0	0	0
AF	0	0.774204	76	44	32	0	0	0	0
AF	0	0.774516	60	45	15	0	0	0	0
AF	0	0.774828	90	69	21	0	0	0	0
AF	0	0.775141	66	46	20	0	0	0	0
AF	0	0.775453	99	72	27	0	0	0	0
AF	0	0.775765	90	61	29	0	0	0	0
AF	0	0.776077	83	59	24	0	0	0	0
AF	0	0.776390	64	40	24	0	0	0	0
AF	0	0.776702	62	41	21	0	0	0	0
AF	0	0.777014	61	46	15	0	0	0	0
AF	0	0.777327	80	59	21	0	0	0	0
AF	0	0.777639	76	44	32	0	0	0	0
AF	0	0.777951	78	60	18	0	0	0	0
AF	0	0.778264	112	72	40	0	0	0	0
AF	0	0.778576	69	42	27	0	0	0	0
AF	0	0.778888	66	42	24	0	0	0	0
AF	0	0.779200	50	35	15	0	0	0	0
AF	0	0.779513	55	39	16	0	0	0	0
AF	0	0.779825	81	63	18	0	0	0	0
AF	0	0.780137	68	47	21	0	0	0	0
AF	0	0.780450	70	48	22	0	0	0	0
AF	0	0.780762	48	31	17	0	0	0	0
AF	0	0.781074	81	59	22	0	0	0	0
AF	0	0.781387	83	53	30	0	0	0	0
AF	0	0.781699	66	51	15	0	0	0	0
AF	0	0.782011	78	47	31	0	0	0	0
AF	0	0.782324	78	52	26	0	0	0	0
AF	0	0.782636	75	50	25	0	0	0	0
AF	0	0.782948	66	45	21	0	0	0	0
AF	0	0.783260	101	68	33	0	0	0	0
AF	0	0.783573	57	45	12	0	0	0	0
AF	0	0.783885	64	36	28	0	0	0	0
AF	0	0.784197	86	58	28	0	0	0	0
AF	0	0.784510	69	44	25	0	0	0	0
AF	0	0.784822	74	47	27	0	0	0	0
AF	0	0.785134	62	46	16	0	0	0	0
AF	0	0.785447	109	75	34	0	0	0	0
AF	0	0.785759	84	56	28	0	0	0	0
AF	0	0.786071	66	45	21	0	0	0	0
AF	0	0.786384	67	42	25	0	0	0	0
AF	0	0.786696	93	60	33	0	0	0	0
AF	0	0.787008	76	54	22	0	0	0	0
AF	0	0.787320	60	40	20	0	0	0	0
AF	0	0.787633	78	60	18	0	0	0	0
AF	0	0.787945	68	51	17	0	0	0	0
AF	0	0.788257	59	41	18	0	0	0	0
AF	0	0.788570	68	47	21	0	0	0	0
AF	0	0.788882	74	52	22	0	0	0	0
AF	0	0.789194	63	45	18	0	0	0	0
AF	0	0.789507	58	41	17	0	0	0	0
AF	0	0.789819	87	52	35	0	0	0	0
AF	0	0.790131	66	50	16	0	0	0	0
AF	0	0.790443	74	44	30	0	0	0	0
AF	0	0.790756	66	43	23	0	0	0	0
AF	0	0.791068	74	50	24	0	0	0	0
AF	0	0.791380	63	39	24	0	0	0	0
AF	0	0.791693	77	49	28	0	0	0	0
AF	0	0.792005	120	87	33	0	0	0	0
AF	0	0.792317	76	52	24	0	0	0	0
AF	0	0.792630	95	60	35	0	0	0	0
AF	0	0.792942	74	45	29	0	0	0	0
AF	0	0.793254	65	45	20	0	0	0	0
AF	0	0.793567	55	40	15	0	0	0	0
AF	0	0.793879	55	37	18	0	0	0	0
AF	0	0.794191	57	40	17	0	0	0	0
AF	0	0.794503	78	49	29	0	0	0	0
AF	0	0.794816	74	54	20	0	0	0	0
AF	0	0.795128	94	53	41	0	0	0	0
AF	0	0.795440	87	60	27	0	0	0	0
AF	0	0.795753	79	45	34	0	0	0	0
AF	0	0.796065	73	51	22	0	0	0	0
AF	0	0.796377	65	38	27	0	0	0	0
AF	0	0.796690	94	67	27	0	0	0	0
AF	0	0.797002	84	54	30	0	0	0	0
AF	0	0.797314	67	50	17	0	0	0	0
AF	0	0.797626	79	50	29	0	0	0	0
AF	0	0.797939	73	49	24	0	0	0	0
AF	0	0.798251	91	63	28	0	0	0	0
AF	0	0.798563	79	52	27	0	0	0	0
AF	0	0.798876	86	64	22	0	0	0	0
AF	0	0.799188	105	76	29	0	0	0	0
AF	0	0.799500	87	58	29	0	0	0	0
AF	0	0.799813	104	67	37	0	0	0	0
AF	0	0.800125	99	70	29	0	0	0	0
AF	0	0.800437	74	52	22	0	0	0	0
AF	0	0.800750	68	41	27	0	0	0	0
AF	0	0.801062	62	50	12	0	0	0	0
AF	0	0.801374	82	44	38	0	0	0	0
AF	0	0.801686	97	66	31	0	0	0	0
AF	0	0.801999	92	61	31	0	0	0	0
AF	0	0.802311	46	38	8	0	0	0	0
AF	0	0.802623	71	46	25	0	0	0	0
AF	0	0.802936	73	46	27	0	0	0	0
AF	0	0.803248	55	42	13	0	0	0	0
AF	0	0.803560	82	59	23	0	0	0	0
AF	0	0.803873	54	33	21	0	0	0	0
AF	0	0.804185	48	34	14	0	0	0	0
AF	0	0.804497	62	42	20	0	0	0	0
AF	0	0.804809	61	45	16	0	0	0	0
AF	0	0.805122	87	56	31	0	0	0	0
AF	0	0.805434	74	54	20	0	0	0	0
AF	0	0.805746	98	65	33	0	0	0	0
AF	0	0.806059	72	44	28	0	0	0	0
AF	0	0.806371	78	53	25	0	0	0	0
AF	0	0.806683	59	42	17	0	0	0	0
AF	0	0.806996	69	48	21	0	0	0	0
AF	0	0.807308	37	26	11	0	0	0	0
AF	0	0.807620	68	48	20	0	0	0	0
AF	0	0.807933	68	48	20	0	0	0	0
AF	0	0.808245	71	46	25	0	0	0	0
AF	0	0.808557	50	36	14	0	0	0	0
AF	0	0.808869	53	40	13	0	0	0	0
AF	0	0.809182	64	46	18	0	0	0	0
AF	0	0.809494	56	38	18	0	0	0	0
AF	0	0.809806	94	67	27	0	0	0	0
AF	0	0.810119	68	44	24	0	0	0	0
AF	0	0.810431	49	36	13	0	0	0	0
AF	0	0.810743	59	43	16	0	0	0	0
AF	0	0.811056	83	60	23	0	0	0	0
AF	0	0.811368	75	54	21	0	0	0	0
AF	0	0.811680	59	35	24	0	0	0	0
AF	0	0.811993	60	42	18	0	0	0	0
AF	0	0.812305	70	48	22	0	0	0	0
AF	0	0.812617	85	66	19	0	0	0	0
AF	0	0.812929	53	35	18	0	0	0	0
AF	0	0.813242	60	48	12	0	0	0	0
AF	0	0.813554	55	35	20	0	0	0	0
AF	0	0.813866	76	53	23	0	0	0	0
AF	0	0.814179	113	78	35	0	0	0	0
AF	0	0.814491	60	48	12	0	0	0	0
AF	0	0.814803	45	32	13	0	0	0	0
AF	0	0.815116	53	34	19	0	0	0	0
AF	0	0.815428	63	51	12	0	0	0	0
AF	0	0.815740	55	36	19	0	0	0	0
AF	0	0.816052	59	40	19	0	0	0	0
AF	0	0.816365	68	51	17	0	0	0	0
AF	0	0.816677	64	47	17	0	0	0	0
AF	0	0.816989	68	48	20	0	0	0	0
AF	0	0.817302	60	45	15	0	0	0	0
AF	0	0.817614	64	42	22	0	0	0	0
AF	0	0.817926	63	43	20	0	0	0	0
AF	0	0.818239	81	53	28	0	0	0	0
AF	0	0.818551	50	34	16	0	0	0	0
AF	0	0.818863	67	53	14	0	0	0	0
AF	0	0.819176	76	55	21	0	0	0	0
AF	0	0.819488	80	55	25	0	0	0	0
AF	0	0.819800	61	47	14	0	0	0	0
AF	0	0.820112	76	53	23	0	0	0	0
AF	0	0.820425	57	37	20	0	0	0	0
AF	0	0.820737	90	61	29	0	0	0	0
AF	0	0.821049	84	62	22	0	0	0	0
AF	0	0.821362	106	76	30	0	0	0	0
AF	0	0.821674	88	62	26	0	0	0	0
AF	0	0.821986	76	42	34	0	0	0	0
AF	0	0.822299	81	59	22	0	0	0	0
AF	0	0.822611	118	72	46	0	0	0	0
AF	0	0.822923	107	73	34	0	0	0	0
AF	0	0.823235	175	94	81	0	0	0	0
AF	0	0.823548	78	49	29	0	0	0	0
AF	0	0.823860	62	46	16	0	0	0	0
AF	0	0.824172	62	41	21	0	0	0	0
AF	0	0.824485	88	62	26	0	0	0	0
AF	0	0.824797	86	60	26	0	0	0	0
AF	0	0.825109	82	57	25	0	0	0	0
AF	0	0.825422	106	68	38	0	0	0	0
AF	0	0.825734	80	56	24	0	0	0	0
AF	0	0.826046	69	44	25	0	0	0	0
AF	0	0.826359	115	82	33	0	0	0	0
AF	0	0.826671	84	57	27	0	0	0	0
AF	0	0.826983	80	58	22	0	0	0	0
AF	0	0.827295	47	30	17	0	0	0	0
AF	0	0.827608	55	45	10	0	0	0	0
AF	0	0.827920	72	46	26	0	0	0	0
AF	0	0.828232	96	71	25	0	0	0	0
AF	0	0.828545	70	48	22	0	0	0	0
AF	0	0.828857	87	61	26	0	0	0	0
AF	0	0.829169	77	59	18	0	0	0	0
AF	0	0.829482	76	53	23	0	0	0	0
AF	0	0.829794	66	50	16	0	0	0	0
AF	0	0.830106	98	70	28	0	0	0	0
AF	0	0.830418	74	51	23	0	0	0	0
AF	0	0.830731	76	53	23	0	0	0	0
AF	0	0.831043	75	51	24	0	0	0	0
AF	0	0.831355	85	55	30	0	0	0	0
AF	0	0.831668	71	50	21	0	0	0	0
AF	0	0.831980	88	62	26	0	0	0	0
AF	0	0.832292	71	54	17	0	0	0	0
AF	0	0.832605	87	60	27	0	0	0	0
AF	0	0.832917	84	59	25	0	0	0	0
AF	0	0.833229	64	43	21	0	0	0	0
AF	0	0.833542	62	41	21	0	0	0	0
AF	0	0.833854	78	58	20	0	0	0	0
AF	0	0.834166	69	53	16	0	0	0	0
AF	0	0.834478	63	40	23	0	0	0	0
AF	0	0.834791	73	47	26	0	0	0	0
AF	0	0.835103	74	52	22	0	0	0	0
AF	0	0.835415	55	33	22	0	0	0	0
AF	0	0.835728	100	65	35	0	0	0	0
AF	0	0.836040	85	60	25	0	0	0	0
AF	0	0.836352	80	51	29	0	0	0	0
AF	0	0.836665	79	46	33	0	0	0	0
AF	0	0.836977	45	32	13	0	0	0	0
AF	0	0.837289	76	53	23	0	0	0	0
AF	0	0.837601	92	59	33	0	0	0	0
AF	0	0.837914	68	51	17	0	0	0	0
AF	0	0.838226	63	42	21	0	0	0	0
AF	0	0.838538	71	45	26	0	0	0	0
AF	0	0.838851	52	45	7	0	0	0	0
AF	0	0.839163	52	34	18	0	0	0	0
AF	0	0.839475	96	68	28	0	0	0	0
AF	0	0.839788	57	38	19	0	0	0	0
AF	0	0.840100	66	46	20	0	0	0	0
AF	0	0.840412	77	46	31	0	0	0	0
AF	0	0.840725	69	46	23	0	0	0	0
AF	0	0.841037	87	58	29	0	0	0	0
AF	0	0.841349	77	51	26	0	0	0	0
AF	0	0.841661	64	47	17	0	0	0	0
AF	0	0.841974	85	70	15	0	0	0	0
AF	0	0.842286	52	27	25	0	0	0	0
AF	0	0.842598	66	45	21	0	0	0	0
AF	0	0.842911	48	26	22	0	0	0	0
AF	0	0.843223	52	38	14	0	0	0	0
AF	0	0.843535	58	36	22	0	0	0	0
AF	0	0.843848	55	41	14	0	0	0	0
AF	0	0.844160	75	46	29	0	0	0	0
AF	0	0.844472	85	57	28	0	0	0	0
AF	0	0.844785	55	36	19	0	0	0	0
AF	0	0.845097	53	32	21	0	0	0	0
AF	0	0.845409	89	55	34	0	0	0	0
AF	0	0.845721	86	56	30	0	0	0	0
AF	0	0.846034	85	59	26	0	0	0	0
AF	0	0.846346	67	49	18	0	0	0	0
AF	0	0.846658	79	57	22	0	0	0	0
AF	0	0.846971	56	43	13	0	0	0	0
AF	0	0.847283	87	61	26	0	0	0	0
AF	0	0.847595	85	58	27	0	0	0	0
AF	0	0.847908	68	50	18	0	0	0	0
AF	0	0.848220	56	39	17	0	0	0	0
AF	0	0.848532	70	47	23	0	0	0	0
AF	0	0.848844	85	58	27	0	0	0	0
AF	0	0.849157	71	53	18	0	0	0	0
AF	0	0.849469	65	47	18	0	0	0	0
AF	0	0.849781	54	37	17	0	0	0	0
AF	0	0.850094	58	41	17	0	0	0	0
AF	0	0.850406	58	40	18	0	0	0	0
AF	0	0.850718	51	33	18	0	0	0	0
AF	0	0.851031	47	28	19	0	0	0	0
AF	0	0.851343	117	74	43	0	0	0	0
AF	0	0.851655	57	38	19	0	0	0	0
AF	0	0.851968	53	34	19	0	0	0	0
AF	0	0.852280	72	55	17	0	0	0	0
AF	0	0.852592	58	42	16	0	0	0	0
AF	0	0.852904	69	51	18	0	0	0	0
AF	0	0.853217	70	50	20	0	0	0	0
AF	0	0.853529	75	61	14	0	0	0	0
AF	0	0.853841	75	48	27	0	0	0	0
AF	0	0.854154	54	42	12	0	0	0	0
AF	0	0.854466	79	53	26	0	0	0	0
AF	0	0.854778	62	45	17	0	0	0	0
AF	0	0.855091	53	35	18	0	0	0	0
AF	0	0.855403	54	35	19	0	0	0	0
AF	0	0.855715	81	55	26	0	0	0	0
AF	0	0.856027	71	50	21	0	0	0	0
AF	0	0.856340	73	39	34	0	0	0	0
AF	0	0.856652	58	40	18	0	0	0	0
AF	0	0.856964	66	43	23	0	0	0	0
AF	0	0.857277	75	53	22	0	0	0	0
AF	0	0.857589	39	32	7	0	0	0	0
AF	0	0.857901	50	36	14	0	0	0	0
AF	0	0.858214	59	40	19	0	0	0	0
AF	0	0.858526	58	34	24	0	0	0	0
AF	0	0.858838	61	36	25	0	0	0	0
AF	0	0.859151	43	27	16	0	0	0	0
AF	0	0.859463	53	40	13	0	0	0	0
AF	0	0.859775	68	51	17	0	0	0	0
AF	0	0.860087	52	34	18	0	0	0	0
AF	0	0.860400	72	47	25	0	0	0	0
AF	0	0.860712	53	34	19	0	0	0	0
AF	0	0.861024	51	34	17	0	0	0	0
AF	0	0.861337	60	42	18	0	0	0	0
AF	0	0.861649	64	45	19	0	0	0	0
AF	0	0.861961	56	36	20	0	0	0	0
AF	0	0.862274	74	61	13	0	0	0	0
AF	0	0.862586	58	44	14	0	0	0	0
AF	0	0.862898	50	34	16	0	0	0	0
AF	0	0.863210	68	52	16	0	0	0	0
AF	0	0.863523	59	37	22	0	0	0	0
AF	0	0.863835	54	38	16	0	0	0	0
AF	0	0.864147	73	52	21	0	0	0	0
AF	0	0.864460	69	44	25	0	0	0	0
AF	0	0.864772	75	46	29	0	0	0	0
AF	0	0.865084	70	57	13	0	0	0	0
AF	0	0.865397	101	73	28	0	0	0	0
AF	0	0.865709	61	42	19	0	0	0	0
AF	0	0.866021	105	82	23	0	0	0	0
AF	0	0.866334	76	53	23	0	0	0	0
AF	0	0.866646	73	46	27	0	0	0	0
AF	0	0.866958	61	44	17	0	0	0	0
AF	0	0.867270	79	57	22	0	0	0	0
AF	0	0.867583	58	36	22	0	0	0	0
AF	0	0.867895	55	31	24	0	0	0	0
AF	0	0.868207	43	28	15	0	0	0	0
AF	0	0.868520	60	43	17	0	0	0	0
AF	0	0.868832	58	35	23	0	0	0	0
AF	0	0.869144	48	36	12	0	0	0	0
AF	0	0.869457	56	39	17	0	0	0	0
AF	0	0.869769	81	54	27	0	0	0	0
AF	0	0.870081	62	40	22	0	0	0	0
AF	0	0.870394	82	55	27	0	0	0	0
AF	0	0.870706	98	81	17	0	0	0	0
AF	0	0.871018	67	38	29	0	0	0	0
AF	0	0.871330	71	43	28	0	0	0	0
AF	0	0.871643	79	49	30	0	0	0	0
AF	0	0.871955	66	44	22	0	0	0	0
AF	0	0.872267	60	35	25	0	0	0	0
AF	0	0.872580	49	34	15	0	0	0	0
AF	0	0.872892	46	27	19	0	0	0	0
AF	0	0.873204	53	31	22	0	0	0	0
AF	0	0.873517	53	36	17	0	0	0	0
AF	0	0.873829	59	39	20	0	0	0	0
AF	0	0.874141	55	36	19	0	0	0	0
AF	0	0.874453	99	65	34	0	0	0	0
AF	0	0.874766	71	46	25	0	0	0	0
AF	0	0.875078	61	47	14	0	0	0	0
AF	0	0.875390	48	34	14	0	0	0	0
AF	0	0.875703	70	46	24	0	0	0	0
AF	0	0.876015	54	35	19	0	0	0	0
AF	0	0.876327	49	35	14	0	0	0	0
AF	0	0.876640	66	51	15	0	0	0	0
AF	0	0.876952	67	48	19	0	0	0	0
AF	0	0.877264	67	50	17	0	0	0	0
AF	0	0.877577	89	51	38	0	0	0	0
AF	0	0.877889	81	58	23	0	0	0	0
AF	0	0.878201	50	36	14	0	0	0	0
AF	0	0.878513	85	56	29	0	0	0	0
AF	0	0.878826	66	43	23	0	0	0	0
AF	0	0.879138	116	72	44	0	0	0	0
AF	0	0.879450	64	45	19	0	0	0	0
AF	0	0.879763	56	38	18	0	0	0	0
AF	0	0.880075	61	48	13	0	0	0	0
AF	0	0.880387	63	43	20	0	0	0	0
AF	0	0.880700	56	36	20	0	0	0	0
AF	0	0.881012	77	51	26	0	0	0	0
AF	0	0.881324	106	70	36	0	0	0	0
AF	0	0.881636	60	49	11	0	0	0	0
AF	0	0.881949	51	32	19	0	0	0	0
AF	0	0.882261	76	52	24	0	0	0	0
AF	0	0.882573	63	51	12	0	0	0	0
AF	0	0.882886	58	37	21	0	0	0	0
AF	0	0.883198	48	29	19	0	0	0	0
AF	0	0.883510	63	41	22	0	0	0	0
AF	0	0.883823	76	52	24	0	0	0	0
AF	0	0.884135	108	81	27	0	0	0	0
AF	0	0.884447	45	30	15	0	0	0	0
AF	0	0.884760	67	44	23	0	0	0	0
AF	0	0.885072	52	42	10	0	0	0	0
AF	0	0.885384	51	33	18	0	0	0	0
AF	0	0.885696	48	30	18	0	0	0	0
AF	0	0.886009	42	29	13	0	0	0	0
AF	0	0.886321	51	36	15	0	0	0	0
AF	0	0.886633	80	60	20	0	0	0	0
AF	0	0.886946	54	37	17	0	0	0	0
AF	0	0.887258	56	34	22	0	0	0	0
AF	0	0.887570	63	37	26	0	0	0	0
AF	0	0.887883	65	44	21	0	0	0	0
AF	0	0.888195	46	28	18	0	0	0	0
AF	0	0.888507	55	40	15	0	0	0	0
AF	0	0.888819	47	37	10	0	0	0	0
AF	0	0.889132	39	27	12	0	0	0	0
AF	0	0.889444	64	45	19	0	0	0	0
AF	0	0.889756	55	39	16	0	0	0	0
AF	0	0.890069	52	34	18	0	0	0	0
AF	0	0.890381	44	33	11	0	0	0	0
AF	0	0.890693	51	31	20	0	0	0	0
AF	0	0.891006	65	48	17	0	0	0	0
AF	0	0.891318	77	54	23	0	0	0	0
AF	0	0.891630	51	34	17	0	0	0	0
AF	0	0.891943	42	30	12	0	0	0	0
AF	0	0.892255	41	23	18	0	0	0	0
AF	0	0.892567	41	30	11	0	0	0	0
AF	0	0.892879	55	37	18	0	0	0	0
AF	0	0.893192	39	23	16	0	0	0	0
AF	0	0.893504	67	42	25	0	0	0	0
AF	0	0.893816	55	37	18	0	0	0	0
AF	0	0.894129	77	58	19	0	0	0	0
AF	0	0.894441	42	29	13	0	0	0	0
AF	0	0.894753	67	45	22	0	0	0	0
AF	0	0.895066	51	35	16	0	0	0	0
AF	0	0.895378	66	36	30	0	0	0	0
AF	0	0.895690	61	46	15	0	0	0	0
AF	0	0.896002	66	48	18	0	0	0	0
AF	0	0.896315	55	35	20	0	0	0	0
AF	0	0.896627	64	49	15	0	0	0	0
AF	0	0.896939	47	34	13	0	0	0	0
AF	0	0.897252	62	37	25	0	0	0	0
AF	0	0.897564	60	47	13	0	0	0	0
AF	0	0.897876	72	49	23	0	0	0	0
AF	0	0.898189	153	104	49	0	0	0	0
AF	0	0.898501	57	41	16	0	0	0	0
AF	0	0.898813	53	39	14	0	0	0	0
AF	0	0.899126	70	46	24	0	0	0	0
AF	0	0.899438	83	54	29	0	0	0	0
AF	0	0.899750	44	34	10	0	0	0	0
AF	0	0.900062	49	36	13	0	0	0	0
AF	0	0.900375	68	49	19	0	0	0	0
AF	0	0.900687	51	36	15	0	0	0	0
AF	0	0.900999	59	40	19	0	0	0	0
AF	0	0.901312	62	39	23	0	0	0	0
AF	0	0.901624	87	62	25	0	0	0	0
AF	0	0.901936	80	51	29	0	0	0	0
AF	0	0.902249	59	33	26	0	0	0	0
AF	0	0.902561	76	53	23	0	0	0	0
AF	0	0.902873	59	39	20	0	0	0	0
AF	0	0.903186	66	43	23	0	0	0	0
AF	0	0.903498	66	37	29	0	0	0	0
AF	0	0.903810	80	54	26	0	0	0	0
AF	0	0.904122	52	30	22	0	0	0	0
AF	0	0.904435	52	40	12	0	0	0	0
AF	0	0.904747	52	37	15	0	0	0	0
AF	0	0.905059	60	37	23	0	0	0	0
AF	0	0.905372	44	31	13	0	0	0	0
AF	0	0.905684	64	42	22	0	0	0	0
AF	0	0.905996	67	48	19	0	0	0	0
AF	0	0.906309	53	39	14	0	0	0	0
AF	0	0.906621	65	40	25	0	0	0	0
AF	0	0.906933	46	28	18	0	0	0	0
AF	0	0.907245	62	42	20	0	0	0	0
AF	0	0.907558	56	38	18	0	0	0	0
AF	0	0.907870	65	45	20	0	0	0	0
AF	0	0.908182	79	60	19	0	0	0	0
AF	0	0.908495	71	53	18	0	0	0	0
AF	0	0.908807	105	58	47	0	0	0	0
AF	0	0.909119	59	43	16	0	0	0	0
AF	0	0.909432	47	31	16	0	0	0	0
AF	0	0.909744	73	42	31	0	0	0	0
AF	0	0.910056	62	40	22	0	0	0	0
AF	0	0.910369	55	38	17	0	0	0	0
AF	0	0.910681	68	46	22	0	0	0	0
AF	0	0.910993	60	43	17	0	0	0	0
AF	0	0.911305	55	39	16	0	0	0	0
AF	0	0.911618	77	58	19	0	0	0	0
AF	0	0.911930	73	49	24	0	0	0	0
AF	0	0.912242	120	76	44	0	0	0	0
AF	0	0.912555	79	51	28	0	0	0	0
AF	0	0.912867	107	71	36	0	0	0	0
AF	0	0.913179	77	54	23	0	0	0	0
AF	0	0.913492	59	40	19	0	0	0	0
AF	0	0.913804	106	75	31	0	0	0	0
AF	0	0.914116	104	71	33	0	0	0	0
AF	0	0.914428	53	34	19	0	0	0	0
AF	0	0.914741	57	35	22	0	0	0	0
AF	0	0.915053	54	37	17	0	0	0	0
AF	0	0.915365	57	41	16	0	0	0	0
AF	0	0.915678	65	50	15	0	0	0	0
AF	0	0.915990	85	59	26	0	0	0	0
AF	0	0.916302	87	64	23	0	0	0	0
AF	0	0.916615	90	70	20	0	0	0	0
AF	0	0.916927	82	55	27	0	0	0	0
AF	0	0.917239	53	41	12	0	0	0	0
AF	0	0.917552	62	46	16	0	0	0	0
AF	0	0.917864	68	43	25	0	0	0	0
AF	0	0.918176	68	50	18	0	0	0	0
AF	0	0.918488	64	47	17	0	0	0	0
AF	0	0.918801	71	52	19	0	0	0	0
AF	0	0.919113	55	38	17	0	0	0	0
AF	0	0.919425	121	73	48	0	0	0	0
AF	0	0.919738	56	35	21	0	0	0	0
AF	0	0.920050	44	33	11	0	0	0	0
AF	0	0.920362	71	51	20	0	0	0	0
AF	0	0.920675	47	35	12	0	0	0	0
AF	0	0.920987	55	38	17	0	0	0	0
AF	0	0.921299	52	39	13	0	0	0	0
AF	0	0.921611	58	39	19	0	0	0	0
AF	0	0.921924	94	60	34	0	0	0	0
AF	0	0.922236	55	43	12	0	0	0	0
AF	0	0.922548	83	61	22	0	0	0	0
AF	0	0.922861	57	37	20	0	0	0	0
AF	0	0.923173	55	39	16	0	0	0	0
AF	0	0.923485	100	66	34	0	0	0	0
AF	0	0.923798	79	57	22	0	0	0	0
AF	0	0.924110	53	36	17	0	0	0	0
AF	0	0.924422	44	32	12	0	0	0	0
AF	0	0.924735	64	43	21	0	0	0	0
AF	0	0.925047	49	34	15	0	0	0	0
AF	0	0.925359	66	53	13	0	0	0	0
AF	0	0.925671	67	41	26	0	0	0	0
AF	0	0.925984	84	57	27	0	0	0	0
AF	0	0.926296	135	90	45	0	0	0	0
AF	0	0.926608	86	59	27	0	0	0	0
AF	0	0.926921	50	31	19	0	0	0	0
AF	0	0.927233	56	41	15	0	0	0	0
AF	0	0.927545	55	39	16	0	0	0	0
AF	0	0.927858	57	41	16	0	0	0	0
AF	0	0.928170	51	36	15	0	0	0	0
AF	0	0.928482	46	30	16	0	0	0	0
AF	0	0.928795	63	46	17	0	0	0	0
AF	0	0.929107	74	42	32	0	0	0	0
AF	0	0.929419	73	49	24	0	0	0	0
AF	0	0.929731	39	29	10	0	0	0	0
AF	0	0.930044	47	35	12	0	0	0	0
AF	0	0.930356	54	44	10	0	0	0	0
AF	0	0.930668	40	32	8	0	0	0	0
AF	0	0.930981	59	47	12	0	0	0	0
AF	0	0.931293	53	35	18	0	0	0	0
AF	0	0.931605	54	36	18	0	0	0	0
AF	0	0.931918	79	49	30	0	0	0	0
AF	0	0.932230	47	39	8	0	0	0	0
AF	0	0.932542	48	36	12	0	0	0	0
AF	0	0.932854	101	67	34	0	0	0	0
AF	0	0.933167	93	61	32	0	0	0	0
AF	0	0.933479	70	43	27	0	0	0	0
AF	0	0.933791	73	49	24	0	0	0	0
AF	0	0.934104	66	44	22	0	0	0	0
AF	0	0.934416	93	69	24	0	0	0	0
AF	0	0.934728	82	48	34	0	0	0	0
AF	0	0.935041	74	54	20	0	0	0	0
AF	0	0.935353	83	58	25	0	0	0	0
AF	0	0.935665	57	35	22	0	0	0	0
AF	0	0.935978	53	31	22	0	0	0	0
AF	0	0.936290	88	63	25	0	0	0	0
AF	0	0.936602	60	39	21	0	0	0	0
AF	0	0.936914	66	40	26	0	0	0	0
AF	0	0.937227	55	35	20	0	0	0	0
AF	0	0.937539	53	39	14	0	0	0	0
AF	0	0.937851	68	50	18	0	0	0	0
AF	0	0.938164	51	39	12	0	0	0	0
AF	0	0.938476	62	47	15	0	0	0	0
AF	0	0.938788	76	53	23	0	0	0	0
AF	0	0.939101	87	67	20	0	0	0	0
AF	0	0.939413	60	40	20	0	0	0	0
AF	0	0.939725	67	47	20	0	0	0	0
AF	0	0.940037	64	45	19	0	0	0	0
AF	0	0.940350	53	31	22	0	0	0	0
AF	0	0.940662	79	50	29	0	0	0	0
AF	0	0.940974	70	45	25	0	0	0	0
AF	0	0.941287	55	36	19	0	0	0	0
AF	0	0.941599	54	41	13	0	0	0	0
AF	0	0.941911	74	48	26	0	0	0	0
AF	0	0.942224	73	48	25	0	0	0	0
AF	0	0.942536	61	48	13	0	0	0	0
AF	0	0.942848	76	48	28	0	0	0	0
AF	0	0.943161	56	39	17	0	0	0	0
AF	0	0.943473	69	47	22	0	0	0	0
AF	0	0.943785	50	32	18	0	0	0	0
AF	0	0.944097	62	44	18	0	0	0	0
AF	0	0.944410	60	42	18	0	0	0	0
AF	0	0.944722	72	46	26	0	0	0	0
AF	0	0.945034	70	51	19	0	0	0	0
AF	0	0.945347	59	37	22	0	0	0	0
AF	0	0.945659	49	33	16	0	0	0	0
AF	0	0.945971	56	40	16	0	0	0	0
AF	0	0.946284	69	44	25	0	0	0	0
AF	0	0.946596	99	72	27	0	0	0	0
AF	0	0.946908	93	62	31	0	0	0	0
AF	0	0.947220	86	53	33	0	0	0	0
AF	0	0.947533	163	108	55	0	0	0	0
AF	0	0.947845	128	86	42	0	0	0	0
AF	0	0.948157	56	35	21	0	0	0	0
AF	0	0.948470	48	28	20	0	0	0	0
AF	0	0.948782	81	56	25	0	0	0	0
AF	0	0.949094	113	82	31	0	0	0	0
AF	0	0.949407	148	97	51	0	0	0	0
AF	0	0.949719	71	52	19	0	0	0	0
AF	0	0.950031	58	35	23	0	0	0	0
AF	0	0.950344	66	39	27	0	0	0	0
AF	0	0.950656	130	75	55	0	0	0	0
AF	0	0.950968	72	46	26	0	0	0	0
AF	0	0.951280	87	63	24	0	0	0	0
AF	0	0.951593	83	60	23	0	0	0	0
AF	0	0.951905	57	36	21	0	0	0	0
AF	0	0.952217	64	48	16	0	0	0	0
AF	0	0.952530	61	47	14	0	0	0	0
AF	0	0.952842	110	74	36	0	0	0	0
AF	0	0.953154	54	43	11	0	0	0	0
AF	0	0.953467	72	46	26	0	0	0	0
AF	0	0.953779	77	43	34	0	0	0	0
AF	0	0.954091	77	63	14	0	0	0	0
AF	0	0.954403	120	69	51	0	0	0	0
AF	0	0.954716	81	57	24	0	0	0	0
AF	0	0.955028	75	49	26	0	0	0	0
AF	0	0.955340	64	44	20	0	0	0	0
AF	0	0.955653	66	45	21	0	0	0	0
AF	0	0.955965	95	62	33	0	0	0	0
AF	0	0.956277	125	97	28	0	0	0	0
AF	0	0.956590	87	61	26	0	0	0	0
AF	0	0.956902	75	55	20	0	0	0	0
AF	0	0.957214	63	46	17	0	0	0	0
AF	0	0.957527	81	51	30	0	0	0	0
AF	0	0.957839	78	55	23	0	0	0	0
AF	0	0.958151	79	55	24	0	0	0	0
AF	0	0.958463	74	50	24	0	0	0	0
AF	0	0.958776	71	45	26	0	0	0	0
AF	0	0.959088	62	41	21	0	0	0	0
AF	0	0.959400	60	38	22	0	0	0	0
AF	0	0.959713	87	59	28	0	0	0	0
AF	0	0.960025	112	76	36	0	0	0	0
AF	0	0.960337	74	54	20	0	0	0	0
AF	0	0.960650	113	82	31	0	0	0	0
AF	0	0.960962	72	51	21	0	0	0	0
AF	0	0.961274	92	60	32	0	0	0	0
AF	0	0.961587	56	41	15	0	0	0	0
AF	0	0.961899	50	33	17	0	0	0	0
AF	0	0.962211	82	59	23	0	0	0	0
AF	0	0.962523	83	62	21	0	0	0	0
AF	0	0.962836	79	54	25	0	0	0	0
AF	0	0.963148	76	49	27	0	0	0	0
AF	0	0.963460	54	36	18	0	0	0	0
AF	0	0.963773	137	99	38	0	0	0	0
AF	0	0.964085	104	70	34	0	0	0	0
AF	0	0.964397	101	79	22	0	0	0	0
AF	0	0.964710	89	66	23	0	0	0	0
AF	0	0.965022	108	80	28	0	0	0	0
AF	0	0.965334	98	63	35	0	0	0	0
AF	0	0.965646	89	59	30	0	0	0	0
AF	0	0.965959	88	58	30	0	0	0	0
AF	0	0.966271	98	64	34	0	0	0	0
AF	0	0.966583	93	62	31	0	0	0	0
AF	0	0.966896	105	78	27	0	0	0	0
AF	0	0.967208	78	56	22	0	0	0	0
AF	0	0.967520	132	84	48	0	0	0	0
AF	0	0.967833	68	46	22	0	0	0	0
AF	0	0.968145	69	50	19	0	0	0	0
AF	0	0.968457	70	45	25	0	0	0	0
AF	0	0.968770	74	54	20	0	0	0	0
AF	0	0.969082	70	46	24	0	0	0	0
AF	0	0.969394	56	44	12	0	0	0	0
AF	0	0.969706	82	59	23	0	0	0	0
AF	0	0.970019	84	57	27	0	0	0	0
AF	0	0.970331	71	55	16	0	0	0	0
AF	0	0.970643	82	60	22	0	0	0	0
AF	0	0.970956	80	60	20	0	0	0	0
AF	0	0.971268	65	47	18	0	0	0	0
AF	0	0.971580	57	40	17	0	0	0	0
AF	0	0.971893	96	69	27	0	0	0	0
AF	0	0.972205	131	87	44	0	0	0	0
AF	0	0.972517	86	55	31	0	0	0	0
AF	0	0.972829	102	72	30	0	0	0	0
AF	0	0.973142	84	59	25	0	0	0	0
AF	0	0.973454	80	55	25	0	0	0	0
AF	0	0.973766	120	87	33	0	0	0	0
AF	0	0.974079	100	70	30	0	0	0	0
AF	0	0.974391	84	58	26	0	0	0	0
AF	0	0.974703	111	70	41	0	0	0	0
AF	0	0.975016	88	63	25	0	0	0	0
AF	0	0.975328	61	49	12	0	0	0	0
AF	0	0.975640	81	57	24	0	0	0	0
AF	0	0.975953	129	90	39	0	0	0	0
AF	0	0.976265	143	105	38	0	0	0	0
AF	0	0.976577	141	103	38	0	0	0	0
AF	0	0.976889	138	98	40	0	0	0	0
AF	0	0.977202	97	69	28	0	0	0	0
AF	0	0.977514	108	77	31	0	0	0	0
AF	0	0.977826	123	90	33	0	0	0	0
AF	0	0.978139	154	110	44	0	0	0	0
AF	0	0.978451	124	92	32	0	0	0	0
AF	0	0.978763	127	83	44	0	0	0	0
AF	0	0.979076	94	61	33	0	0	0	0
AF	0	0.979388	125	82	43	0	0	0	0
AF	0	0.979700	90	64	26	0	0	0	0
AF	0	0.980012	161	107	54	0	0	0	0
AF	0	0.980325	102	67	35	0	0	0	0
AF	0	0.980637	110	92	18	0	0	0	0
AF	0	0.980949	108	79	29	0	0	0	0
AF	0	0.981262	131	93	38	0	0	0	0
AF	0	0.981574	137	99	38	0	0	0	0
AF	0	0.981886	120	85	35	0	0	0	0
AF	0	0.982199	97	73	24	0	0	0	0
AF	0	0.982511	121	76	45	0	0	0	0
AF	0	0.982823	122	88	34	0	0	0	0
AF	0	0.983136	143	108	35	0	0	0	0
AF	0	0.983448	107	63	44	0	0	0	0
AF	0	0.983760	142	103	39	0	0	0	0
AF	0	0.984072	109	74	35	0	0	0	0
AF	0	0.984385	111	78	33	0	0	0	0
AF	0	0.984697	105	72	33	0	0	0	0
AF	0	0.985009	103	71	32	0	0	0	0
AF	0	0.985322	126	89	37	0	0	0	0
AF	0	0.985634	104	69	35	0	0	0	0
AF	0	0.985946	115	81	34	0	0	0	0
AF	0	0.986259	179	123	56	0	0	0	0
AF	0	0.986571	130	90	40	0	0	0	0
AF	0	0.986883	114	82	32	0	0	0	0
AF	0	0.987196	124	97	27	0	0	0	0
AF	0	0.987508	121	86	35	0	0	0	0
AF	0	0.987820	103	73	30	0	0	0	0
AF	0	0.988132	101	70	31	0	0	0	0
AF	0	0.988445	87	62	25	0	0	0	0
AF	0	0.988757	133	91	42	0	0	0	0
AF	0	0.989069	108	79	29	0	0	0	0
AF	0	0.989382	153	111	42	0	0	0	0
AF	0	0.989694	151	105	46	0	0	0	0
AF	0	0.990006	171	120	51	0	0	0	0
AF	0	0.990319	161	109	52	0	0	0	0
AF	0	0.990631	176	125	51	0	0	0	0
AF	0	0.990943	123	92	31	0	0	0	0
AF	0	0.991255	127	78	49	0	0	0	0
AF	0	0.991568	131	88	43	0	0	0	0
AF	0	0.991880	114	84	30	0	0	0	0
AF	0	0.992192	167	114	53	0	0	0	0
AF	0	0.992505	141	96	45	0	0	0	0
AF	0	0.992817	228	156	72	0	0	0	0
AF	0	0.993129	157	110	47	0	0	0	0
AF	0	0.993442	144	103	41	0	0	0	0
AF	0	0.993754	177	123	54	0	0	0	0
AF	0	0.994066	191	134	57	0	0	0	0
AF	0	0.994379	121	85	36	0	0	0	0
AF	0	0.994691	199	139	60	0	0	0	0
AF	0	0.995003	188	119	69	0	0	0	0
AF	0	0.995315	183	128	55	0	0	0	0
AF	0	0.995628	176	118	58	0	0	0	0
AF	0	0.995940	197	135	62	0	0	0	0
AF	0	0.996252	209	147	62	0	0	0	0
AF	0	0.996565	175	131	44	0	0	0	0
AF	0	0.996877	273	197	76	0	0	0	0
AF	0	0.997189	262	191	71	0	0	0	0
AF	0	0.997502	260	181	79	0	0	0	0
AF	0	0.997814	262	178	84	0	0	0	0
AF	0	0.998126	211	146	65	0	0	0	0
AF	0	0.998438	236	155	81	0	0	0	0
AF	0	0.998751	436	287	149	0	0	0	0
AF	0	0.999063	318	208	110	0	0	0	0
AF	0	0.999375	195	122	73	0	0	0	0
# QUAL, Stats by quality
# QUAL	[2]id	[3]Quality	[4]number of SNPs	[5]number of transitions (1st ALT)	[6]number of transversions (1st ALT)	[7]number of indels
QUAL	0	.	3003075	2025616	977459	0
# IDD, InDel distribution:
# IDD	[2]id	[3]length (deletions negative)	[4]number of sites	[5]number of genotypes	[6]mean VAF
# ST, Substitution types:
# ST	[2]id	[3]type	[4]count
ST	0	A>C	108608
ST	0	A>G	399639
ST	0	A>T	106648
ST	0	C>A	146466
ST	0	C>G	128385
ST	0	C>T	608748
ST	0	G>A	617403
ST	0	G>C	128484
ST	0	G>T	140398
ST	0	T>A	112223
ST	0	T>C	399826
ST	0	T>G	106247
# DP, depth:
#   - set id, see above
#   - the depth bin, corresponds to the depth (unless --depth was given)
#   - number of genotypes with this depth (zero unless -s/-S was given)
#   - fraction of genotypes with this depth (zero unless -s/-S was given)
#   - number of sites with this depth
#   - fraction of sites with this depth
# DP, Depth distribution
# DP	[2]id	[3]bin	[4]number of genotypes	[5]fraction of genotypes (%)	[6]number of sites	[7]fraction of sites (%)
