# This file was produced by bcftools stats (1.21+htslib-1.21) and can be plotted using plot-vcfstats.
# The command line was:	bcftools stats  /project/cphg-millerlab/software/MonopogenLite/resources/1kGP_high_coverage_Illumina.SNVonly_poly.filtered_AF_5e-04.norm.fixvariantid.chr11.vcf.gz
#
# Definition of sets:
# ID	[2]id	[3]tab-separated file names
ID	0	/project/cphg-millerlab/software/MonopogenLite/resources/1kGP_high_coverage_Illumina.SNVonly_poly.filtered_AF_5e-04.norm.fixvariantid.chr11.vcf.gz
# SN, Summary numbers:
#   number of records   .. number of data rows in the VCF
#   number of no-ALTs   .. reference-only sites, ALT is either "." or identical to REF
#   number of SNPs      .. number of rows with a SNP
#   number of MNPs      .. number of rows with a MNP, such as CC>TT
#   number of indels    .. number of rows with an indel
#   number of others    .. number of rows with other type, for example a symbolic allele or
#                          a complex substitution, such as ACT>TCGA
#   number of multiallelic sites     .. number of rows with multiple alternate alleles
#   number of multiallelic SNP sites .. number of rows with multiple alternate alleles, all SNPs
# 
#   Note that rows containing multiple types will be counted multiple times, in each
#   counter. For example, a row with a SNP and an indel increments both the SNP and
#   the indel counter.
# 
# SN	[2]id	[3]key	[4]value
SN	0	number of samples:	3202
SN	0	number of records:	1788152
SN	0	number of no-ALTs:	0
SN	0	number of SNPs:	1788152
SN	0	number of MNPs:	0
SN	0	number of indels:	0
SN	0	number of others:	0
SN	0	number of multiallelic sites:	0
SN	0	number of multiallelic SNP sites:	0
# TSTV, transitions/transversions
#   - transitions, see https://en.wikipedia.org/wiki/Transition_(genetics)
#   - transversions, see https://en.wikipedia.org/wiki/Transversion
# TSTV	[2]id	[3]ts	[4]tv	[5]ts/tv	[6]ts (1st ALT)	[7]tv (1st ALT)	[8]ts/tv (1st ALT)
TSTV	0	1214625	573527	2.12	1214625	573527	2.12
# SiS, Singleton stats:
#   - allele count, i.e. the number of singleton genotypes (AC=1)
#   - number of transitions, see above
#   - number of transversions, see above
#   - repeat-consistent, inconsistent and n/a: experimental and useless stats [DEPRECATED]
# SiS	[2]id	[3]allele count	[4]number of SNPs	[5]number of transitions	[6]number of transversions	[7]number of indels	[8]repeat-consistent	[9]repeat-inconsistent	[10]not applicable
SiS	0	1	0	0	0	0	0	0	0
# AF, Stats by non-reference allele frequency:
# AF	[2]id	[3]allele frequency	[4]number of SNPs	[5]number of transitions	[6]number of transversions	[7]number of indels	[8]repeat-consistent	[9]repeat-inconsistent	[10]not applicable
AF	0	0.000312	182509	125940	56569	0	0	0	0
AF	0	0.000625	211566	145199	66367	0	0	0	0
AF	0	0.000937	128649	87964	40685	0	0	0	0
AF	0	0.001249	91104	62079	29025	0	0	0	0
AF	0	0.001562	69362	47410	21952	0	0	0	0
AF	0	0.001874	53945	36872	17073	0	0	0	0
AF	0	0.002186	45712	30998	14714	0	0	0	0
AF	0	0.002498	38265	26029	12236	0	0	0	0
AF	0	0.002811	33849	22845	11004	0	0	0	0
AF	0	0.003123	29723	20221	9502	0	0	0	0
AF	0	0.003435	26315	17950	8365	0	0	0	0
AF	0	0.003748	23641	15949	7692	0	0	0	0
AF	0	0.004060	20822	14137	6685	0	0	0	0
AF	0	0.004372	18781	12604	6177	0	0	0	0
AF	0	0.004685	17675	12002	5673	0	0	0	0
AF	0	0.004997	16477	11116	5361	0	0	0	0
AF	0	0.005309	15150	10325	4825	0	0	0	0
AF	0	0.005621	14042	9454	4588	0	0	0	0
AF	0	0.005934	13192	8934	4258	0	0	0	0
AF	0	0.006246	12536	8533	4003	0	0	0	0
AF	0	0.006558	11473	7718	3755	0	0	0	0
AF	0	0.006871	10878	7392	3486	0	0	0	0
AF	0	0.007183	10673	7181	3492	0	0	0	0
AF	0	0.007495	10680	7144	3536	0	0	0	0
AF	0	0.007808	9488	6448	3040	0	0	0	0
AF	0	0.008120	8984	6146	2838	0	0	0	0
AF	0	0.008432	8639	5813	2826	0	0	0	0
AF	0	0.008745	8046	5456	2590	0	0	0	0
AF	0	0.009057	7829	5255	2574	0	0	0	0
AF	0	0.009369	7582	5145	2437	0	0	0	0
AF	0	0.009681	6839	4643	2196	0	0	0	0
AF	0	0.009994	7175	4830	2345	0	0	0	0
AF	0	0.010306	6883	4600	2283	0	0	0	0
AF	0	0.010618	6527	4401	2126	0	0	0	0
AF	0	0.010931	6278	4264	2014	0	0	0	0
AF	0	0.011243	6394	4308	2086	0	0	0	0
AF	0	0.011555	6441	4264	2177	0	0	0	0
AF	0	0.011868	5809	3917	1892	0	0	0	0
AF	0	0.012180	5584	3747	1837	0	0	0	0
AF	0	0.012492	5390	3571	1819	0	0	0	0
AF	0	0.012804	4995	3340	1655	0	0	0	0
AF	0	0.013117	4702	3200	1502	0	0	0	0
AF	0	0.013429	4477	3031	1446	0	0	0	0
AF	0	0.013741	4529	3042	1487	0	0	0	0
AF	0	0.014054	4410	2963	1447	0	0	0	0
AF	0	0.014366	4367	2942	1425	0	0	0	0
AF	0	0.014678	4189	2814	1375	0	0	0	0
AF	0	0.014991	3968	2663	1305	0	0	0	0
AF	0	0.015303	3920	2660	1260	0	0	0	0
AF	0	0.015615	3853	2594	1259	0	0	0	0
AF	0	0.015928	3947	2682	1265	0	0	0	0
AF	0	0.016240	3743	2501	1242	0	0	0	0
AF	0	0.016552	3635	2447	1188	0	0	0	0
AF	0	0.016864	3244	2197	1047	0	0	0	0
AF	0	0.017177	3203	2139	1064	0	0	0	0
AF	0	0.017489	2950	1976	974	0	0	0	0
AF	0	0.017801	3106	2120	986	0	0	0	0
AF	0	0.018114	3030	2026	1004	0	0	0	0
AF	0	0.018426	2698	1829	869	0	0	0	0
AF	0	0.018738	2775	1837	938	0	0	0	0
AF	0	0.019051	2815	1918	897	0	0	0	0
AF	0	0.019363	2443	1641	802	0	0	0	0
AF	0	0.019675	2709	1807	902	0	0	0	0
AF	0	0.019988	2840	1913	927	0	0	0	0
AF	0	0.020300	2488	1679	809	0	0	0	0
AF	0	0.020612	2773	1851	922	0	0	0	0
AF	0	0.020924	2316	1591	725	0	0	0	0
AF	0	0.021237	2440	1649	791	0	0	0	0
AF	0	0.021549	2459	1668	791	0	0	0	0
AF	0	0.021861	2161	1453	708	0	0	0	0
AF	0	0.022174	2196	1461	735	0	0	0	0
AF	0	0.022486	1968	1326	642	0	0	0	0
AF	0	0.022798	2126	1395	731	0	0	0	0
AF	0	0.023111	2012	1381	631	0	0	0	0
AF	0	0.023423	2388	1603	785	0	0	0	0
AF	0	0.023735	2751	1848	903	0	0	0	0
AF	0	0.024047	1938	1328	610	0	0	0	0
AF	0	0.024360	1935	1348	587	0	0	0	0
AF	0	0.024672	2252	1518	734	0	0	0	0
AF	0	0.024984	1862	1262	600	0	0	0	0
AF	0	0.025297	1912	1274	638	0	0	0	0
AF	0	0.025609	1598	1113	485	0	0	0	0
AF	0	0.025921	1735	1130	605	0	0	0	0
AF	0	0.026234	1728	1197	531	0	0	0	0
AF	0	0.026546	1803	1217	586	0	0	0	0
AF	0	0.026858	1739	1194	545	0	0	0	0
AF	0	0.027171	1643	1097	546	0	0	0	0
AF	0	0.027483	1664	1105	559	0	0	0	0
AF	0	0.027795	1577	1077	500	0	0	0	0
AF	0	0.028107	1494	1031	463	0	0	0	0
AF	0	0.028420	1565	1055	510	0	0	0	0
AF	0	0.028732	1414	960	454	0	0	0	0
AF	0	0.029044	1479	989	490	0	0	0	0
AF	0	0.029357	1571	1072	499	0	0	0	0
AF	0	0.029669	1338	906	432	0	0	0	0
AF	0	0.029981	1313	893	420	0	0	0	0
AF	0	0.030294	1305	904	401	0	0	0	0
AF	0	0.030606	1491	1004	487	0	0	0	0
AF	0	0.030918	1299	857	442	0	0	0	0
AF	0	0.031230	1395	948	447	0	0	0	0
AF	0	0.031543	1386	962	424	0	0	0	0
AF	0	0.031855	1494	1011	483	0	0	0	0
AF	0	0.032167	1252	845	407	0	0	0	0
AF	0	0.032480	1154	784	370	0	0	0	0
AF	0	0.032792	1259	831	428	0	0	0	0
AF	0	0.033104	1238	845	393	0	0	0	0
AF	0	0.033417	1143	779	364	0	0	0	0
AF	0	0.033729	1197	794	403	0	0	0	0
AF	0	0.034041	1410	937	473	0	0	0	0
AF	0	0.034354	1150	804	346	0	0	0	0
AF	0	0.034666	1249	838	411	0	0	0	0
AF	0	0.034978	1200	803	397	0	0	0	0
AF	0	0.035290	1234	812	422	0	0	0	0
AF	0	0.035603	1148	803	345	0	0	0	0
AF	0	0.035915	1255	836	419	0	0	0	0
AF	0	0.036227	1209	781	428	0	0	0	0
AF	0	0.036540	969	652	317	0	0	0	0
AF	0	0.036852	962	661	301	0	0	0	0
AF	0	0.037164	1003	704	299	0	0	0	0
AF	0	0.037477	1348	910	438	0	0	0	0
AF	0	0.037789	1150	771	379	0	0	0	0
AF	0	0.038101	1389	933	456	0	0	0	0
AF	0	0.038413	1092	728	364	0	0	0	0
AF	0	0.038726	1117	763	354	0	0	0	0
AF	0	0.039038	922	648	274	0	0	0	0
AF	0	0.039350	919	627	292	0	0	0	0
AF	0	0.039663	999	664	335	0	0	0	0
AF	0	0.039975	964	669	295	0	0	0	0
AF	0	0.040287	1049	720	329	0	0	0	0
AF	0	0.040600	952	632	320	0	0	0	0
AF	0	0.040912	867	591	276	0	0	0	0
AF	0	0.041224	867	556	311	0	0	0	0
AF	0	0.041537	840	571	269	0	0	0	0
AF	0	0.041849	1039	676	363	0	0	0	0
AF	0	0.042161	838	559	279	0	0	0	0
AF	0	0.042473	885	581	304	0	0	0	0
AF	0	0.042786	944	640	304	0	0	0	0
AF	0	0.043098	947	609	338	0	0	0	0
AF	0	0.043410	919	621	298	0	0	0	0
AF	0	0.043723	1193	788	405	0	0	0	0
AF	0	0.044035	963	647	316	0	0	0	0
AF	0	0.044347	867	583	284	0	0	0	0
AF	0	0.044660	851	586	265	0	0	0	0
AF	0	0.044972	756	505	251	0	0	0	0
AF	0	0.045284	861	564	297	0	0	0	0
AF	0	0.045597	975	643	332	0	0	0	0
AF	0	0.045909	899	608	291	0	0	0	0
AF	0	0.046221	756	507	249	0	0	0	0
AF	0	0.046533	843	575	268	0	0	0	0
AF	0	0.046846	666	453	213	0	0	0	0
AF	0	0.047158	698	488	210	0	0	0	0
AF	0	0.047470	643	425	218	0	0	0	0
AF	0	0.047783	706	461	245	0	0	0	0
AF	0	0.048095	762	519	243	0	0	0	0
AF	0	0.048407	762	522	240	0	0	0	0
AF	0	0.048720	779	509	270	0	0	0	0
AF	0	0.049032	768	526	242	0	0	0	0
AF	0	0.049344	659	432	227	0	0	0	0
AF	0	0.049656	717	475	242	0	0	0	0
AF	0	0.049969	606	409	197	0	0	0	0
AF	0	0.050281	657	442	215	0	0	0	0
AF	0	0.050593	599	408	191	0	0	0	0
AF	0	0.050906	696	474	222	0	0	0	0
AF	0	0.051218	627	399	228	0	0	0	0
AF	0	0.051530	692	475	217	0	0	0	0
AF	0	0.051843	590	402	188	0	0	0	0
AF	0	0.052155	586	412	174	0	0	0	0
AF	0	0.052467	653	453	200	0	0	0	0
AF	0	0.052780	678	453	225	0	0	0	0
AF	0	0.053092	588	403	185	0	0	0	0
AF	0	0.053404	537	368	169	0	0	0	0
AF	0	0.053716	685	465	220	0	0	0	0
AF	0	0.054029	610	427	183	0	0	0	0
AF	0	0.054341	642	441	201	0	0	0	0
AF	0	0.054653	655	444	211	0	0	0	0
AF	0	0.054966	536	350	186	0	0	0	0
AF	0	0.055278	593	407	186	0	0	0	0
AF	0	0.055590	549	368	181	0	0	0	0
AF	0	0.055903	581	374	207	0	0	0	0
AF	0	0.056215	554	380	174	0	0	0	0
AF	0	0.056527	470	333	137	0	0	0	0
AF	0	0.056839	605	398	207	0	0	0	0
AF	0	0.057152	536	364	172	0	0	0	0
AF	0	0.057464	548	379	169	0	0	0	0
AF	0	0.057776	673	468	205	0	0	0	0
AF	0	0.058089	506	345	161	0	0	0	0
AF	0	0.058401	535	370	165	0	0	0	0
AF	0	0.058713	586	384	202	0	0	0	0
AF	0	0.059026	619	431	188	0	0	0	0
AF	0	0.059338	584	384	200	0	0	0	0
AF	0	0.059650	626	409	217	0	0	0	0
AF	0	0.059963	671	458	213	0	0	0	0
AF	0	0.060275	571	391	180	0	0	0	0
AF	0	0.060587	526	363	163	0	0	0	0
AF	0	0.060899	608	396	212	0	0	0	0
AF	0	0.061212	608	384	224	0	0	0	0
AF	0	0.061524	540	361	179	0	0	0	0
AF	0	0.061836	602	411	191	0	0	0	0
AF	0	0.062149	496	332	164	0	0	0	0
AF	0	0.062461	496	339	157	0	0	0	0
AF	0	0.062773	540	350	190	0	0	0	0
AF	0	0.063086	404	262	142	0	0	0	0
AF	0	0.063398	480	323	157	0	0	0	0
AF	0	0.063710	521	353	168	0	0	0	0
AF	0	0.064022	539	369	170	0	0	0	0
AF	0	0.064335	428	294	134	0	0	0	0
AF	0	0.064647	526	360	166	0	0	0	0
AF	0	0.064959	449	319	130	0	0	0	0
AF	0	0.065272	438	286	152	0	0	0	0
AF	0	0.065584	567	377	190	0	0	0	0
AF	0	0.065896	536	378	158	0	0	0	0
AF	0	0.066209	492	321	171	0	0	0	0
AF	0	0.066521	481	327	154	0	0	0	0
AF	0	0.066833	495	325	170	0	0	0	0
AF	0	0.067146	514	357	157	0	0	0	0
AF	0	0.067458	486	312	174	0	0	0	0
AF	0	0.067770	535	366	169	0	0	0	0
AF	0	0.068082	507	355	152	0	0	0	0
AF	0	0.068395	444	300	144	0	0	0	0
AF	0	0.068707	536	347	189	0	0	0	0
AF	0	0.069019	449	312	137	0	0	0	0
AF	0	0.069332	428	293	135	0	0	0	0
AF	0	0.069644	504	304	200	0	0	0	0
AF	0	0.069956	460	312	148	0	0	0	0
AF	0	0.070269	406	281	125	0	0	0	0
AF	0	0.070581	426	290	136	0	0	0	0
AF	0	0.070893	436	312	124	0	0	0	0
AF	0	0.071205	491	329	162	0	0	0	0
AF	0	0.071518	431	275	156	0	0	0	0
AF	0	0.071830	483	328	155	0	0	0	0
AF	0	0.072142	488	337	151	0	0	0	0
AF	0	0.072455	436	284	152	0	0	0	0
AF	0	0.072767	452	296	156	0	0	0	0
AF	0	0.073079	407	273	134	0	0	0	0
AF	0	0.073392	472	312	160	0	0	0	0
AF	0	0.073704	429	281	148	0	0	0	0
AF	0	0.074016	418	259	159	0	0	0	0
AF	0	0.074329	419	295	124	0	0	0	0
AF	0	0.074641	405	267	138	0	0	0	0
AF	0	0.074953	379	260	119	0	0	0	0
AF	0	0.075265	371	247	124	0	0	0	0
AF	0	0.075578	376	262	114	0	0	0	0
AF	0	0.075890	413	281	132	0	0	0	0
AF	0	0.076202	448	303	145	0	0	0	0
AF	0	0.076515	492	305	187	0	0	0	0
AF	0	0.076827	470	335	135	0	0	0	0
AF	0	0.077139	422	292	130	0	0	0	0
AF	0	0.077452	420	277	143	0	0	0	0
AF	0	0.077764	445	325	120	0	0	0	0
AF	0	0.078076	427	293	134	0	0	0	0
AF	0	0.078389	441	296	145	0	0	0	0
AF	0	0.078701	443	285	158	0	0	0	0
AF	0	0.079013	395	277	118	0	0	0	0
AF	0	0.079325	398	268	130	0	0	0	0
AF	0	0.079638	424	255	169	0	0	0	0
AF	0	0.079950	391	272	119	0	0	0	0
AF	0	0.080262	310	216	94	0	0	0	0
AF	0	0.080575	385	258	127	0	0	0	0
AF	0	0.080887	409	277	132	0	0	0	0
AF	0	0.081199	372	256	116	0	0	0	0
AF	0	0.081512	335	248	87	0	0	0	0
AF	0	0.081824	340	238	102	0	0	0	0
AF	0	0.082136	336	226	110	0	0	0	0
AF	0	0.082448	461	317	144	0	0	0	0
AF	0	0.082761	296	202	94	0	0	0	0
AF	0	0.083073	325	213	112	0	0	0	0
AF	0	0.083385	351	224	127	0	0	0	0
AF	0	0.083698	317	215	102	0	0	0	0
AF	0	0.084010	370	247	123	0	0	0	0
AF	0	0.084322	387	275	112	0	0	0	0
AF	0	0.084635	412	288	124	0	0	0	0
AF	0	0.084947	332	219	113	0	0	0	0
AF	0	0.085259	388	262	126	0	0	0	0
AF	0	0.085572	360	251	109	0	0	0	0
AF	0	0.085884	427	276	151	0	0	0	0
AF	0	0.086196	406	259	147	0	0	0	0
AF	0	0.086508	380	254	126	0	0	0	0
AF	0	0.086821	364	233	131	0	0	0	0
AF	0	0.087133	416	276	140	0	0	0	0
AF	0	0.087445	424	288	136	0	0	0	0
AF	0	0.087758	356	247	109	0	0	0	0
AF	0	0.088070	357	237	120	0	0	0	0
AF	0	0.088382	411	270	141	0	0	0	0
AF	0	0.088695	434	289	145	0	0	0	0
AF	0	0.089007	317	204	113	0	0	0	0
AF	0	0.089319	365	235	130	0	0	0	0
AF	0	0.089631	374	252	122	0	0	0	0
AF	0	0.089944	322	231	91	0	0	0	0
AF	0	0.090256	408	285	123	0	0	0	0
AF	0	0.090568	386	243	143	0	0	0	0
AF	0	0.090881	391	275	116	0	0	0	0
AF	0	0.091193	370	240	130	0	0	0	0
AF	0	0.091505	372	254	118	0	0	0	0
AF	0	0.091818	378	245	133	0	0	0	0
AF	0	0.092130	315	195	120	0	0	0	0
AF	0	0.092442	368	240	128	0	0	0	0
AF	0	0.092755	379	250	129	0	0	0	0
AF	0	0.093067	309	210	99	0	0	0	0
AF	0	0.093379	343	243	100	0	0	0	0
AF	0	0.093691	273	182	91	0	0	0	0
AF	0	0.094004	329	229	100	0	0	0	0
AF	0	0.094316	290	180	110	0	0	0	0
AF	0	0.094628	303	203	100	0	0	0	0
AF	0	0.094941	399	260	139	0	0	0	0
AF	0	0.095253	413	280	133	0	0	0	0
AF	0	0.095565	317	207	110	0	0	0	0
AF	0	0.095878	319	220	99	0	0	0	0
AF	0	0.096190	324	241	83	0	0	0	0
AF	0	0.096502	330	228	102	0	0	0	0
AF	0	0.096814	362	233	129	0	0	0	0
AF	0	0.097127	323	213	110	0	0	0	0
AF	0	0.097439	292	200	92	0	0	0	0
AF	0	0.097751	259	175	84	0	0	0	0
AF	0	0.098064	315	214	101	0	0	0	0
AF	0	0.098376	283	199	84	0	0	0	0
AF	0	0.098688	301	194	107	0	0	0	0
AF	0	0.099001	306	202	104	0	0	0	0
AF	0	0.099313	342	238	104	0	0	0	0
AF	0	0.099625	348	223	125	0	0	0	0
AF	0	0.099938	451	296	155	0	0	0	0
AF	0	0.100250	333	211	122	0	0	0	0
AF	0	0.100562	308	214	94	0	0	0	0
AF	0	0.100874	351	223	128	0	0	0	0
AF	0	0.101187	366	247	119	0	0	0	0
AF	0	0.101499	597	379	218	0	0	0	0
AF	0	0.101811	310	217	93	0	0	0	0
AF	0	0.102124	360	247	113	0	0	0	0
AF	0	0.102436	417	285	132	0	0	0	0
AF	0	0.102748	371	246	125	0	0	0	0
AF	0	0.103061	377	258	119	0	0	0	0
AF	0	0.103373	304	197	107	0	0	0	0
AF	0	0.103685	267	178	89	0	0	0	0
AF	0	0.103998	269	195	74	0	0	0	0
AF	0	0.104310	337	220	117	0	0	0	0
AF	0	0.104622	311	213	98	0	0	0	0
AF	0	0.104934	281	187	94	0	0	0	0
AF	0	0.105247	267	178	89	0	0	0	0
AF	0	0.105559	296	194	102	0	0	0	0
AF	0	0.105871	292	198	94	0	0	0	0
AF	0	0.106184	363	250	113	0	0	0	0
AF	0	0.106496	356	232	124	0	0	0	0
AF	0	0.106808	330	219	111	0	0	0	0
AF	0	0.107121	435	276	159	0	0	0	0
AF	0	0.107433	372	252	120	0	0	0	0
AF	0	0.107745	271	176	95	0	0	0	0
AF	0	0.108057	294	196	98	0	0	0	0
AF	0	0.108370	370	241	129	0	0	0	0
AF	0	0.108682	320	208	112	0	0	0	0
AF	0	0.108994	355	254	101	0	0	0	0
AF	0	0.109307	315	201	114	0	0	0	0
AF	0	0.109619	295	196	99	0	0	0	0
AF	0	0.109931	329	202	127	0	0	0	0
AF	0	0.110244	267	179	88	0	0	0	0
AF	0	0.110556	327	209	118	0	0	0	0
AF	0	0.110868	310	199	111	0	0	0	0
AF	0	0.111181	319	209	110	0	0	0	0
AF	0	0.111493	323	215	108	0	0	0	0
AF	0	0.111805	323	216	107	0	0	0	0
AF	0	0.112117	323	221	102	0	0	0	0
AF	0	0.112430	338	217	121	0	0	0	0
AF	0	0.112742	313	214	99	0	0	0	0
AF	0	0.113054	333	235	98	0	0	0	0
AF	0	0.113367	307	210	97	0	0	0	0
AF	0	0.113679	312	199	113	0	0	0	0
AF	0	0.113991	306	210	96	0	0	0	0
AF	0	0.114304	269	184	85	0	0	0	0
AF	0	0.114616	321	224	97	0	0	0	0
AF	0	0.114928	290	189	101	0	0	0	0
AF	0	0.115240	332	223	109	0	0	0	0
AF	0	0.115553	307	209	98	0	0	0	0
AF	0	0.115865	222	140	82	0	0	0	0
AF	0	0.116177	281	194	87	0	0	0	0
AF	0	0.116490	249	165	84	0	0	0	0
AF	0	0.116802	298	204	94	0	0	0	0
AF	0	0.117114	279	192	87	0	0	0	0
AF	0	0.117427	287	190	97	0	0	0	0
AF	0	0.117739	279	201	78	0	0	0	0
AF	0	0.118051	274	170	104	0	0	0	0
AF	0	0.118364	331	222	109	0	0	0	0
AF	0	0.118676	254	172	82	0	0	0	0
AF	0	0.118988	279	194	85	0	0	0	0
AF	0	0.119300	285	204	81	0	0	0	0
AF	0	0.119613	260	187	73	0	0	0	0
AF	0	0.119925	265	170	95	0	0	0	0
AF	0	0.120237	270	188	82	0	0	0	0
AF	0	0.120550	282	186	96	0	0	0	0
AF	0	0.120862	313	220	93	0	0	0	0
AF	0	0.121174	280	186	94	0	0	0	0
AF	0	0.121487	307	203	104	0	0	0	0
AF	0	0.121799	307	201	106	0	0	0	0
AF	0	0.122111	256	172	84	0	0	0	0
AF	0	0.122423	310	207	103	0	0	0	0
AF	0	0.122736	327	229	98	0	0	0	0
AF	0	0.123048	282	183	99	0	0	0	0
AF	0	0.123360	294	201	93	0	0	0	0
AF	0	0.123673	271	190	81	0	0	0	0
AF	0	0.123985	312	219	93	0	0	0	0
AF	0	0.124297	290	196	94	0	0	0	0
AF	0	0.124610	314	217	97	0	0	0	0
AF	0	0.124922	293	209	84	0	0	0	0
AF	0	0.125234	304	189	115	0	0	0	0
AF	0	0.125547	253	166	87	0	0	0	0
AF	0	0.125859	239	150	89	0	0	0	0
AF	0	0.126171	258	175	83	0	0	0	0
AF	0	0.126483	273	183	90	0	0	0	0
AF	0	0.126796	223	150	73	0	0	0	0
AF	0	0.127108	260	182	78	0	0	0	0
AF	0	0.127420	239	160	79	0	0	0	0
AF	0	0.127733	221	149	72	0	0	0	0
AF	0	0.128045	211	134	77	0	0	0	0
AF	0	0.128357	201	140	61	0	0	0	0
AF	0	0.128670	237	163	74	0	0	0	0
AF	0	0.128982	234	166	68	0	0	0	0
AF	0	0.129294	237	154	83	0	0	0	0
AF	0	0.129606	251	184	67	0	0	0	0
AF	0	0.129919	220	147	73	0	0	0	0
AF	0	0.130231	207	140	67	0	0	0	0
AF	0	0.130543	199	127	72	0	0	0	0
AF	0	0.130856	234	150	84	0	0	0	0
AF	0	0.131168	234	150	84	0	0	0	0
AF	0	0.131480	251	162	89	0	0	0	0
AF	0	0.131793	250	173	77	0	0	0	0
AF	0	0.132105	235	163	72	0	0	0	0
AF	0	0.132417	262	186	76	0	0	0	0
AF	0	0.132730	240	164	76	0	0	0	0
AF	0	0.133042	211	143	68	0	0	0	0
AF	0	0.133354	263	185	78	0	0	0	0
AF	0	0.133666	253	161	92	0	0	0	0
AF	0	0.133979	211	138	73	0	0	0	0
AF	0	0.134291	237	165	72	0	0	0	0
AF	0	0.134603	226	144	82	0	0	0	0
AF	0	0.134916	220	149	71	0	0	0	0
AF	0	0.135228	241	166	75	0	0	0	0
AF	0	0.135540	196	126	70	0	0	0	0
AF	0	0.135853	270	176	94	0	0	0	0
AF	0	0.136165	240	155	85	0	0	0	0
AF	0	0.136477	214	133	81	0	0	0	0
AF	0	0.136790	251	159	92	0	0	0	0
AF	0	0.137102	233	171	62	0	0	0	0
AF	0	0.137414	243	155	88	0	0	0	0
AF	0	0.137726	218	158	60	0	0	0	0
AF	0	0.138039	201	142	59	0	0	0	0
AF	0	0.138351	220	153	67	0	0	0	0
AF	0	0.138663	263	165	98	0	0	0	0
AF	0	0.138976	235	169	66	0	0	0	0
AF	0	0.139288	211	150	61	0	0	0	0
AF	0	0.139600	244	176	68	0	0	0	0
AF	0	0.139913	232	160	72	0	0	0	0
AF	0	0.140225	187	132	55	0	0	0	0
AF	0	0.140537	223	151	72	0	0	0	0
AF	0	0.140849	222	155	67	0	0	0	0
AF	0	0.141162	231	160	71	0	0	0	0
AF	0	0.141474	270	170	100	0	0	0	0
AF	0	0.141786	290	198	92	0	0	0	0
AF	0	0.142099	255	163	92	0	0	0	0
AF	0	0.142411	281	177	104	0	0	0	0
AF	0	0.142723	238	163	75	0	0	0	0
AF	0	0.143036	235	161	74	0	0	0	0
AF	0	0.143348	201	140	61	0	0	0	0
AF	0	0.143660	249	169	80	0	0	0	0
AF	0	0.143973	215	147	68	0	0	0	0
AF	0	0.144285	201	130	71	0	0	0	0
AF	0	0.144597	204	139	65	0	0	0	0
AF	0	0.144909	207	153	54	0	0	0	0
AF	0	0.145222	249	165	84	0	0	0	0
AF	0	0.145534	219	147	72	0	0	0	0
AF	0	0.145846	204	143	61	0	0	0	0
AF	0	0.146159	189	125	64	0	0	0	0
AF	0	0.146471	189	133	56	0	0	0	0
AF	0	0.146783	209	137	72	0	0	0	0
AF	0	0.147096	222	141	81	0	0	0	0
AF	0	0.147408	202	131	71	0	0	0	0
AF	0	0.147720	191	124	67	0	0	0	0
AF	0	0.148032	215	151	64	0	0	0	0
AF	0	0.148345	174	127	47	0	0	0	0
AF	0	0.148657	226	156	70	0	0	0	0
AF	0	0.148969	248	161	87	0	0	0	0
AF	0	0.149282	251	176	75	0	0	0	0
AF	0	0.149594	243	144	99	0	0	0	0
AF	0	0.149906	228	145	83	0	0	0	0
AF	0	0.150219	251	177	74	0	0	0	0
AF	0	0.150531	199	130	69	0	0	0	0
AF	0	0.150843	234	170	64	0	0	0	0
AF	0	0.151156	201	130	71	0	0	0	0
AF	0	0.151468	210	139	71	0	0	0	0
AF	0	0.151780	202	130	72	0	0	0	0
AF	0	0.152092	231	161	70	0	0	0	0
AF	0	0.152405	285	185	100	0	0	0	0
AF	0	0.152717	247	164	83	0	0	0	0
AF	0	0.153029	220	145	75	0	0	0	0
AF	0	0.153342	250	168	82	0	0	0	0
AF	0	0.153654	210	154	56	0	0	0	0
AF	0	0.153966	220	155	65	0	0	0	0
AF	0	0.154279	248	178	70	0	0	0	0
AF	0	0.154591	245	173	72	0	0	0	0
AF	0	0.154903	287	198	89	0	0	0	0
AF	0	0.155215	223	157	66	0	0	0	0
AF	0	0.155528	255	186	69	0	0	0	0
AF	0	0.155840	240	154	86	0	0	0	0
AF	0	0.156152	170	109	61	0	0	0	0
AF	0	0.156465	216	147	69	0	0	0	0
AF	0	0.156777	211	147	64	0	0	0	0
AF	0	0.157089	174	118	56	0	0	0	0
AF	0	0.157402	192	120	72	0	0	0	0
AF	0	0.157714	201	146	55	0	0	0	0
AF	0	0.158026	188	123	65	0	0	0	0
AF	0	0.158339	196	131	65	0	0	0	0
AF	0	0.158651	200	131	69	0	0	0	0
AF	0	0.158963	203	134	69	0	0	0	0
AF	0	0.159275	252	165	87	0	0	0	0
AF	0	0.159588	190	127	63	0	0	0	0
AF	0	0.159900	193	126	67	0	0	0	0
AF	0	0.160212	221	137	84	0	0	0	0
AF	0	0.160525	203	148	55	0	0	0	0
AF	0	0.160837	181	125	56	0	0	0	0
AF	0	0.161149	191	131	60	0	0	0	0
AF	0	0.161462	246	174	72	0	0	0	0
AF	0	0.161774	214	141	73	0	0	0	0
AF	0	0.162086	190	132	58	0	0	0	0
AF	0	0.162399	220	144	76	0	0	0	0
AF	0	0.162711	177	114	63	0	0	0	0
AF	0	0.163023	183	129	54	0	0	0	0
AF	0	0.163335	210	144	66	0	0	0	0
AF	0	0.163648	233	167	66	0	0	0	0
AF	0	0.163960	187	135	52	0	0	0	0
AF	0	0.164272	202	133	69	0	0	0	0
AF	0	0.164585	214	149	65	0	0	0	0
AF	0	0.164897	203	147	56	0	0	0	0
AF	0	0.165209	191	131	60	0	0	0	0
AF	0	0.165522	205	138	67	0	0	0	0
AF	0	0.165834	189	120	69	0	0	0	0
AF	0	0.166146	176	123	53	0	0	0	0
AF	0	0.166458	188	104	84	0	0	0	0
AF	0	0.166771	211	137	74	0	0	0	0
AF	0	0.167083	218	152	66	0	0	0	0
AF	0	0.167395	207	134	73	0	0	0	0
AF	0	0.167708	178	123	55	0	0	0	0
AF	0	0.168020	176	125	51	0	0	0	0
AF	0	0.168332	179	118	61	0	0	0	0
AF	0	0.168645	211	142	69	0	0	0	0
AF	0	0.168957	253	179	74	0	0	0	0
AF	0	0.169269	254	174	80	0	0	0	0
AF	0	0.169582	207	144	63	0	0	0	0
AF	0	0.169894	207	136	71	0	0	0	0
AF	0	0.170206	199	136	63	0	0	0	0
AF	0	0.170518	194	122	72	0	0	0	0
AF	0	0.170831	167	118	49	0	0	0	0
AF	0	0.171143	191	126	65	0	0	0	0
AF	0	0.171455	214	153	61	0	0	0	0
AF	0	0.171768	172	109	63	0	0	0	0
AF	0	0.172080	183	120	63	0	0	0	0
AF	0	0.172392	195	139	56	0	0	0	0
AF	0	0.172705	236	155	81	0	0	0	0
AF	0	0.173017	248	167	81	0	0	0	0
AF	0	0.173329	226	153	73	0	0	0	0
AF	0	0.173641	184	112	72	0	0	0	0
AF	0	0.173954	233	164	69	0	0	0	0
AF	0	0.174266	193	119	74	0	0	0	0
AF	0	0.174578	190	125	65	0	0	0	0
AF	0	0.174891	257	171	86	0	0	0	0
AF	0	0.175203	209	147	62	0	0	0	0
AF	0	0.175515	220	140	80	0	0	0	0
AF	0	0.175828	266	177	89	0	0	0	0
AF	0	0.176140	198	128	70	0	0	0	0
AF	0	0.176452	202	127	75	0	0	0	0
AF	0	0.176765	198	124	74	0	0	0	0
AF	0	0.177077	242	173	69	0	0	0	0
AF	0	0.177389	254	165	89	0	0	0	0
AF	0	0.177701	227	159	68	0	0	0	0
AF	0	0.178014	234	154	80	0	0	0	0
AF	0	0.178326	189	130	59	0	0	0	0
AF	0	0.178638	236	158	78	0	0	0	0
AF	0	0.178951	212	136	76	0	0	0	0
AF	0	0.179263	190	126	64	0	0	0	0
AF	0	0.179575	180	111	69	0	0	0	0
AF	0	0.179888	234	148	86	0	0	0	0
AF	0	0.180200	178	122	56	0	0	0	0
AF	0	0.180512	160	101	59	0	0	0	0
AF	0	0.180824	177	122	55	0	0	0	0
AF	0	0.181137	225	155	70	0	0	0	0
AF	0	0.181449	179	123	56	0	0	0	0
AF	0	0.181761	162	115	47	0	0	0	0
AF	0	0.182074	190	127	63	0	0	0	0
AF	0	0.182386	179	125	54	0	0	0	0
AF	0	0.182698	179	110	69	0	0	0	0
AF	0	0.183011	191	124	67	0	0	0	0
AF	0	0.183323	198	134	64	0	0	0	0
AF	0	0.183635	192	133	59	0	0	0	0
AF	0	0.183948	226	152	74	0	0	0	0
AF	0	0.184260	175	120	55	0	0	0	0
AF	0	0.184572	170	111	59	0	0	0	0
AF	0	0.184884	214	140	74	0	0	0	0
AF	0	0.185197	215	144	71	0	0	0	0
AF	0	0.185509	176	117	59	0	0	0	0
AF	0	0.185821	171	109	62	0	0	0	0
AF	0	0.186134	173	109	64	0	0	0	0
AF	0	0.186446	189	132	57	0	0	0	0
AF	0	0.186758	166	112	54	0	0	0	0
AF	0	0.187071	166	111	55	0	0	0	0
AF	0	0.187383	157	113	44	0	0	0	0
AF	0	0.187695	215	141	74	0	0	0	0
AF	0	0.188007	190	137	53	0	0	0	0
AF	0	0.188320	188	119	69	0	0	0	0
AF	0	0.188632	182	117	65	0	0	0	0
AF	0	0.188944	172	113	59	0	0	0	0
AF	0	0.189257	214	140	74	0	0	0	0
AF	0	0.189569	201	135	66	0	0	0	0
AF	0	0.189881	232	159	73	0	0	0	0
AF	0	0.190194	206	138	68	0	0	0	0
AF	0	0.190506	168	120	48	0	0	0	0
AF	0	0.190818	175	110	65	0	0	0	0
AF	0	0.191131	186	125	61	0	0	0	0
AF	0	0.191443	178	115	63	0	0	0	0
AF	0	0.191755	219	138	81	0	0	0	0
AF	0	0.192067	205	141	64	0	0	0	0
AF	0	0.192380	192	131	61	0	0	0	0
AF	0	0.192692	223	161	62	0	0	0	0
AF	0	0.193004	252	172	80	0	0	0	0
AF	0	0.193317	302	195	107	0	0	0	0
AF	0	0.193629	205	144	61	0	0	0	0
AF	0	0.193941	264	183	81	0	0	0	0
AF	0	0.194254	260	185	75	0	0	0	0
AF	0	0.194566	266	167	99	0	0	0	0
AF	0	0.194878	232	156	76	0	0	0	0
AF	0	0.195191	230	151	79	0	0	0	0
AF	0	0.195503	222	159	63	0	0	0	0
AF	0	0.195815	273	186	87	0	0	0	0
AF	0	0.196127	205	138	67	0	0	0	0
AF	0	0.196440	165	109	56	0	0	0	0
AF	0	0.196752	185	128	57	0	0	0	0
AF	0	0.197064	226	152	74	0	0	0	0
AF	0	0.197377	230	160	70	0	0	0	0
AF	0	0.197689	175	121	54	0	0	0	0
AF	0	0.198001	153	93	60	0	0	0	0
AF	0	0.198314	157	101	56	0	0	0	0
AF	0	0.198626	169	103	66	0	0	0	0
AF	0	0.198938	189	132	57	0	0	0	0
AF	0	0.199250	163	119	44	0	0	0	0
AF	0	0.199563	186	113	73	0	0	0	0
AF	0	0.199875	220	148	72	0	0	0	0
AF	0	0.200187	198	136	62	0	0	0	0
AF	0	0.200500	306	213	93	0	0	0	0
AF	0	0.200812	186	111	75	0	0	0	0
AF	0	0.201124	176	118	58	0	0	0	0
AF	0	0.201437	194	135	59	0	0	0	0
AF	0	0.201749	172	105	67	0	0	0	0
AF	0	0.202061	197	134	63	0	0	0	0
AF	0	0.202374	147	104	43	0	0	0	0
AF	0	0.202686	186	119	67	0	0	0	0
AF	0	0.202998	182	124	58	0	0	0	0
AF	0	0.203310	210	153	57	0	0	0	0
AF	0	0.203623	197	142	55	0	0	0	0
AF	0	0.203935	213	135	78	0	0	0	0
AF	0	0.204247	202	127	75	0	0	0	0
AF	0	0.204560	151	110	41	0	0	0	0
AF	0	0.204872	158	108	50	0	0	0	0
AF	0	0.205184	154	119	35	0	0	0	0
AF	0	0.205497	144	97	47	0	0	0	0
AF	0	0.205809	153	106	47	0	0	0	0
AF	0	0.206121	139	96	43	0	0	0	0
AF	0	0.206433	151	95	56	0	0	0	0
AF	0	0.206746	169	124	45	0	0	0	0
AF	0	0.207058	172	111	61	0	0	0	0
AF	0	0.207370	178	124	54	0	0	0	0
AF	0	0.207683	182	119	63	0	0	0	0
AF	0	0.207995	193	125	68	0	0	0	0
AF	0	0.208307	157	106	51	0	0	0	0
AF	0	0.208620	155	104	51	0	0	0	0
AF	0	0.208932	175	125	50	0	0	0	0
AF	0	0.209244	154	104	50	0	0	0	0
AF	0	0.209557	142	102	40	0	0	0	0
AF	0	0.209869	155	108	47	0	0	0	0
AF	0	0.210181	203	133	70	0	0	0	0
AF	0	0.210493	168	121	47	0	0	0	0
AF	0	0.210806	173	102	71	0	0	0	0
AF	0	0.211118	198	137	61	0	0	0	0
AF	0	0.211430	196	133	63	0	0	0	0
AF	0	0.211743	155	94	61	0	0	0	0
AF	0	0.212055	166	117	49	0	0	0	0
AF	0	0.212367	156	106	50	0	0	0	0
AF	0	0.212680	184	117	67	0	0	0	0
AF	0	0.212992	157	105	52	0	0	0	0
AF	0	0.213304	165	114	51	0	0	0	0
AF	0	0.213616	165	114	51	0	0	0	0
AF	0	0.213929	176	127	49	0	0	0	0
AF	0	0.214241	185	135	50	0	0	0	0
AF	0	0.214553	160	116	44	0	0	0	0
AF	0	0.214866	192	122	70	0	0	0	0
AF	0	0.215178	180	129	51	0	0	0	0
AF	0	0.215490	209	138	71	0	0	0	0
AF	0	0.215803	176	122	54	0	0	0	0
AF	0	0.216115	164	89	75	0	0	0	0
AF	0	0.216427	156	108	48	0	0	0	0
AF	0	0.216740	163	112	51	0	0	0	0
AF	0	0.217052	179	120	59	0	0	0	0
AF	0	0.217364	238	170	68	0	0	0	0
AF	0	0.217676	162	114	48	0	0	0	0
AF	0	0.217989	149	98	51	0	0	0	0
AF	0	0.218301	158	102	56	0	0	0	0
AF	0	0.218613	205	133	72	0	0	0	0
AF	0	0.218926	178	114	64	0	0	0	0
AF	0	0.219238	203	135	68	0	0	0	0
AF	0	0.219550	174	116	58	0	0	0	0
AF	0	0.219863	201	141	60	0	0	0	0
AF	0	0.220175	176	125	51	0	0	0	0
AF	0	0.220487	187	116	71	0	0	0	0
AF	0	0.220800	188	123	65	0	0	0	0
AF	0	0.221112	150	102	48	0	0	0	0
AF	0	0.221424	186	128	58	0	0	0	0
AF	0	0.221736	137	90	47	0	0	0	0
AF	0	0.222049	170	108	62	0	0	0	0
AF	0	0.222361	183	110	73	0	0	0	0
AF	0	0.222673	180	125	55	0	0	0	0
AF	0	0.222986	179	123	56	0	0	0	0
AF	0	0.223298	192	129	63	0	0	0	0
AF	0	0.223610	156	105	51	0	0	0	0
AF	0	0.223923	209	147	62	0	0	0	0
AF	0	0.224235	186	129	57	0	0	0	0
AF	0	0.224547	150	107	43	0	0	0	0
AF	0	0.224859	190	136	54	0	0	0	0
AF	0	0.225172	213	144	69	0	0	0	0
AF	0	0.225484	183	126	57	0	0	0	0
AF	0	0.225796	172	114	58	0	0	0	0
AF	0	0.226109	175	119	56	0	0	0	0
AF	0	0.226421	216	160	56	0	0	0	0
AF	0	0.226733	187	133	54	0	0	0	0
AF	0	0.227046	199	137	62	0	0	0	0
AF	0	0.227358	172	115	57	0	0	0	0
AF	0	0.227670	211	133	78	0	0	0	0
AF	0	0.227983	151	100	51	0	0	0	0
AF	0	0.228295	146	92	54	0	0	0	0
AF	0	0.228607	178	120	58	0	0	0	0
AF	0	0.228919	171	119	52	0	0	0	0
AF	0	0.229232	208	139	69	0	0	0	0
AF	0	0.229544	171	125	46	0	0	0	0
AF	0	0.229856	203	128	75	0	0	0	0
AF	0	0.230169	143	97	46	0	0	0	0
AF	0	0.230481	152	104	48	0	0	0	0
AF	0	0.230793	149	99	50	0	0	0	0
AF	0	0.231106	159	112	47	0	0	0	0
AF	0	0.231418	157	101	56	0	0	0	0
AF	0	0.231730	139	103	36	0	0	0	0
AF	0	0.232042	127	85	42	0	0	0	0
AF	0	0.232355	155	108	47	0	0	0	0
AF	0	0.232667	134	93	41	0	0	0	0
AF	0	0.232979	118	81	37	0	0	0	0
AF	0	0.233292	139	87	52	0	0	0	0
AF	0	0.233604	149	101	48	0	0	0	0
AF	0	0.233916	144	94	50	0	0	0	0
AF	0	0.234229	156	107	49	0	0	0	0
AF	0	0.234541	135	88	47	0	0	0	0
AF	0	0.234853	149	96	53	0	0	0	0
AF	0	0.235166	150	101	49	0	0	0	0
AF	0	0.235478	131	84	47	0	0	0	0
AF	0	0.235790	132	90	42	0	0	0	0
AF	0	0.236102	140	89	51	0	0	0	0
AF	0	0.236415	146	87	59	0	0	0	0
AF	0	0.236727	125	79	46	0	0	0	0
AF	0	0.237039	115	69	46	0	0	0	0
AF	0	0.237352	139	96	43	0	0	0	0
AF	0	0.237664	153	108	45	0	0	0	0
AF	0	0.237976	142	86	56	0	0	0	0
AF	0	0.238289	159	98	61	0	0	0	0
AF	0	0.238601	137	90	47	0	0	0	0
AF	0	0.238913	110	69	41	0	0	0	0
AF	0	0.239225	145	89	56	0	0	0	0
AF	0	0.239538	122	77	45	0	0	0	0
AF	0	0.239850	157	105	52	0	0	0	0
AF	0	0.240162	142	98	44	0	0	0	0
AF	0	0.240475	147	105	42	0	0	0	0
AF	0	0.240787	142	83	59	0	0	0	0
AF	0	0.241099	146	96	50	0	0	0	0
AF	0	0.241412	167	110	57	0	0	0	0
AF	0	0.241724	191	137	54	0	0	0	0
AF	0	0.242036	189	119	70	0	0	0	0
AF	0	0.242349	137	87	50	0	0	0	0
AF	0	0.242661	165	123	42	0	0	0	0
AF	0	0.242973	164	107	57	0	0	0	0
AF	0	0.243285	141	99	42	0	0	0	0
AF	0	0.243598	145	100	45	0	0	0	0
AF	0	0.243910	154	106	48	0	0	0	0
AF	0	0.244222	140	89	51	0	0	0	0
AF	0	0.244535	146	95	51	0	0	0	0
AF	0	0.244847	156	107	49	0	0	0	0
AF	0	0.245159	161	118	43	0	0	0	0
AF	0	0.245472	125	80	45	0	0	0	0
AF	0	0.245784	129	90	39	0	0	0	0
AF	0	0.246096	137	98	39	0	0	0	0
AF	0	0.246408	127	80	47	0	0	0	0
AF	0	0.246721	159	109	50	0	0	0	0
AF	0	0.247033	130	83	47	0	0	0	0
AF	0	0.247345	139	98	41	0	0	0	0
AF	0	0.247658	147	94	53	0	0	0	0
AF	0	0.247970	138	99	39	0	0	0	0
AF	0	0.248282	157	118	39	0	0	0	0
AF	0	0.248595	147	100	47	0	0	0	0
AF	0	0.248907	152	110	42	0	0	0	0
AF	0	0.249219	144	92	52	0	0	0	0
AF	0	0.249532	137	89	48	0	0	0	0
AF	0	0.249844	119	76	43	0	0	0	0
AF	0	0.250156	116	76	40	0	0	0	0
AF	0	0.250468	149	109	40	0	0	0	0
AF	0	0.250781	144	102	42	0	0	0	0
AF	0	0.251093	124	78	46	0	0	0	0
AF	0	0.251405	118	77	41	0	0	0	0
AF	0	0.251718	116	80	36	0	0	0	0
AF	0	0.252030	145	96	49	0	0	0	0
AF	0	0.252342	123	89	34	0	0	0	0
AF	0	0.252655	130	78	52	0	0	0	0
AF	0	0.252967	144	103	41	0	0	0	0
AF	0	0.253279	118	75	43	0	0	0	0
AF	0	0.253592	155	103	52	0	0	0	0
AF	0	0.253904	152	94	58	0	0	0	0
AF	0	0.254216	143	88	55	0	0	0	0
AF	0	0.254528	155	108	47	0	0	0	0
AF	0	0.254841	111	67	44	0	0	0	0
AF	0	0.255153	153	104	49	0	0	0	0
AF	0	0.255465	125	80	45	0	0	0	0
AF	0	0.255778	140	86	54	0	0	0	0
AF	0	0.256090	140	100	40	0	0	0	0
AF	0	0.256402	149	103	46	0	0	0	0
AF	0	0.256715	167	103	64	0	0	0	0
AF	0	0.257027	151	109	42	0	0	0	0
AF	0	0.257339	130	83	47	0	0	0	0
AF	0	0.257651	168	110	58	0	0	0	0
AF	0	0.257964	164	105	59	0	0	0	0
AF	0	0.258276	125	82	43	0	0	0	0
AF	0	0.258588	137	89	48	0	0	0	0
AF	0	0.258901	114	79	35	0	0	0	0
AF	0	0.259213	170	121	49	0	0	0	0
AF	0	0.259525	206	147	59	0	0	0	0
AF	0	0.259838	137	93	44	0	0	0	0
AF	0	0.260150	162	108	54	0	0	0	0
AF	0	0.260462	165	111	54	0	0	0	0
AF	0	0.260775	145	103	42	0	0	0	0
AF	0	0.261087	144	98	46	0	0	0	0
AF	0	0.261399	128	87	41	0	0	0	0
AF	0	0.261711	139	82	57	0	0	0	0
AF	0	0.262024	227	143	84	0	0	0	0
AF	0	0.262336	159	112	47	0	0	0	0
AF	0	0.262648	168	119	49	0	0	0	0
AF	0	0.262961	152	108	44	0	0	0	0
AF	0	0.263273	171	122	49	0	0	0	0
AF	0	0.263585	171	112	59	0	0	0	0
AF	0	0.263898	136	99	37	0	0	0	0
AF	0	0.264210	142	94	48	0	0	0	0
AF	0	0.264522	169	107	62	0	0	0	0
AF	0	0.264834	161	105	56	0	0	0	0
AF	0	0.265147	155	103	52	0	0	0	0
AF	0	0.265459	145	94	51	0	0	0	0
AF	0	0.265771	133	81	52	0	0	0	0
AF	0	0.266084	122	78	44	0	0	0	0
AF	0	0.266396	123	83	40	0	0	0	0
AF	0	0.266708	138	103	35	0	0	0	0
AF	0	0.267021	116	69	47	0	0	0	0
AF	0	0.267333	139	100	39	0	0	0	0
AF	0	0.267645	176	108	68	0	0	0	0
AF	0	0.267958	192	137	55	0	0	0	0
AF	0	0.268270	123	88	35	0	0	0	0
AF	0	0.268582	112	72	40	0	0	0	0
AF	0	0.268894	137	96	41	0	0	0	0
AF	0	0.269207	131	89	42	0	0	0	0
AF	0	0.269519	131	81	50	0	0	0	0
AF	0	0.269831	133	92	41	0	0	0	0
AF	0	0.270144	154	101	53	0	0	0	0
AF	0	0.270456	204	141	63	0	0	0	0
AF	0	0.270768	121	86	35	0	0	0	0
AF	0	0.271081	122	68	54	0	0	0	0
AF	0	0.271393	148	103	45	0	0	0	0
AF	0	0.271705	115	75	40	0	0	0	0
AF	0	0.272017	128	99	29	0	0	0	0
AF	0	0.272330	107	78	29	0	0	0	0
AF	0	0.272642	118	89	29	0	0	0	0
AF	0	0.272954	130	83	47	0	0	0	0
AF	0	0.273267	173	108	65	0	0	0	0
AF	0	0.273579	155	104	51	0	0	0	0
AF	0	0.273891	194	126	68	0	0	0	0
AF	0	0.274204	147	102	45	0	0	0	0
AF	0	0.274516	122	80	42	0	0	0	0
AF	0	0.274828	148	110	38	0	0	0	0
AF	0	0.275141	141	92	49	0	0	0	0
AF	0	0.275453	138	93	45	0	0	0	0
AF	0	0.275765	144	93	51	0	0	0	0
AF	0	0.276077	148	100	48	0	0	0	0
AF	0	0.276390	153	106	47	0	0	0	0
AF	0	0.276702	134	83	51	0	0	0	0
AF	0	0.277014	146	95	51	0	0	0	0
AF	0	0.277327	147	100	47	0	0	0	0
AF	0	0.277639	115	86	29	0	0	0	0
AF	0	0.277951	133	92	41	0	0	0	0
AF	0	0.278264	144	101	43	0	0	0	0
AF	0	0.278576	129	89	40	0	0	0	0
AF	0	0.278888	156	105	51	0	0	0	0
AF	0	0.279200	138	96	42	0	0	0	0
AF	0	0.279513	122	89	33	0	0	0	0
AF	0	0.279825	113	71	42	0	0	0	0
AF	0	0.280137	144	97	47	0	0	0	0
AF	0	0.280450	147	97	50	0	0	0	0
AF	0	0.280762	120	85	35	0	0	0	0
AF	0	0.281074	129	91	38	0	0	0	0
AF	0	0.281387	134	88	46	0	0	0	0
AF	0	0.281699	108	77	31	0	0	0	0
AF	0	0.282011	111	68	43	0	0	0	0
AF	0	0.282324	109	75	34	0	0	0	0
AF	0	0.282636	111	74	37	0	0	0	0
AF	0	0.282948	130	88	42	0	0	0	0
AF	0	0.283260	134	90	44	0	0	0	0
AF	0	0.283573	101	68	33	0	0	0	0
AF	0	0.283885	123	76	47	0	0	0	0
AF	0	0.284197	169	105	64	0	0	0	0
AF	0	0.284510	154	102	52	0	0	0	0
AF	0	0.284822	155	116	39	0	0	0	0
AF	0	0.285134	146	99	47	0	0	0	0
AF	0	0.285447	141	101	40	0	0	0	0
AF	0	0.285759	114	88	26	0	0	0	0
AF	0	0.286071	127	82	45	0	0	0	0
AF	0	0.286384	104	68	36	0	0	0	0
AF	0	0.286696	129	86	43	0	0	0	0
AF	0	0.287008	143	98	45	0	0	0	0
AF	0	0.287320	113	72	41	0	0	0	0
AF	0	0.287633	165	105	60	0	0	0	0
AF	0	0.287945	128	81	47	0	0	0	0
AF	0	0.288257	87	63	24	0	0	0	0
AF	0	0.288570	103	68	35	0	0	0	0
AF	0	0.288882	125	83	42	0	0	0	0
AF	0	0.289194	144	94	50	0	0	0	0
AF	0	0.289507	120	80	40	0	0	0	0
AF	0	0.289819	103	58	45	0	0	0	0
AF	0	0.290131	101	68	33	0	0	0	0
AF	0	0.290443	100	68	32	0	0	0	0
AF	0	0.290756	88	56	32	0	0	0	0
AF	0	0.291068	93	59	34	0	0	0	0
AF	0	0.291380	92	68	24	0	0	0	0
AF	0	0.291693	95	71	24	0	0	0	0
AF	0	0.292005	116	73	43	0	0	0	0
AF	0	0.292317	112	74	38	0	0	0	0
AF	0	0.292630	114	77	37	0	0	0	0
AF	0	0.292942	104	75	29	0	0	0	0
AF	0	0.293254	148	102	46	0	0	0	0
AF	0	0.293567	119	82	37	0	0	0	0
AF	0	0.293879	131	90	41	0	0	0	0
AF	0	0.294191	110	68	42	0	0	0	0
AF	0	0.294503	126	85	41	0	0	0	0
AF	0	0.294816	122	87	35	0	0	0	0
AF	0	0.295128	146	106	40	0	0	0	0
AF	0	0.295440	119	83	36	0	0	0	0
AF	0	0.295753	137	87	50	0	0	0	0
AF	0	0.296065	118	69	49	0	0	0	0
AF	0	0.296377	114	77	37	0	0	0	0
AF	0	0.296690	113	84	29	0	0	0	0
AF	0	0.297002	125	76	49	0	0	0	0
AF	0	0.297314	105	67	38	0	0	0	0
AF	0	0.297626	111	73	38	0	0	0	0
AF	0	0.297939	144	93	51	0	0	0	0
AF	0	0.298251	142	95	47	0	0	0	0
AF	0	0.298563	148	101	47	0	0	0	0
AF	0	0.298876	168	111	57	0	0	0	0
AF	0	0.299188	205	140	65	0	0	0	0
AF	0	0.299500	121	83	38	0	0	0	0
AF	0	0.299813	131	88	43	0	0	0	0
AF	0	0.300125	125	83	42	0	0	0	0
AF	0	0.300437	102	79	23	0	0	0	0
AF	0	0.300750	107	73	34	0	0	0	0
AF	0	0.301062	136	91	45	0	0	0	0
AF	0	0.301374	140	103	37	0	0	0	0
AF	0	0.301686	116	79	37	0	0	0	0
AF	0	0.301999	170	118	52	0	0	0	0
AF	0	0.302311	123	75	48	0	0	0	0
AF	0	0.302623	136	90	46	0	0	0	0
AF	0	0.302936	117	75	42	0	0	0	0
AF	0	0.303248	112	62	50	0	0	0	0
AF	0	0.303560	109	77	32	0	0	0	0
AF	0	0.303873	109	74	35	0	0	0	0
AF	0	0.304185	109	75	34	0	0	0	0
AF	0	0.304497	90	65	25	0	0	0	0
AF	0	0.304809	126	87	39	0	0	0	0
AF	0	0.305122	115	79	36	0	0	0	0
AF	0	0.305434	90	62	28	0	0	0	0
AF	0	0.305746	93	69	24	0	0	0	0
AF	0	0.306059	113	82	31	0	0	0	0
AF	0	0.306371	123	76	47	0	0	0	0
AF	0	0.306683	119	74	45	0	0	0	0
AF	0	0.306996	113	67	46	0	0	0	0
AF	0	0.307308	114	80	34	0	0	0	0
AF	0	0.307620	129	91	38	0	0	0	0
AF	0	0.307933	147	97	50	0	0	0	0
AF	0	0.308245	116	84	32	0	0	0	0
AF	0	0.308557	118	70	48	0	0	0	0
AF	0	0.308869	113	68	45	0	0	0	0
AF	0	0.309182	84	61	23	0	0	0	0
AF	0	0.309494	142	104	38	0	0	0	0
AF	0	0.309806	168	114	54	0	0	0	0
AF	0	0.310119	112	81	31	0	0	0	0
AF	0	0.310431	125	82	43	0	0	0	0
AF	0	0.310743	125	78	47	0	0	0	0
AF	0	0.311056	133	94	39	0	0	0	0
AF	0	0.311368	132	94	38	0	0	0	0
AF	0	0.311680	115	70	45	0	0	0	0
AF	0	0.311993	152	95	57	0	0	0	0
AF	0	0.312305	154	108	46	0	0	0	0
AF	0	0.312617	191	121	70	0	0	0	0
AF	0	0.312929	130	92	38	0	0	0	0
AF	0	0.313242	134	99	35	0	0	0	0
AF	0	0.313554	159	109	50	0	0	0	0
AF	0	0.313866	106	81	25	0	0	0	0
AF	0	0.314179	129	87	42	0	0	0	0
AF	0	0.314491	157	110	47	0	0	0	0
AF	0	0.314803	126	82	44	0	0	0	0
AF	0	0.315116	163	109	54	0	0	0	0
AF	0	0.315428	120	80	40	0	0	0	0
AF	0	0.315740	116	79	37	0	0	0	0
AF	0	0.316052	99	71	28	0	0	0	0
AF	0	0.316365	106	68	38	0	0	0	0
AF	0	0.316677	119	77	42	0	0	0	0
AF	0	0.316989	118	80	38	0	0	0	0
AF	0	0.317302	115	78	37	0	0	0	0
AF	0	0.317614	157	111	46	0	0	0	0
AF	0	0.317926	122	81	41	0	0	0	0
AF	0	0.318239	94	60	34	0	0	0	0
AF	0	0.318551	105	75	30	0	0	0	0
AF	0	0.318863	118	81	37	0	0	0	0
AF	0	0.319176	103	66	37	0	0	0	0
AF	0	0.319488	121	81	40	0	0	0	0
AF	0	0.319800	126	86	40	0	0	0	0
AF	0	0.320112	134	90	44	0	0	0	0
AF	0	0.320425	124	78	46	0	0	0	0
AF	0	0.320737	112	73	39	0	0	0	0
AF	0	0.321049	99	73	26	0	0	0	0
AF	0	0.321362	102	73	29	0	0	0	0
AF	0	0.321674	112	81	31	0	0	0	0
AF	0	0.321986	127	80	47	0	0	0	0
AF	0	0.322299	109	65	44	0	0	0	0
AF	0	0.322611	83	59	24	0	0	0	0
AF	0	0.322923	78	51	27	0	0	0	0
AF	0	0.323235	113	74	39	0	0	0	0
AF	0	0.323548	106	69	37	0	0	0	0
AF	0	0.323860	133	96	37	0	0	0	0
AF	0	0.324172	110	73	37	0	0	0	0
AF	0	0.324485	152	112	40	0	0	0	0
AF	0	0.324797	98	67	31	0	0	0	0
AF	0	0.325109	107	69	38	0	0	0	0
AF	0	0.325422	114	84	30	0	0	0	0
AF	0	0.325734	173	116	57	0	0	0	0
AF	0	0.326046	142	96	46	0	0	0	0
AF	0	0.326359	110	79	31	0	0	0	0
AF	0	0.326671	91	58	33	0	0	0	0
AF	0	0.326983	101	71	30	0	0	0	0
AF	0	0.327295	116	81	35	0	0	0	0
AF	0	0.327608	92	60	32	0	0	0	0
AF	0	0.327920	101	68	33	0	0	0	0
AF	0	0.328232	116	78	38	0	0	0	0
AF	0	0.328545	144	89	55	0	0	0	0
AF	0	0.328857	98	60	38	0	0	0	0
AF	0	0.329169	104	62	42	0	0	0	0
AF	0	0.329482	108	77	31	0	0	0	0
AF	0	0.329794	141	95	46	0	0	0	0
AF	0	0.330106	123	94	29	0	0	0	0
AF	0	0.330418	115	88	27	0	0	0	0
AF	0	0.330731	105	73	32	0	0	0	0
AF	0	0.331043	129	92	37	0	0	0	0
AF	0	0.331355	149	97	52	0	0	0	0
AF	0	0.331668	135	83	52	0	0	0	0
AF	0	0.331980	123	91	32	0	0	0	0
AF	0	0.332292	106	71	35	0	0	0	0
AF	0	0.332605	111	77	34	0	0	0	0
AF	0	0.332917	137	86	51	0	0	0	0
AF	0	0.333229	93	61	32	0	0	0	0
AF	0	0.333542	105	70	35	0	0	0	0
AF	0	0.333854	89	59	30	0	0	0	0
AF	0	0.334166	94	62	32	0	0	0	0
AF	0	0.334478	83	59	24	0	0	0	0
AF	0	0.334791	123	91	32	0	0	0	0
AF	0	0.335103	131	83	48	0	0	0	0
AF	0	0.335415	105	65	40	0	0	0	0
AF	0	0.335728	124	84	40	0	0	0	0
AF	0	0.336040	127	92	35	0	0	0	0
AF	0	0.336352	117	80	37	0	0	0	0
AF	0	0.336665	104	64	40	0	0	0	0
AF	0	0.336977	95	62	33	0	0	0	0
AF	0	0.337289	103	77	26	0	0	0	0
AF	0	0.337601	101	67	34	0	0	0	0
AF	0	0.337914	121	88	33	0	0	0	0
AF	0	0.338226	128	86	42	0	0	0	0
AF	0	0.338538	109	63	46	0	0	0	0
AF	0	0.338851	110	71	39	0	0	0	0
AF	0	0.339163	114	82	32	0	0	0	0
AF	0	0.339475	130	84	46	0	0	0	0
AF	0	0.339788	114	73	41	0	0	0	0
AF	0	0.340100	111	72	39	0	0	0	0
AF	0	0.340412	84	56	28	0	0	0	0
AF	0	0.340725	108	75	33	0	0	0	0
AF	0	0.341037	120	84	36	0	0	0	0
AF	0	0.341349	120	77	43	0	0	0	0
AF	0	0.341661	132	93	39	0	0	0	0
AF	0	0.341974	129	92	37	0	0	0	0
AF	0	0.342286	118	76	42	0	0	0	0
AF	0	0.342598	107	76	31	0	0	0	0
AF	0	0.342911	169	111	58	0	0	0	0
AF	0	0.343223	153	102	51	0	0	0	0
AF	0	0.343535	99	69	30	0	0	0	0
AF	0	0.343848	105	70	35	0	0	0	0
AF	0	0.344160	105	68	37	0	0	0	0
AF	0	0.344472	102	67	35	0	0	0	0
AF	0	0.344785	115	67	48	0	0	0	0
AF	0	0.345097	99	59	40	0	0	0	0
AF	0	0.345409	82	56	26	0	0	0	0
AF	0	0.345721	109	69	40	0	0	0	0
AF	0	0.346034	104	72	32	0	0	0	0
AF	0	0.346346	106	58	48	0	0	0	0
AF	0	0.346658	89	58	31	0	0	0	0
AF	0	0.346971	89	64	25	0	0	0	0
AF	0	0.347283	107	74	33	0	0	0	0
AF	0	0.347595	147	107	40	0	0	0	0
AF	0	0.347908	119	76	43	0	0	0	0
AF	0	0.348220	129	87	42	0	0	0	0
AF	0	0.348532	91	58	33	0	0	0	0
AF	0	0.348844	100	67	33	0	0	0	0
AF	0	0.349157	103	68	35	0	0	0	0
AF	0	0.349469	103	61	42	0	0	0	0
AF	0	0.349781	116	82	34	0	0	0	0
AF	0	0.350094	98	69	29	0	0	0	0
AF	0	0.350406	88	64	24	0	0	0	0
AF	0	0.350718	116	79	37	0	0	0	0
AF	0	0.351031	95	66	29	0	0	0	0
AF	0	0.351343	87	63	24	0	0	0	0
AF	0	0.351655	97	57	40	0	0	0	0
AF	0	0.351968	86	55	31	0	0	0	0
AF	0	0.352280	109	80	29	0	0	0	0
AF	0	0.352592	110	70	40	0	0	0	0
AF	0	0.352904	112	76	36	0	0	0	0
AF	0	0.353217	109	75	34	0	0	0	0
AF	0	0.353529	112	78	34	0	0	0	0
AF	0	0.353841	100	65	35	0	0	0	0
AF	0	0.354154	97	75	22	0	0	0	0
AF	0	0.354466	103	71	32	0	0	0	0
AF	0	0.354778	121	77	44	0	0	0	0
AF	0	0.355091	112	71	41	0	0	0	0
AF	0	0.355403	123	74	49	0	0	0	0
AF	0	0.355715	117	78	39	0	0	0	0
AF	0	0.356027	131	94	37	0	0	0	0
AF	0	0.356340	97	65	32	0	0	0	0
AF	0	0.356652	117	78	39	0	0	0	0
AF	0	0.356964	98	68	30	0	0	0	0
AF	0	0.357277	103	73	30	0	0	0	0
AF	0	0.357589	85	55	30	0	0	0	0
AF	0	0.357901	97	63	34	0	0	0	0
AF	0	0.358214	99	64	35	0	0	0	0
AF	0	0.358526	82	57	25	0	0	0	0
AF	0	0.358838	81	60	21	0	0	0	0
AF	0	0.359151	117	78	39	0	0	0	0
AF	0	0.359463	129	87	42	0	0	0	0
AF	0	0.359775	110	82	28	0	0	0	0
AF	0	0.360087	97	65	32	0	0	0	0
AF	0	0.360400	114	81	33	0	0	0	0
AF	0	0.360712	114	73	41	0	0	0	0
AF	0	0.361024	91	58	33	0	0	0	0
AF	0	0.361337	113	81	32	0	0	0	0
AF	0	0.361649	96	60	36	0	0	0	0
AF	0	0.361961	106	69	37	0	0	0	0
AF	0	0.362274	87	59	28	0	0	0	0
AF	0	0.362586	106	70	36	0	0	0	0
AF	0	0.362898	118	81	37	0	0	0	0
AF	0	0.363210	109	71	38	0	0	0	0
AF	0	0.363523	121	84	37	0	0	0	0
AF	0	0.363835	112	76	36	0	0	0	0
AF	0	0.364147	135	87	48	0	0	0	0
AF	0	0.364460	128	92	36	0	0	0	0
AF	0	0.364772	124	79	45	0	0	0	0
AF	0	0.365084	113	75	38	0	0	0	0
AF	0	0.365397	109	83	26	0	0	0	0
AF	0	0.365709	90	65	25	0	0	0	0
AF	0	0.366021	116	81	35	0	0	0	0
AF	0	0.366334	114	78	36	0	0	0	0
AF	0	0.366646	100	73	27	0	0	0	0
AF	0	0.366958	102	63	39	0	0	0	0
AF	0	0.367270	110	78	32	0	0	0	0
AF	0	0.367583	120	77	43	0	0	0	0
AF	0	0.367895	93	58	35	0	0	0	0
AF	0	0.368207	86	56	30	0	0	0	0
AF	0	0.368520	82	53	29	0	0	0	0
AF	0	0.368832	88	66	22	0	0	0	0
AF	0	0.369144	108	76	32	0	0	0	0
AF	0	0.369457	78	46	32	0	0	0	0
AF	0	0.369769	87	61	26	0	0	0	0
AF	0	0.370081	70	52	18	0	0	0	0
AF	0	0.370394	128	78	50	0	0	0	0
AF	0	0.370706	99	70	29	0	0	0	0
AF	0	0.371018	108	72	36	0	0	0	0
AF	0	0.371330	109	69	40	0	0	0	0
AF	0	0.371643	106	72	34	0	0	0	0
AF	0	0.371955	77	51	26	0	0	0	0
AF	0	0.372267	84	59	25	0	0	0	0
AF	0	0.372580	76	54	22	0	0	0	0
AF	0	0.372892	105	62	43	0	0	0	0
AF	0	0.373204	114	79	35	0	0	0	0
AF	0	0.373517	93	65	28	0	0	0	0
AF	0	0.373829	95	71	24	0	0	0	0
AF	0	0.374141	100	72	28	0	0	0	0
AF	0	0.374453	101	61	40	0	0	0	0
AF	0	0.374766	104	79	25	0	0	0	0
AF	0	0.375078	103	73	30	0	0	0	0
AF	0	0.375390	78	60	18	0	0	0	0
AF	0	0.375703	106	72	34	0	0	0	0
AF	0	0.376015	84	57	27	0	0	0	0
AF	0	0.376327	90	63	27	0	0	0	0
AF	0	0.376640	86	54	32	0	0	0	0
AF	0	0.376952	101	73	28	0	0	0	0
AF	0	0.377264	82	45	37	0	0	0	0
AF	0	0.377577	72	47	25	0	0	0	0
AF	0	0.377889	78	49	29	0	0	0	0
AF	0	0.378201	102	76	26	0	0	0	0
AF	0	0.378513	80	54	26	0	0	0	0
AF	0	0.378826	91	62	29	0	0	0	0
AF	0	0.379138	175	121	54	0	0	0	0
AF	0	0.379450	94	61	33	0	0	0	0
AF	0	0.379763	85	56	29	0	0	0	0
AF	0	0.380075	94	67	27	0	0	0	0
AF	0	0.380387	92	53	39	0	0	0	0
AF	0	0.380700	124	81	43	0	0	0	0
AF	0	0.381012	77	50	27	0	0	0	0
AF	0	0.381324	101	65	36	0	0	0	0
AF	0	0.381636	104	70	34	0	0	0	0
AF	0	0.381949	100	71	29	0	0	0	0
AF	0	0.382261	78	54	24	0	0	0	0
AF	0	0.382573	100	71	29	0	0	0	0
AF	0	0.382886	75	42	33	0	0	0	0
AF	0	0.383198	78	53	25	0	0	0	0
AF	0	0.383510	98	71	27	0	0	0	0
AF	0	0.383823	86	63	23	0	0	0	0
AF	0	0.384135	83	64	19	0	0	0	0
AF	0	0.384447	88	52	36	0	0	0	0
AF	0	0.384760	91	55	36	0	0	0	0
AF	0	0.385072	109	73	36	0	0	0	0
AF	0	0.385384	102	63	39	0	0	0	0
AF	0	0.385696	94	59	35	0	0	0	0
AF	0	0.386009	75	51	24	0	0	0	0
AF	0	0.386321	98	61	37	0	0	0	0
AF	0	0.386633	81	55	26	0	0	0	0
AF	0	0.386946	103	61	42	0	0	0	0
AF	0	0.387258	77	55	22	0	0	0	0
AF	0	0.387570	97	72	25	0	0	0	0
AF	0	0.387883	96	54	42	0	0	0	0
AF	0	0.388195	83	59	24	0	0	0	0
AF	0	0.388507	93	67	26	0	0	0	0
AF	0	0.388819	82	51	31	0	0	0	0
AF	0	0.389132	94	64	30	0	0	0	0
AF	0	0.389444	117	77	40	0	0	0	0
AF	0	0.389756	112	74	38	0	0	0	0
AF	0	0.390069	98	61	37	0	0	0	0
AF	0	0.390381	116	74	42	0	0	0	0
AF	0	0.390693	120	85	35	0	0	0	0
AF	0	0.391006	115	78	37	0	0	0	0
AF	0	0.391318	118	72	46	0	0	0	0
AF	0	0.391630	91	60	31	0	0	0	0
AF	0	0.391943	141	89	52	0	0	0	0
AF	0	0.392255	93	61	32	0	0	0	0
AF	0	0.392567	86	55	31	0	0	0	0
AF	0	0.392879	95	65	30	0	0	0	0
AF	0	0.393192	73	50	23	0	0	0	0
AF	0	0.393504	71	49	22	0	0	0	0
AF	0	0.393816	99	68	31	0	0	0	0
AF	0	0.394129	91	57	34	0	0	0	0
AF	0	0.394441	106	67	39	0	0	0	0
AF	0	0.394753	84	57	27	0	0	0	0
AF	0	0.395066	75	45	30	0	0	0	0
AF	0	0.395378	96	67	29	0	0	0	0
AF	0	0.395690	96	56	40	0	0	0	0
AF	0	0.396002	88	66	22	0	0	0	0
AF	0	0.396315	86	62	24	0	0	0	0
AF	0	0.396627	109	78	31	0	0	0	0
AF	0	0.396939	113	69	44	0	0	0	0
AF	0	0.397252	121	87	34	0	0	0	0
AF	0	0.397564	88	64	24	0	0	0	0
AF	0	0.397876	105	68	37	0	0	0	0
AF	0	0.398189	109	78	31	0	0	0	0
AF	0	0.398501	110	71	39	0	0	0	0
AF	0	0.398813	86	53	33	0	0	0	0
AF	0	0.399126	105	67	38	0	0	0	0
AF	0	0.399438	79	52	27	0	0	0	0
AF	0	0.399750	99	67	32	0	0	0	0
AF	0	0.400062	100	61	39	0	0	0	0
AF	0	0.400375	130	80	50	0	0	0	0
AF	0	0.400687	79	54	25	0	0	0	0
AF	0	0.400999	118	81	37	0	0	0	0
AF	0	0.401312	75	53	22	0	0	0	0
AF	0	0.401624	97	61	36	0	0	0	0
AF	0	0.401936	94	61	33	0	0	0	0
AF	0	0.402249	98	67	31	0	0	0	0
AF	0	0.402561	104	74	30	0	0	0	0
AF	0	0.402873	80	47	33	0	0	0	0
AF	0	0.403186	111	74	37	0	0	0	0
AF	0	0.403498	79	52	27	0	0	0	0
AF	0	0.403810	81	55	26	0	0	0	0
AF	0	0.404122	74	49	25	0	0	0	0
AF	0	0.404435	93	60	33	0	0	0	0
AF	0	0.404747	117	84	33	0	0	0	0
AF	0	0.405059	106	68	38	0	0	0	0
AF	0	0.405372	100	64	36	0	0	0	0
AF	0	0.405684	85	57	28	0	0	0	0
AF	0	0.405996	84	61	23	0	0	0	0
AF	0	0.406309	78	59	19	0	0	0	0
AF	0	0.406621	85	49	36	0	0	0	0
AF	0	0.406933	143	90	53	0	0	0	0
AF	0	0.407245	121	87	34	0	0	0	0
AF	0	0.407558	120	81	39	0	0	0	0
AF	0	0.407870	103	69	34	0	0	0	0
AF	0	0.408182	115	79	36	0	0	0	0
AF	0	0.408495	129	89	40	0	0	0	0
AF	0	0.408807	127	85	42	0	0	0	0
AF	0	0.409119	116	79	37	0	0	0	0
AF	0	0.409432	111	75	36	0	0	0	0
AF	0	0.409744	121	76	45	0	0	0	0
AF	0	0.410056	75	60	15	0	0	0	0
AF	0	0.410369	90	55	35	0	0	0	0
AF	0	0.410681	82	54	28	0	0	0	0
AF	0	0.410993	87	58	29	0	0	0	0
AF	0	0.411305	113	73	40	0	0	0	0
AF	0	0.411618	100	68	32	0	0	0	0
AF	0	0.411930	98	74	24	0	0	0	0
AF	0	0.412242	98	64	34	0	0	0	0
AF	0	0.412555	77	50	27	0	0	0	0
AF	0	0.412867	75	50	25	0	0	0	0
AF	0	0.413179	76	41	35	0	0	0	0
AF	0	0.413492	65	43	22	0	0	0	0
AF	0	0.413804	93	64	29	0	0	0	0
AF	0	0.414116	97	64	33	0	0	0	0
AF	0	0.414428	70	50	20	0	0	0	0
AF	0	0.414741	77	55	22	0	0	0	0
AF	0	0.415053	69	49	20	0	0	0	0
AF	0	0.415365	98	66	32	0	0	0	0
AF	0	0.415678	100	67	33	0	0	0	0
AF	0	0.415990	123	76	47	0	0	0	0
AF	0	0.416302	108	68	40	0	0	0	0
AF	0	0.416615	100	72	28	0	0	0	0
AF	0	0.416927	80	60	20	0	0	0	0
AF	0	0.417239	111	77	34	0	0	0	0
AF	0	0.417552	85	57	28	0	0	0	0
AF	0	0.417864	105	66	39	0	0	0	0
AF	0	0.418176	74	48	26	0	0	0	0
AF	0	0.418488	73	49	24	0	0	0	0
AF	0	0.418801	88	65	23	0	0	0	0
AF	0	0.419113	87	59	28	0	0	0	0
AF	0	0.419425	98	63	35	0	0	0	0
AF	0	0.419738	65	43	22	0	0	0	0
AF	0	0.420050	81	54	27	0	0	0	0
AF	0	0.420362	88	61	27	0	0	0	0
AF	0	0.420675	89	59	30	0	0	0	0
AF	0	0.420987	107	71	36	0	0	0	0
AF	0	0.421299	99	58	41	0	0	0	0
AF	0	0.421611	88	64	24	0	0	0	0
AF	0	0.421924	92	68	24	0	0	0	0
AF	0	0.422236	74	55	19	0	0	0	0
AF	0	0.422548	93	66	27	0	0	0	0
AF	0	0.422861	77	51	26	0	0	0	0
AF	0	0.423173	86	55	31	0	0	0	0
AF	0	0.423485	127	79	48	0	0	0	0
AF	0	0.423798	107	71	36	0	0	0	0
AF	0	0.424110	96	60	36	0	0	0	0
AF	0	0.424422	96	67	29	0	0	0	0
AF	0	0.424735	83	51	32	0	0	0	0
AF	0	0.425047	120	74	46	0	0	0	0
AF	0	0.425359	70	46	24	0	0	0	0
AF	0	0.425671	88	50	38	0	0	0	0
AF	0	0.425984	101	68	33	0	0	0	0
AF	0	0.426296	97	66	31	0	0	0	0
AF	0	0.426608	96	56	40	0	0	0	0
AF	0	0.426921	104	77	27	0	0	0	0
AF	0	0.427233	117	74	43	0	0	0	0
AF	0	0.427545	109	71	38	0	0	0	0
AF	0	0.427858	96	69	27	0	0	0	0
AF	0	0.428170	105	66	39	0	0	0	0
AF	0	0.428482	124	66	58	0	0	0	0
AF	0	0.428795	117	79	38	0	0	0	0
AF	0	0.429107	108	71	37	0	0	0	0
AF	0	0.429419	110	71	39	0	0	0	0
AF	0	0.429731	92	56	36	0	0	0	0
AF	0	0.430044	96	65	31	0	0	0	0
AF	0	0.430356	106	71	35	0	0	0	0
AF	0	0.430668	74	49	25	0	0	0	0
AF	0	0.430981	121	80	41	0	0	0	0
AF	0	0.431293	88	60	28	0	0	0	0
AF	0	0.431605	71	47	24	0	0	0	0
AF	0	0.431918	75	45	30	0	0	0	0
AF	0	0.432230	93	65	28	0	0	0	0
AF	0	0.432542	102	64	38	0	0	0	0
AF	0	0.432854	79	52	27	0	0	0	0
AF	0	0.433167	71	44	27	0	0	0	0
AF	0	0.433479	96	67	29	0	0	0	0
AF	0	0.433791	105	64	41	0	0	0	0
AF	0	0.434104	95	69	26	0	0	0	0
AF	0	0.434416	99	70	29	0	0	0	0
AF	0	0.434728	123	77	46	0	0	0	0
AF	0	0.435041	89	64	25	0	0	0	0
AF	0	0.435353	98	65	33	0	0	0	0
AF	0	0.435665	89	63	26	0	0	0	0
AF	0	0.435978	84	57	27	0	0	0	0
AF	0	0.436290	94	69	25	0	0	0	0
AF	0	0.436602	80	52	28	0	0	0	0
AF	0	0.436914	91	66	25	0	0	0	0
AF	0	0.437227	86	59	27	0	0	0	0
AF	0	0.437539	79	46	33	0	0	0	0
AF	0	0.437851	80	50	30	0	0	0	0
AF	0	0.438164	71	49	22	0	0	0	0
AF	0	0.438476	73	47	26	0	0	0	0
AF	0	0.438788	59	43	16	0	0	0	0
AF	0	0.439101	79	61	18	0	0	0	0
AF	0	0.439413	66	46	20	0	0	0	0
AF	0	0.439725	63	46	17	0	0	0	0
AF	0	0.440037	85	59	26	0	0	0	0
AF	0	0.440350	79	52	27	0	0	0	0
AF	0	0.440662	90	59	31	0	0	0	0
AF	0	0.440974	122	80	42	0	0	0	0
AF	0	0.441287	90	61	29	0	0	0	0
AF	0	0.441599	81	43	38	0	0	0	0
AF	0	0.441911	124	85	39	0	0	0	0
AF	0	0.442224	94	61	33	0	0	0	0
AF	0	0.442536	87	63	24	0	0	0	0
AF	0	0.442848	102	59	43	0	0	0	0
AF	0	0.443161	154	85	69	0	0	0	0
AF	0	0.443473	75	51	24	0	0	0	0
AF	0	0.443785	79	50	29	0	0	0	0
AF	0	0.444097	73	45	28	0	0	0	0
AF	0	0.444410	134	75	59	0	0	0	0
AF	0	0.444722	105	75	30	0	0	0	0
AF	0	0.445034	114	81	33	0	0	0	0
AF	0	0.445347	121	91	30	0	0	0	0
AF	0	0.445659	77	51	26	0	0	0	0
AF	0	0.445971	79	57	22	0	0	0	0
AF	0	0.446284	73	53	20	0	0	0	0
AF	0	0.446596	117	77	40	0	0	0	0
AF	0	0.446908	80	59	21	0	0	0	0
AF	0	0.447220	77	51	26	0	0	0	0
AF	0	0.447533	70	52	18	0	0	0	0
AF	0	0.447845	92	55	37	0	0	0	0
AF	0	0.448157	59	37	22	0	0	0	0
AF	0	0.448470	80	51	29	0	0	0	0
AF	0	0.448782	97	61	36	0	0	0	0
AF	0	0.449094	59	41	18	0	0	0	0
AF	0	0.449407	86	60	26	0	0	0	0
AF	0	0.449719	84	54	30	0	0	0	0
AF	0	0.450031	85	58	27	0	0	0	0
AF	0	0.450344	121	82	39	0	0	0	0
AF	0	0.450656	78	51	27	0	0	0	0
AF	0	0.450968	82	46	36	0	0	0	0
AF	0	0.451280	86	57	29	0	0	0	0
AF	0	0.451593	100	70	30	0	0	0	0
AF	0	0.451905	69	47	22	0	0	0	0
AF	0	0.452217	70	46	24	0	0	0	0
AF	0	0.452530	71	46	25	0	0	0	0
AF	0	0.452842	85	66	19	0	0	0	0
AF	0	0.453154	107	72	35	0	0	0	0
AF	0	0.453467	90	63	27	0	0	0	0
AF	0	0.453779	136	93	43	0	0	0	0
AF	0	0.454091	92	58	34	0	0	0	0
AF	0	0.454403	79	54	25	0	0	0	0
AF	0	0.454716	84	51	33	0	0	0	0
AF	0	0.455028	68	41	27	0	0	0	0
AF	0	0.455340	84	54	30	0	0	0	0
AF	0	0.455653	67	39	28	0	0	0	0
AF	0	0.455965	77	50	27	0	0	0	0
AF	0	0.456277	64	37	27	0	0	0	0
AF	0	0.456590	53	35	18	0	0	0	0
AF	0	0.456902	82	54	28	0	0	0	0
AF	0	0.457214	85	51	34	0	0	0	0
AF	0	0.457527	64	39	25	0	0	0	0
AF	0	0.457839	78	49	29	0	0	0	0
AF	0	0.458151	75	56	19	0	0	0	0
AF	0	0.458463	53	39	14	0	0	0	0
AF	0	0.458776	75	49	26	0	0	0	0
AF	0	0.459088	148	110	38	0	0	0	0
AF	0	0.459400	126	89	37	0	0	0	0
AF	0	0.459713	126	87	39	0	0	0	0
AF	0	0.460025	149	100	49	0	0	0	0
AF	0	0.460337	129	88	41	0	0	0	0
AF	0	0.460650	115	71	44	0	0	0	0
AF	0	0.460962	77	55	22	0	0	0	0
AF	0	0.461274	93	67	26	0	0	0	0
AF	0	0.461587	89	58	31	0	0	0	0
AF	0	0.461899	69	45	24	0	0	0	0
AF	0	0.462211	72	52	20	0	0	0	0
AF	0	0.462523	78	50	28	0	0	0	0
AF	0	0.462836	68	42	26	0	0	0	0
AF	0	0.463148	78	55	23	0	0	0	0
AF	0	0.463460	137	88	49	0	0	0	0
AF	0	0.463773	96	64	32	0	0	0	0
AF	0	0.464085	122	82	40	0	0	0	0
AF	0	0.464397	89	59	30	0	0	0	0
AF	0	0.464710	134	86	48	0	0	0	0
AF	0	0.465022	86	58	28	0	0	0	0
AF	0	0.465334	76	46	30	0	0	0	0
AF	0	0.465646	68	44	24	0	0	0	0
AF	0	0.465959	76	50	26	0	0	0	0
AF	0	0.466271	66	39	27	0	0	0	0
AF	0	0.466583	88	59	29	0	0	0	0
AF	0	0.466896	87	63	24	0	0	0	0
AF	0	0.467208	71	52	19	0	0	0	0
AF	0	0.467520	83	59	24	0	0	0	0
AF	0	0.467833	68	45	23	0	0	0	0
AF	0	0.468145	70	45	25	0	0	0	0
AF	0	0.468457	52	34	18	0	0	0	0
AF	0	0.468770	60	37	23	0	0	0	0
AF	0	0.469082	81	57	24	0	0	0	0
AF	0	0.469394	73	51	22	0	0	0	0
AF	0	0.469706	63	33	30	0	0	0	0
AF	0	0.470019	72	50	22	0	0	0	0
AF	0	0.470331	56	44	12	0	0	0	0
AF	0	0.470643	68	45	23	0	0	0	0
AF	0	0.470956	56	34	22	0	0	0	0
AF	0	0.471268	79	59	20	0	0	0	0
AF	0	0.471580	95	62	33	0	0	0	0
AF	0	0.471893	69	50	19	0	0	0	0
AF	0	0.472205	75	55	20	0	0	0	0
AF	0	0.472517	75	51	24	0	0	0	0
AF	0	0.472829	66	46	20	0	0	0	0
AF	0	0.473142	80	48	32	0	0	0	0
AF	0	0.473454	71	52	19	0	0	0	0
AF	0	0.473766	88	60	28	0	0	0	0
AF	0	0.474079	142	101	41	0	0	0	0
AF	0	0.474391	91	64	27	0	0	0	0
AF	0	0.474703	90	65	25	0	0	0	0
AF	0	0.475016	94	61	33	0	0	0	0
AF	0	0.475328	106	73	33	0	0	0	0
AF	0	0.475640	100	66	34	0	0	0	0
AF	0	0.475953	107	69	38	0	0	0	0
AF	0	0.476265	76	54	22	0	0	0	0
AF	0	0.476577	104	69	35	0	0	0	0
AF	0	0.476889	120	90	30	0	0	0	0
AF	0	0.477202	171	105	66	0	0	0	0
AF	0	0.477514	73	45	28	0	0	0	0
AF	0	0.477826	79	48	31	0	0	0	0
AF	0	0.478139	99	71	28	0	0	0	0
AF	0	0.478451	80	52	28	0	0	0	0
AF	0	0.478763	76	47	29	0	0	0	0
AF	0	0.479076	90	58	32	0	0	0	0
AF	0	0.479388	71	54	17	0	0	0	0
AF	0	0.479700	69	40	29	0	0	0	0
AF	0	0.480012	92	69	23	0	0	0	0
AF	0	0.480325	85	62	23	0	0	0	0
AF	0	0.480637	76	50	26	0	0	0	0
AF	0	0.480949	73	46	27	0	0	0	0
AF	0	0.481262	88	61	27	0	0	0	0
AF	0	0.481574	88	60	28	0	0	0	0
AF	0	0.481886	70	48	22	0	0	0	0
AF	0	0.482199	88	60	28	0	0	0	0
AF	0	0.482511	70	52	18	0	0	0	0
AF	0	0.482823	86	58	28	0	0	0	0
AF	0	0.483136	78	53	25	0	0	0	0
AF	0	0.483448	79	50	29	0	0	0	0
AF	0	0.483760	86	65	21	0	0	0	0
AF	0	0.484072	69	48	21	0	0	0	0
AF	0	0.484385	76	48	28	0	0	0	0
AF	0	0.484697	56	36	20	0	0	0	0
AF	0	0.485009	82	49	33	0	0	0	0
AF	0	0.485322	59	37	22	0	0	0	0
AF	0	0.485634	90	57	33	0	0	0	0
AF	0	0.485946	92	63	29	0	0	0	0
AF	0	0.486259	78	48	30	0	0	0	0
AF	0	0.486571	77	46	31	0	0	0	0
AF	0	0.486883	63	45	18	0	0	0	0
AF	0	0.487196	75	51	24	0	0	0	0
AF	0	0.487508	79	52	27	0	0	0	0
AF	0	0.487820	60	39	21	0	0	0	0
AF	0	0.488132	78	46	32	0	0	0	0
AF	0	0.488445	89	60	29	0	0	0	0
AF	0	0.488757	83	58	25	0	0	0	0
AF	0	0.489069	81	60	21	0	0	0	0
AF	0	0.489382	98	65	33	0	0	0	0
AF	0	0.489694	66	46	20	0	0	0	0
AF	0	0.490006	77	57	20	0	0	0	0
AF	0	0.490319	108	70	38	0	0	0	0
AF	0	0.490631	138	95	43	0	0	0	0
AF	0	0.490943	83	61	22	0	0	0	0
AF	0	0.491255	64	37	27	0	0	0	0
AF	0	0.491568	80	52	28	0	0	0	0
AF	0	0.491880	58	36	22	0	0	0	0
AF	0	0.492192	56	39	17	0	0	0	0
AF	0	0.492505	89	62	27	0	0	0	0
AF	0	0.492817	91	62	29	0	0	0	0
AF	0	0.493129	95	72	23	0	0	0	0
AF	0	0.493442	67	44	23	0	0	0	0
AF	0	0.493754	93	54	39	0	0	0	0
AF	0	0.494066	94	63	31	0	0	0	0
AF	0	0.494379	89	64	25	0	0	0	0
AF	0	0.494691	70	51	19	0	0	0	0
AF	0	0.495003	65	43	22	0	0	0	0
AF	0	0.495315	67	49	18	0	0	0	0
AF	0	0.495628	92	66	26	0	0	0	0
AF	0	0.495940	86	54	32	0	0	0	0
AF	0	0.496252	82	51	31	0	0	0	0
AF	0	0.496565	79	54	25	0	0	0	0
AF	0	0.496877	74	50	24	0	0	0	0
AF	0	0.497189	75	48	27	0	0	0	0
AF	0	0.497502	58	40	18	0	0	0	0
AF	0	0.497814	76	49	27	0	0	0	0
AF	0	0.498126	60	45	15	0	0	0	0
AF	0	0.498438	54	41	13	0	0	0	0
AF	0	0.498751	69	50	19	0	0	0	0
AF	0	0.499063	67	42	25	0	0	0	0
AF	0	0.499375	65	45	20	0	0	0	0
AF	0	0.499688	125	82	43	0	0	0	0
AF	0	0.500000	72	54	18	0	0	0	0
AF	0	0.500312	92	64	28	0	0	0	0
AF	0	0.500625	69	47	22	0	0	0	0
AF	0	0.500937	60	37	23	0	0	0	0
AF	0	0.501249	66	41	25	0	0	0	0
AF	0	0.501562	74	56	18	0	0	0	0
AF	0	0.501874	75	47	28	0	0	0	0
AF	0	0.502186	62	41	21	0	0	0	0
AF	0	0.502498	67	44	23	0	0	0	0
AF	0	0.502811	66	50	16	0	0	0	0
AF	0	0.503123	84	57	27	0	0	0	0
AF	0	0.503435	55	34	21	0	0	0	0
AF	0	0.503748	69	51	18	0	0	0	0
AF	0	0.504060	56	38	18	0	0	0	0
AF	0	0.504372	78	55	23	0	0	0	0
AF	0	0.504685	67	43	24	0	0	0	0
AF	0	0.504997	68	51	17	0	0	0	0
AF	0	0.505309	92	63	29	0	0	0	0
AF	0	0.505621	94	60	34	0	0	0	0
AF	0	0.505934	77	49	28	0	0	0	0
AF	0	0.506246	78	46	32	0	0	0	0
AF	0	0.506558	77	51	26	0	0	0	0
AF	0	0.506871	58	40	18	0	0	0	0
AF	0	0.507183	64	46	18	0	0	0	0
AF	0	0.507495	86	60	26	0	0	0	0
AF	0	0.507808	145	102	43	0	0	0	0
AF	0	0.508120	117	77	40	0	0	0	0
AF	0	0.508432	78	51	27	0	0	0	0
AF	0	0.508745	123	92	31	0	0	0	0
AF	0	0.509057	137	85	52	0	0	0	0
AF	0	0.509369	120	78	42	0	0	0	0
AF	0	0.509681	90	71	19	0	0	0	0
AF	0	0.509994	71	50	21	0	0	0	0
AF	0	0.510306	71	51	20	0	0	0	0
AF	0	0.510618	83	58	25	0	0	0	0
AF	0	0.510931	89	63	26	0	0	0	0
AF	0	0.511243	90	65	25	0	0	0	0
AF	0	0.511555	78	53	25	0	0	0	0
AF	0	0.511868	83	56	27	0	0	0	0
AF	0	0.512180	65	47	18	0	0	0	0
AF	0	0.512492	72	44	28	0	0	0	0
AF	0	0.512804	73	44	29	0	0	0	0
AF	0	0.513117	58	30	28	0	0	0	0
AF	0	0.513429	59	37	22	0	0	0	0
AF	0	0.513741	101	64	37	0	0	0	0
AF	0	0.514054	98	66	32	0	0	0	0
AF	0	0.514366	106	71	35	0	0	0	0
AF	0	0.514678	105	69	36	0	0	0	0
AF	0	0.514991	73	54	19	0	0	0	0
AF	0	0.515303	70	45	25	0	0	0	0
AF	0	0.515615	66	41	25	0	0	0	0
AF	0	0.515928	58	45	13	0	0	0	0
AF	0	0.516240	86	55	31	0	0	0	0
AF	0	0.516552	61	36	25	0	0	0	0
AF	0	0.516864	79	59	20	0	0	0	0
AF	0	0.517177	85	62	23	0	0	0	0
AF	0	0.517489	98	69	29	0	0	0	0
AF	0	0.517801	89	61	28	0	0	0	0
AF	0	0.518114	82	52	30	0	0	0	0
AF	0	0.518426	92	65	27	0	0	0	0
AF	0	0.518738	66	40	26	0	0	0	0
AF	0	0.519051	82	55	27	0	0	0	0
AF	0	0.519363	77	47	30	0	0	0	0
AF	0	0.519675	68	45	23	0	0	0	0
AF	0	0.519988	85	62	23	0	0	0	0
AF	0	0.520300	103	69	34	0	0	0	0
AF	0	0.520612	77	52	25	0	0	0	0
AF	0	0.520924	65	47	18	0	0	0	0
AF	0	0.521237	58	42	16	0	0	0	0
AF	0	0.521549	71	52	19	0	0	0	0
AF	0	0.521861	58	34	24	0	0	0	0
AF	0	0.522174	85	58	27	0	0	0	0
AF	0	0.522486	81	64	17	0	0	0	0
AF	0	0.522798	69	44	25	0	0	0	0
AF	0	0.523111	62	41	21	0	0	0	0
AF	0	0.523423	67	48	19	0	0	0	0
AF	0	0.523735	51	33	18	0	0	0	0
AF	0	0.524047	52	38	14	0	0	0	0
AF	0	0.524360	72	49	23	0	0	0	0
AF	0	0.524672	78	46	32	0	0	0	0
AF	0	0.524984	57	40	17	0	0	0	0
AF	0	0.525297	57	42	15	0	0	0	0
AF	0	0.525609	56	34	22	0	0	0	0
AF	0	0.525921	78	55	23	0	0	0	0
AF	0	0.526234	79	57	22	0	0	0	0
AF	0	0.526546	97	68	29	0	0	0	0
AF	0	0.526858	73	51	22	0	0	0	0
AF	0	0.527171	71	44	27	0	0	0	0
AF	0	0.527483	66	41	25	0	0	0	0
AF	0	0.527795	78	51	27	0	0	0	0
AF	0	0.528107	63	45	18	0	0	0	0
AF	0	0.528420	75	54	21	0	0	0	0
AF	0	0.528732	151	97	54	0	0	0	0
AF	0	0.529044	104	70	34	0	0	0	0
AF	0	0.529357	69	41	28	0	0	0	0
AF	0	0.529669	63	41	22	0	0	0	0
AF	0	0.529981	71	48	23	0	0	0	0
AF	0	0.530294	70	43	27	0	0	0	0
AF	0	0.530606	74	51	23	0	0	0	0
AF	0	0.530918	66	44	22	0	0	0	0
AF	0	0.531230	71	51	20	0	0	0	0
AF	0	0.531543	76	59	17	0	0	0	0
AF	0	0.531855	110	67	43	0	0	0	0
AF	0	0.532167	76	58	18	0	0	0	0
AF	0	0.532480	68	43	25	0	0	0	0
AF	0	0.532792	59	38	21	0	0	0	0
AF	0	0.533104	70	46	24	0	0	0	0
AF	0	0.533417	73	44	29	0	0	0	0
AF	0	0.533729	82	55	27	0	0	0	0
AF	0	0.534041	68	55	13	0	0	0	0
AF	0	0.534354	71	47	24	0	0	0	0
AF	0	0.534666	83	57	26	0	0	0	0
AF	0	0.534978	68	44	24	0	0	0	0
AF	0	0.535290	80	50	30	0	0	0	0
AF	0	0.535603	65	41	24	0	0	0	0
AF	0	0.535915	87	56	31	0	0	0	0
AF	0	0.536227	88	61	27	0	0	0	0
AF	0	0.536540	89	60	29	0	0	0	0
AF	0	0.536852	86	58	28	0	0	0	0
AF	0	0.537164	76	53	23	0	0	0	0
AF	0	0.537477	78	48	30	0	0	0	0
AF	0	0.537789	85	52	33	0	0	0	0
AF	0	0.538101	73	38	35	0	0	0	0
AF	0	0.538413	76	51	25	0	0	0	0
AF	0	0.538726	94	63	31	0	0	0	0
AF	0	0.539038	71	46	25	0	0	0	0
AF	0	0.539350	84	62	22	0	0	0	0
AF	0	0.539663	56	34	22	0	0	0	0
AF	0	0.539975	82	54	28	0	0	0	0
AF	0	0.540287	70	43	27	0	0	0	0
AF	0	0.540600	86	58	28	0	0	0	0
AF	0	0.540912	76	49	27	0	0	0	0
AF	0	0.541224	82	50	32	0	0	0	0
AF	0	0.541537	79	53	26	0	0	0	0
AF	0	0.541849	82	54	28	0	0	0	0
AF	0	0.542161	57	33	24	0	0	0	0
AF	0	0.542473	74	42	32	0	0	0	0
AF	0	0.542786	82	62	20	0	0	0	0
AF	0	0.543098	71	49	22	0	0	0	0
AF	0	0.543410	63	42	21	0	0	0	0
AF	0	0.543723	72	46	26	0	0	0	0
AF	0	0.544035	50	31	19	0	0	0	0
AF	0	0.544347	61	43	18	0	0	0	0
AF	0	0.544660	53	34	19	0	0	0	0
AF	0	0.544972	70	54	16	0	0	0	0
AF	0	0.545284	50	38	12	0	0	0	0
AF	0	0.545597	54	39	15	0	0	0	0
AF	0	0.545909	64	41	23	0	0	0	0
AF	0	0.546221	58	39	19	0	0	0	0
AF	0	0.546533	61	41	20	0	0	0	0
AF	0	0.546846	65	51	14	0	0	0	0
AF	0	0.547158	60	41	19	0	0	0	0
AF	0	0.547470	54	37	17	0	0	0	0
AF	0	0.547783	80	62	18	0	0	0	0
AF	0	0.548095	70	43	27	0	0	0	0
AF	0	0.548407	74	53	21	0	0	0	0
AF	0	0.548720	42	26	16	0	0	0	0
AF	0	0.549032	58	43	15	0	0	0	0
AF	0	0.549344	63	36	27	0	0	0	0
AF	0	0.549656	102	61	41	0	0	0	0
AF	0	0.549969	65	44	21	0	0	0	0
AF	0	0.550281	82	54	28	0	0	0	0
AF	0	0.550593	83	59	24	0	0	0	0
AF	0	0.550906	60	39	21	0	0	0	0
AF	0	0.551218	47	32	15	0	0	0	0
AF	0	0.551530	74	53	21	0	0	0	0
AF	0	0.551843	76	54	22	0	0	0	0
AF	0	0.552155	71	49	22	0	0	0	0
AF	0	0.552467	70	48	22	0	0	0	0
AF	0	0.552780	61	39	22	0	0	0	0
AF	0	0.553092	72	48	24	0	0	0	0
AF	0	0.553404	62	41	21	0	0	0	0
AF	0	0.553716	73	48	25	0	0	0	0
AF	0	0.554029	78	49	29	0	0	0	0
AF	0	0.554341	97	65	32	0	0	0	0
AF	0	0.554653	82	56	26	0	0	0	0
AF	0	0.554966	56	39	17	0	0	0	0
AF	0	0.555278	79	56	23	0	0	0	0
AF	0	0.555590	70	53	17	0	0	0	0
AF	0	0.555903	76	55	21	0	0	0	0
AF	0	0.556215	65	40	25	0	0	0	0
AF	0	0.556527	93	64	29	0	0	0	0
AF	0	0.556839	75	47	28	0	0	0	0
AF	0	0.557152	48	29	19	0	0	0	0
AF	0	0.557464	58	44	14	0	0	0	0
AF	0	0.557776	68	45	23	0	0	0	0
AF	0	0.558089	149	106	43	0	0	0	0
AF	0	0.558401	60	48	12	0	0	0	0
AF	0	0.558713	80	55	25	0	0	0	0
AF	0	0.559026	45	27	18	0	0	0	0
AF	0	0.559338	52	41	11	0	0	0	0
AF	0	0.559650	100	73	27	0	0	0	0
AF	0	0.559963	74	51	23	0	0	0	0
AF	0	0.560275	58	40	18	0	0	0	0
AF	0	0.560587	75	46	29	0	0	0	0
AF	0	0.560899	85	60	25	0	0	0	0
AF	0	0.561212	73	48	25	0	0	0	0
AF	0	0.561524	59	44	15	0	0	0	0
AF	0	0.561836	59	31	28	0	0	0	0
AF	0	0.562149	79	57	22	0	0	0	0
AF	0	0.562461	77	45	32	0	0	0	0
AF	0	0.562773	71	54	17	0	0	0	0
AF	0	0.563086	71	50	21	0	0	0	0
AF	0	0.563398	86	61	25	0	0	0	0
AF	0	0.563710	88	61	27	0	0	0	0
AF	0	0.564022	67	42	25	0	0	0	0
AF	0	0.564335	77	61	16	0	0	0	0
AF	0	0.564647	66	45	21	0	0	0	0
AF	0	0.564959	86	58	28	0	0	0	0
AF	0	0.565272	88	63	25	0	0	0	0
AF	0	0.565584	87	52	35	0	0	0	0
AF	0	0.565896	76	50	26	0	0	0	0
AF	0	0.566209	72	51	21	0	0	0	0
AF	0	0.566521	44	22	22	0	0	0	0
AF	0	0.566833	57	39	18	0	0	0	0
AF	0	0.567146	53	35	18	0	0	0	0
AF	0	0.567458	56	32	24	0	0	0	0
AF	0	0.567770	61	43	18	0	0	0	0
AF	0	0.568082	68	39	29	0	0	0	0
AF	0	0.568395	61	39	22	0	0	0	0
AF	0	0.568707	58	40	18	0	0	0	0
AF	0	0.569019	56	39	17	0	0	0	0
AF	0	0.569332	49	31	18	0	0	0	0
AF	0	0.569644	114	79	35	0	0	0	0
AF	0	0.569956	72	49	23	0	0	0	0
AF	0	0.570269	65	48	17	0	0	0	0
AF	0	0.570581	61	41	20	0	0	0	0
AF	0	0.570893	84	58	26	0	0	0	0
AF	0	0.571205	101	63	38	0	0	0	0
AF	0	0.571518	70	47	23	0	0	0	0
AF	0	0.571830	68	43	25	0	0	0	0
AF	0	0.572142	78	56	22	0	0	0	0
AF	0	0.572455	45	33	12	0	0	0	0
AF	0	0.572767	52	40	12	0	0	0	0
AF	0	0.573079	56	39	17	0	0	0	0
AF	0	0.573392	70	41	29	0	0	0	0
AF	0	0.573704	88	52	36	0	0	0	0
AF	0	0.574016	69	58	11	0	0	0	0
AF	0	0.574329	70	48	22	0	0	0	0
AF	0	0.574641	63	42	21	0	0	0	0
AF	0	0.574953	82	61	21	0	0	0	0
AF	0	0.575265	54	31	23	0	0	0	0
AF	0	0.575578	70	53	17	0	0	0	0
AF	0	0.575890	58	36	22	0	0	0	0
AF	0	0.576202	76	60	16	0	0	0	0
AF	0	0.576515	76	56	20	0	0	0	0
AF	0	0.576827	66	43	23	0	0	0	0
AF	0	0.577139	63	40	23	0	0	0	0
AF	0	0.577452	71	41	30	0	0	0	0
AF	0	0.577764	53	36	17	0	0	0	0
AF	0	0.578076	66	52	14	0	0	0	0
AF	0	0.578389	67	44	23	0	0	0	0
AF	0	0.578701	69	52	17	0	0	0	0
AF	0	0.579013	62	44	18	0	0	0	0
AF	0	0.579325	88	65	23	0	0	0	0
AF	0	0.579638	55	42	13	0	0	0	0
AF	0	0.579950	50	33	17	0	0	0	0
AF	0	0.580262	58	40	18	0	0	0	0
AF	0	0.580575	65	42	23	0	0	0	0
AF	0	0.580887	66	50	16	0	0	0	0
AF	0	0.581199	54	37	17	0	0	0	0
AF	0	0.581512	77	47	30	0	0	0	0
AF	0	0.581824	68	45	23	0	0	0	0
AF	0	0.582136	65	45	20	0	0	0	0
AF	0	0.582448	66	40	26	0	0	0	0
AF	0	0.582761	72	49	23	0	0	0	0
AF	0	0.583073	67	43	24	0	0	0	0
AF	0	0.583385	76	52	24	0	0	0	0
AF	0	0.583698	111	83	28	0	0	0	0
AF	0	0.584010	82	62	20	0	0	0	0
AF	0	0.584322	56	39	17	0	0	0	0
AF	0	0.584635	66	42	24	0	0	0	0
AF	0	0.584947	98	70	28	0	0	0	0
AF	0	0.585259	97	57	40	0	0	0	0
AF	0	0.585572	68	47	21	0	0	0	0
AF	0	0.585884	54	34	20	0	0	0	0
AF	0	0.586196	64	35	29	0	0	0	0
AF	0	0.586508	73	53	20	0	0	0	0
AF	0	0.586821	66	44	22	0	0	0	0
AF	0	0.587133	50	34	16	0	0	0	0
AF	0	0.587445	66	48	18	0	0	0	0
AF	0	0.587758	56	35	21	0	0	0	0
AF	0	0.588070	61	46	15	0	0	0	0
AF	0	0.588382	72	45	27	0	0	0	0
AF	0	0.588695	60	39	21	0	0	0	0
AF	0	0.589007	52	31	21	0	0	0	0
AF	0	0.589319	47	36	11	0	0	0	0
AF	0	0.589631	62	43	19	0	0	0	0
AF	0	0.589944	69	47	22	0	0	0	0
AF	0	0.590256	60	41	19	0	0	0	0
AF	0	0.590568	52	35	17	0	0	0	0
AF	0	0.590881	67	46	21	0	0	0	0
AF	0	0.591193	58	40	18	0	0	0	0
AF	0	0.591505	63	42	21	0	0	0	0
AF	0	0.591818	65	42	23	0	0	0	0
AF	0	0.592130	67	43	24	0	0	0	0
AF	0	0.592442	78	49	29	0	0	0	0
AF	0	0.592755	48	27	21	0	0	0	0
AF	0	0.593067	62	44	18	0	0	0	0
AF	0	0.593379	56	41	15	0	0	0	0
AF	0	0.593691	46	27	19	0	0	0	0
AF	0	0.594004	64	44	20	0	0	0	0
AF	0	0.594316	64	48	16	0	0	0	0
AF	0	0.594628	82	52	30	0	0	0	0
AF	0	0.594941	61	48	13	0	0	0	0
AF	0	0.595253	60	35	25	0	0	0	0
AF	0	0.595565	46	29	17	0	0	0	0
AF	0	0.595878	43	29	14	0	0	0	0
AF	0	0.596190	49	31	18	0	0	0	0
AF	0	0.596502	46	34	12	0	0	0	0
AF	0	0.596814	59	42	17	0	0	0	0
AF	0	0.597127	66	47	19	0	0	0	0
AF	0	0.597439	60	30	30	0	0	0	0
AF	0	0.597751	59	42	17	0	0	0	0
AF	0	0.598064	71	47	24	0	0	0	0
AF	0	0.598376	59	33	26	0	0	0	0
AF	0	0.598688	56	34	22	0	0	0	0
AF	0	0.599001	56	36	20	0	0	0	0
AF	0	0.599313	56	34	22	0	0	0	0
AF	0	0.599625	46	24	22	0	0	0	0
AF	0	0.599938	50	34	16	0	0	0	0
AF	0	0.600250	52	38	14	0	0	0	0
AF	0	0.600562	66	47	19	0	0	0	0
AF	0	0.600874	75	47	28	0	0	0	0
AF	0	0.601187	76	51	25	0	0	0	0
AF	0	0.601499	87	51	36	0	0	0	0
AF	0	0.601811	91	61	30	0	0	0	0
AF	0	0.602124	78	48	30	0	0	0	0
AF	0	0.602436	76	51	25	0	0	0	0
AF	0	0.602748	70	46	24	0	0	0	0
AF	0	0.603061	73	51	22	0	0	0	0
AF	0	0.603373	73	43	30	0	0	0	0
AF	0	0.603685	70	48	22	0	0	0	0
AF	0	0.603998	69	48	21	0	0	0	0
AF	0	0.604310	73	46	27	0	0	0	0
AF	0	0.604622	106	70	36	0	0	0	0
AF	0	0.604934	63	44	19	0	0	0	0
AF	0	0.605247	75	55	20	0	0	0	0
AF	0	0.605559	63	40	23	0	0	0	0
AF	0	0.605871	71	49	22	0	0	0	0
AF	0	0.606184	55	35	20	0	0	0	0
AF	0	0.606496	66	42	24	0	0	0	0
AF	0	0.606808	67	45	22	0	0	0	0
AF	0	0.607121	47	30	17	0	0	0	0
AF	0	0.607433	73	50	23	0	0	0	0
AF	0	0.607745	50	33	17	0	0	0	0
AF	0	0.608057	88	65	23	0	0	0	0
AF	0	0.608370	90	66	24	0	0	0	0
AF	0	0.608682	84	52	32	0	0	0	0
AF	0	0.608994	59	35	24	0	0	0	0
AF	0	0.609307	94	59	35	0	0	0	0
AF	0	0.609619	84	66	18	0	0	0	0
AF	0	0.609931	73	49	24	0	0	0	0
AF	0	0.610244	58	35	23	0	0	0	0
AF	0	0.610556	70	51	19	0	0	0	0
AF	0	0.610868	62	44	18	0	0	0	0
AF	0	0.611181	64	43	21	0	0	0	0
AF	0	0.611493	38	29	9	0	0	0	0
AF	0	0.611805	68	44	24	0	0	0	0
AF	0	0.612117	64	50	14	0	0	0	0
AF	0	0.612430	83	43	40	0	0	0	0
AF	0	0.612742	41	23	18	0	0	0	0
AF	0	0.613054	56	36	20	0	0	0	0
AF	0	0.613367	81	58	23	0	0	0	0
AF	0	0.613679	77	52	25	0	0	0	0
AF	0	0.613991	66	40	26	0	0	0	0
AF	0	0.614304	61	36	25	0	0	0	0
AF	0	0.614616	71	53	18	0	0	0	0
AF	0	0.614928	66	42	24	0	0	0	0
AF	0	0.615240	72	52	20	0	0	0	0
AF	0	0.615553	81	51	30	0	0	0	0
AF	0	0.615865	71	55	16	0	0	0	0
AF	0	0.616177	52	35	17	0	0	0	0
AF	0	0.616490	70	45	25	0	0	0	0
AF	0	0.616802	108	77	31	0	0	0	0
AF	0	0.617114	53	31	22	0	0	0	0
AF	0	0.617427	52	34	18	0	0	0	0
AF	0	0.617739	61	42	19	0	0	0	0
AF	0	0.618051	75	50	25	0	0	0	0
AF	0	0.618364	55	37	18	0	0	0	0
AF	0	0.618676	53	36	17	0	0	0	0
AF	0	0.618988	54	36	18	0	0	0	0
AF	0	0.619300	44	30	14	0	0	0	0
AF	0	0.619613	53	41	12	0	0	0	0
AF	0	0.619925	65	44	21	0	0	0	0
AF	0	0.620237	43	31	12	0	0	0	0
AF	0	0.620550	52	36	16	0	0	0	0
AF	0	0.620862	66	47	19	0	0	0	0
AF	0	0.621174	59	39	20	0	0	0	0
AF	0	0.621487	54	40	14	0	0	0	0
AF	0	0.621799	55	40	15	0	0	0	0
AF	0	0.622111	61	46	15	0	0	0	0
AF	0	0.622423	36	25	11	0	0	0	0
AF	0	0.622736	52	31	21	0	0	0	0
AF	0	0.623048	47	33	14	0	0	0	0
AF	0	0.623360	62	45	17	0	0	0	0
AF	0	0.623673	58	38	20	0	0	0	0
AF	0	0.623985	49	32	17	0	0	0	0
AF	0	0.624297	57	40	17	0	0	0	0
AF	0	0.624610	68	43	25	0	0	0	0
AF	0	0.624922	62	35	27	0	0	0	0
AF	0	0.625234	37	26	11	0	0	0	0
AF	0	0.625547	59	47	12	0	0	0	0
AF	0	0.625859	70	43	27	0	0	0	0
AF	0	0.626171	83	52	31	0	0	0	0
AF	0	0.626483	52	39	13	0	0	0	0
AF	0	0.626796	39	29	10	0	0	0	0
AF	0	0.627108	79	45	34	0	0	0	0
AF	0	0.627420	76	59	17	0	0	0	0
AF	0	0.627733	60	45	15	0	0	0	0
AF	0	0.628045	59	42	17	0	0	0	0
AF	0	0.628357	59	39	20	0	0	0	0
AF	0	0.628670	47	37	10	0	0	0	0
AF	0	0.628982	50	34	16	0	0	0	0
AF	0	0.629294	59	31	28	0	0	0	0
AF	0	0.629606	42	21	21	0	0	0	0
AF	0	0.629919	58	40	18	0	0	0	0
AF	0	0.630231	59	42	17	0	0	0	0
AF	0	0.630543	55	38	17	0	0	0	0
AF	0	0.630856	57	33	24	0	0	0	0
AF	0	0.631168	55	39	16	0	0	0	0
AF	0	0.631480	53	35	18	0	0	0	0
AF	0	0.631793	69	49	20	0	0	0	0
AF	0	0.632105	68	47	21	0	0	0	0
AF	0	0.632417	66	39	27	0	0	0	0
AF	0	0.632730	56	35	21	0	0	0	0
AF	0	0.633042	59	36	23	0	0	0	0
AF	0	0.633354	61	36	25	0	0	0	0
AF	0	0.633666	66	44	22	0	0	0	0
AF	0	0.633979	88	68	20	0	0	0	0
AF	0	0.634291	74	48	26	0	0	0	0
AF	0	0.634603	79	60	19	0	0	0	0
AF	0	0.634916	48	35	13	0	0	0	0
AF	0	0.635228	55	39	16	0	0	0	0
AF	0	0.635540	53	35	18	0	0	0	0
AF	0	0.635853	59	39	20	0	0	0	0
AF	0	0.636165	53	38	15	0	0	0	0
AF	0	0.636477	46	36	10	0	0	0	0
AF	0	0.636790	46	34	12	0	0	0	0
AF	0	0.637102	65	40	25	0	0	0	0
AF	0	0.637414	51	35	16	0	0	0	0
AF	0	0.637726	74	49	25	0	0	0	0
AF	0	0.638039	55	34	21	0	0	0	0
AF	0	0.638351	78	51	27	0	0	0	0
AF	0	0.638663	69	39	30	0	0	0	0
AF	0	0.638976	69	51	18	0	0	0	0
AF	0	0.639288	48	27	21	0	0	0	0
AF	0	0.639600	59	39	20	0	0	0	0
AF	0	0.639913	48	31	17	0	0	0	0
AF	0	0.640225	64	47	17	0	0	0	0
AF	0	0.640537	55	35	20	0	0	0	0
AF	0	0.640849	62	39	23	0	0	0	0
AF	0	0.641162	48	33	15	0	0	0	0
AF	0	0.641474	46	32	14	0	0	0	0
AF	0	0.641786	50	31	19	0	0	0	0
AF	0	0.642099	55	38	17	0	0	0	0
AF	0	0.642411	67	46	21	0	0	0	0
AF	0	0.642723	64	45	19	0	0	0	0
AF	0	0.643036	64	41	23	0	0	0	0
AF	0	0.643348	85	58	27	0	0	0	0
AF	0	0.643660	67	45	22	0	0	0	0
AF	0	0.643973	80	53	27	0	0	0	0
AF	0	0.644285	61	42	19	0	0	0	0
AF	0	0.644597	56	36	20	0	0	0	0
AF	0	0.644909	76	47	29	0	0	0	0
AF	0	0.645222	72	50	22	0	0	0	0
AF	0	0.645534	56	36	20	0	0	0	0
AF	0	0.645846	80	55	25	0	0	0	0
AF	0	0.646159	90	59	31	0	0	0	0
AF	0	0.646471	51	40	11	0	0	0	0
AF	0	0.646783	66	44	22	0	0	0	0
AF	0	0.647096	41	25	16	0	0	0	0
AF	0	0.647408	52	37	15	0	0	0	0
AF	0	0.647720	56	36	20	0	0	0	0
AF	0	0.648032	48	33	15	0	0	0	0
AF	0	0.648345	51	34	17	0	0	0	0
AF	0	0.648657	49	28	21	0	0	0	0
AF	0	0.648969	43	33	10	0	0	0	0
AF	0	0.649282	40	29	11	0	0	0	0
AF	0	0.649594	40	30	10	0	0	0	0
AF	0	0.649906	59	37	22	0	0	0	0
AF	0	0.650219	62	43	19	0	0	0	0
AF	0	0.650531	54	34	20	0	0	0	0
AF	0	0.650843	69	43	26	0	0	0	0
AF	0	0.651156	68	48	20	0	0	0	0
AF	0	0.651468	57	41	16	0	0	0	0
AF	0	0.651780	48	30	18	0	0	0	0
AF	0	0.652092	63	47	16	0	0	0	0
AF	0	0.652405	83	51	32	0	0	0	0
AF	0	0.652717	48	34	14	0	0	0	0
AF	0	0.653029	75	41	34	0	0	0	0
AF	0	0.653342	65	39	26	0	0	0	0
AF	0	0.653654	57	36	21	0	0	0	0
AF	0	0.653966	45	31	14	0	0	0	0
AF	0	0.654279	49	33	16	0	0	0	0
AF	0	0.654591	52	37	15	0	0	0	0
AF	0	0.654903	74	48	26	0	0	0	0
AF	0	0.655215	51	32	19	0	0	0	0
AF	0	0.655528	73	48	25	0	0	0	0
AF	0	0.655840	62	41	21	0	0	0	0
AF	0	0.656152	76	40	36	0	0	0	0
AF	0	0.656465	89	57	32	0	0	0	0
AF	0	0.656777	47	27	20	0	0	0	0
AF	0	0.657089	82	51	31	0	0	0	0
AF	0	0.657402	64	47	17	0	0	0	0
AF	0	0.657714	72	59	13	0	0	0	0
AF	0	0.658026	61	40	21	0	0	0	0
AF	0	0.658339	59	44	15	0	0	0	0
AF	0	0.658651	63	46	17	0	0	0	0
AF	0	0.658963	45	27	18	0	0	0	0
AF	0	0.659275	55	34	21	0	0	0	0
AF	0	0.659588	51	37	14	0	0	0	0
AF	0	0.659900	51	35	16	0	0	0	0
AF	0	0.660212	59	38	21	0	0	0	0
AF	0	0.660525	55	37	18	0	0	0	0
AF	0	0.660837	61	41	20	0	0	0	0
AF	0	0.661149	48	31	17	0	0	0	0
AF	0	0.661462	67	42	25	0	0	0	0
AF	0	0.661774	63	38	25	0	0	0	0
AF	0	0.662086	92	69	23	0	0	0	0
AF	0	0.662399	58	34	24	0	0	0	0
AF	0	0.662711	46	27	19	0	0	0	0
AF	0	0.663023	58	32	26	0	0	0	0
AF	0	0.663335	45	31	14	0	0	0	0
AF	0	0.663648	62	40	22	0	0	0	0
AF	0	0.663960	49	31	18	0	0	0	0
AF	0	0.664272	79	64	15	0	0	0	0
AF	0	0.664585	88	53	35	0	0	0	0
AF	0	0.664897	50	30	20	0	0	0	0
AF	0	0.665209	50	37	13	0	0	0	0
AF	0	0.665522	64	43	21	0	0	0	0
AF	0	0.665834	65	42	23	0	0	0	0
AF	0	0.666146	94	63	31	0	0	0	0
AF	0	0.666458	68	50	18	0	0	0	0
AF	0	0.666771	46	30	16	0	0	0	0
AF	0	0.667083	53	37	16	0	0	0	0
AF	0	0.667395	49	33	16	0	0	0	0
AF	0	0.667708	54	41	13	0	0	0	0
AF	0	0.668020	56	44	12	0	0	0	0
AF	0	0.668332	63	40	23	0	0	0	0
AF	0	0.668645	51	36	15	0	0	0	0
AF	0	0.668957	64	43	21	0	0	0	0
AF	0	0.669269	57	41	16	0	0	0	0
AF	0	0.669582	51	36	15	0	0	0	0
AF	0	0.669894	47	28	19	0	0	0	0
AF	0	0.670206	41	25	16	0	0	0	0
AF	0	0.670518	68	42	26	0	0	0	0
AF	0	0.670831	72	47	25	0	0	0	0
AF	0	0.671143	92	65	27	0	0	0	0
AF	0	0.671455	78	54	24	0	0	0	0
AF	0	0.671768	75	52	23	0	0	0	0
AF	0	0.672080	57	42	15	0	0	0	0
AF	0	0.672392	74	53	21	0	0	0	0
AF	0	0.672705	57	40	17	0	0	0	0
AF	0	0.673017	54	38	16	0	0	0	0
AF	0	0.673329	62	42	20	0	0	0	0
AF	0	0.673641	50	34	16	0	0	0	0
AF	0	0.673954	51	37	14	0	0	0	0
AF	0	0.674266	51	36	15	0	0	0	0
AF	0	0.674578	52	32	20	0	0	0	0
AF	0	0.674891	74	47	27	0	0	0	0
AF	0	0.675203	54	37	17	0	0	0	0
AF	0	0.675515	62	40	22	0	0	0	0
AF	0	0.675828	49	28	21	0	0	0	0
AF	0	0.676140	55	40	15	0	0	0	0
AF	0	0.676452	62	41	21	0	0	0	0
AF	0	0.676765	50	30	20	0	0	0	0
AF	0	0.677077	47	33	14	0	0	0	0
AF	0	0.677389	60	37	23	0	0	0	0
AF	0	0.677701	65	44	21	0	0	0	0
AF	0	0.678014	45	29	16	0	0	0	0
AF	0	0.678326	53	33	20	0	0	0	0
AF	0	0.678638	55	34	21	0	0	0	0
AF	0	0.678951	69	54	15	0	0	0	0
AF	0	0.679263	69	48	21	0	0	0	0
AF	0	0.679575	79	58	21	0	0	0	0
AF	0	0.679888	76	58	18	0	0	0	0
AF	0	0.680200	71	43	28	0	0	0	0
AF	0	0.680512	50	35	15	0	0	0	0
AF	0	0.680824	57	44	13	0	0	0	0
AF	0	0.681137	49	30	19	0	0	0	0
AF	0	0.681449	44	27	17	0	0	0	0
AF	0	0.681761	59	35	24	0	0	0	0
AF	0	0.682074	57	39	18	0	0	0	0
AF	0	0.682386	54	35	19	0	0	0	0
AF	0	0.682698	59	31	28	0	0	0	0
AF	0	0.683011	53	37	16	0	0	0	0
AF	0	0.683323	46	28	18	0	0	0	0
AF	0	0.683635	39	28	11	0	0	0	0
AF	0	0.683948	63	43	20	0	0	0	0
AF	0	0.684260	49	35	14	0	0	0	0
AF	0	0.684572	46	36	10	0	0	0	0
AF	0	0.684884	108	73	35	0	0	0	0
AF	0	0.685197	51	34	17	0	0	0	0
AF	0	0.685509	56	36	20	0	0	0	0
AF	0	0.685821	64	44	20	0	0	0	0
AF	0	0.686134	58	33	25	0	0	0	0
AF	0	0.686446	57	41	16	0	0	0	0
AF	0	0.686758	53	40	13	0	0	0	0
AF	0	0.687071	43	27	16	0	0	0	0
AF	0	0.687383	68	42	26	0	0	0	0
AF	0	0.687695	78	56	22	0	0	0	0
AF	0	0.688007	65	48	17	0	0	0	0
AF	0	0.688320	61	44	17	0	0	0	0
AF	0	0.688632	62	42	20	0	0	0	0
AF	0	0.688944	65	41	24	0	0	0	0
AF	0	0.689257	77	48	29	0	0	0	0
AF	0	0.689569	80	60	20	0	0	0	0
AF	0	0.689881	64	46	18	0	0	0	0
AF	0	0.690194	52	28	24	0	0	0	0
AF	0	0.690506	42	26	16	0	0	0	0
AF	0	0.690818	52	40	12	0	0	0	0
AF	0	0.691131	38	24	14	0	0	0	0
AF	0	0.691443	55	36	19	0	0	0	0
AF	0	0.691755	51	33	18	0	0	0	0
AF	0	0.692067	52	34	18	0	0	0	0
AF	0	0.692380	35	22	13	0	0	0	0
AF	0	0.692692	42	29	13	0	0	0	0
AF	0	0.693004	51	34	17	0	0	0	0
AF	0	0.693317	42	29	13	0	0	0	0
AF	0	0.693629	57	32	25	0	0	0	0
AF	0	0.693941	58	42	16	0	0	0	0
AF	0	0.694254	67	48	19	0	0	0	0
AF	0	0.694566	57	35	22	0	0	0	0
AF	0	0.694878	45	27	18	0	0	0	0
AF	0	0.695191	54	32	22	0	0	0	0
AF	0	0.695503	51	39	12	0	0	0	0
AF	0	0.695815	62	48	14	0	0	0	0
AF	0	0.696127	81	52	29	0	0	0	0
AF	0	0.696440	88	60	28	0	0	0	0
AF	0	0.696752	73	46	27	0	0	0	0
AF	0	0.697064	87	53	34	0	0	0	0
AF	0	0.697377	49	29	20	0	0	0	0
AF	0	0.697689	55	30	25	0	0	0	0
AF	0	0.698001	77	54	23	0	0	0	0
AF	0	0.698314	57	38	19	0	0	0	0
AF	0	0.698626	107	74	33	0	0	0	0
AF	0	0.698938	90	61	29	0	0	0	0
AF	0	0.699250	69	43	26	0	0	0	0
AF	0	0.699563	100	68	32	0	0	0	0
AF	0	0.699875	56	41	15	0	0	0	0
AF	0	0.700187	53	45	8	0	0	0	0
AF	0	0.700500	45	31	14	0	0	0	0
AF	0	0.700812	52	36	16	0	0	0	0
AF	0	0.701124	60	33	27	0	0	0	0
AF	0	0.701437	94	61	33	0	0	0	0
AF	0	0.701749	54	34	20	0	0	0	0
AF	0	0.702061	62	44	18	0	0	0	0
AF	0	0.702374	60	40	20	0	0	0	0
AF	0	0.702686	80	53	27	0	0	0	0
AF	0	0.702998	81	53	28	0	0	0	0
AF	0	0.703310	47	31	16	0	0	0	0
AF	0	0.703623	40	28	12	0	0	0	0
AF	0	0.703935	46	27	19	0	0	0	0
AF	0	0.704247	73	52	21	0	0	0	0
AF	0	0.704560	48	31	17	0	0	0	0
AF	0	0.704872	61	43	18	0	0	0	0
AF	0	0.705184	45	28	17	0	0	0	0
AF	0	0.705497	35	20	15	0	0	0	0
AF	0	0.705809	53	36	17	0	0	0	0
AF	0	0.706121	46	31	15	0	0	0	0
AF	0	0.706433	47	31	16	0	0	0	0
AF	0	0.706746	42	32	10	0	0	0	0
AF	0	0.707058	54	35	19	0	0	0	0
AF	0	0.707370	54	40	14	0	0	0	0
AF	0	0.707683	54	37	17	0	0	0	0
AF	0	0.707995	60	38	22	0	0	0	0
AF	0	0.708307	79	56	23	0	0	0	0
AF	0	0.708620	59	38	21	0	0	0	0
AF	0	0.708932	69	44	25	0	0	0	0
AF	0	0.709244	42	25	17	0	0	0	0
AF	0	0.709557	54	38	16	0	0	0	0
AF	0	0.709869	48	32	16	0	0	0	0
AF	0	0.710181	54	35	19	0	0	0	0
AF	0	0.710493	67	46	21	0	0	0	0
AF	0	0.710806	58	39	19	0	0	0	0
AF	0	0.711118	51	36	15	0	0	0	0
AF	0	0.711430	78	51	27	0	0	0	0
AF	0	0.711743	83	53	30	0	0	0	0
AF	0	0.712055	61	40	21	0	0	0	0
AF	0	0.712367	80	49	31	0	0	0	0
AF	0	0.712680	74	50	24	0	0	0	0
AF	0	0.712992	81	54	27	0	0	0	0
AF	0	0.713304	67	51	16	0	0	0	0
AF	0	0.713616	59	38	21	0	0	0	0
AF	0	0.713929	66	53	13	0	0	0	0
AF	0	0.714241	119	76	43	0	0	0	0
AF	0	0.714553	47	28	19	0	0	0	0
AF	0	0.714866	49	36	13	0	0	0	0
AF	0	0.715178	42	27	15	0	0	0	0
AF	0	0.715490	61	47	14	0	0	0	0
AF	0	0.715803	69	51	18	0	0	0	0
AF	0	0.716115	53	42	11	0	0	0	0
AF	0	0.716427	58	41	17	0	0	0	0
AF	0	0.716740	45	37	8	0	0	0	0
AF	0	0.717052	46	30	16	0	0	0	0
AF	0	0.717364	53	40	13	0	0	0	0
AF	0	0.717676	52	39	13	0	0	0	0
AF	0	0.717989	60	40	20	0	0	0	0
AF	0	0.718301	84	52	32	0	0	0	0
AF	0	0.718613	42	28	14	0	0	0	0
AF	0	0.718926	59	37	22	0	0	0	0
AF	0	0.719238	68	48	20	0	0	0	0
AF	0	0.719550	63	40	23	0	0	0	0
AF	0	0.719863	46	33	13	0	0	0	0
AF	0	0.720175	100	70	30	0	0	0	0
AF	0	0.720487	72	53	19	0	0	0	0
AF	0	0.720800	55	39	16	0	0	0	0
AF	0	0.721112	58	42	16	0	0	0	0
AF	0	0.721424	51	30	21	0	0	0	0
AF	0	0.721736	53	36	17	0	0	0	0
AF	0	0.722049	50	30	20	0	0	0	0
AF	0	0.722361	70	47	23	0	0	0	0
AF	0	0.722673	45	21	24	0	0	0	0
AF	0	0.722986	55	34	21	0	0	0	0
AF	0	0.723298	71	43	28	0	0	0	0
AF	0	0.723610	58	42	16	0	0	0	0
AF	0	0.723923	58	43	15	0	0	0	0
AF	0	0.724235	58	37	21	0	0	0	0
AF	0	0.724547	53	34	19	0	0	0	0
AF	0	0.724859	48	32	16	0	0	0	0
AF	0	0.725172	34	25	9	0	0	0	0
AF	0	0.725484	34	18	16	0	0	0	0
AF	0	0.725796	69	37	32	0	0	0	0
AF	0	0.726109	45	35	10	0	0	0	0
AF	0	0.726421	42	27	15	0	0	0	0
AF	0	0.726733	46	30	16	0	0	0	0
AF	0	0.727046	66	50	16	0	0	0	0
AF	0	0.727358	44	34	10	0	0	0	0
AF	0	0.727670	35	24	11	0	0	0	0
AF	0	0.727983	49	33	16	0	0	0	0
AF	0	0.728295	52	32	20	0	0	0	0
AF	0	0.728607	63	41	22	0	0	0	0
AF	0	0.728919	39	25	14	0	0	0	0
AF	0	0.729232	52	32	20	0	0	0	0
AF	0	0.729544	61	37	24	0	0	0	0
AF	0	0.729856	55	43	12	0	0	0	0
AF	0	0.730169	65	49	16	0	0	0	0
AF	0	0.730481	40	22	18	0	0	0	0
AF	0	0.730793	35	26	9	0	0	0	0
AF	0	0.731106	31	21	10	0	0	0	0
AF	0	0.731418	33	19	14	0	0	0	0
AF	0	0.731730	47	34	13	0	0	0	0
AF	0	0.732042	52	38	14	0	0	0	0
AF	0	0.732355	70	43	27	0	0	0	0
AF	0	0.732667	48	30	18	0	0	0	0
AF	0	0.732979	54	35	19	0	0	0	0
AF	0	0.733292	56	32	24	0	0	0	0
AF	0	0.733604	58	40	18	0	0	0	0
AF	0	0.733916	45	34	11	0	0	0	0
AF	0	0.734229	38	27	11	0	0	0	0
AF	0	0.734541	55	36	19	0	0	0	0
AF	0	0.734853	38	29	9	0	0	0	0
AF	0	0.735166	48	35	13	0	0	0	0
AF	0	0.735478	57	36	21	0	0	0	0
AF	0	0.735790	53	45	8	0	0	0	0
AF	0	0.736102	64	41	23	0	0	0	0
AF	0	0.736415	49	32	17	0	0	0	0
AF	0	0.736727	40	27	13	0	0	0	0
AF	0	0.737039	43	26	17	0	0	0	0
AF	0	0.737352	35	23	12	0	0	0	0
AF	0	0.737664	32	20	12	0	0	0	0
AF	0	0.737976	41	31	10	0	0	0	0
AF	0	0.738289	55	41	14	0	0	0	0
AF	0	0.738601	36	24	12	0	0	0	0
AF	0	0.738913	55	41	14	0	0	0	0
AF	0	0.739225	48	35	13	0	0	0	0
AF	0	0.739538	49	36	13	0	0	0	0
AF	0	0.739850	34	22	12	0	0	0	0
AF	0	0.740162	56	42	14	0	0	0	0
AF	0	0.740475	36	28	8	0	0	0	0
AF	0	0.740787	48	36	12	0	0	0	0
AF	0	0.741099	66	51	15	0	0	0	0
AF	0	0.741412	55	43	12	0	0	0	0
AF	0	0.741724	56	39	17	0	0	0	0
AF	0	0.742036	52	34	18	0	0	0	0
AF	0	0.742349	55	39	16	0	0	0	0
AF	0	0.742661	51	36	15	0	0	0	0
AF	0	0.742973	57	36	21	0	0	0	0
AF	0	0.743285	76	49	27	0	0	0	0
AF	0	0.743598	71	42	29	0	0	0	0
AF	0	0.743910	61	45	16	0	0	0	0
AF	0	0.744222	49	32	17	0	0	0	0
AF	0	0.744535	57	39	18	0	0	0	0
AF	0	0.744847	49	29	20	0	0	0	0
AF	0	0.745159	66	44	22	0	0	0	0
AF	0	0.745472	50	35	15	0	0	0	0
AF	0	0.745784	59	40	19	0	0	0	0
AF	0	0.746096	57	38	19	0	0	0	0
AF	0	0.746408	44	27	17	0	0	0	0
AF	0	0.746721	47	31	16	0	0	0	0
AF	0	0.747033	37	22	15	0	0	0	0
AF	0	0.747345	67	47	20	0	0	0	0
AF	0	0.747658	47	30	17	0	0	0	0
AF	0	0.747970	49	34	15	0	0	0	0
AF	0	0.748282	42	24	18	0	0	0	0
AF	0	0.748595	45	27	18	0	0	0	0
AF	0	0.748907	37	29	8	0	0	0	0
AF	0	0.749219	47	34	13	0	0	0	0
AF	0	0.749532	40	26	14	0	0	0	0
AF	0	0.749844	53	34	19	0	0	0	0
AF	0	0.750156	85	58	27	0	0	0	0
AF	0	0.750468	43	22	21	0	0	0	0
AF	0	0.750781	38	25	13	0	0	0	0
AF	0	0.751093	54	36	18	0	0	0	0
AF	0	0.751405	49	30	19	0	0	0	0
AF	0	0.751718	43	31	12	0	0	0	0
AF	0	0.752030	56	42	14	0	0	0	0
AF	0	0.752342	44	31	13	0	0	0	0
AF	0	0.752655	42	28	14	0	0	0	0
AF	0	0.752967	42	30	12	0	0	0	0
AF	0	0.753279	47	30	17	0	0	0	0
AF	0	0.753592	68	51	17	0	0	0	0
AF	0	0.753904	53	32	21	0	0	0	0
AF	0	0.754216	51	36	15	0	0	0	0
AF	0	0.754528	58	45	13	0	0	0	0
AF	0	0.754841	48	33	15	0	0	0	0
AF	0	0.755153	98	62	36	0	0	0	0
AF	0	0.755465	46	35	11	0	0	0	0
AF	0	0.755778	52	37	15	0	0	0	0
AF	0	0.756090	49	40	9	0	0	0	0
AF	0	0.756402	57	40	17	0	0	0	0
AF	0	0.756715	48	31	17	0	0	0	0
AF	0	0.757027	63	50	13	0	0	0	0
AF	0	0.757339	61	48	13	0	0	0	0
AF	0	0.757651	63	38	25	0	0	0	0
AF	0	0.757964	56	36	20	0	0	0	0
AF	0	0.758276	37	26	11	0	0	0	0
AF	0	0.758588	35	28	7	0	0	0	0
AF	0	0.758901	53	32	21	0	0	0	0
AF	0	0.759213	43	30	13	0	0	0	0
AF	0	0.759525	40	26	14	0	0	0	0
AF	0	0.759838	44	31	13	0	0	0	0
AF	0	0.760150	37	27	10	0	0	0	0
AF	0	0.760462	51	40	11	0	0	0	0
AF	0	0.760775	44	26	18	0	0	0	0
AF	0	0.761087	39	28	11	0	0	0	0
AF	0	0.761399	45	33	12	0	0	0	0
AF	0	0.761711	70	54	16	0	0	0	0
AF	0	0.762024	39	22	17	0	0	0	0
AF	0	0.762336	46	28	18	0	0	0	0
AF	0	0.762648	58	38	20	0	0	0	0
AF	0	0.762961	50	29	21	0	0	0	0
AF	0	0.763273	60	42	18	0	0	0	0
AF	0	0.763585	61	37	24	0	0	0	0
AF	0	0.763898	37	27	10	0	0	0	0
AF	0	0.764210	58	45	13	0	0	0	0
AF	0	0.764522	34	22	12	0	0	0	0
AF	0	0.764834	38	27	11	0	0	0	0
AF	0	0.765147	48	33	15	0	0	0	0
AF	0	0.765459	55	45	10	0	0	0	0
AF	0	0.765771	51	37	14	0	0	0	0
AF	0	0.766084	44	25	19	0	0	0	0
AF	0	0.766396	54	40	14	0	0	0	0
AF	0	0.766708	46	33	13	0	0	0	0
AF	0	0.767021	38	28	10	0	0	0	0
AF	0	0.767333	50	34	16	0	0	0	0
AF	0	0.767645	43	28	15	0	0	0	0
AF	0	0.767958	65	37	28	0	0	0	0
AF	0	0.768270	50	33	17	0	0	0	0
AF	0	0.768582	62	41	21	0	0	0	0
AF	0	0.768894	37	32	5	0	0	0	0
AF	0	0.769207	42	26	16	0	0	0	0
AF	0	0.769519	37	26	11	0	0	0	0
AF	0	0.769831	48	26	22	0	0	0	0
AF	0	0.770144	35	20	15	0	0	0	0
AF	0	0.770456	42	30	12	0	0	0	0
AF	0	0.770768	45	30	15	0	0	0	0
AF	0	0.771081	36	25	11	0	0	0	0
AF	0	0.771393	50	32	18	0	0	0	0
AF	0	0.771705	45	31	14	0	0	0	0
AF	0	0.772017	47	41	6	0	0	0	0
AF	0	0.772330	46	30	16	0	0	0	0
AF	0	0.772642	69	48	21	0	0	0	0
AF	0	0.772954	49	37	12	0	0	0	0
AF	0	0.773267	47	31	16	0	0	0	0
AF	0	0.773579	41	22	19	0	0	0	0
AF	0	0.773891	40	30	10	0	0	0	0
AF	0	0.774204	44	29	15	0	0	0	0
AF	0	0.774516	54	32	22	0	0	0	0
AF	0	0.774828	76	50	26	0	0	0	0
AF	0	0.775141	72	48	24	0	0	0	0
AF	0	0.775453	65	45	20	0	0	0	0
AF	0	0.775765	74	54	20	0	0	0	0
AF	0	0.776077	41	28	13	0	0	0	0
AF	0	0.776390	62	31	31	0	0	0	0
AF	0	0.776702	39	23	16	0	0	0	0
AF	0	0.777014	51	39	12	0	0	0	0
AF	0	0.777327	37	22	15	0	0	0	0
AF	0	0.777639	33	20	13	0	0	0	0
AF	0	0.777951	54	43	11	0	0	0	0
AF	0	0.778264	43	33	10	0	0	0	0
AF	0	0.778576	61	39	22	0	0	0	0
AF	0	0.778888	42	29	13	0	0	0	0
AF	0	0.779200	40	25	15	0	0	0	0
AF	0	0.779513	66	49	17	0	0	0	0
AF	0	0.779825	61	39	22	0	0	0	0
AF	0	0.780137	41	31	10	0	0	0	0
AF	0	0.780450	42	28	14	0	0	0	0
AF	0	0.780762	58	36	22	0	0	0	0
AF	0	0.781074	46	23	23	0	0	0	0
AF	0	0.781387	60	43	17	0	0	0	0
AF	0	0.781699	57	35	22	0	0	0	0
AF	0	0.782011	60	39	21	0	0	0	0
AF	0	0.782324	56	40	16	0	0	0	0
AF	0	0.782636	48	29	19	0	0	0	0
AF	0	0.782948	46	31	15	0	0	0	0
AF	0	0.783260	58	40	18	0	0	0	0
AF	0	0.783573	63	34	29	0	0	0	0
AF	0	0.783885	56	39	17	0	0	0	0
AF	0	0.784197	54	36	18	0	0	0	0
AF	0	0.784510	39	27	12	0	0	0	0
AF	0	0.784822	41	23	18	0	0	0	0
AF	0	0.785134	43	31	12	0	0	0	0
AF	0	0.785447	48	29	19	0	0	0	0
AF	0	0.785759	45	28	17	0	0	0	0
AF	0	0.786071	39	24	15	0	0	0	0
AF	0	0.786384	40	32	8	0	0	0	0
AF	0	0.786696	42	27	15	0	0	0	0
AF	0	0.787008	35	23	12	0	0	0	0
AF	0	0.787320	46	29	17	0	0	0	0
AF	0	0.787633	48	29	19	0	0	0	0
AF	0	0.787945	46	35	11	0	0	0	0
AF	0	0.788257	45	28	17	0	0	0	0
AF	0	0.788570	48	33	15	0	0	0	0
AF	0	0.788882	51	39	12	0	0	0	0
AF	0	0.789194	35	20	15	0	0	0	0
AF	0	0.789507	33	20	13	0	0	0	0
AF	0	0.789819	38	27	11	0	0	0	0
AF	0	0.790131	46	28	18	0	0	0	0
AF	0	0.790443	55	37	18	0	0	0	0
AF	0	0.790756	45	34	11	0	0	0	0
AF	0	0.791068	48	31	17	0	0	0	0
AF	0	0.791380	55	41	14	0	0	0	0
AF	0	0.791693	42	34	8	0	0	0	0
AF	0	0.792005	43	23	20	0	0	0	0
AF	0	0.792317	56	39	17	0	0	0	0
AF	0	0.792630	55	31	24	0	0	0	0
AF	0	0.792942	60	42	18	0	0	0	0
AF	0	0.793254	58	38	20	0	0	0	0
AF	0	0.793567	54	37	17	0	0	0	0
AF	0	0.793879	54	41	13	0	0	0	0
AF	0	0.794191	84	61	23	0	0	0	0
AF	0	0.794503	61	44	17	0	0	0	0
AF	0	0.794816	54	41	13	0	0	0	0
AF	0	0.795128	51	26	25	0	0	0	0
AF	0	0.795440	53	40	13	0	0	0	0
AF	0	0.795753	42	26	16	0	0	0	0
AF	0	0.796065	59	37	22	0	0	0	0
AF	0	0.796377	62	37	25	0	0	0	0
AF	0	0.796690	45	31	14	0	0	0	0
AF	0	0.797002	35	24	11	0	0	0	0
AF	0	0.797314	39	32	7	0	0	0	0
AF	0	0.797626	51	38	13	0	0	0	0
AF	0	0.797939	44	30	14	0	0	0	0
AF	0	0.798251	54	38	16	0	0	0	0
AF	0	0.798563	64	52	12	0	0	0	0
AF	0	0.798876	65	52	13	0	0	0	0
AF	0	0.799188	31	23	8	0	0	0	0
AF	0	0.799500	41	28	13	0	0	0	0
AF	0	0.799813	41	29	12	0	0	0	0
AF	0	0.800125	30	16	14	0	0	0	0
AF	0	0.800437	46	32	14	0	0	0	0
AF	0	0.800750	41	28	13	0	0	0	0
AF	0	0.801062	61	40	21	0	0	0	0
AF	0	0.801374	41	25	16	0	0	0	0
AF	0	0.801686	49	30	19	0	0	0	0
AF	0	0.801999	35	26	9	0	0	0	0
AF	0	0.802311	40	28	12	0	0	0	0
AF	0	0.802623	51	31	20	0	0	0	0
AF	0	0.802936	44	26	18	0	0	0	0
AF	0	0.803248	53	37	16	0	0	0	0
AF	0	0.803560	34	19	15	0	0	0	0
AF	0	0.803873	38	27	11	0	0	0	0
AF	0	0.804185	40	29	11	0	0	0	0
AF	0	0.804497	52	30	22	0	0	0	0
AF	0	0.804809	50	27	23	0	0	0	0
AF	0	0.805122	52	32	20	0	0	0	0
AF	0	0.805434	42	29	13	0	0	0	0
AF	0	0.805746	33	22	11	0	0	0	0
AF	0	0.806059	35	15	20	0	0	0	0
AF	0	0.806371	60	40	20	0	0	0	0
AF	0	0.806683	19	14	5	0	0	0	0
AF	0	0.806996	45	27	18	0	0	0	0
AF	0	0.807308	65	41	24	0	0	0	0
AF	0	0.807620	42	32	10	0	0	0	0
AF	0	0.807933	51	33	18	0	0	0	0
AF	0	0.808245	47	30	17	0	0	0	0
AF	0	0.808557	32	21	11	0	0	0	0
AF	0	0.808869	77	47	30	0	0	0	0
AF	0	0.809182	63	38	25	0	0	0	0
AF	0	0.809494	36	23	13	0	0	0	0
AF	0	0.809806	43	25	18	0	0	0	0
AF	0	0.810119	44	33	11	0	0	0	0
AF	0	0.810431	38	24	14	0	0	0	0
AF	0	0.810743	53	28	25	0	0	0	0
AF	0	0.811056	33	21	12	0	0	0	0
AF	0	0.811368	42	26	16	0	0	0	0
AF	0	0.811680	41	30	11	0	0	0	0
AF	0	0.811993	43	30	13	0	0	0	0
AF	0	0.812305	39	26	13	0	0	0	0
AF	0	0.812617	34	28	6	0	0	0	0
AF	0	0.812929	37	28	9	0	0	0	0
AF	0	0.813242	43	33	10	0	0	0	0
AF	0	0.813554	47	36	11	0	0	0	0
AF	0	0.813866	41	26	15	0	0	0	0
AF	0	0.814179	37	25	12	0	0	0	0
AF	0	0.814491	26	18	8	0	0	0	0
AF	0	0.814803	42	30	12	0	0	0	0
AF	0	0.815116	83	56	27	0	0	0	0
AF	0	0.815428	47	34	13	0	0	0	0
AF	0	0.815740	46	33	13	0	0	0	0
AF	0	0.816052	44	25	19	0	0	0	0
AF	0	0.816365	51	34	17	0	0	0	0
AF	0	0.816677	44	26	18	0	0	0	0
AF	0	0.816989	39	31	8	0	0	0	0
AF	0	0.817302	40	21	19	0	0	0	0
AF	0	0.817614	47	30	17	0	0	0	0
AF	0	0.817926	37	27	10	0	0	0	0
AF	0	0.818239	29	19	10	0	0	0	0
AF	0	0.818551	43	28	15	0	0	0	0
AF	0	0.818863	44	28	16	0	0	0	0
AF	0	0.819176	45	33	12	0	0	0	0
AF	0	0.819488	37	27	10	0	0	0	0
AF	0	0.819800	52	30	22	0	0	0	0
AF	0	0.820112	90	56	34	0	0	0	0
AF	0	0.820425	57	40	17	0	0	0	0
AF	0	0.820737	35	21	14	0	0	0	0
AF	0	0.821049	35	22	13	0	0	0	0
AF	0	0.821362	49	37	12	0	0	0	0
AF	0	0.821674	37	24	13	0	0	0	0
AF	0	0.821986	70	51	19	0	0	0	0
AF	0	0.822299	47	37	10	0	0	0	0
AF	0	0.822611	35	23	12	0	0	0	0
AF	0	0.822923	50	34	16	0	0	0	0
AF	0	0.823235	36	24	12	0	0	0	0
AF	0	0.823548	37	24	13	0	0	0	0
AF	0	0.823860	43	30	13	0	0	0	0
AF	0	0.824172	67	46	21	0	0	0	0
AF	0	0.824485	39	22	17	0	0	0	0
AF	0	0.824797	41	28	13	0	0	0	0
AF	0	0.825109	43	26	17	0	0	0	0
AF	0	0.825422	38	23	15	0	0	0	0
AF	0	0.825734	44	28	16	0	0	0	0
AF	0	0.826046	50	35	15	0	0	0	0
AF	0	0.826359	69	49	20	0	0	0	0
AF	0	0.826671	48	29	19	0	0	0	0
AF	0	0.826983	73	54	19	0	0	0	0
AF	0	0.827295	37	20	17	0	0	0	0
AF	0	0.827608	39	23	16	0	0	0	0
AF	0	0.827920	44	26	18	0	0	0	0
AF	0	0.828232	64	44	20	0	0	0	0
AF	0	0.828545	64	44	20	0	0	0	0
AF	0	0.828857	102	60	42	0	0	0	0
AF	0	0.829169	42	26	16	0	0	0	0
AF	0	0.829482	83	58	25	0	0	0	0
AF	0	0.829794	47	33	14	0	0	0	0
AF	0	0.830106	38	22	16	0	0	0	0
AF	0	0.830418	64	41	23	0	0	0	0
AF	0	0.830731	41	32	9	0	0	0	0
AF	0	0.831043	38	22	16	0	0	0	0
AF	0	0.831355	31	23	8	0	0	0	0
AF	0	0.831668	40	26	14	0	0	0	0
AF	0	0.831980	33	21	12	0	0	0	0
AF	0	0.832292	25	17	8	0	0	0	0
AF	0	0.832605	38	23	15	0	0	0	0
AF	0	0.832917	45	30	15	0	0	0	0
AF	0	0.833229	51	34	17	0	0	0	0
AF	0	0.833542	56	39	17	0	0	0	0
AF	0	0.833854	117	77	40	0	0	0	0
AF	0	0.834166	49	35	14	0	0	0	0
AF	0	0.834478	47	40	7	0	0	0	0
AF	0	0.834791	38	24	14	0	0	0	0
AF	0	0.835103	31	29	2	0	0	0	0
AF	0	0.835415	58	35	23	0	0	0	0
AF	0	0.835728	60	35	25	0	0	0	0
AF	0	0.836040	50	32	18	0	0	0	0
AF	0	0.836352	83	57	26	0	0	0	0
AF	0	0.836665	54	42	12	0	0	0	0
AF	0	0.836977	91	66	25	0	0	0	0
AF	0	0.837289	51	38	13	0	0	0	0
AF	0	0.837601	39	24	15	0	0	0	0
AF	0	0.837914	30	21	9	0	0	0	0
AF	0	0.838226	30	17	13	0	0	0	0
AF	0	0.838538	30	22	8	0	0	0	0
AF	0	0.838851	45	32	13	0	0	0	0
AF	0	0.839163	48	37	11	0	0	0	0
AF	0	0.839475	44	32	12	0	0	0	0
AF	0	0.839788	40	30	10	0	0	0	0
AF	0	0.840100	28	16	12	0	0	0	0
AF	0	0.840412	36	23	13	0	0	0	0
AF	0	0.840725	32	19	13	0	0	0	0
AF	0	0.841037	31	22	9	0	0	0	0
AF	0	0.841349	56	36	20	0	0	0	0
AF	0	0.841661	35	24	11	0	0	0	0
AF	0	0.841974	31	22	9	0	0	0	0
AF	0	0.842286	43	29	14	0	0	0	0
AF	0	0.842598	26	17	9	0	0	0	0
AF	0	0.842911	25	16	9	0	0	0	0
AF	0	0.843223	38	20	18	0	0	0	0
AF	0	0.843535	51	33	18	0	0	0	0
AF	0	0.843848	89	65	24	0	0	0	0
AF	0	0.844160	80	50	30	0	0	0	0
AF	0	0.844472	31	21	10	0	0	0	0
AF	0	0.844785	32	22	10	0	0	0	0
AF	0	0.845097	22	13	9	0	0	0	0
AF	0	0.845409	47	36	11	0	0	0	0
AF	0	0.845721	40	27	13	0	0	0	0
AF	0	0.846034	43	29	14	0	0	0	0
AF	0	0.846346	39	28	11	0	0	0	0
AF	0	0.846658	31	21	10	0	0	0	0
AF	0	0.846971	43	29	14	0	0	0	0
AF	0	0.847283	32	23	9	0	0	0	0
AF	0	0.847595	39	27	12	0	0	0	0
AF	0	0.847908	37	21	16	0	0	0	0
AF	0	0.848220	54	31	23	0	0	0	0
AF	0	0.848532	59	39	20	0	0	0	0
AF	0	0.848844	37	27	10	0	0	0	0
AF	0	0.849157	41	29	12	0	0	0	0
AF	0	0.849469	31	19	12	0	0	0	0
AF	0	0.849781	27	17	10	0	0	0	0
AF	0	0.850094	27	16	11	0	0	0	0
AF	0	0.850406	33	23	10	0	0	0	0
AF	0	0.850718	41	22	19	0	0	0	0
AF	0	0.851031	51	35	16	0	0	0	0
AF	0	0.851343	38	21	17	0	0	0	0
AF	0	0.851655	36	20	16	0	0	0	0
AF	0	0.851968	38	25	13	0	0	0	0
AF	0	0.852280	39	23	16	0	0	0	0
AF	0	0.852592	49	33	16	0	0	0	0
AF	0	0.852904	52	37	15	0	0	0	0
AF	0	0.853217	35	21	14	0	0	0	0
AF	0	0.853529	39	24	15	0	0	0	0
AF	0	0.853841	45	32	13	0	0	0	0
AF	0	0.854154	35	22	13	0	0	0	0
AF	0	0.854466	39	20	19	0	0	0	0
AF	0	0.854778	33	23	10	0	0	0	0
AF	0	0.855091	34	21	13	0	0	0	0
AF	0	0.855403	34	22	12	0	0	0	0
AF	0	0.855715	36	21	15	0	0	0	0
AF	0	0.856027	31	19	12	0	0	0	0
AF	0	0.856340	34	29	5	0	0	0	0
AF	0	0.856652	34	21	13	0	0	0	0
AF	0	0.856964	28	23	5	0	0	0	0
AF	0	0.857277	64	42	22	0	0	0	0
AF	0	0.857589	28	22	6	0	0	0	0
AF	0	0.857901	36	21	15	0	0	0	0
AF	0	0.858214	43	31	12	0	0	0	0
AF	0	0.858526	38	26	12	0	0	0	0
AF	0	0.858838	35	23	12	0	0	0	0
AF	0	0.859151	35	23	12	0	0	0	0
AF	0	0.859463	43	32	11	0	0	0	0
AF	0	0.859775	36	25	11	0	0	0	0
AF	0	0.860087	67	46	21	0	0	0	0
AF	0	0.860400	39	25	14	0	0	0	0
AF	0	0.860712	53	33	20	0	0	0	0
AF	0	0.861024	43	27	16	0	0	0	0
AF	0	0.861337	33	21	12	0	0	0	0
AF	0	0.861649	44	31	13	0	0	0	0
AF	0	0.861961	41	25	16	0	0	0	0
AF	0	0.862274	32	23	9	0	0	0	0
AF	0	0.862586	34	28	6	0	0	0	0
AF	0	0.862898	36	24	12	0	0	0	0
AF	0	0.863210	47	36	11	0	0	0	0
AF	0	0.863523	31	19	12	0	0	0	0
AF	0	0.863835	58	43	15	0	0	0	0
AF	0	0.864147	36	26	10	0	0	0	0
AF	0	0.864460	28	20	8	0	0	0	0
AF	0	0.864772	39	28	11	0	0	0	0
AF	0	0.865084	26	17	9	0	0	0	0
AF	0	0.865397	38	22	16	0	0	0	0
AF	0	0.865709	40	26	14	0	0	0	0
AF	0	0.866021	29	15	14	0	0	0	0
AF	0	0.866334	28	19	9	0	0	0	0
AF	0	0.866646	31	18	13	0	0	0	0
AF	0	0.866958	42	25	17	0	0	0	0
AF	0	0.867270	37	27	10	0	0	0	0
AF	0	0.867583	35	28	7	0	0	0	0
AF	0	0.867895	52	29	23	0	0	0	0
AF	0	0.868207	57	36	21	0	0	0	0
AF	0	0.868520	25	17	8	0	0	0	0
AF	0	0.868832	50	34	16	0	0	0	0
AF	0	0.869144	65	51	14	0	0	0	0
AF	0	0.869457	49	38	11	0	0	0	0
AF	0	0.869769	38	26	12	0	0	0	0
AF	0	0.870081	45	32	13	0	0	0	0
AF	0	0.870394	35	21	14	0	0	0	0
AF	0	0.870706	48	38	10	0	0	0	0
AF	0	0.871018	28	19	9	0	0	0	0
AF	0	0.871330	33	18	15	0	0	0	0
AF	0	0.871643	45	31	14	0	0	0	0
AF	0	0.871955	25	14	11	0	0	0	0
AF	0	0.872267	27	17	10	0	0	0	0
AF	0	0.872580	52	32	20	0	0	0	0
AF	0	0.872892	38	23	15	0	0	0	0
AF	0	0.873204	34	27	7	0	0	0	0
AF	0	0.873517	39	21	18	0	0	0	0
AF	0	0.873829	39	27	12	0	0	0	0
AF	0	0.874141	33	20	13	0	0	0	0
AF	0	0.874453	33	21	12	0	0	0	0
AF	0	0.874766	40	25	15	0	0	0	0
AF	0	0.875078	34	21	13	0	0	0	0
AF	0	0.875390	55	41	14	0	0	0	0
AF	0	0.875703	38	26	12	0	0	0	0
AF	0	0.876015	54	41	13	0	0	0	0
AF	0	0.876327	38	31	7	0	0	0	0
AF	0	0.876640	46	30	16	0	0	0	0
AF	0	0.876952	31	21	10	0	0	0	0
AF	0	0.877264	48	32	16	0	0	0	0
AF	0	0.877577	92	59	33	0	0	0	0
AF	0	0.877889	71	46	25	0	0	0	0
AF	0	0.878201	31	16	15	0	0	0	0
AF	0	0.878513	49	31	18	0	0	0	0
AF	0	0.878826	38	25	13	0	0	0	0
AF	0	0.879138	47	32	15	0	0	0	0
AF	0	0.879450	41	24	17	0	0	0	0
AF	0	0.879763	28	16	12	0	0	0	0
AF	0	0.880075	25	17	8	0	0	0	0
AF	0	0.880387	38	32	6	0	0	0	0
AF	0	0.880700	44	30	14	0	0	0	0
AF	0	0.881012	34	23	11	0	0	0	0
AF	0	0.881324	55	38	17	0	0	0	0
AF	0	0.881636	38	29	9	0	0	0	0
AF	0	0.881949	48	29	19	0	0	0	0
AF	0	0.882261	69	45	24	0	0	0	0
AF	0	0.882573	84	60	24	0	0	0	0
AF	0	0.882886	61	42	19	0	0	0	0
AF	0	0.883198	42	32	10	0	0	0	0
AF	0	0.883510	54	36	18	0	0	0	0
AF	0	0.883823	50	33	17	0	0	0	0
AF	0	0.884135	36	27	9	0	0	0	0
AF	0	0.884447	43	28	15	0	0	0	0
AF	0	0.884760	36	21	15	0	0	0	0
AF	0	0.885072	44	27	17	0	0	0	0
AF	0	0.885384	34	20	14	0	0	0	0
AF	0	0.885696	45	29	16	0	0	0	0
AF	0	0.886009	45	21	24	0	0	0	0
AF	0	0.886321	64	41	23	0	0	0	0
AF	0	0.886633	36	25	11	0	0	0	0
AF	0	0.886946	37	26	11	0	0	0	0
AF	0	0.887258	37	30	7	0	0	0	0
AF	0	0.887570	40	27	13	0	0	0	0
AF	0	0.887883	34	22	12	0	0	0	0
AF	0	0.888195	41	29	12	0	0	0	0
AF	0	0.888507	35	19	16	0	0	0	0
AF	0	0.888819	53	32	21	0	0	0	0
AF	0	0.889132	37	18	19	0	0	0	0
AF	0	0.889444	52	34	18	0	0	0	0
AF	0	0.889756	34	23	11	0	0	0	0
AF	0	0.890069	34	19	15	0	0	0	0
AF	0	0.890381	41	27	14	0	0	0	0
AF	0	0.890693	50	27	23	0	0	0	0
AF	0	0.891006	39	28	11	0	0	0	0
AF	0	0.891318	90	57	33	0	0	0	0
AF	0	0.891630	57	48	9	0	0	0	0
AF	0	0.891943	50	39	11	0	0	0	0
AF	0	0.892255	35	19	16	0	0	0	0
AF	0	0.892567	39	24	15	0	0	0	0
AF	0	0.892879	34	23	11	0	0	0	0
AF	0	0.893192	33	22	11	0	0	0	0
AF	0	0.893504	21	15	6	0	0	0	0
AF	0	0.893816	23	14	9	0	0	0	0
AF	0	0.894129	24	14	10	0	0	0	0
AF	0	0.894441	39	25	14	0	0	0	0
AF	0	0.894753	27	21	6	0	0	0	0
AF	0	0.895066	47	34	13	0	0	0	0
AF	0	0.895378	30	19	11	0	0	0	0
AF	0	0.895690	47	32	15	0	0	0	0
AF	0	0.896002	40	24	16	0	0	0	0
AF	0	0.896315	50	39	11	0	0	0	0
AF	0	0.896627	36	22	14	0	0	0	0
AF	0	0.896939	36	22	14	0	0	0	0
AF	0	0.897252	38	26	12	0	0	0	0
AF	0	0.897564	42	32	10	0	0	0	0
AF	0	0.897876	29	16	13	0	0	0	0
AF	0	0.898189	38	24	14	0	0	0	0
AF	0	0.898501	47	32	15	0	0	0	0
AF	0	0.898813	44	30	14	0	0	0	0
AF	0	0.899126	36	24	12	0	0	0	0
AF	0	0.899438	46	34	12	0	0	0	0
AF	0	0.899750	39	27	12	0	0	0	0
AF	0	0.900062	31	23	8	0	0	0	0
AF	0	0.900375	47	34	13	0	0	0	0
AF	0	0.900687	52	39	13	0	0	0	0
AF	0	0.900999	39	26	13	0	0	0	0
AF	0	0.901312	37	24	13	0	0	0	0
AF	0	0.901624	32	20	12	0	0	0	0
AF	0	0.901936	51	36	15	0	0	0	0
AF	0	0.902249	57	35	22	0	0	0	0
AF	0	0.902561	42	25	17	0	0	0	0
AF	0	0.902873	60	42	18	0	0	0	0
AF	0	0.903186	56	38	18	0	0	0	0
AF	0	0.903498	61	40	21	0	0	0	0
AF	0	0.903810	46	34	12	0	0	0	0
AF	0	0.904122	67	44	23	0	0	0	0
AF	0	0.904435	40	26	14	0	0	0	0
AF	0	0.904747	38	26	12	0	0	0	0
AF	0	0.905059	54	34	20	0	0	0	0
AF	0	0.905372	55	35	20	0	0	0	0
AF	0	0.905684	59	44	15	0	0	0	0
AF	0	0.905996	48	31	17	0	0	0	0
AF	0	0.906309	32	20	12	0	0	0	0
AF	0	0.906621	49	38	11	0	0	0	0
AF	0	0.906933	41	25	16	0	0	0	0
AF	0	0.907245	70	45	25	0	0	0	0
AF	0	0.907558	57	41	16	0	0	0	0
AF	0	0.907870	82	48	34	0	0	0	0
AF	0	0.908182	42	30	12	0	0	0	0
AF	0	0.908495	62	38	24	0	0	0	0
AF	0	0.908807	57	35	22	0	0	0	0
AF	0	0.909119	42	27	15	0	0	0	0
AF	0	0.909432	35	22	13	0	0	0	0
AF	0	0.909744	59	35	24	0	0	0	0
AF	0	0.910056	32	20	12	0	0	0	0
AF	0	0.910369	46	32	14	0	0	0	0
AF	0	0.910681	44	29	15	0	0	0	0
AF	0	0.910993	32	27	5	0	0	0	0
AF	0	0.911305	26	17	9	0	0	0	0
AF	0	0.911618	40	30	10	0	0	0	0
AF	0	0.911930	51	29	22	0	0	0	0
AF	0	0.912242	68	49	19	0	0	0	0
AF	0	0.912555	38	27	11	0	0	0	0
AF	0	0.912867	25	17	8	0	0	0	0
AF	0	0.913179	37	21	16	0	0	0	0
AF	0	0.913492	52	34	18	0	0	0	0
AF	0	0.913804	64	45	19	0	0	0	0
AF	0	0.914116	101	56	45	0	0	0	0
AF	0	0.914428	46	30	16	0	0	0	0
AF	0	0.914741	52	37	15	0	0	0	0
AF	0	0.915053	57	48	9	0	0	0	0
AF	0	0.915365	45	33	12	0	0	0	0
AF	0	0.915678	40	27	13	0	0	0	0
AF	0	0.915990	28	17	11	0	0	0	0
AF	0	0.916302	29	22	7	0	0	0	0
AF	0	0.916615	32	23	9	0	0	0	0
AF	0	0.916927	30	20	10	0	0	0	0
AF	0	0.917239	33	21	12	0	0	0	0
AF	0	0.917552	28	16	12	0	0	0	0
AF	0	0.917864	41	27	14	0	0	0	0
AF	0	0.918176	41	31	10	0	0	0	0
AF	0	0.918488	39	29	10	0	0	0	0
AF	0	0.918801	40	29	11	0	0	0	0
AF	0	0.919113	52	33	19	0	0	0	0
AF	0	0.919425	27	20	7	0	0	0	0
AF	0	0.919738	41	26	15	0	0	0	0
AF	0	0.920050	44	31	13	0	0	0	0
AF	0	0.920362	41	28	13	0	0	0	0
AF	0	0.920675	55	37	18	0	0	0	0
AF	0	0.920987	41	29	12	0	0	0	0
AF	0	0.921299	74	48	26	0	0	0	0
AF	0	0.921611	56	37	19	0	0	0	0
AF	0	0.921924	81	61	20	0	0	0	0
AF	0	0.922236	66	43	23	0	0	0	0
AF	0	0.922548	99	69	30	0	0	0	0
AF	0	0.922861	100	73	27	0	0	0	0
AF	0	0.923173	47	34	13	0	0	0	0
AF	0	0.923485	59	36	23	0	0	0	0
AF	0	0.923798	41	30	11	0	0	0	0
AF	0	0.924110	29	20	9	0	0	0	0
AF	0	0.924422	62	43	19	0	0	0	0
AF	0	0.924735	43	33	10	0	0	0	0
AF	0	0.925047	46	34	12	0	0	0	0
AF	0	0.925359	50	31	19	0	0	0	0
AF	0	0.925671	33	19	14	0	0	0	0
AF	0	0.925984	38	27	11	0	0	0	0
AF	0	0.926296	43	23	20	0	0	0	0
AF	0	0.926608	71	55	16	0	0	0	0
AF	0	0.926921	59	32	27	0	0	0	0
AF	0	0.927233	51	35	16	0	0	0	0
AF	0	0.927545	59	44	15	0	0	0	0
AF	0	0.927858	52	33	19	0	0	0	0
AF	0	0.928170	58	37	21	0	0	0	0
AF	0	0.928482	72	48	24	0	0	0	0
AF	0	0.928795	58	42	16	0	0	0	0
AF	0	0.929107	42	34	8	0	0	0	0
AF	0	0.929419	35	21	14	0	0	0	0
AF	0	0.929731	36	23	13	0	0	0	0
AF	0	0.930044	54	40	14	0	0	0	0
AF	0	0.930356	51	35	16	0	0	0	0
AF	0	0.930668	28	18	10	0	0	0	0
AF	0	0.930981	53	35	18	0	0	0	0
AF	0	0.931293	55	42	13	0	0	0	0
AF	0	0.931605	57	41	16	0	0	0	0
AF	0	0.931918	35	25	10	0	0	0	0
AF	0	0.932230	34	26	8	0	0	0	0
AF	0	0.932542	36	20	16	0	0	0	0
AF	0	0.932854	37	28	9	0	0	0	0
AF	0	0.933167	48	37	11	0	0	0	0
AF	0	0.933479	45	27	18	0	0	0	0
AF	0	0.933791	37	23	14	0	0	0	0
AF	0	0.934104	21	17	4	0	0	0	0
AF	0	0.934416	32	22	10	0	0	0	0
AF	0	0.934728	33	24	9	0	0	0	0
AF	0	0.935041	44	29	15	0	0	0	0
AF	0	0.935353	52	33	19	0	0	0	0
AF	0	0.935665	43	28	15	0	0	0	0
AF	0	0.935978	54	36	18	0	0	0	0
AF	0	0.936290	45	26	19	0	0	0	0
AF	0	0.936602	53	34	19	0	0	0	0
AF	0	0.936914	58	36	22	0	0	0	0
AF	0	0.937227	50	35	15	0	0	0	0
AF	0	0.937539	71	54	17	0	0	0	0
AF	0	0.937851	74	49	25	0	0	0	0
AF	0	0.938164	66	45	21	0	0	0	0
AF	0	0.938476	41	25	16	0	0	0	0
AF	0	0.938788	35	27	8	0	0	0	0
AF	0	0.939101	41	22	19	0	0	0	0
AF	0	0.939413	30	17	13	0	0	0	0
AF	0	0.939725	24	14	10	0	0	0	0
AF	0	0.940037	49	29	20	0	0	0	0
AF	0	0.940350	54	39	15	0	0	0	0
AF	0	0.940662	36	26	10	0	0	0	0
AF	0	0.940974	49	39	10	0	0	0	0
AF	0	0.941287	73	48	25	0	0	0	0
AF	0	0.941599	67	45	22	0	0	0	0
AF	0	0.941911	41	28	13	0	0	0	0
AF	0	0.942224	31	17	14	0	0	0	0
AF	0	0.942536	55	36	19	0	0	0	0
AF	0	0.942848	33	25	8	0	0	0	0
AF	0	0.943161	36	26	10	0	0	0	0
AF	0	0.943473	30	19	11	0	0	0	0
AF	0	0.943785	44	30	14	0	0	0	0
AF	0	0.944097	48	37	11	0	0	0	0
AF	0	0.944410	49	29	20	0	0	0	0
AF	0	0.944722	73	53	20	0	0	0	0
AF	0	0.945034	60	40	20	0	0	0	0
AF	0	0.945347	46	33	13	0	0	0	0
AF	0	0.945659	49	36	13	0	0	0	0
AF	0	0.945971	63	40	23	0	0	0	0
AF	0	0.946284	53	37	16	0	0	0	0
AF	0	0.946596	50	36	14	0	0	0	0
AF	0	0.946908	59	41	18	0	0	0	0
AF	0	0.947220	37	26	11	0	0	0	0
AF	0	0.947533	55	35	20	0	0	0	0
AF	0	0.947845	48	32	16	0	0	0	0
AF	0	0.948157	48	32	16	0	0	0	0
AF	0	0.948470	39	30	9	0	0	0	0
AF	0	0.948782	38	30	8	0	0	0	0
AF	0	0.949094	42	34	8	0	0	0	0
AF	0	0.949407	45	34	11	0	0	0	0
AF	0	0.949719	44	32	12	0	0	0	0
AF	0	0.950031	46	31	15	0	0	0	0
AF	0	0.950344	55	40	15	0	0	0	0
AF	0	0.950656	65	37	28	0	0	0	0
AF	0	0.950968	46	32	14	0	0	0	0
AF	0	0.951280	55	39	16	0	0	0	0
AF	0	0.951593	56	38	18	0	0	0	0
AF	0	0.951905	34	27	7	0	0	0	0
AF	0	0.952217	45	34	11	0	0	0	0
AF	0	0.952530	42	31	11	0	0	0	0
AF	0	0.952842	43	31	12	0	0	0	0
AF	0	0.953154	41	31	10	0	0	0	0
AF	0	0.953467	41	28	13	0	0	0	0
AF	0	0.953779	44	37	7	0	0	0	0
AF	0	0.954091	37	26	11	0	0	0	0
AF	0	0.954403	48	37	11	0	0	0	0
AF	0	0.954716	38	30	8	0	0	0	0
AF	0	0.955028	38	28	10	0	0	0	0
AF	0	0.955340	36	24	12	0	0	0	0
AF	0	0.955653	32	23	9	0	0	0	0
AF	0	0.955965	42	29	13	0	0	0	0
AF	0	0.956277	56	37	19	0	0	0	0
AF	0	0.956590	37	20	17	0	0	0	0
AF	0	0.956902	50	32	18	0	0	0	0
AF	0	0.957214	42	28	14	0	0	0	0
AF	0	0.957527	48	38	10	0	0	0	0
AF	0	0.957839	53	37	16	0	0	0	0
AF	0	0.958151	43	29	14	0	0	0	0
AF	0	0.958463	49	32	17	0	0	0	0
AF	0	0.958776	40	29	11	0	0	0	0
AF	0	0.959088	40	24	16	0	0	0	0
AF	0	0.959400	42	27	15	0	0	0	0
AF	0	0.959713	59	44	15	0	0	0	0
AF	0	0.960025	66	44	22	0	0	0	0
AF	0	0.960337	37	30	7	0	0	0	0
AF	0	0.960650	56	33	23	0	0	0	0
AF	0	0.960962	53	39	14	0	0	0	0
AF	0	0.961274	50	31	19	0	0	0	0
AF	0	0.961587	57	36	21	0	0	0	0
AF	0	0.961899	46	31	15	0	0	0	0
AF	0	0.962211	44	26	18	0	0	0	0
AF	0	0.962523	54	36	18	0	0	0	0
AF	0	0.962836	65	46	19	0	0	0	0
AF	0	0.963148	63	44	19	0	0	0	0
AF	0	0.963460	84	61	23	0	0	0	0
AF	0	0.963773	92	64	28	0	0	0	0
AF	0	0.964085	59	41	18	0	0	0	0
AF	0	0.964397	49	30	19	0	0	0	0
AF	0	0.964710	63	49	14	0	0	0	0
AF	0	0.965022	68	44	24	0	0	0	0
AF	0	0.965334	60	36	24	0	0	0	0
AF	0	0.965646	106	67	39	0	0	0	0
AF	0	0.965959	83	60	23	0	0	0	0
AF	0	0.966271	79	53	26	0	0	0	0
AF	0	0.966583	78	50	28	0	0	0	0
AF	0	0.966896	102	69	33	0	0	0	0
AF	0	0.967208	85	52	33	0	0	0	0
AF	0	0.967520	80	55	25	0	0	0	0
AF	0	0.967833	54	34	20	0	0	0	0
AF	0	0.968145	59	45	14	0	0	0	0
AF	0	0.968457	47	27	20	0	0	0	0
AF	0	0.968770	71	53	18	0	0	0	0
AF	0	0.969082	90	66	24	0	0	0	0
AF	0	0.969394	49	32	17	0	0	0	0
AF	0	0.969706	65	42	23	0	0	0	0
AF	0	0.970019	47	31	16	0	0	0	0
AF	0	0.970331	51	36	15	0	0	0	0
AF	0	0.970643	54	33	21	0	0	0	0
AF	0	0.970956	58	47	11	0	0	0	0
AF	0	0.971268	56	39	17	0	0	0	0
AF	0	0.971580	47	29	18	0	0	0	0
AF	0	0.971893	61	42	19	0	0	0	0
AF	0	0.972205	46	31	15	0	0	0	0
AF	0	0.972517	78	58	20	0	0	0	0
AF	0	0.972829	61	37	24	0	0	0	0
AF	0	0.973142	67	52	15	0	0	0	0
AF	0	0.973454	47	30	17	0	0	0	0
AF	0	0.973766	66	42	24	0	0	0	0
AF	0	0.974079	58	38	20	0	0	0	0
AF	0	0.974391	62	41	21	0	0	0	0
AF	0	0.974703	83	64	19	0	0	0	0
AF	0	0.975016	67	42	25	0	0	0	0
AF	0	0.975328	72	48	24	0	0	0	0
AF	0	0.975640	81	56	25	0	0	0	0
AF	0	0.975953	70	53	17	0	0	0	0
AF	0	0.976265	91	66	25	0	0	0	0
AF	0	0.976577	81	52	29	0	0	0	0
AF	0	0.976889	93	61	32	0	0	0	0
AF	0	0.977202	69	45	24	0	0	0	0
AF	0	0.977514	70	51	19	0	0	0	0
AF	0	0.977826	73	47	26	0	0	0	0
AF	0	0.978139	126	91	35	0	0	0	0
AF	0	0.978451	155	91	64	0	0	0	0
AF	0	0.978763	558	332	226	0	0	0	0
AF	0	0.979076	71	43	28	0	0	0	0
AF	0	0.979388	65	47	18	0	0	0	0
AF	0	0.979700	83	54	29	0	0	0	0
AF	0	0.980012	106	72	34	0	0	0	0
AF	0	0.980325	60	44	16	0	0	0	0
AF	0	0.980637	90	59	31	0	0	0	0
AF	0	0.980949	67	45	22	0	0	0	0
AF	0	0.981262	60	41	19	0	0	0	0
AF	0	0.981574	63	45	18	0	0	0	0
AF	0	0.981886	106	64	42	0	0	0	0
AF	0	0.982199	68	39	29	0	0	0	0
AF	0	0.982511	79	51	28	0	0	0	0
AF	0	0.982823	65	44	21	0	0	0	0
AF	0	0.983136	54	35	19	0	0	0	0
AF	0	0.983448	61	47	14	0	0	0	0
AF	0	0.983760	112	73	39	0	0	0	0
AF	0	0.984072	99	68	31	0	0	0	0
AF	0	0.984385	65	48	17	0	0	0	0
AF	0	0.984697	76	54	22	0	0	0	0
AF	0	0.985009	64	44	20	0	0	0	0
AF	0	0.985322	77	53	24	0	0	0	0
AF	0	0.985634	84	56	28	0	0	0	0
AF	0	0.985946	70	43	27	0	0	0	0
AF	0	0.986259	82	56	26	0	0	0	0
AF	0	0.986571	75	55	20	0	0	0	0
AF	0	0.986883	98	64	34	0	0	0	0
AF	0	0.987196	87	57	30	0	0	0	0
AF	0	0.987508	115	72	43	0	0	0	0
AF	0	0.987820	111	63	48	0	0	0	0
AF	0	0.988132	69	42	27	0	0	0	0
AF	0	0.988445	77	45	32	0	0	0	0
AF	0	0.988757	88	69	19	0	0	0	0
AF	0	0.989069	128	89	39	0	0	0	0
AF	0	0.989382	110	84	26	0	0	0	0
AF	0	0.989694	89	58	31	0	0	0	0
AF	0	0.990006	145	98	47	0	0	0	0
AF	0	0.990319	126	90	36	0	0	0	0
AF	0	0.990631	104	70	34	0	0	0	0
AF	0	0.990943	158	111	47	0	0	0	0
AF	0	0.991255	133	86	47	0	0	0	0
AF	0	0.991568	93	56	37	0	0	0	0
AF	0	0.991880	110	75	35	0	0	0	0
AF	0	0.992192	93	66	27	0	0	0	0
AF	0	0.992505	82	59	23	0	0	0	0
AF	0	0.992817	110	73	37	0	0	0	0
AF	0	0.993129	108	65	43	0	0	0	0
AF	0	0.993442	131	86	45	0	0	0	0
AF	0	0.993754	120	83	37	0	0	0	0
AF	0	0.994066	113	76	37	0	0	0	0
AF	0	0.994379	142	97	45	0	0	0	0
AF	0	0.994691	80	61	19	0	0	0	0
AF	0	0.995003	97	72	25	0	0	0	0
AF	0	0.995315	129	86	43	0	0	0	0
AF	0	0.995628	138	100	38	0	0	0	0
AF	0	0.995940	304	199	105	0	0	0	0
AF	0	0.996252	122	80	42	0	0	0	0
AF	0	0.996565	134	98	36	0	0	0	0
AF	0	0.996877	156	97	59	0	0	0	0
AF	0	0.997189	173	123	50	0	0	0	0
AF	0	0.997502	129	80	49	0	0	0	0
AF	0	0.997814	286	188	98	0	0	0	0
AF	0	0.998126	148	110	38	0	0	0	0
AF	0	0.998438	222	143	79	0	0	0	0
AF	0	0.998751	175	114	61	0	0	0	0
AF	0	0.999063	198	130	68	0	0	0	0
AF	0	0.999375	145	81	64	0	0	0	0
# QUAL, Stats by quality
# QUAL	[2]id	[3]Quality	[4]number of SNPs	[5]number of transitions (1st ALT)	[6]number of transversions (1st ALT)	[7]number of indels
QUAL	0	.	1788152	1214625	573527	0
# IDD, InDel distribution:
# IDD	[2]id	[3]length (deletions negative)	[4]number of sites	[5]number of genotypes	[6]mean VAF
# ST, Substitution types:
# ST	[2]id	[3]type	[4]count
ST	0	A>C	64539
ST	0	A>G	241549
ST	0	A>T	61289
ST	0	C>A	86527
ST	0	C>G	75889
ST	0	C>T	363617
ST	0	G>A	366648
ST	0	G>C	75186
ST	0	G>T	82910
ST	0	T>A	63071
ST	0	T>C	242811
ST	0	T>G	64116
# DP, depth:
#   - set id, see above
#   - the depth bin, corresponds to the depth (unless --depth was given)
#   - number of genotypes with this depth (zero unless -s/-S was given)
#   - fraction of genotypes with this depth (zero unless -s/-S was given)
#   - number of sites with this depth
#   - fraction of sites with this depth
# DP, Depth distribution
# DP	[2]id	[3]bin	[4]number of genotypes	[5]fraction of genotypes (%)	[6]number of sites	[7]fraction of sites (%)
