# This file was produced by bcftools stats (1.21+htslib-1.21) and can be plotted using plot-vcfstats.
# The command line was:	bcftools stats  /project/cphg-millerlab/software/MonopogenLite/resources/1kGP_high_coverage_Illumina.SNVonly_poly.filtered_AF_5e-04.norm.fixvariantid.chr17.vcf.gz
#
# Definition of sets:
# ID	[2]id	[3]tab-separated file names
ID	0	/project/cphg-millerlab/software/MonopogenLite/resources/1kGP_high_coverage_Illumina.SNVonly_poly.filtered_AF_5e-04.norm.fixvariantid.chr17.vcf.gz
# SN, Summary numbers:
#   number of records   .. number of data rows in the VCF
#   number of no-ALTs   .. reference-only sites, ALT is either "." or identical to REF
#   number of SNPs      .. number of rows with a SNP
#   number of MNPs      .. number of rows with a MNP, such as CC>TT
#   number of indels    .. number of rows with an indel
#   number of others    .. number of rows with other type, for example a symbolic allele or
#                          a complex substitution, such as ACT>TCGA
#   number of multiallelic sites     .. number of rows with multiple alternate alleles
#   number of multiallelic SNP sites .. number of rows with multiple alternate alleles, all SNPs
# 
#   Note that rows containing multiple types will be counted multiple times, in each
#   counter. For example, a row with a SNP and an indel increments both the SNP and
#   the indel counter.
# 
# SN	[2]id	[3]key	[4]value
SN	0	number of samples:	3202
SN	0	number of records:	1049697
SN	0	number of no-ALTs:	0
SN	0	number of SNPs:	1049697
SN	0	number of MNPs:	0
SN	0	number of indels:	0
SN	0	number of others:	0
SN	0	number of multiallelic sites:	0
SN	0	number of multiallelic SNP sites:	0
# TSTV, transitions/transversions
#   - transitions, see https://en.wikipedia.org/wiki/Transition_(genetics)
#   - transversions, see https://en.wikipedia.org/wiki/Transversion
# TSTV	[2]id	[3]ts	[4]tv	[5]ts/tv	[6]ts (1st ALT)	[7]tv (1st ALT)	[8]ts/tv (1st ALT)
TSTV	0	736592	313105	2.35	736592	313105	2.35
# SiS, Singleton stats:
#   - allele count, i.e. the number of singleton genotypes (AC=1)
#   - number of transitions, see above
#   - number of transversions, see above
#   - repeat-consistent, inconsistent and n/a: experimental and useless stats [DEPRECATED]
# SiS	[2]id	[3]allele count	[4]number of SNPs	[5]number of transitions	[6]number of transversions	[7]number of indels	[8]repeat-consistent	[9]repeat-inconsistent	[10]not applicable
SiS	0	1	0	0	0	0	0	0	0
# AF, Stats by non-reference allele frequency:
# AF	[2]id	[3]allele frequency	[4]number of SNPs	[5]number of transitions	[6]number of transversions	[7]number of indels	[8]repeat-consistent	[9]repeat-inconsistent	[10]not applicable
AF	0	0.000312	112282	80003	32279	0	0	0	0
AF	0	0.000625	127866	90549	37317	0	0	0	0
AF	0	0.000937	78196	55280	22916	0	0	0	0
AF	0	0.001249	55128	38775	16353	0	0	0	0
AF	0	0.001562	41371	28986	12385	0	0	0	0
AF	0	0.001874	33033	23122	9911	0	0	0	0
AF	0	0.002186	27869	19458	8411	0	0	0	0
AF	0	0.002498	22970	16111	6859	0	0	0	0
AF	0	0.002811	20386	14277	6109	0	0	0	0
AF	0	0.003123	17448	12210	5238	0	0	0	0
AF	0	0.003435	15511	10793	4718	0	0	0	0
AF	0	0.003748	14212	9930	4282	0	0	0	0
AF	0	0.004060	12458	8670	3788	0	0	0	0
AF	0	0.004372	11365	7892	3473	0	0	0	0
AF	0	0.004685	10097	7097	3000	0	0	0	0
AF	0	0.004997	9784	6869	2915	0	0	0	0
AF	0	0.005309	8573	5937	2636	0	0	0	0
AF	0	0.005621	8136	5663	2473	0	0	0	0
AF	0	0.005934	7940	5552	2388	0	0	0	0
AF	0	0.006246	7307	5017	2290	0	0	0	0
AF	0	0.006558	6808	4758	2050	0	0	0	0
AF	0	0.006871	6585	4571	2014	0	0	0	0
AF	0	0.007183	6229	4287	1942	0	0	0	0
AF	0	0.007495	5881	4081	1800	0	0	0	0
AF	0	0.007808	5762	3990	1772	0	0	0	0
AF	0	0.008120	5649	3928	1721	0	0	0	0
AF	0	0.008432	5385	3720	1665	0	0	0	0
AF	0	0.008745	5056	3505	1551	0	0	0	0
AF	0	0.009057	4556	3137	1419	0	0	0	0
AF	0	0.009369	4271	2991	1280	0	0	0	0
AF	0	0.009681	4232	2953	1279	0	0	0	0
AF	0	0.009994	4023	2773	1250	0	0	0	0
AF	0	0.010306	3882	2661	1221	0	0	0	0
AF	0	0.010618	3636	2495	1141	0	0	0	0
AF	0	0.010931	3658	2527	1131	0	0	0	0
AF	0	0.011243	3538	2454	1084	0	0	0	0
AF	0	0.011555	3216	2233	983	0	0	0	0
AF	0	0.011868	3181	2198	983	0	0	0	0
AF	0	0.012180	2971	2048	923	0	0	0	0
AF	0	0.012492	2952	2069	883	0	0	0	0
AF	0	0.012804	2724	1886	838	0	0	0	0
AF	0	0.013117	2717	1881	836	0	0	0	0
AF	0	0.013429	2599	1815	784	0	0	0	0
AF	0	0.013741	2778	1946	832	0	0	0	0
AF	0	0.014054	2568	1789	779	0	0	0	0
AF	0	0.014366	2330	1673	657	0	0	0	0
AF	0	0.014678	2304	1603	701	0	0	0	0
AF	0	0.014991	2312	1591	721	0	0	0	0
AF	0	0.015303	2205	1554	651	0	0	0	0
AF	0	0.015615	2110	1518	592	0	0	0	0
AF	0	0.015928	2118	1456	662	0	0	0	0
AF	0	0.016240	2054	1431	623	0	0	0	0
AF	0	0.016552	1958	1379	579	0	0	0	0
AF	0	0.016864	1771	1225	546	0	0	0	0
AF	0	0.017177	1969	1366	603	0	0	0	0
AF	0	0.017489	1861	1265	596	0	0	0	0
AF	0	0.017801	1741	1235	506	0	0	0	0
AF	0	0.018114	1730	1206	524	0	0	0	0
AF	0	0.018426	1639	1139	500	0	0	0	0
AF	0	0.018738	1648	1161	487	0	0	0	0
AF	0	0.019051	1551	1097	454	0	0	0	0
AF	0	0.019363	1477	1043	434	0	0	0	0
AF	0	0.019675	1504	1041	463	0	0	0	0
AF	0	0.019988	1534	1060	474	0	0	0	0
AF	0	0.020300	1318	887	431	0	0	0	0
AF	0	0.020612	1332	939	393	0	0	0	0
AF	0	0.020924	1399	983	416	0	0	0	0
AF	0	0.021237	1277	879	398	0	0	0	0
AF	0	0.021549	1335	933	402	0	0	0	0
AF	0	0.021861	1292	893	399	0	0	0	0
AF	0	0.022174	1234	865	369	0	0	0	0
AF	0	0.022486	1351	934	417	0	0	0	0
AF	0	0.022798	1118	798	320	0	0	0	0
AF	0	0.023111	1213	840	373	0	0	0	0
AF	0	0.023423	1300	912	388	0	0	0	0
AF	0	0.023735	1344	893	451	0	0	0	0
AF	0	0.024047	1288	910	378	0	0	0	0
AF	0	0.024360	1193	866	327	0	0	0	0
AF	0	0.024672	1221	857	364	0	0	0	0
AF	0	0.024984	1118	786	332	0	0	0	0
AF	0	0.025297	1027	727	300	0	0	0	0
AF	0	0.025609	1076	738	338	0	0	0	0
AF	0	0.025921	971	698	273	0	0	0	0
AF	0	0.026234	1072	790	282	0	0	0	0
AF	0	0.026546	951	657	294	0	0	0	0
AF	0	0.026858	994	696	298	0	0	0	0
AF	0	0.027171	1023	708	315	0	0	0	0
AF	0	0.027483	874	596	278	0	0	0	0
AF	0	0.027795	868	596	272	0	0	0	0
AF	0	0.028107	804	542	262	0	0	0	0
AF	0	0.028420	941	646	295	0	0	0	0
AF	0	0.028732	767	552	215	0	0	0	0
AF	0	0.029044	815	544	271	0	0	0	0
AF	0	0.029357	887	647	240	0	0	0	0
AF	0	0.029669	899	625	274	0	0	0	0
AF	0	0.029981	730	529	201	0	0	0	0
AF	0	0.030294	749	532	217	0	0	0	0
AF	0	0.030606	726	481	245	0	0	0	0
AF	0	0.030918	828	598	230	0	0	0	0
AF	0	0.031230	733	501	232	0	0	0	0
AF	0	0.031543	808	559	249	0	0	0	0
AF	0	0.031855	678	453	225	0	0	0	0
AF	0	0.032167	743	526	217	0	0	0	0
AF	0	0.032480	723	527	196	0	0	0	0
AF	0	0.032792	773	532	241	0	0	0	0
AF	0	0.033104	713	501	212	0	0	0	0
AF	0	0.033417	633	450	183	0	0	0	0
AF	0	0.033729	806	563	243	0	0	0	0
AF	0	0.034041	638	456	182	0	0	0	0
AF	0	0.034354	719	498	221	0	0	0	0
AF	0	0.034666	640	459	181	0	0	0	0
AF	0	0.034978	603	401	202	0	0	0	0
AF	0	0.035290	678	471	207	0	0	0	0
AF	0	0.035603	551	392	159	0	0	0	0
AF	0	0.035915	625	451	174	0	0	0	0
AF	0	0.036227	658	460	198	0	0	0	0
AF	0	0.036540	640	448	192	0	0	0	0
AF	0	0.036852	629	454	175	0	0	0	0
AF	0	0.037164	667	473	194	0	0	0	0
AF	0	0.037477	618	430	188	0	0	0	0
AF	0	0.037789	598	414	184	0	0	0	0
AF	0	0.038101	586	415	171	0	0	0	0
AF	0	0.038413	609	415	194	0	0	0	0
AF	0	0.038726	531	377	154	0	0	0	0
AF	0	0.039038	541	379	162	0	0	0	0
AF	0	0.039350	586	423	163	0	0	0	0
AF	0	0.039663	566	387	179	0	0	0	0
AF	0	0.039975	611	426	185	0	0	0	0
AF	0	0.040287	540	382	158	0	0	0	0
AF	0	0.040600	654	449	205	0	0	0	0
AF	0	0.040912	594	403	191	0	0	0	0
AF	0	0.041224	528	371	157	0	0	0	0
AF	0	0.041537	473	312	161	0	0	0	0
AF	0	0.041849	486	341	145	0	0	0	0
AF	0	0.042161	452	319	133	0	0	0	0
AF	0	0.042473	525	361	164	0	0	0	0
AF	0	0.042786	512	370	142	0	0	0	0
AF	0	0.043098	529	362	167	0	0	0	0
AF	0	0.043410	511	348	163	0	0	0	0
AF	0	0.043723	512	345	167	0	0	0	0
AF	0	0.044035	536	354	182	0	0	0	0
AF	0	0.044347	507	377	130	0	0	0	0
AF	0	0.044660	506	351	155	0	0	0	0
AF	0	0.044972	441	308	133	0	0	0	0
AF	0	0.045284	405	279	126	0	0	0	0
AF	0	0.045597	480	318	162	0	0	0	0
AF	0	0.045909	423	299	124	0	0	0	0
AF	0	0.046221	416	301	115	0	0	0	0
AF	0	0.046533	476	325	151	0	0	0	0
AF	0	0.046846	475	322	153	0	0	0	0
AF	0	0.047158	413	287	126	0	0	0	0
AF	0	0.047470	419	299	120	0	0	0	0
AF	0	0.047783	445	295	150	0	0	0	0
AF	0	0.048095	452	333	119	0	0	0	0
AF	0	0.048407	455	314	141	0	0	0	0
AF	0	0.048720	418	285	133	0	0	0	0
AF	0	0.049032	488	339	149	0	0	0	0
AF	0	0.049344	443	298	145	0	0	0	0
AF	0	0.049656	437	313	124	0	0	0	0
AF	0	0.049969	442	334	108	0	0	0	0
AF	0	0.050281	404	297	107	0	0	0	0
AF	0	0.050593	376	255	121	0	0	0	0
AF	0	0.050906	498	331	167	0	0	0	0
AF	0	0.051218	410	278	132	0	0	0	0
AF	0	0.051530	414	296	118	0	0	0	0
AF	0	0.051843	410	276	134	0	0	0	0
AF	0	0.052155	404	275	129	0	0	0	0
AF	0	0.052467	361	244	117	0	0	0	0
AF	0	0.052780	411	307	104	0	0	0	0
AF	0	0.053092	428	287	141	0	0	0	0
AF	0	0.053404	397	285	112	0	0	0	0
AF	0	0.053716	481	332	149	0	0	0	0
AF	0	0.054029	368	261	107	0	0	0	0
AF	0	0.054341	388	276	112	0	0	0	0
AF	0	0.054653	316	218	98	0	0	0	0
AF	0	0.054966	353	240	113	0	0	0	0
AF	0	0.055278	328	243	85	0	0	0	0
AF	0	0.055590	379	268	111	0	0	0	0
AF	0	0.055903	321	202	119	0	0	0	0
AF	0	0.056215	302	218	84	0	0	0	0
AF	0	0.056527	274	190	84	0	0	0	0
AF	0	0.056839	297	202	95	0	0	0	0
AF	0	0.057152	330	220	110	0	0	0	0
AF	0	0.057464	356	238	118	0	0	0	0
AF	0	0.057776	379	267	112	0	0	0	0
AF	0	0.058089	339	239	100	0	0	0	0
AF	0	0.058401	360	236	124	0	0	0	0
AF	0	0.058713	315	208	107	0	0	0	0
AF	0	0.059026	305	219	86	0	0	0	0
AF	0	0.059338	341	227	114	0	0	0	0
AF	0	0.059650	294	207	87	0	0	0	0
AF	0	0.059963	358	251	107	0	0	0	0
AF	0	0.060275	318	215	103	0	0	0	0
AF	0	0.060587	283	199	84	0	0	0	0
AF	0	0.060899	283	212	71	0	0	0	0
AF	0	0.061212	333	237	96	0	0	0	0
AF	0	0.061524	268	178	90	0	0	0	0
AF	0	0.061836	307	215	92	0	0	0	0
AF	0	0.062149	350	246	104	0	0	0	0
AF	0	0.062461	329	224	105	0	0	0	0
AF	0	0.062773	377	273	104	0	0	0	0
AF	0	0.063086	298	211	87	0	0	0	0
AF	0	0.063398	287	191	96	0	0	0	0
AF	0	0.063710	304	217	87	0	0	0	0
AF	0	0.064022	247	176	71	0	0	0	0
AF	0	0.064335	317	214	103	0	0	0	0
AF	0	0.064647	308	205	103	0	0	0	0
AF	0	0.064959	291	216	75	0	0	0	0
AF	0	0.065272	316	236	80	0	0	0	0
AF	0	0.065584	279	192	87	0	0	0	0
AF	0	0.065896	268	190	78	0	0	0	0
AF	0	0.066209	265	171	94	0	0	0	0
AF	0	0.066521	239	168	71	0	0	0	0
AF	0	0.066833	255	185	70	0	0	0	0
AF	0	0.067146	250	180	70	0	0	0	0
AF	0	0.067458	244	170	74	0	0	0	0
AF	0	0.067770	274	198	76	0	0	0	0
AF	0	0.068082	288	211	77	0	0	0	0
AF	0	0.068395	222	156	66	0	0	0	0
AF	0	0.068707	277	208	69	0	0	0	0
AF	0	0.069019	286	205	81	0	0	0	0
AF	0	0.069332	239	163	76	0	0	0	0
AF	0	0.069644	284	184	100	0	0	0	0
AF	0	0.069956	247	177	70	0	0	0	0
AF	0	0.070269	301	216	85	0	0	0	0
AF	0	0.070581	233	160	73	0	0	0	0
AF	0	0.070893	251	187	64	0	0	0	0
AF	0	0.071205	331	230	101	0	0	0	0
AF	0	0.071518	265	190	75	0	0	0	0
AF	0	0.071830	347	243	104	0	0	0	0
AF	0	0.072142	316	228	88	0	0	0	0
AF	0	0.072455	336	238	98	0	0	0	0
AF	0	0.072767	226	163	63	0	0	0	0
AF	0	0.073079	216	150	66	0	0	0	0
AF	0	0.073392	235	168	67	0	0	0	0
AF	0	0.073704	245	180	65	0	0	0	0
AF	0	0.074016	254	179	75	0	0	0	0
AF	0	0.074329	255	178	77	0	0	0	0
AF	0	0.074641	229	151	78	0	0	0	0
AF	0	0.074953	263	185	78	0	0	0	0
AF	0	0.075265	278	180	98	0	0	0	0
AF	0	0.075578	237	167	70	0	0	0	0
AF	0	0.075890	230	176	54	0	0	0	0
AF	0	0.076202	222	162	60	0	0	0	0
AF	0	0.076515	303	215	88	0	0	0	0
AF	0	0.076827	308	215	93	0	0	0	0
AF	0	0.077139	267	188	79	0	0	0	0
AF	0	0.077452	254	175	79	0	0	0	0
AF	0	0.077764	280	184	96	0	0	0	0
AF	0	0.078076	321	230	91	0	0	0	0
AF	0	0.078389	332	229	103	0	0	0	0
AF	0	0.078701	263	188	75	0	0	0	0
AF	0	0.079013	218	142	76	0	0	0	0
AF	0	0.079325	238	171	67	0	0	0	0
AF	0	0.079638	289	214	75	0	0	0	0
AF	0	0.079950	303	221	82	0	0	0	0
AF	0	0.080262	247	181	66	0	0	0	0
AF	0	0.080575	217	153	64	0	0	0	0
AF	0	0.080887	222	156	66	0	0	0	0
AF	0	0.081199	228	162	66	0	0	0	0
AF	0	0.081512	187	131	56	0	0	0	0
AF	0	0.081824	204	134	70	0	0	0	0
AF	0	0.082136	216	165	51	0	0	0	0
AF	0	0.082448	193	142	51	0	0	0	0
AF	0	0.082761	228	156	72	0	0	0	0
AF	0	0.083073	254	179	75	0	0	0	0
AF	0	0.083385	242	162	80	0	0	0	0
AF	0	0.083698	191	141	50	0	0	0	0
AF	0	0.084010	204	145	59	0	0	0	0
AF	0	0.084322	243	157	86	0	0	0	0
AF	0	0.084635	328	230	98	0	0	0	0
AF	0	0.084947	1190	852	338	0	0	0	0
AF	0	0.085259	786	553	233	0	0	0	0
AF	0	0.085572	464	334	130	0	0	0	0
AF	0	0.085884	284	201	83	0	0	0	0
AF	0	0.086196	303	204	99	0	0	0	0
AF	0	0.086508	365	234	131	0	0	0	0
AF	0	0.086821	251	174	77	0	0	0	0
AF	0	0.087133	231	160	71	0	0	0	0
AF	0	0.087445	266	188	78	0	0	0	0
AF	0	0.087758	270	191	79	0	0	0	0
AF	0	0.088070	265	179	86	0	0	0	0
AF	0	0.088382	240	170	70	0	0	0	0
AF	0	0.088695	211	157	54	0	0	0	0
AF	0	0.089007	218	145	73	0	0	0	0
AF	0	0.089319	232	163	69	0	0	0	0
AF	0	0.089631	179	126	53	0	0	0	0
AF	0	0.089944	224	149	75	0	0	0	0
AF	0	0.090256	190	133	57	0	0	0	0
AF	0	0.090568	220	157	63	0	0	0	0
AF	0	0.090881	250	175	75	0	0	0	0
AF	0	0.091193	205	137	68	0	0	0	0
AF	0	0.091505	182	126	56	0	0	0	0
AF	0	0.091818	157	111	46	0	0	0	0
AF	0	0.092130	179	123	56	0	0	0	0
AF	0	0.092442	220	160	60	0	0	0	0
AF	0	0.092755	207	142	65	0	0	0	0
AF	0	0.093067	192	137	55	0	0	0	0
AF	0	0.093379	197	143	54	0	0	0	0
AF	0	0.093691	201	139	62	0	0	0	0
AF	0	0.094004	203	137	66	0	0	0	0
AF	0	0.094316	309	224	85	0	0	0	0
AF	0	0.094628	256	193	63	0	0	0	0
AF	0	0.094941	222	164	58	0	0	0	0
AF	0	0.095253	173	117	56	0	0	0	0
AF	0	0.095565	170	128	42	0	0	0	0
AF	0	0.095878	170	121	49	0	0	0	0
AF	0	0.096190	183	133	50	0	0	0	0
AF	0	0.096502	184	132	52	0	0	0	0
AF	0	0.096814	155	106	49	0	0	0	0
AF	0	0.097127	225	164	61	0	0	0	0
AF	0	0.097439	185	135	50	0	0	0	0
AF	0	0.097751	201	139	62	0	0	0	0
AF	0	0.098064	210	145	65	0	0	0	0
AF	0	0.098376	212	145	67	0	0	0	0
AF	0	0.098688	287	199	88	0	0	0	0
AF	0	0.099001	272	183	89	0	0	0	0
AF	0	0.099313	239	158	81	0	0	0	0
AF	0	0.099625	234	170	64	0	0	0	0
AF	0	0.099938	188	129	59	0	0	0	0
AF	0	0.100250	181	136	45	0	0	0	0
AF	0	0.100562	172	117	55	0	0	0	0
AF	0	0.100874	234	159	75	0	0	0	0
AF	0	0.101187	172	117	55	0	0	0	0
AF	0	0.101499	177	132	45	0	0	0	0
AF	0	0.101811	123	78	45	0	0	0	0
AF	0	0.102124	142	95	47	0	0	0	0
AF	0	0.102436	173	116	57	0	0	0	0
AF	0	0.102748	166	120	46	0	0	0	0
AF	0	0.103061	146	112	34	0	0	0	0
AF	0	0.103373	162	111	51	0	0	0	0
AF	0	0.103685	185	132	53	0	0	0	0
AF	0	0.103998	165	119	46	0	0	0	0
AF	0	0.104310	183	122	61	0	0	0	0
AF	0	0.104622	160	116	44	0	0	0	0
AF	0	0.104934	145	97	48	0	0	0	0
AF	0	0.105247	125	72	53	0	0	0	0
AF	0	0.105559	172	117	55	0	0	0	0
AF	0	0.105871	140	92	48	0	0	0	0
AF	0	0.106184	213	136	77	0	0	0	0
AF	0	0.106496	191	123	68	0	0	0	0
AF	0	0.106808	146	104	42	0	0	0	0
AF	0	0.107121	187	132	55	0	0	0	0
AF	0	0.107433	171	111	60	0	0	0	0
AF	0	0.107745	206	144	62	0	0	0	0
AF	0	0.108057	185	126	59	0	0	0	0
AF	0	0.108370	179	115	64	0	0	0	0
AF	0	0.108682	180	130	50	0	0	0	0
AF	0	0.108994	160	109	51	0	0	0	0
AF	0	0.109307	147	106	41	0	0	0	0
AF	0	0.109619	158	121	37	0	0	0	0
AF	0	0.109931	138	99	39	0	0	0	0
AF	0	0.110244	161	111	50	0	0	0	0
AF	0	0.110556	127	75	52	0	0	0	0
AF	0	0.110868	164	122	42	0	0	0	0
AF	0	0.111181	149	102	47	0	0	0	0
AF	0	0.111493	170	113	57	0	0	0	0
AF	0	0.111805	151	111	40	0	0	0	0
AF	0	0.112117	148	110	38	0	0	0	0
AF	0	0.112430	170	113	57	0	0	0	0
AF	0	0.112742	169	131	38	0	0	0	0
AF	0	0.113054	157	116	41	0	0	0	0
AF	0	0.113367	175	112	63	0	0	0	0
AF	0	0.113679	195	133	62	0	0	0	0
AF	0	0.113991	168	118	50	0	0	0	0
AF	0	0.114304	134	90	44	0	0	0	0
AF	0	0.114616	153	112	41	0	0	0	0
AF	0	0.114928	149	103	46	0	0	0	0
AF	0	0.115240	157	110	47	0	0	0	0
AF	0	0.115553	152	109	43	0	0	0	0
AF	0	0.115865	147	98	49	0	0	0	0
AF	0	0.116177	157	96	61	0	0	0	0
AF	0	0.116490	155	111	44	0	0	0	0
AF	0	0.116802	151	102	49	0	0	0	0
AF	0	0.117114	159	115	44	0	0	0	0
AF	0	0.117427	140	88	52	0	0	0	0
AF	0	0.117739	136	91	45	0	0	0	0
AF	0	0.118051	154	100	54	0	0	0	0
AF	0	0.118364	155	97	58	0	0	0	0
AF	0	0.118676	136	92	44	0	0	0	0
AF	0	0.118988	131	97	34	0	0	0	0
AF	0	0.119300	140	93	47	0	0	0	0
AF	0	0.119613	143	94	49	0	0	0	0
AF	0	0.119925	107	77	30	0	0	0	0
AF	0	0.120237	145	102	43	0	0	0	0
AF	0	0.120550	127	91	36	0	0	0	0
AF	0	0.120862	112	87	25	0	0	0	0
AF	0	0.121174	157	111	46	0	0	0	0
AF	0	0.121487	120	84	36	0	0	0	0
AF	0	0.121799	154	118	36	0	0	0	0
AF	0	0.122111	164	106	58	0	0	0	0
AF	0	0.122423	128	93	35	0	0	0	0
AF	0	0.122736	147	107	40	0	0	0	0
AF	0	0.123048	132	97	35	0	0	0	0
AF	0	0.123360	146	102	44	0	0	0	0
AF	0	0.123673	136	103	33	0	0	0	0
AF	0	0.123985	144	94	50	0	0	0	0
AF	0	0.124297	142	101	41	0	0	0	0
AF	0	0.124610	133	94	39	0	0	0	0
AF	0	0.124922	140	99	41	0	0	0	0
AF	0	0.125234	120	80	40	0	0	0	0
AF	0	0.125547	148	98	50	0	0	0	0
AF	0	0.125859	140	90	50	0	0	0	0
AF	0	0.126171	151	105	46	0	0	0	0
AF	0	0.126483	139	108	31	0	0	0	0
AF	0	0.126796	128	93	35	0	0	0	0
AF	0	0.127108	116	71	45	0	0	0	0
AF	0	0.127420	144	106	38	0	0	0	0
AF	0	0.127733	149	99	50	0	0	0	0
AF	0	0.128045	129	91	38	0	0	0	0
AF	0	0.128357	140	102	38	0	0	0	0
AF	0	0.128670	137	88	49	0	0	0	0
AF	0	0.128982	112	78	34	0	0	0	0
AF	0	0.129294	119	80	39	0	0	0	0
AF	0	0.129606	137	99	38	0	0	0	0
AF	0	0.129919	131	92	39	0	0	0	0
AF	0	0.130231	113	81	32	0	0	0	0
AF	0	0.130543	112	81	31	0	0	0	0
AF	0	0.130856	125	90	35	0	0	0	0
AF	0	0.131168	145	102	43	0	0	0	0
AF	0	0.131480	133	97	36	0	0	0	0
AF	0	0.131793	118	87	31	0	0	0	0
AF	0	0.132105	125	83	42	0	0	0	0
AF	0	0.132417	126	89	37	0	0	0	0
AF	0	0.132730	114	74	40	0	0	0	0
AF	0	0.133042	162	118	44	0	0	0	0
AF	0	0.133354	159	109	50	0	0	0	0
AF	0	0.133666	138	89	49	0	0	0	0
AF	0	0.133979	142	97	45	0	0	0	0
AF	0	0.134291	146	105	41	0	0	0	0
AF	0	0.134603	103	68	35	0	0	0	0
AF	0	0.134916	112	79	33	0	0	0	0
AF	0	0.135228	129	96	33	0	0	0	0
AF	0	0.135540	131	88	43	0	0	0	0
AF	0	0.135853	133	86	47	0	0	0	0
AF	0	0.136165	145	100	45	0	0	0	0
AF	0	0.136477	140	96	44	0	0	0	0
AF	0	0.136790	134	103	31	0	0	0	0
AF	0	0.137102	156	103	53	0	0	0	0
AF	0	0.137414	114	84	30	0	0	0	0
AF	0	0.137726	129	83	46	0	0	0	0
AF	0	0.138039	135	102	33	0	0	0	0
AF	0	0.138351	112	79	33	0	0	0	0
AF	0	0.138663	137	93	44	0	0	0	0
AF	0	0.138976	134	97	37	0	0	0	0
AF	0	0.139288	112	72	40	0	0	0	0
AF	0	0.139600	111	74	37	0	0	0	0
AF	0	0.139913	114	86	28	0	0	0	0
AF	0	0.140225	122	78	44	0	0	0	0
AF	0	0.140537	122	85	37	0	0	0	0
AF	0	0.140849	107	73	34	0	0	0	0
AF	0	0.141162	116	81	35	0	0	0	0
AF	0	0.141474	131	100	31	0	0	0	0
AF	0	0.141786	149	101	48	0	0	0	0
AF	0	0.142099	147	103	44	0	0	0	0
AF	0	0.142411	143	93	50	0	0	0	0
AF	0	0.142723	137	104	33	0	0	0	0
AF	0	0.143036	127	95	32	0	0	0	0
AF	0	0.143348	141	98	43	0	0	0	0
AF	0	0.143660	161	105	56	0	0	0	0
AF	0	0.143973	174	125	49	0	0	0	0
AF	0	0.144285	116	77	39	0	0	0	0
AF	0	0.144597	136	87	49	0	0	0	0
AF	0	0.144909	125	89	36	0	0	0	0
AF	0	0.145222	145	103	42	0	0	0	0
AF	0	0.145534	119	78	41	0	0	0	0
AF	0	0.145846	136	102	34	0	0	0	0
AF	0	0.146159	130	91	39	0	0	0	0
AF	0	0.146471	118	87	31	0	0	0	0
AF	0	0.146783	137	87	50	0	0	0	0
AF	0	0.147096	95	68	27	0	0	0	0
AF	0	0.147408	127	92	35	0	0	0	0
AF	0	0.147720	93	62	31	0	0	0	0
AF	0	0.148032	128	90	38	0	0	0	0
AF	0	0.148345	118	74	44	0	0	0	0
AF	0	0.148657	128	94	34	0	0	0	0
AF	0	0.148969	153	108	45	0	0	0	0
AF	0	0.149282	141	98	43	0	0	0	0
AF	0	0.149594	126	91	35	0	0	0	0
AF	0	0.149906	136	104	32	0	0	0	0
AF	0	0.150219	126	87	39	0	0	0	0
AF	0	0.150531	135	100	35	0	0	0	0
AF	0	0.150843	144	95	49	0	0	0	0
AF	0	0.151156	137	85	52	0	0	0	0
AF	0	0.151468	130	87	43	0	0	0	0
AF	0	0.151780	156	112	44	0	0	0	0
AF	0	0.152092	137	89	48	0	0	0	0
AF	0	0.152405	122	86	36	0	0	0	0
AF	0	0.152717	133	94	39	0	0	0	0
AF	0	0.153029	137	82	55	0	0	0	0
AF	0	0.153342	190	140	50	0	0	0	0
AF	0	0.153654	121	88	33	0	0	0	0
AF	0	0.153966	144	92	52	0	0	0	0
AF	0	0.154279	149	109	40	0	0	0	0
AF	0	0.154591	177	124	53	0	0	0	0
AF	0	0.154903	154	109	45	0	0	0	0
AF	0	0.155215	117	86	31	0	0	0	0
AF	0	0.155528	145	101	44	0	0	0	0
AF	0	0.155840	115	82	33	0	0	0	0
AF	0	0.156152	149	103	46	0	0	0	0
AF	0	0.156465	144	100	44	0	0	0	0
AF	0	0.156777	119	79	40	0	0	0	0
AF	0	0.157089	140	103	37	0	0	0	0
AF	0	0.157402	114	82	32	0	0	0	0
AF	0	0.157714	134	96	38	0	0	0	0
AF	0	0.158026	171	116	55	0	0	0	0
AF	0	0.158339	130	77	53	0	0	0	0
AF	0	0.158651	149	106	43	0	0	0	0
AF	0	0.158963	129	90	39	0	0	0	0
AF	0	0.159275	148	103	45	0	0	0	0
AF	0	0.159588	119	79	40	0	0	0	0
AF	0	0.159900	141	93	48	0	0	0	0
AF	0	0.160212	149	106	43	0	0	0	0
AF	0	0.160525	182	129	53	0	0	0	0
AF	0	0.160837	116	67	49	0	0	0	0
AF	0	0.161149	132	95	37	0	0	0	0
AF	0	0.161462	135	85	50	0	0	0	0
AF	0	0.161774	135	92	43	0	0	0	0
AF	0	0.162086	134	89	45	0	0	0	0
AF	0	0.162399	122	87	35	0	0	0	0
AF	0	0.162711	114	76	38	0	0	0	0
AF	0	0.163023	105	67	38	0	0	0	0
AF	0	0.163335	102	64	38	0	0	0	0
AF	0	0.163648	140	95	45	0	0	0	0
AF	0	0.163960	244	174	70	0	0	0	0
AF	0	0.164272	133	97	36	0	0	0	0
AF	0	0.164585	120	79	41	0	0	0	0
AF	0	0.164897	83	60	23	0	0	0	0
AF	0	0.165209	113	76	37	0	0	0	0
AF	0	0.165522	127	86	41	0	0	0	0
AF	0	0.165834	107	71	36	0	0	0	0
AF	0	0.166146	98	62	36	0	0	0	0
AF	0	0.166458	118	85	33	0	0	0	0
AF	0	0.166771	138	107	31	0	0	0	0
AF	0	0.167083	112	80	32	0	0	0	0
AF	0	0.167395	128	92	36	0	0	0	0
AF	0	0.167708	97	67	30	0	0	0	0
AF	0	0.168020	118	73	45	0	0	0	0
AF	0	0.168332	102	80	22	0	0	0	0
AF	0	0.168645	108	76	32	0	0	0	0
AF	0	0.168957	120	82	38	0	0	0	0
AF	0	0.169269	110	74	36	0	0	0	0
AF	0	0.169582	136	98	38	0	0	0	0
AF	0	0.169894	109	75	34	0	0	0	0
AF	0	0.170206	105	75	30	0	0	0	0
AF	0	0.170518	116	83	33	0	0	0	0
AF	0	0.170831	110	74	36	0	0	0	0
AF	0	0.171143	124	92	32	0	0	0	0
AF	0	0.171455	110	73	37	0	0	0	0
AF	0	0.171768	126	95	31	0	0	0	0
AF	0	0.172080	122	91	31	0	0	0	0
AF	0	0.172392	146	98	48	0	0	0	0
AF	0	0.172705	154	112	42	0	0	0	0
AF	0	0.173017	141	101	40	0	0	0	0
AF	0	0.173329	144	87	57	0	0	0	0
AF	0	0.173641	131	95	36	0	0	0	0
AF	0	0.173954	150	99	51	0	0	0	0
AF	0	0.174266	144	97	47	0	0	0	0
AF	0	0.174578	146	98	48	0	0	0	0
AF	0	0.174891	148	99	49	0	0	0	0
AF	0	0.175203	132	99	33	0	0	0	0
AF	0	0.175515	105	80	25	0	0	0	0
AF	0	0.175828	119	90	29	0	0	0	0
AF	0	0.176140	131	100	31	0	0	0	0
AF	0	0.176452	120	74	46	0	0	0	0
AF	0	0.176765	116	76	40	0	0	0	0
AF	0	0.177077	111	81	30	0	0	0	0
AF	0	0.177389	137	94	43	0	0	0	0
AF	0	0.177701	99	75	24	0	0	0	0
AF	0	0.178014	83	63	20	0	0	0	0
AF	0	0.178326	110	72	38	0	0	0	0
AF	0	0.178638	118	84	34	0	0	0	0
AF	0	0.178951	131	95	36	0	0	0	0
AF	0	0.179263	119	81	38	0	0	0	0
AF	0	0.179575	118	82	36	0	0	0	0
AF	0	0.179888	104	73	31	0	0	0	0
AF	0	0.180200	126	91	35	0	0	0	0
AF	0	0.180512	115	75	40	0	0	0	0
AF	0	0.180824	110	75	35	0	0	0	0
AF	0	0.181137	112	74	38	0	0	0	0
AF	0	0.181449	92	67	25	0	0	0	0
AF	0	0.181761	124	93	31	0	0	0	0
AF	0	0.182074	118	80	38	0	0	0	0
AF	0	0.182386	108	78	30	0	0	0	0
AF	0	0.182698	114	79	35	0	0	0	0
AF	0	0.183011	97	70	27	0	0	0	0
AF	0	0.183323	103	75	28	0	0	0	0
AF	0	0.183635	105	73	32	0	0	0	0
AF	0	0.183948	97	66	31	0	0	0	0
AF	0	0.184260	109	76	33	0	0	0	0
AF	0	0.184572	101	78	23	0	0	0	0
AF	0	0.184884	122	83	39	0	0	0	0
AF	0	0.185197	119	85	34	0	0	0	0
AF	0	0.185509	102	71	31	0	0	0	0
AF	0	0.185821	80	59	21	0	0	0	0
AF	0	0.186134	95	67	28	0	0	0	0
AF	0	0.186446	123	86	37	0	0	0	0
AF	0	0.186758	116	83	33	0	0	0	0
AF	0	0.187071	109	75	34	0	0	0	0
AF	0	0.187383	90	57	33	0	0	0	0
AF	0	0.187695	114	78	36	0	0	0	0
AF	0	0.188007	148	105	43	0	0	0	0
AF	0	0.188320	107	77	30	0	0	0	0
AF	0	0.188632	113	83	30	0	0	0	0
AF	0	0.188944	112	85	27	0	0	0	0
AF	0	0.189257	114	88	26	0	0	0	0
AF	0	0.189569	105	66	39	0	0	0	0
AF	0	0.189881	110	75	35	0	0	0	0
AF	0	0.190194	109	69	40	0	0	0	0
AF	0	0.190506	110	78	32	0	0	0	0
AF	0	0.190818	100	71	29	0	0	0	0
AF	0	0.191131	78	52	26	0	0	0	0
AF	0	0.191443	101	78	23	0	0	0	0
AF	0	0.191755	101	68	33	0	0	0	0
AF	0	0.192067	80	55	25	0	0	0	0
AF	0	0.192380	99	69	30	0	0	0	0
AF	0	0.192692	89	65	24	0	0	0	0
AF	0	0.193004	131	85	46	0	0	0	0
AF	0	0.193317	110	77	33	0	0	0	0
AF	0	0.193629	94	66	28	0	0	0	0
AF	0	0.193941	101	71	30	0	0	0	0
AF	0	0.194254	80	58	22	0	0	0	0
AF	0	0.194566	84	52	32	0	0	0	0
AF	0	0.194878	120	83	37	0	0	0	0
AF	0	0.195191	94	67	27	0	0	0	0
AF	0	0.195503	89	67	22	0	0	0	0
AF	0	0.195815	99	66	33	0	0	0	0
AF	0	0.196127	99	65	34	0	0	0	0
AF	0	0.196440	107	70	37	0	0	0	0
AF	0	0.196752	73	51	22	0	0	0	0
AF	0	0.197064	87	52	35	0	0	0	0
AF	0	0.197377	94	66	28	0	0	0	0
AF	0	0.197689	93	73	20	0	0	0	0
AF	0	0.198001	105	69	36	0	0	0	0
AF	0	0.198314	108	82	26	0	0	0	0
AF	0	0.198626	101	68	33	0	0	0	0
AF	0	0.198938	105	74	31	0	0	0	0
AF	0	0.199250	87	67	20	0	0	0	0
AF	0	0.199563	103	71	32	0	0	0	0
AF	0	0.199875	90	60	30	0	0	0	0
AF	0	0.200187	98	65	33	0	0	0	0
AF	0	0.200500	93	68	25	0	0	0	0
AF	0	0.200812	123	87	36	0	0	0	0
AF	0	0.201124	112	83	29	0	0	0	0
AF	0	0.201437	99	66	33	0	0	0	0
AF	0	0.201749	77	47	30	0	0	0	0
AF	0	0.202061	107	77	30	0	0	0	0
AF	0	0.202374	76	54	22	0	0	0	0
AF	0	0.202686	96	72	24	0	0	0	0
AF	0	0.202998	92	59	33	0	0	0	0
AF	0	0.203310	110	83	27	0	0	0	0
AF	0	0.203623	94	65	29	0	0	0	0
AF	0	0.203935	103	72	31	0	0	0	0
AF	0	0.204247	132	98	34	0	0	0	0
AF	0	0.204560	114	75	39	0	0	0	0
AF	0	0.204872	86	60	26	0	0	0	0
AF	0	0.205184	104	78	26	0	0	0	0
AF	0	0.205497	110	75	35	0	0	0	0
AF	0	0.205809	97	67	30	0	0	0	0
AF	0	0.206121	85	58	27	0	0	0	0
AF	0	0.206433	96	75	21	0	0	0	0
AF	0	0.206746	83	62	21	0	0	0	0
AF	0	0.207058	94	64	30	0	0	0	0
AF	0	0.207370	97	72	25	0	0	0	0
AF	0	0.207683	75	52	23	0	0	0	0
AF	0	0.207995	124	79	45	0	0	0	0
AF	0	0.208307	91	59	32	0	0	0	0
AF	0	0.208620	82	57	25	0	0	0	0
AF	0	0.208932	99	67	32	0	0	0	0
AF	0	0.209244	108	69	39	0	0	0	0
AF	0	0.209557	84	57	27	0	0	0	0
AF	0	0.209869	115	82	33	0	0	0	0
AF	0	0.210181	114	84	30	0	0	0	0
AF	0	0.210493	98	72	26	0	0	0	0
AF	0	0.210806	101	75	26	0	0	0	0
AF	0	0.211118	89	64	25	0	0	0	0
AF	0	0.211430	120	75	45	0	0	0	0
AF	0	0.211743	146	101	45	0	0	0	0
AF	0	0.212055	99	69	30	0	0	0	0
AF	0	0.212367	106	68	38	0	0	0	0
AF	0	0.212680	79	58	21	0	0	0	0
AF	0	0.212992	75	52	23	0	0	0	0
AF	0	0.213304	97	69	28	0	0	0	0
AF	0	0.213616	104	77	27	0	0	0	0
AF	0	0.213929	94	63	31	0	0	0	0
AF	0	0.214241	86	55	31	0	0	0	0
AF	0	0.214553	101	66	35	0	0	0	0
AF	0	0.214866	67	53	14	0	0	0	0
AF	0	0.215178	101	70	31	0	0	0	0
AF	0	0.215490	81	56	25	0	0	0	0
AF	0	0.215803	69	54	15	0	0	0	0
AF	0	0.216115	72	46	26	0	0	0	0
AF	0	0.216427	72	51	21	0	0	0	0
AF	0	0.216740	93	63	30	0	0	0	0
AF	0	0.217052	105	66	39	0	0	0	0
AF	0	0.217364	89	72	17	0	0	0	0
AF	0	0.217676	84	56	28	0	0	0	0
AF	0	0.217989	116	78	38	0	0	0	0
AF	0	0.218301	91	65	26	0	0	0	0
AF	0	0.218613	119	87	32	0	0	0	0
AF	0	0.218926	82	48	34	0	0	0	0
AF	0	0.219238	100	71	29	0	0	0	0
AF	0	0.219550	127	83	44	0	0	0	0
AF	0	0.219863	107	70	37	0	0	0	0
AF	0	0.220175	92	67	25	0	0	0	0
AF	0	0.220487	111	76	35	0	0	0	0
AF	0	0.220800	98	67	31	0	0	0	0
AF	0	0.221112	81	61	20	0	0	0	0
AF	0	0.221424	75	49	26	0	0	0	0
AF	0	0.221736	107	77	30	0	0	0	0
AF	0	0.222049	80	58	22	0	0	0	0
AF	0	0.222361	103	80	23	0	0	0	0
AF	0	0.222673	104	77	27	0	0	0	0
AF	0	0.222986	103	75	28	0	0	0	0
AF	0	0.223298	96	61	35	0	0	0	0
AF	0	0.223610	106	75	31	0	0	0	0
AF	0	0.223923	131	95	36	0	0	0	0
AF	0	0.224235	95	76	19	0	0	0	0
AF	0	0.224547	114	79	35	0	0	0	0
AF	0	0.224859	132	100	32	0	0	0	0
AF	0	0.225172	95	67	28	0	0	0	0
AF	0	0.225484	73	49	24	0	0	0	0
AF	0	0.225796	91	61	30	0	0	0	0
AF	0	0.226109	101	67	34	0	0	0	0
AF	0	0.226421	114	84	30	0	0	0	0
AF	0	0.226733	55	43	12	0	0	0	0
AF	0	0.227046	83	56	27	0	0	0	0
AF	0	0.227358	75	43	32	0	0	0	0
AF	0	0.227670	100	65	35	0	0	0	0
AF	0	0.227983	80	60	20	0	0	0	0
AF	0	0.228295	113	71	42	0	0	0	0
AF	0	0.228607	80	53	27	0	0	0	0
AF	0	0.228919	83	63	20	0	0	0	0
AF	0	0.229232	74	51	23	0	0	0	0
AF	0	0.229544	98	67	31	0	0	0	0
AF	0	0.229856	84	52	32	0	0	0	0
AF	0	0.230169	87	62	25	0	0	0	0
AF	0	0.230481	70	48	22	0	0	0	0
AF	0	0.230793	81	59	22	0	0	0	0
AF	0	0.231106	79	49	30	0	0	0	0
AF	0	0.231418	88	63	25	0	0	0	0
AF	0	0.231730	113	75	38	0	0	0	0
AF	0	0.232042	90	69	21	0	0	0	0
AF	0	0.232355	112	75	37	0	0	0	0
AF	0	0.232667	105	69	36	0	0	0	0
AF	0	0.232979	89	64	25	0	0	0	0
AF	0	0.233292	81	55	26	0	0	0	0
AF	0	0.233604	85	58	27	0	0	0	0
AF	0	0.233916	109	76	33	0	0	0	0
AF	0	0.234229	87	61	26	0	0	0	0
AF	0	0.234541	86	55	31	0	0	0	0
AF	0	0.234853	78	50	28	0	0	0	0
AF	0	0.235166	84	61	23	0	0	0	0
AF	0	0.235478	98	71	27	0	0	0	0
AF	0	0.235790	78	63	15	0	0	0	0
AF	0	0.236102	72	45	27	0	0	0	0
AF	0	0.236415	84	57	27	0	0	0	0
AF	0	0.236727	75	49	26	0	0	0	0
AF	0	0.237039	88	66	22	0	0	0	0
AF	0	0.237352	86	54	32	0	0	0	0
AF	0	0.237664	103	71	32	0	0	0	0
AF	0	0.237976	77	53	24	0	0	0	0
AF	0	0.238289	70	51	19	0	0	0	0
AF	0	0.238601	70	48	22	0	0	0	0
AF	0	0.238913	79	57	22	0	0	0	0
AF	0	0.239225	81	59	22	0	0	0	0
AF	0	0.239538	77	58	19	0	0	0	0
AF	0	0.239850	115	78	37	0	0	0	0
AF	0	0.240162	103	74	29	0	0	0	0
AF	0	0.240475	92	80	12	0	0	0	0
AF	0	0.240787	100	74	26	0	0	0	0
AF	0	0.241099	98	64	34	0	0	0	0
AF	0	0.241412	84	58	26	0	0	0	0
AF	0	0.241724	113	88	25	0	0	0	0
AF	0	0.242036	122	86	36	0	0	0	0
AF	0	0.242349	82	56	26	0	0	0	0
AF	0	0.242661	108	75	33	0	0	0	0
AF	0	0.242973	117	79	38	0	0	0	0
AF	0	0.243285	94	74	20	0	0	0	0
AF	0	0.243598	95	71	24	0	0	0	0
AF	0	0.243910	87	60	27	0	0	0	0
AF	0	0.244222	61	48	13	0	0	0	0
AF	0	0.244535	62	48	14	0	0	0	0
AF	0	0.244847	84	60	24	0	0	0	0
AF	0	0.245159	78	54	24	0	0	0	0
AF	0	0.245472	75	48	27	0	0	0	0
AF	0	0.245784	66	47	19	0	0	0	0
AF	0	0.246096	95	68	27	0	0	0	0
AF	0	0.246408	94	63	31	0	0	0	0
AF	0	0.246721	90	66	24	0	0	0	0
AF	0	0.247033	78	60	18	0	0	0	0
AF	0	0.247345	86	60	26	0	0	0	0
AF	0	0.247658	97	76	21	0	0	0	0
AF	0	0.247970	82	56	26	0	0	0	0
AF	0	0.248282	72	48	24	0	0	0	0
AF	0	0.248595	78	47	31	0	0	0	0
AF	0	0.248907	109	79	30	0	0	0	0
AF	0	0.249219	76	52	24	0	0	0	0
AF	0	0.249532	90	58	32	0	0	0	0
AF	0	0.249844	94	71	23	0	0	0	0
AF	0	0.250156	68	41	27	0	0	0	0
AF	0	0.250468	68	44	24	0	0	0	0
AF	0	0.250781	86	56	30	0	0	0	0
AF	0	0.251093	66	46	20	0	0	0	0
AF	0	0.251405	86	58	28	0	0	0	0
AF	0	0.251718	78	56	22	0	0	0	0
AF	0	0.252030	66	44	22	0	0	0	0
AF	0	0.252342	81	59	22	0	0	0	0
AF	0	0.252655	75	53	22	0	0	0	0
AF	0	0.252967	83	51	32	0	0	0	0
AF	0	0.253279	82	59	23	0	0	0	0
AF	0	0.253592	68	53	15	0	0	0	0
AF	0	0.253904	72	51	21	0	0	0	0
AF	0	0.254216	75	50	25	0	0	0	0
AF	0	0.254528	68	41	27	0	0	0	0
AF	0	0.254841	78	54	24	0	0	0	0
AF	0	0.255153	111	80	31	0	0	0	0
AF	0	0.255465	77	48	29	0	0	0	0
AF	0	0.255778	57	40	17	0	0	0	0
AF	0	0.256090	62	47	15	0	0	0	0
AF	0	0.256402	75	45	30	0	0	0	0
AF	0	0.256715	77	55	22	0	0	0	0
AF	0	0.257027	82	57	25	0	0	0	0
AF	0	0.257339	73	50	23	0	0	0	0
AF	0	0.257651	62	35	27	0	0	0	0
AF	0	0.257964	82	68	14	0	0	0	0
AF	0	0.258276	70	45	25	0	0	0	0
AF	0	0.258588	58	38	20	0	0	0	0
AF	0	0.258901	83	57	26	0	0	0	0
AF	0	0.259213	71	44	27	0	0	0	0
AF	0	0.259525	79	59	20	0	0	0	0
AF	0	0.259838	82	58	24	0	0	0	0
AF	0	0.260150	77	50	27	0	0	0	0
AF	0	0.260462	70	44	26	0	0	0	0
AF	0	0.260775	67	49	18	0	0	0	0
AF	0	0.261087	48	30	18	0	0	0	0
AF	0	0.261399	79	60	19	0	0	0	0
AF	0	0.261711	76	54	22	0	0	0	0
AF	0	0.262024	79	61	18	0	0	0	0
AF	0	0.262336	52	32	20	0	0	0	0
AF	0	0.262648	79	48	31	0	0	0	0
AF	0	0.262961	59	37	22	0	0	0	0
AF	0	0.263273	93	61	32	0	0	0	0
AF	0	0.263585	80	54	26	0	0	0	0
AF	0	0.263898	89	53	36	0	0	0	0
AF	0	0.264210	75	52	23	0	0	0	0
AF	0	0.264522	115	81	34	0	0	0	0
AF	0	0.264834	85	62	23	0	0	0	0
AF	0	0.265147	83	58	25	0	0	0	0
AF	0	0.265459	123	79	44	0	0	0	0
AF	0	0.265771	64	51	13	0	0	0	0
AF	0	0.266084	63	41	22	0	0	0	0
AF	0	0.266396	68	49	19	0	0	0	0
AF	0	0.266708	70	53	17	0	0	0	0
AF	0	0.267021	70	52	18	0	0	0	0
AF	0	0.267333	53	37	16	0	0	0	0
AF	0	0.267645	68	55	13	0	0	0	0
AF	0	0.267958	69	51	18	0	0	0	0
AF	0	0.268270	85	58	27	0	0	0	0
AF	0	0.268582	88	62	26	0	0	0	0
AF	0	0.268894	69	39	30	0	0	0	0
AF	0	0.269207	74	52	22	0	0	0	0
AF	0	0.269519	81	61	20	0	0	0	0
AF	0	0.269831	65	41	24	0	0	0	0
AF	0	0.270144	87	59	28	0	0	0	0
AF	0	0.270456	50	36	14	0	0	0	0
AF	0	0.270768	60	42	18	0	0	0	0
AF	0	0.271081	52	41	11	0	0	0	0
AF	0	0.271393	70	46	24	0	0	0	0
AF	0	0.271705	66	46	20	0	0	0	0
AF	0	0.272017	69	43	26	0	0	0	0
AF	0	0.272330	62	44	18	0	0	0	0
AF	0	0.272642	84	60	24	0	0	0	0
AF	0	0.272954	68	38	30	0	0	0	0
AF	0	0.273267	80	58	22	0	0	0	0
AF	0	0.273579	87	58	29	0	0	0	0
AF	0	0.273891	60	42	18	0	0	0	0
AF	0	0.274204	96	64	32	0	0	0	0
AF	0	0.274516	74	57	17	0	0	0	0
AF	0	0.274828	74	55	19	0	0	0	0
AF	0	0.275141	72	53	19	0	0	0	0
AF	0	0.275453	56	40	16	0	0	0	0
AF	0	0.275765	89	61	28	0	0	0	0
AF	0	0.276077	83	57	26	0	0	0	0
AF	0	0.276390	74	50	24	0	0	0	0
AF	0	0.276702	85	62	23	0	0	0	0
AF	0	0.277014	111	88	23	0	0	0	0
AF	0	0.277327	129	86	43	0	0	0	0
AF	0	0.277639	68	51	17	0	0	0	0
AF	0	0.277951	91	67	24	0	0	0	0
AF	0	0.278264	68	44	24	0	0	0	0
AF	0	0.278576	87	64	23	0	0	0	0
AF	0	0.278888	78	58	20	0	0	0	0
AF	0	0.279200	65	44	21	0	0	0	0
AF	0	0.279513	74	50	24	0	0	0	0
AF	0	0.279825	67	48	19	0	0	0	0
AF	0	0.280137	58	47	11	0	0	0	0
AF	0	0.280450	75	56	19	0	0	0	0
AF	0	0.280762	85	55	30	0	0	0	0
AF	0	0.281074	66	54	12	0	0	0	0
AF	0	0.281387	62	44	18	0	0	0	0
AF	0	0.281699	86	57	29	0	0	0	0
AF	0	0.282011	75	50	25	0	0	0	0
AF	0	0.282324	68	51	17	0	0	0	0
AF	0	0.282636	96	60	36	0	0	0	0
AF	0	0.282948	81	57	24	0	0	0	0
AF	0	0.283260	72	55	17	0	0	0	0
AF	0	0.283573	72	44	28	0	0	0	0
AF	0	0.283885	68	56	12	0	0	0	0
AF	0	0.284197	77	53	24	0	0	0	0
AF	0	0.284510	109	74	35	0	0	0	0
AF	0	0.284822	74	50	24	0	0	0	0
AF	0	0.285134	73	49	24	0	0	0	0
AF	0	0.285447	61	50	11	0	0	0	0
AF	0	0.285759	70	45	25	0	0	0	0
AF	0	0.286071	99	71	28	0	0	0	0
AF	0	0.286384	108	74	34	0	0	0	0
AF	0	0.286696	91	64	27	0	0	0	0
AF	0	0.287008	77	58	19	0	0	0	0
AF	0	0.287320	69	47	22	0	0	0	0
AF	0	0.287633	56	37	19	0	0	0	0
AF	0	0.287945	44	36	8	0	0	0	0
AF	0	0.288257	67	54	13	0	0	0	0
AF	0	0.288570	75	50	25	0	0	0	0
AF	0	0.288882	71	46	25	0	0	0	0
AF	0	0.289194	84	63	21	0	0	0	0
AF	0	0.289507	80	53	27	0	0	0	0
AF	0	0.289819	76	54	22	0	0	0	0
AF	0	0.290131	72	43	29	0	0	0	0
AF	0	0.290443	74	51	23	0	0	0	0
AF	0	0.290756	83	61	22	0	0	0	0
AF	0	0.291068	66	44	22	0	0	0	0
AF	0	0.291380	66	46	20	0	0	0	0
AF	0	0.291693	69	52	17	0	0	0	0
AF	0	0.292005	62	49	13	0	0	0	0
AF	0	0.292317	72	49	23	0	0	0	0
AF	0	0.292630	56	40	16	0	0	0	0
AF	0	0.292942	47	35	12	0	0	0	0
AF	0	0.293254	72	51	21	0	0	0	0
AF	0	0.293567	66	48	18	0	0	0	0
AF	0	0.293879	76	48	28	0	0	0	0
AF	0	0.294191	66	50	16	0	0	0	0
AF	0	0.294503	64	38	26	0	0	0	0
AF	0	0.294816	80	55	25	0	0	0	0
AF	0	0.295128	57	32	25	0	0	0	0
AF	0	0.295440	60	39	21	0	0	0	0
AF	0	0.295753	55	37	18	0	0	0	0
AF	0	0.296065	74	50	24	0	0	0	0
AF	0	0.296377	111	88	23	0	0	0	0
AF	0	0.296690	71	48	23	0	0	0	0
AF	0	0.297002	54	36	18	0	0	0	0
AF	0	0.297314	56	36	20	0	0	0	0
AF	0	0.297626	65	51	14	0	0	0	0
AF	0	0.297939	62	41	21	0	0	0	0
AF	0	0.298251	58	39	19	0	0	0	0
AF	0	0.298563	66	40	26	0	0	0	0
AF	0	0.298876	36	27	9	0	0	0	0
AF	0	0.299188	58	40	18	0	0	0	0
AF	0	0.299500	74	55	19	0	0	0	0
AF	0	0.299813	56	35	21	0	0	0	0
AF	0	0.300125	56	38	18	0	0	0	0
AF	0	0.300437	72	52	20	0	0	0	0
AF	0	0.300750	76	52	24	0	0	0	0
AF	0	0.301062	67	44	23	0	0	0	0
AF	0	0.301374	63	43	20	0	0	0	0
AF	0	0.301686	58	44	14	0	0	0	0
AF	0	0.301999	47	36	11	0	0	0	0
AF	0	0.302311	57	43	14	0	0	0	0
AF	0	0.302623	73	50	23	0	0	0	0
AF	0	0.302936	72	43	29	0	0	0	0
AF	0	0.303248	55	43	12	0	0	0	0
AF	0	0.303560	50	35	15	0	0	0	0
AF	0	0.303873	55	36	19	0	0	0	0
AF	0	0.304185	47	31	16	0	0	0	0
AF	0	0.304497	55	33	22	0	0	0	0
AF	0	0.304809	43	30	13	0	0	0	0
AF	0	0.305122	50	33	17	0	0	0	0
AF	0	0.305434	73	64	9	0	0	0	0
AF	0	0.305746	59	43	16	0	0	0	0
AF	0	0.306059	59	45	14	0	0	0	0
AF	0	0.306371	63	48	15	0	0	0	0
AF	0	0.306683	91	55	36	0	0	0	0
AF	0	0.306996	61	40	21	0	0	0	0
AF	0	0.307308	83	61	22	0	0	0	0
AF	0	0.307620	62	40	22	0	0	0	0
AF	0	0.307933	76	50	26	0	0	0	0
AF	0	0.308245	77	58	19	0	0	0	0
AF	0	0.308557	60	42	18	0	0	0	0
AF	0	0.308869	67	50	17	0	0	0	0
AF	0	0.309182	73	52	21	0	0	0	0
AF	0	0.309494	77	51	26	0	0	0	0
AF	0	0.309806	79	55	24	0	0	0	0
AF	0	0.310119	83	60	23	0	0	0	0
AF	0	0.310431	71	44	27	0	0	0	0
AF	0	0.310743	55	40	15	0	0	0	0
AF	0	0.311056	56	44	12	0	0	0	0
AF	0	0.311368	58	44	14	0	0	0	0
AF	0	0.311680	66	50	16	0	0	0	0
AF	0	0.311993	50	29	21	0	0	0	0
AF	0	0.312305	37	26	11	0	0	0	0
AF	0	0.312617	57	46	11	0	0	0	0
AF	0	0.312929	48	32	16	0	0	0	0
AF	0	0.313242	62	37	25	0	0	0	0
AF	0	0.313554	49	25	24	0	0	0	0
AF	0	0.313866	58	41	17	0	0	0	0
AF	0	0.314179	48	30	18	0	0	0	0
AF	0	0.314491	61	43	18	0	0	0	0
AF	0	0.314803	95	67	28	0	0	0	0
AF	0	0.315116	62	40	22	0	0	0	0
AF	0	0.315428	55	37	18	0	0	0	0
AF	0	0.315740	50	32	18	0	0	0	0
AF	0	0.316052	58	33	25	0	0	0	0
AF	0	0.316365	49	37	12	0	0	0	0
AF	0	0.316677	54	35	19	0	0	0	0
AF	0	0.316989	65	45	20	0	0	0	0
AF	0	0.317302	47	34	13	0	0	0	0
AF	0	0.317614	64	48	16	0	0	0	0
AF	0	0.317926	43	32	11	0	0	0	0
AF	0	0.318239	64	48	16	0	0	0	0
AF	0	0.318551	63	44	19	0	0	0	0
AF	0	0.318863	58	44	14	0	0	0	0
AF	0	0.319176	88	66	22	0	0	0	0
AF	0	0.319488	80	56	24	0	0	0	0
AF	0	0.319800	46	32	14	0	0	0	0
AF	0	0.320112	64	46	18	0	0	0	0
AF	0	0.320425	65	47	18	0	0	0	0
AF	0	0.320737	67	44	23	0	0	0	0
AF	0	0.321049	61	40	21	0	0	0	0
AF	0	0.321362	78	46	32	0	0	0	0
AF	0	0.321674	68	50	18	0	0	0	0
AF	0	0.321986	56	43	13	0	0	0	0
AF	0	0.322299	45	34	11	0	0	0	0
AF	0	0.322611	76	50	26	0	0	0	0
AF	0	0.322923	88	56	32	0	0	0	0
AF	0	0.323235	63	40	23	0	0	0	0
AF	0	0.323548	59	35	24	0	0	0	0
AF	0	0.323860	56	43	13	0	0	0	0
AF	0	0.324172	59	39	20	0	0	0	0
AF	0	0.324485	69	43	26	0	0	0	0
AF	0	0.324797	77	53	24	0	0	0	0
AF	0	0.325109	90	65	25	0	0	0	0
AF	0	0.325422	52	34	18	0	0	0	0
AF	0	0.325734	53	36	17	0	0	0	0
AF	0	0.326046	62	52	10	0	0	0	0
AF	0	0.326359	54	38	16	0	0	0	0
AF	0	0.326671	58	37	21	0	0	0	0
AF	0	0.326983	62	48	14	0	0	0	0
AF	0	0.327295	55	39	16	0	0	0	0
AF	0	0.327608	39	29	10	0	0	0	0
AF	0	0.327920	52	39	13	0	0	0	0
AF	0	0.328232	41	26	15	0	0	0	0
AF	0	0.328545	73	56	17	0	0	0	0
AF	0	0.328857	72	59	13	0	0	0	0
AF	0	0.329169	79	60	19	0	0	0	0
AF	0	0.329482	94	61	33	0	0	0	0
AF	0	0.329794	75	48	27	0	0	0	0
AF	0	0.330106	65	46	19	0	0	0	0
AF	0	0.330418	48	31	17	0	0	0	0
AF	0	0.330731	70	44	26	0	0	0	0
AF	0	0.331043	70	52	18	0	0	0	0
AF	0	0.331355	63	47	16	0	0	0	0
AF	0	0.331668	56	49	7	0	0	0	0
AF	0	0.331980	44	26	18	0	0	0	0
AF	0	0.332292	60	43	17	0	0	0	0
AF	0	0.332605	58	40	18	0	0	0	0
AF	0	0.332917	59	45	14	0	0	0	0
AF	0	0.333229	52	34	18	0	0	0	0
AF	0	0.333542	55	38	17	0	0	0	0
AF	0	0.333854	40	29	11	0	0	0	0
AF	0	0.334166	57	38	19	0	0	0	0
AF	0	0.334478	67	42	25	0	0	0	0
AF	0	0.334791	62	46	16	0	0	0	0
AF	0	0.335103	47	32	15	0	0	0	0
AF	0	0.335415	56	31	25	0	0	0	0
AF	0	0.335728	42	29	13	0	0	0	0
AF	0	0.336040	57	46	11	0	0	0	0
AF	0	0.336352	57	43	14	0	0	0	0
AF	0	0.336665	69	48	21	0	0	0	0
AF	0	0.336977	47	30	17	0	0	0	0
AF	0	0.337289	60	41	19	0	0	0	0
AF	0	0.337601	50	41	9	0	0	0	0
AF	0	0.337914	63	39	24	0	0	0	0
AF	0	0.338226	59	41	18	0	0	0	0
AF	0	0.338538	59	39	20	0	0	0	0
AF	0	0.338851	57	39	18	0	0	0	0
AF	0	0.339163	50	40	10	0	0	0	0
AF	0	0.339475	58	43	15	0	0	0	0
AF	0	0.339788	52	42	10	0	0	0	0
AF	0	0.340100	71	51	20	0	0	0	0
AF	0	0.340412	67	46	21	0	0	0	0
AF	0	0.340725	68	47	21	0	0	0	0
AF	0	0.341037	82	57	25	0	0	0	0
AF	0	0.341349	64	42	22	0	0	0	0
AF	0	0.341661	54	39	15	0	0	0	0
AF	0	0.341974	60	43	17	0	0	0	0
AF	0	0.342286	56	39	17	0	0	0	0
AF	0	0.342598	50	39	11	0	0	0	0
AF	0	0.342911	72	47	25	0	0	0	0
AF	0	0.343223	68	43	25	0	0	0	0
AF	0	0.343535	83	61	22	0	0	0	0
AF	0	0.343848	49	34	15	0	0	0	0
AF	0	0.344160	55	39	16	0	0	0	0
AF	0	0.344472	60	43	17	0	0	0	0
AF	0	0.344785	69	42	27	0	0	0	0
AF	0	0.345097	75	53	22	0	0	0	0
AF	0	0.345409	69	44	25	0	0	0	0
AF	0	0.345721	53	41	12	0	0	0	0
AF	0	0.346034	38	24	14	0	0	0	0
AF	0	0.346346	50	29	21	0	0	0	0
AF	0	0.346658	51	33	18	0	0	0	0
AF	0	0.346971	92	61	31	0	0	0	0
AF	0	0.347283	58	36	22	0	0	0	0
AF	0	0.347595	98	66	32	0	0	0	0
AF	0	0.347908	72	49	23	0	0	0	0
AF	0	0.348220	52	39	13	0	0	0	0
AF	0	0.348532	61	44	17	0	0	0	0
AF	0	0.348844	62	46	16	0	0	0	0
AF	0	0.349157	86	61	25	0	0	0	0
AF	0	0.349469	55	39	16	0	0	0	0
AF	0	0.349781	60	43	17	0	0	0	0
AF	0	0.350094	60	36	24	0	0	0	0
AF	0	0.350406	43	33	10	0	0	0	0
AF	0	0.350718	45	28	17	0	0	0	0
AF	0	0.351031	66	49	17	0	0	0	0
AF	0	0.351343	52	38	14	0	0	0	0
AF	0	0.351655	67	43	24	0	0	0	0
AF	0	0.351968	50	34	16	0	0	0	0
AF	0	0.352280	48	38	10	0	0	0	0
AF	0	0.352592	57	39	18	0	0	0	0
AF	0	0.352904	50	37	13	0	0	0	0
AF	0	0.353217	49	33	16	0	0	0	0
AF	0	0.353529	61	37	24	0	0	0	0
AF	0	0.353841	47	27	20	0	0	0	0
AF	0	0.354154	53	35	18	0	0	0	0
AF	0	0.354466	70	51	19	0	0	0	0
AF	0	0.354778	65	45	20	0	0	0	0
AF	0	0.355091	50	39	11	0	0	0	0
AF	0	0.355403	45	26	19	0	0	0	0
AF	0	0.355715	50	33	17	0	0	0	0
AF	0	0.356027	44	31	13	0	0	0	0
AF	0	0.356340	50	36	14	0	0	0	0
AF	0	0.356652	51	34	17	0	0	0	0
AF	0	0.356964	36	26	10	0	0	0	0
AF	0	0.357277	58	45	13	0	0	0	0
AF	0	0.357589	70	50	20	0	0	0	0
AF	0	0.357901	71	51	20	0	0	0	0
AF	0	0.358214	60	43	17	0	0	0	0
AF	0	0.358526	66	45	21	0	0	0	0
AF	0	0.358838	40	30	10	0	0	0	0
AF	0	0.359151	58	39	19	0	0	0	0
AF	0	0.359463	66	44	22	0	0	0	0
AF	0	0.359775	55	40	15	0	0	0	0
AF	0	0.360087	51	33	18	0	0	0	0
AF	0	0.360400	54	38	16	0	0	0	0
AF	0	0.360712	43	27	16	0	0	0	0
AF	0	0.361024	52	35	17	0	0	0	0
AF	0	0.361337	50	28	22	0	0	0	0
AF	0	0.361649	56	43	13	0	0	0	0
AF	0	0.361961	40	26	14	0	0	0	0
AF	0	0.362274	52	39	13	0	0	0	0
AF	0	0.362586	37	22	15	0	0	0	0
AF	0	0.362898	56	40	16	0	0	0	0
AF	0	0.363210	47	27	20	0	0	0	0
AF	0	0.363523	79	52	27	0	0	0	0
AF	0	0.363835	47	29	18	0	0	0	0
AF	0	0.364147	54	34	20	0	0	0	0
AF	0	0.364460	51	35	16	0	0	0	0
AF	0	0.364772	58	41	17	0	0	0	0
AF	0	0.365084	61	47	14	0	0	0	0
AF	0	0.365397	59	43	16	0	0	0	0
AF	0	0.365709	50	35	15	0	0	0	0
AF	0	0.366021	62	39	23	0	0	0	0
AF	0	0.366334	56	36	20	0	0	0	0
AF	0	0.366646	65	45	20	0	0	0	0
AF	0	0.366958	51	42	9	0	0	0	0
AF	0	0.367270	53	35	18	0	0	0	0
AF	0	0.367583	59	37	22	0	0	0	0
AF	0	0.367895	55	33	22	0	0	0	0
AF	0	0.368207	40	30	10	0	0	0	0
AF	0	0.368520	52	36	16	0	0	0	0
AF	0	0.368832	60	48	12	0	0	0	0
AF	0	0.369144	48	37	11	0	0	0	0
AF	0	0.369457	39	30	9	0	0	0	0
AF	0	0.369769	39	27	12	0	0	0	0
AF	0	0.370081	57	40	17	0	0	0	0
AF	0	0.370394	54	42	12	0	0	0	0
AF	0	0.370706	62	40	22	0	0	0	0
AF	0	0.371018	50	30	20	0	0	0	0
AF	0	0.371330	47	27	20	0	0	0	0
AF	0	0.371643	44	33	11	0	0	0	0
AF	0	0.371955	55	35	20	0	0	0	0
AF	0	0.372267	63	48	15	0	0	0	0
AF	0	0.372580	38	27	11	0	0	0	0
AF	0	0.372892	52	38	14	0	0	0	0
AF	0	0.373204	49	37	12	0	0	0	0
AF	0	0.373517	45	36	9	0	0	0	0
AF	0	0.373829	38	30	8	0	0	0	0
AF	0	0.374141	55	41	14	0	0	0	0
AF	0	0.374453	52	39	13	0	0	0	0
AF	0	0.374766	42	28	14	0	0	0	0
AF	0	0.375078	37	28	9	0	0	0	0
AF	0	0.375390	49	36	13	0	0	0	0
AF	0	0.375703	56	45	11	0	0	0	0
AF	0	0.376015	85	63	22	0	0	0	0
AF	0	0.376327	59	43	16	0	0	0	0
AF	0	0.376640	50	39	11	0	0	0	0
AF	0	0.376952	87	67	20	0	0	0	0
AF	0	0.377264	89	56	33	0	0	0	0
AF	0	0.377577	94	63	31	0	0	0	0
AF	0	0.377889	95	64	31	0	0	0	0
AF	0	0.378201	64	48	16	0	0	0	0
AF	0	0.378513	121	80	41	0	0	0	0
AF	0	0.378826	55	39	16	0	0	0	0
AF	0	0.379138	67	46	21	0	0	0	0
AF	0	0.379450	40	26	14	0	0	0	0
AF	0	0.379763	63	39	24	0	0	0	0
AF	0	0.380075	37	28	9	0	0	0	0
AF	0	0.380387	41	30	11	0	0	0	0
AF	0	0.380700	52	39	13	0	0	0	0
AF	0	0.381012	40	34	6	0	0	0	0
AF	0	0.381324	44	30	14	0	0	0	0
AF	0	0.381636	48	35	13	0	0	0	0
AF	0	0.381949	49	35	14	0	0	0	0
AF	0	0.382261	37	20	17	0	0	0	0
AF	0	0.382573	49	30	19	0	0	0	0
AF	0	0.382886	51	38	13	0	0	0	0
AF	0	0.383198	42	32	10	0	0	0	0
AF	0	0.383510	39	26	13	0	0	0	0
AF	0	0.383823	45	28	17	0	0	0	0
AF	0	0.384135	49	35	14	0	0	0	0
AF	0	0.384447	45	33	12	0	0	0	0
AF	0	0.384760	59	42	17	0	0	0	0
AF	0	0.385072	52	43	9	0	0	0	0
AF	0	0.385384	57	41	16	0	0	0	0
AF	0	0.385696	71	52	19	0	0	0	0
AF	0	0.386009	122	84	38	0	0	0	0
AF	0	0.386321	58	40	18	0	0	0	0
AF	0	0.386633	57	41	16	0	0	0	0
AF	0	0.386946	46	34	12	0	0	0	0
AF	0	0.387258	40	29	11	0	0	0	0
AF	0	0.387570	43	25	18	0	0	0	0
AF	0	0.387883	55	34	21	0	0	0	0
AF	0	0.388195	40	29	11	0	0	0	0
AF	0	0.388507	47	35	12	0	0	0	0
AF	0	0.388819	65	43	22	0	0	0	0
AF	0	0.389132	51	34	17	0	0	0	0
AF	0	0.389444	51	35	16	0	0	0	0
AF	0	0.389756	54	37	17	0	0	0	0
AF	0	0.390069	53	35	18	0	0	0	0
AF	0	0.390381	59	42	17	0	0	0	0
AF	0	0.390693	54	38	16	0	0	0	0
AF	0	0.391006	81	58	23	0	0	0	0
AF	0	0.391318	65	49	16	0	0	0	0
AF	0	0.391630	72	53	19	0	0	0	0
AF	0	0.391943	67	58	9	0	0	0	0
AF	0	0.392255	54	39	15	0	0	0	0
AF	0	0.392567	57	34	23	0	0	0	0
AF	0	0.392879	54	38	16	0	0	0	0
AF	0	0.393192	49	33	16	0	0	0	0
AF	0	0.393504	56	35	21	0	0	0	0
AF	0	0.393816	49	31	18	0	0	0	0
AF	0	0.394129	89	62	27	0	0	0	0
AF	0	0.394441	45	34	11	0	0	0	0
AF	0	0.394753	41	23	18	0	0	0	0
AF	0	0.395066	53	32	21	0	0	0	0
AF	0	0.395378	55	39	16	0	0	0	0
AF	0	0.395690	47	33	14	0	0	0	0
AF	0	0.396002	55	38	17	0	0	0	0
AF	0	0.396315	49	36	13	0	0	0	0
AF	0	0.396627	87	51	36	0	0	0	0
AF	0	0.396939	53	39	14	0	0	0	0
AF	0	0.397252	36	25	11	0	0	0	0
AF	0	0.397564	50	36	14	0	0	0	0
AF	0	0.397876	44	35	9	0	0	0	0
AF	0	0.398189	86	53	33	0	0	0	0
AF	0	0.398501	43	25	18	0	0	0	0
AF	0	0.398813	35	23	12	0	0	0	0
AF	0	0.399126	40	22	18	0	0	0	0
AF	0	0.399438	41	23	18	0	0	0	0
AF	0	0.399750	52	32	20	0	0	0	0
AF	0	0.400062	49	40	9	0	0	0	0
AF	0	0.400375	44	30	14	0	0	0	0
AF	0	0.400687	61	40	21	0	0	0	0
AF	0	0.400999	38	29	9	0	0	0	0
AF	0	0.401312	46	31	15	0	0	0	0
AF	0	0.401624	53	37	16	0	0	0	0
AF	0	0.401936	32	22	10	0	0	0	0
AF	0	0.402249	38	26	12	0	0	0	0
AF	0	0.402561	48	34	14	0	0	0	0
AF	0	0.402873	41	25	16	0	0	0	0
AF	0	0.403186	52	32	20	0	0	0	0
AF	0	0.403498	53	36	17	0	0	0	0
AF	0	0.403810	51	29	22	0	0	0	0
AF	0	0.404122	50	33	17	0	0	0	0
AF	0	0.404435	35	24	11	0	0	0	0
AF	0	0.404747	42	27	15	0	0	0	0
AF	0	0.405059	38	28	10	0	0	0	0
AF	0	0.405372	44	37	7	0	0	0	0
AF	0	0.405684	43	31	12	0	0	0	0
AF	0	0.405996	55	36	19	0	0	0	0
AF	0	0.406309	41	26	15	0	0	0	0
AF	0	0.406621	56	36	20	0	0	0	0
AF	0	0.406933	40	28	12	0	0	0	0
AF	0	0.407245	46	34	12	0	0	0	0
AF	0	0.407558	61	42	19	0	0	0	0
AF	0	0.407870	59	46	13	0	0	0	0
AF	0	0.408182	51	37	14	0	0	0	0
AF	0	0.408495	54	42	12	0	0	0	0
AF	0	0.408807	63	42	21	0	0	0	0
AF	0	0.409119	48	34	14	0	0	0	0
AF	0	0.409432	90	69	21	0	0	0	0
AF	0	0.409744	69	47	22	0	0	0	0
AF	0	0.410056	93	61	32	0	0	0	0
AF	0	0.410369	54	36	18	0	0	0	0
AF	0	0.410681	45	27	18	0	0	0	0
AF	0	0.410993	61	39	22	0	0	0	0
AF	0	0.411305	65	49	16	0	0	0	0
AF	0	0.411618	43	31	12	0	0	0	0
AF	0	0.411930	40	32	8	0	0	0	0
AF	0	0.412242	51	31	20	0	0	0	0
AF	0	0.412555	45	31	14	0	0	0	0
AF	0	0.412867	29	23	6	0	0	0	0
AF	0	0.413179	53	41	12	0	0	0	0
AF	0	0.413492	43	30	13	0	0	0	0
AF	0	0.413804	48	34	14	0	0	0	0
AF	0	0.414116	40	29	11	0	0	0	0
AF	0	0.414428	42	31	11	0	0	0	0
AF	0	0.414741	55	37	18	0	0	0	0
AF	0	0.415053	54	35	19	0	0	0	0
AF	0	0.415365	64	38	26	0	0	0	0
AF	0	0.415678	53	39	14	0	0	0	0
AF	0	0.415990	39	26	13	0	0	0	0
AF	0	0.416302	52	35	17	0	0	0	0
AF	0	0.416615	65	48	17	0	0	0	0
AF	0	0.416927	50	36	14	0	0	0	0
AF	0	0.417239	52	32	20	0	0	0	0
AF	0	0.417552	50	36	14	0	0	0	0
AF	0	0.417864	60	47	13	0	0	0	0
AF	0	0.418176	43	22	21	0	0	0	0
AF	0	0.418488	58	41	17	0	0	0	0
AF	0	0.418801	52	30	22	0	0	0	0
AF	0	0.419113	54	40	14	0	0	0	0
AF	0	0.419425	63	36	27	0	0	0	0
AF	0	0.419738	53	37	16	0	0	0	0
AF	0	0.420050	55	35	20	0	0	0	0
AF	0	0.420362	44	30	14	0	0	0	0
AF	0	0.420675	41	25	16	0	0	0	0
AF	0	0.420987	56	42	14	0	0	0	0
AF	0	0.421299	60	40	20	0	0	0	0
AF	0	0.421611	47	34	13	0	0	0	0
AF	0	0.421924	60	42	18	0	0	0	0
AF	0	0.422236	46	39	7	0	0	0	0
AF	0	0.422548	51	31	20	0	0	0	0
AF	0	0.422861	50	36	14	0	0	0	0
AF	0	0.423173	53	39	14	0	0	0	0
AF	0	0.423485	51	38	13	0	0	0	0
AF	0	0.423798	36	24	12	0	0	0	0
AF	0	0.424110	58	40	18	0	0	0	0
AF	0	0.424422	53	39	14	0	0	0	0
AF	0	0.424735	49	33	16	0	0	0	0
AF	0	0.425047	47	34	13	0	0	0	0
AF	0	0.425359	50	38	12	0	0	0	0
AF	0	0.425671	45	33	12	0	0	0	0
AF	0	0.425984	68	60	8	0	0	0	0
AF	0	0.426296	51	33	18	0	0	0	0
AF	0	0.426608	48	28	20	0	0	0	0
AF	0	0.426921	50	39	11	0	0	0	0
AF	0	0.427233	45	28	17	0	0	0	0
AF	0	0.427545	56	45	11	0	0	0	0
AF	0	0.427858	51	39	12	0	0	0	0
AF	0	0.428170	39	24	15	0	0	0	0
AF	0	0.428482	45	32	13	0	0	0	0
AF	0	0.428795	54	39	15	0	0	0	0
AF	0	0.429107	64	43	21	0	0	0	0
AF	0	0.429419	47	32	15	0	0	0	0
AF	0	0.429731	60	44	16	0	0	0	0
AF	0	0.430044	59	40	19	0	0	0	0
AF	0	0.430356	44	33	11	0	0	0	0
AF	0	0.430668	59	41	18	0	0	0	0
AF	0	0.430981	48	33	15	0	0	0	0
AF	0	0.431293	49	37	12	0	0	0	0
AF	0	0.431605	45	33	12	0	0	0	0
AF	0	0.431918	49	37	12	0	0	0	0
AF	0	0.432230	44	31	13	0	0	0	0
AF	0	0.432542	44	27	17	0	0	0	0
AF	0	0.432854	42	28	14	0	0	0	0
AF	0	0.433167	55	41	14	0	0	0	0
AF	0	0.433479	40	27	13	0	0	0	0
AF	0	0.433791	50	32	18	0	0	0	0
AF	0	0.434104	45	37	8	0	0	0	0
AF	0	0.434416	34	26	8	0	0	0	0
AF	0	0.434728	47	35	12	0	0	0	0
AF	0	0.435041	55	43	12	0	0	0	0
AF	0	0.435353	71	41	30	0	0	0	0
AF	0	0.435665	39	25	14	0	0	0	0
AF	0	0.435978	52	41	11	0	0	0	0
AF	0	0.436290	53	36	17	0	0	0	0
AF	0	0.436602	49	32	17	0	0	0	0
AF	0	0.436914	58	40	18	0	0	0	0
AF	0	0.437227	43	33	10	0	0	0	0
AF	0	0.437539	71	55	16	0	0	0	0
AF	0	0.437851	51	28	23	0	0	0	0
AF	0	0.438164	62	37	25	0	0	0	0
AF	0	0.438476	39	23	16	0	0	0	0
AF	0	0.438788	57	41	16	0	0	0	0
AF	0	0.439101	67	46	21	0	0	0	0
AF	0	0.439413	41	28	13	0	0	0	0
AF	0	0.439725	43	30	13	0	0	0	0
AF	0	0.440037	31	22	9	0	0	0	0
AF	0	0.440350	49	31	18	0	0	0	0
AF	0	0.440662	57	39	18	0	0	0	0
AF	0	0.440974	38	25	13	0	0	0	0
AF	0	0.441287	41	17	24	0	0	0	0
AF	0	0.441599	29	18	11	0	0	0	0
AF	0	0.441911	33	24	9	0	0	0	0
AF	0	0.442224	47	27	20	0	0	0	0
AF	0	0.442536	41	28	13	0	0	0	0
AF	0	0.442848	35	23	12	0	0	0	0
AF	0	0.443161	53	37	16	0	0	0	0
AF	0	0.443473	38	30	8	0	0	0	0
AF	0	0.443785	48	30	18	0	0	0	0
AF	0	0.444097	50	32	18	0	0	0	0
AF	0	0.444410	48	38	10	0	0	0	0
AF	0	0.444722	49	31	18	0	0	0	0
AF	0	0.445034	60	43	17	0	0	0	0
AF	0	0.445347	46	35	11	0	0	0	0
AF	0	0.445659	44	27	17	0	0	0	0
AF	0	0.445971	41	32	9	0	0	0	0
AF	0	0.446284	42	27	15	0	0	0	0
AF	0	0.446596	45	38	7	0	0	0	0
AF	0	0.446908	47	36	11	0	0	0	0
AF	0	0.447220	48	36	12	0	0	0	0
AF	0	0.447533	46	31	15	0	0	0	0
AF	0	0.447845	39	24	15	0	0	0	0
AF	0	0.448157	51	36	15	0	0	0	0
AF	0	0.448470	49	33	16	0	0	0	0
AF	0	0.448782	54	40	14	0	0	0	0
AF	0	0.449094	46	30	16	0	0	0	0
AF	0	0.449407	50	41	9	0	0	0	0
AF	0	0.449719	40	30	10	0	0	0	0
AF	0	0.450031	36	25	11	0	0	0	0
AF	0	0.450344	51	35	16	0	0	0	0
AF	0	0.450656	43	31	12	0	0	0	0
AF	0	0.450968	36	28	8	0	0	0	0
AF	0	0.451280	48	34	14	0	0	0	0
AF	0	0.451593	43	29	14	0	0	0	0
AF	0	0.451905	34	25	9	0	0	0	0
AF	0	0.452217	37	25	12	0	0	0	0
AF	0	0.452530	50	34	16	0	0	0	0
AF	0	0.452842	43	30	13	0	0	0	0
AF	0	0.453154	44	27	17	0	0	0	0
AF	0	0.453467	55	43	12	0	0	0	0
AF	0	0.453779	54	33	21	0	0	0	0
AF	0	0.454091	49	33	16	0	0	0	0
AF	0	0.454403	53	41	12	0	0	0	0
AF	0	0.454716	33	20	13	0	0	0	0
AF	0	0.455028	42	27	15	0	0	0	0
AF	0	0.455340	36	26	10	0	0	0	0
AF	0	0.455653	42	28	14	0	0	0	0
AF	0	0.455965	48	35	13	0	0	0	0
AF	0	0.456277	48	36	12	0	0	0	0
AF	0	0.456590	34	19	15	0	0	0	0
AF	0	0.456902	54	43	11	0	0	0	0
AF	0	0.457214	44	31	13	0	0	0	0
AF	0	0.457527	30	21	9	0	0	0	0
AF	0	0.457839	43	32	11	0	0	0	0
AF	0	0.458151	46	35	11	0	0	0	0
AF	0	0.458463	40	24	16	0	0	0	0
AF	0	0.458776	32	19	13	0	0	0	0
AF	0	0.459088	50	41	9	0	0	0	0
AF	0	0.459400	40	27	13	0	0	0	0
AF	0	0.459713	50	41	9	0	0	0	0
AF	0	0.460025	40	26	14	0	0	0	0
AF	0	0.460337	48	36	12	0	0	0	0
AF	0	0.460650	52	35	17	0	0	0	0
AF	0	0.460962	57	43	14	0	0	0	0
AF	0	0.461274	59	45	14	0	0	0	0
AF	0	0.461587	45	25	20	0	0	0	0
AF	0	0.461899	42	27	15	0	0	0	0
AF	0	0.462211	63	42	21	0	0	0	0
AF	0	0.462523	42	31	11	0	0	0	0
AF	0	0.462836	46	32	14	0	0	0	0
AF	0	0.463148	52	34	18	0	0	0	0
AF	0	0.463460	32	22	10	0	0	0	0
AF	0	0.463773	43	35	8	0	0	0	0
AF	0	0.464085	41	31	10	0	0	0	0
AF	0	0.464397	47	42	5	0	0	0	0
AF	0	0.464710	47	33	14	0	0	0	0
AF	0	0.465022	47	35	12	0	0	0	0
AF	0	0.465334	50	42	8	0	0	0	0
AF	0	0.465646	45	33	12	0	0	0	0
AF	0	0.465959	40	29	11	0	0	0	0
AF	0	0.466271	60	37	23	0	0	0	0
AF	0	0.466583	43	27	16	0	0	0	0
AF	0	0.466896	47	32	15	0	0	0	0
AF	0	0.467208	45	26	19	0	0	0	0
AF	0	0.467520	31	20	11	0	0	0	0
AF	0	0.467833	40	26	14	0	0	0	0
AF	0	0.468145	51	37	14	0	0	0	0
AF	0	0.468457	37	29	8	0	0	0	0
AF	0	0.468770	44	31	13	0	0	0	0
AF	0	0.469082	46	37	9	0	0	0	0
AF	0	0.469394	42	30	12	0	0	0	0
AF	0	0.469706	54	40	14	0	0	0	0
AF	0	0.470019	47	31	16	0	0	0	0
AF	0	0.470331	36	30	6	0	0	0	0
AF	0	0.470643	43	32	11	0	0	0	0
AF	0	0.470956	56	34	22	0	0	0	0
AF	0	0.471268	53	32	21	0	0	0	0
AF	0	0.471580	45	32	13	0	0	0	0
AF	0	0.471893	54	34	20	0	0	0	0
AF	0	0.472205	45	34	11	0	0	0	0
AF	0	0.472517	41	29	12	0	0	0	0
AF	0	0.472829	46	35	11	0	0	0	0
AF	0	0.473142	39	26	13	0	0	0	0
AF	0	0.473454	33	29	4	0	0	0	0
AF	0	0.473766	30	22	8	0	0	0	0
AF	0	0.474079	56	41	15	0	0	0	0
AF	0	0.474391	39	26	13	0	0	0	0
AF	0	0.474703	58	40	18	0	0	0	0
AF	0	0.475016	46	34	12	0	0	0	0
AF	0	0.475328	42	31	11	0	0	0	0
AF	0	0.475640	79	53	26	0	0	0	0
AF	0	0.475953	66	46	20	0	0	0	0
AF	0	0.476265	66	47	19	0	0	0	0
AF	0	0.476577	59	39	20	0	0	0	0
AF	0	0.476889	54	34	20	0	0	0	0
AF	0	0.477202	62	35	27	0	0	0	0
AF	0	0.477514	56	38	18	0	0	0	0
AF	0	0.477826	61	38	23	0	0	0	0
AF	0	0.478139	45	33	12	0	0	0	0
AF	0	0.478451	48	35	13	0	0	0	0
AF	0	0.478763	48	32	16	0	0	0	0
AF	0	0.479076	38	31	7	0	0	0	0
AF	0	0.479388	45	29	16	0	0	0	0
AF	0	0.479700	50	36	14	0	0	0	0
AF	0	0.480012	64	46	18	0	0	0	0
AF	0	0.480325	53	38	15	0	0	0	0
AF	0	0.480637	44	34	10	0	0	0	0
AF	0	0.480949	59	40	19	0	0	0	0
AF	0	0.481262	38	25	13	0	0	0	0
AF	0	0.481574	44	30	14	0	0	0	0
AF	0	0.481886	49	32	17	0	0	0	0
AF	0	0.482199	39	31	8	0	0	0	0
AF	0	0.482511	45	34	11	0	0	0	0
AF	0	0.482823	49	30	19	0	0	0	0
AF	0	0.483136	64	46	18	0	0	0	0
AF	0	0.483448	38	29	9	0	0	0	0
AF	0	0.483760	50	35	15	0	0	0	0
AF	0	0.484072	47	36	11	0	0	0	0
AF	0	0.484385	60	48	12	0	0	0	0
AF	0	0.484697	39	26	13	0	0	0	0
AF	0	0.485009	50	35	15	0	0	0	0
AF	0	0.485322	46	31	15	0	0	0	0
AF	0	0.485634	51	33	18	0	0	0	0
AF	0	0.485946	48	28	20	0	0	0	0
AF	0	0.486259	54	40	14	0	0	0	0
AF	0	0.486571	46	34	12	0	0	0	0
AF	0	0.486883	62	44	18	0	0	0	0
AF	0	0.487196	41	29	12	0	0	0	0
AF	0	0.487508	44	30	14	0	0	0	0
AF	0	0.487820	37	21	16	0	0	0	0
AF	0	0.488132	35	24	11	0	0	0	0
AF	0	0.488445	53	42	11	0	0	0	0
AF	0	0.488757	39	29	10	0	0	0	0
AF	0	0.489069	43	35	8	0	0	0	0
AF	0	0.489382	46	33	13	0	0	0	0
AF	0	0.489694	36	28	8	0	0	0	0
AF	0	0.490006	44	33	11	0	0	0	0
AF	0	0.490319	44	30	14	0	0	0	0
AF	0	0.490631	47	37	10	0	0	0	0
AF	0	0.490943	44	36	8	0	0	0	0
AF	0	0.491255	50	34	16	0	0	0	0
AF	0	0.491568	89	67	22	0	0	0	0
AF	0	0.491880	71	46	25	0	0	0	0
AF	0	0.492192	52	39	13	0	0	0	0
AF	0	0.492505	49	33	16	0	0	0	0
AF	0	0.492817	36	27	9	0	0	0	0
AF	0	0.493129	38	28	10	0	0	0	0
AF	0	0.493442	35	26	9	0	0	0	0
AF	0	0.493754	41	29	12	0	0	0	0
AF	0	0.494066	33	26	7	0	0	0	0
AF	0	0.494379	42	28	14	0	0	0	0
AF	0	0.494691	35	22	13	0	0	0	0
AF	0	0.495003	35	22	13	0	0	0	0
AF	0	0.495315	57	41	16	0	0	0	0
AF	0	0.495628	55	42	13	0	0	0	0
AF	0	0.495940	67	46	21	0	0	0	0
AF	0	0.496252	41	31	10	0	0	0	0
AF	0	0.496565	33	22	11	0	0	0	0
AF	0	0.496877	38	23	15	0	0	0	0
AF	0	0.497189	46	29	17	0	0	0	0
AF	0	0.497502	45	34	11	0	0	0	0
AF	0	0.497814	48	33	15	0	0	0	0
AF	0	0.498126	43	35	8	0	0	0	0
AF	0	0.498438	45	35	10	0	0	0	0
AF	0	0.498751	39	27	12	0	0	0	0
AF	0	0.499063	26	20	6	0	0	0	0
AF	0	0.499375	43	33	10	0	0	0	0
AF	0	0.499688	51	33	18	0	0	0	0
AF	0	0.500000	46	29	17	0	0	0	0
AF	0	0.500312	57	41	16	0	0	0	0
AF	0	0.500625	28	19	9	0	0	0	0
AF	0	0.500937	37	25	12	0	0	0	0
AF	0	0.501249	35	20	15	0	0	0	0
AF	0	0.501562	35	23	12	0	0	0	0
AF	0	0.501874	46	33	13	0	0	0	0
AF	0	0.502186	46	31	15	0	0	0	0
AF	0	0.502498	41	28	13	0	0	0	0
AF	0	0.502811	44	31	13	0	0	0	0
AF	0	0.503123	27	24	3	0	0	0	0
AF	0	0.503435	43	30	13	0	0	0	0
AF	0	0.503748	38	28	10	0	0	0	0
AF	0	0.504060	35	23	12	0	0	0	0
AF	0	0.504372	41	33	8	0	0	0	0
AF	0	0.504685	43	30	13	0	0	0	0
AF	0	0.504997	45	31	14	0	0	0	0
AF	0	0.505309	52	38	14	0	0	0	0
AF	0	0.505621	33	22	11	0	0	0	0
AF	0	0.505934	40	29	11	0	0	0	0
AF	0	0.506246	32	23	9	0	0	0	0
AF	0	0.506558	30	23	7	0	0	0	0
AF	0	0.506871	35	22	13	0	0	0	0
AF	0	0.507183	41	33	8	0	0	0	0
AF	0	0.507495	25	21	4	0	0	0	0
AF	0	0.507808	41	29	12	0	0	0	0
AF	0	0.508120	42	29	13	0	0	0	0
AF	0	0.508432	34	19	15	0	0	0	0
AF	0	0.508745	39	30	9	0	0	0	0
AF	0	0.509057	27	22	5	0	0	0	0
AF	0	0.509369	48	35	13	0	0	0	0
AF	0	0.509681	30	22	8	0	0	0	0
AF	0	0.509994	43	33	10	0	0	0	0
AF	0	0.510306	62	43	19	0	0	0	0
AF	0	0.510618	33	19	14	0	0	0	0
AF	0	0.510931	38	28	10	0	0	0	0
AF	0	0.511243	34	24	10	0	0	0	0
AF	0	0.511555	47	34	13	0	0	0	0
AF	0	0.511868	45	31	14	0	0	0	0
AF	0	0.512180	45	36	9	0	0	0	0
AF	0	0.512492	47	33	14	0	0	0	0
AF	0	0.512804	43	32	11	0	0	0	0
AF	0	0.513117	32	25	7	0	0	0	0
AF	0	0.513429	36	24	12	0	0	0	0
AF	0	0.513741	50	34	16	0	0	0	0
AF	0	0.514054	37	24	13	0	0	0	0
AF	0	0.514366	24	17	7	0	0	0	0
AF	0	0.514678	65	45	20	0	0	0	0
AF	0	0.514991	39	25	14	0	0	0	0
AF	0	0.515303	45	28	17	0	0	0	0
AF	0	0.515615	54	48	6	0	0	0	0
AF	0	0.515928	37	29	8	0	0	0	0
AF	0	0.516240	40	28	12	0	0	0	0
AF	0	0.516552	31	25	6	0	0	0	0
AF	0	0.516864	52	33	19	0	0	0	0
AF	0	0.517177	46	31	15	0	0	0	0
AF	0	0.517489	49	40	9	0	0	0	0
AF	0	0.517801	57	46	11	0	0	0	0
AF	0	0.518114	58	42	16	0	0	0	0
AF	0	0.518426	40	28	12	0	0	0	0
AF	0	0.518738	59	41	18	0	0	0	0
AF	0	0.519051	50	36	14	0	0	0	0
AF	0	0.519363	46	33	13	0	0	0	0
AF	0	0.519675	39	26	13	0	0	0	0
AF	0	0.519988	42	29	13	0	0	0	0
AF	0	0.520300	32	23	9	0	0	0	0
AF	0	0.520612	49	32	17	0	0	0	0
AF	0	0.520924	49	28	21	0	0	0	0
AF	0	0.521237	48	32	16	0	0	0	0
AF	0	0.521549	40	20	20	0	0	0	0
AF	0	0.521861	42	32	10	0	0	0	0
AF	0	0.522174	37	27	10	0	0	0	0
AF	0	0.522486	32	25	7	0	0	0	0
AF	0	0.522798	39	27	12	0	0	0	0
AF	0	0.523111	32	23	9	0	0	0	0
AF	0	0.523423	43	29	14	0	0	0	0
AF	0	0.523735	42	28	14	0	0	0	0
AF	0	0.524047	44	29	15	0	0	0	0
AF	0	0.524360	91	64	27	0	0	0	0
AF	0	0.524672	37	29	8	0	0	0	0
AF	0	0.524984	45	35	10	0	0	0	0
AF	0	0.525297	37	30	7	0	0	0	0
AF	0	0.525609	48	37	11	0	0	0	0
AF	0	0.525921	51	34	17	0	0	0	0
AF	0	0.526234	46	29	17	0	0	0	0
AF	0	0.526546	49	32	17	0	0	0	0
AF	0	0.526858	35	28	7	0	0	0	0
AF	0	0.527171	43	28	15	0	0	0	0
AF	0	0.527483	33	22	11	0	0	0	0
AF	0	0.527795	36	25	11	0	0	0	0
AF	0	0.528107	51	34	17	0	0	0	0
AF	0	0.528420	61	42	19	0	0	0	0
AF	0	0.528732	42	28	14	0	0	0	0
AF	0	0.529044	214	152	62	0	0	0	0
AF	0	0.529357	64	47	17	0	0	0	0
AF	0	0.529669	36	22	14	0	0	0	0
AF	0	0.529981	47	33	14	0	0	0	0
AF	0	0.530294	65	49	16	0	0	0	0
AF	0	0.530606	39	29	10	0	0	0	0
AF	0	0.530918	55	34	21	0	0	0	0
AF	0	0.531230	42	33	9	0	0	0	0
AF	0	0.531543	33	25	8	0	0	0	0
AF	0	0.531855	33	20	13	0	0	0	0
AF	0	0.532167	52	42	10	0	0	0	0
AF	0	0.532480	41	29	12	0	0	0	0
AF	0	0.532792	36	24	12	0	0	0	0
AF	0	0.533104	39	23	16	0	0	0	0
AF	0	0.533417	36	23	13	0	0	0	0
AF	0	0.533729	34	23	11	0	0	0	0
AF	0	0.534041	38	31	7	0	0	0	0
AF	0	0.534354	40	26	14	0	0	0	0
AF	0	0.534666	33	22	11	0	0	0	0
AF	0	0.534978	31	22	9	0	0	0	0
AF	0	0.535290	58	39	19	0	0	0	0
AF	0	0.535603	47	35	12	0	0	0	0
AF	0	0.535915	35	21	14	0	0	0	0
AF	0	0.536227	36	26	10	0	0	0	0
AF	0	0.536540	39	22	17	0	0	0	0
AF	0	0.536852	45	32	13	0	0	0	0
AF	0	0.537164	59	47	12	0	0	0	0
AF	0	0.537477	40	22	18	0	0	0	0
AF	0	0.537789	58	40	18	0	0	0	0
AF	0	0.538101	49	32	17	0	0	0	0
AF	0	0.538413	40	31	9	0	0	0	0
AF	0	0.538726	43	32	11	0	0	0	0
AF	0	0.539038	35	29	6	0	0	0	0
AF	0	0.539350	53	39	14	0	0	0	0
AF	0	0.539663	62	43	19	0	0	0	0
AF	0	0.539975	44	29	15	0	0	0	0
AF	0	0.540287	118	85	33	0	0	0	0
AF	0	0.540600	44	24	20	0	0	0	0
AF	0	0.540912	46	28	18	0	0	0	0
AF	0	0.541224	46	35	11	0	0	0	0
AF	0	0.541537	44	31	13	0	0	0	0
AF	0	0.541849	27	24	3	0	0	0	0
AF	0	0.542161	40	29	11	0	0	0	0
AF	0	0.542473	46	32	14	0	0	0	0
AF	0	0.542786	39	28	11	0	0	0	0
AF	0	0.543098	49	33	16	0	0	0	0
AF	0	0.543410	28	17	11	0	0	0	0
AF	0	0.543723	30	22	8	0	0	0	0
AF	0	0.544035	41	29	12	0	0	0	0
AF	0	0.544347	40	29	11	0	0	0	0
AF	0	0.544660	43	34	9	0	0	0	0
AF	0	0.544972	51	38	13	0	0	0	0
AF	0	0.545284	41	31	10	0	0	0	0
AF	0	0.545597	39	24	15	0	0	0	0
AF	0	0.545909	26	23	3	0	0	0	0
AF	0	0.546221	33	26	7	0	0	0	0
AF	0	0.546533	43	26	17	0	0	0	0
AF	0	0.546846	42	25	17	0	0	0	0
AF	0	0.547158	33	26	7	0	0	0	0
AF	0	0.547470	40	23	17	0	0	0	0
AF	0	0.547783	33	24	9	0	0	0	0
AF	0	0.548095	34	25	9	0	0	0	0
AF	0	0.548407	39	20	19	0	0	0	0
AF	0	0.548720	45	31	14	0	0	0	0
AF	0	0.549032	38	26	12	0	0	0	0
AF	0	0.549344	28	21	7	0	0	0	0
AF	0	0.549656	37	26	11	0	0	0	0
AF	0	0.549969	26	17	9	0	0	0	0
AF	0	0.550281	33	28	5	0	0	0	0
AF	0	0.550593	42	28	14	0	0	0	0
AF	0	0.550906	31	22	9	0	0	0	0
AF	0	0.551218	27	21	6	0	0	0	0
AF	0	0.551530	37	26	11	0	0	0	0
AF	0	0.551843	39	26	13	0	0	0	0
AF	0	0.552155	31	24	7	0	0	0	0
AF	0	0.552467	30	19	11	0	0	0	0
AF	0	0.552780	36	21	15	0	0	0	0
AF	0	0.553092	48	28	20	0	0	0	0
AF	0	0.553404	40	26	14	0	0	0	0
AF	0	0.553716	39	29	10	0	0	0	0
AF	0	0.554029	36	25	11	0	0	0	0
AF	0	0.554341	48	34	14	0	0	0	0
AF	0	0.554653	38	25	13	0	0	0	0
AF	0	0.554966	65	43	22	0	0	0	0
AF	0	0.555278	41	25	16	0	0	0	0
AF	0	0.555590	39	31	8	0	0	0	0
AF	0	0.555903	48	29	19	0	0	0	0
AF	0	0.556215	45	31	14	0	0	0	0
AF	0	0.556527	41	30	11	0	0	0	0
AF	0	0.556839	33	24	9	0	0	0	0
AF	0	0.557152	37	29	8	0	0	0	0
AF	0	0.557464	51	40	11	0	0	0	0
AF	0	0.557776	40	24	16	0	0	0	0
AF	0	0.558089	49	37	12	0	0	0	0
AF	0	0.558401	32	24	8	0	0	0	0
AF	0	0.558713	38	23	15	0	0	0	0
AF	0	0.559026	39	30	9	0	0	0	0
AF	0	0.559338	45	29	16	0	0	0	0
AF	0	0.559650	28	19	9	0	0	0	0
AF	0	0.559963	36	31	5	0	0	0	0
AF	0	0.560275	34	24	10	0	0	0	0
AF	0	0.560587	31	21	10	0	0	0	0
AF	0	0.560899	26	19	7	0	0	0	0
AF	0	0.561212	29	15	14	0	0	0	0
AF	0	0.561524	31	23	8	0	0	0	0
AF	0	0.561836	28	18	10	0	0	0	0
AF	0	0.562149	30	23	7	0	0	0	0
AF	0	0.562461	25	19	6	0	0	0	0
AF	0	0.562773	49	36	13	0	0	0	0
AF	0	0.563086	37	22	15	0	0	0	0
AF	0	0.563398	21	13	8	0	0	0	0
AF	0	0.563710	33	27	6	0	0	0	0
AF	0	0.564022	35	21	14	0	0	0	0
AF	0	0.564335	20	14	6	0	0	0	0
AF	0	0.564647	33	22	11	0	0	0	0
AF	0	0.564959	32	21	11	0	0	0	0
AF	0	0.565272	43	31	12	0	0	0	0
AF	0	0.565584	46	34	12	0	0	0	0
AF	0	0.565896	37	24	13	0	0	0	0
AF	0	0.566209	42	26	16	0	0	0	0
AF	0	0.566521	35	26	9	0	0	0	0
AF	0	0.566833	28	18	10	0	0	0	0
AF	0	0.567146	46	28	18	0	0	0	0
AF	0	0.567458	38	26	12	0	0	0	0
AF	0	0.567770	46	34	12	0	0	0	0
AF	0	0.568082	42	22	20	0	0	0	0
AF	0	0.568395	30	21	9	0	0	0	0
AF	0	0.568707	36	24	12	0	0	0	0
AF	0	0.569019	31	24	7	0	0	0	0
AF	0	0.569332	48	35	13	0	0	0	0
AF	0	0.569644	99	65	34	0	0	0	0
AF	0	0.569956	63	40	23	0	0	0	0
AF	0	0.570269	43	27	16	0	0	0	0
AF	0	0.570581	53	40	13	0	0	0	0
AF	0	0.570893	62	48	14	0	0	0	0
AF	0	0.571205	58	39	19	0	0	0	0
AF	0	0.571518	45	31	14	0	0	0	0
AF	0	0.571830	40	28	12	0	0	0	0
AF	0	0.572142	39	26	13	0	0	0	0
AF	0	0.572455	48	37	11	0	0	0	0
AF	0	0.572767	42	29	13	0	0	0	0
AF	0	0.573079	34	27	7	0	0	0	0
AF	0	0.573392	46	29	17	0	0	0	0
AF	0	0.573704	34	24	10	0	0	0	0
AF	0	0.574016	29	26	3	0	0	0	0
AF	0	0.574329	38	24	14	0	0	0	0
AF	0	0.574641	50	38	12	0	0	0	0
AF	0	0.574953	36	24	12	0	0	0	0
AF	0	0.575265	50	34	16	0	0	0	0
AF	0	0.575578	61	40	21	0	0	0	0
AF	0	0.575890	47	27	20	0	0	0	0
AF	0	0.576202	36	24	12	0	0	0	0
AF	0	0.576515	55	36	19	0	0	0	0
AF	0	0.576827	52	39	13	0	0	0	0
AF	0	0.577139	32	21	11	0	0	0	0
AF	0	0.577452	40	33	7	0	0	0	0
AF	0	0.577764	32	22	10	0	0	0	0
AF	0	0.578076	33	18	15	0	0	0	0
AF	0	0.578389	42	29	13	0	0	0	0
AF	0	0.578701	70	50	20	0	0	0	0
AF	0	0.579013	52	36	16	0	0	0	0
AF	0	0.579325	100	62	38	0	0	0	0
AF	0	0.579638	67	42	25	0	0	0	0
AF	0	0.579950	46	32	14	0	0	0	0
AF	0	0.580262	39	23	16	0	0	0	0
AF	0	0.580575	30	24	6	0	0	0	0
AF	0	0.580887	38	27	11	0	0	0	0
AF	0	0.581199	28	21	7	0	0	0	0
AF	0	0.581512	42	29	13	0	0	0	0
AF	0	0.581824	39	32	7	0	0	0	0
AF	0	0.582136	46	32	14	0	0	0	0
AF	0	0.582448	52	33	19	0	0	0	0
AF	0	0.582761	35	26	9	0	0	0	0
AF	0	0.583073	30	20	10	0	0	0	0
AF	0	0.583385	30	25	5	0	0	0	0
AF	0	0.583698	39	27	12	0	0	0	0
AF	0	0.584010	45	30	15	0	0	0	0
AF	0	0.584322	32	19	13	0	0	0	0
AF	0	0.584635	39	27	12	0	0	0	0
AF	0	0.584947	40	32	8	0	0	0	0
AF	0	0.585259	34	20	14	0	0	0	0
AF	0	0.585572	25	21	4	0	0	0	0
AF	0	0.585884	37	29	8	0	0	0	0
AF	0	0.586196	40	24	16	0	0	0	0
AF	0	0.586508	41	29	12	0	0	0	0
AF	0	0.586821	39	27	12	0	0	0	0
AF	0	0.587133	57	38	19	0	0	0	0
AF	0	0.587445	38	26	12	0	0	0	0
AF	0	0.587758	38	24	14	0	0	0	0
AF	0	0.588070	48	31	17	0	0	0	0
AF	0	0.588382	38	25	13	0	0	0	0
AF	0	0.588695	28	14	14	0	0	0	0
AF	0	0.589007	50	40	10	0	0	0	0
AF	0	0.589319	39	24	15	0	0	0	0
AF	0	0.589631	40	26	14	0	0	0	0
AF	0	0.589944	35	25	10	0	0	0	0
AF	0	0.590256	23	15	8	0	0	0	0
AF	0	0.590568	32	22	10	0	0	0	0
AF	0	0.590881	49	35	14	0	0	0	0
AF	0	0.591193	37	23	14	0	0	0	0
AF	0	0.591505	26	21	5	0	0	0	0
AF	0	0.591818	33	24	9	0	0	0	0
AF	0	0.592130	38	29	9	0	0	0	0
AF	0	0.592442	30	24	6	0	0	0	0
AF	0	0.592755	30	25	5	0	0	0	0
AF	0	0.593067	39	24	15	0	0	0	0
AF	0	0.593379	39	28	11	0	0	0	0
AF	0	0.593691	35	29	6	0	0	0	0
AF	0	0.594004	46	36	10	0	0	0	0
AF	0	0.594316	48	37	11	0	0	0	0
AF	0	0.594628	43	26	17	0	0	0	0
AF	0	0.594941	39	33	6	0	0	0	0
AF	0	0.595253	34	21	13	0	0	0	0
AF	0	0.595565	43	21	22	0	0	0	0
AF	0	0.595878	32	20	12	0	0	0	0
AF	0	0.596190	34	22	12	0	0	0	0
AF	0	0.596502	34	28	6	0	0	0	0
AF	0	0.596814	27	19	8	0	0	0	0
AF	0	0.597127	27	16	11	0	0	0	0
AF	0	0.597439	35	24	11	0	0	0	0
AF	0	0.597751	35	24	11	0	0	0	0
AF	0	0.598064	37	26	11	0	0	0	0
AF	0	0.598376	26	15	11	0	0	0	0
AF	0	0.598688	51	32	19	0	0	0	0
AF	0	0.599001	53	36	17	0	0	0	0
AF	0	0.599313	47	32	15	0	0	0	0
AF	0	0.599625	38	25	13	0	0	0	0
AF	0	0.599938	28	18	10	0	0	0	0
AF	0	0.600250	32	21	11	0	0	0	0
AF	0	0.600562	42	31	11	0	0	0	0
AF	0	0.600874	36	27	9	0	0	0	0
AF	0	0.601187	42	36	6	0	0	0	0
AF	0	0.601499	32	23	9	0	0	0	0
AF	0	0.601811	38	25	13	0	0	0	0
AF	0	0.602124	93	68	25	0	0	0	0
AF	0	0.602436	28	13	15	0	0	0	0
AF	0	0.602748	37	29	8	0	0	0	0
AF	0	0.603061	55	36	19	0	0	0	0
AF	0	0.603373	38	23	15	0	0	0	0
AF	0	0.603685	31	25	6	0	0	0	0
AF	0	0.603998	38	23	15	0	0	0	0
AF	0	0.604310	43	31	12	0	0	0	0
AF	0	0.604622	41	32	9	0	0	0	0
AF	0	0.604934	45	36	9	0	0	0	0
AF	0	0.605247	43	28	15	0	0	0	0
AF	0	0.605559	45	29	16	0	0	0	0
AF	0	0.605871	62	43	19	0	0	0	0
AF	0	0.606184	94	64	30	0	0	0	0
AF	0	0.606496	55	41	14	0	0	0	0
AF	0	0.606808	61	47	14	0	0	0	0
AF	0	0.607121	54	40	14	0	0	0	0
AF	0	0.607433	39	32	7	0	0	0	0
AF	0	0.607745	29	20	9	0	0	0	0
AF	0	0.608057	34	20	14	0	0	0	0
AF	0	0.608370	27	22	5	0	0	0	0
AF	0	0.608682	33	19	14	0	0	0	0
AF	0	0.608994	36	24	12	0	0	0	0
AF	0	0.609307	56	36	20	0	0	0	0
AF	0	0.609619	48	34	14	0	0	0	0
AF	0	0.609931	32	19	13	0	0	0	0
AF	0	0.610244	36	23	13	0	0	0	0
AF	0	0.610556	48	33	15	0	0	0	0
AF	0	0.610868	33	20	13	0	0	0	0
AF	0	0.611181	28	18	10	0	0	0	0
AF	0	0.611493	38	30	8	0	0	0	0
AF	0	0.611805	52	37	15	0	0	0	0
AF	0	0.612117	26	19	7	0	0	0	0
AF	0	0.612430	39	28	11	0	0	0	0
AF	0	0.612742	36	24	12	0	0	0	0
AF	0	0.613054	25	23	2	0	0	0	0
AF	0	0.613367	42	28	14	0	0	0	0
AF	0	0.613679	35	31	4	0	0	0	0
AF	0	0.613991	32	24	8	0	0	0	0
AF	0	0.614304	38	29	9	0	0	0	0
AF	0	0.614616	40	24	16	0	0	0	0
AF	0	0.614928	30	24	6	0	0	0	0
AF	0	0.615240	36	22	14	0	0	0	0
AF	0	0.615553	23	17	6	0	0	0	0
AF	0	0.615865	41	26	15	0	0	0	0
AF	0	0.616177	35	28	7	0	0	0	0
AF	0	0.616490	29	22	7	0	0	0	0
AF	0	0.616802	17	12	5	0	0	0	0
AF	0	0.617114	38	29	9	0	0	0	0
AF	0	0.617427	36	19	17	0	0	0	0
AF	0	0.617739	30	17	13	0	0	0	0
AF	0	0.618051	37	26	11	0	0	0	0
AF	0	0.618364	48	29	19	0	0	0	0
AF	0	0.618676	30	23	7	0	0	0	0
AF	0	0.618988	33	26	7	0	0	0	0
AF	0	0.619300	28	20	8	0	0	0	0
AF	0	0.619613	18	11	7	0	0	0	0
AF	0	0.619925	28	19	9	0	0	0	0
AF	0	0.620237	27	15	12	0	0	0	0
AF	0	0.620550	38	30	8	0	0	0	0
AF	0	0.620862	30	18	12	0	0	0	0
AF	0	0.621174	29	20	9	0	0	0	0
AF	0	0.621487	25	17	8	0	0	0	0
AF	0	0.621799	26	21	5	0	0	0	0
AF	0	0.622111	31	24	7	0	0	0	0
AF	0	0.622423	39	27	12	0	0	0	0
AF	0	0.622736	71	56	15	0	0	0	0
AF	0	0.623048	42	30	12	0	0	0	0
AF	0	0.623360	38	23	15	0	0	0	0
AF	0	0.623673	28	20	8	0	0	0	0
AF	0	0.623985	27	20	7	0	0	0	0
AF	0	0.624297	24	17	7	0	0	0	0
AF	0	0.624610	28	25	3	0	0	0	0
AF	0	0.624922	36	28	8	0	0	0	0
AF	0	0.625234	25	14	11	0	0	0	0
AF	0	0.625547	20	15	5	0	0	0	0
AF	0	0.625859	23	20	3	0	0	0	0
AF	0	0.626171	21	16	5	0	0	0	0
AF	0	0.626483	33	20	13	0	0	0	0
AF	0	0.626796	29	20	9	0	0	0	0
AF	0	0.627108	30	22	8	0	0	0	0
AF	0	0.627420	25	20	5	0	0	0	0
AF	0	0.627733	38	24	14	0	0	0	0
AF	0	0.628045	25	14	11	0	0	0	0
AF	0	0.628357	22	13	9	0	0	0	0
AF	0	0.628670	29	23	6	0	0	0	0
AF	0	0.628982	30	25	5	0	0	0	0
AF	0	0.629294	33	27	6	0	0	0	0
AF	0	0.629606	36	29	7	0	0	0	0
AF	0	0.629919	33	27	6	0	0	0	0
AF	0	0.630231	26	16	10	0	0	0	0
AF	0	0.630543	32	21	11	0	0	0	0
AF	0	0.630856	41	25	16	0	0	0	0
AF	0	0.631168	40	28	12	0	0	0	0
AF	0	0.631480	41	31	10	0	0	0	0
AF	0	0.631793	47	29	18	0	0	0	0
AF	0	0.632105	45	37	8	0	0	0	0
AF	0	0.632417	34	25	9	0	0	0	0
AF	0	0.632730	38	29	9	0	0	0	0
AF	0	0.633042	24	19	5	0	0	0	0
AF	0	0.633354	38	26	12	0	0	0	0
AF	0	0.633666	40	29	11	0	0	0	0
AF	0	0.633979	56	38	18	0	0	0	0
AF	0	0.634291	50	39	11	0	0	0	0
AF	0	0.634603	42	35	7	0	0	0	0
AF	0	0.634916	45	29	16	0	0	0	0
AF	0	0.635228	38	28	10	0	0	0	0
AF	0	0.635540	56	40	16	0	0	0	0
AF	0	0.635853	37	25	12	0	0	0	0
AF	0	0.636165	34	21	13	0	0	0	0
AF	0	0.636477	30	21	9	0	0	0	0
AF	0	0.636790	25	19	6	0	0	0	0
AF	0	0.637102	38	29	9	0	0	0	0
AF	0	0.637414	37	26	11	0	0	0	0
AF	0	0.637726	39	34	5	0	0	0	0
AF	0	0.638039	33	20	13	0	0	0	0
AF	0	0.638351	29	20	9	0	0	0	0
AF	0	0.638663	33	23	10	0	0	0	0
AF	0	0.638976	33	25	8	0	0	0	0
AF	0	0.639288	32	24	8	0	0	0	0
AF	0	0.639600	35	23	12	0	0	0	0
AF	0	0.639913	45	27	18	0	0	0	0
AF	0	0.640225	23	16	7	0	0	0	0
AF	0	0.640537	33	25	8	0	0	0	0
AF	0	0.640849	43	31	12	0	0	0	0
AF	0	0.641162	31	23	8	0	0	0	0
AF	0	0.641474	46	29	17	0	0	0	0
AF	0	0.641786	39	26	13	0	0	0	0
AF	0	0.642099	27	21	6	0	0	0	0
AF	0	0.642411	29	20	9	0	0	0	0
AF	0	0.642723	50	41	9	0	0	0	0
AF	0	0.643036	30	16	14	0	0	0	0
AF	0	0.643348	31	22	9	0	0	0	0
AF	0	0.643660	39	26	13	0	0	0	0
AF	0	0.643973	32	22	10	0	0	0	0
AF	0	0.644285	29	17	12	0	0	0	0
AF	0	0.644597	30	22	8	0	0	0	0
AF	0	0.644909	40	28	12	0	0	0	0
AF	0	0.645222	40	28	12	0	0	0	0
AF	0	0.645534	38	29	9	0	0	0	0
AF	0	0.645846	52	35	17	0	0	0	0
AF	0	0.646159	30	19	11	0	0	0	0
AF	0	0.646471	37	27	10	0	0	0	0
AF	0	0.646783	25	18	7	0	0	0	0
AF	0	0.647096	43	30	13	0	0	0	0
AF	0	0.647408	30	22	8	0	0	0	0
AF	0	0.647720	26	22	4	0	0	0	0
AF	0	0.648032	22	18	4	0	0	0	0
AF	0	0.648345	30	21	9	0	0	0	0
AF	0	0.648657	36	24	12	0	0	0	0
AF	0	0.648969	27	21	6	0	0	0	0
AF	0	0.649282	25	16	9	0	0	0	0
AF	0	0.649594	20	10	10	0	0	0	0
AF	0	0.649906	35	27	8	0	0	0	0
AF	0	0.650219	29	18	11	0	0	0	0
AF	0	0.650531	22	14	8	0	0	0	0
AF	0	0.650843	21	11	10	0	0	0	0
AF	0	0.651156	25	17	8	0	0	0	0
AF	0	0.651468	37	32	5	0	0	0	0
AF	0	0.651780	21	11	10	0	0	0	0
AF	0	0.652092	38	31	7	0	0	0	0
AF	0	0.652405	43	28	15	0	0	0	0
AF	0	0.652717	30	24	6	0	0	0	0
AF	0	0.653029	38	26	12	0	0	0	0
AF	0	0.653342	37	25	12	0	0	0	0
AF	0	0.653654	37	22	15	0	0	0	0
AF	0	0.653966	37	29	8	0	0	0	0
AF	0	0.654279	37	27	10	0	0	0	0
AF	0	0.654591	42	26	16	0	0	0	0
AF	0	0.654903	27	18	9	0	0	0	0
AF	0	0.655215	45	28	17	0	0	0	0
AF	0	0.655528	45	31	14	0	0	0	0
AF	0	0.655840	40	32	8	0	0	0	0
AF	0	0.656152	50	31	19	0	0	0	0
AF	0	0.656465	30	23	7	0	0	0	0
AF	0	0.656777	42	34	8	0	0	0	0
AF	0	0.657089	47	27	20	0	0	0	0
AF	0	0.657402	26	19	7	0	0	0	0
AF	0	0.657714	28	19	9	0	0	0	0
AF	0	0.658026	30	24	6	0	0	0	0
AF	0	0.658339	27	19	8	0	0	0	0
AF	0	0.658651	27	21	6	0	0	0	0
AF	0	0.658963	20	13	7	0	0	0	0
AF	0	0.659275	29	23	6	0	0	0	0
AF	0	0.659588	39	24	15	0	0	0	0
AF	0	0.659900	24	15	9	0	0	0	0
AF	0	0.660212	27	17	10	0	0	0	0
AF	0	0.660525	34	25	9	0	0	0	0
AF	0	0.660837	33	23	10	0	0	0	0
AF	0	0.661149	42	30	12	0	0	0	0
AF	0	0.661462	25	19	6	0	0	0	0
AF	0	0.661774	24	18	6	0	0	0	0
AF	0	0.662086	33	25	8	0	0	0	0
AF	0	0.662399	26	16	10	0	0	0	0
AF	0	0.662711	36	21	15	0	0	0	0
AF	0	0.663023	34	24	10	0	0	0	0
AF	0	0.663335	40	26	14	0	0	0	0
AF	0	0.663648	21	14	7	0	0	0	0
AF	0	0.663960	29	20	9	0	0	0	0
AF	0	0.664272	25	15	10	0	0	0	0
AF	0	0.664585	31	22	9	0	0	0	0
AF	0	0.664897	19	15	4	0	0	0	0
AF	0	0.665209	28	19	9	0	0	0	0
AF	0	0.665522	27	24	3	0	0	0	0
AF	0	0.665834	43	33	10	0	0	0	0
AF	0	0.666146	38	27	11	0	0	0	0
AF	0	0.666458	39	29	10	0	0	0	0
AF	0	0.666771	34	27	7	0	0	0	0
AF	0	0.667083	30	23	7	0	0	0	0
AF	0	0.667395	42	32	10	0	0	0	0
AF	0	0.667708	36	31	5	0	0	0	0
AF	0	0.668020	18	13	5	0	0	0	0
AF	0	0.668332	20	16	4	0	0	0	0
AF	0	0.668645	24	19	5	0	0	0	0
AF	0	0.668957	40	36	4	0	0	0	0
AF	0	0.669269	11	10	1	0	0	0	0
AF	0	0.669582	19	10	9	0	0	0	0
AF	0	0.669894	16	13	3	0	0	0	0
AF	0	0.670206	22	16	6	0	0	0	0
AF	0	0.670518	22	18	4	0	0	0	0
AF	0	0.670831	31	26	5	0	0	0	0
AF	0	0.671143	26	18	8	0	0	0	0
AF	0	0.671455	37	25	12	0	0	0	0
AF	0	0.671768	26	13	13	0	0	0	0
AF	0	0.672080	21	13	8	0	0	0	0
AF	0	0.672392	29	17	12	0	0	0	0
AF	0	0.672705	18	14	4	0	0	0	0
AF	0	0.673017	44	31	13	0	0	0	0
AF	0	0.673329	27	17	10	0	0	0	0
AF	0	0.673641	22	14	8	0	0	0	0
AF	0	0.673954	25	18	7	0	0	0	0
AF	0	0.674266	25	21	4	0	0	0	0
AF	0	0.674578	35	29	6	0	0	0	0
AF	0	0.674891	30	21	9	0	0	0	0
AF	0	0.675203	43	30	13	0	0	0	0
AF	0	0.675515	27	17	10	0	0	0	0
AF	0	0.675828	30	26	4	0	0	0	0
AF	0	0.676140	27	21	6	0	0	0	0
AF	0	0.676452	21	14	7	0	0	0	0
AF	0	0.676765	32	22	10	0	0	0	0
AF	0	0.677077	25	18	7	0	0	0	0
AF	0	0.677389	35	26	9	0	0	0	0
AF	0	0.677701	20	12	8	0	0	0	0
AF	0	0.678014	27	18	9	0	0	0	0
AF	0	0.678326	18	13	5	0	0	0	0
AF	0	0.678638	14	10	4	0	0	0	0
AF	0	0.678951	31	21	10	0	0	0	0
AF	0	0.679263	25	18	7	0	0	0	0
AF	0	0.679575	35	27	8	0	0	0	0
AF	0	0.679888	30	18	12	0	0	0	0
AF	0	0.680200	34	24	10	0	0	0	0
AF	0	0.680512	21	16	5	0	0	0	0
AF	0	0.680824	28	17	11	0	0	0	0
AF	0	0.681137	27	20	7	0	0	0	0
AF	0	0.681449	25	14	11	0	0	0	0
AF	0	0.681761	34	28	6	0	0	0	0
AF	0	0.682074	34	24	10	0	0	0	0
AF	0	0.682386	35	26	9	0	0	0	0
AF	0	0.682698	37	24	13	0	0	0	0
AF	0	0.683011	22	17	5	0	0	0	0
AF	0	0.683323	28	22	6	0	0	0	0
AF	0	0.683635	21	14	7	0	0	0	0
AF	0	0.683948	31	21	10	0	0	0	0
AF	0	0.684260	28	21	7	0	0	0	0
AF	0	0.684572	30	20	10	0	0	0	0
AF	0	0.684884	27	18	9	0	0	0	0
AF	0	0.685197	26	17	9	0	0	0	0
AF	0	0.685509	27	17	10	0	0	0	0
AF	0	0.685821	32	18	14	0	0	0	0
AF	0	0.686134	38	28	10	0	0	0	0
AF	0	0.686446	29	19	10	0	0	0	0
AF	0	0.686758	36	33	3	0	0	0	0
AF	0	0.687071	26	17	9	0	0	0	0
AF	0	0.687383	23	15	8	0	0	0	0
AF	0	0.687695	22	15	7	0	0	0	0
AF	0	0.688007	23	18	5	0	0	0	0
AF	0	0.688320	26	18	8	0	0	0	0
AF	0	0.688632	21	15	6	0	0	0	0
AF	0	0.688944	29	22	7	0	0	0	0
AF	0	0.689257	25	17	8	0	0	0	0
AF	0	0.689569	33	22	11	0	0	0	0
AF	0	0.689881	25	20	5	0	0	0	0
AF	0	0.690194	41	34	7	0	0	0	0
AF	0	0.690506	26	16	10	0	0	0	0
AF	0	0.690818	26	15	11	0	0	0	0
AF	0	0.691131	31	19	12	0	0	0	0
AF	0	0.691443	39	26	13	0	0	0	0
AF	0	0.691755	21	11	10	0	0	0	0
AF	0	0.692067	20	15	5	0	0	0	0
AF	0	0.692380	27	23	4	0	0	0	0
AF	0	0.692692	36	26	10	0	0	0	0
AF	0	0.693004	37	20	17	0	0	0	0
AF	0	0.693317	44	27	17	0	0	0	0
AF	0	0.693629	32	24	8	0	0	0	0
AF	0	0.693941	34	22	12	0	0	0	0
AF	0	0.694254	32	27	5	0	0	0	0
AF	0	0.694566	29	22	7	0	0	0	0
AF	0	0.694878	36	26	10	0	0	0	0
AF	0	0.695191	31	24	7	0	0	0	0
AF	0	0.695503	37	27	10	0	0	0	0
AF	0	0.695815	24	19	5	0	0	0	0
AF	0	0.696127	33	23	10	0	0	0	0
AF	0	0.696440	33	23	10	0	0	0	0
AF	0	0.696752	23	17	6	0	0	0	0
AF	0	0.697064	39	28	11	0	0	0	0
AF	0	0.697377	44	28	16	0	0	0	0
AF	0	0.697689	64	49	15	0	0	0	0
AF	0	0.698001	25	20	5	0	0	0	0
AF	0	0.698314	37	21	16	0	0	0	0
AF	0	0.698626	27	19	8	0	0	0	0
AF	0	0.698938	20	14	6	0	0	0	0
AF	0	0.699250	39	29	10	0	0	0	0
AF	0	0.699563	32	23	9	0	0	0	0
AF	0	0.699875	38	26	12	0	0	0	0
AF	0	0.700187	42	27	15	0	0	0	0
AF	0	0.700500	28	23	5	0	0	0	0
AF	0	0.700812	24	15	9	0	0	0	0
AF	0	0.701124	31	24	7	0	0	0	0
AF	0	0.701437	44	30	14	0	0	0	0
AF	0	0.701749	23	17	6	0	0	0	0
AF	0	0.702061	26	21	5	0	0	0	0
AF	0	0.702374	42	22	20	0	0	0	0
AF	0	0.702686	31	28	3	0	0	0	0
AF	0	0.702998	29	20	9	0	0	0	0
AF	0	0.703310	30	23	7	0	0	0	0
AF	0	0.703623	24	11	13	0	0	0	0
AF	0	0.703935	18	10	8	0	0	0	0
AF	0	0.704247	25	20	5	0	0	0	0
AF	0	0.704560	15	9	6	0	0	0	0
AF	0	0.704872	15	9	6	0	0	0	0
AF	0	0.705184	21	15	6	0	0	0	0
AF	0	0.705497	22	15	7	0	0	0	0
AF	0	0.705809	23	12	11	0	0	0	0
AF	0	0.706121	26	16	10	0	0	0	0
AF	0	0.706433	21	16	5	0	0	0	0
AF	0	0.706746	24	15	9	0	0	0	0
AF	0	0.707058	23	19	4	0	0	0	0
AF	0	0.707370	32	23	9	0	0	0	0
AF	0	0.707683	33	20	13	0	0	0	0
AF	0	0.707995	19	14	5	0	0	0	0
AF	0	0.708307	25	15	10	0	0	0	0
AF	0	0.708620	25	19	6	0	0	0	0
AF	0	0.708932	21	13	8	0	0	0	0
AF	0	0.709244	24	17	7	0	0	0	0
AF	0	0.709557	30	20	10	0	0	0	0
AF	0	0.709869	19	11	8	0	0	0	0
AF	0	0.710181	31	20	11	0	0	0	0
AF	0	0.710493	23	14	9	0	0	0	0
AF	0	0.710806	14	9	5	0	0	0	0
AF	0	0.711118	20	12	8	0	0	0	0
AF	0	0.711430	22	15	7	0	0	0	0
AF	0	0.711743	21	16	5	0	0	0	0
AF	0	0.712055	23	16	7	0	0	0	0
AF	0	0.712367	27	20	7	0	0	0	0
AF	0	0.712680	16	12	4	0	0	0	0
AF	0	0.712992	25	15	10	0	0	0	0
AF	0	0.713304	34	26	8	0	0	0	0
AF	0	0.713616	22	15	7	0	0	0	0
AF	0	0.713929	30	19	11	0	0	0	0
AF	0	0.714241	19	15	4	0	0	0	0
AF	0	0.714553	34	22	12	0	0	0	0
AF	0	0.714866	41	29	12	0	0	0	0
AF	0	0.715178	27	18	9	0	0	0	0
AF	0	0.715490	19	15	4	0	0	0	0
AF	0	0.715803	26	17	9	0	0	0	0
AF	0	0.716115	17	15	2	0	0	0	0
AF	0	0.716427	20	13	7	0	0	0	0
AF	0	0.716740	31	22	9	0	0	0	0
AF	0	0.717052	33	22	11	0	0	0	0
AF	0	0.717364	32	26	6	0	0	0	0
AF	0	0.717676	22	14	8	0	0	0	0
AF	0	0.717989	21	12	9	0	0	0	0
AF	0	0.718301	30	23	7	0	0	0	0
AF	0	0.718613	32	21	11	0	0	0	0
AF	0	0.718926	33	30	3	0	0	0	0
AF	0	0.719238	11	5	6	0	0	0	0
AF	0	0.719550	18	11	7	0	0	0	0
AF	0	0.719863	34	26	8	0	0	0	0
AF	0	0.720175	22	16	6	0	0	0	0
AF	0	0.720487	33	25	8	0	0	0	0
AF	0	0.720800	36	21	15	0	0	0	0
AF	0	0.721112	29	17	12	0	0	0	0
AF	0	0.721424	27	18	9	0	0	0	0
AF	0	0.721736	36	27	9	0	0	0	0
AF	0	0.722049	67	50	17	0	0	0	0
AF	0	0.722361	28	21	7	0	0	0	0
AF	0	0.722673	28	22	6	0	0	0	0
AF	0	0.722986	41	34	7	0	0	0	0
AF	0	0.723298	36	21	15	0	0	0	0
AF	0	0.723610	22	17	5	0	0	0	0
AF	0	0.723923	37	22	15	0	0	0	0
AF	0	0.724235	28	13	15	0	0	0	0
AF	0	0.724547	27	21	6	0	0	0	0
AF	0	0.724859	32	22	10	0	0	0	0
AF	0	0.725172	44	34	10	0	0	0	0
AF	0	0.725484	27	21	6	0	0	0	0
AF	0	0.725796	47	31	16	0	0	0	0
AF	0	0.726109	34	26	8	0	0	0	0
AF	0	0.726421	30	21	9	0	0	0	0
AF	0	0.726733	39	25	14	0	0	0	0
AF	0	0.727046	45	30	15	0	0	0	0
AF	0	0.727358	39	28	11	0	0	0	0
AF	0	0.727670	25	17	8	0	0	0	0
AF	0	0.727983	39	22	17	0	0	0	0
AF	0	0.728295	31	18	13	0	0	0	0
AF	0	0.728607	30	19	11	0	0	0	0
AF	0	0.728919	17	15	2	0	0	0	0
AF	0	0.729232	26	19	7	0	0	0	0
AF	0	0.729544	21	10	11	0	0	0	0
AF	0	0.729856	33	23	10	0	0	0	0
AF	0	0.730169	31	23	8	0	0	0	0
AF	0	0.730481	45	29	16	0	0	0	0
AF	0	0.730793	38	33	5	0	0	0	0
AF	0	0.731106	25	18	7	0	0	0	0
AF	0	0.731418	46	36	10	0	0	0	0
AF	0	0.731730	51	37	14	0	0	0	0
AF	0	0.732042	54	31	23	0	0	0	0
AF	0	0.732355	41	30	11	0	0	0	0
AF	0	0.732667	58	43	15	0	0	0	0
AF	0	0.732979	52	38	14	0	0	0	0
AF	0	0.733292	48	38	10	0	0	0	0
AF	0	0.733604	31	25	6	0	0	0	0
AF	0	0.733916	35	23	12	0	0	0	0
AF	0	0.734229	37	26	11	0	0	0	0
AF	0	0.734541	31	23	8	0	0	0	0
AF	0	0.734853	30	19	11	0	0	0	0
AF	0	0.735166	18	12	6	0	0	0	0
AF	0	0.735478	19	9	10	0	0	0	0
AF	0	0.735790	24	16	8	0	0	0	0
AF	0	0.736102	44	31	13	0	0	0	0
AF	0	0.736415	33	19	14	0	0	0	0
AF	0	0.736727	28	17	11	0	0	0	0
AF	0	0.737039	27	22	5	0	0	0	0
AF	0	0.737352	21	16	5	0	0	0	0
AF	0	0.737664	31	24	7	0	0	0	0
AF	0	0.737976	21	14	7	0	0	0	0
AF	0	0.738289	25	22	3	0	0	0	0
AF	0	0.738601	28	24	4	0	0	0	0
AF	0	0.738913	44	31	13	0	0	0	0
AF	0	0.739225	27	24	3	0	0	0	0
AF	0	0.739538	41	26	15	0	0	0	0
AF	0	0.739850	34	24	10	0	0	0	0
AF	0	0.740162	36	25	11	0	0	0	0
AF	0	0.740475	37	29	8	0	0	0	0
AF	0	0.740787	52	42	10	0	0	0	0
AF	0	0.741099	37	23	14	0	0	0	0
AF	0	0.741412	24	14	10	0	0	0	0
AF	0	0.741724	34	25	9	0	0	0	0
AF	0	0.742036	28	21	7	0	0	0	0
AF	0	0.742349	23	12	11	0	0	0	0
AF	0	0.742661	38	27	11	0	0	0	0
AF	0	0.742973	29	18	11	0	0	0	0
AF	0	0.743285	23	12	11	0	0	0	0
AF	0	0.743598	31	22	9	0	0	0	0
AF	0	0.743910	19	14	5	0	0	0	0
AF	0	0.744222	20	15	5	0	0	0	0
AF	0	0.744535	23	17	6	0	0	0	0
AF	0	0.744847	15	8	7	0	0	0	0
AF	0	0.745159	21	15	6	0	0	0	0
AF	0	0.745472	28	18	10	0	0	0	0
AF	0	0.745784	23	17	6	0	0	0	0
AF	0	0.746096	23	16	7	0	0	0	0
AF	0	0.746408	25	20	5	0	0	0	0
AF	0	0.746721	27	21	6	0	0	0	0
AF	0	0.747033	27	20	7	0	0	0	0
AF	0	0.747345	23	16	7	0	0	0	0
AF	0	0.747658	34	21	13	0	0	0	0
AF	0	0.747970	23	19	4	0	0	0	0
AF	0	0.748282	26	17	9	0	0	0	0
AF	0	0.748595	18	13	5	0	0	0	0
AF	0	0.748907	38	23	15	0	0	0	0
AF	0	0.749219	15	9	6	0	0	0	0
AF	0	0.749532	31	24	7	0	0	0	0
AF	0	0.749844	21	9	12	0	0	0	0
AF	0	0.750156	24	19	5	0	0	0	0
AF	0	0.750468	29	19	10	0	0	0	0
AF	0	0.750781	19	12	7	0	0	0	0
AF	0	0.751093	16	14	2	0	0	0	0
AF	0	0.751405	20	18	2	0	0	0	0
AF	0	0.751718	22	15	7	0	0	0	0
AF	0	0.752030	36	29	7	0	0	0	0
AF	0	0.752342	39	26	13	0	0	0	0
AF	0	0.752655	31	22	9	0	0	0	0
AF	0	0.752967	26	18	8	0	0	0	0
AF	0	0.753279	27	19	8	0	0	0	0
AF	0	0.753592	39	29	10	0	0	0	0
AF	0	0.753904	33	25	8	0	0	0	0
AF	0	0.754216	31	24	7	0	0	0	0
AF	0	0.754528	16	12	4	0	0	0	0
AF	0	0.754841	45	33	12	0	0	0	0
AF	0	0.755153	28	19	9	0	0	0	0
AF	0	0.755465	26	21	5	0	0	0	0
AF	0	0.755778	29	22	7	0	0	0	0
AF	0	0.756090	22	17	5	0	0	0	0
AF	0	0.756402	26	18	8	0	0	0	0
AF	0	0.756715	28	17	11	0	0	0	0
AF	0	0.757027	23	18	5	0	0	0	0
AF	0	0.757339	18	9	9	0	0	0	0
AF	0	0.757651	23	19	4	0	0	0	0
AF	0	0.757964	28	17	11	0	0	0	0
AF	0	0.758276	21	13	8	0	0	0	0
AF	0	0.758588	42	31	11	0	0	0	0
AF	0	0.758901	20	17	3	0	0	0	0
AF	0	0.759213	35	25	10	0	0	0	0
AF	0	0.759525	24	19	5	0	0	0	0
AF	0	0.759838	30	20	10	0	0	0	0
AF	0	0.760150	26	18	8	0	0	0	0
AF	0	0.760462	22	14	8	0	0	0	0
AF	0	0.760775	24	16	8	0	0	0	0
AF	0	0.761087	17	13	4	0	0	0	0
AF	0	0.761399	28	20	8	0	0	0	0
AF	0	0.761711	29	24	5	0	0	0	0
AF	0	0.762024	24	13	11	0	0	0	0
AF	0	0.762336	27	16	11	0	0	0	0
AF	0	0.762648	27	17	10	0	0	0	0
AF	0	0.762961	26	18	8	0	0	0	0
AF	0	0.763273	38	24	14	0	0	0	0
AF	0	0.763585	38	26	12	0	0	0	0
AF	0	0.763898	21	18	3	0	0	0	0
AF	0	0.764210	23	18	5	0	0	0	0
AF	0	0.764522	36	29	7	0	0	0	0
AF	0	0.764834	43	31	12	0	0	0	0
AF	0	0.765147	30	15	15	0	0	0	0
AF	0	0.765459	25	15	10	0	0	0	0
AF	0	0.765771	28	20	8	0	0	0	0
AF	0	0.766084	29	20	9	0	0	0	0
AF	0	0.766396	27	17	10	0	0	0	0
AF	0	0.766708	35	22	13	0	0	0	0
AF	0	0.767021	27	20	7	0	0	0	0
AF	0	0.767333	32	20	12	0	0	0	0
AF	0	0.767645	28	21	7	0	0	0	0
AF	0	0.767958	27	18	9	0	0	0	0
AF	0	0.768270	33	22	11	0	0	0	0
AF	0	0.768582	23	18	5	0	0	0	0
AF	0	0.768894	25	18	7	0	0	0	0
AF	0	0.769207	35	24	11	0	0	0	0
AF	0	0.769519	31	16	15	0	0	0	0
AF	0	0.769831	20	15	5	0	0	0	0
AF	0	0.770144	15	8	7	0	0	0	0
AF	0	0.770456	22	19	3	0	0	0	0
AF	0	0.770768	19	12	7	0	0	0	0
AF	0	0.771081	21	16	5	0	0	0	0
AF	0	0.771393	25	17	8	0	0	0	0
AF	0	0.771705	21	14	7	0	0	0	0
AF	0	0.772017	23	13	10	0	0	0	0
AF	0	0.772330	27	22	5	0	0	0	0
AF	0	0.772642	23	12	11	0	0	0	0
AF	0	0.772954	26	16	10	0	0	0	0
AF	0	0.773267	32	22	10	0	0	0	0
AF	0	0.773579	18	14	4	0	0	0	0
AF	0	0.773891	20	13	7	0	0	0	0
AF	0	0.774204	31	25	6	0	0	0	0
AF	0	0.774516	20	11	9	0	0	0	0
AF	0	0.774828	25	20	5	0	0	0	0
AF	0	0.775141	21	17	4	0	0	0	0
AF	0	0.775453	31	22	9	0	0	0	0
AF	0	0.775765	35	25	10	0	0	0	0
AF	0	0.776077	21	11	10	0	0	0	0
AF	0	0.776390	27	19	8	0	0	0	0
AF	0	0.776702	27	22	5	0	0	0	0
AF	0	0.777014	33	25	8	0	0	0	0
AF	0	0.777327	36	21	15	0	0	0	0
AF	0	0.777639	30	18	12	0	0	0	0
AF	0	0.777951	18	14	4	0	0	0	0
AF	0	0.778264	24	16	8	0	0	0	0
AF	0	0.778576	21	16	5	0	0	0	0
AF	0	0.778888	17	14	3	0	0	0	0
AF	0	0.779200	21	16	5	0	0	0	0
AF	0	0.779513	24	15	9	0	0	0	0
AF	0	0.779825	21	18	3	0	0	0	0
AF	0	0.780137	23	16	7	0	0	0	0
AF	0	0.780450	18	11	7	0	0	0	0
AF	0	0.780762	18	11	7	0	0	0	0
AF	0	0.781074	14	13	1	0	0	0	0
AF	0	0.781387	22	14	8	0	0	0	0
AF	0	0.781699	39	28	11	0	0	0	0
AF	0	0.782011	34	22	12	0	0	0	0
AF	0	0.782324	29	22	7	0	0	0	0
AF	0	0.782636	22	14	8	0	0	0	0
AF	0	0.782948	26	16	10	0	0	0	0
AF	0	0.783260	24	19	5	0	0	0	0
AF	0	0.783573	22	17	5	0	0	0	0
AF	0	0.783885	18	13	5	0	0	0	0
AF	0	0.784197	16	12	4	0	0	0	0
AF	0	0.784510	19	10	9	0	0	0	0
AF	0	0.784822	26	18	8	0	0	0	0
AF	0	0.785134	38	23	15	0	0	0	0
AF	0	0.785447	18	13	5	0	0	0	0
AF	0	0.785759	13	8	5	0	0	0	0
AF	0	0.786071	19	12	7	0	0	0	0
AF	0	0.786384	25	15	10	0	0	0	0
AF	0	0.786696	19	13	6	0	0	0	0
AF	0	0.787008	30	23	7	0	0	0	0
AF	0	0.787320	32	23	9	0	0	0	0
AF	0	0.787633	30	20	10	0	0	0	0
AF	0	0.787945	25	18	7	0	0	0	0
AF	0	0.788257	29	18	11	0	0	0	0
AF	0	0.788570	18	16	2	0	0	0	0
AF	0	0.788882	38	27	11	0	0	0	0
AF	0	0.789194	25	20	5	0	0	0	0
AF	0	0.789507	20	13	7	0	0	0	0
AF	0	0.789819	19	12	7	0	0	0	0
AF	0	0.790131	20	10	10	0	0	0	0
AF	0	0.790443	29	19	10	0	0	0	0
AF	0	0.790756	34	25	9	0	0	0	0
AF	0	0.791068	14	9	5	0	0	0	0
AF	0	0.791380	21	11	10	0	0	0	0
AF	0	0.791693	22	17	5	0	0	0	0
AF	0	0.792005	25	17	8	0	0	0	0
AF	0	0.792317	30	17	13	0	0	0	0
AF	0	0.792630	20	13	7	0	0	0	0
AF	0	0.792942	27	18	9	0	0	0	0
AF	0	0.793254	32	19	13	0	0	0	0
AF	0	0.793567	31	22	9	0	0	0	0
AF	0	0.793879	18	13	5	0	0	0	0
AF	0	0.794191	25	16	9	0	0	0	0
AF	0	0.794503	27	18	9	0	0	0	0
AF	0	0.794816	25	14	11	0	0	0	0
AF	0	0.795128	22	15	7	0	0	0	0
AF	0	0.795440	22	17	5	0	0	0	0
AF	0	0.795753	21	13	8	0	0	0	0
AF	0	0.796065	13	10	3	0	0	0	0
AF	0	0.796377	16	12	4	0	0	0	0
AF	0	0.796690	27	20	7	0	0	0	0
AF	0	0.797002	29	22	7	0	0	0	0
AF	0	0.797314	27	20	7	0	0	0	0
AF	0	0.797626	26	20	6	0	0	0	0
AF	0	0.797939	15	12	3	0	0	0	0
AF	0	0.798251	19	14	5	0	0	0	0
AF	0	0.798563	17	14	3	0	0	0	0
AF	0	0.798876	19	11	8	0	0	0	0
AF	0	0.799188	31	23	8	0	0	0	0
AF	0	0.799500	19	13	6	0	0	0	0
AF	0	0.799813	24	16	8	0	0	0	0
AF	0	0.800125	43	27	16	0	0	0	0
AF	0	0.800437	22	14	8	0	0	0	0
AF	0	0.800750	34	21	13	0	0	0	0
AF	0	0.801062	27	18	9	0	0	0	0
AF	0	0.801374	26	22	4	0	0	0	0
AF	0	0.801686	29	18	11	0	0	0	0
AF	0	0.801999	22	15	7	0	0	0	0
AF	0	0.802311	17	11	6	0	0	0	0
AF	0	0.802623	18	14	4	0	0	0	0
AF	0	0.802936	20	12	8	0	0	0	0
AF	0	0.803248	16	9	7	0	0	0	0
AF	0	0.803560	24	17	7	0	0	0	0
AF	0	0.803873	20	12	8	0	0	0	0
AF	0	0.804185	28	16	12	0	0	0	0
AF	0	0.804497	28	19	9	0	0	0	0
AF	0	0.804809	20	17	3	0	0	0	0
AF	0	0.805122	20	16	4	0	0	0	0
AF	0	0.805434	34	24	10	0	0	0	0
AF	0	0.805746	26	21	5	0	0	0	0
AF	0	0.806059	32	20	12	0	0	0	0
AF	0	0.806371	18	11	7	0	0	0	0
AF	0	0.806683	19	14	5	0	0	0	0
AF	0	0.806996	20	15	5	0	0	0	0
AF	0	0.807308	35	24	11	0	0	0	0
AF	0	0.807620	22	15	7	0	0	0	0
AF	0	0.807933	14	9	5	0	0	0	0
AF	0	0.808245	14	9	5	0	0	0	0
AF	0	0.808557	19	16	3	0	0	0	0
AF	0	0.808869	16	12	4	0	0	0	0
AF	0	0.809182	26	16	10	0	0	0	0
AF	0	0.809494	25	20	5	0	0	0	0
AF	0	0.809806	19	14	5	0	0	0	0
AF	0	0.810119	16	13	3	0	0	0	0
AF	0	0.810431	15	11	4	0	0	0	0
AF	0	0.810743	15	12	3	0	0	0	0
AF	0	0.811056	14	8	6	0	0	0	0
AF	0	0.811368	19	16	3	0	0	0	0
AF	0	0.811680	17	10	7	0	0	0	0
AF	0	0.811993	14	8	6	0	0	0	0
AF	0	0.812305	20	17	3	0	0	0	0
AF	0	0.812617	25	15	10	0	0	0	0
AF	0	0.812929	26	15	11	0	0	0	0
AF	0	0.813242	24	13	11	0	0	0	0
AF	0	0.813554	20	15	5	0	0	0	0
AF	0	0.813866	23	14	9	0	0	0	0
AF	0	0.814179	16	10	6	0	0	0	0
AF	0	0.814491	15	13	2	0	0	0	0
AF	0	0.814803	20	16	4	0	0	0	0
AF	0	0.815116	20	14	6	0	0	0	0
AF	0	0.815428	23	12	11	0	0	0	0
AF	0	0.815740	25	19	6	0	0	0	0
AF	0	0.816052	19	14	5	0	0	0	0
AF	0	0.816365	25	16	9	0	0	0	0
AF	0	0.816677	30	20	10	0	0	0	0
AF	0	0.816989	13	9	4	0	0	0	0
AF	0	0.817302	32	30	2	0	0	0	0
AF	0	0.817614	80	57	23	0	0	0	0
AF	0	0.817926	28	22	6	0	0	0	0
AF	0	0.818239	24	15	9	0	0	0	0
AF	0	0.818551	29	22	7	0	0	0	0
AF	0	0.818863	41	28	13	0	0	0	0
AF	0	0.819176	28	14	14	0	0	0	0
AF	0	0.819488	38	27	11	0	0	0	0
AF	0	0.819800	27	20	7	0	0	0	0
AF	0	0.820112	22	12	10	0	0	0	0
AF	0	0.820425	26	17	9	0	0	0	0
AF	0	0.820737	19	14	5	0	0	0	0
AF	0	0.821049	18	14	4	0	0	0	0
AF	0	0.821362	25	16	9	0	0	0	0
AF	0	0.821674	19	13	6	0	0	0	0
AF	0	0.821986	18	14	4	0	0	0	0
AF	0	0.822299	20	13	7	0	0	0	0
AF	0	0.822611	22	16	6	0	0	0	0
AF	0	0.822923	33	22	11	0	0	0	0
AF	0	0.823235	24	18	6	0	0	0	0
AF	0	0.823548	19	16	3	0	0	0	0
AF	0	0.823860	15	10	5	0	0	0	0
AF	0	0.824172	19	12	7	0	0	0	0
AF	0	0.824485	18	11	7	0	0	0	0
AF	0	0.824797	14	9	5	0	0	0	0
AF	0	0.825109	15	11	4	0	0	0	0
AF	0	0.825422	20	18	2	0	0	0	0
AF	0	0.825734	18	13	5	0	0	0	0
AF	0	0.826046	20	18	2	0	0	0	0
AF	0	0.826359	9	7	2	0	0	0	0
AF	0	0.826671	24	15	9	0	0	0	0
AF	0	0.826983	18	12	6	0	0	0	0
AF	0	0.827295	28	22	6	0	0	0	0
AF	0	0.827608	28	17	11	0	0	0	0
AF	0	0.827920	19	13	6	0	0	0	0
AF	0	0.828232	24	14	10	0	0	0	0
AF	0	0.828545	18	13	5	0	0	0	0
AF	0	0.828857	19	14	5	0	0	0	0
AF	0	0.829169	26	20	6	0	0	0	0
AF	0	0.829482	33	25	8	0	0	0	0
AF	0	0.829794	14	10	4	0	0	0	0
AF	0	0.830106	27	19	8	0	0	0	0
AF	0	0.830418	17	10	7	0	0	0	0
AF	0	0.830731	40	29	11	0	0	0	0
AF	0	0.831043	19	15	4	0	0	0	0
AF	0	0.831355	18	15	3	0	0	0	0
AF	0	0.831668	21	12	9	0	0	0	0
AF	0	0.831980	19	15	4	0	0	0	0
AF	0	0.832292	16	13	3	0	0	0	0
AF	0	0.832605	36	29	7	0	0	0	0
AF	0	0.832917	56	39	17	0	0	0	0
AF	0	0.833229	26	13	13	0	0	0	0
AF	0	0.833542	17	12	5	0	0	0	0
AF	0	0.833854	27	22	5	0	0	0	0
AF	0	0.834166	25	18	7	0	0	0	0
AF	0	0.834478	26	23	3	0	0	0	0
AF	0	0.834791	23	16	7	0	0	0	0
AF	0	0.835103	24	13	11	0	0	0	0
AF	0	0.835415	24	22	2	0	0	0	0
AF	0	0.835728	40	24	16	0	0	0	0
AF	0	0.836040	21	16	5	0	0	0	0
AF	0	0.836352	21	16	5	0	0	0	0
AF	0	0.836665	18	13	5	0	0	0	0
AF	0	0.836977	19	11	8	0	0	0	0
AF	0	0.837289	12	8	4	0	0	0	0
AF	0	0.837601	16	14	2	0	0	0	0
AF	0	0.837914	15	9	6	0	0	0	0
AF	0	0.838226	25	19	6	0	0	0	0
AF	0	0.838538	23	21	2	0	0	0	0
AF	0	0.838851	18	15	3	0	0	0	0
AF	0	0.839163	21	13	8	0	0	0	0
AF	0	0.839475	20	13	7	0	0	0	0
AF	0	0.839788	20	11	9	0	0	0	0
AF	0	0.840100	31	22	9	0	0	0	0
AF	0	0.840412	26	17	9	0	0	0	0
AF	0	0.840725	16	11	5	0	0	0	0
AF	0	0.841037	13	8	5	0	0	0	0
AF	0	0.841349	11	9	2	0	0	0	0
AF	0	0.841661	17	11	6	0	0	0	0
AF	0	0.841974	19	14	5	0	0	0	0
AF	0	0.842286	23	13	10	0	0	0	0
AF	0	0.842598	25	12	13	0	0	0	0
AF	0	0.842911	13	9	4	0	0	0	0
AF	0	0.843223	21	11	10	0	0	0	0
AF	0	0.843535	22	16	6	0	0	0	0
AF	0	0.843848	16	12	4	0	0	0	0
AF	0	0.844160	17	11	6	0	0	0	0
AF	0	0.844472	17	15	2	0	0	0	0
AF	0	0.844785	27	18	9	0	0	0	0
AF	0	0.845097	21	14	7	0	0	0	0
AF	0	0.845409	22	14	8	0	0	0	0
AF	0	0.845721	7	6	1	0	0	0	0
AF	0	0.846034	13	8	5	0	0	0	0
AF	0	0.846346	23	16	7	0	0	0	0
AF	0	0.846658	13	7	6	0	0	0	0
AF	0	0.846971	16	8	8	0	0	0	0
AF	0	0.847283	19	15	4	0	0	0	0
AF	0	0.847595	22	19	3	0	0	0	0
AF	0	0.847908	21	12	9	0	0	0	0
AF	0	0.848220	28	19	9	0	0	0	0
AF	0	0.848532	26	19	7	0	0	0	0
AF	0	0.848844	22	16	6	0	0	0	0
AF	0	0.849157	26	22	4	0	0	0	0
AF	0	0.849469	27	19	8	0	0	0	0
AF	0	0.849781	23	14	9	0	0	0	0
AF	0	0.850094	25	19	6	0	0	0	0
AF	0	0.850406	39	26	13	0	0	0	0
AF	0	0.850718	16	8	8	0	0	0	0
AF	0	0.851031	15	8	7	0	0	0	0
AF	0	0.851343	22	16	6	0	0	0	0
AF	0	0.851655	20	15	5	0	0	0	0
AF	0	0.851968	19	13	6	0	0	0	0
AF	0	0.852280	14	10	4	0	0	0	0
AF	0	0.852592	20	15	5	0	0	0	0
AF	0	0.852904	33	22	11	0	0	0	0
AF	0	0.853217	21	11	10	0	0	0	0
AF	0	0.853529	33	20	13	0	0	0	0
AF	0	0.853841	17	14	3	0	0	0	0
AF	0	0.854154	19	11	8	0	0	0	0
AF	0	0.854466	13	10	3	0	0	0	0
AF	0	0.854778	20	15	5	0	0	0	0
AF	0	0.855091	17	12	5	0	0	0	0
AF	0	0.855403	23	14	9	0	0	0	0
AF	0	0.855715	19	19	0	0	0	0	0
AF	0	0.856027	28	18	10	0	0	0	0
AF	0	0.856340	20	13	7	0	0	0	0
AF	0	0.856652	23	13	10	0	0	0	0
AF	0	0.856964	17	12	5	0	0	0	0
AF	0	0.857277	13	9	4	0	0	0	0
AF	0	0.857589	17	10	7	0	0	0	0
AF	0	0.857901	17	12	5	0	0	0	0
AF	0	0.858214	24	19	5	0	0	0	0
AF	0	0.858526	17	9	8	0	0	0	0
AF	0	0.858838	15	12	3	0	0	0	0
AF	0	0.859151	14	9	5	0	0	0	0
AF	0	0.859463	27	17	10	0	0	0	0
AF	0	0.859775	17	14	3	0	0	0	0
AF	0	0.860087	20	15	5	0	0	0	0
AF	0	0.860400	14	10	4	0	0	0	0
AF	0	0.860712	15	12	3	0	0	0	0
AF	0	0.861024	14	8	6	0	0	0	0
AF	0	0.861337	24	19	5	0	0	0	0
AF	0	0.861649	23	15	8	0	0	0	0
AF	0	0.861961	14	9	5	0	0	0	0
AF	0	0.862274	18	14	4	0	0	0	0
AF	0	0.862586	27	24	3	0	0	0	0
AF	0	0.862898	15	11	4	0	0	0	0
AF	0	0.863210	26	18	8	0	0	0	0
AF	0	0.863523	31	23	8	0	0	0	0
AF	0	0.863835	21	16	5	0	0	0	0
AF	0	0.864147	12	10	2	0	0	0	0
AF	0	0.864460	19	13	6	0	0	0	0
AF	0	0.864772	29	20	9	0	0	0	0
AF	0	0.865084	16	11	5	0	0	0	0
AF	0	0.865397	14	12	2	0	0	0	0
AF	0	0.865709	20	9	11	0	0	0	0
AF	0	0.866021	28	19	9	0	0	0	0
AF	0	0.866334	17	12	5	0	0	0	0
AF	0	0.866646	25	18	7	0	0	0	0
AF	0	0.866958	21	12	9	0	0	0	0
AF	0	0.867270	18	13	5	0	0	0	0
AF	0	0.867583	13	8	5	0	0	0	0
AF	0	0.867895	31	21	10	0	0	0	0
AF	0	0.868207	47	34	13	0	0	0	0
AF	0	0.868520	19	13	6	0	0	0	0
AF	0	0.868832	16	11	5	0	0	0	0
AF	0	0.869144	12	9	3	0	0	0	0
AF	0	0.869457	13	10	3	0	0	0	0
AF	0	0.869769	15	11	4	0	0	0	0
AF	0	0.870081	25	17	8	0	0	0	0
AF	0	0.870394	26	20	6	0	0	0	0
AF	0	0.870706	20	13	7	0	0	0	0
AF	0	0.871018	19	14	5	0	0	0	0
AF	0	0.871330	27	16	11	0	0	0	0
AF	0	0.871643	13	9	4	0	0	0	0
AF	0	0.871955	16	9	7	0	0	0	0
AF	0	0.872267	20	13	7	0	0	0	0
AF	0	0.872580	23	18	5	0	0	0	0
AF	0	0.872892	21	18	3	0	0	0	0
AF	0	0.873204	29	22	7	0	0	0	0
AF	0	0.873517	14	12	2	0	0	0	0
AF	0	0.873829	15	11	4	0	0	0	0
AF	0	0.874141	10	7	3	0	0	0	0
AF	0	0.874453	21	16	5	0	0	0	0
AF	0	0.874766	20	16	4	0	0	0	0
AF	0	0.875078	8	6	2	0	0	0	0
AF	0	0.875390	12	8	4	0	0	0	0
AF	0	0.875703	17	7	10	0	0	0	0
AF	0	0.876015	10	7	3	0	0	0	0
AF	0	0.876327	23	16	7	0	0	0	0
AF	0	0.876640	12	7	5	0	0	0	0
AF	0	0.876952	16	10	6	0	0	0	0
AF	0	0.877264	22	17	5	0	0	0	0
AF	0	0.877577	13	5	8	0	0	0	0
AF	0	0.877889	6	4	2	0	0	0	0
AF	0	0.878201	18	17	1	0	0	0	0
AF	0	0.878513	20	16	4	0	0	0	0
AF	0	0.878826	26	21	5	0	0	0	0
AF	0	0.879138	17	15	2	0	0	0	0
AF	0	0.879450	18	13	5	0	0	0	0
AF	0	0.879763	25	17	8	0	0	0	0
AF	0	0.880075	16	14	2	0	0	0	0
AF	0	0.880387	21	14	7	0	0	0	0
AF	0	0.880700	12	9	3	0	0	0	0
AF	0	0.881012	10	9	1	0	0	0	0
AF	0	0.881324	20	15	5	0	0	0	0
AF	0	0.881636	33	24	9	0	0	0	0
AF	0	0.881949	26	19	7	0	0	0	0
AF	0	0.882261	35	21	14	0	0	0	0
AF	0	0.882573	20	18	2	0	0	0	0
AF	0	0.882886	38	28	10	0	0	0	0
AF	0	0.883198	30	24	6	0	0	0	0
AF	0	0.883510	21	14	7	0	0	0	0
AF	0	0.883823	12	10	2	0	0	0	0
AF	0	0.884135	16	12	4	0	0	0	0
AF	0	0.884447	9	8	1	0	0	0	0
AF	0	0.884760	10	8	2	0	0	0	0
AF	0	0.885072	11	7	4	0	0	0	0
AF	0	0.885384	12	7	5	0	0	0	0
AF	0	0.885696	14	10	4	0	0	0	0
AF	0	0.886009	13	9	4	0	0	0	0
AF	0	0.886321	12	7	5	0	0	0	0
AF	0	0.886633	15	13	2	0	0	0	0
AF	0	0.886946	38	27	11	0	0	0	0
AF	0	0.887258	11	9	2	0	0	0	0
AF	0	0.887570	14	9	5	0	0	0	0
AF	0	0.887883	9	6	3	0	0	0	0
AF	0	0.888195	7	5	2	0	0	0	0
AF	0	0.888507	13	9	4	0	0	0	0
AF	0	0.888819	14	9	5	0	0	0	0
AF	0	0.889132	14	8	6	0	0	0	0
AF	0	0.889444	19	13	6	0	0	0	0
AF	0	0.889756	16	14	2	0	0	0	0
AF	0	0.890069	11	7	4	0	0	0	0
AF	0	0.890381	12	10	2	0	0	0	0
AF	0	0.890693	24	21	3	0	0	0	0
AF	0	0.891006	22	11	11	0	0	0	0
AF	0	0.891318	19	17	2	0	0	0	0
AF	0	0.891630	17	14	3	0	0	0	0
AF	0	0.891943	24	18	6	0	0	0	0
AF	0	0.892255	12	7	5	0	0	0	0
AF	0	0.892567	12	7	5	0	0	0	0
AF	0	0.892879	19	14	5	0	0	0	0
AF	0	0.893192	22	17	5	0	0	0	0
AF	0	0.893504	20	13	7	0	0	0	0
AF	0	0.893816	14	11	3	0	0	0	0
AF	0	0.894129	20	17	3	0	0	0	0
AF	0	0.894441	12	6	6	0	0	0	0
AF	0	0.894753	8	5	3	0	0	0	0
AF	0	0.895066	17	11	6	0	0	0	0
AF	0	0.895378	18	12	6	0	0	0	0
AF	0	0.895690	20	13	7	0	0	0	0
AF	0	0.896002	22	16	6	0	0	0	0
AF	0	0.896315	19	15	4	0	0	0	0
AF	0	0.896627	19	14	5	0	0	0	0
AF	0	0.896939	16	11	5	0	0	0	0
AF	0	0.897252	11	10	1	0	0	0	0
AF	0	0.897564	31	19	12	0	0	0	0
AF	0	0.897876	22	15	7	0	0	0	0
AF	0	0.898189	31	25	6	0	0	0	0
AF	0	0.898501	10	9	1	0	0	0	0
AF	0	0.898813	13	11	2	0	0	0	0
AF	0	0.899126	17	10	7	0	0	0	0
AF	0	0.899438	12	9	3	0	0	0	0
AF	0	0.899750	20	13	7	0	0	0	0
AF	0	0.900062	32	18	14	0	0	0	0
AF	0	0.900375	13	10	3	0	0	0	0
AF	0	0.900687	17	12	5	0	0	0	0
AF	0	0.900999	23	17	6	0	0	0	0
AF	0	0.901312	11	8	3	0	0	0	0
AF	0	0.901624	29	18	11	0	0	0	0
AF	0	0.901936	12	7	5	0	0	0	0
AF	0	0.902249	27	17	10	0	0	0	0
AF	0	0.902561	29	24	5	0	0	0	0
AF	0	0.902873	25	15	10	0	0	0	0
AF	0	0.903186	22	16	6	0	0	0	0
AF	0	0.903498	12	9	3	0	0	0	0
AF	0	0.903810	24	19	5	0	0	0	0
AF	0	0.904122	26	18	8	0	0	0	0
AF	0	0.904435	19	13	6	0	0	0	0
AF	0	0.904747	29	22	7	0	0	0	0
AF	0	0.905059	34	24	10	0	0	0	0
AF	0	0.905372	15	12	3	0	0	0	0
AF	0	0.905684	25	16	9	0	0	0	0
AF	0	0.905996	35	22	13	0	0	0	0
AF	0	0.906309	20	12	8	0	0	0	0
AF	0	0.906621	10	7	3	0	0	0	0
AF	0	0.906933	21	11	10	0	0	0	0
AF	0	0.907245	18	12	6	0	0	0	0
AF	0	0.907558	26	19	7	0	0	0	0
AF	0	0.907870	24	20	4	0	0	0	0
AF	0	0.908182	18	13	5	0	0	0	0
AF	0	0.908495	32	24	8	0	0	0	0
AF	0	0.908807	22	18	4	0	0	0	0
AF	0	0.909119	11	4	7	0	0	0	0
AF	0	0.909432	23	18	5	0	0	0	0
AF	0	0.909744	15	11	4	0	0	0	0
AF	0	0.910056	9	9	0	0	0	0	0
AF	0	0.910369	10	8	2	0	0	0	0
AF	0	0.910681	16	12	4	0	0	0	0
AF	0	0.910993	7	5	2	0	0	0	0
AF	0	0.911305	11	8	3	0	0	0	0
AF	0	0.911618	10	7	3	0	0	0	0
AF	0	0.911930	16	11	5	0	0	0	0
AF	0	0.912242	14	8	6	0	0	0	0
AF	0	0.912555	7	6	1	0	0	0	0
AF	0	0.912867	31	22	9	0	0	0	0
AF	0	0.913179	30	19	11	0	0	0	0
AF	0	0.913492	12	7	5	0	0	0	0
AF	0	0.913804	11	8	3	0	0	0	0
AF	0	0.914116	21	16	5	0	0	0	0
AF	0	0.914428	17	11	6	0	0	0	0
AF	0	0.914741	15	10	5	0	0	0	0
AF	0	0.915053	20	18	2	0	0	0	0
AF	0	0.915365	49	32	17	0	0	0	0
AF	0	0.915678	14	11	3	0	0	0	0
AF	0	0.915990	18	13	5	0	0	0	0
AF	0	0.916302	21	15	6	0	0	0	0
AF	0	0.916615	16	12	4	0	0	0	0
AF	0	0.916927	17	10	7	0	0	0	0
AF	0	0.917239	13	8	5	0	0	0	0
AF	0	0.917552	18	14	4	0	0	0	0
AF	0	0.917864	14	10	4	0	0	0	0
AF	0	0.918176	16	10	6	0	0	0	0
AF	0	0.918488	13	11	2	0	0	0	0
AF	0	0.918801	9	8	1	0	0	0	0
AF	0	0.919113	25	16	9	0	0	0	0
AF	0	0.919425	23	17	6	0	0	0	0
AF	0	0.919738	19	15	4	0	0	0	0
AF	0	0.920050	19	16	3	0	0	0	0
AF	0	0.920362	26	19	7	0	0	0	0
AF	0	0.920675	13	6	7	0	0	0	0
AF	0	0.920987	26	19	7	0	0	0	0
AF	0	0.921299	28	22	6	0	0	0	0
AF	0	0.921611	9	8	1	0	0	0	0
AF	0	0.921924	24	14	10	0	0	0	0
AF	0	0.922236	22	14	8	0	0	0	0
AF	0	0.922548	15	7	8	0	0	0	0
AF	0	0.922861	21	16	5	0	0	0	0
AF	0	0.923173	34	24	10	0	0	0	0
AF	0	0.923485	17	13	4	0	0	0	0
AF	0	0.923798	18	15	3	0	0	0	0
AF	0	0.924110	23	16	7	0	0	0	0
AF	0	0.924422	29	21	8	0	0	0	0
AF	0	0.924735	9	8	1	0	0	0	0
AF	0	0.925047	14	11	3	0	0	0	0
AF	0	0.925359	11	10	1	0	0	0	0
AF	0	0.925671	8	6	2	0	0	0	0
AF	0	0.925984	15	12	3	0	0	0	0
AF	0	0.926296	25	18	7	0	0	0	0
AF	0	0.926608	11	7	4	0	0	0	0
AF	0	0.926921	10	5	5	0	0	0	0
AF	0	0.927233	16	10	6	0	0	0	0
AF	0	0.927545	11	6	5	0	0	0	0
AF	0	0.927858	12	10	2	0	0	0	0
AF	0	0.928170	18	11	7	0	0	0	0
AF	0	0.928482	15	13	2	0	0	0	0
AF	0	0.928795	7	5	2	0	0	0	0
AF	0	0.929107	16	13	3	0	0	0	0
AF	0	0.929419	13	10	3	0	0	0	0
AF	0	0.929731	21	12	9	0	0	0	0
AF	0	0.930044	18	13	5	0	0	0	0
AF	0	0.930356	29	21	8	0	0	0	0
AF	0	0.930668	30	21	9	0	0	0	0
AF	0	0.930981	11	9	2	0	0	0	0
AF	0	0.931293	19	12	7	0	0	0	0
AF	0	0.931605	11	5	6	0	0	0	0
AF	0	0.931918	20	16	4	0	0	0	0
AF	0	0.932230	13	11	2	0	0	0	0
AF	0	0.932542	12	10	2	0	0	0	0
AF	0	0.932854	19	15	4	0	0	0	0
AF	0	0.933167	21	16	5	0	0	0	0
AF	0	0.933479	13	10	3	0	0	0	0
AF	0	0.933791	27	20	7	0	0	0	0
AF	0	0.934104	19	13	6	0	0	0	0
AF	0	0.934416	32	24	8	0	0	0	0
AF	0	0.934728	11	8	3	0	0	0	0
AF	0	0.935041	25	15	10	0	0	0	0
AF	0	0.935353	16	12	4	0	0	0	0
AF	0	0.935665	15	11	4	0	0	0	0
AF	0	0.935978	5	5	0	0	0	0	0
AF	0	0.936290	10	6	4	0	0	0	0
AF	0	0.936602	8	6	2	0	0	0	0
AF	0	0.936914	15	11	4	0	0	0	0
AF	0	0.937227	19	13	6	0	0	0	0
AF	0	0.937539	14	9	5	0	0	0	0
AF	0	0.937851	17	12	5	0	0	0	0
AF	0	0.938164	8	6	2	0	0	0	0
AF	0	0.938476	14	10	4	0	0	0	0
AF	0	0.938788	15	12	3	0	0	0	0
AF	0	0.939101	17	14	3	0	0	0	0
AF	0	0.939413	14	6	8	0	0	0	0
AF	0	0.939725	13	10	3	0	0	0	0
AF	0	0.940037	19	15	4	0	0	0	0
AF	0	0.940350	18	12	6	0	0	0	0
AF	0	0.940662	15	11	4	0	0	0	0
AF	0	0.940974	18	15	3	0	0	0	0
AF	0	0.941287	16	13	3	0	0	0	0
AF	0	0.941599	13	10	3	0	0	0	0
AF	0	0.941911	20	15	5	0	0	0	0
AF	0	0.942224	16	11	5	0	0	0	0
AF	0	0.942536	17	15	2	0	0	0	0
AF	0	0.942848	20	12	8	0	0	0	0
AF	0	0.943161	16	8	8	0	0	0	0
AF	0	0.943473	22	16	6	0	0	0	0
AF	0	0.943785	21	15	6	0	0	0	0
AF	0	0.944097	17	11	6	0	0	0	0
AF	0	0.944410	20	16	4	0	0	0	0
AF	0	0.944722	26	19	7	0	0	0	0
AF	0	0.945034	17	13	4	0	0	0	0
AF	0	0.945347	26	14	12	0	0	0	0
AF	0	0.945659	14	10	4	0	0	0	0
AF	0	0.945971	48	35	13	0	0	0	0
AF	0	0.946284	25	16	9	0	0	0	0
AF	0	0.946596	13	8	5	0	0	0	0
AF	0	0.946908	26	18	8	0	0	0	0
AF	0	0.947220	12	9	3	0	0	0	0
AF	0	0.947533	9	8	1	0	0	0	0
AF	0	0.947845	12	8	4	0	0	0	0
AF	0	0.948157	13	10	3	0	0	0	0
AF	0	0.948470	19	17	2	0	0	0	0
AF	0	0.948782	18	14	4	0	0	0	0
AF	0	0.949094	31	21	10	0	0	0	0
AF	0	0.949407	25	17	8	0	0	0	0
AF	0	0.949719	44	31	13	0	0	0	0
AF	0	0.950031	20	15	5	0	0	0	0
AF	0	0.950344	40	34	6	0	0	0	0
AF	0	0.950656	19	13	6	0	0	0	0
AF	0	0.950968	16	12	4	0	0	0	0
AF	0	0.951280	30	25	5	0	0	0	0
AF	0	0.951593	19	13	6	0	0	0	0
AF	0	0.951905	44	36	8	0	0	0	0
AF	0	0.952217	18	13	5	0	0	0	0
AF	0	0.952530	41	24	17	0	0	0	0
AF	0	0.952842	26	18	8	0	0	0	0
AF	0	0.953154	13	8	5	0	0	0	0
AF	0	0.953467	18	13	5	0	0	0	0
AF	0	0.953779	15	10	5	0	0	0	0
AF	0	0.954091	26	17	9	0	0	0	0
AF	0	0.954403	22	15	7	0	0	0	0
AF	0	0.954716	22	16	6	0	0	0	0
AF	0	0.955028	18	14	4	0	0	0	0
AF	0	0.955340	16	10	6	0	0	0	0
AF	0	0.955653	25	19	6	0	0	0	0
AF	0	0.955965	31	24	7	0	0	0	0
AF	0	0.956277	31	19	12	0	0	0	0
AF	0	0.956590	20	12	8	0	0	0	0
AF	0	0.956902	20	13	7	0	0	0	0
AF	0	0.957214	23	18	5	0	0	0	0
AF	0	0.957527	25	21	4	0	0	0	0
AF	0	0.957839	21	13	8	0	0	0	0
AF	0	0.958151	22	16	6	0	0	0	0
AF	0	0.958463	20	16	4	0	0	0	0
AF	0	0.958776	19	13	6	0	0	0	0
AF	0	0.959088	16	8	8	0	0	0	0
AF	0	0.959400	24	21	3	0	0	0	0
AF	0	0.959713	15	14	1	0	0	0	0
AF	0	0.960025	21	13	8	0	0	0	0
AF	0	0.960337	24	13	11	0	0	0	0
AF	0	0.960650	17	9	8	0	0	0	0
AF	0	0.960962	10	5	5	0	0	0	0
AF	0	0.961274	17	11	6	0	0	0	0
AF	0	0.961587	23	17	6	0	0	0	0
AF	0	0.961899	25	17	8	0	0	0	0
AF	0	0.962211	19	13	6	0	0	0	0
AF	0	0.962523	27	18	9	0	0	0	0
AF	0	0.962836	9	6	3	0	0	0	0
AF	0	0.963148	23	15	8	0	0	0	0
AF	0	0.963460	20	13	7	0	0	0	0
AF	0	0.963773	16	6	10	0	0	0	0
AF	0	0.964085	12	7	5	0	0	0	0
AF	0	0.964397	18	12	6	0	0	0	0
AF	0	0.964710	20	15	5	0	0	0	0
AF	0	0.965022	17	11	6	0	0	0	0
AF	0	0.965334	25	18	7	0	0	0	0
AF	0	0.965646	18	13	5	0	0	0	0
AF	0	0.965959	17	11	6	0	0	0	0
AF	0	0.966271	27	18	9	0	0	0	0
AF	0	0.966583	17	13	4	0	0	0	0
AF	0	0.966896	25	16	9	0	0	0	0
AF	0	0.967208	20	14	6	0	0	0	0
AF	0	0.967520	18	13	5	0	0	0	0
AF	0	0.967833	32	25	7	0	0	0	0
AF	0	0.968145	56	41	15	0	0	0	0
AF	0	0.968457	24	17	7	0	0	0	0
AF	0	0.968770	14	10	4	0	0	0	0
AF	0	0.969082	32	25	7	0	0	0	0
AF	0	0.969394	21	17	4	0	0	0	0
AF	0	0.969706	28	23	5	0	0	0	0
AF	0	0.970019	13	11	2	0	0	0	0
AF	0	0.970331	25	21	4	0	0	0	0
AF	0	0.970643	20	16	4	0	0	0	0
AF	0	0.970956	21	14	7	0	0	0	0
AF	0	0.971268	18	14	4	0	0	0	0
AF	0	0.971580	13	11	2	0	0	0	0
AF	0	0.971893	29	18	11	0	0	0	0
AF	0	0.972205	29	22	7	0	0	0	0
AF	0	0.972517	36	30	6	0	0	0	0
AF	0	0.972829	35	27	8	0	0	0	0
AF	0	0.973142	32	23	9	0	0	0	0
AF	0	0.973454	25	16	9	0	0	0	0
AF	0	0.973766	36	27	9	0	0	0	0
AF	0	0.974079	40	26	14	0	0	0	0
AF	0	0.974391	32	27	5	0	0	0	0
AF	0	0.974703	49	34	15	0	0	0	0
AF	0	0.975016	31	24	7	0	0	0	0
AF	0	0.975328	67	49	18	0	0	0	0
AF	0	0.975640	39	29	10	0	0	0	0
AF	0	0.975953	29	16	13	0	0	0	0
AF	0	0.976265	35	26	9	0	0	0	0
AF	0	0.976577	36	28	8	0	0	0	0
AF	0	0.976889	17	9	8	0	0	0	0
AF	0	0.977202	14	11	3	0	0	0	0
AF	0	0.977514	26	20	6	0	0	0	0
AF	0	0.977826	27	18	9	0	0	0	0
AF	0	0.978139	25	21	4	0	0	0	0
AF	0	0.978451	29	18	11	0	0	0	0
AF	0	0.978763	25	19	6	0	0	0	0
AF	0	0.979076	27	18	9	0	0	0	0
AF	0	0.979388	28	18	10	0	0	0	0
AF	0	0.979700	23	17	6	0	0	0	0
AF	0	0.980012	20	15	5	0	0	0	0
AF	0	0.980325	19	14	5	0	0	0	0
AF	0	0.980637	24	19	5	0	0	0	0
AF	0	0.980949	33	22	11	0	0	0	0
AF	0	0.981262	35	28	7	0	0	0	0
AF	0	0.981574	34	29	5	0	0	0	0
AF	0	0.981886	30	23	7	0	0	0	0
AF	0	0.982199	39	29	10	0	0	0	0
AF	0	0.982511	19	18	1	0	0	0	0
AF	0	0.982823	29	20	9	0	0	0	0
AF	0	0.983136	15	7	8	0	0	0	0
AF	0	0.983448	20	12	8	0	0	0	0
AF	0	0.983760	30	21	9	0	0	0	0
AF	0	0.984072	25	11	14	0	0	0	0
AF	0	0.984385	24	11	13	0	0	0	0
AF	0	0.984697	31	21	10	0	0	0	0
AF	0	0.985009	16	10	6	0	0	0	0
AF	0	0.985322	32	20	12	0	0	0	0
AF	0	0.985634	39	31	8	0	0	0	0
AF	0	0.985946	28	18	10	0	0	0	0
AF	0	0.986259	48	32	16	0	0	0	0
AF	0	0.986571	34	27	7	0	0	0	0
AF	0	0.986883	31	24	7	0	0	0	0
AF	0	0.987196	36	31	5	0	0	0	0
AF	0	0.987508	47	33	14	0	0	0	0
AF	0	0.987820	30	22	8	0	0	0	0
AF	0	0.988132	37	28	9	0	0	0	0
AF	0	0.988445	41	29	12	0	0	0	0
AF	0	0.988757	48	33	15	0	0	0	0
AF	0	0.989069	43	36	7	0	0	0	0
AF	0	0.989382	46	36	10	0	0	0	0
AF	0	0.989694	32	23	9	0	0	0	0
AF	0	0.990006	61	45	16	0	0	0	0
AF	0	0.990319	18	13	5	0	0	0	0
AF	0	0.990631	38	25	13	0	0	0	0
AF	0	0.990943	24	15	9	0	0	0	0
AF	0	0.991255	45	29	16	0	0	0	0
AF	0	0.991568	27	21	6	0	0	0	0
AF	0	0.991880	22	15	7	0	0	0	0
AF	0	0.992192	44	35	9	0	0	0	0
AF	0	0.992505	31	21	10	0	0	0	0
AF	0	0.992817	41	31	10	0	0	0	0
AF	0	0.993129	41	25	16	0	0	0	0
AF	0	0.993442	45	25	20	0	0	0	0
AF	0	0.993754	49	38	11	0	0	0	0
AF	0	0.994066	57	33	24	0	0	0	0
AF	0	0.994379	75	55	20	0	0	0	0
AF	0	0.994691	51	34	17	0	0	0	0
AF	0	0.995003	71	54	17	0	0	0	0
AF	0	0.995315	44	32	12	0	0	0	0
AF	0	0.995628	51	35	16	0	0	0	0
AF	0	0.995940	39	32	7	0	0	0	0
AF	0	0.996252	36	21	15	0	0	0	0
AF	0	0.996565	55	38	17	0	0	0	0
AF	0	0.996877	39	27	12	0	0	0	0
AF	0	0.997189	45	32	13	0	0	0	0
AF	0	0.997502	49	36	13	0	0	0	0
AF	0	0.997814	40	29	11	0	0	0	0
AF	0	0.998126	71	49	22	0	0	0	0
AF	0	0.998438	84	55	29	0	0	0	0
AF	0	0.998751	80	54	26	0	0	0	0
AF	0	0.999063	105	71	34	0	0	0	0
AF	0	0.999375	77	55	22	0	0	0	0
# QUAL, Stats by quality
# QUAL	[2]id	[3]Quality	[4]number of SNPs	[5]number of transitions (1st ALT)	[6]number of transversions (1st ALT)	[7]number of indels
QUAL	0	.	1049697	736592	313105	0
# IDD, InDel distribution:
# IDD	[2]id	[3]length (deletions negative)	[4]number of sites	[5]number of genotypes	[6]mean VAF
# ST, Substitution types:
# ST	[2]id	[3]type	[4]count
ST	0	A>C	34232
ST	0	A>G	130830
ST	0	A>T	30462
ST	0	C>A	47248
ST	0	C>G	45232
ST	0	C>T	236530
ST	0	G>A	239780
ST	0	G>C	45297
ST	0	G>T	45119
ST	0	T>A	31813
ST	0	T>C	129452
ST	0	T>G	33702
# DP, depth:
#   - set id, see above
#   - the depth bin, corresponds to the depth (unless --depth was given)
#   - number of genotypes with this depth (zero unless -s/-S was given)
#   - fraction of genotypes with this depth (zero unless -s/-S was given)
#   - number of sites with this depth
#   - fraction of sites with this depth
# DP, Depth distribution
# DP	[2]id	[3]bin	[4]number of genotypes	[5]fraction of genotypes (%)	[6]number of sites	[7]fraction of sites (%)
