# This file was produced by bcftools stats (1.21+htslib-1.21) and can be plotted using plot-vcfstats.
# The command line was:	bcftools stats  /project/cphg-millerlab/software/MonopogenLite/resources/1kGP_high_coverage_Illumina.SNVonly_poly.filtered_AF_5e-04.norm.fixvariantid.chr13.vcf.gz
#
# Definition of sets:
# ID	[2]id	[3]tab-separated file names
ID	0	/project/cphg-millerlab/software/MonopogenLite/resources/1kGP_high_coverage_Illumina.SNVonly_poly.filtered_AF_5e-04.norm.fixvariantid.chr13.vcf.gz
# SN, Summary numbers:
#   number of records   .. number of data rows in the VCF
#   number of no-ALTs   .. reference-only sites, ALT is either "." or identical to REF
#   number of SNPs      .. number of rows with a SNP
#   number of MNPs      .. number of rows with a MNP, such as CC>TT
#   number of indels    .. number of rows with an indel
#   number of others    .. number of rows with other type, for example a symbolic allele or
#                          a complex substitution, such as ACT>TCGA
#   number of multiallelic sites     .. number of rows with multiple alternate alleles
#   number of multiallelic SNP sites .. number of rows with multiple alternate alleles, all SNPs
# 
#   Note that rows containing multiple types will be counted multiple times, in each
#   counter. For example, a row with a SNP and an indel increments both the SNP and
#   the indel counter.
# 
# SN	[2]id	[3]key	[4]value
SN	0	number of samples:	3202
SN	0	number of records:	1326695
SN	0	number of no-ALTs:	0
SN	0	number of SNPs:	1326695
SN	0	number of MNPs:	0
SN	0	number of indels:	0
SN	0	number of others:	0
SN	0	number of multiallelic sites:	0
SN	0	number of multiallelic SNP sites:	0
# TSTV, transitions/transversions
#   - transitions, see https://en.wikipedia.org/wiki/Transition_(genetics)
#   - transversions, see https://en.wikipedia.org/wiki/Transversion
# TSTV	[2]id	[3]ts	[4]tv	[5]ts/tv	[6]ts (1st ALT)	[7]tv (1st ALT)	[8]ts/tv (1st ALT)
TSTV	0	890547	436148	2.04	890547	436148	2.04
# SiS, Singleton stats:
#   - allele count, i.e. the number of singleton genotypes (AC=1)
#   - number of transitions, see above
#   - number of transversions, see above
#   - repeat-consistent, inconsistent and n/a: experimental and useless stats [DEPRECATED]
# SiS	[2]id	[3]allele count	[4]number of SNPs	[5]number of transitions	[6]number of transversions	[7]number of indels	[8]repeat-consistent	[9]repeat-inconsistent	[10]not applicable
SiS	0	1	0	0	0	0	0	0	0
# AF, Stats by non-reference allele frequency:
# AF	[2]id	[3]allele frequency	[4]number of SNPs	[5]number of transitions	[6]number of transversions	[7]number of indels	[8]repeat-consistent	[9]repeat-inconsistent	[10]not applicable
AF	0	0.000312	133985	90673	43312	0	0	0	0
AF	0	0.000625	156489	105424	51065	0	0	0	0
AF	0	0.000937	94987	63413	31574	0	0	0	0
AF	0	0.001249	67184	44957	22227	0	0	0	0
AF	0	0.001562	52316	34981	17335	0	0	0	0
AF	0	0.001874	41423	27541	13882	0	0	0	0
AF	0	0.002186	34261	22668	11593	0	0	0	0
AF	0	0.002498	29333	19520	9813	0	0	0	0
AF	0	0.002811	25282	16776	8506	0	0	0	0
AF	0	0.003123	22091	14620	7471	0	0	0	0
AF	0	0.003435	20050	13279	6771	0	0	0	0
AF	0	0.003748	17708	11881	5827	0	0	0	0
AF	0	0.004060	15885	10708	5177	0	0	0	0
AF	0	0.004372	14511	9709	4802	0	0	0	0
AF	0	0.004685	13151	8769	4382	0	0	0	0
AF	0	0.004997	12875	8609	4266	0	0	0	0
AF	0	0.005309	11737	7850	3887	0	0	0	0
AF	0	0.005621	10354	6952	3402	0	0	0	0
AF	0	0.005934	9655	6495	3160	0	0	0	0
AF	0	0.006246	9051	6129	2922	0	0	0	0
AF	0	0.006558	8604	5794	2810	0	0	0	0
AF	0	0.006871	8587	5771	2816	0	0	0	0
AF	0	0.007183	7864	5323	2541	0	0	0	0
AF	0	0.007495	7438	4973	2465	0	0	0	0
AF	0	0.007808	7162	4834	2328	0	0	0	0
AF	0	0.008120	6479	4391	2088	0	0	0	0
AF	0	0.008432	6215	4157	2058	0	0	0	0
AF	0	0.008745	6213	4213	2000	0	0	0	0
AF	0	0.009057	5846	3933	1913	0	0	0	0
AF	0	0.009369	5341	3606	1735	0	0	0	0
AF	0	0.009681	5183	3509	1674	0	0	0	0
AF	0	0.009994	5002	3352	1650	0	0	0	0
AF	0	0.010306	4820	3263	1557	0	0	0	0
AF	0	0.010618	4744	3168	1576	0	0	0	0
AF	0	0.010931	4624	3073	1551	0	0	0	0
AF	0	0.011243	4274	2868	1406	0	0	0	0
AF	0	0.011555	4255	2863	1392	0	0	0	0
AF	0	0.011868	4127	2817	1310	0	0	0	0
AF	0	0.012180	4014	2667	1347	0	0	0	0
AF	0	0.012492	3698	2472	1226	0	0	0	0
AF	0	0.012804	3549	2425	1124	0	0	0	0
AF	0	0.013117	3633	2440	1193	0	0	0	0
AF	0	0.013429	3369	2243	1126	0	0	0	0
AF	0	0.013741	3290	2183	1107	0	0	0	0
AF	0	0.014054	3086	2055	1031	0	0	0	0
AF	0	0.014366	3277	2136	1141	0	0	0	0
AF	0	0.014678	2848	1903	945	0	0	0	0
AF	0	0.014991	2755	1856	899	0	0	0	0
AF	0	0.015303	2723	1800	923	0	0	0	0
AF	0	0.015615	2722	1809	913	0	0	0	0
AF	0	0.015928	2611	1752	859	0	0	0	0
AF	0	0.016240	2388	1583	805	0	0	0	0
AF	0	0.016552	2614	1744	870	0	0	0	0
AF	0	0.016864	2406	1626	780	0	0	0	0
AF	0	0.017177	2318	1534	784	0	0	0	0
AF	0	0.017489	2277	1526	751	0	0	0	0
AF	0	0.017801	2252	1533	719	0	0	0	0
AF	0	0.018114	2285	1492	793	0	0	0	0
AF	0	0.018426	2123	1426	697	0	0	0	0
AF	0	0.018738	2067	1381	686	0	0	0	0
AF	0	0.019051	1884	1287	597	0	0	0	0
AF	0	0.019363	2004	1377	627	0	0	0	0
AF	0	0.019675	1841	1243	598	0	0	0	0
AF	0	0.019988	2106	1389	717	0	0	0	0
AF	0	0.020300	1742	1168	574	0	0	0	0
AF	0	0.020612	1921	1254	667	0	0	0	0
AF	0	0.020924	1884	1258	626	0	0	0	0
AF	0	0.021237	1851	1204	647	0	0	0	0
AF	0	0.021549	1920	1263	657	0	0	0	0
AF	0	0.021861	2035	1339	696	0	0	0	0
AF	0	0.022174	1809	1235	574	0	0	0	0
AF	0	0.022486	1670	1103	567	0	0	0	0
AF	0	0.022798	1771	1168	603	0	0	0	0
AF	0	0.023111	1594	1085	509	0	0	0	0
AF	0	0.023423	1824	1279	545	0	0	0	0
AF	0	0.023735	1551	1028	523	0	0	0	0
AF	0	0.024047	1594	1099	495	0	0	0	0
AF	0	0.024360	1426	968	458	0	0	0	0
AF	0	0.024672	1513	1025	488	0	0	0	0
AF	0	0.024984	1386	933	453	0	0	0	0
AF	0	0.025297	1407	981	426	0	0	0	0
AF	0	0.025609	1371	914	457	0	0	0	0
AF	0	0.025921	1220	817	403	0	0	0	0
AF	0	0.026234	1308	920	388	0	0	0	0
AF	0	0.026546	1332	903	429	0	0	0	0
AF	0	0.026858	1294	862	432	0	0	0	0
AF	0	0.027171	1273	843	430	0	0	0	0
AF	0	0.027483	1211	816	395	0	0	0	0
AF	0	0.027795	1212	805	407	0	0	0	0
AF	0	0.028107	1031	652	379	0	0	0	0
AF	0	0.028420	1103	735	368	0	0	0	0
AF	0	0.028732	1283	846	437	0	0	0	0
AF	0	0.029044	1038	679	359	0	0	0	0
AF	0	0.029357	1022	689	333	0	0	0	0
AF	0	0.029669	1027	719	308	0	0	0	0
AF	0	0.029981	1066	716	350	0	0	0	0
AF	0	0.030294	1072	720	352	0	0	0	0
AF	0	0.030606	985	682	303	0	0	0	0
AF	0	0.030918	1127	760	367	0	0	0	0
AF	0	0.031230	954	642	312	0	0	0	0
AF	0	0.031543	1041	700	341	0	0	0	0
AF	0	0.031855	936	640	296	0	0	0	0
AF	0	0.032167	830	570	260	0	0	0	0
AF	0	0.032480	896	606	290	0	0	0	0
AF	0	0.032792	852	580	272	0	0	0	0
AF	0	0.033104	839	559	280	0	0	0	0
AF	0	0.033417	947	630	317	0	0	0	0
AF	0	0.033729	883	582	301	0	0	0	0
AF	0	0.034041	864	573	291	0	0	0	0
AF	0	0.034354	878	586	292	0	0	0	0
AF	0	0.034666	814	548	266	0	0	0	0
AF	0	0.034978	767	533	234	0	0	0	0
AF	0	0.035290	820	552	268	0	0	0	0
AF	0	0.035603	752	499	253	0	0	0	0
AF	0	0.035915	777	519	258	0	0	0	0
AF	0	0.036227	758	510	248	0	0	0	0
AF	0	0.036540	745	478	267	0	0	0	0
AF	0	0.036852	734	483	251	0	0	0	0
AF	0	0.037164	817	559	258	0	0	0	0
AF	0	0.037477	720	475	245	0	0	0	0
AF	0	0.037789	621	411	210	0	0	0	0
AF	0	0.038101	779	490	289	0	0	0	0
AF	0	0.038413	716	470	246	0	0	0	0
AF	0	0.038726	755	514	241	0	0	0	0
AF	0	0.039038	746	521	225	0	0	0	0
AF	0	0.039350	755	495	260	0	0	0	0
AF	0	0.039663	745	467	278	0	0	0	0
AF	0	0.039975	753	538	215	0	0	0	0
AF	0	0.040287	706	491	215	0	0	0	0
AF	0	0.040600	743	486	257	0	0	0	0
AF	0	0.040912	617	427	190	0	0	0	0
AF	0	0.041224	666	452	214	0	0	0	0
AF	0	0.041537	587	383	204	0	0	0	0
AF	0	0.041849	673	433	240	0	0	0	0
AF	0	0.042161	625	418	207	0	0	0	0
AF	0	0.042473	830	568	262	0	0	0	0
AF	0	0.042786	637	408	229	0	0	0	0
AF	0	0.043098	540	356	184	0	0	0	0
AF	0	0.043410	547	351	196	0	0	0	0
AF	0	0.043723	628	414	214	0	0	0	0
AF	0	0.044035	546	366	180	0	0	0	0
AF	0	0.044347	548	358	190	0	0	0	0
AF	0	0.044660	626	438	188	0	0	0	0
AF	0	0.044972	547	365	182	0	0	0	0
AF	0	0.045284	566	392	174	0	0	0	0
AF	0	0.045597	578	406	172	0	0	0	0
AF	0	0.045909	628	407	221	0	0	0	0
AF	0	0.046221	576	373	203	0	0	0	0
AF	0	0.046533	553	379	174	0	0	0	0
AF	0	0.046846	573	391	182	0	0	0	0
AF	0	0.047158	496	327	169	0	0	0	0
AF	0	0.047470	584	396	188	0	0	0	0
AF	0	0.047783	509	352	157	0	0	0	0
AF	0	0.048095	488	318	170	0	0	0	0
AF	0	0.048407	490	319	171	0	0	0	0
AF	0	0.048720	489	332	157	0	0	0	0
AF	0	0.049032	509	337	172	0	0	0	0
AF	0	0.049344	505	339	166	0	0	0	0
AF	0	0.049656	444	290	154	0	0	0	0
AF	0	0.049969	458	306	152	0	0	0	0
AF	0	0.050281	489	328	161	0	0	0	0
AF	0	0.050593	457	288	169	0	0	0	0
AF	0	0.050906	461	309	152	0	0	0	0
AF	0	0.051218	482	314	168	0	0	0	0
AF	0	0.051530	569	377	192	0	0	0	0
AF	0	0.051843	580	368	212	0	0	0	0
AF	0	0.052155	561	371	190	0	0	0	0
AF	0	0.052467	399	252	147	0	0	0	0
AF	0	0.052780	413	264	149	0	0	0	0
AF	0	0.053092	518	345	173	0	0	0	0
AF	0	0.053404	502	325	177	0	0	0	0
AF	0	0.053716	443	294	149	0	0	0	0
AF	0	0.054029	371	256	115	0	0	0	0
AF	0	0.054341	376	243	133	0	0	0	0
AF	0	0.054653	492	344	148	0	0	0	0
AF	0	0.054966	434	299	135	0	0	0	0
AF	0	0.055278	460	301	159	0	0	0	0
AF	0	0.055590	403	276	127	0	0	0	0
AF	0	0.055903	480	328	152	0	0	0	0
AF	0	0.056215	405	276	129	0	0	0	0
AF	0	0.056527	390	272	118	0	0	0	0
AF	0	0.056839	420	287	133	0	0	0	0
AF	0	0.057152	367	249	118	0	0	0	0
AF	0	0.057464	458	300	158	0	0	0	0
AF	0	0.057776	408	269	139	0	0	0	0
AF	0	0.058089	339	227	112	0	0	0	0
AF	0	0.058401	445	295	150	0	0	0	0
AF	0	0.058713	428	285	143	0	0	0	0
AF	0	0.059026	493	315	178	0	0	0	0
AF	0	0.059338	475	313	162	0	0	0	0
AF	0	0.059650	412	278	134	0	0	0	0
AF	0	0.059963	453	321	132	0	0	0	0
AF	0	0.060275	533	352	181	0	0	0	0
AF	0	0.060587	414	289	125	0	0	0	0
AF	0	0.060899	453	292	161	0	0	0	0
AF	0	0.061212	421	289	132	0	0	0	0
AF	0	0.061524	397	271	126	0	0	0	0
AF	0	0.061836	358	243	115	0	0	0	0
AF	0	0.062149	440	287	153	0	0	0	0
AF	0	0.062461	419	303	116	0	0	0	0
AF	0	0.062773	341	230	111	0	0	0	0
AF	0	0.063086	387	263	124	0	0	0	0
AF	0	0.063398	413	284	129	0	0	0	0
AF	0	0.063710	344	237	107	0	0	0	0
AF	0	0.064022	486	332	154	0	0	0	0
AF	0	0.064335	401	279	122	0	0	0	0
AF	0	0.064647	382	250	132	0	0	0	0
AF	0	0.064959	431	290	141	0	0	0	0
AF	0	0.065272	387	254	133	0	0	0	0
AF	0	0.065584	384	249	135	0	0	0	0
AF	0	0.065896	349	234	115	0	0	0	0
AF	0	0.066209	361	233	128	0	0	0	0
AF	0	0.066521	346	220	126	0	0	0	0
AF	0	0.066833	364	233	131	0	0	0	0
AF	0	0.067146	334	219	115	0	0	0	0
AF	0	0.067458	319	224	95	0	0	0	0
AF	0	0.067770	387	263	124	0	0	0	0
AF	0	0.068082	311	205	106	0	0	0	0
AF	0	0.068395	306	215	91	0	0	0	0
AF	0	0.068707	459	318	141	0	0	0	0
AF	0	0.069019	337	248	89	0	0	0	0
AF	0	0.069332	303	204	99	0	0	0	0
AF	0	0.069644	328	234	94	0	0	0	0
AF	0	0.069956	391	267	124	0	0	0	0
AF	0	0.070269	352	229	123	0	0	0	0
AF	0	0.070581	348	256	92	0	0	0	0
AF	0	0.070893	316	207	109	0	0	0	0
AF	0	0.071205	294	206	88	0	0	0	0
AF	0	0.071518	318	215	103	0	0	0	0
AF	0	0.071830	327	216	111	0	0	0	0
AF	0	0.072142	369	262	107	0	0	0	0
AF	0	0.072455	372	263	109	0	0	0	0
AF	0	0.072767	338	229	109	0	0	0	0
AF	0	0.073079	364	245	119	0	0	0	0
AF	0	0.073392	369	258	111	0	0	0	0
AF	0	0.073704	348	252	96	0	0	0	0
AF	0	0.074016	320	213	107	0	0	0	0
AF	0	0.074329	317	217	100	0	0	0	0
AF	0	0.074641	331	231	100	0	0	0	0
AF	0	0.074953	382	264	118	0	0	0	0
AF	0	0.075265	368	258	110	0	0	0	0
AF	0	0.075578	347	238	109	0	0	0	0
AF	0	0.075890	349	227	122	0	0	0	0
AF	0	0.076202	385	256	129	0	0	0	0
AF	0	0.076515	294	200	94	0	0	0	0
AF	0	0.076827	289	186	103	0	0	0	0
AF	0	0.077139	298	201	97	0	0	0	0
AF	0	0.077452	264	178	86	0	0	0	0
AF	0	0.077764	334	221	113	0	0	0	0
AF	0	0.078076	289	218	71	0	0	0	0
AF	0	0.078389	335	214	121	0	0	0	0
AF	0	0.078701	295	199	96	0	0	0	0
AF	0	0.079013	312	211	101	0	0	0	0
AF	0	0.079325	323	220	103	0	0	0	0
AF	0	0.079638	376	249	127	0	0	0	0
AF	0	0.079950	297	206	91	0	0	0	0
AF	0	0.080262	343	233	110	0	0	0	0
AF	0	0.080575	317	212	105	0	0	0	0
AF	0	0.080887	360	239	121	0	0	0	0
AF	0	0.081199	303	194	109	0	0	0	0
AF	0	0.081512	270	176	94	0	0	0	0
AF	0	0.081824	229	159	70	0	0	0	0
AF	0	0.082136	243	167	76	0	0	0	0
AF	0	0.082448	336	208	128	0	0	0	0
AF	0	0.082761	302	211	91	0	0	0	0
AF	0	0.083073	318	213	105	0	0	0	0
AF	0	0.083385	258	176	82	0	0	0	0
AF	0	0.083698	268	192	76	0	0	0	0
AF	0	0.084010	266	192	74	0	0	0	0
AF	0	0.084322	260	179	81	0	0	0	0
AF	0	0.084635	264	173	91	0	0	0	0
AF	0	0.084947	276	181	95	0	0	0	0
AF	0	0.085259	320	210	110	0	0	0	0
AF	0	0.085572	347	228	119	0	0	0	0
AF	0	0.085884	332	230	102	0	0	0	0
AF	0	0.086196	317	194	123	0	0	0	0
AF	0	0.086508	248	173	75	0	0	0	0
AF	0	0.086821	215	146	69	0	0	0	0
AF	0	0.087133	312	218	94	0	0	0	0
AF	0	0.087445	308	221	87	0	0	0	0
AF	0	0.087758	272	180	92	0	0	0	0
AF	0	0.088070	229	149	80	0	0	0	0
AF	0	0.088382	253	165	88	0	0	0	0
AF	0	0.088695	273	186	87	0	0	0	0
AF	0	0.089007	269	187	82	0	0	0	0
AF	0	0.089319	235	151	84	0	0	0	0
AF	0	0.089631	253	172	81	0	0	0	0
AF	0	0.089944	283	195	88	0	0	0	0
AF	0	0.090256	252	165	87	0	0	0	0
AF	0	0.090568	251	180	71	0	0	0	0
AF	0	0.090881	263	163	100	0	0	0	0
AF	0	0.091193	293	200	93	0	0	0	0
AF	0	0.091505	258	171	87	0	0	0	0
AF	0	0.091818	253	190	63	0	0	0	0
AF	0	0.092130	268	189	79	0	0	0	0
AF	0	0.092442	292	188	104	0	0	0	0
AF	0	0.092755	259	187	72	0	0	0	0
AF	0	0.093067	260	172	88	0	0	0	0
AF	0	0.093379	203	142	61	0	0	0	0
AF	0	0.093691	201	131	70	0	0	0	0
AF	0	0.094004	203	132	71	0	0	0	0
AF	0	0.094316	212	135	77	0	0	0	0
AF	0	0.094628	249	163	86	0	0	0	0
AF	0	0.094941	215	150	65	0	0	0	0
AF	0	0.095253	220	161	59	0	0	0	0
AF	0	0.095565	216	147	69	0	0	0	0
AF	0	0.095878	209	140	69	0	0	0	0
AF	0	0.096190	206	141	65	0	0	0	0
AF	0	0.096502	218	147	71	0	0	0	0
AF	0	0.096814	236	169	67	0	0	0	0
AF	0	0.097127	288	192	96	0	0	0	0
AF	0	0.097439	293	203	90	0	0	0	0
AF	0	0.097751	265	175	90	0	0	0	0
AF	0	0.098064	218	151	67	0	0	0	0
AF	0	0.098376	293	194	99	0	0	0	0
AF	0	0.098688	276	185	91	0	0	0	0
AF	0	0.099001	250	170	80	0	0	0	0
AF	0	0.099313	229	156	73	0	0	0	0
AF	0	0.099625	240	165	75	0	0	0	0
AF	0	0.099938	199	121	78	0	0	0	0
AF	0	0.100250	274	184	90	0	0	0	0
AF	0	0.100562	283	193	90	0	0	0	0
AF	0	0.100874	238	165	73	0	0	0	0
AF	0	0.101187	269	176	93	0	0	0	0
AF	0	0.101499	289	193	96	0	0	0	0
AF	0	0.101811	236	146	90	0	0	0	0
AF	0	0.102124	216	148	68	0	0	0	0
AF	0	0.102436	187	121	66	0	0	0	0
AF	0	0.102748	191	137	54	0	0	0	0
AF	0	0.103061	212	147	65	0	0	0	0
AF	0	0.103373	215	139	76	0	0	0	0
AF	0	0.103685	225	138	87	0	0	0	0
AF	0	0.103998	223	145	78	0	0	0	0
AF	0	0.104310	192	137	55	0	0	0	0
AF	0	0.104622	209	145	64	0	0	0	0
AF	0	0.104934	218	149	69	0	0	0	0
AF	0	0.105247	236	147	89	0	0	0	0
AF	0	0.105559	198	145	53	0	0	0	0
AF	0	0.105871	190	127	63	0	0	0	0
AF	0	0.106184	213	143	70	0	0	0	0
AF	0	0.106496	183	113	70	0	0	0	0
AF	0	0.106808	216	143	73	0	0	0	0
AF	0	0.107121	242	150	92	0	0	0	0
AF	0	0.107433	211	131	80	0	0	0	0
AF	0	0.107745	264	197	67	0	0	0	0
AF	0	0.108057	231	140	91	0	0	0	0
AF	0	0.108370	223	153	70	0	0	0	0
AF	0	0.108682	224	153	71	0	0	0	0
AF	0	0.108994	206	142	64	0	0	0	0
AF	0	0.109307	214	159	55	0	0	0	0
AF	0	0.109619	257	176	81	0	0	0	0
AF	0	0.109931	227	155	72	0	0	0	0
AF	0	0.110244	278	181	97	0	0	0	0
AF	0	0.110556	210	140	70	0	0	0	0
AF	0	0.110868	205	135	70	0	0	0	0
AF	0	0.111181	273	177	96	0	0	0	0
AF	0	0.111493	238	164	74	0	0	0	0
AF	0	0.111805	220	163	57	0	0	0	0
AF	0	0.112117	271	188	83	0	0	0	0
AF	0	0.112430	177	124	53	0	0	0	0
AF	0	0.112742	201	127	74	0	0	0	0
AF	0	0.113054	228	157	71	0	0	0	0
AF	0	0.113367	268	166	102	0	0	0	0
AF	0	0.113679	221	151	70	0	0	0	0
AF	0	0.113991	195	131	64	0	0	0	0
AF	0	0.114304	196	128	68	0	0	0	0
AF	0	0.114616	217	143	74	0	0	0	0
AF	0	0.114928	209	140	69	0	0	0	0
AF	0	0.115240	173	113	60	0	0	0	0
AF	0	0.115553	172	110	62	0	0	0	0
AF	0	0.115865	173	129	44	0	0	0	0
AF	0	0.116177	201	136	65	0	0	0	0
AF	0	0.116490	195	134	61	0	0	0	0
AF	0	0.116802	250	165	85	0	0	0	0
AF	0	0.117114	196	134	62	0	0	0	0
AF	0	0.117427	200	136	64	0	0	0	0
AF	0	0.117739	202	146	56	0	0	0	0
AF	0	0.118051	179	126	53	0	0	0	0
AF	0	0.118364	201	136	65	0	0	0	0
AF	0	0.118676	213	140	73	0	0	0	0
AF	0	0.118988	263	168	95	0	0	0	0
AF	0	0.119300	191	125	66	0	0	0	0
AF	0	0.119613	223	147	76	0	0	0	0
AF	0	0.119925	227	144	83	0	0	0	0
AF	0	0.120237	231	159	72	0	0	0	0
AF	0	0.120550	198	132	66	0	0	0	0
AF	0	0.120862	246	166	80	0	0	0	0
AF	0	0.121174	184	128	56	0	0	0	0
AF	0	0.121487	168	115	53	0	0	0	0
AF	0	0.121799	159	112	47	0	0	0	0
AF	0	0.122111	195	137	58	0	0	0	0
AF	0	0.122423	184	114	70	0	0	0	0
AF	0	0.122736	218	154	64	0	0	0	0
AF	0	0.123048	204	140	64	0	0	0	0
AF	0	0.123360	161	95	66	0	0	0	0
AF	0	0.123673	198	136	62	0	0	0	0
AF	0	0.123985	171	117	54	0	0	0	0
AF	0	0.124297	168	112	56	0	0	0	0
AF	0	0.124610	222	146	76	0	0	0	0
AF	0	0.124922	187	125	62	0	0	0	0
AF	0	0.125234	250	173	77	0	0	0	0
AF	0	0.125547	216	147	69	0	0	0	0
AF	0	0.125859	182	122	60	0	0	0	0
AF	0	0.126171	197	132	65	0	0	0	0
AF	0	0.126483	175	115	60	0	0	0	0
AF	0	0.126796	217	155	62	0	0	0	0
AF	0	0.127108	202	123	79	0	0	0	0
AF	0	0.127420	187	122	65	0	0	0	0
AF	0	0.127733	252	160	92	0	0	0	0
AF	0	0.128045	211	139	72	0	0	0	0
AF	0	0.128357	174	118	56	0	0	0	0
AF	0	0.128670	193	150	43	0	0	0	0
AF	0	0.128982	165	120	45	0	0	0	0
AF	0	0.129294	194	137	57	0	0	0	0
AF	0	0.129606	283	192	91	0	0	0	0
AF	0	0.129919	231	161	70	0	0	0	0
AF	0	0.130231	225	140	85	0	0	0	0
AF	0	0.130543	232	160	72	0	0	0	0
AF	0	0.130856	253	170	83	0	0	0	0
AF	0	0.131168	249	161	88	0	0	0	0
AF	0	0.131480	210	131	79	0	0	0	0
AF	0	0.131793	165	109	56	0	0	0	0
AF	0	0.132105	162	112	50	0	0	0	0
AF	0	0.132417	196	131	65	0	0	0	0
AF	0	0.132730	187	129	58	0	0	0	0
AF	0	0.133042	165	109	56	0	0	0	0
AF	0	0.133354	199	130	69	0	0	0	0
AF	0	0.133666	170	110	60	0	0	0	0
AF	0	0.133979	185	117	68	0	0	0	0
AF	0	0.134291	149	98	51	0	0	0	0
AF	0	0.134603	195	132	63	0	0	0	0
AF	0	0.134916	176	116	60	0	0	0	0
AF	0	0.135228	187	138	49	0	0	0	0
AF	0	0.135540	219	152	67	0	0	0	0
AF	0	0.135853	204	157	47	0	0	0	0
AF	0	0.136165	208	135	73	0	0	0	0
AF	0	0.136477	236	156	80	0	0	0	0
AF	0	0.136790	211	136	75	0	0	0	0
AF	0	0.137102	202	135	67	0	0	0	0
AF	0	0.137414	274	197	77	0	0	0	0
AF	0	0.137726	209	144	65	0	0	0	0
AF	0	0.138039	190	122	68	0	0	0	0
AF	0	0.138351	204	137	67	0	0	0	0
AF	0	0.138663	167	108	59	0	0	0	0
AF	0	0.138976	195	142	53	0	0	0	0
AF	0	0.139288	198	144	54	0	0	0	0
AF	0	0.139600	179	120	59	0	0	0	0
AF	0	0.139913	162	101	61	0	0	0	0
AF	0	0.140225	197	142	55	0	0	0	0
AF	0	0.140537	153	99	54	0	0	0	0
AF	0	0.140849	205	144	61	0	0	0	0
AF	0	0.141162	181	132	49	0	0	0	0
AF	0	0.141474	192	121	71	0	0	0	0
AF	0	0.141786	166	104	62	0	0	0	0
AF	0	0.142099	214	159	55	0	0	0	0
AF	0	0.142411	171	106	65	0	0	0	0
AF	0	0.142723	185	122	63	0	0	0	0
AF	0	0.143036	187	118	69	0	0	0	0
AF	0	0.143348	193	132	61	0	0	0	0
AF	0	0.143660	179	109	70	0	0	0	0
AF	0	0.143973	176	124	52	0	0	0	0
AF	0	0.144285	146	95	51	0	0	0	0
AF	0	0.144597	201	141	60	0	0	0	0
AF	0	0.144909	303	204	99	0	0	0	0
AF	0	0.145222	226	143	83	0	0	0	0
AF	0	0.145534	227	159	68	0	0	0	0
AF	0	0.145846	174	115	59	0	0	0	0
AF	0	0.146159	177	123	54	0	0	0	0
AF	0	0.146471	174	126	48	0	0	0	0
AF	0	0.146783	157	106	51	0	0	0	0
AF	0	0.147096	161	115	46	0	0	0	0
AF	0	0.147408	144	100	44	0	0	0	0
AF	0	0.147720	125	84	41	0	0	0	0
AF	0	0.148032	150	113	37	0	0	0	0
AF	0	0.148345	176	117	59	0	0	0	0
AF	0	0.148657	151	96	55	0	0	0	0
AF	0	0.148969	155	121	34	0	0	0	0
AF	0	0.149282	145	93	52	0	0	0	0
AF	0	0.149594	118	75	43	0	0	0	0
AF	0	0.149906	126	92	34	0	0	0	0
AF	0	0.150219	139	97	42	0	0	0	0
AF	0	0.150531	143	98	45	0	0	0	0
AF	0	0.150843	186	121	65	0	0	0	0
AF	0	0.151156	153	110	43	0	0	0	0
AF	0	0.151468	153	101	52	0	0	0	0
AF	0	0.151780	133	89	44	0	0	0	0
AF	0	0.152092	163	112	51	0	0	0	0
AF	0	0.152405	177	114	63	0	0	0	0
AF	0	0.152717	155	98	57	0	0	0	0
AF	0	0.153029	150	93	57	0	0	0	0
AF	0	0.153342	146	108	38	0	0	0	0
AF	0	0.153654	120	78	42	0	0	0	0
AF	0	0.153966	122	84	38	0	0	0	0
AF	0	0.154279	159	105	54	0	0	0	0
AF	0	0.154591	133	89	44	0	0	0	0
AF	0	0.154903	167	110	57	0	0	0	0
AF	0	0.155215	144	98	46	0	0	0	0
AF	0	0.155528	152	115	37	0	0	0	0
AF	0	0.155840	149	97	52	0	0	0	0
AF	0	0.156152	139	90	49	0	0	0	0
AF	0	0.156465	187	120	67	0	0	0	0
AF	0	0.156777	186	124	62	0	0	0	0
AF	0	0.157089	166	111	55	0	0	0	0
AF	0	0.157402	165	121	44	0	0	0	0
AF	0	0.157714	200	136	64	0	0	0	0
AF	0	0.158026	206	145	61	0	0	0	0
AF	0	0.158339	157	104	53	0	0	0	0
AF	0	0.158651	169	119	50	0	0	0	0
AF	0	0.158963	144	101	43	0	0	0	0
AF	0	0.159275	153	104	49	0	0	0	0
AF	0	0.159588	158	105	53	0	0	0	0
AF	0	0.159900	168	116	52	0	0	0	0
AF	0	0.160212	147	97	50	0	0	0	0
AF	0	0.160525	156	104	52	0	0	0	0
AF	0	0.160837	147	98	49	0	0	0	0
AF	0	0.161149	128	81	47	0	0	0	0
AF	0	0.161462	174	117	57	0	0	0	0
AF	0	0.161774	163	111	52	0	0	0	0
AF	0	0.162086	139	99	40	0	0	0	0
AF	0	0.162399	153	107	46	0	0	0	0
AF	0	0.162711	117	80	37	0	0	0	0
AF	0	0.163023	149	96	53	0	0	0	0
AF	0	0.163335	137	103	34	0	0	0	0
AF	0	0.163648	129	99	30	0	0	0	0
AF	0	0.163960	135	83	52	0	0	0	0
AF	0	0.164272	158	110	48	0	0	0	0
AF	0	0.164585	255	173	82	0	0	0	0
AF	0	0.164897	166	112	54	0	0	0	0
AF	0	0.165209	195	128	67	0	0	0	0
AF	0	0.165522	161	105	56	0	0	0	0
AF	0	0.165834	135	83	52	0	0	0	0
AF	0	0.166146	156	92	64	0	0	0	0
AF	0	0.166458	131	84	47	0	0	0	0
AF	0	0.166771	170	121	49	0	0	0	0
AF	0	0.167083	129	93	36	0	0	0	0
AF	0	0.167395	127	87	40	0	0	0	0
AF	0	0.167708	138	93	45	0	0	0	0
AF	0	0.168020	129	85	44	0	0	0	0
AF	0	0.168332	164	106	58	0	0	0	0
AF	0	0.168645	140	101	39	0	0	0	0
AF	0	0.168957	150	100	50	0	0	0	0
AF	0	0.169269	130	88	42	0	0	0	0
AF	0	0.169582	152	98	54	0	0	0	0
AF	0	0.169894	151	104	47	0	0	0	0
AF	0	0.170206	192	128	64	0	0	0	0
AF	0	0.170518	173	115	58	0	0	0	0
AF	0	0.170831	185	111	74	0	0	0	0
AF	0	0.171143	191	124	67	0	0	0	0
AF	0	0.171455	140	96	44	0	0	0	0
AF	0	0.171768	142	105	37	0	0	0	0
AF	0	0.172080	172	101	71	0	0	0	0
AF	0	0.172392	132	82	50	0	0	0	0
AF	0	0.172705	117	80	37	0	0	0	0
AF	0	0.173017	149	103	46	0	0	0	0
AF	0	0.173329	141	95	46	0	0	0	0
AF	0	0.173641	120	80	40	0	0	0	0
AF	0	0.173954	157	95	62	0	0	0	0
AF	0	0.174266	188	124	64	0	0	0	0
AF	0	0.174578	128	94	34	0	0	0	0
AF	0	0.174891	159	104	55	0	0	0	0
AF	0	0.175203	162	116	46	0	0	0	0
AF	0	0.175515	133	85	48	0	0	0	0
AF	0	0.175828	150	101	49	0	0	0	0
AF	0	0.176140	139	93	46	0	0	0	0
AF	0	0.176452	135	87	48	0	0	0	0
AF	0	0.176765	123	77	46	0	0	0	0
AF	0	0.177077	141	91	50	0	0	0	0
AF	0	0.177389	248	173	75	0	0	0	0
AF	0	0.177701	139	110	29	0	0	0	0
AF	0	0.178014	146	96	50	0	0	0	0
AF	0	0.178326	160	112	48	0	0	0	0
AF	0	0.178638	149	100	49	0	0	0	0
AF	0	0.178951	150	103	47	0	0	0	0
AF	0	0.179263	124	84	40	0	0	0	0
AF	0	0.179575	184	119	65	0	0	0	0
AF	0	0.179888	163	120	43	0	0	0	0
AF	0	0.180200	143	99	44	0	0	0	0
AF	0	0.180512	139	90	49	0	0	0	0
AF	0	0.180824	201	132	69	0	0	0	0
AF	0	0.181137	164	104	60	0	0	0	0
AF	0	0.181449	126	89	37	0	0	0	0
AF	0	0.181761	121	83	38	0	0	0	0
AF	0	0.182074	135	82	53	0	0	0	0
AF	0	0.182386	145	90	55	0	0	0	0
AF	0	0.182698	140	90	50	0	0	0	0
AF	0	0.183011	160	114	46	0	0	0	0
AF	0	0.183323	150	107	43	0	0	0	0
AF	0	0.183635	130	92	38	0	0	0	0
AF	0	0.183948	143	94	49	0	0	0	0
AF	0	0.184260	160	103	57	0	0	0	0
AF	0	0.184572	173	100	73	0	0	0	0
AF	0	0.184884	126	77	49	0	0	0	0
AF	0	0.185197	157	106	51	0	0	0	0
AF	0	0.185509	171	114	57	0	0	0	0
AF	0	0.185821	141	95	46	0	0	0	0
AF	0	0.186134	156	107	49	0	0	0	0
AF	0	0.186446	175	123	52	0	0	0	0
AF	0	0.186758	134	93	41	0	0	0	0
AF	0	0.187071	101	70	31	0	0	0	0
AF	0	0.187383	172	123	49	0	0	0	0
AF	0	0.187695	138	88	50	0	0	0	0
AF	0	0.188007	137	94	43	0	0	0	0
AF	0	0.188320	170	111	59	0	0	0	0
AF	0	0.188632	123	81	42	0	0	0	0
AF	0	0.188944	155	116	39	0	0	0	0
AF	0	0.189257	109	78	31	0	0	0	0
AF	0	0.189569	123	80	43	0	0	0	0
AF	0	0.189881	136	102	34	0	0	0	0
AF	0	0.190194	154	102	52	0	0	0	0
AF	0	0.190506	155	99	56	0	0	0	0
AF	0	0.190818	168	120	48	0	0	0	0
AF	0	0.191131	166	103	63	0	0	0	0
AF	0	0.191443	125	75	50	0	0	0	0
AF	0	0.191755	114	80	34	0	0	0	0
AF	0	0.192067	113	81	32	0	0	0	0
AF	0	0.192380	138	94	44	0	0	0	0
AF	0	0.192692	147	101	46	0	0	0	0
AF	0	0.193004	138	98	40	0	0	0	0
AF	0	0.193317	107	77	30	0	0	0	0
AF	0	0.193629	141	97	44	0	0	0	0
AF	0	0.193941	93	59	34	0	0	0	0
AF	0	0.194254	105	73	32	0	0	0	0
AF	0	0.194566	99	67	32	0	0	0	0
AF	0	0.194878	123	84	39	0	0	0	0
AF	0	0.195191	122	77	45	0	0	0	0
AF	0	0.195503	140	94	46	0	0	0	0
AF	0	0.195815	173	115	58	0	0	0	0
AF	0	0.196127	109	81	28	0	0	0	0
AF	0	0.196440	103	66	37	0	0	0	0
AF	0	0.196752	108	75	33	0	0	0	0
AF	0	0.197064	155	107	48	0	0	0	0
AF	0	0.197377	123	78	45	0	0	0	0
AF	0	0.197689	110	72	38	0	0	0	0
AF	0	0.198001	86	58	28	0	0	0	0
AF	0	0.198314	102	70	32	0	0	0	0
AF	0	0.198626	125	91	34	0	0	0	0
AF	0	0.198938	104	70	34	0	0	0	0
AF	0	0.199250	110	76	34	0	0	0	0
AF	0	0.199563	113	74	39	0	0	0	0
AF	0	0.199875	126	87	39	0	0	0	0
AF	0	0.200187	163	115	48	0	0	0	0
AF	0	0.200500	133	86	47	0	0	0	0
AF	0	0.200812	126	87	39	0	0	0	0
AF	0	0.201124	122	77	45	0	0	0	0
AF	0	0.201437	133	90	43	0	0	0	0
AF	0	0.201749	110	77	33	0	0	0	0
AF	0	0.202061	93	61	32	0	0	0	0
AF	0	0.202374	129	84	45	0	0	0	0
AF	0	0.202686	124	91	33	0	0	0	0
AF	0	0.202998	126	83	43	0	0	0	0
AF	0	0.203310	150	100	50	0	0	0	0
AF	0	0.203623	133	95	38	0	0	0	0
AF	0	0.203935	113	79	34	0	0	0	0
AF	0	0.204247	140	97	43	0	0	0	0
AF	0	0.204560	135	95	40	0	0	0	0
AF	0	0.204872	117	80	37	0	0	0	0
AF	0	0.205184	214	155	59	0	0	0	0
AF	0	0.205497	138	98	40	0	0	0	0
AF	0	0.205809	128	80	48	0	0	0	0
AF	0	0.206121	113	79	34	0	0	0	0
AF	0	0.206433	126	82	44	0	0	0	0
AF	0	0.206746	99	65	34	0	0	0	0
AF	0	0.207058	127	82	45	0	0	0	0
AF	0	0.207370	129	90	39	0	0	0	0
AF	0	0.207683	114	80	34	0	0	0	0
AF	0	0.207995	130	95	35	0	0	0	0
AF	0	0.208307	152	97	55	0	0	0	0
AF	0	0.208620	187	132	55	0	0	0	0
AF	0	0.208932	213	152	61	0	0	0	0
AF	0	0.209244	128	87	41	0	0	0	0
AF	0	0.209557	98	65	33	0	0	0	0
AF	0	0.209869	103	66	37	0	0	0	0
AF	0	0.210181	137	93	44	0	0	0	0
AF	0	0.210493	110	76	34	0	0	0	0
AF	0	0.210806	123	83	40	0	0	0	0
AF	0	0.211118	124	75	49	0	0	0	0
AF	0	0.211430	119	85	34	0	0	0	0
AF	0	0.211743	122	82	40	0	0	0	0
AF	0	0.212055	86	55	31	0	0	0	0
AF	0	0.212367	116	76	40	0	0	0	0
AF	0	0.212680	101	68	33	0	0	0	0
AF	0	0.212992	96	69	27	0	0	0	0
AF	0	0.213304	119	80	39	0	0	0	0
AF	0	0.213616	85	61	24	0	0	0	0
AF	0	0.213929	117	86	31	0	0	0	0
AF	0	0.214241	111	74	37	0	0	0	0
AF	0	0.214553	91	48	43	0	0	0	0
AF	0	0.214866	120	84	36	0	0	0	0
AF	0	0.215178	107	75	32	0	0	0	0
AF	0	0.215490	135	92	43	0	0	0	0
AF	0	0.215803	114	76	38	0	0	0	0
AF	0	0.216115	113	74	39	0	0	0	0
AF	0	0.216427	130	89	41	0	0	0	0
AF	0	0.216740	116	75	41	0	0	0	0
AF	0	0.217052	121	73	48	0	0	0	0
AF	0	0.217364	157	96	61	0	0	0	0
AF	0	0.217676	119	81	38	0	0	0	0
AF	0	0.217989	119	82	37	0	0	0	0
AF	0	0.218301	120	77	43	0	0	0	0
AF	0	0.218613	121	89	32	0	0	0	0
AF	0	0.218926	139	89	50	0	0	0	0
AF	0	0.219238	108	75	33	0	0	0	0
AF	0	0.219550	124	77	47	0	0	0	0
AF	0	0.219863	120	75	45	0	0	0	0
AF	0	0.220175	126	91	35	0	0	0	0
AF	0	0.220487	132	92	40	0	0	0	0
AF	0	0.220800	115	68	47	0	0	0	0
AF	0	0.221112	115	63	52	0	0	0	0
AF	0	0.221424	97	78	19	0	0	0	0
AF	0	0.221736	114	86	28	0	0	0	0
AF	0	0.222049	109	72	37	0	0	0	0
AF	0	0.222361	115	81	34	0	0	0	0
AF	0	0.222673	147	101	46	0	0	0	0
AF	0	0.222986	127	84	43	0	0	0	0
AF	0	0.223298	121	83	38	0	0	0	0
AF	0	0.223610	124	84	40	0	0	0	0
AF	0	0.223923	116	83	33	0	0	0	0
AF	0	0.224235	111	72	39	0	0	0	0
AF	0	0.224547	121	87	34	0	0	0	0
AF	0	0.224859	136	94	42	0	0	0	0
AF	0	0.225172	124	86	38	0	0	0	0
AF	0	0.225484	110	71	39	0	0	0	0
AF	0	0.225796	110	71	39	0	0	0	0
AF	0	0.226109	88	52	36	0	0	0	0
AF	0	0.226421	92	59	33	0	0	0	0
AF	0	0.226733	127	80	47	0	0	0	0
AF	0	0.227046	151	104	47	0	0	0	0
AF	0	0.227358	131	91	40	0	0	0	0
AF	0	0.227670	131	82	49	0	0	0	0
AF	0	0.227983	120	83	37	0	0	0	0
AF	0	0.228295	119	75	44	0	0	0	0
AF	0	0.228607	126	80	46	0	0	0	0
AF	0	0.228919	124	85	39	0	0	0	0
AF	0	0.229232	133	88	45	0	0	0	0
AF	0	0.229544	127	72	55	0	0	0	0
AF	0	0.229856	126	87	39	0	0	0	0
AF	0	0.230169	113	66	47	0	0	0	0
AF	0	0.230481	110	80	30	0	0	0	0
AF	0	0.230793	128	94	34	0	0	0	0
AF	0	0.231106	102	65	37	0	0	0	0
AF	0	0.231418	112	78	34	0	0	0	0
AF	0	0.231730	96	65	31	0	0	0	0
AF	0	0.232042	116	85	31	0	0	0	0
AF	0	0.232355	99	65	34	0	0	0	0
AF	0	0.232667	92	65	27	0	0	0	0
AF	0	0.232979	112	80	32	0	0	0	0
AF	0	0.233292	121	81	40	0	0	0	0
AF	0	0.233604	138	98	40	0	0	0	0
AF	0	0.233916	124	75	49	0	0	0	0
AF	0	0.234229	131	92	39	0	0	0	0
AF	0	0.234541	90	64	26	0	0	0	0
AF	0	0.234853	96	60	36	0	0	0	0
AF	0	0.235166	137	80	57	0	0	0	0
AF	0	0.235478	107	75	32	0	0	0	0
AF	0	0.235790	87	60	27	0	0	0	0
AF	0	0.236102	83	58	25	0	0	0	0
AF	0	0.236415	143	88	55	0	0	0	0
AF	0	0.236727	91	55	36	0	0	0	0
AF	0	0.237039	106	76	30	0	0	0	0
AF	0	0.237352	101	71	30	0	0	0	0
AF	0	0.237664	105	71	34	0	0	0	0
AF	0	0.237976	84	59	25	0	0	0	0
AF	0	0.238289	110	73	37	0	0	0	0
AF	0	0.238601	148	99	49	0	0	0	0
AF	0	0.238913	103	66	37	0	0	0	0
AF	0	0.239225	120	84	36	0	0	0	0
AF	0	0.239538	113	66	47	0	0	0	0
AF	0	0.239850	94	63	31	0	0	0	0
AF	0	0.240162	98	71	27	0	0	0	0
AF	0	0.240475	109	67	42	0	0	0	0
AF	0	0.240787	109	71	38	0	0	0	0
AF	0	0.241099	116	79	37	0	0	0	0
AF	0	0.241412	99	63	36	0	0	0	0
AF	0	0.241724	83	54	29	0	0	0	0
AF	0	0.242036	127	91	36	0	0	0	0
AF	0	0.242349	126	89	37	0	0	0	0
AF	0	0.242661	109	72	37	0	0	0	0
AF	0	0.242973	103	70	33	0	0	0	0
AF	0	0.243285	117	85	32	0	0	0	0
AF	0	0.243598	104	68	36	0	0	0	0
AF	0	0.243910	100	69	31	0	0	0	0
AF	0	0.244222	146	99	47	0	0	0	0
AF	0	0.244535	128	87	41	0	0	0	0
AF	0	0.244847	78	52	26	0	0	0	0
AF	0	0.245159	123	86	37	0	0	0	0
AF	0	0.245472	105	74	31	0	0	0	0
AF	0	0.245784	108	68	40	0	0	0	0
AF	0	0.246096	89	57	32	0	0	0	0
AF	0	0.246408	95	62	33	0	0	0	0
AF	0	0.246721	105	80	25	0	0	0	0
AF	0	0.247033	91	62	29	0	0	0	0
AF	0	0.247345	123	91	32	0	0	0	0
AF	0	0.247658	97	70	27	0	0	0	0
AF	0	0.247970	101	70	31	0	0	0	0
AF	0	0.248282	96	67	29	0	0	0	0
AF	0	0.248595	95	62	33	0	0	0	0
AF	0	0.248907	123	87	36	0	0	0	0
AF	0	0.249219	141	91	50	0	0	0	0
AF	0	0.249532	112	70	42	0	0	0	0
AF	0	0.249844	100	55	45	0	0	0	0
AF	0	0.250156	123	86	37	0	0	0	0
AF	0	0.250468	108	73	35	0	0	0	0
AF	0	0.250781	115	84	31	0	0	0	0
AF	0	0.251093	126	78	48	0	0	0	0
AF	0	0.251405	93	71	22	0	0	0	0
AF	0	0.251718	168	108	60	0	0	0	0
AF	0	0.252030	128	90	38	0	0	0	0
AF	0	0.252342	134	95	39	0	0	0	0
AF	0	0.252655	104	69	35	0	0	0	0
AF	0	0.252967	105	67	38	0	0	0	0
AF	0	0.253279	115	83	32	0	0	0	0
AF	0	0.253592	137	91	46	0	0	0	0
AF	0	0.253904	123	80	43	0	0	0	0
AF	0	0.254216	110	77	33	0	0	0	0
AF	0	0.254528	108	71	37	0	0	0	0
AF	0	0.254841	108	68	40	0	0	0	0
AF	0	0.255153	122	84	38	0	0	0	0
AF	0	0.255465	120	87	33	0	0	0	0
AF	0	0.255778	113	76	37	0	0	0	0
AF	0	0.256090	150	99	51	0	0	0	0
AF	0	0.256402	114	73	41	0	0	0	0
AF	0	0.256715	145	106	39	0	0	0	0
AF	0	0.257027	123	77	46	0	0	0	0
AF	0	0.257339	134	97	37	0	0	0	0
AF	0	0.257651	126	86	40	0	0	0	0
AF	0	0.257964	115	74	41	0	0	0	0
AF	0	0.258276	104	74	30	0	0	0	0
AF	0	0.258588	122	89	33	0	0	0	0
AF	0	0.258901	88	56	32	0	0	0	0
AF	0	0.259213	102	72	30	0	0	0	0
AF	0	0.259525	96	61	35	0	0	0	0
AF	0	0.259838	110	73	37	0	0	0	0
AF	0	0.260150	111	75	36	0	0	0	0
AF	0	0.260462	101	75	26	0	0	0	0
AF	0	0.260775	101	72	29	0	0	0	0
AF	0	0.261087	115	72	43	0	0	0	0
AF	0	0.261399	128	85	43	0	0	0	0
AF	0	0.261711	116	81	35	0	0	0	0
AF	0	0.262024	99	70	29	0	0	0	0
AF	0	0.262336	103	73	30	0	0	0	0
AF	0	0.262648	107	78	29	0	0	0	0
AF	0	0.262961	97	68	29	0	0	0	0
AF	0	0.263273	104	74	30	0	0	0	0
AF	0	0.263585	87	58	29	0	0	0	0
AF	0	0.263898	95	68	27	0	0	0	0
AF	0	0.264210	108	70	38	0	0	0	0
AF	0	0.264522	131	80	51	0	0	0	0
AF	0	0.264834	108	72	36	0	0	0	0
AF	0	0.265147	98	67	31	0	0	0	0
AF	0	0.265459	96	64	32	0	0	0	0
AF	0	0.265771	86	56	30	0	0	0	0
AF	0	0.266084	111	75	36	0	0	0	0
AF	0	0.266396	112	69	43	0	0	0	0
AF	0	0.266708	96	61	35	0	0	0	0
AF	0	0.267021	113	80	33	0	0	0	0
AF	0	0.267333	129	82	47	0	0	0	0
AF	0	0.267645	133	78	55	0	0	0	0
AF	0	0.267958	105	71	34	0	0	0	0
AF	0	0.268270	87	50	37	0	0	0	0
AF	0	0.268582	101	59	42	0	0	0	0
AF	0	0.268894	119	78	41	0	0	0	0
AF	0	0.269207	91	63	28	0	0	0	0
AF	0	0.269519	124	88	36	0	0	0	0
AF	0	0.269831	139	97	42	0	0	0	0
AF	0	0.270144	94	60	34	0	0	0	0
AF	0	0.270456	91	64	27	0	0	0	0
AF	0	0.270768	88	52	36	0	0	0	0
AF	0	0.271081	97	63	34	0	0	0	0
AF	0	0.271393	102	62	40	0	0	0	0
AF	0	0.271705	82	56	26	0	0	0	0
AF	0	0.272017	101	58	43	0	0	0	0
AF	0	0.272330	109	71	38	0	0	0	0
AF	0	0.272642	110	73	37	0	0	0	0
AF	0	0.272954	111	83	28	0	0	0	0
AF	0	0.273267	111	74	37	0	0	0	0
AF	0	0.273579	93	59	34	0	0	0	0
AF	0	0.273891	109	70	39	0	0	0	0
AF	0	0.274204	124	86	38	0	0	0	0
AF	0	0.274516	110	73	37	0	0	0	0
AF	0	0.274828	122	87	35	0	0	0	0
AF	0	0.275141	106	71	35	0	0	0	0
AF	0	0.275453	95	63	32	0	0	0	0
AF	0	0.275765	91	66	25	0	0	0	0
AF	0	0.276077	92	57	35	0	0	0	0
AF	0	0.276390	77	44	33	0	0	0	0
AF	0	0.276702	86	61	25	0	0	0	0
AF	0	0.277014	87	62	25	0	0	0	0
AF	0	0.277327	85	59	26	0	0	0	0
AF	0	0.277639	114	79	35	0	0	0	0
AF	0	0.277951	109	74	35	0	0	0	0
AF	0	0.278264	88	59	29	0	0	0	0
AF	0	0.278576	116	83	33	0	0	0	0
AF	0	0.278888	118	80	38	0	0	0	0
AF	0	0.279200	103	75	28	0	0	0	0
AF	0	0.279513	81	54	27	0	0	0	0
AF	0	0.279825	121	79	42	0	0	0	0
AF	0	0.280137	99	65	34	0	0	0	0
AF	0	0.280450	108	69	39	0	0	0	0
AF	0	0.280762	92	57	35	0	0	0	0
AF	0	0.281074	96	67	29	0	0	0	0
AF	0	0.281387	149	99	50	0	0	0	0
AF	0	0.281699	112	79	33	0	0	0	0
AF	0	0.282011	94	58	36	0	0	0	0
AF	0	0.282324	103	70	33	0	0	0	0
AF	0	0.282636	108	76	32	0	0	0	0
AF	0	0.282948	117	75	42	0	0	0	0
AF	0	0.283260	115	84	31	0	0	0	0
AF	0	0.283573	111	81	30	0	0	0	0
AF	0	0.283885	114	77	37	0	0	0	0
AF	0	0.284197	98	59	39	0	0	0	0
AF	0	0.284510	118	72	46	0	0	0	0
AF	0	0.284822	95	64	31	0	0	0	0
AF	0	0.285134	89	53	36	0	0	0	0
AF	0	0.285447	95	68	27	0	0	0	0
AF	0	0.285759	109	70	39	0	0	0	0
AF	0	0.286071	91	61	30	0	0	0	0
AF	0	0.286384	95	58	37	0	0	0	0
AF	0	0.286696	105	72	33	0	0	0	0
AF	0	0.287008	120	86	34	0	0	0	0
AF	0	0.287320	126	92	34	0	0	0	0
AF	0	0.287633	114	71	43	0	0	0	0
AF	0	0.287945	174	114	60	0	0	0	0
AF	0	0.288257	150	92	58	0	0	0	0
AF	0	0.288570	92	66	26	0	0	0	0
AF	0	0.288882	98	61	37	0	0	0	0
AF	0	0.289194	111	75	36	0	0	0	0
AF	0	0.289507	105	66	39	0	0	0	0
AF	0	0.289819	125	76	49	0	0	0	0
AF	0	0.290131	113	71	42	0	0	0	0
AF	0	0.290443	89	59	30	0	0	0	0
AF	0	0.290756	84	59	25	0	0	0	0
AF	0	0.291068	66	41	25	0	0	0	0
AF	0	0.291380	111	80	31	0	0	0	0
AF	0	0.291693	93	56	37	0	0	0	0
AF	0	0.292005	77	45	32	0	0	0	0
AF	0	0.292317	100	64	36	0	0	0	0
AF	0	0.292630	108	81	27	0	0	0	0
AF	0	0.292942	98	68	30	0	0	0	0
AF	0	0.293254	85	55	30	0	0	0	0
AF	0	0.293567	86	60	26	0	0	0	0
AF	0	0.293879	106	65	41	0	0	0	0
AF	0	0.294191	61	40	21	0	0	0	0
AF	0	0.294503	98	71	27	0	0	0	0
AF	0	0.294816	82	56	26	0	0	0	0
AF	0	0.295128	83	55	28	0	0	0	0
AF	0	0.295440	123	77	46	0	0	0	0
AF	0	0.295753	113	77	36	0	0	0	0
AF	0	0.296065	93	61	32	0	0	0	0
AF	0	0.296377	91	65	26	0	0	0	0
AF	0	0.296690	115	77	38	0	0	0	0
AF	0	0.297002	99	69	30	0	0	0	0
AF	0	0.297314	73	55	18	0	0	0	0
AF	0	0.297626	99	64	35	0	0	0	0
AF	0	0.297939	68	49	19	0	0	0	0
AF	0	0.298251	75	48	27	0	0	0	0
AF	0	0.298563	67	42	25	0	0	0	0
AF	0	0.298876	71	50	21	0	0	0	0
AF	0	0.299188	77	49	28	0	0	0	0
AF	0	0.299500	79	58	21	0	0	0	0
AF	0	0.299813	105	78	27	0	0	0	0
AF	0	0.300125	108	76	32	0	0	0	0
AF	0	0.300437	136	85	51	0	0	0	0
AF	0	0.300750	102	66	36	0	0	0	0
AF	0	0.301062	84	56	28	0	0	0	0
AF	0	0.301374	83	52	31	0	0	0	0
AF	0	0.301686	85	64	21	0	0	0	0
AF	0	0.301999	72	49	23	0	0	0	0
AF	0	0.302311	84	58	26	0	0	0	0
AF	0	0.302623	74	54	20	0	0	0	0
AF	0	0.302936	91	62	29	0	0	0	0
AF	0	0.303248	105	81	24	0	0	0	0
AF	0	0.303560	81	56	25	0	0	0	0
AF	0	0.303873	84	58	26	0	0	0	0
AF	0	0.304185	80	53	27	0	0	0	0
AF	0	0.304497	72	50	22	0	0	0	0
AF	0	0.304809	113	71	42	0	0	0	0
AF	0	0.305122	100	77	23	0	0	0	0
AF	0	0.305434	77	50	27	0	0	0	0
AF	0	0.305746	84	54	30	0	0	0	0
AF	0	0.306059	82	60	22	0	0	0	0
AF	0	0.306371	82	62	20	0	0	0	0
AF	0	0.306683	100	69	31	0	0	0	0
AF	0	0.306996	79	52	27	0	0	0	0
AF	0	0.307308	77	60	17	0	0	0	0
AF	0	0.307620	76	56	20	0	0	0	0
AF	0	0.307933	93	59	34	0	0	0	0
AF	0	0.308245	69	49	20	0	0	0	0
AF	0	0.308557	84	54	30	0	0	0	0
AF	0	0.308869	79	46	33	0	0	0	0
AF	0	0.309182	92	68	24	0	0	0	0
AF	0	0.309494	66	33	33	0	0	0	0
AF	0	0.309806	96	63	33	0	0	0	0
AF	0	0.310119	72	51	21	0	0	0	0
AF	0	0.310431	91	61	30	0	0	0	0
AF	0	0.310743	104	69	35	0	0	0	0
AF	0	0.311056	147	99	48	0	0	0	0
AF	0	0.311368	103	72	31	0	0	0	0
AF	0	0.311680	102	63	39	0	0	0	0
AF	0	0.311993	126	88	38	0	0	0	0
AF	0	0.312305	116	80	36	0	0	0	0
AF	0	0.312617	114	78	36	0	0	0	0
AF	0	0.312929	71	47	24	0	0	0	0
AF	0	0.313242	87	56	31	0	0	0	0
AF	0	0.313554	112	74	38	0	0	0	0
AF	0	0.313866	91	62	29	0	0	0	0
AF	0	0.314179	72	48	24	0	0	0	0
AF	0	0.314491	91	61	30	0	0	0	0
AF	0	0.314803	93	65	28	0	0	0	0
AF	0	0.315116	98	70	28	0	0	0	0
AF	0	0.315428	75	50	25	0	0	0	0
AF	0	0.315740	75	51	24	0	0	0	0
AF	0	0.316052	87	54	33	0	0	0	0
AF	0	0.316365	106	69	37	0	0	0	0
AF	0	0.316677	90	56	34	0	0	0	0
AF	0	0.316989	104	82	22	0	0	0	0
AF	0	0.317302	88	56	32	0	0	0	0
AF	0	0.317614	109	74	35	0	0	0	0
AF	0	0.317926	113	70	43	0	0	0	0
AF	0	0.318239	97	63	34	0	0	0	0
AF	0	0.318551	97	71	26	0	0	0	0
AF	0	0.318863	89	61	28	0	0	0	0
AF	0	0.319176	69	46	23	0	0	0	0
AF	0	0.319488	93	65	28	0	0	0	0
AF	0	0.319800	74	42	32	0	0	0	0
AF	0	0.320112	86	58	28	0	0	0	0
AF	0	0.320425	103	62	41	0	0	0	0
AF	0	0.320737	95	73	22	0	0	0	0
AF	0	0.321049	95	70	25	0	0	0	0
AF	0	0.321362	89	60	29	0	0	0	0
AF	0	0.321674	93	64	29	0	0	0	0
AF	0	0.321986	120	76	44	0	0	0	0
AF	0	0.322299	93	62	31	0	0	0	0
AF	0	0.322611	115	83	32	0	0	0	0
AF	0	0.322923	98	71	27	0	0	0	0
AF	0	0.323235	99	51	48	0	0	0	0
AF	0	0.323548	79	54	25	0	0	0	0
AF	0	0.323860	112	73	39	0	0	0	0
AF	0	0.324172	89	55	34	0	0	0	0
AF	0	0.324485	114	78	36	0	0	0	0
AF	0	0.324797	88	65	23	0	0	0	0
AF	0	0.325109	101	76	25	0	0	0	0
AF	0	0.325422	89	52	37	0	0	0	0
AF	0	0.325734	86	55	31	0	0	0	0
AF	0	0.326046	98	61	37	0	0	0	0
AF	0	0.326359	108	80	28	0	0	0	0
AF	0	0.326671	85	57	28	0	0	0	0
AF	0	0.326983	109	69	40	0	0	0	0
AF	0	0.327295	75	51	24	0	0	0	0
AF	0	0.327608	72	55	17	0	0	0	0
AF	0	0.327920	91	66	25	0	0	0	0
AF	0	0.328232	101	69	32	0	0	0	0
AF	0	0.328545	78	49	29	0	0	0	0
AF	0	0.328857	91	60	31	0	0	0	0
AF	0	0.329169	93	67	26	0	0	0	0
AF	0	0.329482	62	38	24	0	0	0	0
AF	0	0.329794	56	35	21	0	0	0	0
AF	0	0.330106	81	64	17	0	0	0	0
AF	0	0.330418	77	56	21	0	0	0	0
AF	0	0.330731	83	62	21	0	0	0	0
AF	0	0.331043	88	59	29	0	0	0	0
AF	0	0.331355	74	49	25	0	0	0	0
AF	0	0.331668	94	60	34	0	0	0	0
AF	0	0.331980	83	59	24	0	0	0	0
AF	0	0.332292	77	58	19	0	0	0	0
AF	0	0.332605	78	48	30	0	0	0	0
AF	0	0.332917	85	57	28	0	0	0	0
AF	0	0.333229	78	55	23	0	0	0	0
AF	0	0.333542	69	44	25	0	0	0	0
AF	0	0.333854	90	61	29	0	0	0	0
AF	0	0.334166	109	65	44	0	0	0	0
AF	0	0.334478	65	39	26	0	0	0	0
AF	0	0.334791	54	43	11	0	0	0	0
AF	0	0.335103	105	77	28	0	0	0	0
AF	0	0.335415	124	84	40	0	0	0	0
AF	0	0.335728	87	65	22	0	0	0	0
AF	0	0.336040	101	59	42	0	0	0	0
AF	0	0.336352	83	54	29	0	0	0	0
AF	0	0.336665	112	73	39	0	0	0	0
AF	0	0.336977	104	62	42	0	0	0	0
AF	0	0.337289	115	74	41	0	0	0	0
AF	0	0.337601	120	89	31	0	0	0	0
AF	0	0.337914	98	67	31	0	0	0	0
AF	0	0.338226	91	61	30	0	0	0	0
AF	0	0.338538	89	62	27	0	0	0	0
AF	0	0.338851	87	56	31	0	0	0	0
AF	0	0.339163	63	42	21	0	0	0	0
AF	0	0.339475	95	59	36	0	0	0	0
AF	0	0.339788	133	87	46	0	0	0	0
AF	0	0.340100	73	46	27	0	0	0	0
AF	0	0.340412	76	52	24	0	0	0	0
AF	0	0.340725	83	56	27	0	0	0	0
AF	0	0.341037	86	55	31	0	0	0	0
AF	0	0.341349	96	58	38	0	0	0	0
AF	0	0.341661	66	45	21	0	0	0	0
AF	0	0.341974	51	32	19	0	0	0	0
AF	0	0.342286	71	51	20	0	0	0	0
AF	0	0.342598	69	42	27	0	0	0	0
AF	0	0.342911	69	45	24	0	0	0	0
AF	0	0.343223	89	71	18	0	0	0	0
AF	0	0.343535	91	58	33	0	0	0	0
AF	0	0.343848	121	84	37	0	0	0	0
AF	0	0.344160	74	45	29	0	0	0	0
AF	0	0.344472	63	44	19	0	0	0	0
AF	0	0.344785	76	48	28	0	0	0	0
AF	0	0.345097	80	53	27	0	0	0	0
AF	0	0.345409	113	75	38	0	0	0	0
AF	0	0.345721	81	51	30	0	0	0	0
AF	0	0.346034	68	45	23	0	0	0	0
AF	0	0.346346	97	61	36	0	0	0	0
AF	0	0.346658	81	57	24	0	0	0	0
AF	0	0.346971	75	49	26	0	0	0	0
AF	0	0.347283	85	60	25	0	0	0	0
AF	0	0.347595	89	57	32	0	0	0	0
AF	0	0.347908	81	54	27	0	0	0	0
AF	0	0.348220	111	71	40	0	0	0	0
AF	0	0.348532	67	41	26	0	0	0	0
AF	0	0.348844	72	43	29	0	0	0	0
AF	0	0.349157	79	57	22	0	0	0	0
AF	0	0.349469	71	48	23	0	0	0	0
AF	0	0.349781	59	45	14	0	0	0	0
AF	0	0.350094	80	50	30	0	0	0	0
AF	0	0.350406	70	43	27	0	0	0	0
AF	0	0.350718	73	48	25	0	0	0	0
AF	0	0.351031	89	58	31	0	0	0	0
AF	0	0.351343	71	50	21	0	0	0	0
AF	0	0.351655	73	51	22	0	0	0	0
AF	0	0.351968	67	45	22	0	0	0	0
AF	0	0.352280	186	142	44	0	0	0	0
AF	0	0.352592	98	79	19	0	0	0	0
AF	0	0.352904	68	44	24	0	0	0	0
AF	0	0.353217	55	33	22	0	0	0	0
AF	0	0.353529	72	52	20	0	0	0	0
AF	0	0.353841	84	63	21	0	0	0	0
AF	0	0.354154	64	41	23	0	0	0	0
AF	0	0.354466	83	59	24	0	0	0	0
AF	0	0.354778	79	55	24	0	0	0	0
AF	0	0.355091	78	52	26	0	0	0	0
AF	0	0.355403	63	40	23	0	0	0	0
AF	0	0.355715	112	73	39	0	0	0	0
AF	0	0.356027	107	72	35	0	0	0	0
AF	0	0.356340	72	47	25	0	0	0	0
AF	0	0.356652	91	61	30	0	0	0	0
AF	0	0.356964	71	55	16	0	0	0	0
AF	0	0.357277	145	91	54	0	0	0	0
AF	0	0.357589	94	69	25	0	0	0	0
AF	0	0.357901	90	60	30	0	0	0	0
AF	0	0.358214	78	52	26	0	0	0	0
AF	0	0.358526	86	57	29	0	0	0	0
AF	0	0.358838	86	65	21	0	0	0	0
AF	0	0.359151	65	44	21	0	0	0	0
AF	0	0.359463	80	57	23	0	0	0	0
AF	0	0.359775	104	63	41	0	0	0	0
AF	0	0.360087	74	47	27	0	0	0	0
AF	0	0.360400	124	87	37	0	0	0	0
AF	0	0.360712	82	52	30	0	0	0	0
AF	0	0.361024	141	93	48	0	0	0	0
AF	0	0.361337	79	47	32	0	0	0	0
AF	0	0.361649	97	69	28	0	0	0	0
AF	0	0.361961	118	85	33	0	0	0	0
AF	0	0.362274	90	61	29	0	0	0	0
AF	0	0.362586	78	47	31	0	0	0	0
AF	0	0.362898	62	34	28	0	0	0	0
AF	0	0.363210	95	73	22	0	0	0	0
AF	0	0.363523	75	46	29	0	0	0	0
AF	0	0.363835	69	45	24	0	0	0	0
AF	0	0.364147	79	53	26	0	0	0	0
AF	0	0.364460	80	50	30	0	0	0	0
AF	0	0.364772	79	60	19	0	0	0	0
AF	0	0.365084	64	44	20	0	0	0	0
AF	0	0.365397	95	67	28	0	0	0	0
AF	0	0.365709	91	61	30	0	0	0	0
AF	0	0.366021	83	57	26	0	0	0	0
AF	0	0.366334	104	68	36	0	0	0	0
AF	0	0.366646	75	50	25	0	0	0	0
AF	0	0.366958	70	49	21	0	0	0	0
AF	0	0.367270	80	45	35	0	0	0	0
AF	0	0.367583	102	58	44	0	0	0	0
AF	0	0.367895	99	71	28	0	0	0	0
AF	0	0.368207	102	67	35	0	0	0	0
AF	0	0.368520	96	64	32	0	0	0	0
AF	0	0.368832	88	58	30	0	0	0	0
AF	0	0.369144	88	65	23	0	0	0	0
AF	0	0.369457	91	63	28	0	0	0	0
AF	0	0.369769	88	59	29	0	0	0	0
AF	0	0.370081	99	70	29	0	0	0	0
AF	0	0.370394	136	92	44	0	0	0	0
AF	0	0.370706	88	56	32	0	0	0	0
AF	0	0.371018	63	35	28	0	0	0	0
AF	0	0.371330	78	52	26	0	0	0	0
AF	0	0.371643	72	51	21	0	0	0	0
AF	0	0.371955	63	48	15	0	0	0	0
AF	0	0.372267	67	43	24	0	0	0	0
AF	0	0.372580	72	52	20	0	0	0	0
AF	0	0.372892	57	38	19	0	0	0	0
AF	0	0.373204	69	44	25	0	0	0	0
AF	0	0.373517	59	41	18	0	0	0	0
AF	0	0.373829	57	39	18	0	0	0	0
AF	0	0.374141	78	49	29	0	0	0	0
AF	0	0.374453	83	64	19	0	0	0	0
AF	0	0.374766	83	51	32	0	0	0	0
AF	0	0.375078	65	46	19	0	0	0	0
AF	0	0.375390	86	56	30	0	0	0	0
AF	0	0.375703	212	140	72	0	0	0	0
AF	0	0.376015	83	56	27	0	0	0	0
AF	0	0.376327	76	49	27	0	0	0	0
AF	0	0.376640	94	58	36	0	0	0	0
AF	0	0.376952	60	45	15	0	0	0	0
AF	0	0.377264	86	50	36	0	0	0	0
AF	0	0.377577	93	56	37	0	0	0	0
AF	0	0.377889	75	47	28	0	0	0	0
AF	0	0.378201	55	41	14	0	0	0	0
AF	0	0.378513	89	64	25	0	0	0	0
AF	0	0.378826	69	43	26	0	0	0	0
AF	0	0.379138	61	43	18	0	0	0	0
AF	0	0.379450	65	45	20	0	0	0	0
AF	0	0.379763	70	43	27	0	0	0	0
AF	0	0.380075	89	50	39	0	0	0	0
AF	0	0.380387	78	54	24	0	0	0	0
AF	0	0.380700	70	45	25	0	0	0	0
AF	0	0.381012	71	49	22	0	0	0	0
AF	0	0.381324	86	60	26	0	0	0	0
AF	0	0.381636	63	39	24	0	0	0	0
AF	0	0.381949	75	55	20	0	0	0	0
AF	0	0.382261	72	51	21	0	0	0	0
AF	0	0.382573	62	39	23	0	0	0	0
AF	0	0.382886	48	31	17	0	0	0	0
AF	0	0.383198	58	40	18	0	0	0	0
AF	0	0.383510	99	67	32	0	0	0	0
AF	0	0.383823	77	52	25	0	0	0	0
AF	0	0.384135	61	45	16	0	0	0	0
AF	0	0.384447	67	50	17	0	0	0	0
AF	0	0.384760	92	58	34	0	0	0	0
AF	0	0.385072	80	51	29	0	0	0	0
AF	0	0.385384	134	88	46	0	0	0	0
AF	0	0.385696	110	80	30	0	0	0	0
AF	0	0.386009	89	64	25	0	0	0	0
AF	0	0.386321	103	65	38	0	0	0	0
AF	0	0.386633	77	58	19	0	0	0	0
AF	0	0.386946	83	65	18	0	0	0	0
AF	0	0.387258	84	56	28	0	0	0	0
AF	0	0.387570	101	71	30	0	0	0	0
AF	0	0.387883	85	56	29	0	0	0	0
AF	0	0.388195	69	50	19	0	0	0	0
AF	0	0.388507	76	59	17	0	0	0	0
AF	0	0.388819	56	41	15	0	0	0	0
AF	0	0.389132	49	33	16	0	0	0	0
AF	0	0.389444	73	47	26	0	0	0	0
AF	0	0.389756	97	61	36	0	0	0	0
AF	0	0.390069	81	56	25	0	0	0	0
AF	0	0.390381	83	55	28	0	0	0	0
AF	0	0.390693	77	55	22	0	0	0	0
AF	0	0.391006	77	54	23	0	0	0	0
AF	0	0.391318	64	43	21	0	0	0	0
AF	0	0.391630	99	65	34	0	0	0	0
AF	0	0.391943	86	55	31	0	0	0	0
AF	0	0.392255	72	49	23	0	0	0	0
AF	0	0.392567	77	55	22	0	0	0	0
AF	0	0.392879	66	45	21	0	0	0	0
AF	0	0.393192	66	51	15	0	0	0	0
AF	0	0.393504	78	51	27	0	0	0	0
AF	0	0.393816	60	39	21	0	0	0	0
AF	0	0.394129	66	47	19	0	0	0	0
AF	0	0.394441	66	42	24	0	0	0	0
AF	0	0.394753	87	54	33	0	0	0	0
AF	0	0.395066	76	49	27	0	0	0	0
AF	0	0.395378	85	46	39	0	0	0	0
AF	0	0.395690	64	47	17	0	0	0	0
AF	0	0.396002	103	58	45	0	0	0	0
AF	0	0.396315	63	40	23	0	0	0	0
AF	0	0.396627	57	40	17	0	0	0	0
AF	0	0.396939	49	25	24	0	0	0	0
AF	0	0.397252	75	48	27	0	0	0	0
AF	0	0.397564	64	45	19	0	0	0	0
AF	0	0.397876	80	45	35	0	0	0	0
AF	0	0.398189	73	55	18	0	0	0	0
AF	0	0.398501	69	41	28	0	0	0	0
AF	0	0.398813	56	35	21	0	0	0	0
AF	0	0.399126	73	44	29	0	0	0	0
AF	0	0.399438	58	37	21	0	0	0	0
AF	0	0.399750	62	42	20	0	0	0	0
AF	0	0.400062	74	51	23	0	0	0	0
AF	0	0.400375	86	59	27	0	0	0	0
AF	0	0.400687	87	63	24	0	0	0	0
AF	0	0.400999	67	41	26	0	0	0	0
AF	0	0.401312	86	52	34	0	0	0	0
AF	0	0.401624	71	52	19	0	0	0	0
AF	0	0.401936	63	39	24	0	0	0	0
AF	0	0.402249	64	40	24	0	0	0	0
AF	0	0.402561	66	46	20	0	0	0	0
AF	0	0.402873	95	67	28	0	0	0	0
AF	0	0.403186	75	59	16	0	0	0	0
AF	0	0.403498	59	36	23	0	0	0	0
AF	0	0.403810	61	45	16	0	0	0	0
AF	0	0.404122	59	37	22	0	0	0	0
AF	0	0.404435	62	47	15	0	0	0	0
AF	0	0.404747	69	43	26	0	0	0	0
AF	0	0.405059	66	53	13	0	0	0	0
AF	0	0.405372	74	48	26	0	0	0	0
AF	0	0.405684	80	57	23	0	0	0	0
AF	0	0.405996	94	68	26	0	0	0	0
AF	0	0.406309	78	58	20	0	0	0	0
AF	0	0.406621	78	48	30	0	0	0	0
AF	0	0.406933	82	56	26	0	0	0	0
AF	0	0.407245	80	55	25	0	0	0	0
AF	0	0.407558	83	66	17	0	0	0	0
AF	0	0.407870	77	49	28	0	0	0	0
AF	0	0.408182	91	57	34	0	0	0	0
AF	0	0.408495	75	53	22	0	0	0	0
AF	0	0.408807	74	48	26	0	0	0	0
AF	0	0.409119	50	32	18	0	0	0	0
AF	0	0.409432	69	47	22	0	0	0	0
AF	0	0.409744	69	51	18	0	0	0	0
AF	0	0.410056	61	46	15	0	0	0	0
AF	0	0.410369	61	42	19	0	0	0	0
AF	0	0.410681	56	42	14	0	0	0	0
AF	0	0.410993	65	41	24	0	0	0	0
AF	0	0.411305	58	37	21	0	0	0	0
AF	0	0.411618	62	40	22	0	0	0	0
AF	0	0.411930	94	69	25	0	0	0	0
AF	0	0.412242	74	56	18	0	0	0	0
AF	0	0.412555	94	64	30	0	0	0	0
AF	0	0.412867	117	76	41	0	0	0	0
AF	0	0.413179	122	81	41	0	0	0	0
AF	0	0.413492	62	39	23	0	0	0	0
AF	0	0.413804	93	66	27	0	0	0	0
AF	0	0.414116	86	61	25	0	0	0	0
AF	0	0.414428	88	60	28	0	0	0	0
AF	0	0.414741	71	50	21	0	0	0	0
AF	0	0.415053	82	64	18	0	0	0	0
AF	0	0.415365	84	57	27	0	0	0	0
AF	0	0.415678	71	54	17	0	0	0	0
AF	0	0.415990	110	73	37	0	0	0	0
AF	0	0.416302	78	58	20	0	0	0	0
AF	0	0.416615	82	65	17	0	0	0	0
AF	0	0.416927	95	72	23	0	0	0	0
AF	0	0.417239	55	45	10	0	0	0	0
AF	0	0.417552	69	44	25	0	0	0	0
AF	0	0.417864	55	35	20	0	0	0	0
AF	0	0.418176	86	60	26	0	0	0	0
AF	0	0.418488	72	47	25	0	0	0	0
AF	0	0.418801	57	39	18	0	0	0	0
AF	0	0.419113	74	54	20	0	0	0	0
AF	0	0.419425	60	42	18	0	0	0	0
AF	0	0.419738	67	46	21	0	0	0	0
AF	0	0.420050	56	34	22	0	0	0	0
AF	0	0.420362	65	44	21	0	0	0	0
AF	0	0.420675	76	49	27	0	0	0	0
AF	0	0.420987	71	52	19	0	0	0	0
AF	0	0.421299	79	53	26	0	0	0	0
AF	0	0.421611	70	45	25	0	0	0	0
AF	0	0.421924	49	35	14	0	0	0	0
AF	0	0.422236	90	55	35	0	0	0	0
AF	0	0.422548	112	81	31	0	0	0	0
AF	0	0.422861	138	96	42	0	0	0	0
AF	0	0.423173	100	76	24	0	0	0	0
AF	0	0.423485	70	52	18	0	0	0	0
AF	0	0.423798	70	48	22	0	0	0	0
AF	0	0.424110	65	46	19	0	0	0	0
AF	0	0.424422	68	41	27	0	0	0	0
AF	0	0.424735	77	56	21	0	0	0	0
AF	0	0.425047	67	45	22	0	0	0	0
AF	0	0.425359	109	73	36	0	0	0	0
AF	0	0.425671	59	43	16	0	0	0	0
AF	0	0.425984	108	71	37	0	0	0	0
AF	0	0.426296	75	51	24	0	0	0	0
AF	0	0.426608	77	48	29	0	0	0	0
AF	0	0.426921	79	46	33	0	0	0	0
AF	0	0.427233	61	37	24	0	0	0	0
AF	0	0.427545	90	63	27	0	0	0	0
AF	0	0.427858	65	43	22	0	0	0	0
AF	0	0.428170	46	33	13	0	0	0	0
AF	0	0.428482	68	46	22	0	0	0	0
AF	0	0.428795	75	54	21	0	0	0	0
AF	0	0.429107	53	32	21	0	0	0	0
AF	0	0.429419	49	31	18	0	0	0	0
AF	0	0.429731	59	41	18	0	0	0	0
AF	0	0.430044	48	31	17	0	0	0	0
AF	0	0.430356	57	36	21	0	0	0	0
AF	0	0.430668	62	36	26	0	0	0	0
AF	0	0.430981	55	36	19	0	0	0	0
AF	0	0.431293	61	45	16	0	0	0	0
AF	0	0.431605	50	34	16	0	0	0	0
AF	0	0.431918	57	44	13	0	0	0	0
AF	0	0.432230	71	48	23	0	0	0	0
AF	0	0.432542	72	50	22	0	0	0	0
AF	0	0.432854	78	55	23	0	0	0	0
AF	0	0.433167	121	71	50	0	0	0	0
AF	0	0.433479	96	61	35	0	0	0	0
AF	0	0.433791	70	41	29	0	0	0	0
AF	0	0.434104	67	47	20	0	0	0	0
AF	0	0.434416	64	40	24	0	0	0	0
AF	0	0.434728	96	66	30	0	0	0	0
AF	0	0.435041	63	41	22	0	0	0	0
AF	0	0.435353	33	22	11	0	0	0	0
AF	0	0.435665	66	42	24	0	0	0	0
AF	0	0.435978	65	39	26	0	0	0	0
AF	0	0.436290	53	43	10	0	0	0	0
AF	0	0.436602	63	42	21	0	0	0	0
AF	0	0.436914	55	40	15	0	0	0	0
AF	0	0.437227	46	37	9	0	0	0	0
AF	0	0.437539	75	49	26	0	0	0	0
AF	0	0.437851	68	46	22	0	0	0	0
AF	0	0.438164	74	54	20	0	0	0	0
AF	0	0.438476	68	46	22	0	0	0	0
AF	0	0.438788	113	69	44	0	0	0	0
AF	0	0.439101	76	55	21	0	0	0	0
AF	0	0.439413	56	35	21	0	0	0	0
AF	0	0.439725	91	55	36	0	0	0	0
AF	0	0.440037	77	53	24	0	0	0	0
AF	0	0.440350	65	44	21	0	0	0	0
AF	0	0.440662	76	50	26	0	0	0	0
AF	0	0.440974	76	50	26	0	0	0	0
AF	0	0.441287	63	37	26	0	0	0	0
AF	0	0.441599	67	51	16	0	0	0	0
AF	0	0.441911	87	64	23	0	0	0	0
AF	0	0.442224	71	47	24	0	0	0	0
AF	0	0.442536	75	46	29	0	0	0	0
AF	0	0.442848	93	67	26	0	0	0	0
AF	0	0.443161	52	33	19	0	0	0	0
AF	0	0.443473	52	36	16	0	0	0	0
AF	0	0.443785	59	37	22	0	0	0	0
AF	0	0.444097	54	39	15	0	0	0	0
AF	0	0.444410	62	39	23	0	0	0	0
AF	0	0.444722	96	76	20	0	0	0	0
AF	0	0.445034	55	39	16	0	0	0	0
AF	0	0.445347	63	47	16	0	0	0	0
AF	0	0.445659	63	43	20	0	0	0	0
AF	0	0.445971	73	50	23	0	0	0	0
AF	0	0.446284	75	51	24	0	0	0	0
AF	0	0.446596	81	50	31	0	0	0	0
AF	0	0.446908	46	31	15	0	0	0	0
AF	0	0.447220	76	60	16	0	0	0	0
AF	0	0.447533	85	62	23	0	0	0	0
AF	0	0.447845	67	44	23	0	0	0	0
AF	0	0.448157	92	63	29	0	0	0	0
AF	0	0.448470	54	35	19	0	0	0	0
AF	0	0.448782	89	63	26	0	0	0	0
AF	0	0.449094	62	44	18	0	0	0	0
AF	0	0.449407	83	52	31	0	0	0	0
AF	0	0.449719	49	29	20	0	0	0	0
AF	0	0.450031	80	54	26	0	0	0	0
AF	0	0.450344	48	36	12	0	0	0	0
AF	0	0.450656	64	48	16	0	0	0	0
AF	0	0.450968	75	47	28	0	0	0	0
AF	0	0.451280	68	42	26	0	0	0	0
AF	0	0.451593	46	33	13	0	0	0	0
AF	0	0.451905	51	35	16	0	0	0	0
AF	0	0.452217	63	38	25	0	0	0	0
AF	0	0.452530	68	48	20	0	0	0	0
AF	0	0.452842	40	24	16	0	0	0	0
AF	0	0.453154	67	46	21	0	0	0	0
AF	0	0.453467	63	39	24	0	0	0	0
AF	0	0.453779	77	58	19	0	0	0	0
AF	0	0.454091	57	38	19	0	0	0	0
AF	0	0.454403	173	114	59	0	0	0	0
AF	0	0.454716	104	71	33	0	0	0	0
AF	0	0.455028	77	54	23	0	0	0	0
AF	0	0.455340	41	32	9	0	0	0	0
AF	0	0.455653	37	22	15	0	0	0	0
AF	0	0.455965	46	24	22	0	0	0	0
AF	0	0.456277	54	30	24	0	0	0	0
AF	0	0.456590	58	45	13	0	0	0	0
AF	0	0.456902	56	36	20	0	0	0	0
AF	0	0.457214	47	36	11	0	0	0	0
AF	0	0.457527	43	29	14	0	0	0	0
AF	0	0.457839	69	34	35	0	0	0	0
AF	0	0.458151	63	38	25	0	0	0	0
AF	0	0.458463	88	64	24	0	0	0	0
AF	0	0.458776	76	57	19	0	0	0	0
AF	0	0.459088	69	48	21	0	0	0	0
AF	0	0.459400	57	41	16	0	0	0	0
AF	0	0.459713	66	47	19	0	0	0	0
AF	0	0.460025	55	43	12	0	0	0	0
AF	0	0.460337	75	50	25	0	0	0	0
AF	0	0.460650	59	43	16	0	0	0	0
AF	0	0.460962	67	46	21	0	0	0	0
AF	0	0.461274	67	49	18	0	0	0	0
AF	0	0.461587	67	48	19	0	0	0	0
AF	0	0.461899	59	43	16	0	0	0	0
AF	0	0.462211	73	52	21	0	0	0	0
AF	0	0.462523	51	36	15	0	0	0	0
AF	0	0.462836	53	40	13	0	0	0	0
AF	0	0.463148	56	38	18	0	0	0	0
AF	0	0.463460	59	40	19	0	0	0	0
AF	0	0.463773	62	41	21	0	0	0	0
AF	0	0.464085	58	37	21	0	0	0	0
AF	0	0.464397	59	40	19	0	0	0	0
AF	0	0.464710	45	37	8	0	0	0	0
AF	0	0.465022	47	26	21	0	0	0	0
AF	0	0.465334	69	54	15	0	0	0	0
AF	0	0.465646	101	75	26	0	0	0	0
AF	0	0.465959	71	55	16	0	0	0	0
AF	0	0.466271	82	57	25	0	0	0	0
AF	0	0.466583	46	31	15	0	0	0	0
AF	0	0.466896	45	27	18	0	0	0	0
AF	0	0.467208	51	26	25	0	0	0	0
AF	0	0.467520	54	34	20	0	0	0	0
AF	0	0.467833	47	33	14	0	0	0	0
AF	0	0.468145	60	41	19	0	0	0	0
AF	0	0.468457	61	40	21	0	0	0	0
AF	0	0.468770	50	39	11	0	0	0	0
AF	0	0.469082	53	40	13	0	0	0	0
AF	0	0.469394	56	41	15	0	0	0	0
AF	0	0.469706	61	46	15	0	0	0	0
AF	0	0.470019	64	46	18	0	0	0	0
AF	0	0.470331	67	43	24	0	0	0	0
AF	0	0.470643	71	43	28	0	0	0	0
AF	0	0.470956	67	39	28	0	0	0	0
AF	0	0.471268	77	52	25	0	0	0	0
AF	0	0.471580	64	42	22	0	0	0	0
AF	0	0.471893	36	27	9	0	0	0	0
AF	0	0.472205	41	24	17	0	0	0	0
AF	0	0.472517	69	43	26	0	0	0	0
AF	0	0.472829	107	73	34	0	0	0	0
AF	0	0.473142	64	42	22	0	0	0	0
AF	0	0.473454	72	55	17	0	0	0	0
AF	0	0.473766	44	29	15	0	0	0	0
AF	0	0.474079	56	39	17	0	0	0	0
AF	0	0.474391	103	72	31	0	0	0	0
AF	0	0.474703	84	60	24	0	0	0	0
AF	0	0.475016	72	50	22	0	0	0	0
AF	0	0.475328	60	40	20	0	0	0	0
AF	0	0.475640	78	49	29	0	0	0	0
AF	0	0.475953	68	44	24	0	0	0	0
AF	0	0.476265	63	41	22	0	0	0	0
AF	0	0.476577	41	31	10	0	0	0	0
AF	0	0.476889	48	32	16	0	0	0	0
AF	0	0.477202	47	29	18	0	0	0	0
AF	0	0.477514	82	64	18	0	0	0	0
AF	0	0.477826	52	34	18	0	0	0	0
AF	0	0.478139	59	44	15	0	0	0	0
AF	0	0.478451	51	38	13	0	0	0	0
AF	0	0.478763	41	29	12	0	0	0	0
AF	0	0.479076	30	18	12	0	0	0	0
AF	0	0.479388	57	41	16	0	0	0	0
AF	0	0.479700	68	47	21	0	0	0	0
AF	0	0.480012	58	38	20	0	0	0	0
AF	0	0.480325	51	39	12	0	0	0	0
AF	0	0.480637	55	37	18	0	0	0	0
AF	0	0.480949	47	30	17	0	0	0	0
AF	0	0.481262	43	24	19	0	0	0	0
AF	0	0.481574	45	38	7	0	0	0	0
AF	0	0.481886	60	47	13	0	0	0	0
AF	0	0.482199	79	53	26	0	0	0	0
AF	0	0.482511	45	30	15	0	0	0	0
AF	0	0.482823	47	34	13	0	0	0	0
AF	0	0.483136	35	26	9	0	0	0	0
AF	0	0.483448	45	26	19	0	0	0	0
AF	0	0.483760	46	25	21	0	0	0	0
AF	0	0.484072	61	45	16	0	0	0	0
AF	0	0.484385	64	48	16	0	0	0	0
AF	0	0.484697	43	29	14	0	0	0	0
AF	0	0.485009	41	28	13	0	0	0	0
AF	0	0.485322	40	31	9	0	0	0	0
AF	0	0.485634	38	22	16	0	0	0	0
AF	0	0.485946	41	25	16	0	0	0	0
AF	0	0.486259	47	25	22	0	0	0	0
AF	0	0.486571	52	33	19	0	0	0	0
AF	0	0.486883	76	54	22	0	0	0	0
AF	0	0.487196	60	47	13	0	0	0	0
AF	0	0.487508	61	39	22	0	0	0	0
AF	0	0.487820	58	36	22	0	0	0	0
AF	0	0.488132	44	29	15	0	0	0	0
AF	0	0.488445	74	50	24	0	0	0	0
AF	0	0.488757	61	43	18	0	0	0	0
AF	0	0.489069	54	34	20	0	0	0	0
AF	0	0.489382	54	30	24	0	0	0	0
AF	0	0.489694	50	36	14	0	0	0	0
AF	0	0.490006	48	31	17	0	0	0	0
AF	0	0.490319	51	38	13	0	0	0	0
AF	0	0.490631	62	37	25	0	0	0	0
AF	0	0.490943	70	51	19	0	0	0	0
AF	0	0.491255	57	43	14	0	0	0	0
AF	0	0.491568	69	41	28	0	0	0	0
AF	0	0.491880	59	48	11	0	0	0	0
AF	0	0.492192	66	49	17	0	0	0	0
AF	0	0.492505	59	36	23	0	0	0	0
AF	0	0.492817	66	44	22	0	0	0	0
AF	0	0.493129	72	47	25	0	0	0	0
AF	0	0.493442	47	36	11	0	0	0	0
AF	0	0.493754	56	32	24	0	0	0	0
AF	0	0.494066	68	45	23	0	0	0	0
AF	0	0.494379	57	42	15	0	0	0	0
AF	0	0.494691	40	25	15	0	0	0	0
AF	0	0.495003	67	41	26	0	0	0	0
AF	0	0.495315	80	52	28	0	0	0	0
AF	0	0.495628	74	53	21	0	0	0	0
AF	0	0.495940	51	37	14	0	0	0	0
AF	0	0.496252	47	33	14	0	0	0	0
AF	0	0.496565	45	29	16	0	0	0	0
AF	0	0.496877	63	45	18	0	0	0	0
AF	0	0.497189	47	32	15	0	0	0	0
AF	0	0.497502	59	33	26	0	0	0	0
AF	0	0.497814	50	33	17	0	0	0	0
AF	0	0.498126	44	31	13	0	0	0	0
AF	0	0.498438	53	38	15	0	0	0	0
AF	0	0.498751	61	37	24	0	0	0	0
AF	0	0.499063	49	30	19	0	0	0	0
AF	0	0.499375	43	29	14	0	0	0	0
AF	0	0.499688	71	52	19	0	0	0	0
AF	0	0.500000	45	31	14	0	0	0	0
AF	0	0.500312	47	33	14	0	0	0	0
AF	0	0.500625	63	39	24	0	0	0	0
AF	0	0.500937	84	58	26	0	0	0	0
AF	0	0.501249	92	55	37	0	0	0	0
AF	0	0.501562	45	26	19	0	0	0	0
AF	0	0.501874	28	15	13	0	0	0	0
AF	0	0.502186	42	26	16	0	0	0	0
AF	0	0.502498	39	29	10	0	0	0	0
AF	0	0.502811	79	47	32	0	0	0	0
AF	0	0.503123	56	31	25	0	0	0	0
AF	0	0.503435	50	33	17	0	0	0	0
AF	0	0.503748	55	35	20	0	0	0	0
AF	0	0.504060	50	32	18	0	0	0	0
AF	0	0.504372	49	34	15	0	0	0	0
AF	0	0.504685	44	32	12	0	0	0	0
AF	0	0.504997	58	37	21	0	0	0	0
AF	0	0.505309	69	40	29	0	0	0	0
AF	0	0.505621	61	41	20	0	0	0	0
AF	0	0.505934	60	40	20	0	0	0	0
AF	0	0.506246	58	39	19	0	0	0	0
AF	0	0.506558	41	24	17	0	0	0	0
AF	0	0.506871	50	35	15	0	0	0	0
AF	0	0.507183	71	47	24	0	0	0	0
AF	0	0.507495	63	39	24	0	0	0	0
AF	0	0.507808	59	39	20	0	0	0	0
AF	0	0.508120	51	34	17	0	0	0	0
AF	0	0.508432	62	40	22	0	0	0	0
AF	0	0.508745	47	29	18	0	0	0	0
AF	0	0.509057	44	28	16	0	0	0	0
AF	0	0.509369	72	54	18	0	0	0	0
AF	0	0.509681	67	44	23	0	0	0	0
AF	0	0.509994	54	38	16	0	0	0	0
AF	0	0.510306	50	43	7	0	0	0	0
AF	0	0.510618	49	36	13	0	0	0	0
AF	0	0.510931	56	42	14	0	0	0	0
AF	0	0.511243	56	37	19	0	0	0	0
AF	0	0.511555	50	33	17	0	0	0	0
AF	0	0.511868	52	41	11	0	0	0	0
AF	0	0.512180	56	42	14	0	0	0	0
AF	0	0.512492	71	53	18	0	0	0	0
AF	0	0.512804	71	54	17	0	0	0	0
AF	0	0.513117	50	36	14	0	0	0	0
AF	0	0.513429	58	34	24	0	0	0	0
AF	0	0.513741	58	38	20	0	0	0	0
AF	0	0.514054	76	48	28	0	0	0	0
AF	0	0.514366	92	63	29	0	0	0	0
AF	0	0.514678	65	44	21	0	0	0	0
AF	0	0.514991	63	48	15	0	0	0	0
AF	0	0.515303	67	45	22	0	0	0	0
AF	0	0.515615	75	58	17	0	0	0	0
AF	0	0.515928	62	39	23	0	0	0	0
AF	0	0.516240	55	31	24	0	0	0	0
AF	0	0.516552	42	27	15	0	0	0	0
AF	0	0.516864	40	29	11	0	0	0	0
AF	0	0.517177	52	32	20	0	0	0	0
AF	0	0.517489	42	30	12	0	0	0	0
AF	0	0.517801	55	44	11	0	0	0	0
AF	0	0.518114	58	37	21	0	0	0	0
AF	0	0.518426	39	23	16	0	0	0	0
AF	0	0.518738	52	35	17	0	0	0	0
AF	0	0.519051	46	32	14	0	0	0	0
AF	0	0.519363	47	30	17	0	0	0	0
AF	0	0.519675	44	31	13	0	0	0	0
AF	0	0.519988	77	44	33	0	0	0	0
AF	0	0.520300	44	31	13	0	0	0	0
AF	0	0.520612	57	35	22	0	0	0	0
AF	0	0.520924	53	40	13	0	0	0	0
AF	0	0.521237	70	43	27	0	0	0	0
AF	0	0.521549	50	37	13	0	0	0	0
AF	0	0.521861	74	53	21	0	0	0	0
AF	0	0.522174	48	30	18	0	0	0	0
AF	0	0.522486	49	28	21	0	0	0	0
AF	0	0.522798	48	36	12	0	0	0	0
AF	0	0.523111	46	29	17	0	0	0	0
AF	0	0.523423	49	34	15	0	0	0	0
AF	0	0.523735	65	48	17	0	0	0	0
AF	0	0.524047	53	38	15	0	0	0	0
AF	0	0.524360	58	33	25	0	0	0	0
AF	0	0.524672	63	44	19	0	0	0	0
AF	0	0.524984	56	33	23	0	0	0	0
AF	0	0.525297	45	36	9	0	0	0	0
AF	0	0.525609	55	40	15	0	0	0	0
AF	0	0.525921	54	41	13	0	0	0	0
AF	0	0.526234	47	27	20	0	0	0	0
AF	0	0.526546	64	41	23	0	0	0	0
AF	0	0.526858	48	34	14	0	0	0	0
AF	0	0.527171	27	16	11	0	0	0	0
AF	0	0.527483	22	17	5	0	0	0	0
AF	0	0.527795	33	25	8	0	0	0	0
AF	0	0.528107	39	28	11	0	0	0	0
AF	0	0.528420	48	32	16	0	0	0	0
AF	0	0.528732	34	27	7	0	0	0	0
AF	0	0.529044	40	24	16	0	0	0	0
AF	0	0.529357	56	35	21	0	0	0	0
AF	0	0.529669	43	30	13	0	0	0	0
AF	0	0.529981	36	20	16	0	0	0	0
AF	0	0.530294	49	26	23	0	0	0	0
AF	0	0.530606	44	29	15	0	0	0	0
AF	0	0.530918	46	29	17	0	0	0	0
AF	0	0.531230	42	31	11	0	0	0	0
AF	0	0.531543	41	26	15	0	0	0	0
AF	0	0.531855	51	37	14	0	0	0	0
AF	0	0.532167	47	32	15	0	0	0	0
AF	0	0.532480	51	32	19	0	0	0	0
AF	0	0.532792	49	37	12	0	0	0	0
AF	0	0.533104	45	33	12	0	0	0	0
AF	0	0.533417	52	36	16	0	0	0	0
AF	0	0.533729	56	39	17	0	0	0	0
AF	0	0.534041	46	30	16	0	0	0	0
AF	0	0.534354	54	36	18	0	0	0	0
AF	0	0.534666	61	38	23	0	0	0	0
AF	0	0.534978	31	17	14	0	0	0	0
AF	0	0.535290	41	25	16	0	0	0	0
AF	0	0.535603	54	34	20	0	0	0	0
AF	0	0.535915	39	26	13	0	0	0	0
AF	0	0.536227	42	26	16	0	0	0	0
AF	0	0.536540	49	32	17	0	0	0	0
AF	0	0.536852	66	50	16	0	0	0	0
AF	0	0.537164	49	30	19	0	0	0	0
AF	0	0.537477	48	32	16	0	0	0	0
AF	0	0.537789	41	19	22	0	0	0	0
AF	0	0.538101	45	30	15	0	0	0	0
AF	0	0.538413	59	45	14	0	0	0	0
AF	0	0.538726	47	29	18	0	0	0	0
AF	0	0.539038	70	42	28	0	0	0	0
AF	0	0.539350	69	47	22	0	0	0	0
AF	0	0.539663	61	42	19	0	0	0	0
AF	0	0.539975	50	40	10	0	0	0	0
AF	0	0.540287	64	35	29	0	0	0	0
AF	0	0.540600	109	76	33	0	0	0	0
AF	0	0.540912	57	36	21	0	0	0	0
AF	0	0.541224	61	44	17	0	0	0	0
AF	0	0.541537	67	45	22	0	0	0	0
AF	0	0.541849	93	63	30	0	0	0	0
AF	0	0.542161	77	53	24	0	0	0	0
AF	0	0.542473	63	49	14	0	0	0	0
AF	0	0.542786	37	29	8	0	0	0	0
AF	0	0.543098	44	30	14	0	0	0	0
AF	0	0.543410	67	48	19	0	0	0	0
AF	0	0.543723	57	44	13	0	0	0	0
AF	0	0.544035	53	32	21	0	0	0	0
AF	0	0.544347	73	49	24	0	0	0	0
AF	0	0.544660	60	41	19	0	0	0	0
AF	0	0.544972	58	42	16	0	0	0	0
AF	0	0.545284	45	31	14	0	0	0	0
AF	0	0.545597	69	45	24	0	0	0	0
AF	0	0.545909	47	34	13	0	0	0	0
AF	0	0.546221	55	33	22	0	0	0	0
AF	0	0.546533	47	33	14	0	0	0	0
AF	0	0.546846	46	36	10	0	0	0	0
AF	0	0.547158	43	25	18	0	0	0	0
AF	0	0.547470	50	37	13	0	0	0	0
AF	0	0.547783	42	29	13	0	0	0	0
AF	0	0.548095	55	38	17	0	0	0	0
AF	0	0.548407	54	36	18	0	0	0	0
AF	0	0.548720	43	23	20	0	0	0	0
AF	0	0.549032	41	31	10	0	0	0	0
AF	0	0.549344	53	40	13	0	0	0	0
AF	0	0.549656	54	39	15	0	0	0	0
AF	0	0.549969	48	35	13	0	0	0	0
AF	0	0.550281	58	43	15	0	0	0	0
AF	0	0.550593	58	39	19	0	0	0	0
AF	0	0.550906	89	53	36	0	0	0	0
AF	0	0.551218	53	40	13	0	0	0	0
AF	0	0.551530	62	46	16	0	0	0	0
AF	0	0.551843	63	41	22	0	0	0	0
AF	0	0.552155	57	36	21	0	0	0	0
AF	0	0.552467	41	24	17	0	0	0	0
AF	0	0.552780	43	32	11	0	0	0	0
AF	0	0.553092	86	51	35	0	0	0	0
AF	0	0.553404	71	46	25	0	0	0	0
AF	0	0.553716	58	46	12	0	0	0	0
AF	0	0.554029	40	22	18	0	0	0	0
AF	0	0.554341	37	27	10	0	0	0	0
AF	0	0.554653	48	31	17	0	0	0	0
AF	0	0.554966	46	33	13	0	0	0	0
AF	0	0.555278	41	31	10	0	0	0	0
AF	0	0.555590	46	30	16	0	0	0	0
AF	0	0.555903	47	33	14	0	0	0	0
AF	0	0.556215	38	28	10	0	0	0	0
AF	0	0.556527	50	34	16	0	0	0	0
AF	0	0.556839	32	21	11	0	0	0	0
AF	0	0.557152	54	41	13	0	0	0	0
AF	0	0.557464	49	32	17	0	0	0	0
AF	0	0.557776	33	22	11	0	0	0	0
AF	0	0.558089	64	46	18	0	0	0	0
AF	0	0.558401	41	30	11	0	0	0	0
AF	0	0.558713	43	31	12	0	0	0	0
AF	0	0.559026	55	32	23	0	0	0	0
AF	0	0.559338	54	44	10	0	0	0	0
AF	0	0.559650	75	48	27	0	0	0	0
AF	0	0.559963	64	40	24	0	0	0	0
AF	0	0.560275	61	46	15	0	0	0	0
AF	0	0.560587	59	36	23	0	0	0	0
AF	0	0.560899	64	46	18	0	0	0	0
AF	0	0.561212	74	50	24	0	0	0	0
AF	0	0.561524	58	42	16	0	0	0	0
AF	0	0.561836	93	61	32	0	0	0	0
AF	0	0.562149	47	24	23	0	0	0	0
AF	0	0.562461	57	39	18	0	0	0	0
AF	0	0.562773	60	38	22	0	0	0	0
AF	0	0.563086	53	37	16	0	0	0	0
AF	0	0.563398	66	43	23	0	0	0	0
AF	0	0.563710	42	26	16	0	0	0	0
AF	0	0.564022	45	34	11	0	0	0	0
AF	0	0.564335	45	31	14	0	0	0	0
AF	0	0.564647	58	39	19	0	0	0	0
AF	0	0.564959	50	31	19	0	0	0	0
AF	0	0.565272	46	32	14	0	0	0	0
AF	0	0.565584	84	62	22	0	0	0	0
AF	0	0.565896	70	50	20	0	0	0	0
AF	0	0.566209	43	33	10	0	0	0	0
AF	0	0.566521	53	30	23	0	0	0	0
AF	0	0.566833	52	33	19	0	0	0	0
AF	0	0.567146	52	34	18	0	0	0	0
AF	0	0.567458	67	43	24	0	0	0	0
AF	0	0.567770	42	26	16	0	0	0	0
AF	0	0.568082	72	51	21	0	0	0	0
AF	0	0.568395	103	70	33	0	0	0	0
AF	0	0.568707	66	44	22	0	0	0	0
AF	0	0.569019	69	46	23	0	0	0	0
AF	0	0.569332	74	53	21	0	0	0	0
AF	0	0.569644	45	31	14	0	0	0	0
AF	0	0.569956	58	41	17	0	0	0	0
AF	0	0.570269	45	30	15	0	0	0	0
AF	0	0.570581	46	33	13	0	0	0	0
AF	0	0.570893	41	28	13	0	0	0	0
AF	0	0.571205	42	20	22	0	0	0	0
AF	0	0.571518	45	29	16	0	0	0	0
AF	0	0.571830	48	29	19	0	0	0	0
AF	0	0.572142	44	24	20	0	0	0	0
AF	0	0.572455	70	45	25	0	0	0	0
AF	0	0.572767	59	38	21	0	0	0	0
AF	0	0.573079	52	42	10	0	0	0	0
AF	0	0.573392	85	56	29	0	0	0	0
AF	0	0.573704	51	33	18	0	0	0	0
AF	0	0.574016	44	40	4	0	0	0	0
AF	0	0.574329	60	43	17	0	0	0	0
AF	0	0.574641	45	32	13	0	0	0	0
AF	0	0.574953	35	21	14	0	0	0	0
AF	0	0.575265	47	31	16	0	0	0	0
AF	0	0.575578	37	28	9	0	0	0	0
AF	0	0.575890	45	35	10	0	0	0	0
AF	0	0.576202	53	41	12	0	0	0	0
AF	0	0.576515	50	34	16	0	0	0	0
AF	0	0.576827	29	19	10	0	0	0	0
AF	0	0.577139	33	21	12	0	0	0	0
AF	0	0.577452	39	26	13	0	0	0	0
AF	0	0.577764	38	28	10	0	0	0	0
AF	0	0.578076	51	27	24	0	0	0	0
AF	0	0.578389	42	26	16	0	0	0	0
AF	0	0.578701	44	35	9	0	0	0	0
AF	0	0.579013	42	30	12	0	0	0	0
AF	0	0.579325	36	24	12	0	0	0	0
AF	0	0.579638	58	40	18	0	0	0	0
AF	0	0.579950	45	34	11	0	0	0	0
AF	0	0.580262	43	32	11	0	0	0	0
AF	0	0.580575	43	27	16	0	0	0	0
AF	0	0.580887	44	31	13	0	0	0	0
AF	0	0.581199	41	32	9	0	0	0	0
AF	0	0.581512	29	20	9	0	0	0	0
AF	0	0.581824	33	18	15	0	0	0	0
AF	0	0.582136	45	31	14	0	0	0	0
AF	0	0.582448	55	43	12	0	0	0	0
AF	0	0.582761	46	33	13	0	0	0	0
AF	0	0.583073	59	29	30	0	0	0	0
AF	0	0.583385	40	27	13	0	0	0	0
AF	0	0.583698	45	30	15	0	0	0	0
AF	0	0.584010	50	35	15	0	0	0	0
AF	0	0.584322	45	31	14	0	0	0	0
AF	0	0.584635	37	25	12	0	0	0	0
AF	0	0.584947	48	33	15	0	0	0	0
AF	0	0.585259	33	22	11	0	0	0	0
AF	0	0.585572	45	29	16	0	0	0	0
AF	0	0.585884	33	21	12	0	0	0	0
AF	0	0.586196	37	26	11	0	0	0	0
AF	0	0.586508	48	31	17	0	0	0	0
AF	0	0.586821	57	34	23	0	0	0	0
AF	0	0.587133	58	41	17	0	0	0	0
AF	0	0.587445	61	43	18	0	0	0	0
AF	0	0.587758	39	24	15	0	0	0	0
AF	0	0.588070	65	41	24	0	0	0	0
AF	0	0.588382	77	56	21	0	0	0	0
AF	0	0.588695	76	52	24	0	0	0	0
AF	0	0.589007	85	56	29	0	0	0	0
AF	0	0.589319	44	31	13	0	0	0	0
AF	0	0.589631	50	31	19	0	0	0	0
AF	0	0.589944	60	41	19	0	0	0	0
AF	0	0.590256	54	35	19	0	0	0	0
AF	0	0.590568	41	23	18	0	0	0	0
AF	0	0.590881	43	30	13	0	0	0	0
AF	0	0.591193	50	32	18	0	0	0	0
AF	0	0.591505	42	25	17	0	0	0	0
AF	0	0.591818	39	28	11	0	0	0	0
AF	0	0.592130	50	31	19	0	0	0	0
AF	0	0.592442	54	36	18	0	0	0	0
AF	0	0.592755	43	26	17	0	0	0	0
AF	0	0.593067	65	41	24	0	0	0	0
AF	0	0.593379	62	39	23	0	0	0	0
AF	0	0.593691	57	35	22	0	0	0	0
AF	0	0.594004	58	44	14	0	0	0	0
AF	0	0.594316	59	33	26	0	0	0	0
AF	0	0.594628	30	24	6	0	0	0	0
AF	0	0.594941	39	23	16	0	0	0	0
AF	0	0.595253	35	21	14	0	0	0	0
AF	0	0.595565	39	24	15	0	0	0	0
AF	0	0.595878	30	21	9	0	0	0	0
AF	0	0.596190	48	30	18	0	0	0	0
AF	0	0.596502	29	22	7	0	0	0	0
AF	0	0.596814	50	32	18	0	0	0	0
AF	0	0.597127	58	44	14	0	0	0	0
AF	0	0.597439	44	27	17	0	0	0	0
AF	0	0.597751	40	25	15	0	0	0	0
AF	0	0.598064	46	33	13	0	0	0	0
AF	0	0.598376	47	30	17	0	0	0	0
AF	0	0.598688	49	32	17	0	0	0	0
AF	0	0.599001	39	28	11	0	0	0	0
AF	0	0.599313	38	23	15	0	0	0	0
AF	0	0.599625	50	36	14	0	0	0	0
AF	0	0.599938	45	31	14	0	0	0	0
AF	0	0.600250	44	30	14	0	0	0	0
AF	0	0.600562	34	20	14	0	0	0	0
AF	0	0.600874	47	31	16	0	0	0	0
AF	0	0.601187	46	35	11	0	0	0	0
AF	0	0.601499	45	32	13	0	0	0	0
AF	0	0.601811	46	26	20	0	0	0	0
AF	0	0.602124	52	36	16	0	0	0	0
AF	0	0.602436	40	27	13	0	0	0	0
AF	0	0.602748	42	29	13	0	0	0	0
AF	0	0.603061	34	22	12	0	0	0	0
AF	0	0.603373	75	53	22	0	0	0	0
AF	0	0.603685	53	34	19	0	0	0	0
AF	0	0.603998	60	48	12	0	0	0	0
AF	0	0.604310	51	32	19	0	0	0	0
AF	0	0.604622	51	35	16	0	0	0	0
AF	0	0.604934	83	54	29	0	0	0	0
AF	0	0.605247	46	32	14	0	0	0	0
AF	0	0.605559	61	43	18	0	0	0	0
AF	0	0.605871	52	37	15	0	0	0	0
AF	0	0.606184	54	43	11	0	0	0	0
AF	0	0.606496	31	16	15	0	0	0	0
AF	0	0.606808	47	33	14	0	0	0	0
AF	0	0.607121	36	23	13	0	0	0	0
AF	0	0.607433	50	34	16	0	0	0	0
AF	0	0.607745	52	40	12	0	0	0	0
AF	0	0.608057	50	33	17	0	0	0	0
AF	0	0.608370	77	53	24	0	0	0	0
AF	0	0.608682	38	25	13	0	0	0	0
AF	0	0.608994	44	35	9	0	0	0	0
AF	0	0.609307	28	19	9	0	0	0	0
AF	0	0.609619	41	25	16	0	0	0	0
AF	0	0.609931	24	20	4	0	0	0	0
AF	0	0.610244	39	21	18	0	0	0	0
AF	0	0.610556	48	32	16	0	0	0	0
AF	0	0.610868	39	29	10	0	0	0	0
AF	0	0.611181	33	22	11	0	0	0	0
AF	0	0.611493	41	29	12	0	0	0	0
AF	0	0.611805	55	36	19	0	0	0	0
AF	0	0.612117	37	26	11	0	0	0	0
AF	0	0.612430	50	35	15	0	0	0	0
AF	0	0.612742	37	27	10	0	0	0	0
AF	0	0.613054	40	26	14	0	0	0	0
AF	0	0.613367	25	14	11	0	0	0	0
AF	0	0.613679	54	37	17	0	0	0	0
AF	0	0.613991	41	32	9	0	0	0	0
AF	0	0.614304	39	26	13	0	0	0	0
AF	0	0.614616	42	27	15	0	0	0	0
AF	0	0.614928	31	20	11	0	0	0	0
AF	0	0.615240	33	26	7	0	0	0	0
AF	0	0.615553	43	35	8	0	0	0	0
AF	0	0.615865	46	32	14	0	0	0	0
AF	0	0.616177	30	19	11	0	0	0	0
AF	0	0.616490	42	22	20	0	0	0	0
AF	0	0.616802	46	33	13	0	0	0	0
AF	0	0.617114	54	36	18	0	0	0	0
AF	0	0.617427	46	29	17	0	0	0	0
AF	0	0.617739	47	27	20	0	0	0	0
AF	0	0.618051	67	50	17	0	0	0	0
AF	0	0.618364	49	37	12	0	0	0	0
AF	0	0.618676	52	39	13	0	0	0	0
AF	0	0.618988	54	37	17	0	0	0	0
AF	0	0.619300	52	39	13	0	0	0	0
AF	0	0.619613	43	23	20	0	0	0	0
AF	0	0.619925	39	21	18	0	0	0	0
AF	0	0.620237	33	20	13	0	0	0	0
AF	0	0.620550	56	40	16	0	0	0	0
AF	0	0.620862	45	30	15	0	0	0	0
AF	0	0.621174	47	35	12	0	0	0	0
AF	0	0.621487	44	33	11	0	0	0	0
AF	0	0.621799	40	26	14	0	0	0	0
AF	0	0.622111	56	36	20	0	0	0	0
AF	0	0.622423	44	32	12	0	0	0	0
AF	0	0.622736	23	19	4	0	0	0	0
AF	0	0.623048	40	24	16	0	0	0	0
AF	0	0.623360	44	27	17	0	0	0	0
AF	0	0.623673	33	20	13	0	0	0	0
AF	0	0.623985	47	35	12	0	0	0	0
AF	0	0.624297	38	28	10	0	0	0	0
AF	0	0.624610	47	35	12	0	0	0	0
AF	0	0.624922	34	22	12	0	0	0	0
AF	0	0.625234	37	26	11	0	0	0	0
AF	0	0.625547	38	28	10	0	0	0	0
AF	0	0.625859	35	23	12	0	0	0	0
AF	0	0.626171	34	22	12	0	0	0	0
AF	0	0.626483	60	42	18	0	0	0	0
AF	0	0.626796	49	35	14	0	0	0	0
AF	0	0.627108	45	34	11	0	0	0	0
AF	0	0.627420	38	28	10	0	0	0	0
AF	0	0.627733	55	43	12	0	0	0	0
AF	0	0.628045	41	26	15	0	0	0	0
AF	0	0.628357	50	33	17	0	0	0	0
AF	0	0.628670	61	41	20	0	0	0	0
AF	0	0.628982	43	29	14	0	0	0	0
AF	0	0.629294	31	21	10	0	0	0	0
AF	0	0.629606	49	31	18	0	0	0	0
AF	0	0.629919	27	23	4	0	0	0	0
AF	0	0.630231	57	35	22	0	0	0	0
AF	0	0.630543	43	29	14	0	0	0	0
AF	0	0.630856	40	27	13	0	0	0	0
AF	0	0.631168	36	27	9	0	0	0	0
AF	0	0.631480	41	28	13	0	0	0	0
AF	0	0.631793	51	35	16	0	0	0	0
AF	0	0.632105	46	37	9	0	0	0	0
AF	0	0.632417	41	25	16	0	0	0	0
AF	0	0.632730	34	25	9	0	0	0	0
AF	0	0.633042	28	19	9	0	0	0	0
AF	0	0.633354	36	21	15	0	0	0	0
AF	0	0.633666	37	24	13	0	0	0	0
AF	0	0.633979	39	30	9	0	0	0	0
AF	0	0.634291	33	24	9	0	0	0	0
AF	0	0.634603	39	24	15	0	0	0	0
AF	0	0.634916	49	39	10	0	0	0	0
AF	0	0.635228	45	27	18	0	0	0	0
AF	0	0.635540	55	30	25	0	0	0	0
AF	0	0.635853	32	17	15	0	0	0	0
AF	0	0.636165	35	26	9	0	0	0	0
AF	0	0.636477	42	31	11	0	0	0	0
AF	0	0.636790	38	24	14	0	0	0	0
AF	0	0.637102	30	21	9	0	0	0	0
AF	0	0.637414	56	38	18	0	0	0	0
AF	0	0.637726	46	33	13	0	0	0	0
AF	0	0.638039	42	27	15	0	0	0	0
AF	0	0.638351	50	39	11	0	0	0	0
AF	0	0.638663	27	18	9	0	0	0	0
AF	0	0.638976	29	27	2	0	0	0	0
AF	0	0.639288	35	22	13	0	0	0	0
AF	0	0.639600	29	18	11	0	0	0	0
AF	0	0.639913	34	22	12	0	0	0	0
AF	0	0.640225	40	28	12	0	0	0	0
AF	0	0.640537	36	24	12	0	0	0	0
AF	0	0.640849	31	21	10	0	0	0	0
AF	0	0.641162	39	28	11	0	0	0	0
AF	0	0.641474	47	31	16	0	0	0	0
AF	0	0.641786	41	33	8	0	0	0	0
AF	0	0.642099	87	53	34	0	0	0	0
AF	0	0.642411	42	30	12	0	0	0	0
AF	0	0.642723	38	26	12	0	0	0	0
AF	0	0.643036	41	28	13	0	0	0	0
AF	0	0.643348	33	23	10	0	0	0	0
AF	0	0.643660	23	17	6	0	0	0	0
AF	0	0.643973	38	29	9	0	0	0	0
AF	0	0.644285	26	17	9	0	0	0	0
AF	0	0.644597	34	22	12	0	0	0	0
AF	0	0.644909	43	33	10	0	0	0	0
AF	0	0.645222	58	41	17	0	0	0	0
AF	0	0.645534	34	28	6	0	0	0	0
AF	0	0.645846	41	25	16	0	0	0	0
AF	0	0.646159	50	30	20	0	0	0	0
AF	0	0.646471	18	13	5	0	0	0	0
AF	0	0.646783	34	24	10	0	0	0	0
AF	0	0.647096	28	17	11	0	0	0	0
AF	0	0.647408	24	20	4	0	0	0	0
AF	0	0.647720	30	19	11	0	0	0	0
AF	0	0.648032	41	27	14	0	0	0	0
AF	0	0.648345	37	25	12	0	0	0	0
AF	0	0.648657	43	27	16	0	0	0	0
AF	0	0.648969	42	28	14	0	0	0	0
AF	0	0.649282	45	30	15	0	0	0	0
AF	0	0.649594	47	32	15	0	0	0	0
AF	0	0.649906	31	19	12	0	0	0	0
AF	0	0.650219	31	20	11	0	0	0	0
AF	0	0.650531	38	28	10	0	0	0	0
AF	0	0.650843	33	23	10	0	0	0	0
AF	0	0.651156	28	17	11	0	0	0	0
AF	0	0.651468	34	20	14	0	0	0	0
AF	0	0.651780	33	21	12	0	0	0	0
AF	0	0.652092	21	16	5	0	0	0	0
AF	0	0.652405	34	25	9	0	0	0	0
AF	0	0.652717	20	15	5	0	0	0	0
AF	0	0.653029	41	24	17	0	0	0	0
AF	0	0.653342	37	27	10	0	0	0	0
AF	0	0.653654	35	19	16	0	0	0	0
AF	0	0.653966	39	25	14	0	0	0	0
AF	0	0.654279	56	34	22	0	0	0	0
AF	0	0.654591	35	26	9	0	0	0	0
AF	0	0.654903	53	36	17	0	0	0	0
AF	0	0.655215	55	39	16	0	0	0	0
AF	0	0.655528	45	29	16	0	0	0	0
AF	0	0.655840	35	24	11	0	0	0	0
AF	0	0.656152	45	30	15	0	0	0	0
AF	0	0.656465	56	35	21	0	0	0	0
AF	0	0.656777	42	28	14	0	0	0	0
AF	0	0.657089	47	30	17	0	0	0	0
AF	0	0.657402	36	25	11	0	0	0	0
AF	0	0.657714	23	18	5	0	0	0	0
AF	0	0.658026	29	20	9	0	0	0	0
AF	0	0.658339	41	25	16	0	0	0	0
AF	0	0.658651	38	22	16	0	0	0	0
AF	0	0.658963	41	30	11	0	0	0	0
AF	0	0.659275	44	32	12	0	0	0	0
AF	0	0.659588	40	28	12	0	0	0	0
AF	0	0.659900	31	22	9	0	0	0	0
AF	0	0.660212	36	21	15	0	0	0	0
AF	0	0.660525	42	30	12	0	0	0	0
AF	0	0.660837	37	28	9	0	0	0	0
AF	0	0.661149	65	51	14	0	0	0	0
AF	0	0.661462	73	40	33	0	0	0	0
AF	0	0.661774	35	20	15	0	0	0	0
AF	0	0.662086	43	34	9	0	0	0	0
AF	0	0.662399	35	25	10	0	0	0	0
AF	0	0.662711	41	26	15	0	0	0	0
AF	0	0.663023	37	27	10	0	0	0	0
AF	0	0.663335	50	37	13	0	0	0	0
AF	0	0.663648	38	25	13	0	0	0	0
AF	0	0.663960	35	23	12	0	0	0	0
AF	0	0.664272	50	38	12	0	0	0	0
AF	0	0.664585	37	21	16	0	0	0	0
AF	0	0.664897	42	32	10	0	0	0	0
AF	0	0.665209	39	25	14	0	0	0	0
AF	0	0.665522	29	14	15	0	0	0	0
AF	0	0.665834	36	22	14	0	0	0	0
AF	0	0.666146	44	31	13	0	0	0	0
AF	0	0.666458	40	27	13	0	0	0	0
AF	0	0.666771	42	29	13	0	0	0	0
AF	0	0.667083	58	41	17	0	0	0	0
AF	0	0.667395	33	20	13	0	0	0	0
AF	0	0.667708	45	29	16	0	0	0	0
AF	0	0.668020	41	25	16	0	0	0	0
AF	0	0.668332	50	32	18	0	0	0	0
AF	0	0.668645	38	26	12	0	0	0	0
AF	0	0.668957	34	22	12	0	0	0	0
AF	0	0.669269	30	23	7	0	0	0	0
AF	0	0.669582	31	21	10	0	0	0	0
AF	0	0.669894	29	20	9	0	0	0	0
AF	0	0.670206	30	23	7	0	0	0	0
AF	0	0.670518	49	31	18	0	0	0	0
AF	0	0.670831	27	17	10	0	0	0	0
AF	0	0.671143	35	21	14	0	0	0	0
AF	0	0.671455	41	24	17	0	0	0	0
AF	0	0.671768	35	23	12	0	0	0	0
AF	0	0.672080	38	26	12	0	0	0	0
AF	0	0.672392	44	30	14	0	0	0	0
AF	0	0.672705	45	32	13	0	0	0	0
AF	0	0.673017	34	23	11	0	0	0	0
AF	0	0.673329	40	28	12	0	0	0	0
AF	0	0.673641	27	19	8	0	0	0	0
AF	0	0.673954	46	32	14	0	0	0	0
AF	0	0.674266	30	18	12	0	0	0	0
AF	0	0.674578	39	23	16	0	0	0	0
AF	0	0.674891	32	20	12	0	0	0	0
AF	0	0.675203	29	19	10	0	0	0	0
AF	0	0.675515	41	25	16	0	0	0	0
AF	0	0.675828	49	33	16	0	0	0	0
AF	0	0.676140	43	31	12	0	0	0	0
AF	0	0.676452	41	27	14	0	0	0	0
AF	0	0.676765	41	28	13	0	0	0	0
AF	0	0.677077	37	23	14	0	0	0	0
AF	0	0.677389	43	34	9	0	0	0	0
AF	0	0.677701	33	22	11	0	0	0	0
AF	0	0.678014	43	29	14	0	0	0	0
AF	0	0.678326	48	33	15	0	0	0	0
AF	0	0.678638	61	40	21	0	0	0	0
AF	0	0.678951	72	43	29	0	0	0	0
AF	0	0.679263	48	33	15	0	0	0	0
AF	0	0.679575	36	24	12	0	0	0	0
AF	0	0.679888	32	20	12	0	0	0	0
AF	0	0.680200	30	24	6	0	0	0	0
AF	0	0.680512	39	27	12	0	0	0	0
AF	0	0.680824	37	26	11	0	0	0	0
AF	0	0.681137	40	24	16	0	0	0	0
AF	0	0.681449	40	31	9	0	0	0	0
AF	0	0.681761	31	20	11	0	0	0	0
AF	0	0.682074	36	24	12	0	0	0	0
AF	0	0.682386	42	24	18	0	0	0	0
AF	0	0.682698	24	18	6	0	0	0	0
AF	0	0.683011	35	19	16	0	0	0	0
AF	0	0.683323	43	32	11	0	0	0	0
AF	0	0.683635	30	21	9	0	0	0	0
AF	0	0.683948	29	17	12	0	0	0	0
AF	0	0.684260	36	30	6	0	0	0	0
AF	0	0.684572	36	28	8	0	0	0	0
AF	0	0.684884	36	24	12	0	0	0	0
AF	0	0.685197	39	25	14	0	0	0	0
AF	0	0.685509	32	22	10	0	0	0	0
AF	0	0.685821	24	14	10	0	0	0	0
AF	0	0.686134	33	26	7	0	0	0	0
AF	0	0.686446	36	22	14	0	0	0	0
AF	0	0.686758	31	23	8	0	0	0	0
AF	0	0.687071	40	25	15	0	0	0	0
AF	0	0.687383	34	19	15	0	0	0	0
AF	0	0.687695	32	20	12	0	0	0	0
AF	0	0.688007	28	18	10	0	0	0	0
AF	0	0.688320	37	28	9	0	0	0	0
AF	0	0.688632	39	30	9	0	0	0	0
AF	0	0.688944	27	17	10	0	0	0	0
AF	0	0.689257	37	21	16	0	0	0	0
AF	0	0.689569	39	30	9	0	0	0	0
AF	0	0.689881	31	26	5	0	0	0	0
AF	0	0.690194	41	27	14	0	0	0	0
AF	0	0.690506	27	18	9	0	0	0	0
AF	0	0.690818	44	28	16	0	0	0	0
AF	0	0.691131	41	24	17	0	0	0	0
AF	0	0.691443	55	36	19	0	0	0	0
AF	0	0.691755	47	25	22	0	0	0	0
AF	0	0.692067	42	29	13	0	0	0	0
AF	0	0.692380	39	25	14	0	0	0	0
AF	0	0.692692	32	20	12	0	0	0	0
AF	0	0.693004	38	27	11	0	0	0	0
AF	0	0.693317	25	20	5	0	0	0	0
AF	0	0.693629	41	30	11	0	0	0	0
AF	0	0.693941	35	15	20	0	0	0	0
AF	0	0.694254	33	21	12	0	0	0	0
AF	0	0.694566	38	26	12	0	0	0	0
AF	0	0.694878	29	18	11	0	0	0	0
AF	0	0.695191	30	23	7	0	0	0	0
AF	0	0.695503	44	32	12	0	0	0	0
AF	0	0.695815	28	22	6	0	0	0	0
AF	0	0.696127	35	29	6	0	0	0	0
AF	0	0.696440	56	41	15	0	0	0	0
AF	0	0.696752	38	26	12	0	0	0	0
AF	0	0.697064	27	15	12	0	0	0	0
AF	0	0.697377	25	16	9	0	0	0	0
AF	0	0.697689	20	12	8	0	0	0	0
AF	0	0.698001	36	20	16	0	0	0	0
AF	0	0.698314	25	20	5	0	0	0	0
AF	0	0.698626	35	23	12	0	0	0	0
AF	0	0.698938	36	23	13	0	0	0	0
AF	0	0.699250	37	24	13	0	0	0	0
AF	0	0.699563	29	19	10	0	0	0	0
AF	0	0.699875	41	26	15	0	0	0	0
AF	0	0.700187	44	26	18	0	0	0	0
AF	0	0.700500	23	13	10	0	0	0	0
AF	0	0.700812	26	19	7	0	0	0	0
AF	0	0.701124	42	20	22	0	0	0	0
AF	0	0.701437	37	24	13	0	0	0	0
AF	0	0.701749	29	23	6	0	0	0	0
AF	0	0.702061	39	20	19	0	0	0	0
AF	0	0.702374	28	17	11	0	0	0	0
AF	0	0.702686	42	28	14	0	0	0	0
AF	0	0.702998	41	27	14	0	0	0	0
AF	0	0.703310	39	24	15	0	0	0	0
AF	0	0.703623	32	20	12	0	0	0	0
AF	0	0.703935	36	25	11	0	0	0	0
AF	0	0.704247	34	20	14	0	0	0	0
AF	0	0.704560	36	26	10	0	0	0	0
AF	0	0.704872	47	32	15	0	0	0	0
AF	0	0.705184	45	31	14	0	0	0	0
AF	0	0.705497	52	38	14	0	0	0	0
AF	0	0.705809	63	40	23	0	0	0	0
AF	0	0.706121	30	18	12	0	0	0	0
AF	0	0.706433	31	19	12	0	0	0	0
AF	0	0.706746	27	16	11	0	0	0	0
AF	0	0.707058	28	19	9	0	0	0	0
AF	0	0.707370	35	19	16	0	0	0	0
AF	0	0.707683	31	18	13	0	0	0	0
AF	0	0.707995	37	22	15	0	0	0	0
AF	0	0.708307	35	23	12	0	0	0	0
AF	0	0.708620	32	26	6	0	0	0	0
AF	0	0.708932	31	23	8	0	0	0	0
AF	0	0.709244	50	33	17	0	0	0	0
AF	0	0.709557	48	29	19	0	0	0	0
AF	0	0.709869	41	30	11	0	0	0	0
AF	0	0.710181	31	24	7	0	0	0	0
AF	0	0.710493	37	27	10	0	0	0	0
AF	0	0.710806	27	22	5	0	0	0	0
AF	0	0.711118	30	21	9	0	0	0	0
AF	0	0.711430	42	29	13	0	0	0	0
AF	0	0.711743	54	36	18	0	0	0	0
AF	0	0.712055	63	38	25	0	0	0	0
AF	0	0.712367	49	34	15	0	0	0	0
AF	0	0.712680	34	21	13	0	0	0	0
AF	0	0.712992	27	19	8	0	0	0	0
AF	0	0.713304	41	28	13	0	0	0	0
AF	0	0.713616	58	42	16	0	0	0	0
AF	0	0.713929	41	28	13	0	0	0	0
AF	0	0.714241	52	38	14	0	0	0	0
AF	0	0.714553	32	21	11	0	0	0	0
AF	0	0.714866	39	24	15	0	0	0	0
AF	0	0.715178	29	18	11	0	0	0	0
AF	0	0.715490	35	23	12	0	0	0	0
AF	0	0.715803	35	20	15	0	0	0	0
AF	0	0.716115	37	20	17	0	0	0	0
AF	0	0.716427	33	22	11	0	0	0	0
AF	0	0.716740	40	27	13	0	0	0	0
AF	0	0.717052	43	30	13	0	0	0	0
AF	0	0.717364	52	31	21	0	0	0	0
AF	0	0.717676	37	24	13	0	0	0	0
AF	0	0.717989	28	20	8	0	0	0	0
AF	0	0.718301	36	25	11	0	0	0	0
AF	0	0.718613	36	24	12	0	0	0	0
AF	0	0.718926	52	37	15	0	0	0	0
AF	0	0.719238	47	33	14	0	0	0	0
AF	0	0.719550	39	32	7	0	0	0	0
AF	0	0.719863	43	24	19	0	0	0	0
AF	0	0.720175	42	28	14	0	0	0	0
AF	0	0.720487	37	27	10	0	0	0	0
AF	0	0.720800	29	20	9	0	0	0	0
AF	0	0.721112	24	15	9	0	0	0	0
AF	0	0.721424	41	31	10	0	0	0	0
AF	0	0.721736	31	21	10	0	0	0	0
AF	0	0.722049	40	22	18	0	0	0	0
AF	0	0.722361	38	26	12	0	0	0	0
AF	0	0.722673	32	22	10	0	0	0	0
AF	0	0.722986	44	30	14	0	0	0	0
AF	0	0.723298	41	21	20	0	0	0	0
AF	0	0.723610	29	17	12	0	0	0	0
AF	0	0.723923	34	18	16	0	0	0	0
AF	0	0.724235	60	43	17	0	0	0	0
AF	0	0.724547	41	34	7	0	0	0	0
AF	0	0.724859	51	34	17	0	0	0	0
AF	0	0.725172	40	31	9	0	0	0	0
AF	0	0.725484	38	28	10	0	0	0	0
AF	0	0.725796	40	30	10	0	0	0	0
AF	0	0.726109	61	37	24	0	0	0	0
AF	0	0.726421	41	33	8	0	0	0	0
AF	0	0.726733	50	35	15	0	0	0	0
AF	0	0.727046	48	28	20	0	0	0	0
AF	0	0.727358	33	19	14	0	0	0	0
AF	0	0.727670	36	20	16	0	0	0	0
AF	0	0.727983	37	30	7	0	0	0	0
AF	0	0.728295	33	22	11	0	0	0	0
AF	0	0.728607	34	26	8	0	0	0	0
AF	0	0.728919	43	29	14	0	0	0	0
AF	0	0.729232	36	24	12	0	0	0	0
AF	0	0.729544	56	40	16	0	0	0	0
AF	0	0.729856	47	30	17	0	0	0	0
AF	0	0.730169	41	27	14	0	0	0	0
AF	0	0.730481	37	25	12	0	0	0	0
AF	0	0.730793	49	32	17	0	0	0	0
AF	0	0.731106	56	36	20	0	0	0	0
AF	0	0.731418	37	26	11	0	0	0	0
AF	0	0.731730	33	20	13	0	0	0	0
AF	0	0.732042	36	28	8	0	0	0	0
AF	0	0.732355	45	32	13	0	0	0	0
AF	0	0.732667	59	34	25	0	0	0	0
AF	0	0.732979	36	25	11	0	0	0	0
AF	0	0.733292	36	26	10	0	0	0	0
AF	0	0.733604	17	14	3	0	0	0	0
AF	0	0.733916	45	30	15	0	0	0	0
AF	0	0.734229	31	23	8	0	0	0	0
AF	0	0.734541	42	29	13	0	0	0	0
AF	0	0.734853	46	34	12	0	0	0	0
AF	0	0.735166	52	28	24	0	0	0	0
AF	0	0.735478	63	43	20	0	0	0	0
AF	0	0.735790	50	34	16	0	0	0	0
AF	0	0.736102	40	26	14	0	0	0	0
AF	0	0.736415	50	33	17	0	0	0	0
AF	0	0.736727	32	22	10	0	0	0	0
AF	0	0.737039	25	15	10	0	0	0	0
AF	0	0.737352	39	28	11	0	0	0	0
AF	0	0.737664	46	36	10	0	0	0	0
AF	0	0.737976	45	33	12	0	0	0	0
AF	0	0.738289	39	27	12	0	0	0	0
AF	0	0.738601	43	28	15	0	0	0	0
AF	0	0.738913	40	25	15	0	0	0	0
AF	0	0.739225	47	39	8	0	0	0	0
AF	0	0.739538	25	18	7	0	0	0	0
AF	0	0.739850	30	26	4	0	0	0	0
AF	0	0.740162	19	13	6	0	0	0	0
AF	0	0.740475	38	24	14	0	0	0	0
AF	0	0.740787	35	22	13	0	0	0	0
AF	0	0.741099	25	18	7	0	0	0	0
AF	0	0.741412	23	17	6	0	0	0	0
AF	0	0.741724	34	28	6	0	0	0	0
AF	0	0.742036	38	30	8	0	0	0	0
AF	0	0.742349	34	27	7	0	0	0	0
AF	0	0.742661	33	27	6	0	0	0	0
AF	0	0.742973	23	19	4	0	0	0	0
AF	0	0.743285	40	28	12	0	0	0	0
AF	0	0.743598	45	33	12	0	0	0	0
AF	0	0.743910	29	17	12	0	0	0	0
AF	0	0.744222	39	20	19	0	0	0	0
AF	0	0.744535	35	22	13	0	0	0	0
AF	0	0.744847	41	31	10	0	0	0	0
AF	0	0.745159	42	33	9	0	0	0	0
AF	0	0.745472	41	28	13	0	0	0	0
AF	0	0.745784	45	31	14	0	0	0	0
AF	0	0.746096	33	22	11	0	0	0	0
AF	0	0.746408	37	22	15	0	0	0	0
AF	0	0.746721	41	27	14	0	0	0	0
AF	0	0.747033	25	17	8	0	0	0	0
AF	0	0.747345	48	37	11	0	0	0	0
AF	0	0.747658	42	29	13	0	0	0	0
AF	0	0.747970	33	25	8	0	0	0	0
AF	0	0.748282	30	20	10	0	0	0	0
AF	0	0.748595	53	37	16	0	0	0	0
AF	0	0.748907	32	24	8	0	0	0	0
AF	0	0.749219	27	13	14	0	0	0	0
AF	0	0.749532	38	21	17	0	0	0	0
AF	0	0.749844	31	19	12	0	0	0	0
AF	0	0.750156	40	30	10	0	0	0	0
AF	0	0.750468	23	12	11	0	0	0	0
AF	0	0.750781	31	23	8	0	0	0	0
AF	0	0.751093	36	22	14	0	0	0	0
AF	0	0.751405	32	23	9	0	0	0	0
AF	0	0.751718	56	31	25	0	0	0	0
AF	0	0.752030	38	26	12	0	0	0	0
AF	0	0.752342	27	21	6	0	0	0	0
AF	0	0.752655	35	22	13	0	0	0	0
AF	0	0.752967	22	16	6	0	0	0	0
AF	0	0.753279	25	16	9	0	0	0	0
AF	0	0.753592	31	18	13	0	0	0	0
AF	0	0.753904	42	29	13	0	0	0	0
AF	0	0.754216	24	17	7	0	0	0	0
AF	0	0.754528	31	22	9	0	0	0	0
AF	0	0.754841	25	17	8	0	0	0	0
AF	0	0.755153	51	38	13	0	0	0	0
AF	0	0.755465	30	16	14	0	0	0	0
AF	0	0.755778	29	17	12	0	0	0	0
AF	0	0.756090	30	21	9	0	0	0	0
AF	0	0.756402	38	26	12	0	0	0	0
AF	0	0.756715	27	18	9	0	0	0	0
AF	0	0.757027	21	15	6	0	0	0	0
AF	0	0.757339	41	25	16	0	0	0	0
AF	0	0.757651	39	28	11	0	0	0	0
AF	0	0.757964	35	18	17	0	0	0	0
AF	0	0.758276	29	22	7	0	0	0	0
AF	0	0.758588	28	18	10	0	0	0	0
AF	0	0.758901	37	30	7	0	0	0	0
AF	0	0.759213	34	22	12	0	0	0	0
AF	0	0.759525	37	28	9	0	0	0	0
AF	0	0.759838	39	30	9	0	0	0	0
AF	0	0.760150	23	14	9	0	0	0	0
AF	0	0.760462	37	26	11	0	0	0	0
AF	0	0.760775	48	32	16	0	0	0	0
AF	0	0.761087	32	20	12	0	0	0	0
AF	0	0.761399	45	30	15	0	0	0	0
AF	0	0.761711	28	20	8	0	0	0	0
AF	0	0.762024	44	28	16	0	0	0	0
AF	0	0.762336	41	29	12	0	0	0	0
AF	0	0.762648	26	19	7	0	0	0	0
AF	0	0.762961	31	17	14	0	0	0	0
AF	0	0.763273	35	18	17	0	0	0	0
AF	0	0.763585	37	24	13	0	0	0	0
AF	0	0.763898	34	23	11	0	0	0	0
AF	0	0.764210	45	30	15	0	0	0	0
AF	0	0.764522	32	24	8	0	0	0	0
AF	0	0.764834	52	35	17	0	0	0	0
AF	0	0.765147	59	44	15	0	0	0	0
AF	0	0.765459	30	20	10	0	0	0	0
AF	0	0.765771	19	15	4	0	0	0	0
AF	0	0.766084	31	18	13	0	0	0	0
AF	0	0.766396	42	30	12	0	0	0	0
AF	0	0.766708	39	24	15	0	0	0	0
AF	0	0.767021	47	30	17	0	0	0	0
AF	0	0.767333	32	23	9	0	0	0	0
AF	0	0.767645	23	18	5	0	0	0	0
AF	0	0.767958	28	17	11	0	0	0	0
AF	0	0.768270	43	30	13	0	0	0	0
AF	0	0.768582	29	16	13	0	0	0	0
AF	0	0.768894	24	14	10	0	0	0	0
AF	0	0.769207	29	23	6	0	0	0	0
AF	0	0.769519	25	18	7	0	0	0	0
AF	0	0.769831	31	17	14	0	0	0	0
AF	0	0.770144	38	22	16	0	0	0	0
AF	0	0.770456	53	28	25	0	0	0	0
AF	0	0.770768	45	27	18	0	0	0	0
AF	0	0.771081	36	26	10	0	0	0	0
AF	0	0.771393	39	27	12	0	0	0	0
AF	0	0.771705	42	31	11	0	0	0	0
AF	0	0.772017	31	23	8	0	0	0	0
AF	0	0.772330	30	19	11	0	0	0	0
AF	0	0.772642	32	15	17	0	0	0	0
AF	0	0.772954	49	28	21	0	0	0	0
AF	0	0.773267	36	24	12	0	0	0	0
AF	0	0.773579	34	22	12	0	0	0	0
AF	0	0.773891	35	29	6	0	0	0	0
AF	0	0.774204	31	25	6	0	0	0	0
AF	0	0.774516	36	19	17	0	0	0	0
AF	0	0.774828	17	11	6	0	0	0	0
AF	0	0.775141	25	20	5	0	0	0	0
AF	0	0.775453	32	23	9	0	0	0	0
AF	0	0.775765	33	23	10	0	0	0	0
AF	0	0.776077	38	32	6	0	0	0	0
AF	0	0.776390	31	15	16	0	0	0	0
AF	0	0.776702	35	29	6	0	0	0	0
AF	0	0.777014	29	14	15	0	0	0	0
AF	0	0.777327	33	25	8	0	0	0	0
AF	0	0.777639	32	23	9	0	0	0	0
AF	0	0.777951	37	21	16	0	0	0	0
AF	0	0.778264	26	21	5	0	0	0	0
AF	0	0.778576	25	18	7	0	0	0	0
AF	0	0.778888	22	15	7	0	0	0	0
AF	0	0.779200	21	14	7	0	0	0	0
AF	0	0.779513	33	22	11	0	0	0	0
AF	0	0.779825	66	39	27	0	0	0	0
AF	0	0.780137	37	24	13	0	0	0	0
AF	0	0.780450	24	15	9	0	0	0	0
AF	0	0.780762	39	31	8	0	0	0	0
AF	0	0.781074	50	31	19	0	0	0	0
AF	0	0.781387	44	30	14	0	0	0	0
AF	0	0.781699	34	21	13	0	0	0	0
AF	0	0.782011	38	25	13	0	0	0	0
AF	0	0.782324	37	24	13	0	0	0	0
AF	0	0.782636	26	14	12	0	0	0	0
AF	0	0.782948	59	49	10	0	0	0	0
AF	0	0.783260	50	31	19	0	0	0	0
AF	0	0.783573	59	45	14	0	0	0	0
AF	0	0.783885	62	38	24	0	0	0	0
AF	0	0.784197	68	49	19	0	0	0	0
AF	0	0.784510	34	24	10	0	0	0	0
AF	0	0.784822	30	17	13	0	0	0	0
AF	0	0.785134	42	31	11	0	0	0	0
AF	0	0.785447	50	34	16	0	0	0	0
AF	0	0.785759	35	25	10	0	0	0	0
AF	0	0.786071	35	23	12	0	0	0	0
AF	0	0.786384	21	7	14	0	0	0	0
AF	0	0.786696	30	23	7	0	0	0	0
AF	0	0.787008	47	27	20	0	0	0	0
AF	0	0.787320	53	39	14	0	0	0	0
AF	0	0.787633	34	24	10	0	0	0	0
AF	0	0.787945	39	28	11	0	0	0	0
AF	0	0.788257	54	31	23	0	0	0	0
AF	0	0.788570	40	29	11	0	0	0	0
AF	0	0.788882	34	25	9	0	0	0	0
AF	0	0.789194	33	23	10	0	0	0	0
AF	0	0.789507	34	30	4	0	0	0	0
AF	0	0.789819	48	34	14	0	0	0	0
AF	0	0.790131	43	28	15	0	0	0	0
AF	0	0.790443	38	30	8	0	0	0	0
AF	0	0.790756	39	23	16	0	0	0	0
AF	0	0.791068	62	35	27	0	0	0	0
AF	0	0.791380	33	26	7	0	0	0	0
AF	0	0.791693	24	18	6	0	0	0	0
AF	0	0.792005	44	31	13	0	0	0	0
AF	0	0.792317	26	22	4	0	0	0	0
AF	0	0.792630	20	14	6	0	0	0	0
AF	0	0.792942	38	25	13	0	0	0	0
AF	0	0.793254	32	26	6	0	0	0	0
AF	0	0.793567	47	22	25	0	0	0	0
AF	0	0.793879	29	24	5	0	0	0	0
AF	0	0.794191	27	17	10	0	0	0	0
AF	0	0.794503	32	20	12	0	0	0	0
AF	0	0.794816	43	25	18	0	0	0	0
AF	0	0.795128	71	47	24	0	0	0	0
AF	0	0.795440	37	27	10	0	0	0	0
AF	0	0.795753	70	47	23	0	0	0	0
AF	0	0.796065	38	28	10	0	0	0	0
AF	0	0.796377	35	24	11	0	0	0	0
AF	0	0.796690	21	12	9	0	0	0	0
AF	0	0.797002	38	21	17	0	0	0	0
AF	0	0.797314	49	28	21	0	0	0	0
AF	0	0.797626	29	13	16	0	0	0	0
AF	0	0.797939	45	31	14	0	0	0	0
AF	0	0.798251	19	15	4	0	0	0	0
AF	0	0.798563	37	18	19	0	0	0	0
AF	0	0.798876	27	17	10	0	0	0	0
AF	0	0.799188	67	49	18	0	0	0	0
AF	0	0.799500	52	32	20	0	0	0	0
AF	0	0.799813	30	20	10	0	0	0	0
AF	0	0.800125	25	17	8	0	0	0	0
AF	0	0.800437	46	31	15	0	0	0	0
AF	0	0.800750	21	12	9	0	0	0	0
AF	0	0.801062	22	16	6	0	0	0	0
AF	0	0.801374	27	18	9	0	0	0	0
AF	0	0.801686	55	36	19	0	0	0	0
AF	0	0.801999	57	34	23	0	0	0	0
AF	0	0.802311	37	28	9	0	0	0	0
AF	0	0.802623	53	37	16	0	0	0	0
AF	0	0.802936	48	30	18	0	0	0	0
AF	0	0.803248	42	29	13	0	0	0	0
AF	0	0.803560	31	20	11	0	0	0	0
AF	0	0.803873	39	27	12	0	0	0	0
AF	0	0.804185	29	17	12	0	0	0	0
AF	0	0.804497	27	16	11	0	0	0	0
AF	0	0.804809	40	27	13	0	0	0	0
AF	0	0.805122	35	19	16	0	0	0	0
AF	0	0.805434	54	32	22	0	0	0	0
AF	0	0.805746	38	24	14	0	0	0	0
AF	0	0.806059	36	21	15	0	0	0	0
AF	0	0.806371	54	39	15	0	0	0	0
AF	0	0.806683	42	29	13	0	0	0	0
AF	0	0.806996	37	29	8	0	0	0	0
AF	0	0.807308	43	33	10	0	0	0	0
AF	0	0.807620	58	40	18	0	0	0	0
AF	0	0.807933	51	36	15	0	0	0	0
AF	0	0.808245	79	54	25	0	0	0	0
AF	0	0.808557	35	26	9	0	0	0	0
AF	0	0.808869	26	17	9	0	0	0	0
AF	0	0.809182	45	29	16	0	0	0	0
AF	0	0.809494	28	23	5	0	0	0	0
AF	0	0.809806	33	24	9	0	0	0	0
AF	0	0.810119	48	32	16	0	0	0	0
AF	0	0.810431	43	31	12	0	0	0	0
AF	0	0.810743	50	32	18	0	0	0	0
AF	0	0.811056	25	23	2	0	0	0	0
AF	0	0.811368	50	27	23	0	0	0	0
AF	0	0.811680	34	19	15	0	0	0	0
AF	0	0.811993	27	21	6	0	0	0	0
AF	0	0.812305	19	14	5	0	0	0	0
AF	0	0.812617	44	26	18	0	0	0	0
AF	0	0.812929	31	16	15	0	0	0	0
AF	0	0.813242	28	18	10	0	0	0	0
AF	0	0.813554	36	25	11	0	0	0	0
AF	0	0.813866	39	25	14	0	0	0	0
AF	0	0.814179	29	19	10	0	0	0	0
AF	0	0.814491	54	40	14	0	0	0	0
AF	0	0.814803	41	25	16	0	0	0	0
AF	0	0.815116	46	29	17	0	0	0	0
AF	0	0.815428	43	28	15	0	0	0	0
AF	0	0.815740	41	32	9	0	0	0	0
AF	0	0.816052	31	24	7	0	0	0	0
AF	0	0.816365	33	20	13	0	0	0	0
AF	0	0.816677	35	18	17	0	0	0	0
AF	0	0.816989	38	30	8	0	0	0	0
AF	0	0.817302	31	20	11	0	0	0	0
AF	0	0.817614	40	32	8	0	0	0	0
AF	0	0.817926	41	28	13	0	0	0	0
AF	0	0.818239	31	18	13	0	0	0	0
AF	0	0.818551	44	30	14	0	0	0	0
AF	0	0.818863	33	17	16	0	0	0	0
AF	0	0.819176	24	17	7	0	0	0	0
AF	0	0.819488	38	25	13	0	0	0	0
AF	0	0.819800	41	29	12	0	0	0	0
AF	0	0.820112	29	25	4	0	0	0	0
AF	0	0.820425	34	21	13	0	0	0	0
AF	0	0.820737	42	25	17	0	0	0	0
AF	0	0.821049	28	21	7	0	0	0	0
AF	0	0.821362	25	20	5	0	0	0	0
AF	0	0.821674	30	22	8	0	0	0	0
AF	0	0.821986	33	26	7	0	0	0	0
AF	0	0.822299	36	24	12	0	0	0	0
AF	0	0.822611	25	18	7	0	0	0	0
AF	0	0.822923	14	5	9	0	0	0	0
AF	0	0.823235	29	20	9	0	0	0	0
AF	0	0.823548	50	36	14	0	0	0	0
AF	0	0.823860	28	22	6	0	0	0	0
AF	0	0.824172	72	44	28	0	0	0	0
AF	0	0.824485	38	31	7	0	0	0	0
AF	0	0.824797	24	13	11	0	0	0	0
AF	0	0.825109	27	21	6	0	0	0	0
AF	0	0.825422	36	25	11	0	0	0	0
AF	0	0.825734	23	17	6	0	0	0	0
AF	0	0.826046	33	23	10	0	0	0	0
AF	0	0.826359	68	49	19	0	0	0	0
AF	0	0.826671	34	25	9	0	0	0	0
AF	0	0.826983	35	21	14	0	0	0	0
AF	0	0.827295	32	26	6	0	0	0	0
AF	0	0.827608	45	35	10	0	0	0	0
AF	0	0.827920	57	38	19	0	0	0	0
AF	0	0.828232	43	26	17	0	0	0	0
AF	0	0.828545	45	28	17	0	0	0	0
AF	0	0.828857	43	35	8	0	0	0	0
AF	0	0.829169	35	23	12	0	0	0	0
AF	0	0.829482	27	17	10	0	0	0	0
AF	0	0.829794	33	23	10	0	0	0	0
AF	0	0.830106	26	19	7	0	0	0	0
AF	0	0.830418	23	15	8	0	0	0	0
AF	0	0.830731	33	23	10	0	0	0	0
AF	0	0.831043	26	16	10	0	0	0	0
AF	0	0.831355	16	11	5	0	0	0	0
AF	0	0.831668	29	20	9	0	0	0	0
AF	0	0.831980	27	17	10	0	0	0	0
AF	0	0.832292	23	14	9	0	0	0	0
AF	0	0.832605	34	27	7	0	0	0	0
AF	0	0.832917	41	33	8	0	0	0	0
AF	0	0.833229	29	18	11	0	0	0	0
AF	0	0.833542	37	26	11	0	0	0	0
AF	0	0.833854	30	15	15	0	0	0	0
AF	0	0.834166	36	29	7	0	0	0	0
AF	0	0.834478	45	28	17	0	0	0	0
AF	0	0.834791	51	30	21	0	0	0	0
AF	0	0.835103	35	24	11	0	0	0	0
AF	0	0.835415	27	16	11	0	0	0	0
AF	0	0.835728	35	25	10	0	0	0	0
AF	0	0.836040	31	22	9	0	0	0	0
AF	0	0.836352	19	10	9	0	0	0	0
AF	0	0.836665	22	17	5	0	0	0	0
AF	0	0.836977	26	20	6	0	0	0	0
AF	0	0.837289	32	17	15	0	0	0	0
AF	0	0.837601	25	21	4	0	0	0	0
AF	0	0.837914	34	25	9	0	0	0	0
AF	0	0.838226	35	27	8	0	0	0	0
AF	0	0.838538	26	17	9	0	0	0	0
AF	0	0.838851	61	37	24	0	0	0	0
AF	0	0.839163	36	27	9	0	0	0	0
AF	0	0.839475	44	28	16	0	0	0	0
AF	0	0.839788	34	24	10	0	0	0	0
AF	0	0.840100	35	25	10	0	0	0	0
AF	0	0.840412	27	17	10	0	0	0	0
AF	0	0.840725	27	16	11	0	0	0	0
AF	0	0.841037	36	27	9	0	0	0	0
AF	0	0.841349	40	29	11	0	0	0	0
AF	0	0.841661	44	22	22	0	0	0	0
AF	0	0.841974	28	17	11	0	0	0	0
AF	0	0.842286	47	30	17	0	0	0	0
AF	0	0.842598	28	15	13	0	0	0	0
AF	0	0.842911	34	27	7	0	0	0	0
AF	0	0.843223	60	40	20	0	0	0	0
AF	0	0.843535	40	27	13	0	0	0	0
AF	0	0.843848	61	42	19	0	0	0	0
AF	0	0.844160	42	23	19	0	0	0	0
AF	0	0.844472	21	10	11	0	0	0	0
AF	0	0.844785	22	12	10	0	0	0	0
AF	0	0.845097	22	17	5	0	0	0	0
AF	0	0.845409	41	26	15	0	0	0	0
AF	0	0.845721	52	28	24	0	0	0	0
AF	0	0.846034	40	26	14	0	0	0	0
AF	0	0.846346	36	19	17	0	0	0	0
AF	0	0.846658	35	25	10	0	0	0	0
AF	0	0.846971	35	21	14	0	0	0	0
AF	0	0.847283	21	15	6	0	0	0	0
AF	0	0.847595	35	29	6	0	0	0	0
AF	0	0.847908	70	44	26	0	0	0	0
AF	0	0.848220	18	15	3	0	0	0	0
AF	0	0.848532	43	29	14	0	0	0	0
AF	0	0.848844	37	20	17	0	0	0	0
AF	0	0.849157	24	16	8	0	0	0	0
AF	0	0.849469	24	16	8	0	0	0	0
AF	0	0.849781	31	20	11	0	0	0	0
AF	0	0.850094	29	20	9	0	0	0	0
AF	0	0.850406	26	19	7	0	0	0	0
AF	0	0.850718	27	20	7	0	0	0	0
AF	0	0.851031	20	14	6	0	0	0	0
AF	0	0.851343	20	14	6	0	0	0	0
AF	0	0.851655	32	23	9	0	0	0	0
AF	0	0.851968	38	24	14	0	0	0	0
AF	0	0.852280	32	21	11	0	0	0	0
AF	0	0.852592	23	18	5	0	0	0	0
AF	0	0.852904	22	14	8	0	0	0	0
AF	0	0.853217	21	11	10	0	0	0	0
AF	0	0.853529	28	20	8	0	0	0	0
AF	0	0.853841	26	22	4	0	0	0	0
AF	0	0.854154	28	20	8	0	0	0	0
AF	0	0.854466	25	19	6	0	0	0	0
AF	0	0.854778	21	16	5	0	0	0	0
AF	0	0.855091	47	30	17	0	0	0	0
AF	0	0.855403	31	20	11	0	0	0	0
AF	0	0.855715	19	12	7	0	0	0	0
AF	0	0.856027	36	24	12	0	0	0	0
AF	0	0.856340	52	32	20	0	0	0	0
AF	0	0.856652	35	22	13	0	0	0	0
AF	0	0.856964	40	30	10	0	0	0	0
AF	0	0.857277	40	28	12	0	0	0	0
AF	0	0.857589	90	49	41	0	0	0	0
AF	0	0.857901	106	71	35	0	0	0	0
AF	0	0.858214	67	42	25	0	0	0	0
AF	0	0.858526	49	31	18	0	0	0	0
AF	0	0.858838	39	26	13	0	0	0	0
AF	0	0.859151	30	18	12	0	0	0	0
AF	0	0.859463	28	21	7	0	0	0	0
AF	0	0.859775	45	26	19	0	0	0	0
AF	0	0.860087	38	25	13	0	0	0	0
AF	0	0.860400	23	15	8	0	0	0	0
AF	0	0.860712	38	25	13	0	0	0	0
AF	0	0.861024	34	21	13	0	0	0	0
AF	0	0.861337	27	20	7	0	0	0	0
AF	0	0.861649	38	26	12	0	0	0	0
AF	0	0.861961	48	35	13	0	0	0	0
AF	0	0.862274	55	31	24	0	0	0	0
AF	0	0.862586	37	25	12	0	0	0	0
AF	0	0.862898	52	34	18	0	0	0	0
AF	0	0.863210	113	72	41	0	0	0	0
AF	0	0.863523	40	28	12	0	0	0	0
AF	0	0.863835	32	20	12	0	0	0	0
AF	0	0.864147	17	14	3	0	0	0	0
AF	0	0.864460	40	23	17	0	0	0	0
AF	0	0.864772	32	21	11	0	0	0	0
AF	0	0.865084	46	30	16	0	0	0	0
AF	0	0.865397	55	39	16	0	0	0	0
AF	0	0.865709	41	23	18	0	0	0	0
AF	0	0.866021	76	48	28	0	0	0	0
AF	0	0.866334	25	16	9	0	0	0	0
AF	0	0.866646	35	27	8	0	0	0	0
AF	0	0.866958	49	34	15	0	0	0	0
AF	0	0.867270	35	20	15	0	0	0	0
AF	0	0.867583	26	13	13	0	0	0	0
AF	0	0.867895	32	18	14	0	0	0	0
AF	0	0.868207	53	37	16	0	0	0	0
AF	0	0.868520	38	26	12	0	0	0	0
AF	0	0.868832	34	23	11	0	0	0	0
AF	0	0.869144	44	29	15	0	0	0	0
AF	0	0.869457	52	35	17	0	0	0	0
AF	0	0.869769	35	25	10	0	0	0	0
AF	0	0.870081	46	29	17	0	0	0	0
AF	0	0.870394	39	28	11	0	0	0	0
AF	0	0.870706	40	31	9	0	0	0	0
AF	0	0.871018	31	23	8	0	0	0	0
AF	0	0.871330	28	19	9	0	0	0	0
AF	0	0.871643	31	23	8	0	0	0	0
AF	0	0.871955	36	30	6	0	0	0	0
AF	0	0.872267	28	19	9	0	0	0	0
AF	0	0.872580	54	35	19	0	0	0	0
AF	0	0.872892	19	13	6	0	0	0	0
AF	0	0.873204	27	17	10	0	0	0	0
AF	0	0.873517	42	30	12	0	0	0	0
AF	0	0.873829	31	18	13	0	0	0	0
AF	0	0.874141	28	24	4	0	0	0	0
AF	0	0.874453	63	44	19	0	0	0	0
AF	0	0.874766	55	27	28	0	0	0	0
AF	0	0.875078	26	19	7	0	0	0	0
AF	0	0.875390	34	26	8	0	0	0	0
AF	0	0.875703	31	18	13	0	0	0	0
AF	0	0.876015	31	19	12	0	0	0	0
AF	0	0.876327	27	21	6	0	0	0	0
AF	0	0.876640	27	10	17	0	0	0	0
AF	0	0.876952	28	16	12	0	0	0	0
AF	0	0.877264	29	16	13	0	0	0	0
AF	0	0.877577	30	23	7	0	0	0	0
AF	0	0.877889	38	27	11	0	0	0	0
AF	0	0.878201	62	46	16	0	0	0	0
AF	0	0.878513	49	30	19	0	0	0	0
AF	0	0.878826	35	25	10	0	0	0	0
AF	0	0.879138	30	23	7	0	0	0	0
AF	0	0.879450	23	15	8	0	0	0	0
AF	0	0.879763	31	15	16	0	0	0	0
AF	0	0.880075	28	20	8	0	0	0	0
AF	0	0.880387	33	22	11	0	0	0	0
AF	0	0.880700	30	22	8	0	0	0	0
AF	0	0.881012	28	25	3	0	0	0	0
AF	0	0.881324	39	29	10	0	0	0	0
AF	0	0.881636	94	61	33	0	0	0	0
AF	0	0.881949	25	19	6	0	0	0	0
AF	0	0.882261	22	15	7	0	0	0	0
AF	0	0.882573	31	22	9	0	0	0	0
AF	0	0.882886	18	11	7	0	0	0	0
AF	0	0.883198	27	20	7	0	0	0	0
AF	0	0.883510	25	13	12	0	0	0	0
AF	0	0.883823	37	28	9	0	0	0	0
AF	0	0.884135	43	26	17	0	0	0	0
AF	0	0.884447	24	13	11	0	0	0	0
AF	0	0.884760	30	15	15	0	0	0	0
AF	0	0.885072	32	18	14	0	0	0	0
AF	0	0.885384	27	16	11	0	0	0	0
AF	0	0.885696	38	29	9	0	0	0	0
AF	0	0.886009	26	15	11	0	0	0	0
AF	0	0.886321	23	12	11	0	0	0	0
AF	0	0.886633	24	16	8	0	0	0	0
AF	0	0.886946	30	21	9	0	0	0	0
AF	0	0.887258	17	15	2	0	0	0	0
AF	0	0.887570	10	7	3	0	0	0	0
AF	0	0.887883	19	12	7	0	0	0	0
AF	0	0.888195	26	19	7	0	0	0	0
AF	0	0.888507	26	21	5	0	0	0	0
AF	0	0.888819	26	20	6	0	0	0	0
AF	0	0.889132	36	25	11	0	0	0	0
AF	0	0.889444	49	38	11	0	0	0	0
AF	0	0.889756	39	31	8	0	0	0	0
AF	0	0.890069	23	14	9	0	0	0	0
AF	0	0.890381	27	16	11	0	0	0	0
AF	0	0.890693	25	15	10	0	0	0	0
AF	0	0.891006	31	22	9	0	0	0	0
AF	0	0.891318	35	22	13	0	0	0	0
AF	0	0.891630	48	38	10	0	0	0	0
AF	0	0.891943	37	23	14	0	0	0	0
AF	0	0.892255	27	15	12	0	0	0	0
AF	0	0.892567	30	19	11	0	0	0	0
AF	0	0.892879	31	23	8	0	0	0	0
AF	0	0.893192	22	13	9	0	0	0	0
AF	0	0.893504	32	26	6	0	0	0	0
AF	0	0.893816	28	17	11	0	0	0	0
AF	0	0.894129	19	15	4	0	0	0	0
AF	0	0.894441	23	17	6	0	0	0	0
AF	0	0.894753	32	22	10	0	0	0	0
AF	0	0.895066	27	18	9	0	0	0	0
AF	0	0.895378	20	10	10	0	0	0	0
AF	0	0.895690	21	9	12	0	0	0	0
AF	0	0.896002	27	18	9	0	0	0	0
AF	0	0.896315	36	26	10	0	0	0	0
AF	0	0.896627	46	34	12	0	0	0	0
AF	0	0.896939	35	29	6	0	0	0	0
AF	0	0.897252	23	13	10	0	0	0	0
AF	0	0.897564	29	17	12	0	0	0	0
AF	0	0.897876	18	12	6	0	0	0	0
AF	0	0.898189	39	24	15	0	0	0	0
AF	0	0.898501	28	15	13	0	0	0	0
AF	0	0.898813	34	22	12	0	0	0	0
AF	0	0.899126	31	21	10	0	0	0	0
AF	0	0.899438	33	23	10	0	0	0	0
AF	0	0.899750	33	22	11	0	0	0	0
AF	0	0.900062	39	25	14	0	0	0	0
AF	0	0.900375	28	23	5	0	0	0	0
AF	0	0.900687	22	12	10	0	0	0	0
AF	0	0.900999	28	24	4	0	0	0	0
AF	0	0.901312	34	24	10	0	0	0	0
AF	0	0.901624	29	20	9	0	0	0	0
AF	0	0.901936	36	23	13	0	0	0	0
AF	0	0.902249	33	26	7	0	0	0	0
AF	0	0.902561	29	21	8	0	0	0	0
AF	0	0.902873	36	26	10	0	0	0	0
AF	0	0.903186	59	33	26	0	0	0	0
AF	0	0.903498	37	23	14	0	0	0	0
AF	0	0.903810	61	42	19	0	0	0	0
AF	0	0.904122	62	45	17	0	0	0	0
AF	0	0.904435	19	13	6	0	0	0	0
AF	0	0.904747	30	23	7	0	0	0	0
AF	0	0.905059	32	19	13	0	0	0	0
AF	0	0.905372	34	22	12	0	0	0	0
AF	0	0.905684	26	18	8	0	0	0	0
AF	0	0.905996	31	21	10	0	0	0	0
AF	0	0.906309	56	39	17	0	0	0	0
AF	0	0.906621	30	23	7	0	0	0	0
AF	0	0.906933	35	25	10	0	0	0	0
AF	0	0.907245	41	31	10	0	0	0	0
AF	0	0.907558	40	23	17	0	0	0	0
AF	0	0.907870	52	34	18	0	0	0	0
AF	0	0.908182	32	25	7	0	0	0	0
AF	0	0.908495	36	24	12	0	0	0	0
AF	0	0.908807	32	20	12	0	0	0	0
AF	0	0.909119	27	18	9	0	0	0	0
AF	0	0.909432	36	19	17	0	0	0	0
AF	0	0.909744	39	29	10	0	0	0	0
AF	0	0.910056	31	23	8	0	0	0	0
AF	0	0.910369	45	33	12	0	0	0	0
AF	0	0.910681	36	22	14	0	0	0	0
AF	0	0.910993	40	27	13	0	0	0	0
AF	0	0.911305	41	29	12	0	0	0	0
AF	0	0.911618	34	27	7	0	0	0	0
AF	0	0.911930	36	24	12	0	0	0	0
AF	0	0.912242	32	21	11	0	0	0	0
AF	0	0.912555	35	26	9	0	0	0	0
AF	0	0.912867	26	20	6	0	0	0	0
AF	0	0.913179	36	21	15	0	0	0	0
AF	0	0.913492	40	30	10	0	0	0	0
AF	0	0.913804	46	32	14	0	0	0	0
AF	0	0.914116	35	24	11	0	0	0	0
AF	0	0.914428	22	17	5	0	0	0	0
AF	0	0.914741	28	17	11	0	0	0	0
AF	0	0.915053	29	22	7	0	0	0	0
AF	0	0.915365	39	27	12	0	0	0	0
AF	0	0.915678	39	25	14	0	0	0	0
AF	0	0.915990	39	30	9	0	0	0	0
AF	0	0.916302	41	26	15	0	0	0	0
AF	0	0.916615	31	25	6	0	0	0	0
AF	0	0.916927	21	13	8	0	0	0	0
AF	0	0.917239	41	23	18	0	0	0	0
AF	0	0.917552	30	19	11	0	0	0	0
AF	0	0.917864	46	36	10	0	0	0	0
AF	0	0.918176	34	26	8	0	0	0	0
AF	0	0.918488	37	25	12	0	0	0	0
AF	0	0.918801	40	33	7	0	0	0	0
AF	0	0.919113	35	22	13	0	0	0	0
AF	0	0.919425	25	22	3	0	0	0	0
AF	0	0.919738	34	23	11	0	0	0	0
AF	0	0.920050	55	43	12	0	0	0	0
AF	0	0.920362	35	20	15	0	0	0	0
AF	0	0.920675	43	25	18	0	0	0	0
AF	0	0.920987	30	20	10	0	0	0	0
AF	0	0.921299	40	27	13	0	0	0	0
AF	0	0.921611	34	23	11	0	0	0	0
AF	0	0.921924	28	20	8	0	0	0	0
AF	0	0.922236	32	19	13	0	0	0	0
AF	0	0.922548	37	20	17	0	0	0	0
AF	0	0.922861	49	32	17	0	0	0	0
AF	0	0.923173	42	27	15	0	0	0	0
AF	0	0.923485	46	31	15	0	0	0	0
AF	0	0.923798	27	17	10	0	0	0	0
AF	0	0.924110	38	26	12	0	0	0	0
AF	0	0.924422	35	21	14	0	0	0	0
AF	0	0.924735	29	23	6	0	0	0	0
AF	0	0.925047	27	18	9	0	0	0	0
AF	0	0.925359	37	26	11	0	0	0	0
AF	0	0.925671	24	20	4	0	0	0	0
AF	0	0.925984	27	21	6	0	0	0	0
AF	0	0.926296	68	38	30	0	0	0	0
AF	0	0.926608	32	24	8	0	0	0	0
AF	0	0.926921	45	28	17	0	0	0	0
AF	0	0.927233	37	25	12	0	0	0	0
AF	0	0.927545	34	21	13	0	0	0	0
AF	0	0.927858	33	21	12	0	0	0	0
AF	0	0.928170	38	33	5	0	0	0	0
AF	0	0.928482	42	33	9	0	0	0	0
AF	0	0.928795	28	17	11	0	0	0	0
AF	0	0.929107	42	29	13	0	0	0	0
AF	0	0.929419	17	9	8	0	0	0	0
AF	0	0.929731	35	21	14	0	0	0	0
AF	0	0.930044	50	32	18	0	0	0	0
AF	0	0.930356	41	28	13	0	0	0	0
AF	0	0.930668	32	20	12	0	0	0	0
AF	0	0.930981	54	37	17	0	0	0	0
AF	0	0.931293	47	27	20	0	0	0	0
AF	0	0.931605	34	22	12	0	0	0	0
AF	0	0.931918	28	18	10	0	0	0	0
AF	0	0.932230	48	31	17	0	0	0	0
AF	0	0.932542	40	24	16	0	0	0	0
AF	0	0.932854	96	65	31	0	0	0	0
AF	0	0.933167	41	28	13	0	0	0	0
AF	0	0.933479	23	13	10	0	0	0	0
AF	0	0.933791	27	17	10	0	0	0	0
AF	0	0.934104	44	32	12	0	0	0	0
AF	0	0.934416	53	34	19	0	0	0	0
AF	0	0.934728	55	40	15	0	0	0	0
AF	0	0.935041	48	33	15	0	0	0	0
AF	0	0.935353	52	30	22	0	0	0	0
AF	0	0.935665	39	30	9	0	0	0	0
AF	0	0.935978	35	16	19	0	0	0	0
AF	0	0.936290	38	26	12	0	0	0	0
AF	0	0.936602	31	20	11	0	0	0	0
AF	0	0.936914	29	26	3	0	0	0	0
AF	0	0.937227	22	16	6	0	0	0	0
AF	0	0.937539	36	24	12	0	0	0	0
AF	0	0.937851	44	34	10	0	0	0	0
AF	0	0.938164	28	20	8	0	0	0	0
AF	0	0.938476	49	42	7	0	0	0	0
AF	0	0.938788	39	23	16	0	0	0	0
AF	0	0.939101	63	43	20	0	0	0	0
AF	0	0.939413	45	34	11	0	0	0	0
AF	0	0.939725	56	40	16	0	0	0	0
AF	0	0.940037	42	25	17	0	0	0	0
AF	0	0.940350	48	35	13	0	0	0	0
AF	0	0.940662	43	27	16	0	0	0	0
AF	0	0.940974	33	24	9	0	0	0	0
AF	0	0.941287	44	33	11	0	0	0	0
AF	0	0.941599	68	47	21	0	0	0	0
AF	0	0.941911	52	33	19	0	0	0	0
AF	0	0.942224	49	41	8	0	0	0	0
AF	0	0.942536	43	30	13	0	0	0	0
AF	0	0.942848	49	28	21	0	0	0	0
AF	0	0.943161	43	32	11	0	0	0	0
AF	0	0.943473	41	24	17	0	0	0	0
AF	0	0.943785	81	56	25	0	0	0	0
AF	0	0.944097	43	36	7	0	0	0	0
AF	0	0.944410	53	35	18	0	0	0	0
AF	0	0.944722	44	30	14	0	0	0	0
AF	0	0.945034	36	24	12	0	0	0	0
AF	0	0.945347	49	40	9	0	0	0	0
AF	0	0.945659	49	33	16	0	0	0	0
AF	0	0.945971	49	29	20	0	0	0	0
AF	0	0.946284	61	46	15	0	0	0	0
AF	0	0.946596	74	47	27	0	0	0	0
AF	0	0.946908	67	41	26	0	0	0	0
AF	0	0.947220	49	29	20	0	0	0	0
AF	0	0.947533	50	39	11	0	0	0	0
AF	0	0.947845	42	27	15	0	0	0	0
AF	0	0.948157	71	45	26	0	0	0	0
AF	0	0.948470	37	28	9	0	0	0	0
AF	0	0.948782	48	30	18	0	0	0	0
AF	0	0.949094	51	35	16	0	0	0	0
AF	0	0.949407	32	23	9	0	0	0	0
AF	0	0.949719	46	29	17	0	0	0	0
AF	0	0.950031	44	26	18	0	0	0	0
AF	0	0.950344	71	49	22	0	0	0	0
AF	0	0.950656	61	46	15	0	0	0	0
AF	0	0.950968	80	49	31	0	0	0	0
AF	0	0.951280	47	35	12	0	0	0	0
AF	0	0.951593	37	26	11	0	0	0	0
AF	0	0.951905	37	25	12	0	0	0	0
AF	0	0.952217	44	28	16	0	0	0	0
AF	0	0.952530	42	29	13	0	0	0	0
AF	0	0.952842	44	30	14	0	0	0	0
AF	0	0.953154	48	37	11	0	0	0	0
AF	0	0.953467	109	65	44	0	0	0	0
AF	0	0.953779	67	53	14	0	0	0	0
AF	0	0.954091	61	43	18	0	0	0	0
AF	0	0.954403	51	38	13	0	0	0	0
AF	0	0.954716	53	34	19	0	0	0	0
AF	0	0.955028	44	30	14	0	0	0	0
AF	0	0.955340	57	35	22	0	0	0	0
AF	0	0.955653	38	32	6	0	0	0	0
AF	0	0.955965	50	33	17	0	0	0	0
AF	0	0.956277	46	29	17	0	0	0	0
AF	0	0.956590	40	33	7	0	0	0	0
AF	0	0.956902	95	65	30	0	0	0	0
AF	0	0.957214	52	40	12	0	0	0	0
AF	0	0.957527	57	40	17	0	0	0	0
AF	0	0.957839	59	44	15	0	0	0	0
AF	0	0.958151	55	30	25	0	0	0	0
AF	0	0.958463	30	23	7	0	0	0	0
AF	0	0.958776	76	49	27	0	0	0	0
AF	0	0.959088	45	35	10	0	0	0	0
AF	0	0.959400	38	24	14	0	0	0	0
AF	0	0.959713	55	43	12	0	0	0	0
AF	0	0.960025	39	23	16	0	0	0	0
AF	0	0.960337	43	29	14	0	0	0	0
AF	0	0.960650	38	25	13	0	0	0	0
AF	0	0.960962	54	36	18	0	0	0	0
AF	0	0.961274	49	32	17	0	0	0	0
AF	0	0.961587	58	37	21	0	0	0	0
AF	0	0.961899	54	36	18	0	0	0	0
AF	0	0.962211	53	37	16	0	0	0	0
AF	0	0.962523	64	44	20	0	0	0	0
AF	0	0.962836	40	29	11	0	0	0	0
AF	0	0.963148	52	35	17	0	0	0	0
AF	0	0.963460	66	34	32	0	0	0	0
AF	0	0.963773	47	34	13	0	0	0	0
AF	0	0.964085	57	43	14	0	0	0	0
AF	0	0.964397	76	53	23	0	0	0	0
AF	0	0.964710	106	75	31	0	0	0	0
AF	0	0.965022	51	39	12	0	0	0	0
AF	0	0.965334	71	50	21	0	0	0	0
AF	0	0.965646	72	49	23	0	0	0	0
AF	0	0.965959	83	55	28	0	0	0	0
AF	0	0.966271	61	43	18	0	0	0	0
AF	0	0.966583	72	57	15	0	0	0	0
AF	0	0.966896	60	47	13	0	0	0	0
AF	0	0.967208	68	48	20	0	0	0	0
AF	0	0.967520	67	38	29	0	0	0	0
AF	0	0.967833	57	31	26	0	0	0	0
AF	0	0.968145	47	33	14	0	0	0	0
AF	0	0.968457	53	34	19	0	0	0	0
AF	0	0.968770	77	60	17	0	0	0	0
AF	0	0.969082	31	20	11	0	0	0	0
AF	0	0.969394	54	40	14	0	0	0	0
AF	0	0.969706	60	51	9	0	0	0	0
AF	0	0.970019	56	46	10	0	0	0	0
AF	0	0.970331	39	27	12	0	0	0	0
AF	0	0.970643	65	41	24	0	0	0	0
AF	0	0.970956	42	34	8	0	0	0	0
AF	0	0.971268	50	36	14	0	0	0	0
AF	0	0.971580	38	31	7	0	0	0	0
AF	0	0.971893	47	35	12	0	0	0	0
AF	0	0.972205	49	37	12	0	0	0	0
AF	0	0.972517	71	53	18	0	0	0	0
AF	0	0.972829	48	33	15	0	0	0	0
AF	0	0.973142	66	51	15	0	0	0	0
AF	0	0.973454	61	38	23	0	0	0	0
AF	0	0.973766	54	30	24	0	0	0	0
AF	0	0.974079	39	25	14	0	0	0	0
AF	0	0.974391	61	43	18	0	0	0	0
AF	0	0.974703	102	70	32	0	0	0	0
AF	0	0.975016	59	39	20	0	0	0	0
AF	0	0.975328	52	35	17	0	0	0	0
AF	0	0.975640	62	39	23	0	0	0	0
AF	0	0.975953	86	54	32	0	0	0	0
AF	0	0.976265	57	36	21	0	0	0	0
AF	0	0.976577	55	35	20	0	0	0	0
AF	0	0.976889	54	36	18	0	0	0	0
AF	0	0.977202	63	41	22	0	0	0	0
AF	0	0.977514	49	34	15	0	0	0	0
AF	0	0.977826	45	33	12	0	0	0	0
AF	0	0.978139	53	38	15	0	0	0	0
AF	0	0.978451	52	36	16	0	0	0	0
AF	0	0.978763	76	49	27	0	0	0	0
AF	0	0.979076	63	47	16	0	0	0	0
AF	0	0.979388	59	38	21	0	0	0	0
AF	0	0.979700	75	46	29	0	0	0	0
AF	0	0.980012	73	53	20	0	0	0	0
AF	0	0.980325	113	78	35	0	0	0	0
AF	0	0.980637	63	41	22	0	0	0	0
AF	0	0.980949	87	53	34	0	0	0	0
AF	0	0.981262	86	63	23	0	0	0	0
AF	0	0.981574	55	43	12	0	0	0	0
AF	0	0.981886	88	68	20	0	0	0	0
AF	0	0.982199	76	61	15	0	0	0	0
AF	0	0.982511	83	58	25	0	0	0	0
AF	0	0.982823	165	116	49	0	0	0	0
AF	0	0.983136	80	60	20	0	0	0	0
AF	0	0.983448	78	54	24	0	0	0	0
AF	0	0.983760	47	32	15	0	0	0	0
AF	0	0.984072	68	47	21	0	0	0	0
AF	0	0.984385	97	73	24	0	0	0	0
AF	0	0.984697	89	57	32	0	0	0	0
AF	0	0.985009	125	89	36	0	0	0	0
AF	0	0.985322	67	48	19	0	0	0	0
AF	0	0.985634	65	37	28	0	0	0	0
AF	0	0.985946	113	72	41	0	0	0	0
AF	0	0.986259	125	94	31	0	0	0	0
AF	0	0.986571	54	36	18	0	0	0	0
AF	0	0.986883	66	45	21	0	0	0	0
AF	0	0.987196	106	70	36	0	0	0	0
AF	0	0.987508	89	64	25	0	0	0	0
AF	0	0.987820	105	68	37	0	0	0	0
AF	0	0.988132	98	71	27	0	0	0	0
AF	0	0.988445	90	61	29	0	0	0	0
AF	0	0.988757	102	69	33	0	0	0	0
AF	0	0.989069	69	49	20	0	0	0	0
AF	0	0.989382	86	63	23	0	0	0	0
AF	0	0.989694	99	71	28	0	0	0	0
AF	0	0.990006	91	66	25	0	0	0	0
AF	0	0.990319	171	114	57	0	0	0	0
AF	0	0.990631	108	72	36	0	0	0	0
AF	0	0.990943	115	75	40	0	0	0	0
AF	0	0.991255	95	66	29	0	0	0	0
AF	0	0.991568	91	67	24	0	0	0	0
AF	0	0.991880	118	83	35	0	0	0	0
AF	0	0.992192	115	82	33	0	0	0	0
AF	0	0.992505	69	46	23	0	0	0	0
AF	0	0.992817	83	65	18	0	0	0	0
AF	0	0.993129	106	77	29	0	0	0	0
AF	0	0.993442	140	104	36	0	0	0	0
AF	0	0.993754	90	67	23	0	0	0	0
AF	0	0.994066	83	53	30	0	0	0	0
AF	0	0.994379	112	68	44	0	0	0	0
AF	0	0.994691	100	70	30	0	0	0	0
AF	0	0.995003	106	75	31	0	0	0	0
AF	0	0.995315	111	77	34	0	0	0	0
AF	0	0.995628	143	105	38	0	0	0	0
AF	0	0.995940	96	57	39	0	0	0	0
AF	0	0.996252	85	63	22	0	0	0	0
AF	0	0.996565	110	70	40	0	0	0	0
AF	0	0.996877	100	68	32	0	0	0	0
AF	0	0.997189	123	81	42	0	0	0	0
AF	0	0.997502	156	102	54	0	0	0	0
AF	0	0.997814	166	106	60	0	0	0	0
AF	0	0.998126	110	72	38	0	0	0	0
AF	0	0.998438	103	67	36	0	0	0	0
AF	0	0.998751	113	70	43	0	0	0	0
AF	0	0.999063	155	105	50	0	0	0	0
AF	0	0.999375	144	89	55	0	0	0	0
# QUAL, Stats by quality
# QUAL	[2]id	[3]Quality	[4]number of SNPs	[5]number of transitions (1st ALT)	[6]number of transversions (1st ALT)	[7]number of indels
QUAL	0	.	1326695	890547	436148	0
# IDD, InDel distribution:
# IDD	[2]id	[3]length (deletions negative)	[4]number of sites	[5]number of genotypes	[6]mean VAF
# ST, Substitution types:
# ST	[2]id	[3]type	[4]count
ST	0	A>C	51267
ST	0	A>G	193253
ST	0	A>T	50788
ST	0	C>A	63669
ST	0	C>G	53018
ST	0	C>T	251038
ST	0	G>A	256610
ST	0	G>C	53456
ST	0	G>T	61297
ST	0	T>A	52458
ST	0	T>C	189646
ST	0	T>G	50195
# DP, depth:
#   - set id, see above
#   - the depth bin, corresponds to the depth (unless --depth was given)
#   - number of genotypes with this depth (zero unless -s/-S was given)
#   - fraction of genotypes with this depth (zero unless -s/-S was given)
#   - number of sites with this depth
#   - fraction of sites with this depth
# DP, Depth distribution
# DP	[2]id	[3]bin	[4]number of genotypes	[5]fraction of genotypes (%)	[6]number of sites	[7]fraction of sites (%)
