# This file was produced by bcftools stats (1.21+htslib-1.21) and can be plotted using plot-vcfstats.
# The command line was:	bcftools stats  /project/cphg-millerlab/software/MonopogenLite/resources/1kGP_high_coverage_Illumina.SNVonly_poly.filtered_AF_5e-04.norm.fixvariantid.chr5.vcf.gz
#
# Definition of sets:
# ID	[2]id	[3]tab-separated file names
ID	0	/project/cphg-millerlab/software/MonopogenLite/resources/1kGP_high_coverage_Illumina.SNVonly_poly.filtered_AF_5e-04.norm.fixvariantid.chr5.vcf.gz
# SN, Summary numbers:
#   number of records   .. number of data rows in the VCF
#   number of no-ALTs   .. reference-only sites, ALT is either "." or identical to REF
#   number of SNPs      .. number of rows with a SNP
#   number of MNPs      .. number of rows with a MNP, such as CC>TT
#   number of indels    .. number of rows with an indel
#   number of others    .. number of rows with other type, for example a symbolic allele or
#                          a complex substitution, such as ACT>TCGA
#   number of multiallelic sites     .. number of rows with multiple alternate alleles
#   number of multiallelic SNP sites .. number of rows with multiple alternate alleles, all SNPs
# 
#   Note that rows containing multiple types will be counted multiple times, in each
#   counter. For example, a row with a SNP and an indel increments both the SNP and
#   the indel counter.
# 
# SN	[2]id	[3]key	[4]value
SN	0	number of samples:	3202
SN	0	number of records:	2376433
SN	0	number of no-ALTs:	0
SN	0	number of SNPs:	2376433
SN	0	number of MNPs:	0
SN	0	number of indels:	0
SN	0	number of others:	0
SN	0	number of multiallelic sites:	0
SN	0	number of multiallelic SNP sites:	0
# TSTV, transitions/transversions
#   - transitions, see https://en.wikipedia.org/wiki/Transition_(genetics)
#   - transversions, see https://en.wikipedia.org/wiki/Transversion
# TSTV	[2]id	[3]ts	[4]tv	[5]ts/tv	[6]ts (1st ALT)	[7]tv (1st ALT)	[8]ts/tv (1st ALT)
TSTV	0	1600205	776228	2.06	1600205	776228	2.06
# SiS, Singleton stats:
#   - allele count, i.e. the number of singleton genotypes (AC=1)
#   - number of transitions, see above
#   - number of transversions, see above
#   - repeat-consistent, inconsistent and n/a: experimental and useless stats [DEPRECATED]
# SiS	[2]id	[3]allele count	[4]number of SNPs	[5]number of transitions	[6]number of transversions	[7]number of indels	[8]repeat-consistent	[9]repeat-inconsistent	[10]not applicable
SiS	0	1	0	0	0	0	0	0	0
# AF, Stats by non-reference allele frequency:
# AF	[2]id	[3]allele frequency	[4]number of SNPs	[5]number of transitions	[6]number of transversions	[7]number of indels	[8]repeat-consistent	[9]repeat-inconsistent	[10]not applicable
AF	0	0.000312	243401	165690	77711	0	0	0	0
AF	0	0.000625	279958	189980	89978	0	0	0	0
AF	0	0.000937	171642	116244	55398	0	0	0	0
AF	0	0.001249	121536	82111	39425	0	0	0	0
AF	0	0.001562	94300	63423	30877	0	0	0	0
AF	0	0.001874	76558	51616	24942	0	0	0	0
AF	0	0.002186	62488	42044	20444	0	0	0	0
AF	0	0.002498	53037	35743	17294	0	0	0	0
AF	0	0.002811	46173	31158	15015	0	0	0	0
AF	0	0.003123	40267	27034	13233	0	0	0	0
AF	0	0.003435	35159	23680	11479	0	0	0	0
AF	0	0.003748	32596	21895	10701	0	0	0	0
AF	0	0.004060	29494	19771	9723	0	0	0	0
AF	0	0.004372	26439	17640	8799	0	0	0	0
AF	0	0.004685	24416	16347	8069	0	0	0	0
AF	0	0.004997	22472	15015	7457	0	0	0	0
AF	0	0.005309	20830	13986	6844	0	0	0	0
AF	0	0.005621	18773	12532	6241	0	0	0	0
AF	0	0.005934	17994	12057	5937	0	0	0	0
AF	0	0.006246	16849	11307	5542	0	0	0	0
AF	0	0.006558	15880	10776	5104	0	0	0	0
AF	0	0.006871	14845	9973	4872	0	0	0	0
AF	0	0.007183	15118	10212	4906	0	0	0	0
AF	0	0.007495	13486	9015	4471	0	0	0	0
AF	0	0.007808	12741	8512	4229	0	0	0	0
AF	0	0.008120	12633	8481	4152	0	0	0	0
AF	0	0.008432	11367	7690	3677	0	0	0	0
AF	0	0.008745	10875	7310	3565	0	0	0	0
AF	0	0.009057	10290	6945	3345	0	0	0	0
AF	0	0.009369	9960	6624	3336	0	0	0	0
AF	0	0.009681	9707	6464	3243	0	0	0	0
AF	0	0.009994	9161	6143	3018	0	0	0	0
AF	0	0.010306	9297	6229	3068	0	0	0	0
AF	0	0.010618	8662	5777	2885	0	0	0	0
AF	0	0.010931	8150	5415	2735	0	0	0	0
AF	0	0.011243	7751	5202	2549	0	0	0	0
AF	0	0.011555	7953	5283	2670	0	0	0	0
AF	0	0.011868	7278	4798	2480	0	0	0	0
AF	0	0.012180	7129	4732	2397	0	0	0	0
AF	0	0.012492	6902	4593	2309	0	0	0	0
AF	0	0.012804	6807	4536	2271	0	0	0	0
AF	0	0.013117	6475	4376	2099	0	0	0	0
AF	0	0.013429	6291	4212	2079	0	0	0	0
AF	0	0.013741	6134	4077	2057	0	0	0	0
AF	0	0.014054	5993	3998	1995	0	0	0	0
AF	0	0.014366	5987	3980	2007	0	0	0	0
AF	0	0.014678	5424	3652	1772	0	0	0	0
AF	0	0.014991	5507	3736	1771	0	0	0	0
AF	0	0.015303	5237	3505	1732	0	0	0	0
AF	0	0.015615	5357	3605	1752	0	0	0	0
AF	0	0.015928	4922	3336	1586	0	0	0	0
AF	0	0.016240	4942	3271	1671	0	0	0	0
AF	0	0.016552	4941	3323	1618	0	0	0	0
AF	0	0.016864	4766	3165	1601	0	0	0	0
AF	0	0.017177	4809	3240	1569	0	0	0	0
AF	0	0.017489	4178	2849	1329	0	0	0	0
AF	0	0.017801	4200	2782	1418	0	0	0	0
AF	0	0.018114	4076	2710	1366	0	0	0	0
AF	0	0.018426	3813	2582	1231	0	0	0	0
AF	0	0.018738	3706	2482	1224	0	0	0	0
AF	0	0.019051	3642	2452	1190	0	0	0	0
AF	0	0.019363	3394	2250	1144	0	0	0	0
AF	0	0.019675	3567	2363	1204	0	0	0	0
AF	0	0.019988	3381	2258	1123	0	0	0	0
AF	0	0.020300	3379	2210	1169	0	0	0	0
AF	0	0.020612	3270	2196	1074	0	0	0	0
AF	0	0.020924	3274	2199	1075	0	0	0	0
AF	0	0.021237	3074	2055	1019	0	0	0	0
AF	0	0.021549	2862	1888	974	0	0	0	0
AF	0	0.021861	2971	2010	961	0	0	0	0
AF	0	0.022174	2851	1931	920	0	0	0	0
AF	0	0.022486	2689	1813	876	0	0	0	0
AF	0	0.022798	2876	1938	938	0	0	0	0
AF	0	0.023111	2975	2009	966	0	0	0	0
AF	0	0.023423	2681	1785	896	0	0	0	0
AF	0	0.023735	2724	1833	891	0	0	0	0
AF	0	0.024047	2797	1886	911	0	0	0	0
AF	0	0.024360	2750	1826	924	0	0	0	0
AF	0	0.024672	2718	1803	915	0	0	0	0
AF	0	0.024984	2602	1740	862	0	0	0	0
AF	0	0.025297	2704	1827	877	0	0	0	0
AF	0	0.025609	2382	1620	762	0	0	0	0
AF	0	0.025921	2339	1574	765	0	0	0	0
AF	0	0.026234	2310	1562	748	0	0	0	0
AF	0	0.026546	2327	1559	768	0	0	0	0
AF	0	0.026858	2016	1326	690	0	0	0	0
AF	0	0.027171	2155	1432	723	0	0	0	0
AF	0	0.027483	2041	1385	656	0	0	0	0
AF	0	0.027795	1977	1349	628	0	0	0	0
AF	0	0.028107	2045	1349	696	0	0	0	0
AF	0	0.028420	1836	1207	629	0	0	0	0
AF	0	0.028732	1851	1232	619	0	0	0	0
AF	0	0.029044	2035	1396	639	0	0	0	0
AF	0	0.029357	1984	1307	677	0	0	0	0
AF	0	0.029669	2082	1380	702	0	0	0	0
AF	0	0.029981	1943	1318	625	0	0	0	0
AF	0	0.030294	1906	1255	651	0	0	0	0
AF	0	0.030606	1771	1175	596	0	0	0	0
AF	0	0.030918	1778	1221	557	0	0	0	0
AF	0	0.031230	1763	1152	611	0	0	0	0
AF	0	0.031543	1814	1228	586	0	0	0	0
AF	0	0.031855	1747	1170	577	0	0	0	0
AF	0	0.032167	1695	1117	578	0	0	0	0
AF	0	0.032480	1687	1140	547	0	0	0	0
AF	0	0.032792	1603	1109	494	0	0	0	0
AF	0	0.033104	1547	1017	530	0	0	0	0
AF	0	0.033417	1694	1100	594	0	0	0	0
AF	0	0.033729	1562	1066	496	0	0	0	0
AF	0	0.034041	1514	1035	479	0	0	0	0
AF	0	0.034354	1486	994	492	0	0	0	0
AF	0	0.034666	1445	950	495	0	0	0	0
AF	0	0.034978	1433	987	446	0	0	0	0
AF	0	0.035290	1653	1122	531	0	0	0	0
AF	0	0.035603	1385	942	443	0	0	0	0
AF	0	0.035915	1343	895	448	0	0	0	0
AF	0	0.036227	1406	961	445	0	0	0	0
AF	0	0.036540	1329	882	447	0	0	0	0
AF	0	0.036852	1348	912	436	0	0	0	0
AF	0	0.037164	1299	865	434	0	0	0	0
AF	0	0.037477	1426	949	477	0	0	0	0
AF	0	0.037789	1318	902	416	0	0	0	0
AF	0	0.038101	1363	928	435	0	0	0	0
AF	0	0.038413	1274	839	435	0	0	0	0
AF	0	0.038726	1254	843	411	0	0	0	0
AF	0	0.039038	1287	844	443	0	0	0	0
AF	0	0.039350	1320	899	421	0	0	0	0
AF	0	0.039663	1222	844	378	0	0	0	0
AF	0	0.039975	1230	840	390	0	0	0	0
AF	0	0.040287	1145	772	373	0	0	0	0
AF	0	0.040600	1300	861	439	0	0	0	0
AF	0	0.040912	1065	719	346	0	0	0	0
AF	0	0.041224	1177	788	389	0	0	0	0
AF	0	0.041537	1234	809	425	0	0	0	0
AF	0	0.041849	1256	831	425	0	0	0	0
AF	0	0.042161	1185	782	403	0	0	0	0
AF	0	0.042473	1126	769	357	0	0	0	0
AF	0	0.042786	1202	798	404	0	0	0	0
AF	0	0.043098	1220	812	408	0	0	0	0
AF	0	0.043410	1114	731	383	0	0	0	0
AF	0	0.043723	1105	737	368	0	0	0	0
AF	0	0.044035	1207	821	386	0	0	0	0
AF	0	0.044347	1006	657	349	0	0	0	0
AF	0	0.044660	1083	725	358	0	0	0	0
AF	0	0.044972	1096	745	351	0	0	0	0
AF	0	0.045284	896	610	286	0	0	0	0
AF	0	0.045597	1027	685	342	0	0	0	0
AF	0	0.045909	1028	696	332	0	0	0	0
AF	0	0.046221	909	623	286	0	0	0	0
AF	0	0.046533	930	620	310	0	0	0	0
AF	0	0.046846	1079	733	346	0	0	0	0
AF	0	0.047158	959	629	330	0	0	0	0
AF	0	0.047470	904	627	277	0	0	0	0
AF	0	0.047783	878	576	302	0	0	0	0
AF	0	0.048095	923	629	294	0	0	0	0
AF	0	0.048407	959	654	305	0	0	0	0
AF	0	0.048720	1057	702	355	0	0	0	0
AF	0	0.049032	1023	694	329	0	0	0	0
AF	0	0.049344	1009	661	348	0	0	0	0
AF	0	0.049656	906	635	271	0	0	0	0
AF	0	0.049969	1017	649	368	0	0	0	0
AF	0	0.050281	856	570	286	0	0	0	0
AF	0	0.050593	1011	672	339	0	0	0	0
AF	0	0.050906	915	598	317	0	0	0	0
AF	0	0.051218	1101	710	391	0	0	0	0
AF	0	0.051530	922	614	308	0	0	0	0
AF	0	0.051843	939	638	301	0	0	0	0
AF	0	0.052155	1071	730	341	0	0	0	0
AF	0	0.052467	915	609	306	0	0	0	0
AF	0	0.052780	941	627	314	0	0	0	0
AF	0	0.053092	839	602	237	0	0	0	0
AF	0	0.053404	922	594	328	0	0	0	0
AF	0	0.053716	1034	690	344	0	0	0	0
AF	0	0.054029	888	602	286	0	0	0	0
AF	0	0.054341	841	557	284	0	0	0	0
AF	0	0.054653	871	592	279	0	0	0	0
AF	0	0.054966	832	554	278	0	0	0	0
AF	0	0.055278	855	572	283	0	0	0	0
AF	0	0.055590	1061	707	354	0	0	0	0
AF	0	0.055903	947	643	304	0	0	0	0
AF	0	0.056215	985	659	326	0	0	0	0
AF	0	0.056527	945	650	295	0	0	0	0
AF	0	0.056839	811	553	258	0	0	0	0
AF	0	0.057152	768	512	256	0	0	0	0
AF	0	0.057464	852	574	278	0	0	0	0
AF	0	0.057776	794	528	266	0	0	0	0
AF	0	0.058089	907	585	322	0	0	0	0
AF	0	0.058401	739	518	221	0	0	0	0
AF	0	0.058713	783	521	262	0	0	0	0
AF	0	0.059026	803	551	252	0	0	0	0
AF	0	0.059338	817	554	263	0	0	0	0
AF	0	0.059650	774	524	250	0	0	0	0
AF	0	0.059963	725	488	237	0	0	0	0
AF	0	0.060275	711	468	243	0	0	0	0
AF	0	0.060587	822	563	259	0	0	0	0
AF	0	0.060899	747	486	261	0	0	0	0
AF	0	0.061212	789	521	268	0	0	0	0
AF	0	0.061524	767	498	269	0	0	0	0
AF	0	0.061836	700	458	242	0	0	0	0
AF	0	0.062149	681	436	245	0	0	0	0
AF	0	0.062461	703	492	211	0	0	0	0
AF	0	0.062773	743	495	248	0	0	0	0
AF	0	0.063086	671	438	233	0	0	0	0
AF	0	0.063398	670	444	226	0	0	0	0
AF	0	0.063710	690	461	229	0	0	0	0
AF	0	0.064022	634	427	207	0	0	0	0
AF	0	0.064335	691	466	225	0	0	0	0
AF	0	0.064647	588	402	186	0	0	0	0
AF	0	0.064959	656	443	213	0	0	0	0
AF	0	0.065272	672	455	217	0	0	0	0
AF	0	0.065584	595	377	218	0	0	0	0
AF	0	0.065896	620	419	201	0	0	0	0
AF	0	0.066209	635	431	204	0	0	0	0
AF	0	0.066521	598	406	192	0	0	0	0
AF	0	0.066833	585	383	202	0	0	0	0
AF	0	0.067146	495	341	154	0	0	0	0
AF	0	0.067458	583	386	197	0	0	0	0
AF	0	0.067770	581	402	179	0	0	0	0
AF	0	0.068082	685	466	219	0	0	0	0
AF	0	0.068395	603	423	180	0	0	0	0
AF	0	0.068707	610	408	202	0	0	0	0
AF	0	0.069019	599	403	196	0	0	0	0
AF	0	0.069332	568	391	177	0	0	0	0
AF	0	0.069644	554	365	189	0	0	0	0
AF	0	0.069956	596	400	196	0	0	0	0
AF	0	0.070269	556	397	159	0	0	0	0
AF	0	0.070581	557	329	228	0	0	0	0
AF	0	0.070893	665	423	242	0	0	0	0
AF	0	0.071205	602	408	194	0	0	0	0
AF	0	0.071518	661	456	205	0	0	0	0
AF	0	0.071830	690	450	240	0	0	0	0
AF	0	0.072142	580	391	189	0	0	0	0
AF	0	0.072455	595	412	183	0	0	0	0
AF	0	0.072767	599	418	181	0	0	0	0
AF	0	0.073079	590	384	206	0	0	0	0
AF	0	0.073392	582	394	188	0	0	0	0
AF	0	0.073704	551	365	186	0	0	0	0
AF	0	0.074016	580	388	192	0	0	0	0
AF	0	0.074329	522	357	165	0	0	0	0
AF	0	0.074641	545	371	174	0	0	0	0
AF	0	0.074953	562	374	188	0	0	0	0
AF	0	0.075265	538	364	174	0	0	0	0
AF	0	0.075578	523	355	168	0	0	0	0
AF	0	0.075890	527	368	159	0	0	0	0
AF	0	0.076202	476	318	158	0	0	0	0
AF	0	0.076515	547	354	193	0	0	0	0
AF	0	0.076827	530	350	180	0	0	0	0
AF	0	0.077139	571	377	194	0	0	0	0
AF	0	0.077452	489	331	158	0	0	0	0
AF	0	0.077764	525	371	154	0	0	0	0
AF	0	0.078076	586	393	193	0	0	0	0
AF	0	0.078389	528	352	176	0	0	0	0
AF	0	0.078701	497	320	177	0	0	0	0
AF	0	0.079013	469	310	159	0	0	0	0
AF	0	0.079325	498	327	171	0	0	0	0
AF	0	0.079638	464	316	148	0	0	0	0
AF	0	0.079950	530	362	168	0	0	0	0
AF	0	0.080262	600	412	188	0	0	0	0
AF	0	0.080575	556	375	181	0	0	0	0
AF	0	0.080887	501	340	161	0	0	0	0
AF	0	0.081199	482	326	156	0	0	0	0
AF	0	0.081512	491	344	147	0	0	0	0
AF	0	0.081824	480	321	159	0	0	0	0
AF	0	0.082136	475	314	161	0	0	0	0
AF	0	0.082448	547	360	187	0	0	0	0
AF	0	0.082761	482	324	158	0	0	0	0
AF	0	0.083073	497	326	171	0	0	0	0
AF	0	0.083385	521	356	165	0	0	0	0
AF	0	0.083698	541	365	176	0	0	0	0
AF	0	0.084010	587	389	198	0	0	0	0
AF	0	0.084322	450	302	148	0	0	0	0
AF	0	0.084635	466	307	159	0	0	0	0
AF	0	0.084947	688	443	245	0	0	0	0
AF	0	0.085259	430	289	141	0	0	0	0
AF	0	0.085572	522	350	172	0	0	0	0
AF	0	0.085884	476	325	151	0	0	0	0
AF	0	0.086196	430	288	142	0	0	0	0
AF	0	0.086508	424	287	137	0	0	0	0
AF	0	0.086821	413	278	135	0	0	0	0
AF	0	0.087133	465	310	155	0	0	0	0
AF	0	0.087445	456	295	161	0	0	0	0
AF	0	0.087758	397	279	118	0	0	0	0
AF	0	0.088070	434	294	140	0	0	0	0
AF	0	0.088382	421	296	125	0	0	0	0
AF	0	0.088695	511	343	168	0	0	0	0
AF	0	0.089007	395	265	130	0	0	0	0
AF	0	0.089319	413	277	136	0	0	0	0
AF	0	0.089631	538	376	162	0	0	0	0
AF	0	0.089944	391	264	127	0	0	0	0
AF	0	0.090256	422	300	122	0	0	0	0
AF	0	0.090568	450	297	153	0	0	0	0
AF	0	0.090881	489	347	142	0	0	0	0
AF	0	0.091193	476	325	151	0	0	0	0
AF	0	0.091505	468	314	154	0	0	0	0
AF	0	0.091818	450	286	164	0	0	0	0
AF	0	0.092130	383	259	124	0	0	0	0
AF	0	0.092442	524	350	174	0	0	0	0
AF	0	0.092755	570	391	179	0	0	0	0
AF	0	0.093067	494	333	161	0	0	0	0
AF	0	0.093379	555	384	171	0	0	0	0
AF	0	0.093691	488	328	160	0	0	0	0
AF	0	0.094004	373	238	135	0	0	0	0
AF	0	0.094316	419	269	150	0	0	0	0
AF	0	0.094628	393	262	131	0	0	0	0
AF	0	0.094941	379	267	112	0	0	0	0
AF	0	0.095253	375	257	118	0	0	0	0
AF	0	0.095565	461	322	139	0	0	0	0
AF	0	0.095878	460	319	141	0	0	0	0
AF	0	0.096190	590	388	202	0	0	0	0
AF	0	0.096502	449	316	133	0	0	0	0
AF	0	0.096814	466	303	163	0	0	0	0
AF	0	0.097127	380	246	134	0	0	0	0
AF	0	0.097439	473	325	148	0	0	0	0
AF	0	0.097751	414	268	146	0	0	0	0
AF	0	0.098064	396	273	123	0	0	0	0
AF	0	0.098376	466	312	154	0	0	0	0
AF	0	0.098688	429	273	156	0	0	0	0
AF	0	0.099001	495	329	166	0	0	0	0
AF	0	0.099313	393	258	135	0	0	0	0
AF	0	0.099625	397	267	130	0	0	0	0
AF	0	0.099938	355	235	120	0	0	0	0
AF	0	0.100250	473	319	154	0	0	0	0
AF	0	0.100562	366	239	127	0	0	0	0
AF	0	0.100874	362	256	106	0	0	0	0
AF	0	0.101187	386	263	123	0	0	0	0
AF	0	0.101499	406	273	133	0	0	0	0
AF	0	0.101811	413	275	138	0	0	0	0
AF	0	0.102124	448	307	141	0	0	0	0
AF	0	0.102436	405	260	145	0	0	0	0
AF	0	0.102748	407	280	127	0	0	0	0
AF	0	0.103061	441	284	157	0	0	0	0
AF	0	0.103373	486	323	163	0	0	0	0
AF	0	0.103685	458	323	135	0	0	0	0
AF	0	0.103998	415	278	137	0	0	0	0
AF	0	0.104310	450	300	150	0	0	0	0
AF	0	0.104622	396	261	135	0	0	0	0
AF	0	0.104934	377	249	128	0	0	0	0
AF	0	0.105247	378	229	149	0	0	0	0
AF	0	0.105559	407	276	131	0	0	0	0
AF	0	0.105871	377	259	118	0	0	0	0
AF	0	0.106184	345	244	101	0	0	0	0
AF	0	0.106496	412	264	148	0	0	0	0
AF	0	0.106808	456	296	160	0	0	0	0
AF	0	0.107121	437	290	147	0	0	0	0
AF	0	0.107433	434	278	156	0	0	0	0
AF	0	0.107745	467	303	164	0	0	0	0
AF	0	0.108057	394	254	140	0	0	0	0
AF	0	0.108370	433	274	159	0	0	0	0
AF	0	0.108682	384	262	122	0	0	0	0
AF	0	0.108994	393	265	128	0	0	0	0
AF	0	0.109307	389	258	131	0	0	0	0
AF	0	0.109619	376	245	131	0	0	0	0
AF	0	0.109931	458	317	141	0	0	0	0
AF	0	0.110244	424	297	127	0	0	0	0
AF	0	0.110556	365	237	128	0	0	0	0
AF	0	0.110868	502	323	179	0	0	0	0
AF	0	0.111181	438	277	161	0	0	0	0
AF	0	0.111493	384	244	140	0	0	0	0
AF	0	0.111805	379	249	130	0	0	0	0
AF	0	0.112117	431	293	138	0	0	0	0
AF	0	0.112430	402	266	136	0	0	0	0
AF	0	0.112742	352	237	115	0	0	0	0
AF	0	0.113054	430	289	141	0	0	0	0
AF	0	0.113367	453	335	118	0	0	0	0
AF	0	0.113679	337	236	101	0	0	0	0
AF	0	0.113991	368	245	123	0	0	0	0
AF	0	0.114304	359	233	126	0	0	0	0
AF	0	0.114616	437	306	131	0	0	0	0
AF	0	0.114928	358	237	121	0	0	0	0
AF	0	0.115240	392	279	113	0	0	0	0
AF	0	0.115553	386	248	138	0	0	0	0
AF	0	0.115865	365	248	117	0	0	0	0
AF	0	0.116177	366	253	113	0	0	0	0
AF	0	0.116490	398	277	121	0	0	0	0
AF	0	0.116802	427	278	149	0	0	0	0
AF	0	0.117114	388	272	116	0	0	0	0
AF	0	0.117427	324	221	103	0	0	0	0
AF	0	0.117739	310	207	103	0	0	0	0
AF	0	0.118051	364	234	130	0	0	0	0
AF	0	0.118364	412	276	136	0	0	0	0
AF	0	0.118676	348	229	119	0	0	0	0
AF	0	0.118988	368	254	114	0	0	0	0
AF	0	0.119300	355	239	116	0	0	0	0
AF	0	0.119613	343	242	101	0	0	0	0
AF	0	0.119925	402	281	121	0	0	0	0
AF	0	0.120237	362	242	120	0	0	0	0
AF	0	0.120550	405	263	142	0	0	0	0
AF	0	0.120862	331	224	107	0	0	0	0
AF	0	0.121174	337	232	105	0	0	0	0
AF	0	0.121487	305	225	80	0	0	0	0
AF	0	0.121799	333	227	106	0	0	0	0
AF	0	0.122111	346	226	120	0	0	0	0
AF	0	0.122423	412	288	124	0	0	0	0
AF	0	0.122736	350	248	102	0	0	0	0
AF	0	0.123048	305	204	101	0	0	0	0
AF	0	0.123360	307	206	101	0	0	0	0
AF	0	0.123673	310	213	97	0	0	0	0
AF	0	0.123985	317	219	98	0	0	0	0
AF	0	0.124297	342	219	123	0	0	0	0
AF	0	0.124610	470	318	152	0	0	0	0
AF	0	0.124922	406	265	141	0	0	0	0
AF	0	0.125234	322	219	103	0	0	0	0
AF	0	0.125547	380	261	119	0	0	0	0
AF	0	0.125859	345	213	132	0	0	0	0
AF	0	0.126171	355	246	109	0	0	0	0
AF	0	0.126483	390	271	119	0	0	0	0
AF	0	0.126796	384	280	104	0	0	0	0
AF	0	0.127108	373	246	127	0	0	0	0
AF	0	0.127420	387	256	131	0	0	0	0
AF	0	0.127733	384	260	124	0	0	0	0
AF	0	0.128045	413	261	152	0	0	0	0
AF	0	0.128357	441	284	157	0	0	0	0
AF	0	0.128670	334	239	95	0	0	0	0
AF	0	0.128982	414	293	121	0	0	0	0
AF	0	0.129294	344	237	107	0	0	0	0
AF	0	0.129606	367	250	117	0	0	0	0
AF	0	0.129919	424	283	141	0	0	0	0
AF	0	0.130231	442	288	154	0	0	0	0
AF	0	0.130543	414	270	144	0	0	0	0
AF	0	0.130856	378	271	107	0	0	0	0
AF	0	0.131168	390	261	129	0	0	0	0
AF	0	0.131480	457	312	145	0	0	0	0
AF	0	0.131793	356	231	125	0	0	0	0
AF	0	0.132105	339	228	111	0	0	0	0
AF	0	0.132417	357	225	132	0	0	0	0
AF	0	0.132730	330	219	111	0	0	0	0
AF	0	0.133042	349	231	118	0	0	0	0
AF	0	0.133354	310	204	106	0	0	0	0
AF	0	0.133666	306	215	91	0	0	0	0
AF	0	0.133979	338	222	116	0	0	0	0
AF	0	0.134291	314	212	102	0	0	0	0
AF	0	0.134603	354	238	116	0	0	0	0
AF	0	0.134916	298	193	105	0	0	0	0
AF	0	0.135228	317	211	106	0	0	0	0
AF	0	0.135540	325	220	105	0	0	0	0
AF	0	0.135853	329	236	93	0	0	0	0
AF	0	0.136165	331	239	92	0	0	0	0
AF	0	0.136477	391	266	125	0	0	0	0
AF	0	0.136790	346	247	99	0	0	0	0
AF	0	0.137102	356	232	124	0	0	0	0
AF	0	0.137414	345	213	132	0	0	0	0
AF	0	0.137726	343	234	109	0	0	0	0
AF	0	0.138039	389	262	127	0	0	0	0
AF	0	0.138351	416	285	131	0	0	0	0
AF	0	0.138663	298	200	98	0	0	0	0
AF	0	0.138976	316	212	104	0	0	0	0
AF	0	0.139288	298	212	86	0	0	0	0
AF	0	0.139600	267	189	78	0	0	0	0
AF	0	0.139913	298	203	95	0	0	0	0
AF	0	0.140225	284	186	98	0	0	0	0
AF	0	0.140537	363	241	122	0	0	0	0
AF	0	0.140849	284	205	79	0	0	0	0
AF	0	0.141162	343	234	109	0	0	0	0
AF	0	0.141474	282	190	92	0	0	0	0
AF	0	0.141786	350	218	132	0	0	0	0
AF	0	0.142099	334	225	109	0	0	0	0
AF	0	0.142411	349	204	145	0	0	0	0
AF	0	0.142723	327	220	107	0	0	0	0
AF	0	0.143036	281	190	91	0	0	0	0
AF	0	0.143348	306	196	110	0	0	0	0
AF	0	0.143660	379	258	121	0	0	0	0
AF	0	0.143973	372	243	129	0	0	0	0
AF	0	0.144285	322	214	108	0	0	0	0
AF	0	0.144597	331	216	115	0	0	0	0
AF	0	0.144909	291	209	82	0	0	0	0
AF	0	0.145222	321	210	111	0	0	0	0
AF	0	0.145534	292	194	98	0	0	0	0
AF	0	0.145846	327	214	113	0	0	0	0
AF	0	0.146159	266	169	97	0	0	0	0
AF	0	0.146471	303	212	91	0	0	0	0
AF	0	0.146783	278	185	93	0	0	0	0
AF	0	0.147096	344	217	127	0	0	0	0
AF	0	0.147408	280	191	89	0	0	0	0
AF	0	0.147720	314	209	105	0	0	0	0
AF	0	0.148032	252	162	90	0	0	0	0
AF	0	0.148345	332	227	105	0	0	0	0
AF	0	0.148657	300	197	103	0	0	0	0
AF	0	0.148969	306	207	99	0	0	0	0
AF	0	0.149282	306	212	94	0	0	0	0
AF	0	0.149594	333	221	112	0	0	0	0
AF	0	0.149906	337	231	106	0	0	0	0
AF	0	0.150219	339	233	106	0	0	0	0
AF	0	0.150531	276	178	98	0	0	0	0
AF	0	0.150843	296	215	81	0	0	0	0
AF	0	0.151156	338	233	105	0	0	0	0
AF	0	0.151468	259	166	93	0	0	0	0
AF	0	0.151780	272	194	78	0	0	0	0
AF	0	0.152092	309	215	94	0	0	0	0
AF	0	0.152405	304	203	101	0	0	0	0
AF	0	0.152717	253	171	82	0	0	0	0
AF	0	0.153029	275	187	88	0	0	0	0
AF	0	0.153342	295	199	96	0	0	0	0
AF	0	0.153654	252	160	92	0	0	0	0
AF	0	0.153966	309	205	104	0	0	0	0
AF	0	0.154279	282	192	90	0	0	0	0
AF	0	0.154591	278	193	85	0	0	0	0
AF	0	0.154903	276	188	88	0	0	0	0
AF	0	0.155215	254	158	96	0	0	0	0
AF	0	0.155528	308	205	103	0	0	0	0
AF	0	0.155840	298	204	94	0	0	0	0
AF	0	0.156152	275	180	95	0	0	0	0
AF	0	0.156465	284	202	82	0	0	0	0
AF	0	0.156777	340	243	97	0	0	0	0
AF	0	0.157089	328	232	96	0	0	0	0
AF	0	0.157402	305	222	83	0	0	0	0
AF	0	0.157714	307	208	99	0	0	0	0
AF	0	0.158026	264	176	88	0	0	0	0
AF	0	0.158339	317	218	99	0	0	0	0
AF	0	0.158651	306	198	108	0	0	0	0
AF	0	0.158963	247	171	76	0	0	0	0
AF	0	0.159275	258	172	86	0	0	0	0
AF	0	0.159588	280	181	99	0	0	0	0
AF	0	0.159900	282	191	91	0	0	0	0
AF	0	0.160212	279	203	76	0	0	0	0
AF	0	0.160525	284	203	81	0	0	0	0
AF	0	0.160837	271	168	103	0	0	0	0
AF	0	0.161149	263	187	76	0	0	0	0
AF	0	0.161462	268	171	97	0	0	0	0
AF	0	0.161774	259	165	94	0	0	0	0
AF	0	0.162086	289	202	87	0	0	0	0
AF	0	0.162399	300	193	107	0	0	0	0
AF	0	0.162711	289	197	92	0	0	0	0
AF	0	0.163023	359	244	115	0	0	0	0
AF	0	0.163335	222	155	67	0	0	0	0
AF	0	0.163648	225	152	73	0	0	0	0
AF	0	0.163960	259	167	92	0	0	0	0
AF	0	0.164272	259	181	78	0	0	0	0
AF	0	0.164585	331	223	108	0	0	0	0
AF	0	0.164897	266	169	97	0	0	0	0
AF	0	0.165209	324	213	111	0	0	0	0
AF	0	0.165522	278	190	88	0	0	0	0
AF	0	0.165834	274	197	77	0	0	0	0
AF	0	0.166146	247	163	84	0	0	0	0
AF	0	0.166458	316	219	97	0	0	0	0
AF	0	0.166771	223	152	71	0	0	0	0
AF	0	0.167083	259	175	84	0	0	0	0
AF	0	0.167395	256	158	98	0	0	0	0
AF	0	0.167708	222	153	69	0	0	0	0
AF	0	0.168020	243	173	70	0	0	0	0
AF	0	0.168332	264	171	93	0	0	0	0
AF	0	0.168645	263	160	103	0	0	0	0
AF	0	0.168957	237	164	73	0	0	0	0
AF	0	0.169269	256	175	81	0	0	0	0
AF	0	0.169582	250	169	81	0	0	0	0
AF	0	0.169894	256	181	75	0	0	0	0
AF	0	0.170206	255	171	84	0	0	0	0
AF	0	0.170518	265	180	85	0	0	0	0
AF	0	0.170831	239	154	85	0	0	0	0
AF	0	0.171143	250	163	87	0	0	0	0
AF	0	0.171455	267	162	105	0	0	0	0
AF	0	0.171768	304	197	107	0	0	0	0
AF	0	0.172080	289	189	100	0	0	0	0
AF	0	0.172392	355	241	114	0	0	0	0
AF	0	0.172705	289	175	114	0	0	0	0
AF	0	0.173017	310	214	96	0	0	0	0
AF	0	0.173329	242	160	82	0	0	0	0
AF	0	0.173641	319	222	97	0	0	0	0
AF	0	0.173954	347	230	117	0	0	0	0
AF	0	0.174266	235	155	80	0	0	0	0
AF	0	0.174578	262	174	88	0	0	0	0
AF	0	0.174891	365	240	125	0	0	0	0
AF	0	0.175203	354	229	125	0	0	0	0
AF	0	0.175515	295	184	111	0	0	0	0
AF	0	0.175828	294	195	99	0	0	0	0
AF	0	0.176140	306	194	112	0	0	0	0
AF	0	0.176452	273	171	102	0	0	0	0
AF	0	0.176765	296	190	106	0	0	0	0
AF	0	0.177077	254	179	75	0	0	0	0
AF	0	0.177389	262	173	89	0	0	0	0
AF	0	0.177701	254	159	95	0	0	0	0
AF	0	0.178014	228	151	77	0	0	0	0
AF	0	0.178326	237	166	71	0	0	0	0
AF	0	0.178638	268	192	76	0	0	0	0
AF	0	0.178951	264	184	80	0	0	0	0
AF	0	0.179263	213	136	77	0	0	0	0
AF	0	0.179575	232	146	86	0	0	0	0
AF	0	0.179888	245	154	91	0	0	0	0
AF	0	0.180200	305	202	103	0	0	0	0
AF	0	0.180512	372	251	121	0	0	0	0
AF	0	0.180824	266	178	88	0	0	0	0
AF	0	0.181137	222	144	78	0	0	0	0
AF	0	0.181449	297	199	98	0	0	0	0
AF	0	0.181761	290	196	94	0	0	0	0
AF	0	0.182074	280	202	78	0	0	0	0
AF	0	0.182386	239	156	83	0	0	0	0
AF	0	0.182698	263	170	93	0	0	0	0
AF	0	0.183011	207	129	78	0	0	0	0
AF	0	0.183323	257	171	86	0	0	0	0
AF	0	0.183635	272	178	94	0	0	0	0
AF	0	0.183948	257	170	87	0	0	0	0
AF	0	0.184260	234	156	78	0	0	0	0
AF	0	0.184572	261	158	103	0	0	0	0
AF	0	0.184884	236	161	75	0	0	0	0
AF	0	0.185197	248	158	90	0	0	0	0
AF	0	0.185509	237	170	67	0	0	0	0
AF	0	0.185821	217	147	70	0	0	0	0
AF	0	0.186134	185	130	55	0	0	0	0
AF	0	0.186446	216	153	63	0	0	0	0
AF	0	0.186758	250	152	98	0	0	0	0
AF	0	0.187071	238	160	78	0	0	0	0
AF	0	0.187383	234	149	85	0	0	0	0
AF	0	0.187695	267	186	81	0	0	0	0
AF	0	0.188007	252	170	82	0	0	0	0
AF	0	0.188320	235	149	86	0	0	0	0
AF	0	0.188632	316	209	107	0	0	0	0
AF	0	0.188944	264	183	81	0	0	0	0
AF	0	0.189257	300	203	97	0	0	0	0
AF	0	0.189569	298	194	104	0	0	0	0
AF	0	0.189881	246	162	84	0	0	0	0
AF	0	0.190194	228	157	71	0	0	0	0
AF	0	0.190506	231	143	88	0	0	0	0
AF	0	0.190818	234	146	88	0	0	0	0
AF	0	0.191131	219	142	77	0	0	0	0
AF	0	0.191443	237	158	79	0	0	0	0
AF	0	0.191755	214	139	75	0	0	0	0
AF	0	0.192067	267	187	80	0	0	0	0
AF	0	0.192380	217	148	69	0	0	0	0
AF	0	0.192692	246	169	77	0	0	0	0
AF	0	0.193004	235	148	87	0	0	0	0
AF	0	0.193317	234	159	75	0	0	0	0
AF	0	0.193629	242	159	83	0	0	0	0
AF	0	0.193941	246	164	82	0	0	0	0
AF	0	0.194254	224	151	73	0	0	0	0
AF	0	0.194566	229	134	95	0	0	0	0
AF	0	0.194878	227	158	69	0	0	0	0
AF	0	0.195191	205	143	62	0	0	0	0
AF	0	0.195503	222	143	79	0	0	0	0
AF	0	0.195815	239	156	83	0	0	0	0
AF	0	0.196127	213	136	77	0	0	0	0
AF	0	0.196440	244	156	88	0	0	0	0
AF	0	0.196752	239	162	77	0	0	0	0
AF	0	0.197064	236	165	71	0	0	0	0
AF	0	0.197377	214	132	82	0	0	0	0
AF	0	0.197689	264	174	90	0	0	0	0
AF	0	0.198001	233	150	83	0	0	0	0
AF	0	0.198314	243	161	82	0	0	0	0
AF	0	0.198626	260	169	91	0	0	0	0
AF	0	0.198938	272	182	90	0	0	0	0
AF	0	0.199250	238	160	78	0	0	0	0
AF	0	0.199563	233	160	73	0	0	0	0
AF	0	0.199875	247	160	87	0	0	0	0
AF	0	0.200187	262	184	78	0	0	0	0
AF	0	0.200500	298	195	103	0	0	0	0
AF	0	0.200812	261	162	99	0	0	0	0
AF	0	0.201124	215	147	68	0	0	0	0
AF	0	0.201437	245	161	84	0	0	0	0
AF	0	0.201749	220	154	66	0	0	0	0
AF	0	0.202061	208	134	74	0	0	0	0
AF	0	0.202374	195	133	62	0	0	0	0
AF	0	0.202686	240	152	88	0	0	0	0
AF	0	0.202998	215	133	82	0	0	0	0
AF	0	0.203310	195	137	58	0	0	0	0
AF	0	0.203623	251	164	87	0	0	0	0
AF	0	0.203935	244	154	90	0	0	0	0
AF	0	0.204247	247	170	77	0	0	0	0
AF	0	0.204560	284	197	87	0	0	0	0
AF	0	0.204872	202	137	65	0	0	0	0
AF	0	0.205184	236	152	84	0	0	0	0
AF	0	0.205497	255	160	95	0	0	0	0
AF	0	0.205809	227	131	96	0	0	0	0
AF	0	0.206121	252	178	74	0	0	0	0
AF	0	0.206433	221	145	76	0	0	0	0
AF	0	0.206746	216	145	71	0	0	0	0
AF	0	0.207058	235	157	78	0	0	0	0
AF	0	0.207370	231	151	80	0	0	0	0
AF	0	0.207683	222	145	77	0	0	0	0
AF	0	0.207995	165	107	58	0	0	0	0
AF	0	0.208307	190	134	56	0	0	0	0
AF	0	0.208620	248	178	70	0	0	0	0
AF	0	0.208932	242	157	85	0	0	0	0
AF	0	0.209244	278	175	103	0	0	0	0
AF	0	0.209557	230	160	70	0	0	0	0
AF	0	0.209869	211	134	77	0	0	0	0
AF	0	0.210181	223	155	68	0	0	0	0
AF	0	0.210493	189	133	56	0	0	0	0
AF	0	0.210806	208	143	65	0	0	0	0
AF	0	0.211118	213	144	69	0	0	0	0
AF	0	0.211430	196	127	69	0	0	0	0
AF	0	0.211743	218	147	71	0	0	0	0
AF	0	0.212055	245	166	79	0	0	0	0
AF	0	0.212367	278	177	101	0	0	0	0
AF	0	0.212680	209	135	74	0	0	0	0
AF	0	0.212992	198	141	57	0	0	0	0
AF	0	0.213304	234	149	85	0	0	0	0
AF	0	0.213616	232	148	84	0	0	0	0
AF	0	0.213929	283	188	95	0	0	0	0
AF	0	0.214241	246	168	78	0	0	0	0
AF	0	0.214553	201	144	57	0	0	0	0
AF	0	0.214866	179	123	56	0	0	0	0
AF	0	0.215178	208	140	68	0	0	0	0
AF	0	0.215490	251	154	97	0	0	0	0
AF	0	0.215803	211	136	75	0	0	0	0
AF	0	0.216115	207	140	67	0	0	0	0
AF	0	0.216427	303	188	115	0	0	0	0
AF	0	0.216740	226	153	73	0	0	0	0
AF	0	0.217052	223	143	80	0	0	0	0
AF	0	0.217364	231	151	80	0	0	0	0
AF	0	0.217676	219	148	71	0	0	0	0
AF	0	0.217989	260	167	93	0	0	0	0
AF	0	0.218301	220	155	65	0	0	0	0
AF	0	0.218613	244	152	92	0	0	0	0
AF	0	0.218926	271	180	91	0	0	0	0
AF	0	0.219238	251	161	90	0	0	0	0
AF	0	0.219550	190	124	66	0	0	0	0
AF	0	0.219863	203	130	73	0	0	0	0
AF	0	0.220175	194	121	73	0	0	0	0
AF	0	0.220487	213	135	78	0	0	0	0
AF	0	0.220800	228	147	81	0	0	0	0
AF	0	0.221112	329	213	116	0	0	0	0
AF	0	0.221424	246	163	83	0	0	0	0
AF	0	0.221736	214	125	89	0	0	0	0
AF	0	0.222049	230	150	80	0	0	0	0
AF	0	0.222361	261	160	101	0	0	0	0
AF	0	0.222673	240	157	83	0	0	0	0
AF	0	0.222986	211	150	61	0	0	0	0
AF	0	0.223298	246	152	94	0	0	0	0
AF	0	0.223610	203	134	69	0	0	0	0
AF	0	0.223923	196	133	63	0	0	0	0
AF	0	0.224235	252	179	73	0	0	0	0
AF	0	0.224547	218	152	66	0	0	0	0
AF	0	0.224859	209	141	68	0	0	0	0
AF	0	0.225172	211	135	76	0	0	0	0
AF	0	0.225484	241	166	75	0	0	0	0
AF	0	0.225796	194	133	61	0	0	0	0
AF	0	0.226109	199	129	70	0	0	0	0
AF	0	0.226421	223	155	68	0	0	0	0
AF	0	0.226733	182	117	65	0	0	0	0
AF	0	0.227046	192	130	62	0	0	0	0
AF	0	0.227358	213	146	67	0	0	0	0
AF	0	0.227670	214	150	64	0	0	0	0
AF	0	0.227983	214	145	69	0	0	0	0
AF	0	0.228295	234	159	75	0	0	0	0
AF	0	0.228607	210	146	64	0	0	0	0
AF	0	0.228919	237	152	85	0	0	0	0
AF	0	0.229232	218	146	72	0	0	0	0
AF	0	0.229544	217	145	72	0	0	0	0
AF	0	0.229856	197	124	73	0	0	0	0
AF	0	0.230169	207	147	60	0	0	0	0
AF	0	0.230481	237	151	86	0	0	0	0
AF	0	0.230793	257	169	88	0	0	0	0
AF	0	0.231106	207	140	67	0	0	0	0
AF	0	0.231418	232	146	86	0	0	0	0
AF	0	0.231730	194	128	66	0	0	0	0
AF	0	0.232042	190	128	62	0	0	0	0
AF	0	0.232355	196	136	60	0	0	0	0
AF	0	0.232667	224	153	71	0	0	0	0
AF	0	0.232979	250	156	94	0	0	0	0
AF	0	0.233292	224	150	74	0	0	0	0
AF	0	0.233604	196	133	63	0	0	0	0
AF	0	0.233916	232	155	77	0	0	0	0
AF	0	0.234229	212	150	62	0	0	0	0
AF	0	0.234541	189	131	58	0	0	0	0
AF	0	0.234853	196	140	56	0	0	0	0
AF	0	0.235166	218	131	87	0	0	0	0
AF	0	0.235478	221	158	63	0	0	0	0
AF	0	0.235790	217	145	72	0	0	0	0
AF	0	0.236102	265	169	96	0	0	0	0
AF	0	0.236415	218	149	69	0	0	0	0
AF	0	0.236727	195	127	68	0	0	0	0
AF	0	0.237039	191	133	58	0	0	0	0
AF	0	0.237352	220	142	78	0	0	0	0
AF	0	0.237664	294	201	93	0	0	0	0
AF	0	0.237976	248	178	70	0	0	0	0
AF	0	0.238289	227	155	72	0	0	0	0
AF	0	0.238601	212	141	71	0	0	0	0
AF	0	0.238913	203	131	72	0	0	0	0
AF	0	0.239225	194	123	71	0	0	0	0
AF	0	0.239538	184	124	60	0	0	0	0
AF	0	0.239850	196	127	69	0	0	0	0
AF	0	0.240162	192	130	62	0	0	0	0
AF	0	0.240475	186	110	76	0	0	0	0
AF	0	0.240787	227	139	88	0	0	0	0
AF	0	0.241099	208	135	73	0	0	0	0
AF	0	0.241412	245	162	83	0	0	0	0
AF	0	0.241724	215	135	80	0	0	0	0
AF	0	0.242036	204	127	77	0	0	0	0
AF	0	0.242349	205	133	72	0	0	0	0
AF	0	0.242661	317	215	102	0	0	0	0
AF	0	0.242973	241	147	94	0	0	0	0
AF	0	0.243285	198	127	71	0	0	0	0
AF	0	0.243598	192	129	63	0	0	0	0
AF	0	0.243910	184	119	65	0	0	0	0
AF	0	0.244222	202	144	58	0	0	0	0
AF	0	0.244535	176	119	57	0	0	0	0
AF	0	0.244847	216	145	71	0	0	0	0
AF	0	0.245159	204	134	70	0	0	0	0
AF	0	0.245472	207	129	78	0	0	0	0
AF	0	0.245784	187	132	55	0	0	0	0
AF	0	0.246096	226	163	63	0	0	0	0
AF	0	0.246408	182	110	72	0	0	0	0
AF	0	0.246721	201	131	70	0	0	0	0
AF	0	0.247033	202	137	65	0	0	0	0
AF	0	0.247345	192	134	58	0	0	0	0
AF	0	0.247658	225	141	84	0	0	0	0
AF	0	0.247970	161	108	53	0	0	0	0
AF	0	0.248282	192	133	59	0	0	0	0
AF	0	0.248595	214	139	75	0	0	0	0
AF	0	0.248907	237	145	92	0	0	0	0
AF	0	0.249219	257	164	93	0	0	0	0
AF	0	0.249532	222	141	81	0	0	0	0
AF	0	0.249844	166	117	49	0	0	0	0
AF	0	0.250156	169	102	67	0	0	0	0
AF	0	0.250468	190	137	53	0	0	0	0
AF	0	0.250781	160	116	44	0	0	0	0
AF	0	0.251093	146	96	50	0	0	0	0
AF	0	0.251405	208	134	74	0	0	0	0
AF	0	0.251718	203	138	65	0	0	0	0
AF	0	0.252030	205	135	70	0	0	0	0
AF	0	0.252342	196	133	63	0	0	0	0
AF	0	0.252655	158	102	56	0	0	0	0
AF	0	0.252967	134	91	43	0	0	0	0
AF	0	0.253279	177	119	58	0	0	0	0
AF	0	0.253592	332	241	91	0	0	0	0
AF	0	0.253904	197	127	70	0	0	0	0
AF	0	0.254216	194	123	71	0	0	0	0
AF	0	0.254528	184	124	60	0	0	0	0
AF	0	0.254841	158	103	55	0	0	0	0
AF	0	0.255153	178	115	63	0	0	0	0
AF	0	0.255465	198	134	64	0	0	0	0
AF	0	0.255778	166	118	48	0	0	0	0
AF	0	0.256090	180	119	61	0	0	0	0
AF	0	0.256402	196	132	64	0	0	0	0
AF	0	0.256715	161	111	50	0	0	0	0
AF	0	0.257027	160	108	52	0	0	0	0
AF	0	0.257339	270	175	95	0	0	0	0
AF	0	0.257651	152	109	43	0	0	0	0
AF	0	0.257964	159	107	52	0	0	0	0
AF	0	0.258276	195	135	60	0	0	0	0
AF	0	0.258588	188	116	72	0	0	0	0
AF	0	0.258901	200	141	59	0	0	0	0
AF	0	0.259213	159	117	42	0	0	0	0
AF	0	0.259525	199	127	72	0	0	0	0
AF	0	0.259838	190	132	58	0	0	0	0
AF	0	0.260150	173	114	59	0	0	0	0
AF	0	0.260462	191	129	62	0	0	0	0
AF	0	0.260775	284	188	96	0	0	0	0
AF	0	0.261087	175	112	63	0	0	0	0
AF	0	0.261399	253	167	86	0	0	0	0
AF	0	0.261711	261	190	71	0	0	0	0
AF	0	0.262024	174	116	58	0	0	0	0
AF	0	0.262336	170	118	52	0	0	0	0
AF	0	0.262648	166	109	57	0	0	0	0
AF	0	0.262961	180	126	54	0	0	0	0
AF	0	0.263273	175	118	57	0	0	0	0
AF	0	0.263585	169	115	54	0	0	0	0
AF	0	0.263898	175	120	55	0	0	0	0
AF	0	0.264210	167	103	64	0	0	0	0
AF	0	0.264522	191	134	57	0	0	0	0
AF	0	0.264834	189	116	73	0	0	0	0
AF	0	0.265147	212	143	69	0	0	0	0
AF	0	0.265459	177	119	58	0	0	0	0
AF	0	0.265771	164	106	58	0	0	0	0
AF	0	0.266084	182	114	68	0	0	0	0
AF	0	0.266396	178	125	53	0	0	0	0
AF	0	0.266708	182	120	62	0	0	0	0
AF	0	0.267021	173	124	49	0	0	0	0
AF	0	0.267333	157	110	47	0	0	0	0
AF	0	0.267645	184	120	64	0	0	0	0
AF	0	0.267958	145	98	47	0	0	0	0
AF	0	0.268270	159	106	53	0	0	0	0
AF	0	0.268582	176	126	50	0	0	0	0
AF	0	0.268894	166	105	61	0	0	0	0
AF	0	0.269207	177	117	60	0	0	0	0
AF	0	0.269519	180	125	55	0	0	0	0
AF	0	0.269831	170	121	49	0	0	0	0
AF	0	0.270144	171	113	58	0	0	0	0
AF	0	0.270456	152	107	45	0	0	0	0
AF	0	0.270768	158	99	59	0	0	0	0
AF	0	0.271081	169	124	45	0	0	0	0
AF	0	0.271393	180	111	69	0	0	0	0
AF	0	0.271705	180	130	50	0	0	0	0
AF	0	0.272017	174	126	48	0	0	0	0
AF	0	0.272330	181	113	68	0	0	0	0
AF	0	0.272642	185	118	67	0	0	0	0
AF	0	0.272954	176	126	50	0	0	0	0
AF	0	0.273267	200	142	58	0	0	0	0
AF	0	0.273579	159	106	53	0	0	0	0
AF	0	0.273891	150	99	51	0	0	0	0
AF	0	0.274204	170	115	55	0	0	0	0
AF	0	0.274516	154	112	42	0	0	0	0
AF	0	0.274828	202	135	67	0	0	0	0
AF	0	0.275141	188	120	68	0	0	0	0
AF	0	0.275453	208	147	61	0	0	0	0
AF	0	0.275765	184	126	58	0	0	0	0
AF	0	0.276077	261	159	102	0	0	0	0
AF	0	0.276390	186	120	66	0	0	0	0
AF	0	0.276702	173	112	61	0	0	0	0
AF	0	0.277014	163	105	58	0	0	0	0
AF	0	0.277327	169	105	64	0	0	0	0
AF	0	0.277639	186	117	69	0	0	0	0
AF	0	0.277951	168	116	52	0	0	0	0
AF	0	0.278264	146	103	43	0	0	0	0
AF	0	0.278576	164	112	52	0	0	0	0
AF	0	0.278888	163	115	48	0	0	0	0
AF	0	0.279200	172	120	52	0	0	0	0
AF	0	0.279513	197	133	64	0	0	0	0
AF	0	0.279825	167	114	53	0	0	0	0
AF	0	0.280137	185	118	67	0	0	0	0
AF	0	0.280450	195	128	67	0	0	0	0
AF	0	0.280762	202	130	72	0	0	0	0
AF	0	0.281074	154	94	60	0	0	0	0
AF	0	0.281387	155	104	51	0	0	0	0
AF	0	0.281699	198	134	64	0	0	0	0
AF	0	0.282011	190	128	62	0	0	0	0
AF	0	0.282324	176	115	61	0	0	0	0
AF	0	0.282636	163	112	51	0	0	0	0
AF	0	0.282948	208	141	67	0	0	0	0
AF	0	0.283260	164	99	65	0	0	0	0
AF	0	0.283573	173	116	57	0	0	0	0
AF	0	0.283885	182	127	55	0	0	0	0
AF	0	0.284197	175	115	60	0	0	0	0
AF	0	0.284510	165	114	51	0	0	0	0
AF	0	0.284822	190	135	55	0	0	0	0
AF	0	0.285134	200	142	58	0	0	0	0
AF	0	0.285447	185	129	56	0	0	0	0
AF	0	0.285759	155	104	51	0	0	0	0
AF	0	0.286071	141	88	53	0	0	0	0
AF	0	0.286384	177	118	59	0	0	0	0
AF	0	0.286696	186	129	57	0	0	0	0
AF	0	0.287008	152	107	45	0	0	0	0
AF	0	0.287320	188	124	64	0	0	0	0
AF	0	0.287633	192	121	71	0	0	0	0
AF	0	0.287945	188	129	59	0	0	0	0
AF	0	0.288257	177	115	62	0	0	0	0
AF	0	0.288570	158	100	58	0	0	0	0
AF	0	0.288882	147	95	52	0	0	0	0
AF	0	0.289194	157	100	57	0	0	0	0
AF	0	0.289507	153	102	51	0	0	0	0
AF	0	0.289819	172	117	55	0	0	0	0
AF	0	0.290131	148	93	55	0	0	0	0
AF	0	0.290443	156	101	55	0	0	0	0
AF	0	0.290756	182	113	69	0	0	0	0
AF	0	0.291068	170	111	59	0	0	0	0
AF	0	0.291380	174	116	58	0	0	0	0
AF	0	0.291693	186	132	54	0	0	0	0
AF	0	0.292005	167	106	61	0	0	0	0
AF	0	0.292317	184	127	57	0	0	0	0
AF	0	0.292630	205	134	71	0	0	0	0
AF	0	0.292942	190	127	63	0	0	0	0
AF	0	0.293254	167	127	40	0	0	0	0
AF	0	0.293567	166	118	48	0	0	0	0
AF	0	0.293879	167	113	54	0	0	0	0
AF	0	0.294191	208	143	65	0	0	0	0
AF	0	0.294503	188	127	61	0	0	0	0
AF	0	0.294816	203	126	77	0	0	0	0
AF	0	0.295128	190	135	55	0	0	0	0
AF	0	0.295440	179	129	50	0	0	0	0
AF	0	0.295753	199	122	77	0	0	0	0
AF	0	0.296065	143	95	48	0	0	0	0
AF	0	0.296377	157	100	57	0	0	0	0
AF	0	0.296690	156	103	53	0	0	0	0
AF	0	0.297002	148	97	51	0	0	0	0
AF	0	0.297314	145	93	52	0	0	0	0
AF	0	0.297626	169	101	68	0	0	0	0
AF	0	0.297939	164	97	67	0	0	0	0
AF	0	0.298251	141	101	40	0	0	0	0
AF	0	0.298563	169	112	57	0	0	0	0
AF	0	0.298876	230	151	79	0	0	0	0
AF	0	0.299188	179	119	60	0	0	0	0
AF	0	0.299500	153	98	55	0	0	0	0
AF	0	0.299813	180	127	53	0	0	0	0
AF	0	0.300125	148	94	54	0	0	0	0
AF	0	0.300437	135	93	42	0	0	0	0
AF	0	0.300750	173	117	56	0	0	0	0
AF	0	0.301062	134	92	42	0	0	0	0
AF	0	0.301374	163	108	55	0	0	0	0
AF	0	0.301686	171	119	52	0	0	0	0
AF	0	0.301999	155	92	63	0	0	0	0
AF	0	0.302311	155	94	61	0	0	0	0
AF	0	0.302623	160	109	51	0	0	0	0
AF	0	0.302936	147	93	54	0	0	0	0
AF	0	0.303248	140	99	41	0	0	0	0
AF	0	0.303560	157	107	50	0	0	0	0
AF	0	0.303873	131	95	36	0	0	0	0
AF	0	0.304185	150	106	44	0	0	0	0
AF	0	0.304497	143	90	53	0	0	0	0
AF	0	0.304809	142	98	44	0	0	0	0
AF	0	0.305122	154	100	54	0	0	0	0
AF	0	0.305434	173	121	52	0	0	0	0
AF	0	0.305746	189	133	56	0	0	0	0
AF	0	0.306059	163	112	51	0	0	0	0
AF	0	0.306371	150	94	56	0	0	0	0
AF	0	0.306683	148	103	45	0	0	0	0
AF	0	0.306996	163	107	56	0	0	0	0
AF	0	0.307308	176	109	67	0	0	0	0
AF	0	0.307620	153	103	50	0	0	0	0
AF	0	0.307933	197	146	51	0	0	0	0
AF	0	0.308245	157	109	48	0	0	0	0
AF	0	0.308557	231	153	78	0	0	0	0
AF	0	0.308869	156	103	53	0	0	0	0
AF	0	0.309182	158	105	53	0	0	0	0
AF	0	0.309494	134	96	38	0	0	0	0
AF	0	0.309806	140	88	52	0	0	0	0
AF	0	0.310119	139	91	48	0	0	0	0
AF	0	0.310431	205	139	66	0	0	0	0
AF	0	0.310743	148	88	60	0	0	0	0
AF	0	0.311056	156	113	43	0	0	0	0
AF	0	0.311368	131	87	44	0	0	0	0
AF	0	0.311680	150	104	46	0	0	0	0
AF	0	0.311993	177	128	49	0	0	0	0
AF	0	0.312305	141	90	51	0	0	0	0
AF	0	0.312617	153	95	58	0	0	0	0
AF	0	0.312929	123	73	50	0	0	0	0
AF	0	0.313242	149	110	39	0	0	0	0
AF	0	0.313554	151	109	42	0	0	0	0
AF	0	0.313866	149	97	52	0	0	0	0
AF	0	0.314179	139	93	46	0	0	0	0
AF	0	0.314491	152	103	49	0	0	0	0
AF	0	0.314803	156	108	48	0	0	0	0
AF	0	0.315116	172	112	60	0	0	0	0
AF	0	0.315428	153	102	51	0	0	0	0
AF	0	0.315740	155	99	56	0	0	0	0
AF	0	0.316052	165	116	49	0	0	0	0
AF	0	0.316365	158	107	51	0	0	0	0
AF	0	0.316677	162	114	48	0	0	0	0
AF	0	0.316989	159	99	60	0	0	0	0
AF	0	0.317302	187	132	55	0	0	0	0
AF	0	0.317614	162	108	54	0	0	0	0
AF	0	0.317926	155	98	57	0	0	0	0
AF	0	0.318239	141	82	59	0	0	0	0
AF	0	0.318551	220	138	82	0	0	0	0
AF	0	0.318863	162	112	50	0	0	0	0
AF	0	0.319176	152	99	53	0	0	0	0
AF	0	0.319488	168	113	55	0	0	0	0
AF	0	0.319800	177	118	59	0	0	0	0
AF	0	0.320112	175	104	71	0	0	0	0
AF	0	0.320425	197	128	69	0	0	0	0
AF	0	0.320737	144	97	47	0	0	0	0
AF	0	0.321049	188	119	69	0	0	0	0
AF	0	0.321362	171	112	59	0	0	0	0
AF	0	0.321674	200	121	79	0	0	0	0
AF	0	0.321986	153	102	51	0	0	0	0
AF	0	0.322299	175	116	59	0	0	0	0
AF	0	0.322611	158	108	50	0	0	0	0
AF	0	0.322923	166	105	61	0	0	0	0
AF	0	0.323235	181	117	64	0	0	0	0
AF	0	0.323548	151	94	57	0	0	0	0
AF	0	0.323860	139	104	35	0	0	0	0
AF	0	0.324172	171	112	59	0	0	0	0
AF	0	0.324485	140	91	49	0	0	0	0
AF	0	0.324797	168	112	56	0	0	0	0
AF	0	0.325109	166	125	41	0	0	0	0
AF	0	0.325422	134	84	50	0	0	0	0
AF	0	0.325734	153	90	63	0	0	0	0
AF	0	0.326046	120	78	42	0	0	0	0
AF	0	0.326359	150	102	48	0	0	0	0
AF	0	0.326671	149	104	45	0	0	0	0
AF	0	0.326983	138	102	36	0	0	0	0
AF	0	0.327295	162	104	58	0	0	0	0
AF	0	0.327608	177	120	57	0	0	0	0
AF	0	0.327920	150	113	37	0	0	0	0
AF	0	0.328232	151	97	54	0	0	0	0
AF	0	0.328545	159	100	59	0	0	0	0
AF	0	0.328857	169	115	54	0	0	0	0
AF	0	0.329169	138	89	49	0	0	0	0
AF	0	0.329482	204	139	65	0	0	0	0
AF	0	0.329794	193	126	67	0	0	0	0
AF	0	0.330106	195	132	63	0	0	0	0
AF	0	0.330418	145	104	41	0	0	0	0
AF	0	0.330731	136	99	37	0	0	0	0
AF	0	0.331043	149	97	52	0	0	0	0
AF	0	0.331355	153	102	51	0	0	0	0
AF	0	0.331668	207	148	59	0	0	0	0
AF	0	0.331980	125	80	45	0	0	0	0
AF	0	0.332292	148	104	44	0	0	0	0
AF	0	0.332605	110	81	29	0	0	0	0
AF	0	0.332917	151	100	51	0	0	0	0
AF	0	0.333229	148	88	60	0	0	0	0
AF	0	0.333542	171	112	59	0	0	0	0
AF	0	0.333854	163	126	37	0	0	0	0
AF	0	0.334166	151	103	48	0	0	0	0
AF	0	0.334478	148	99	49	0	0	0	0
AF	0	0.334791	129	85	44	0	0	0	0
AF	0	0.335103	120	81	39	0	0	0	0
AF	0	0.335415	139	99	40	0	0	0	0
AF	0	0.335728	126	81	45	0	0	0	0
AF	0	0.336040	125	90	35	0	0	0	0
AF	0	0.336352	131	80	51	0	0	0	0
AF	0	0.336665	151	98	53	0	0	0	0
AF	0	0.336977	117	76	41	0	0	0	0
AF	0	0.337289	153	99	54	0	0	0	0
AF	0	0.337601	139	96	43	0	0	0	0
AF	0	0.337914	147	97	50	0	0	0	0
AF	0	0.338226	143	96	47	0	0	0	0
AF	0	0.338538	163	117	46	0	0	0	0
AF	0	0.338851	156	102	54	0	0	0	0
AF	0	0.339163	155	111	44	0	0	0	0
AF	0	0.339475	154	102	52	0	0	0	0
AF	0	0.339788	176	117	59	0	0	0	0
AF	0	0.340100	134	87	47	0	0	0	0
AF	0	0.340412	175	115	60	0	0	0	0
AF	0	0.340725	187	117	70	0	0	0	0
AF	0	0.341037	154	87	67	0	0	0	0
AF	0	0.341349	171	112	59	0	0	0	0
AF	0	0.341661	146	97	49	0	0	0	0
AF	0	0.341974	173	126	47	0	0	0	0
AF	0	0.342286	196	131	65	0	0	0	0
AF	0	0.342598	147	98	49	0	0	0	0
AF	0	0.342911	141	100	41	0	0	0	0
AF	0	0.343223	174	117	57	0	0	0	0
AF	0	0.343535	153	107	46	0	0	0	0
AF	0	0.343848	140	91	49	0	0	0	0
AF	0	0.344160	151	104	47	0	0	0	0
AF	0	0.344472	170	109	61	0	0	0	0
AF	0	0.344785	183	123	60	0	0	0	0
AF	0	0.345097	168	115	53	0	0	0	0
AF	0	0.345409	150	97	53	0	0	0	0
AF	0	0.345721	135	94	41	0	0	0	0
AF	0	0.346034	160	100	60	0	0	0	0
AF	0	0.346346	144	98	46	0	0	0	0
AF	0	0.346658	158	104	54	0	0	0	0
AF	0	0.346971	129	87	42	0	0	0	0
AF	0	0.347283	189	131	58	0	0	0	0
AF	0	0.347595	144	91	53	0	0	0	0
AF	0	0.347908	142	89	53	0	0	0	0
AF	0	0.348220	146	93	53	0	0	0	0
AF	0	0.348532	137	89	48	0	0	0	0
AF	0	0.348844	147	86	61	0	0	0	0
AF	0	0.349157	173	114	59	0	0	0	0
AF	0	0.349469	175	112	63	0	0	0	0
AF	0	0.349781	177	117	60	0	0	0	0
AF	0	0.350094	141	96	45	0	0	0	0
AF	0	0.350406	158	107	51	0	0	0	0
AF	0	0.350718	145	105	40	0	0	0	0
AF	0	0.351031	152	97	55	0	0	0	0
AF	0	0.351343	151	94	57	0	0	0	0
AF	0	0.351655	180	118	62	0	0	0	0
AF	0	0.351968	177	133	44	0	0	0	0
AF	0	0.352280	142	83	59	0	0	0	0
AF	0	0.352592	165	109	56	0	0	0	0
AF	0	0.352904	119	81	38	0	0	0	0
AF	0	0.353217	151	99	52	0	0	0	0
AF	0	0.353529	113	75	38	0	0	0	0
AF	0	0.353841	193	125	68	0	0	0	0
AF	0	0.354154	137	85	52	0	0	0	0
AF	0	0.354466	182	132	50	0	0	0	0
AF	0	0.354778	140	80	60	0	0	0	0
AF	0	0.355091	144	89	55	0	0	0	0
AF	0	0.355403	145	98	47	0	0	0	0
AF	0	0.355715	129	76	53	0	0	0	0
AF	0	0.356027	139	94	45	0	0	0	0
AF	0	0.356340	131	96	35	0	0	0	0
AF	0	0.356652	189	127	62	0	0	0	0
AF	0	0.356964	170	104	66	0	0	0	0
AF	0	0.357277	150	102	48	0	0	0	0
AF	0	0.357589	153	102	51	0	0	0	0
AF	0	0.357901	166	109	57	0	0	0	0
AF	0	0.358214	148	107	41	0	0	0	0
AF	0	0.358526	141	99	42	0	0	0	0
AF	0	0.358838	127	88	39	0	0	0	0
AF	0	0.359151	111	84	27	0	0	0	0
AF	0	0.359463	131	84	47	0	0	0	0
AF	0	0.359775	101	73	28	0	0	0	0
AF	0	0.360087	134	93	41	0	0	0	0
AF	0	0.360400	135	84	51	0	0	0	0
AF	0	0.360712	143	97	46	0	0	0	0
AF	0	0.361024	130	89	41	0	0	0	0
AF	0	0.361337	159	105	54	0	0	0	0
AF	0	0.361649	179	120	59	0	0	0	0
AF	0	0.361961	138	92	46	0	0	0	0
AF	0	0.362274	147	101	46	0	0	0	0
AF	0	0.362586	122	81	41	0	0	0	0
AF	0	0.362898	124	90	34	0	0	0	0
AF	0	0.363210	168	112	56	0	0	0	0
AF	0	0.363523	141	94	47	0	0	0	0
AF	0	0.363835	138	93	45	0	0	0	0
AF	0	0.364147	203	133	70	0	0	0	0
AF	0	0.364460	158	110	48	0	0	0	0
AF	0	0.364772	119	77	42	0	0	0	0
AF	0	0.365084	120	72	48	0	0	0	0
AF	0	0.365397	148	87	61	0	0	0	0
AF	0	0.365709	132	84	48	0	0	0	0
AF	0	0.366021	124	85	39	0	0	0	0
AF	0	0.366334	165	122	43	0	0	0	0
AF	0	0.366646	149	101	48	0	0	0	0
AF	0	0.366958	109	64	45	0	0	0	0
AF	0	0.367270	125	75	50	0	0	0	0
AF	0	0.367583	156	119	37	0	0	0	0
AF	0	0.367895	126	85	41	0	0	0	0
AF	0	0.368207	124	77	47	0	0	0	0
AF	0	0.368520	132	85	47	0	0	0	0
AF	0	0.368832	153	104	49	0	0	0	0
AF	0	0.369144	129	80	49	0	0	0	0
AF	0	0.369457	135	84	51	0	0	0	0
AF	0	0.369769	145	101	44	0	0	0	0
AF	0	0.370081	151	102	49	0	0	0	0
AF	0	0.370394	155	111	44	0	0	0	0
AF	0	0.370706	167	108	59	0	0	0	0
AF	0	0.371018	124	77	47	0	0	0	0
AF	0	0.371330	145	88	57	0	0	0	0
AF	0	0.371643	111	78	33	0	0	0	0
AF	0	0.371955	146	107	39	0	0	0	0
AF	0	0.372267	136	94	42	0	0	0	0
AF	0	0.372580	126	88	38	0	0	0	0
AF	0	0.372892	136	87	49	0	0	0	0
AF	0	0.373204	146	101	45	0	0	0	0
AF	0	0.373517	154	100	54	0	0	0	0
AF	0	0.373829	153	96	57	0	0	0	0
AF	0	0.374141	138	98	40	0	0	0	0
AF	0	0.374453	147	102	45	0	0	0	0
AF	0	0.374766	126	77	49	0	0	0	0
AF	0	0.375078	147	102	45	0	0	0	0
AF	0	0.375390	144	100	44	0	0	0	0
AF	0	0.375703	137	92	45	0	0	0	0
AF	0	0.376015	138	94	44	0	0	0	0
AF	0	0.376327	132	87	45	0	0	0	0
AF	0	0.376640	122	90	32	0	0	0	0
AF	0	0.376952	149	108	41	0	0	0	0
AF	0	0.377264	156	114	42	0	0	0	0
AF	0	0.377577	157	116	41	0	0	0	0
AF	0	0.377889	145	99	46	0	0	0	0
AF	0	0.378201	138	100	38	0	0	0	0
AF	0	0.378513	129	91	38	0	0	0	0
AF	0	0.378826	135	94	41	0	0	0	0
AF	0	0.379138	119	81	38	0	0	0	0
AF	0	0.379450	150	98	52	0	0	0	0
AF	0	0.379763	148	99	49	0	0	0	0
AF	0	0.380075	129	84	45	0	0	0	0
AF	0	0.380387	142	110	32	0	0	0	0
AF	0	0.380700	133	82	51	0	0	0	0
AF	0	0.381012	112	76	36	0	0	0	0
AF	0	0.381324	104	70	34	0	0	0	0
AF	0	0.381636	110	74	36	0	0	0	0
AF	0	0.381949	118	77	41	0	0	0	0
AF	0	0.382261	136	87	49	0	0	0	0
AF	0	0.382573	122	75	47	0	0	0	0
AF	0	0.382886	100	62	38	0	0	0	0
AF	0	0.383198	128	79	49	0	0	0	0
AF	0	0.383510	107	69	38	0	0	0	0
AF	0	0.383823	127	87	40	0	0	0	0
AF	0	0.384135	142	104	38	0	0	0	0
AF	0	0.384447	156	93	63	0	0	0	0
AF	0	0.384760	136	88	48	0	0	0	0
AF	0	0.385072	121	85	36	0	0	0	0
AF	0	0.385384	155	95	60	0	0	0	0
AF	0	0.385696	118	77	41	0	0	0	0
AF	0	0.386009	110	76	34	0	0	0	0
AF	0	0.386321	135	90	45	0	0	0	0
AF	0	0.386633	112	84	28	0	0	0	0
AF	0	0.386946	129	87	42	0	0	0	0
AF	0	0.387258	157	103	54	0	0	0	0
AF	0	0.387570	126	80	46	0	0	0	0
AF	0	0.387883	116	78	38	0	0	0	0
AF	0	0.388195	160	101	59	0	0	0	0
AF	0	0.388507	144	87	57	0	0	0	0
AF	0	0.388819	142	97	45	0	0	0	0
AF	0	0.389132	127	87	40	0	0	0	0
AF	0	0.389444	98	68	30	0	0	0	0
AF	0	0.389756	134	87	47	0	0	0	0
AF	0	0.390069	170	119	51	0	0	0	0
AF	0	0.390381	111	75	36	0	0	0	0
AF	0	0.390693	117	77	40	0	0	0	0
AF	0	0.391006	103	65	38	0	0	0	0
AF	0	0.391318	136	80	56	0	0	0	0
AF	0	0.391630	136	96	40	0	0	0	0
AF	0	0.391943	133	83	50	0	0	0	0
AF	0	0.392255	130	89	41	0	0	0	0
AF	0	0.392567	148	97	51	0	0	0	0
AF	0	0.392879	150	105	45	0	0	0	0
AF	0	0.393192	134	89	45	0	0	0	0
AF	0	0.393504	127	86	41	0	0	0	0
AF	0	0.393816	170	112	58	0	0	0	0
AF	0	0.394129	138	85	53	0	0	0	0
AF	0	0.394441	155	108	47	0	0	0	0
AF	0	0.394753	127	76	51	0	0	0	0
AF	0	0.395066	124	83	41	0	0	0	0
AF	0	0.395378	133	92	41	0	0	0	0
AF	0	0.395690	127	85	42	0	0	0	0
AF	0	0.396002	134	87	47	0	0	0	0
AF	0	0.396315	121	83	38	0	0	0	0
AF	0	0.396627	119	82	37	0	0	0	0
AF	0	0.396939	116	78	38	0	0	0	0
AF	0	0.397252	115	86	29	0	0	0	0
AF	0	0.397564	140	93	47	0	0	0	0
AF	0	0.397876	154	106	48	0	0	0	0
AF	0	0.398189	141	102	39	0	0	0	0
AF	0	0.398501	133	95	38	0	0	0	0
AF	0	0.398813	121	87	34	0	0	0	0
AF	0	0.399126	119	73	46	0	0	0	0
AF	0	0.399438	112	70	42	0	0	0	0
AF	0	0.399750	142	89	53	0	0	0	0
AF	0	0.400062	97	72	25	0	0	0	0
AF	0	0.400375	110	69	41	0	0	0	0
AF	0	0.400687	112	67	45	0	0	0	0
AF	0	0.400999	123	82	41	0	0	0	0
AF	0	0.401312	112	77	35	0	0	0	0
AF	0	0.401624	104	71	33	0	0	0	0
AF	0	0.401936	147	106	41	0	0	0	0
AF	0	0.402249	115	76	39	0	0	0	0
AF	0	0.402561	124	84	40	0	0	0	0
AF	0	0.402873	114	73	41	0	0	0	0
AF	0	0.403186	119	78	41	0	0	0	0
AF	0	0.403498	105	71	34	0	0	0	0
AF	0	0.403810	129	77	52	0	0	0	0
AF	0	0.404122	134	83	51	0	0	0	0
AF	0	0.404435	99	64	35	0	0	0	0
AF	0	0.404747	87	48	39	0	0	0	0
AF	0	0.405059	108	67	41	0	0	0	0
AF	0	0.405372	110	78	32	0	0	0	0
AF	0	0.405684	125	77	48	0	0	0	0
AF	0	0.405996	102	70	32	0	0	0	0
AF	0	0.406309	121	88	33	0	0	0	0
AF	0	0.406621	121	83	38	0	0	0	0
AF	0	0.406933	113	70	43	0	0	0	0
AF	0	0.407245	99	66	33	0	0	0	0
AF	0	0.407558	122	90	32	0	0	0	0
AF	0	0.407870	167	111	56	0	0	0	0
AF	0	0.408182	127	96	31	0	0	0	0
AF	0	0.408495	129	83	46	0	0	0	0
AF	0	0.408807	107	76	31	0	0	0	0
AF	0	0.409119	118	83	35	0	0	0	0
AF	0	0.409432	135	98	37	0	0	0	0
AF	0	0.409744	111	70	41	0	0	0	0
AF	0	0.410056	149	99	50	0	0	0	0
AF	0	0.410369	188	126	62	0	0	0	0
AF	0	0.410681	149	101	48	0	0	0	0
AF	0	0.410993	140	86	54	0	0	0	0
AF	0	0.411305	129	81	48	0	0	0	0
AF	0	0.411618	111	77	34	0	0	0	0
AF	0	0.411930	135	92	43	0	0	0	0
AF	0	0.412242	95	72	23	0	0	0	0
AF	0	0.412555	179	121	58	0	0	0	0
AF	0	0.412867	132	90	42	0	0	0	0
AF	0	0.413179	125	76	49	0	0	0	0
AF	0	0.413492	138	90	48	0	0	0	0
AF	0	0.413804	122	85	37	0	0	0	0
AF	0	0.414116	159	113	46	0	0	0	0
AF	0	0.414428	156	91	65	0	0	0	0
AF	0	0.414741	134	76	58	0	0	0	0
AF	0	0.415053	101	63	38	0	0	0	0
AF	0	0.415365	125	80	45	0	0	0	0
AF	0	0.415678	110	73	37	0	0	0	0
AF	0	0.415990	99	64	35	0	0	0	0
AF	0	0.416302	132	77	55	0	0	0	0
AF	0	0.416615	119	83	36	0	0	0	0
AF	0	0.416927	125	89	36	0	0	0	0
AF	0	0.417239	109	72	37	0	0	0	0
AF	0	0.417552	110	78	32	0	0	0	0
AF	0	0.417864	116	80	36	0	0	0	0
AF	0	0.418176	109	78	31	0	0	0	0
AF	0	0.418488	128	83	45	0	0	0	0
AF	0	0.418801	113	74	39	0	0	0	0
AF	0	0.419113	122	86	36	0	0	0	0
AF	0	0.419425	121	81	40	0	0	0	0
AF	0	0.419738	92	56	36	0	0	0	0
AF	0	0.420050	92	65	27	0	0	0	0
AF	0	0.420362	125	84	41	0	0	0	0
AF	0	0.420675	125	88	37	0	0	0	0
AF	0	0.420987	101	55	46	0	0	0	0
AF	0	0.421299	132	96	36	0	0	0	0
AF	0	0.421611	116	80	36	0	0	0	0
AF	0	0.421924	86	60	26	0	0	0	0
AF	0	0.422236	117	85	32	0	0	0	0
AF	0	0.422548	97	60	37	0	0	0	0
AF	0	0.422861	92	61	31	0	0	0	0
AF	0	0.423173	96	64	32	0	0	0	0
AF	0	0.423485	96	62	34	0	0	0	0
AF	0	0.423798	119	76	43	0	0	0	0
AF	0	0.424110	131	96	35	0	0	0	0
AF	0	0.424422	89	64	25	0	0	0	0
AF	0	0.424735	84	61	23	0	0	0	0
AF	0	0.425047	111	74	37	0	0	0	0
AF	0	0.425359	102	65	37	0	0	0	0
AF	0	0.425671	90	60	30	0	0	0	0
AF	0	0.425984	101	71	30	0	0	0	0
AF	0	0.426296	106	66	40	0	0	0	0
AF	0	0.426608	124	81	43	0	0	0	0
AF	0	0.426921	127	84	43	0	0	0	0
AF	0	0.427233	91	61	30	0	0	0	0
AF	0	0.427545	113	75	38	0	0	0	0
AF	0	0.427858	138	91	47	0	0	0	0
AF	0	0.428170	141	86	55	0	0	0	0
AF	0	0.428482	103	74	29	0	0	0	0
AF	0	0.428795	122	91	31	0	0	0	0
AF	0	0.429107	133	92	41	0	0	0	0
AF	0	0.429419	112	84	28	0	0	0	0
AF	0	0.429731	105	67	38	0	0	0	0
AF	0	0.430044	114	64	50	0	0	0	0
AF	0	0.430356	98	62	36	0	0	0	0
AF	0	0.430668	90	54	36	0	0	0	0
AF	0	0.430981	115	79	36	0	0	0	0
AF	0	0.431293	89	65	24	0	0	0	0
AF	0	0.431605	109	69	40	0	0	0	0
AF	0	0.431918	111	81	30	0	0	0	0
AF	0	0.432230	87	57	30	0	0	0	0
AF	0	0.432542	83	52	31	0	0	0	0
AF	0	0.432854	95	60	35	0	0	0	0
AF	0	0.433167	98	72	26	0	0	0	0
AF	0	0.433479	94	57	37	0	0	0	0
AF	0	0.433791	104	69	35	0	0	0	0
AF	0	0.434104	113	75	38	0	0	0	0
AF	0	0.434416	103	68	35	0	0	0	0
AF	0	0.434728	114	82	32	0	0	0	0
AF	0	0.435041	101	73	28	0	0	0	0
AF	0	0.435353	96	68	28	0	0	0	0
AF	0	0.435665	107	70	37	0	0	0	0
AF	0	0.435978	118	87	31	0	0	0	0
AF	0	0.436290	115	71	44	0	0	0	0
AF	0	0.436602	105	68	37	0	0	0	0
AF	0	0.436914	110	71	39	0	0	0	0
AF	0	0.437227	88	59	29	0	0	0	0
AF	0	0.437539	91	64	27	0	0	0	0
AF	0	0.437851	101	74	27	0	0	0	0
AF	0	0.438164	125	83	42	0	0	0	0
AF	0	0.438476	104	62	42	0	0	0	0
AF	0	0.438788	99	71	28	0	0	0	0
AF	0	0.439101	100	77	23	0	0	0	0
AF	0	0.439413	115	81	34	0	0	0	0
AF	0	0.439725	138	85	53	0	0	0	0
AF	0	0.440037	119	79	40	0	0	0	0
AF	0	0.440350	108	66	42	0	0	0	0
AF	0	0.440662	100	73	27	0	0	0	0
AF	0	0.440974	122	82	40	0	0	0	0
AF	0	0.441287	116	70	46	0	0	0	0
AF	0	0.441599	121	85	36	0	0	0	0
AF	0	0.441911	100	69	31	0	0	0	0
AF	0	0.442224	110	70	40	0	0	0	0
AF	0	0.442536	86	59	27	0	0	0	0
AF	0	0.442848	78	42	36	0	0	0	0
AF	0	0.443161	95	64	31	0	0	0	0
AF	0	0.443473	81	54	27	0	0	0	0
AF	0	0.443785	127	91	36	0	0	0	0
AF	0	0.444097	122	89	33	0	0	0	0
AF	0	0.444410	143	92	51	0	0	0	0
AF	0	0.444722	119	81	38	0	0	0	0
AF	0	0.445034	90	63	27	0	0	0	0
AF	0	0.445347	91	62	29	0	0	0	0
AF	0	0.445659	109	68	41	0	0	0	0
AF	0	0.445971	134	88	46	0	0	0	0
AF	0	0.446284	109	75	34	0	0	0	0
AF	0	0.446596	116	82	34	0	0	0	0
AF	0	0.446908	119	81	38	0	0	0	0
AF	0	0.447220	106	80	26	0	0	0	0
AF	0	0.447533	101	59	42	0	0	0	0
AF	0	0.447845	101	67	34	0	0	0	0
AF	0	0.448157	113	77	36	0	0	0	0
AF	0	0.448470	105	75	30	0	0	0	0
AF	0	0.448782	93	60	33	0	0	0	0
AF	0	0.449094	112	67	45	0	0	0	0
AF	0	0.449407	95	62	33	0	0	0	0
AF	0	0.449719	93	64	29	0	0	0	0
AF	0	0.450031	109	78	31	0	0	0	0
AF	0	0.450344	100	64	36	0	0	0	0
AF	0	0.450656	108	76	32	0	0	0	0
AF	0	0.450968	115	82	33	0	0	0	0
AF	0	0.451280	106	69	37	0	0	0	0
AF	0	0.451593	102	70	32	0	0	0	0
AF	0	0.451905	128	88	40	0	0	0	0
AF	0	0.452217	117	80	37	0	0	0	0
AF	0	0.452530	152	98	54	0	0	0	0
AF	0	0.452842	98	66	32	0	0	0	0
AF	0	0.453154	117	87	30	0	0	0	0
AF	0	0.453467	129	91	38	0	0	0	0
AF	0	0.453779	105	74	31	0	0	0	0
AF	0	0.454091	98	70	28	0	0	0	0
AF	0	0.454403	80	48	32	0	0	0	0
AF	0	0.454716	84	55	29	0	0	0	0
AF	0	0.455028	84	56	28	0	0	0	0
AF	0	0.455340	98	63	35	0	0	0	0
AF	0	0.455653	98	62	36	0	0	0	0
AF	0	0.455965	124	88	36	0	0	0	0
AF	0	0.456277	134	82	52	0	0	0	0
AF	0	0.456590	127	88	39	0	0	0	0
AF	0	0.456902	112	84	28	0	0	0	0
AF	0	0.457214	104	81	23	0	0	0	0
AF	0	0.457527	106	72	34	0	0	0	0
AF	0	0.457839	113	74	39	0	0	0	0
AF	0	0.458151	129	81	48	0	0	0	0
AF	0	0.458463	146	97	49	0	0	0	0
AF	0	0.458776	146	101	45	0	0	0	0
AF	0	0.459088	116	87	29	0	0	0	0
AF	0	0.459400	93	56	37	0	0	0	0
AF	0	0.459713	106	68	38	0	0	0	0
AF	0	0.460025	133	90	43	0	0	0	0
AF	0	0.460337	101	63	38	0	0	0	0
AF	0	0.460650	129	81	48	0	0	0	0
AF	0	0.460962	109	79	30	0	0	0	0
AF	0	0.461274	101	72	29	0	0	0	0
AF	0	0.461587	120	84	36	0	0	0	0
AF	0	0.461899	132	95	37	0	0	0	0
AF	0	0.462211	111	76	35	0	0	0	0
AF	0	0.462523	129	97	32	0	0	0	0
AF	0	0.462836	92	64	28	0	0	0	0
AF	0	0.463148	103	72	31	0	0	0	0
AF	0	0.463460	99	71	28	0	0	0	0
AF	0	0.463773	84	52	32	0	0	0	0
AF	0	0.464085	110	76	34	0	0	0	0
AF	0	0.464397	96	67	29	0	0	0	0
AF	0	0.464710	85	52	33	0	0	0	0
AF	0	0.465022	81	53	28	0	0	0	0
AF	0	0.465334	98	64	34	0	0	0	0
AF	0	0.465646	105	72	33	0	0	0	0
AF	0	0.465959	107	70	37	0	0	0	0
AF	0	0.466271	133	89	44	0	0	0	0
AF	0	0.466583	87	53	34	0	0	0	0
AF	0	0.466896	99	70	29	0	0	0	0
AF	0	0.467208	119	81	38	0	0	0	0
AF	0	0.467520	120	79	41	0	0	0	0
AF	0	0.467833	105	65	40	0	0	0	0
AF	0	0.468145	153	105	48	0	0	0	0
AF	0	0.468457	124	87	37	0	0	0	0
AF	0	0.468770	88	57	31	0	0	0	0
AF	0	0.469082	98	72	26	0	0	0	0
AF	0	0.469394	83	46	37	0	0	0	0
AF	0	0.469706	82	60	22	0	0	0	0
AF	0	0.470019	88	58	30	0	0	0	0
AF	0	0.470331	113	78	35	0	0	0	0
AF	0	0.470643	99	61	38	0	0	0	0
AF	0	0.470956	126	80	46	0	0	0	0
AF	0	0.471268	127	91	36	0	0	0	0
AF	0	0.471580	106	71	35	0	0	0	0
AF	0	0.471893	107	71	36	0	0	0	0
AF	0	0.472205	126	84	42	0	0	0	0
AF	0	0.472517	131	81	50	0	0	0	0
AF	0	0.472829	109	72	37	0	0	0	0
AF	0	0.473142	103	72	31	0	0	0	0
AF	0	0.473454	117	76	41	0	0	0	0
AF	0	0.473766	161	100	61	0	0	0	0
AF	0	0.474079	96	66	30	0	0	0	0
AF	0	0.474391	88	58	30	0	0	0	0
AF	0	0.474703	117	83	34	0	0	0	0
AF	0	0.475016	107	70	37	0	0	0	0
AF	0	0.475328	112	73	39	0	0	0	0
AF	0	0.475640	129	86	43	0	0	0	0
AF	0	0.475953	97	61	36	0	0	0	0
AF	0	0.476265	132	85	47	0	0	0	0
AF	0	0.476577	127	81	46	0	0	0	0
AF	0	0.476889	127	82	45	0	0	0	0
AF	0	0.477202	103	63	40	0	0	0	0
AF	0	0.477514	108	71	37	0	0	0	0
AF	0	0.477826	127	91	36	0	0	0	0
AF	0	0.478139	127	70	57	0	0	0	0
AF	0	0.478451	108	72	36	0	0	0	0
AF	0	0.478763	129	90	39	0	0	0	0
AF	0	0.479076	119	71	48	0	0	0	0
AF	0	0.479388	127	81	46	0	0	0	0
AF	0	0.479700	107	70	37	0	0	0	0
AF	0	0.480012	126	89	37	0	0	0	0
AF	0	0.480325	111	71	40	0	0	0	0
AF	0	0.480637	120	80	40	0	0	0	0
AF	0	0.480949	129	89	40	0	0	0	0
AF	0	0.481262	91	64	27	0	0	0	0
AF	0	0.481574	99	61	38	0	0	0	0
AF	0	0.481886	94	67	27	0	0	0	0
AF	0	0.482199	78	61	17	0	0	0	0
AF	0	0.482511	110	76	34	0	0	0	0
AF	0	0.482823	116	79	37	0	0	0	0
AF	0	0.483136	88	59	29	0	0	0	0
AF	0	0.483448	97	70	27	0	0	0	0
AF	0	0.483760	99	68	31	0	0	0	0
AF	0	0.484072	122	77	45	0	0	0	0
AF	0	0.484385	156	113	43	0	0	0	0
AF	0	0.484697	85	52	33	0	0	0	0
AF	0	0.485009	108	60	48	0	0	0	0
AF	0	0.485322	121	75	46	0	0	0	0
AF	0	0.485634	100	65	35	0	0	0	0
AF	0	0.485946	111	72	39	0	0	0	0
AF	0	0.486259	98	59	39	0	0	0	0
AF	0	0.486571	91	56	35	0	0	0	0
AF	0	0.486883	95	51	44	0	0	0	0
AF	0	0.487196	97	73	24	0	0	0	0
AF	0	0.487508	91	62	29	0	0	0	0
AF	0	0.487820	90	69	21	0	0	0	0
AF	0	0.488132	143	95	48	0	0	0	0
AF	0	0.488445	109	69	40	0	0	0	0
AF	0	0.488757	109	65	44	0	0	0	0
AF	0	0.489069	81	56	25	0	0	0	0
AF	0	0.489382	104	65	39	0	0	0	0
AF	0	0.489694	84	60	24	0	0	0	0
AF	0	0.490006	78	51	27	0	0	0	0
AF	0	0.490319	123	86	37	0	0	0	0
AF	0	0.490631	105	73	32	0	0	0	0
AF	0	0.490943	85	56	29	0	0	0	0
AF	0	0.491255	88	63	25	0	0	0	0
AF	0	0.491568	82	54	28	0	0	0	0
AF	0	0.491880	90	54	36	0	0	0	0
AF	0	0.492192	115	75	40	0	0	0	0
AF	0	0.492505	110	75	35	0	0	0	0
AF	0	0.492817	110	81	29	0	0	0	0
AF	0	0.493129	93	66	27	0	0	0	0
AF	0	0.493442	95	59	36	0	0	0	0
AF	0	0.493754	118	72	46	0	0	0	0
AF	0	0.494066	119	80	39	0	0	0	0
AF	0	0.494379	127	87	40	0	0	0	0
AF	0	0.494691	101	67	34	0	0	0	0
AF	0	0.495003	115	83	32	0	0	0	0
AF	0	0.495315	123	90	33	0	0	0	0
AF	0	0.495628	89	63	26	0	0	0	0
AF	0	0.495940	75	52	23	0	0	0	0
AF	0	0.496252	98	72	26	0	0	0	0
AF	0	0.496565	95	69	26	0	0	0	0
AF	0	0.496877	81	61	20	0	0	0	0
AF	0	0.497189	82	52	30	0	0	0	0
AF	0	0.497502	76	54	22	0	0	0	0
AF	0	0.497814	115	74	41	0	0	0	0
AF	0	0.498126	77	56	21	0	0	0	0
AF	0	0.498438	99	70	29	0	0	0	0
AF	0	0.498751	119	78	41	0	0	0	0
AF	0	0.499063	103	69	34	0	0	0	0
AF	0	0.499375	93	65	28	0	0	0	0
AF	0	0.499688	142	92	50	0	0	0	0
AF	0	0.500000	84	57	27	0	0	0	0
AF	0	0.500312	61	34	27	0	0	0	0
AF	0	0.500625	82	56	26	0	0	0	0
AF	0	0.500937	103	70	33	0	0	0	0
AF	0	0.501249	78	61	17	0	0	0	0
AF	0	0.501562	86	52	34	0	0	0	0
AF	0	0.501874	95	75	20	0	0	0	0
AF	0	0.502186	80	51	29	0	0	0	0
AF	0	0.502498	72	48	24	0	0	0	0
AF	0	0.502811	82	55	27	0	0	0	0
AF	0	0.503123	91	64	27	0	0	0	0
AF	0	0.503435	80	55	25	0	0	0	0
AF	0	0.503748	94	52	42	0	0	0	0
AF	0	0.504060	78	48	30	0	0	0	0
AF	0	0.504372	92	62	30	0	0	0	0
AF	0	0.504685	102	66	36	0	0	0	0
AF	0	0.504997	97	67	30	0	0	0	0
AF	0	0.505309	96	58	38	0	0	0	0
AF	0	0.505621	108	79	29	0	0	0	0
AF	0	0.505934	88	60	28	0	0	0	0
AF	0	0.506246	95	62	33	0	0	0	0
AF	0	0.506558	91	61	30	0	0	0	0
AF	0	0.506871	105	75	30	0	0	0	0
AF	0	0.507183	102	70	32	0	0	0	0
AF	0	0.507495	107	72	35	0	0	0	0
AF	0	0.507808	90	67	23	0	0	0	0
AF	0	0.508120	104	76	28	0	0	0	0
AF	0	0.508432	119	79	40	0	0	0	0
AF	0	0.508745	83	54	29	0	0	0	0
AF	0	0.509057	95	62	33	0	0	0	0
AF	0	0.509369	86	61	25	0	0	0	0
AF	0	0.509681	109	79	30	0	0	0	0
AF	0	0.509994	91	61	30	0	0	0	0
AF	0	0.510306	89	55	34	0	0	0	0
AF	0	0.510618	108	64	44	0	0	0	0
AF	0	0.510931	94	65	29	0	0	0	0
AF	0	0.511243	96	74	22	0	0	0	0
AF	0	0.511555	115	76	39	0	0	0	0
AF	0	0.511868	98	59	39	0	0	0	0
AF	0	0.512180	89	64	25	0	0	0	0
AF	0	0.512492	99	66	33	0	0	0	0
AF	0	0.512804	85	54	31	0	0	0	0
AF	0	0.513117	95	65	30	0	0	0	0
AF	0	0.513429	79	53	26	0	0	0	0
AF	0	0.513741	95	56	39	0	0	0	0
AF	0	0.514054	95	66	29	0	0	0	0
AF	0	0.514366	87	59	28	0	0	0	0
AF	0	0.514678	102	65	37	0	0	0	0
AF	0	0.514991	77	50	27	0	0	0	0
AF	0	0.515303	115	77	38	0	0	0	0
AF	0	0.515615	125	81	44	0	0	0	0
AF	0	0.515928	99	67	32	0	0	0	0
AF	0	0.516240	106	68	38	0	0	0	0
AF	0	0.516552	101	65	36	0	0	0	0
AF	0	0.516864	78	56	22	0	0	0	0
AF	0	0.517177	75	38	37	0	0	0	0
AF	0	0.517489	74	53	21	0	0	0	0
AF	0	0.517801	82	54	28	0	0	0	0
AF	0	0.518114	87	56	31	0	0	0	0
AF	0	0.518426	68	52	16	0	0	0	0
AF	0	0.518738	114	73	41	0	0	0	0
AF	0	0.519051	133	86	47	0	0	0	0
AF	0	0.519363	151	91	60	0	0	0	0
AF	0	0.519675	101	58	43	0	0	0	0
AF	0	0.519988	118	78	40	0	0	0	0
AF	0	0.520300	128	81	47	0	0	0	0
AF	0	0.520612	123	86	37	0	0	0	0
AF	0	0.520924	108	67	41	0	0	0	0
AF	0	0.521237	101	69	32	0	0	0	0
AF	0	0.521549	100	65	35	0	0	0	0
AF	0	0.521861	128	91	37	0	0	0	0
AF	0	0.522174	85	56	29	0	0	0	0
AF	0	0.522486	116	79	37	0	0	0	0
AF	0	0.522798	101	64	37	0	0	0	0
AF	0	0.523111	82	53	29	0	0	0	0
AF	0	0.523423	75	54	21	0	0	0	0
AF	0	0.523735	98	62	36	0	0	0	0
AF	0	0.524047	95	67	28	0	0	0	0
AF	0	0.524360	76	55	21	0	0	0	0
AF	0	0.524672	81	63	18	0	0	0	0
AF	0	0.524984	107	69	38	0	0	0	0
AF	0	0.525297	129	77	52	0	0	0	0
AF	0	0.525609	113	78	35	0	0	0	0
AF	0	0.525921	100	70	30	0	0	0	0
AF	0	0.526234	101	77	24	0	0	0	0
AF	0	0.526546	96	57	39	0	0	0	0
AF	0	0.526858	94	65	29	0	0	0	0
AF	0	0.527171	101	68	33	0	0	0	0
AF	0	0.527483	87	53	34	0	0	0	0
AF	0	0.527795	86	52	34	0	0	0	0
AF	0	0.528107	86	64	22	0	0	0	0
AF	0	0.528420	87	59	28	0	0	0	0
AF	0	0.528732	75	52	23	0	0	0	0
AF	0	0.529044	97	68	29	0	0	0	0
AF	0	0.529357	89	54	35	0	0	0	0
AF	0	0.529669	73	44	29	0	0	0	0
AF	0	0.529981	70	44	26	0	0	0	0
AF	0	0.530294	81	65	16	0	0	0	0
AF	0	0.530606	86	54	32	0	0	0	0
AF	0	0.530918	101	62	39	0	0	0	0
AF	0	0.531230	85	61	24	0	0	0	0
AF	0	0.531543	116	71	45	0	0	0	0
AF	0	0.531855	99	67	32	0	0	0	0
AF	0	0.532167	92	62	30	0	0	0	0
AF	0	0.532480	101	66	35	0	0	0	0
AF	0	0.532792	99	60	39	0	0	0	0
AF	0	0.533104	78	44	34	0	0	0	0
AF	0	0.533417	84	57	27	0	0	0	0
AF	0	0.533729	111	73	38	0	0	0	0
AF	0	0.534041	102	71	31	0	0	0	0
AF	0	0.534354	100	69	31	0	0	0	0
AF	0	0.534666	85	63	22	0	0	0	0
AF	0	0.534978	105	58	47	0	0	0	0
AF	0	0.535290	73	55	18	0	0	0	0
AF	0	0.535603	86	64	22	0	0	0	0
AF	0	0.535915	114	79	35	0	0	0	0
AF	0	0.536227	123	74	49	0	0	0	0
AF	0	0.536540	95	62	33	0	0	0	0
AF	0	0.536852	111	73	38	0	0	0	0
AF	0	0.537164	110	71	39	0	0	0	0
AF	0	0.537477	88	58	30	0	0	0	0
AF	0	0.537789	126	84	42	0	0	0	0
AF	0	0.538101	107	68	39	0	0	0	0
AF	0	0.538413	102	63	39	0	0	0	0
AF	0	0.538726	88	56	32	0	0	0	0
AF	0	0.539038	111	67	44	0	0	0	0
AF	0	0.539350	73	45	28	0	0	0	0
AF	0	0.539663	93	53	40	0	0	0	0
AF	0	0.539975	92	60	32	0	0	0	0
AF	0	0.540287	88	64	24	0	0	0	0
AF	0	0.540600	90	67	23	0	0	0	0
AF	0	0.540912	60	39	21	0	0	0	0
AF	0	0.541224	89	60	29	0	0	0	0
AF	0	0.541537	115	75	40	0	0	0	0
AF	0	0.541849	94	57	37	0	0	0	0
AF	0	0.542161	89	55	34	0	0	0	0
AF	0	0.542473	89	56	33	0	0	0	0
AF	0	0.542786	87	61	26	0	0	0	0
AF	0	0.543098	99	71	28	0	0	0	0
AF	0	0.543410	90	59	31	0	0	0	0
AF	0	0.543723	118	82	36	0	0	0	0
AF	0	0.544035	90	64	26	0	0	0	0
AF	0	0.544347	84	56	28	0	0	0	0
AF	0	0.544660	110	79	31	0	0	0	0
AF	0	0.544972	131	91	40	0	0	0	0
AF	0	0.545284	83	57	26	0	0	0	0
AF	0	0.545597	84	60	24	0	0	0	0
AF	0	0.545909	95	59	36	0	0	0	0
AF	0	0.546221	75	49	26	0	0	0	0
AF	0	0.546533	65	45	20	0	0	0	0
AF	0	0.546846	64	47	17	0	0	0	0
AF	0	0.547158	79	60	19	0	0	0	0
AF	0	0.547470	82	57	25	0	0	0	0
AF	0	0.547783	93	61	32	0	0	0	0
AF	0	0.548095	81	58	23	0	0	0	0
AF	0	0.548407	75	45	30	0	0	0	0
AF	0	0.548720	65	49	16	0	0	0	0
AF	0	0.549032	97	70	27	0	0	0	0
AF	0	0.549344	85	50	35	0	0	0	0
AF	0	0.549656	85	60	25	0	0	0	0
AF	0	0.549969	83	47	36	0	0	0	0
AF	0	0.550281	97	62	35	0	0	0	0
AF	0	0.550593	81	56	25	0	0	0	0
AF	0	0.550906	89	63	26	0	0	0	0
AF	0	0.551218	138	88	50	0	0	0	0
AF	0	0.551530	96	59	37	0	0	0	0
AF	0	0.551843	80	56	24	0	0	0	0
AF	0	0.552155	90	70	20	0	0	0	0
AF	0	0.552467	69	48	21	0	0	0	0
AF	0	0.552780	86	58	28	0	0	0	0
AF	0	0.553092	86	55	31	0	0	0	0
AF	0	0.553404	90	58	32	0	0	0	0
AF	0	0.553716	92	62	30	0	0	0	0
AF	0	0.554029	83	55	28	0	0	0	0
AF	0	0.554341	72	48	24	0	0	0	0
AF	0	0.554653	80	56	24	0	0	0	0
AF	0	0.554966	138	99	39	0	0	0	0
AF	0	0.555278	98	71	27	0	0	0	0
AF	0	0.555590	87	58	29	0	0	0	0
AF	0	0.555903	88	61	27	0	0	0	0
AF	0	0.556215	151	112	39	0	0	0	0
AF	0	0.556527	75	51	24	0	0	0	0
AF	0	0.556839	104	83	21	0	0	0	0
AF	0	0.557152	86	60	26	0	0	0	0
AF	0	0.557464	77	54	23	0	0	0	0
AF	0	0.557776	92	67	25	0	0	0	0
AF	0	0.558089	118	82	36	0	0	0	0
AF	0	0.558401	164	105	59	0	0	0	0
AF	0	0.558713	169	118	51	0	0	0	0
AF	0	0.559026	146	100	46	0	0	0	0
AF	0	0.559338	91	61	30	0	0	0	0
AF	0	0.559650	89	61	28	0	0	0	0
AF	0	0.559963	76	52	24	0	0	0	0
AF	0	0.560275	76	45	31	0	0	0	0
AF	0	0.560587	84	49	35	0	0	0	0
AF	0	0.560899	86	54	32	0	0	0	0
AF	0	0.561212	88	68	20	0	0	0	0
AF	0	0.561524	79	46	33	0	0	0	0
AF	0	0.561836	85	62	23	0	0	0	0
AF	0	0.562149	77	50	27	0	0	0	0
AF	0	0.562461	80	55	25	0	0	0	0
AF	0	0.562773	68	44	24	0	0	0	0
AF	0	0.563086	81	52	29	0	0	0	0
AF	0	0.563398	94	59	35	0	0	0	0
AF	0	0.563710	83	55	28	0	0	0	0
AF	0	0.564022	83	59	24	0	0	0	0
AF	0	0.564335	119	77	42	0	0	0	0
AF	0	0.564647	85	56	29	0	0	0	0
AF	0	0.564959	64	38	26	0	0	0	0
AF	0	0.565272	82	58	24	0	0	0	0
AF	0	0.565584	99	64	35	0	0	0	0
AF	0	0.565896	93	57	36	0	0	0	0
AF	0	0.566209	85	53	32	0	0	0	0
AF	0	0.566521	68	40	28	0	0	0	0
AF	0	0.566833	67	44	23	0	0	0	0
AF	0	0.567146	78	59	19	0	0	0	0
AF	0	0.567458	78	56	22	0	0	0	0
AF	0	0.567770	67	47	20	0	0	0	0
AF	0	0.568082	73	47	26	0	0	0	0
AF	0	0.568395	90	54	36	0	0	0	0
AF	0	0.568707	78	53	25	0	0	0	0
AF	0	0.569019	64	42	22	0	0	0	0
AF	0	0.569332	76	61	15	0	0	0	0
AF	0	0.569644	88	55	33	0	0	0	0
AF	0	0.569956	84	64	20	0	0	0	0
AF	0	0.570269	106	65	41	0	0	0	0
AF	0	0.570581	73	44	29	0	0	0	0
AF	0	0.570893	90	64	26	0	0	0	0
AF	0	0.571205	96	63	33	0	0	0	0
AF	0	0.571518	82	47	35	0	0	0	0
AF	0	0.571830	82	55	27	0	0	0	0
AF	0	0.572142	85	55	30	0	0	0	0
AF	0	0.572455	83	56	27	0	0	0	0
AF	0	0.572767	87	59	28	0	0	0	0
AF	0	0.573079	70	44	26	0	0	0	0
AF	0	0.573392	83	57	26	0	0	0	0
AF	0	0.573704	69	41	28	0	0	0	0
AF	0	0.574016	61	38	23	0	0	0	0
AF	0	0.574329	79	56	23	0	0	0	0
AF	0	0.574641	76	52	24	0	0	0	0
AF	0	0.574953	72	55	17	0	0	0	0
AF	0	0.575265	101	70	31	0	0	0	0
AF	0	0.575578	114	72	42	0	0	0	0
AF	0	0.575890	100	58	42	0	0	0	0
AF	0	0.576202	113	72	41	0	0	0	0
AF	0	0.576515	86	61	25	0	0	0	0
AF	0	0.576827	85	52	33	0	0	0	0
AF	0	0.577139	95	59	36	0	0	0	0
AF	0	0.577452	86	45	41	0	0	0	0
AF	0	0.577764	72	47	25	0	0	0	0
AF	0	0.578076	98	64	34	0	0	0	0
AF	0	0.578389	85	60	25	0	0	0	0
AF	0	0.578701	141	88	53	0	0	0	0
AF	0	0.579013	140	96	44	0	0	0	0
AF	0	0.579325	96	65	31	0	0	0	0
AF	0	0.579638	121	74	47	0	0	0	0
AF	0	0.579950	133	89	44	0	0	0	0
AF	0	0.580262	206	128	78	0	0	0	0
AF	0	0.580575	72	47	25	0	0	0	0
AF	0	0.580887	81	55	26	0	0	0	0
AF	0	0.581199	73	51	22	0	0	0	0
AF	0	0.581512	75	50	25	0	0	0	0
AF	0	0.581824	94	50	44	0	0	0	0
AF	0	0.582136	79	50	29	0	0	0	0
AF	0	0.582448	93	67	26	0	0	0	0
AF	0	0.582761	102	74	28	0	0	0	0
AF	0	0.583073	107	66	41	0	0	0	0
AF	0	0.583385	96	63	33	0	0	0	0
AF	0	0.583698	110	72	38	0	0	0	0
AF	0	0.584010	184	123	61	0	0	0	0
AF	0	0.584322	88	61	27	0	0	0	0
AF	0	0.584635	81	52	29	0	0	0	0
AF	0	0.584947	120	85	35	0	0	0	0
AF	0	0.585259	139	96	43	0	0	0	0
AF	0	0.585572	124	84	40	0	0	0	0
AF	0	0.585884	133	91	42	0	0	0	0
AF	0	0.586196	75	50	25	0	0	0	0
AF	0	0.586508	115	70	45	0	0	0	0
AF	0	0.586821	94	67	27	0	0	0	0
AF	0	0.587133	80	48	32	0	0	0	0
AF	0	0.587445	85	56	29	0	0	0	0
AF	0	0.587758	75	48	27	0	0	0	0
AF	0	0.588070	89	57	32	0	0	0	0
AF	0	0.588382	85	55	30	0	0	0	0
AF	0	0.588695	164	109	55	0	0	0	0
AF	0	0.589007	150	97	53	0	0	0	0
AF	0	0.589319	147	99	48	0	0	0	0
AF	0	0.589631	139	96	43	0	0	0	0
AF	0	0.589944	94	64	30	0	0	0	0
AF	0	0.590256	79	50	29	0	0	0	0
AF	0	0.590568	79	50	29	0	0	0	0
AF	0	0.590881	104	69	35	0	0	0	0
AF	0	0.591193	87	56	31	0	0	0	0
AF	0	0.591505	97	65	32	0	0	0	0
AF	0	0.591818	61	42	19	0	0	0	0
AF	0	0.592130	73	52	21	0	0	0	0
AF	0	0.592442	85	55	30	0	0	0	0
AF	0	0.592755	84	59	25	0	0	0	0
AF	0	0.593067	94	65	29	0	0	0	0
AF	0	0.593379	104	70	34	0	0	0	0
AF	0	0.593691	66	43	23	0	0	0	0
AF	0	0.594004	66	46	20	0	0	0	0
AF	0	0.594316	88	58	30	0	0	0	0
AF	0	0.594628	64	44	20	0	0	0	0
AF	0	0.594941	109	69	40	0	0	0	0
AF	0	0.595253	96	63	33	0	0	0	0
AF	0	0.595565	94	66	28	0	0	0	0
AF	0	0.595878	104	65	39	0	0	0	0
AF	0	0.596190	80	52	28	0	0	0	0
AF	0	0.596502	65	39	26	0	0	0	0
AF	0	0.596814	74	46	28	0	0	0	0
AF	0	0.597127	68	50	18	0	0	0	0
AF	0	0.597439	64	43	21	0	0	0	0
AF	0	0.597751	64	46	18	0	0	0	0
AF	0	0.598064	80	51	29	0	0	0	0
AF	0	0.598376	85	59	26	0	0	0	0
AF	0	0.598688	89	60	29	0	0	0	0
AF	0	0.599001	84	44	40	0	0	0	0
AF	0	0.599313	97	57	40	0	0	0	0
AF	0	0.599625	84	56	28	0	0	0	0
AF	0	0.599938	94	76	18	0	0	0	0
AF	0	0.600250	72	54	18	0	0	0	0
AF	0	0.600562	101	55	46	0	0	0	0
AF	0	0.600874	99	68	31	0	0	0	0
AF	0	0.601187	71	50	21	0	0	0	0
AF	0	0.601499	71	52	19	0	0	0	0
AF	0	0.601811	69	43	26	0	0	0	0
AF	0	0.602124	75	48	27	0	0	0	0
AF	0	0.602436	94	57	37	0	0	0	0
AF	0	0.602748	92	66	26	0	0	0	0
AF	0	0.603061	76	57	19	0	0	0	0
AF	0	0.603373	64	37	27	0	0	0	0
AF	0	0.603685	87	58	29	0	0	0	0
AF	0	0.603998	56	40	16	0	0	0	0
AF	0	0.604310	62	44	18	0	0	0	0
AF	0	0.604622	79	49	30	0	0	0	0
AF	0	0.604934	72	44	28	0	0	0	0
AF	0	0.605247	82	57	25	0	0	0	0
AF	0	0.605559	90	62	28	0	0	0	0
AF	0	0.605871	79	52	27	0	0	0	0
AF	0	0.606184	109	69	40	0	0	0	0
AF	0	0.606496	64	42	22	0	0	0	0
AF	0	0.606808	88	57	31	0	0	0	0
AF	0	0.607121	94	60	34	0	0	0	0
AF	0	0.607433	71	41	30	0	0	0	0
AF	0	0.607745	89	54	35	0	0	0	0
AF	0	0.608057	73	50	23	0	0	0	0
AF	0	0.608370	64	41	23	0	0	0	0
AF	0	0.608682	88	64	24	0	0	0	0
AF	0	0.608994	91	63	28	0	0	0	0
AF	0	0.609307	107	63	44	0	0	0	0
AF	0	0.609619	97	74	23	0	0	0	0
AF	0	0.609931	85	67	18	0	0	0	0
AF	0	0.610244	78	52	26	0	0	0	0
AF	0	0.610556	103	84	19	0	0	0	0
AF	0	0.610868	92	61	31	0	0	0	0
AF	0	0.611181	85	59	26	0	0	0	0
AF	0	0.611493	96	68	28	0	0	0	0
AF	0	0.611805	74	53	21	0	0	0	0
AF	0	0.612117	86	58	28	0	0	0	0
AF	0	0.612430	73	50	23	0	0	0	0
AF	0	0.612742	64	44	20	0	0	0	0
AF	0	0.613054	82	57	25	0	0	0	0
AF	0	0.613367	85	57	28	0	0	0	0
AF	0	0.613679	77	51	26	0	0	0	0
AF	0	0.613991	137	90	47	0	0	0	0
AF	0	0.614304	97	57	40	0	0	0	0
AF	0	0.614616	98	66	32	0	0	0	0
AF	0	0.614928	79	56	23	0	0	0	0
AF	0	0.615240	88	55	33	0	0	0	0
AF	0	0.615553	82	46	36	0	0	0	0
AF	0	0.615865	77	53	24	0	0	0	0
AF	0	0.616177	68	46	22	0	0	0	0
AF	0	0.616490	105	67	38	0	0	0	0
AF	0	0.616802	63	41	22	0	0	0	0
AF	0	0.617114	79	42	37	0	0	0	0
AF	0	0.617427	86	62	24	0	0	0	0
AF	0	0.617739	102	59	43	0	0	0	0
AF	0	0.618051	75	49	26	0	0	0	0
AF	0	0.618364	63	48	15	0	0	0	0
AF	0	0.618676	63	44	19	0	0	0	0
AF	0	0.618988	72	41	31	0	0	0	0
AF	0	0.619300	58	30	28	0	0	0	0
AF	0	0.619613	72	51	21	0	0	0	0
AF	0	0.619925	71	50	21	0	0	0	0
AF	0	0.620237	54	38	16	0	0	0	0
AF	0	0.620550	87	58	29	0	0	0	0
AF	0	0.620862	60	43	17	0	0	0	0
AF	0	0.621174	97	61	36	0	0	0	0
AF	0	0.621487	72	50	22	0	0	0	0
AF	0	0.621799	80	55	25	0	0	0	0
AF	0	0.622111	79	56	23	0	0	0	0
AF	0	0.622423	73	50	23	0	0	0	0
AF	0	0.622736	60	40	20	0	0	0	0
AF	0	0.623048	53	33	20	0	0	0	0
AF	0	0.623360	52	32	20	0	0	0	0
AF	0	0.623673	75	51	24	0	0	0	0
AF	0	0.623985	83	52	31	0	0	0	0
AF	0	0.624297	71	43	28	0	0	0	0
AF	0	0.624610	68	40	28	0	0	0	0
AF	0	0.624922	58	40	18	0	0	0	0
AF	0	0.625234	64	44	20	0	0	0	0
AF	0	0.625547	73	41	32	0	0	0	0
AF	0	0.625859	88	57	31	0	0	0	0
AF	0	0.626171	77	47	30	0	0	0	0
AF	0	0.626483	83	51	32	0	0	0	0
AF	0	0.626796	67	47	20	0	0	0	0
AF	0	0.627108	92	65	27	0	0	0	0
AF	0	0.627420	48	37	11	0	0	0	0
AF	0	0.627733	70	44	26	0	0	0	0
AF	0	0.628045	61	48	13	0	0	0	0
AF	0	0.628357	84	55	29	0	0	0	0
AF	0	0.628670	77	51	26	0	0	0	0
AF	0	0.628982	61	39	22	0	0	0	0
AF	0	0.629294	66	45	21	0	0	0	0
AF	0	0.629606	65	47	18	0	0	0	0
AF	0	0.629919	78	57	21	0	0	0	0
AF	0	0.630231	71	45	26	0	0	0	0
AF	0	0.630543	85	57	28	0	0	0	0
AF	0	0.630856	85	58	27	0	0	0	0
AF	0	0.631168	62	38	24	0	0	0	0
AF	0	0.631480	60	35	25	0	0	0	0
AF	0	0.631793	59	43	16	0	0	0	0
AF	0	0.632105	66	48	18	0	0	0	0
AF	0	0.632417	50	32	18	0	0	0	0
AF	0	0.632730	76	48	28	0	0	0	0
AF	0	0.633042	65	42	23	0	0	0	0
AF	0	0.633354	68	46	22	0	0	0	0
AF	0	0.633666	89	66	23	0	0	0	0
AF	0	0.633979	71	49	22	0	0	0	0
AF	0	0.634291	85	58	27	0	0	0	0
AF	0	0.634603	66	41	25	0	0	0	0
AF	0	0.634916	75	49	26	0	0	0	0
AF	0	0.635228	71	48	23	0	0	0	0
AF	0	0.635540	74	51	23	0	0	0	0
AF	0	0.635853	78	57	21	0	0	0	0
AF	0	0.636165	80	48	32	0	0	0	0
AF	0	0.636477	45	39	6	0	0	0	0
AF	0	0.636790	73	51	22	0	0	0	0
AF	0	0.637102	56	38	18	0	0	0	0
AF	0	0.637414	60	44	16	0	0	0	0
AF	0	0.637726	86	59	27	0	0	0	0
AF	0	0.638039	78	50	28	0	0	0	0
AF	0	0.638351	74	53	21	0	0	0	0
AF	0	0.638663	74	49	25	0	0	0	0
AF	0	0.638976	85	57	28	0	0	0	0
AF	0	0.639288	79	58	21	0	0	0	0
AF	0	0.639600	62	39	23	0	0	0	0
AF	0	0.639913	65	43	22	0	0	0	0
AF	0	0.640225	77	54	23	0	0	0	0
AF	0	0.640537	84	48	36	0	0	0	0
AF	0	0.640849	63	41	22	0	0	0	0
AF	0	0.641162	84	59	25	0	0	0	0
AF	0	0.641474	125	91	34	0	0	0	0
AF	0	0.641786	112	71	41	0	0	0	0
AF	0	0.642099	96	60	36	0	0	0	0
AF	0	0.642411	82	52	30	0	0	0	0
AF	0	0.642723	78	60	18	0	0	0	0
AF	0	0.643036	83	59	24	0	0	0	0
AF	0	0.643348	80	52	28	0	0	0	0
AF	0	0.643660	89	65	24	0	0	0	0
AF	0	0.643973	78	51	27	0	0	0	0
AF	0	0.644285	67	45	22	0	0	0	0
AF	0	0.644597	73	53	20	0	0	0	0
AF	0	0.644909	77	59	18	0	0	0	0
AF	0	0.645222	70	48	22	0	0	0	0
AF	0	0.645534	56	36	20	0	0	0	0
AF	0	0.645846	51	33	18	0	0	0	0
AF	0	0.646159	68	45	23	0	0	0	0
AF	0	0.646471	83	62	21	0	0	0	0
AF	0	0.646783	107	81	26	0	0	0	0
AF	0	0.647096	95	66	29	0	0	0	0
AF	0	0.647408	94	61	33	0	0	0	0
AF	0	0.647720	97	62	35	0	0	0	0
AF	0	0.648032	79	56	23	0	0	0	0
AF	0	0.648345	72	49	23	0	0	0	0
AF	0	0.648657	66	46	20	0	0	0	0
AF	0	0.648969	75	45	30	0	0	0	0
AF	0	0.649282	67	46	21	0	0	0	0
AF	0	0.649594	60	42	18	0	0	0	0
AF	0	0.649906	77	52	25	0	0	0	0
AF	0	0.650219	103	76	27	0	0	0	0
AF	0	0.650531	66	48	18	0	0	0	0
AF	0	0.650843	85	59	26	0	0	0	0
AF	0	0.651156	60	35	25	0	0	0	0
AF	0	0.651468	81	50	31	0	0	0	0
AF	0	0.651780	88	61	27	0	0	0	0
AF	0	0.652092	83	60	23	0	0	0	0
AF	0	0.652405	68	45	23	0	0	0	0
AF	0	0.652717	70	44	26	0	0	0	0
AF	0	0.653029	61	39	22	0	0	0	0
AF	0	0.653342	70	41	29	0	0	0	0
AF	0	0.653654	69	47	22	0	0	0	0
AF	0	0.653966	70	46	24	0	0	0	0
AF	0	0.654279	57	38	19	0	0	0	0
AF	0	0.654591	78	51	27	0	0	0	0
AF	0	0.654903	64	41	23	0	0	0	0
AF	0	0.655215	59	42	17	0	0	0	0
AF	0	0.655528	73	51	22	0	0	0	0
AF	0	0.655840	93	51	42	0	0	0	0
AF	0	0.656152	55	42	13	0	0	0	0
AF	0	0.656465	64	41	23	0	0	0	0
AF	0	0.656777	55	40	15	0	0	0	0
AF	0	0.657089	60	42	18	0	0	0	0
AF	0	0.657402	72	51	21	0	0	0	0
AF	0	0.657714	53	34	19	0	0	0	0
AF	0	0.658026	66	49	17	0	0	0	0
AF	0	0.658339	64	44	20	0	0	0	0
AF	0	0.658651	82	61	21	0	0	0	0
AF	0	0.658963	88	61	27	0	0	0	0
AF	0	0.659275	74	47	27	0	0	0	0
AF	0	0.659588	65	44	21	0	0	0	0
AF	0	0.659900	83	50	33	0	0	0	0
AF	0	0.660212	62	39	23	0	0	0	0
AF	0	0.660525	89	65	24	0	0	0	0
AF	0	0.660837	74	48	26	0	0	0	0
AF	0	0.661149	54	38	16	0	0	0	0
AF	0	0.661462	53	37	16	0	0	0	0
AF	0	0.661774	48	30	18	0	0	0	0
AF	0	0.662086	65	40	25	0	0	0	0
AF	0	0.662399	69	53	16	0	0	0	0
AF	0	0.662711	50	37	13	0	0	0	0
AF	0	0.663023	65	50	15	0	0	0	0
AF	0	0.663335	64	44	20	0	0	0	0
AF	0	0.663648	70	39	31	0	0	0	0
AF	0	0.663960	70	43	27	0	0	0	0
AF	0	0.664272	73	44	29	0	0	0	0
AF	0	0.664585	71	51	20	0	0	0	0
AF	0	0.664897	65	49	16	0	0	0	0
AF	0	0.665209	69	46	23	0	0	0	0
AF	0	0.665522	66	45	21	0	0	0	0
AF	0	0.665834	60	40	20	0	0	0	0
AF	0	0.666146	62	39	23	0	0	0	0
AF	0	0.666458	77	52	25	0	0	0	0
AF	0	0.666771	74	60	14	0	0	0	0
AF	0	0.667083	67	50	17	0	0	0	0
AF	0	0.667395	62	42	20	0	0	0	0
AF	0	0.667708	78	60	18	0	0	0	0
AF	0	0.668020	75	50	25	0	0	0	0
AF	0	0.668332	65	41	24	0	0	0	0
AF	0	0.668645	38	22	16	0	0	0	0
AF	0	0.668957	65	47	18	0	0	0	0
AF	0	0.669269	85	54	31	0	0	0	0
AF	0	0.669582	98	60	38	0	0	0	0
AF	0	0.669894	97	59	38	0	0	0	0
AF	0	0.670206	94	61	33	0	0	0	0
AF	0	0.670518	82	49	33	0	0	0	0
AF	0	0.670831	87	56	31	0	0	0	0
AF	0	0.671143	64	45	19	0	0	0	0
AF	0	0.671455	65	47	18	0	0	0	0
AF	0	0.671768	81	50	31	0	0	0	0
AF	0	0.672080	67	42	25	0	0	0	0
AF	0	0.672392	87	55	32	0	0	0	0
AF	0	0.672705	92	59	33	0	0	0	0
AF	0	0.673017	82	54	28	0	0	0	0
AF	0	0.673329	56	37	19	0	0	0	0
AF	0	0.673641	73	48	25	0	0	0	0
AF	0	0.673954	74	48	26	0	0	0	0
AF	0	0.674266	80	51	29	0	0	0	0
AF	0	0.674578	94	70	24	0	0	0	0
AF	0	0.674891	74	53	21	0	0	0	0
AF	0	0.675203	77	54	23	0	0	0	0
AF	0	0.675515	108	80	28	0	0	0	0
AF	0	0.675828	61	46	15	0	0	0	0
AF	0	0.676140	98	72	26	0	0	0	0
AF	0	0.676452	64	43	21	0	0	0	0
AF	0	0.676765	85	61	24	0	0	0	0
AF	0	0.677077	76	51	25	0	0	0	0
AF	0	0.677389	95	66	29	0	0	0	0
AF	0	0.677701	86	54	32	0	0	0	0
AF	0	0.678014	57	40	17	0	0	0	0
AF	0	0.678326	64	44	20	0	0	0	0
AF	0	0.678638	75	47	28	0	0	0	0
AF	0	0.678951	110	75	35	0	0	0	0
AF	0	0.679263	99	75	24	0	0	0	0
AF	0	0.679575	58	39	19	0	0	0	0
AF	0	0.679888	57	33	24	0	0	0	0
AF	0	0.680200	75	35	40	0	0	0	0
AF	0	0.680512	75	58	17	0	0	0	0
AF	0	0.680824	64	46	18	0	0	0	0
AF	0	0.681137	57	34	23	0	0	0	0
AF	0	0.681449	68	46	22	0	0	0	0
AF	0	0.681761	94	61	33	0	0	0	0
AF	0	0.682074	94	58	36	0	0	0	0
AF	0	0.682386	74	58	16	0	0	0	0
AF	0	0.682698	75	51	24	0	0	0	0
AF	0	0.683011	81	55	26	0	0	0	0
AF	0	0.683323	92	62	30	0	0	0	0
AF	0	0.683635	71	54	17	0	0	0	0
AF	0	0.683948	80	53	27	0	0	0	0
AF	0	0.684260	84	61	23	0	0	0	0
AF	0	0.684572	77	55	22	0	0	0	0
AF	0	0.684884	81	53	28	0	0	0	0
AF	0	0.685197	80	50	30	0	0	0	0
AF	0	0.685509	70	48	22	0	0	0	0
AF	0	0.685821	82	57	25	0	0	0	0
AF	0	0.686134	53	31	22	0	0	0	0
AF	0	0.686446	74	48	26	0	0	0	0
AF	0	0.686758	89	57	32	0	0	0	0
AF	0	0.687071	71	52	19	0	0	0	0
AF	0	0.687383	77	52	25	0	0	0	0
AF	0	0.687695	66	36	30	0	0	0	0
AF	0	0.688007	67	47	20	0	0	0	0
AF	0	0.688320	85	55	30	0	0	0	0
AF	0	0.688632	77	44	33	0	0	0	0
AF	0	0.688944	69	38	31	0	0	0	0
AF	0	0.689257	78	56	22	0	0	0	0
AF	0	0.689569	102	69	33	0	0	0	0
AF	0	0.689881	74	50	24	0	0	0	0
AF	0	0.690194	66	49	17	0	0	0	0
AF	0	0.690506	71	45	26	0	0	0	0
AF	0	0.690818	54	33	21	0	0	0	0
AF	0	0.691131	55	35	20	0	0	0	0
AF	0	0.691443	74	55	19	0	0	0	0
AF	0	0.691755	51	39	12	0	0	0	0
AF	0	0.692067	55	34	21	0	0	0	0
AF	0	0.692380	71	52	19	0	0	0	0
AF	0	0.692692	63	40	23	0	0	0	0
AF	0	0.693004	79	45	34	0	0	0	0
AF	0	0.693317	57	39	18	0	0	0	0
AF	0	0.693629	71	50	21	0	0	0	0
AF	0	0.693941	72	56	16	0	0	0	0
AF	0	0.694254	72	45	27	0	0	0	0
AF	0	0.694566	89	62	27	0	0	0	0
AF	0	0.694878	63	42	21	0	0	0	0
AF	0	0.695191	64	40	24	0	0	0	0
AF	0	0.695503	63	47	16	0	0	0	0
AF	0	0.695815	72	50	22	0	0	0	0
AF	0	0.696127	65	42	23	0	0	0	0
AF	0	0.696440	74	57	17	0	0	0	0
AF	0	0.696752	63	44	19	0	0	0	0
AF	0	0.697064	73	49	24	0	0	0	0
AF	0	0.697377	65	48	17	0	0	0	0
AF	0	0.697689	79	59	20	0	0	0	0
AF	0	0.698001	76	50	26	0	0	0	0
AF	0	0.698314	65	48	17	0	0	0	0
AF	0	0.698626	83	57	26	0	0	0	0
AF	0	0.698938	60	42	18	0	0	0	0
AF	0	0.699250	63	48	15	0	0	0	0
AF	0	0.699563	61	45	16	0	0	0	0
AF	0	0.699875	78	60	18	0	0	0	0
AF	0	0.700187	53	35	18	0	0	0	0
AF	0	0.700500	63	46	17	0	0	0	0
AF	0	0.700812	53	31	22	0	0	0	0
AF	0	0.701124	75	56	19	0	0	0	0
AF	0	0.701437	55	42	13	0	0	0	0
AF	0	0.701749	55	39	16	0	0	0	0
AF	0	0.702061	70	48	22	0	0	0	0
AF	0	0.702374	61	42	19	0	0	0	0
AF	0	0.702686	71	45	26	0	0	0	0
AF	0	0.702998	60	42	18	0	0	0	0
AF	0	0.703310	71	49	22	0	0	0	0
AF	0	0.703623	81	52	29	0	0	0	0
AF	0	0.703935	68	44	24	0	0	0	0
AF	0	0.704247	82	47	35	0	0	0	0
AF	0	0.704560	95	58	37	0	0	0	0
AF	0	0.704872	80	53	27	0	0	0	0
AF	0	0.705184	65	44	21	0	0	0	0
AF	0	0.705497	78	48	30	0	0	0	0
AF	0	0.705809	93	69	24	0	0	0	0
AF	0	0.706121	143	106	37	0	0	0	0
AF	0	0.706433	88	62	26	0	0	0	0
AF	0	0.706746	76	47	29	0	0	0	0
AF	0	0.707058	90	52	38	0	0	0	0
AF	0	0.707370	129	86	43	0	0	0	0
AF	0	0.707683	74	54	20	0	0	0	0
AF	0	0.707995	90	50	40	0	0	0	0
AF	0	0.708307	64	38	26	0	0	0	0
AF	0	0.708620	59	40	19	0	0	0	0
AF	0	0.708932	50	40	10	0	0	0	0
AF	0	0.709244	96	67	29	0	0	0	0
AF	0	0.709557	73	52	21	0	0	0	0
AF	0	0.709869	71	52	19	0	0	0	0
AF	0	0.710181	88	54	34	0	0	0	0
AF	0	0.710493	50	36	14	0	0	0	0
AF	0	0.710806	63	40	23	0	0	0	0
AF	0	0.711118	76	48	28	0	0	0	0
AF	0	0.711430	136	99	37	0	0	0	0
AF	0	0.711743	72	49	23	0	0	0	0
AF	0	0.712055	76	49	27	0	0	0	0
AF	0	0.712367	66	47	19	0	0	0	0
AF	0	0.712680	48	30	18	0	0	0	0
AF	0	0.712992	79	47	32	0	0	0	0
AF	0	0.713304	53	32	21	0	0	0	0
AF	0	0.713616	50	34	16	0	0	0	0
AF	0	0.713929	69	46	23	0	0	0	0
AF	0	0.714241	70	46	24	0	0	0	0
AF	0	0.714553	80	58	22	0	0	0	0
AF	0	0.714866	57	43	14	0	0	0	0
AF	0	0.715178	60	38	22	0	0	0	0
AF	0	0.715490	77	56	21	0	0	0	0
AF	0	0.715803	70	40	30	0	0	0	0
AF	0	0.716115	70	44	26	0	0	0	0
AF	0	0.716427	82	52	30	0	0	0	0
AF	0	0.716740	64	42	22	0	0	0	0
AF	0	0.717052	81	54	27	0	0	0	0
AF	0	0.717364	64	44	20	0	0	0	0
AF	0	0.717676	67	48	19	0	0	0	0
AF	0	0.717989	78	47	31	0	0	0	0
AF	0	0.718301	69	44	25	0	0	0	0
AF	0	0.718613	75	50	25	0	0	0	0
AF	0	0.718926	63	47	16	0	0	0	0
AF	0	0.719238	66	38	28	0	0	0	0
AF	0	0.719550	79	52	27	0	0	0	0
AF	0	0.719863	90	67	23	0	0	0	0
AF	0	0.720175	84	58	26	0	0	0	0
AF	0	0.720487	70	48	22	0	0	0	0
AF	0	0.720800	53	33	20	0	0	0	0
AF	0	0.721112	64	40	24	0	0	0	0
AF	0	0.721424	74	44	30	0	0	0	0
AF	0	0.721736	110	81	29	0	0	0	0
AF	0	0.722049	132	82	50	0	0	0	0
AF	0	0.722361	96	62	34	0	0	0	0
AF	0	0.722673	60	41	19	0	0	0	0
AF	0	0.722986	80	45	35	0	0	0	0
AF	0	0.723298	99	69	30	0	0	0	0
AF	0	0.723610	82	62	20	0	0	0	0
AF	0	0.723923	61	39	22	0	0	0	0
AF	0	0.724235	77	47	30	0	0	0	0
AF	0	0.724547	57	37	20	0	0	0	0
AF	0	0.724859	69	46	23	0	0	0	0
AF	0	0.725172	62	36	26	0	0	0	0
AF	0	0.725484	45	29	16	0	0	0	0
AF	0	0.725796	54	38	16	0	0	0	0
AF	0	0.726109	48	36	12	0	0	0	0
AF	0	0.726421	70	51	19	0	0	0	0
AF	0	0.726733	78	46	32	0	0	0	0
AF	0	0.727046	91	56	35	0	0	0	0
AF	0	0.727358	68	44	24	0	0	0	0
AF	0	0.727670	64	40	24	0	0	0	0
AF	0	0.727983	57	39	18	0	0	0	0
AF	0	0.728295	85	62	23	0	0	0	0
AF	0	0.728607	51	39	12	0	0	0	0
AF	0	0.728919	59	36	23	0	0	0	0
AF	0	0.729232	46	26	20	0	0	0	0
AF	0	0.729544	59	42	17	0	0	0	0
AF	0	0.729856	47	29	18	0	0	0	0
AF	0	0.730169	59	43	16	0	0	0	0
AF	0	0.730481	66	47	19	0	0	0	0
AF	0	0.730793	51	34	17	0	0	0	0
AF	0	0.731106	67	50	17	0	0	0	0
AF	0	0.731418	89	56	33	0	0	0	0
AF	0	0.731730	77	56	21	0	0	0	0
AF	0	0.732042	64	38	26	0	0	0	0
AF	0	0.732355	54	43	11	0	0	0	0
AF	0	0.732667	52	37	15	0	0	0	0
AF	0	0.732979	83	55	28	0	0	0	0
AF	0	0.733292	81	54	27	0	0	0	0
AF	0	0.733604	69	42	27	0	0	0	0
AF	0	0.733916	73	49	24	0	0	0	0
AF	0	0.734229	95	62	33	0	0	0	0
AF	0	0.734541	55	40	15	0	0	0	0
AF	0	0.734853	57	39	18	0	0	0	0
AF	0	0.735166	65	48	17	0	0	0	0
AF	0	0.735478	62	41	21	0	0	0	0
AF	0	0.735790	74	55	19	0	0	0	0
AF	0	0.736102	93	60	33	0	0	0	0
AF	0	0.736415	62	45	17	0	0	0	0
AF	0	0.736727	58	37	21	0	0	0	0
AF	0	0.737039	42	30	12	0	0	0	0
AF	0	0.737352	66	48	18	0	0	0	0
AF	0	0.737664	63	43	20	0	0	0	0
AF	0	0.737976	62	42	20	0	0	0	0
AF	0	0.738289	65	42	23	0	0	0	0
AF	0	0.738601	67	50	17	0	0	0	0
AF	0	0.738913	65	38	27	0	0	0	0
AF	0	0.739225	95	71	24	0	0	0	0
AF	0	0.739538	70	39	31	0	0	0	0
AF	0	0.739850	72	51	21	0	0	0	0
AF	0	0.740162	51	35	16	0	0	0	0
AF	0	0.740475	52	36	16	0	0	0	0
AF	0	0.740787	61	41	20	0	0	0	0
AF	0	0.741099	47	34	13	0	0	0	0
AF	0	0.741412	55	33	22	0	0	0	0
AF	0	0.741724	62	41	21	0	0	0	0
AF	0	0.742036	65	43	22	0	0	0	0
AF	0	0.742349	57	39	18	0	0	0	0
AF	0	0.742661	56	42	14	0	0	0	0
AF	0	0.742973	43	32	11	0	0	0	0
AF	0	0.743285	52	33	19	0	0	0	0
AF	0	0.743598	58	39	19	0	0	0	0
AF	0	0.743910	54	35	19	0	0	0	0
AF	0	0.744222	44	35	9	0	0	0	0
AF	0	0.744535	73	58	15	0	0	0	0
AF	0	0.744847	59	42	17	0	0	0	0
AF	0	0.745159	63	40	23	0	0	0	0
AF	0	0.745472	58	40	18	0	0	0	0
AF	0	0.745784	76	52	24	0	0	0	0
AF	0	0.746096	88	61	27	0	0	0	0
AF	0	0.746408	59	30	29	0	0	0	0
AF	0	0.746721	54	32	22	0	0	0	0
AF	0	0.747033	63	39	24	0	0	0	0
AF	0	0.747345	42	27	15	0	0	0	0
AF	0	0.747658	59	32	27	0	0	0	0
AF	0	0.747970	58	35	23	0	0	0	0
AF	0	0.748282	84	60	24	0	0	0	0
AF	0	0.748595	50	33	17	0	0	0	0
AF	0	0.748907	58	32	26	0	0	0	0
AF	0	0.749219	59	39	20	0	0	0	0
AF	0	0.749532	52	30	22	0	0	0	0
AF	0	0.749844	59	38	21	0	0	0	0
AF	0	0.750156	89	62	27	0	0	0	0
AF	0	0.750468	76	54	22	0	0	0	0
AF	0	0.750781	79	55	24	0	0	0	0
AF	0	0.751093	40	29	11	0	0	0	0
AF	0	0.751405	51	41	10	0	0	0	0
AF	0	0.751718	62	37	25	0	0	0	0
AF	0	0.752030	44	33	11	0	0	0	0
AF	0	0.752342	58	32	26	0	0	0	0
AF	0	0.752655	78	51	27	0	0	0	0
AF	0	0.752967	62	44	18	0	0	0	0
AF	0	0.753279	61	38	23	0	0	0	0
AF	0	0.753592	92	66	26	0	0	0	0
AF	0	0.753904	53	36	17	0	0	0	0
AF	0	0.754216	57	38	19	0	0	0	0
AF	0	0.754528	60	38	22	0	0	0	0
AF	0	0.754841	45	28	17	0	0	0	0
AF	0	0.755153	52	29	23	0	0	0	0
AF	0	0.755465	58	39	19	0	0	0	0
AF	0	0.755778	47	31	16	0	0	0	0
AF	0	0.756090	66	46	20	0	0	0	0
AF	0	0.756402	73	46	27	0	0	0	0
AF	0	0.756715	58	43	15	0	0	0	0
AF	0	0.757027	71	57	14	0	0	0	0
AF	0	0.757339	42	33	9	0	0	0	0
AF	0	0.757651	66	44	22	0	0	0	0
AF	0	0.757964	48	33	15	0	0	0	0
AF	0	0.758276	66	48	18	0	0	0	0
AF	0	0.758588	70	48	22	0	0	0	0
AF	0	0.758901	57	40	17	0	0	0	0
AF	0	0.759213	50	35	15	0	0	0	0
AF	0	0.759525	47	29	18	0	0	0	0
AF	0	0.759838	43	31	12	0	0	0	0
AF	0	0.760150	56	34	22	0	0	0	0
AF	0	0.760462	58	39	19	0	0	0	0
AF	0	0.760775	55	40	15	0	0	0	0
AF	0	0.761087	66	50	16	0	0	0	0
AF	0	0.761399	53	36	17	0	0	0	0
AF	0	0.761711	55	39	16	0	0	0	0
AF	0	0.762024	51	37	14	0	0	0	0
AF	0	0.762336	58	38	20	0	0	0	0
AF	0	0.762648	51	33	18	0	0	0	0
AF	0	0.762961	51	31	20	0	0	0	0
AF	0	0.763273	55	40	15	0	0	0	0
AF	0	0.763585	55	35	20	0	0	0	0
AF	0	0.763898	55	42	13	0	0	0	0
AF	0	0.764210	33	20	13	0	0	0	0
AF	0	0.764522	51	35	16	0	0	0	0
AF	0	0.764834	47	30	17	0	0	0	0
AF	0	0.765147	42	32	10	0	0	0	0
AF	0	0.765459	64	37	27	0	0	0	0
AF	0	0.765771	66	47	19	0	0	0	0
AF	0	0.766084	56	31	25	0	0	0	0
AF	0	0.766396	58	44	14	0	0	0	0
AF	0	0.766708	63	37	26	0	0	0	0
AF	0	0.767021	61	39	22	0	0	0	0
AF	0	0.767333	48	33	15	0	0	0	0
AF	0	0.767645	65	41	24	0	0	0	0
AF	0	0.767958	75	45	30	0	0	0	0
AF	0	0.768270	57	39	18	0	0	0	0
AF	0	0.768582	56	37	19	0	0	0	0
AF	0	0.768894	53	36	17	0	0	0	0
AF	0	0.769207	56	35	21	0	0	0	0
AF	0	0.769519	51	34	17	0	0	0	0
AF	0	0.769831	48	28	20	0	0	0	0
AF	0	0.770144	64	45	19	0	0	0	0
AF	0	0.770456	72	54	18	0	0	0	0
AF	0	0.770768	63	39	24	0	0	0	0
AF	0	0.771081	74	52	22	0	0	0	0
AF	0	0.771393	67	46	21	0	0	0	0
AF	0	0.771705	69	47	22	0	0	0	0
AF	0	0.772017	84	61	23	0	0	0	0
AF	0	0.772330	101	65	36	0	0	0	0
AF	0	0.772642	68	41	27	0	0	0	0
AF	0	0.772954	61	43	18	0	0	0	0
AF	0	0.773267	55	36	19	0	0	0	0
AF	0	0.773579	74	48	26	0	0	0	0
AF	0	0.773891	66	45	21	0	0	0	0
AF	0	0.774204	53	33	20	0	0	0	0
AF	0	0.774516	52	36	16	0	0	0	0
AF	0	0.774828	60	41	19	0	0	0	0
AF	0	0.775141	68	45	23	0	0	0	0
AF	0	0.775453	49	27	22	0	0	0	0
AF	0	0.775765	45	32	13	0	0	0	0
AF	0	0.776077	54	43	11	0	0	0	0
AF	0	0.776390	54	42	12	0	0	0	0
AF	0	0.776702	48	32	16	0	0	0	0
AF	0	0.777014	56	40	16	0	0	0	0
AF	0	0.777327	51	39	12	0	0	0	0
AF	0	0.777639	51	34	17	0	0	0	0
AF	0	0.777951	37	25	12	0	0	0	0
AF	0	0.778264	67	46	21	0	0	0	0
AF	0	0.778576	64	39	25	0	0	0	0
AF	0	0.778888	81	48	33	0	0	0	0
AF	0	0.779200	108	72	36	0	0	0	0
AF	0	0.779513	70	47	23	0	0	0	0
AF	0	0.779825	63	43	20	0	0	0	0
AF	0	0.780137	57	32	25	0	0	0	0
AF	0	0.780450	71	44	27	0	0	0	0
AF	0	0.780762	57	36	21	0	0	0	0
AF	0	0.781074	60	39	21	0	0	0	0
AF	0	0.781387	63	33	30	0	0	0	0
AF	0	0.781699	58	41	17	0	0	0	0
AF	0	0.782011	72	48	24	0	0	0	0
AF	0	0.782324	66	45	21	0	0	0	0
AF	0	0.782636	64	39	25	0	0	0	0
AF	0	0.782948	53	33	20	0	0	0	0
AF	0	0.783260	50	38	12	0	0	0	0
AF	0	0.783573	35	27	8	0	0	0	0
AF	0	0.783885	65	44	21	0	0	0	0
AF	0	0.784197	78	43	35	0	0	0	0
AF	0	0.784510	60	39	21	0	0	0	0
AF	0	0.784822	45	28	17	0	0	0	0
AF	0	0.785134	55	30	25	0	0	0	0
AF	0	0.785447	77	48	29	0	0	0	0
AF	0	0.785759	53	38	15	0	0	0	0
AF	0	0.786071	63	34	29	0	0	0	0
AF	0	0.786384	42	36	6	0	0	0	0
AF	0	0.786696	60	36	24	0	0	0	0
AF	0	0.787008	62	41	21	0	0	0	0
AF	0	0.787320	59	39	20	0	0	0	0
AF	0	0.787633	68	48	20	0	0	0	0
AF	0	0.787945	134	90	44	0	0	0	0
AF	0	0.788257	65	46	19	0	0	0	0
AF	0	0.788570	73	44	29	0	0	0	0
AF	0	0.788882	65	40	25	0	0	0	0
AF	0	0.789194	59	34	25	0	0	0	0
AF	0	0.789507	65	41	24	0	0	0	0
AF	0	0.789819	61	42	19	0	0	0	0
AF	0	0.790131	53	33	20	0	0	0	0
AF	0	0.790443	70	46	24	0	0	0	0
AF	0	0.790756	64	43	21	0	0	0	0
AF	0	0.791068	53	38	15	0	0	0	0
AF	0	0.791380	68	49	19	0	0	0	0
AF	0	0.791693	67	44	23	0	0	0	0
AF	0	0.792005	45	31	14	0	0	0	0
AF	0	0.792317	61	47	14	0	0	0	0
AF	0	0.792630	59	36	23	0	0	0	0
AF	0	0.792942	60	37	23	0	0	0	0
AF	0	0.793254	52	34	18	0	0	0	0
AF	0	0.793567	62	47	15	0	0	0	0
AF	0	0.793879	65	49	16	0	0	0	0
AF	0	0.794191	52	28	24	0	0	0	0
AF	0	0.794503	53	36	17	0	0	0	0
AF	0	0.794816	55	41	14	0	0	0	0
AF	0	0.795128	51	35	16	0	0	0	0
AF	0	0.795440	73	46	27	0	0	0	0
AF	0	0.795753	40	25	15	0	0	0	0
AF	0	0.796065	54	35	19	0	0	0	0
AF	0	0.796377	65	36	29	0	0	0	0
AF	0	0.796690	73	46	27	0	0	0	0
AF	0	0.797002	50	30	20	0	0	0	0
AF	0	0.797314	78	48	30	0	0	0	0
AF	0	0.797626	63	42	21	0	0	0	0
AF	0	0.797939	51	31	20	0	0	0	0
AF	0	0.798251	62	49	13	0	0	0	0
AF	0	0.798563	48	38	10	0	0	0	0
AF	0	0.798876	64	46	18	0	0	0	0
AF	0	0.799188	55	35	20	0	0	0	0
AF	0	0.799500	40	24	16	0	0	0	0
AF	0	0.799813	43	28	15	0	0	0	0
AF	0	0.800125	60	40	20	0	0	0	0
AF	0	0.800437	52	37	15	0	0	0	0
AF	0	0.800750	59	51	8	0	0	0	0
AF	0	0.801062	78	53	25	0	0	0	0
AF	0	0.801374	68	47	21	0	0	0	0
AF	0	0.801686	61	41	20	0	0	0	0
AF	0	0.801999	55	39	16	0	0	0	0
AF	0	0.802311	63	49	14	0	0	0	0
AF	0	0.802623	65	46	19	0	0	0	0
AF	0	0.802936	53	31	22	0	0	0	0
AF	0	0.803248	74	48	26	0	0	0	0
AF	0	0.803560	59	42	17	0	0	0	0
AF	0	0.803873	53	30	23	0	0	0	0
AF	0	0.804185	66	42	24	0	0	0	0
AF	0	0.804497	62	45	17	0	0	0	0
AF	0	0.804809	71	50	21	0	0	0	0
AF	0	0.805122	55	44	11	0	0	0	0
AF	0	0.805434	58	45	13	0	0	0	0
AF	0	0.805746	64	44	20	0	0	0	0
AF	0	0.806059	49	30	19	0	0	0	0
AF	0	0.806371	59	38	21	0	0	0	0
AF	0	0.806683	56	37	19	0	0	0	0
AF	0	0.806996	53	33	20	0	0	0	0
AF	0	0.807308	59	42	17	0	0	0	0
AF	0	0.807620	59	41	18	0	0	0	0
AF	0	0.807933	57	42	15	0	0	0	0
AF	0	0.808245	83	54	29	0	0	0	0
AF	0	0.808557	55	33	22	0	0	0	0
AF	0	0.808869	40	27	13	0	0	0	0
AF	0	0.809182	48	29	19	0	0	0	0
AF	0	0.809494	75	41	34	0	0	0	0
AF	0	0.809806	61	39	22	0	0	0	0
AF	0	0.810119	83	57	26	0	0	0	0
AF	0	0.810431	68	41	27	0	0	0	0
AF	0	0.810743	41	34	7	0	0	0	0
AF	0	0.811056	60	40	20	0	0	0	0
AF	0	0.811368	63	49	14	0	0	0	0
AF	0	0.811680	65	47	18	0	0	0	0
AF	0	0.811993	44	25	19	0	0	0	0
AF	0	0.812305	53	28	25	0	0	0	0
AF	0	0.812617	57	38	19	0	0	0	0
AF	0	0.812929	54	37	17	0	0	0	0
AF	0	0.813242	60	48	12	0	0	0	0
AF	0	0.813554	58	43	15	0	0	0	0
AF	0	0.813866	73	49	24	0	0	0	0
AF	0	0.814179	51	28	23	0	0	0	0
AF	0	0.814491	55	37	18	0	0	0	0
AF	0	0.814803	40	32	8	0	0	0	0
AF	0	0.815116	55	41	14	0	0	0	0
AF	0	0.815428	65	43	22	0	0	0	0
AF	0	0.815740	60	36	24	0	0	0	0
AF	0	0.816052	46	33	13	0	0	0	0
AF	0	0.816365	53	40	13	0	0	0	0
AF	0	0.816677	54	38	16	0	0	0	0
AF	0	0.816989	45	26	19	0	0	0	0
AF	0	0.817302	46	34	12	0	0	0	0
AF	0	0.817614	75	54	21	0	0	0	0
AF	0	0.817926	71	51	20	0	0	0	0
AF	0	0.818239	94	59	35	0	0	0	0
AF	0	0.818551	122	78	44	0	0	0	0
AF	0	0.818863	107	77	30	0	0	0	0
AF	0	0.819176	65	41	24	0	0	0	0
AF	0	0.819488	70	54	16	0	0	0	0
AF	0	0.819800	70	50	20	0	0	0	0
AF	0	0.820112	47	29	18	0	0	0	0
AF	0	0.820425	37	24	13	0	0	0	0
AF	0	0.820737	49	32	17	0	0	0	0
AF	0	0.821049	44	36	8	0	0	0	0
AF	0	0.821362	52	34	18	0	0	0	0
AF	0	0.821674	50	27	23	0	0	0	0
AF	0	0.821986	55	35	20	0	0	0	0
AF	0	0.822299	51	37	14	0	0	0	0
AF	0	0.822611	63	38	25	0	0	0	0
AF	0	0.822923	59	35	24	0	0	0	0
AF	0	0.823235	109	69	40	0	0	0	0
AF	0	0.823548	81	50	31	0	0	0	0
AF	0	0.823860	47	30	17	0	0	0	0
AF	0	0.824172	51	40	11	0	0	0	0
AF	0	0.824485	55	38	17	0	0	0	0
AF	0	0.824797	61	34	27	0	0	0	0
AF	0	0.825109	41	27	14	0	0	0	0
AF	0	0.825422	59	41	18	0	0	0	0
AF	0	0.825734	76	46	30	0	0	0	0
AF	0	0.826046	76	55	21	0	0	0	0
AF	0	0.826359	58	41	17	0	0	0	0
AF	0	0.826671	84	58	26	0	0	0	0
AF	0	0.826983	45	30	15	0	0	0	0
AF	0	0.827295	41	32	9	0	0	0	0
AF	0	0.827608	44	32	12	0	0	0	0
AF	0	0.827920	45	35	10	0	0	0	0
AF	0	0.828232	56	37	19	0	0	0	0
AF	0	0.828545	55	41	14	0	0	0	0
AF	0	0.828857	67	50	17	0	0	0	0
AF	0	0.829169	59	46	13	0	0	0	0
AF	0	0.829482	73	43	30	0	0	0	0
AF	0	0.829794	50	36	14	0	0	0	0
AF	0	0.830106	69	42	27	0	0	0	0
AF	0	0.830418	74	52	22	0	0	0	0
AF	0	0.830731	65	35	30	0	0	0	0
AF	0	0.831043	68	46	22	0	0	0	0
AF	0	0.831355	42	28	14	0	0	0	0
AF	0	0.831668	55	34	21	0	0	0	0
AF	0	0.831980	71	49	22	0	0	0	0
AF	0	0.832292	58	42	16	0	0	0	0
AF	0	0.832605	57	37	20	0	0	0	0
AF	0	0.832917	82	54	28	0	0	0	0
AF	0	0.833229	57	44	13	0	0	0	0
AF	0	0.833542	50	29	21	0	0	0	0
AF	0	0.833854	55	32	23	0	0	0	0
AF	0	0.834166	37	21	16	0	0	0	0
AF	0	0.834478	47	30	17	0	0	0	0
AF	0	0.834791	95	62	33	0	0	0	0
AF	0	0.835103	105	76	29	0	0	0	0
AF	0	0.835415	46	27	19	0	0	0	0
AF	0	0.835728	35	25	10	0	0	0	0
AF	0	0.836040	51	36	15	0	0	0	0
AF	0	0.836352	62	40	22	0	0	0	0
AF	0	0.836665	45	35	10	0	0	0	0
AF	0	0.836977	57	42	15	0	0	0	0
AF	0	0.837289	52	29	23	0	0	0	0
AF	0	0.837601	58	37	21	0	0	0	0
AF	0	0.837914	43	28	15	0	0	0	0
AF	0	0.838226	86	58	28	0	0	0	0
AF	0	0.838538	59	37	22	0	0	0	0
AF	0	0.838851	47	34	13	0	0	0	0
AF	0	0.839163	48	27	21	0	0	0	0
AF	0	0.839475	47	36	11	0	0	0	0
AF	0	0.839788	61	42	19	0	0	0	0
AF	0	0.840100	71	50	21	0	0	0	0
AF	0	0.840412	66	45	21	0	0	0	0
AF	0	0.840725	86	55	31	0	0	0	0
AF	0	0.841037	50	40	10	0	0	0	0
AF	0	0.841349	73	55	18	0	0	0	0
AF	0	0.841661	76	47	29	0	0	0	0
AF	0	0.841974	65	47	18	0	0	0	0
AF	0	0.842286	38	19	19	0	0	0	0
AF	0	0.842598	61	44	17	0	0	0	0
AF	0	0.842911	47	36	11	0	0	0	0
AF	0	0.843223	55	36	19	0	0	0	0
AF	0	0.843535	73	47	26	0	0	0	0
AF	0	0.843848	50	30	20	0	0	0	0
AF	0	0.844160	68	45	23	0	0	0	0
AF	0	0.844472	59	38	21	0	0	0	0
AF	0	0.844785	43	23	20	0	0	0	0
AF	0	0.845097	46	32	14	0	0	0	0
AF	0	0.845409	58	42	16	0	0	0	0
AF	0	0.845721	71	45	26	0	0	0	0
AF	0	0.846034	64	44	20	0	0	0	0
AF	0	0.846346	50	30	20	0	0	0	0
AF	0	0.846658	43	30	13	0	0	0	0
AF	0	0.846971	47	29	18	0	0	0	0
AF	0	0.847283	28	20	8	0	0	0	0
AF	0	0.847595	48	35	13	0	0	0	0
AF	0	0.847908	36	28	8	0	0	0	0
AF	0	0.848220	46	29	17	0	0	0	0
AF	0	0.848532	40	27	13	0	0	0	0
AF	0	0.848844	31	19	12	0	0	0	0
AF	0	0.849157	58	37	21	0	0	0	0
AF	0	0.849469	57	38	19	0	0	0	0
AF	0	0.849781	50	36	14	0	0	0	0
AF	0	0.850094	44	29	15	0	0	0	0
AF	0	0.850406	59	35	24	0	0	0	0
AF	0	0.850718	108	71	37	0	0	0	0
AF	0	0.851031	51	29	22	0	0	0	0
AF	0	0.851343	39	27	12	0	0	0	0
AF	0	0.851655	51	29	22	0	0	0	0
AF	0	0.851968	48	32	16	0	0	0	0
AF	0	0.852280	63	42	21	0	0	0	0
AF	0	0.852592	67	41	26	0	0	0	0
AF	0	0.852904	46	26	20	0	0	0	0
AF	0	0.853217	45	35	10	0	0	0	0
AF	0	0.853529	58	42	16	0	0	0	0
AF	0	0.853841	57	40	17	0	0	0	0
AF	0	0.854154	49	33	16	0	0	0	0
AF	0	0.854466	82	51	31	0	0	0	0
AF	0	0.854778	69	44	25	0	0	0	0
AF	0	0.855091	59	41	18	0	0	0	0
AF	0	0.855403	54	37	17	0	0	0	0
AF	0	0.855715	33	21	12	0	0	0	0
AF	0	0.856027	40	32	8	0	0	0	0
AF	0	0.856340	31	18	13	0	0	0	0
AF	0	0.856652	51	31	20	0	0	0	0
AF	0	0.856964	104	73	31	0	0	0	0
AF	0	0.857277	48	38	10	0	0	0	0
AF	0	0.857589	71	45	26	0	0	0	0
AF	0	0.857901	57	34	23	0	0	0	0
AF	0	0.858214	54	36	18	0	0	0	0
AF	0	0.858526	54	40	14	0	0	0	0
AF	0	0.858838	59	42	17	0	0	0	0
AF	0	0.859151	48	38	10	0	0	0	0
AF	0	0.859463	44	25	19	0	0	0	0
AF	0	0.859775	49	28	21	0	0	0	0
AF	0	0.860087	34	21	13	0	0	0	0
AF	0	0.860400	45	33	12	0	0	0	0
AF	0	0.860712	39	29	10	0	0	0	0
AF	0	0.861024	49	35	14	0	0	0	0
AF	0	0.861337	40	27	13	0	0	0	0
AF	0	0.861649	49	34	15	0	0	0	0
AF	0	0.861961	37	26	11	0	0	0	0
AF	0	0.862274	34	20	14	0	0	0	0
AF	0	0.862586	33	22	11	0	0	0	0
AF	0	0.862898	47	32	15	0	0	0	0
AF	0	0.863210	34	25	9	0	0	0	0
AF	0	0.863523	33	15	18	0	0	0	0
AF	0	0.863835	57	37	20	0	0	0	0
AF	0	0.864147	67	46	21	0	0	0	0
AF	0	0.864460	50	36	14	0	0	0	0
AF	0	0.864772	30	20	10	0	0	0	0
AF	0	0.865084	50	38	12	0	0	0	0
AF	0	0.865397	35	28	7	0	0	0	0
AF	0	0.865709	51	36	15	0	0	0	0
AF	0	0.866021	39	28	11	0	0	0	0
AF	0	0.866334	35	26	9	0	0	0	0
AF	0	0.866646	53	41	12	0	0	0	0
AF	0	0.866958	55	33	22	0	0	0	0
AF	0	0.867270	44	34	10	0	0	0	0
AF	0	0.867583	41	29	12	0	0	0	0
AF	0	0.867895	41	30	11	0	0	0	0
AF	0	0.868207	31	22	9	0	0	0	0
AF	0	0.868520	30	22	8	0	0	0	0
AF	0	0.868832	28	20	8	0	0	0	0
AF	0	0.869144	48	31	17	0	0	0	0
AF	0	0.869457	46	37	9	0	0	0	0
AF	0	0.869769	44	30	14	0	0	0	0
AF	0	0.870081	40	27	13	0	0	0	0
AF	0	0.870394	33	26	7	0	0	0	0
AF	0	0.870706	35	22	13	0	0	0	0
AF	0	0.871018	54	28	26	0	0	0	0
AF	0	0.871330	30	22	8	0	0	0	0
AF	0	0.871643	46	29	17	0	0	0	0
AF	0	0.871955	49	26	23	0	0	0	0
AF	0	0.872267	33	26	7	0	0	0	0
AF	0	0.872580	35	22	13	0	0	0	0
AF	0	0.872892	50	28	22	0	0	0	0
AF	0	0.873204	43	27	16	0	0	0	0
AF	0	0.873517	38	26	12	0	0	0	0
AF	0	0.873829	49	32	17	0	0	0	0
AF	0	0.874141	49	34	15	0	0	0	0
AF	0	0.874453	42	31	11	0	0	0	0
AF	0	0.874766	45	33	12	0	0	0	0
AF	0	0.875078	36	29	7	0	0	0	0
AF	0	0.875390	45	29	16	0	0	0	0
AF	0	0.875703	34	18	16	0	0	0	0
AF	0	0.876015	45	27	18	0	0	0	0
AF	0	0.876327	42	32	10	0	0	0	0
AF	0	0.876640	53	35	18	0	0	0	0
AF	0	0.876952	53	40	13	0	0	0	0
AF	0	0.877264	37	28	9	0	0	0	0
AF	0	0.877577	41	28	13	0	0	0	0
AF	0	0.877889	28	22	6	0	0	0	0
AF	0	0.878201	39	23	16	0	0	0	0
AF	0	0.878513	40	23	17	0	0	0	0
AF	0	0.878826	52	39	13	0	0	0	0
AF	0	0.879138	34	25	9	0	0	0	0
AF	0	0.879450	29	22	7	0	0	0	0
AF	0	0.879763	37	27	10	0	0	0	0
AF	0	0.880075	48	34	14	0	0	0	0
AF	0	0.880387	42	30	12	0	0	0	0
AF	0	0.880700	26	14	12	0	0	0	0
AF	0	0.881012	31	24	7	0	0	0	0
AF	0	0.881324	31	22	9	0	0	0	0
AF	0	0.881636	32	21	11	0	0	0	0
AF	0	0.881949	38	24	14	0	0	0	0
AF	0	0.882261	34	19	15	0	0	0	0
AF	0	0.882573	39	24	15	0	0	0	0
AF	0	0.882886	27	14	13	0	0	0	0
AF	0	0.883198	40	25	15	0	0	0	0
AF	0	0.883510	41	32	9	0	0	0	0
AF	0	0.883823	64	43	21	0	0	0	0
AF	0	0.884135	61	40	21	0	0	0	0
AF	0	0.884447	66	35	31	0	0	0	0
AF	0	0.884760	46	34	12	0	0	0	0
AF	0	0.885072	27	19	8	0	0	0	0
AF	0	0.885384	28	14	14	0	0	0	0
AF	0	0.885696	32	20	12	0	0	0	0
AF	0	0.886009	53	36	17	0	0	0	0
AF	0	0.886321	56	28	28	0	0	0	0
AF	0	0.886633	46	29	17	0	0	0	0
AF	0	0.886946	23	17	6	0	0	0	0
AF	0	0.887258	30	19	11	0	0	0	0
AF	0	0.887570	41	26	15	0	0	0	0
AF	0	0.887883	39	23	16	0	0	0	0
AF	0	0.888195	40	30	10	0	0	0	0
AF	0	0.888507	47	28	19	0	0	0	0
AF	0	0.888819	44	30	14	0	0	0	0
AF	0	0.889132	49	31	18	0	0	0	0
AF	0	0.889444	100	71	29	0	0	0	0
AF	0	0.889756	53	41	12	0	0	0	0
AF	0	0.890069	36	22	14	0	0	0	0
AF	0	0.890381	39	23	16	0	0	0	0
AF	0	0.890693	49	35	14	0	0	0	0
AF	0	0.891006	44	23	21	0	0	0	0
AF	0	0.891318	40	24	16	0	0	0	0
AF	0	0.891630	41	26	15	0	0	0	0
AF	0	0.891943	31	23	8	0	0	0	0
AF	0	0.892255	41	23	18	0	0	0	0
AF	0	0.892567	46	27	19	0	0	0	0
AF	0	0.892879	28	21	7	0	0	0	0
AF	0	0.893192	25	18	7	0	0	0	0
AF	0	0.893504	43	26	17	0	0	0	0
AF	0	0.893816	48	32	16	0	0	0	0
AF	0	0.894129	51	32	19	0	0	0	0
AF	0	0.894441	33	21	12	0	0	0	0
AF	0	0.894753	43	26	17	0	0	0	0
AF	0	0.895066	46	31	15	0	0	0	0
AF	0	0.895378	79	49	30	0	0	0	0
AF	0	0.895690	50	34	16	0	0	0	0
AF	0	0.896002	82	54	28	0	0	0	0
AF	0	0.896315	72	46	26	0	0	0	0
AF	0	0.896627	59	43	16	0	0	0	0
AF	0	0.896939	79	55	24	0	0	0	0
AF	0	0.897252	49	34	15	0	0	0	0
AF	0	0.897564	55	35	20	0	0	0	0
AF	0	0.897876	36	26	10	0	0	0	0
AF	0	0.898189	42	25	17	0	0	0	0
AF	0	0.898501	40	31	9	0	0	0	0
AF	0	0.898813	44	30	14	0	0	0	0
AF	0	0.899126	35	22	13	0	0	0	0
AF	0	0.899438	41	31	10	0	0	0	0
AF	0	0.899750	43	30	13	0	0	0	0
AF	0	0.900062	28	17	11	0	0	0	0
AF	0	0.900375	42	30	12	0	0	0	0
AF	0	0.900687	54	30	24	0	0	0	0
AF	0	0.900999	61	44	17	0	0	0	0
AF	0	0.901312	69	51	18	0	0	0	0
AF	0	0.901624	46	30	16	0	0	0	0
AF	0	0.901936	32	22	10	0	0	0	0
AF	0	0.902249	41	28	13	0	0	0	0
AF	0	0.902561	35	23	12	0	0	0	0
AF	0	0.902873	51	35	16	0	0	0	0
AF	0	0.903186	38	27	11	0	0	0	0
AF	0	0.903498	43	34	9	0	0	0	0
AF	0	0.903810	37	27	10	0	0	0	0
AF	0	0.904122	46	34	12	0	0	0	0
AF	0	0.904435	38	23	15	0	0	0	0
AF	0	0.904747	49	34	15	0	0	0	0
AF	0	0.905059	47	28	19	0	0	0	0
AF	0	0.905372	42	21	21	0	0	0	0
AF	0	0.905684	41	31	10	0	0	0	0
AF	0	0.905996	27	15	12	0	0	0	0
AF	0	0.906309	53	34	19	0	0	0	0
AF	0	0.906621	46	27	19	0	0	0	0
AF	0	0.906933	74	51	23	0	0	0	0
AF	0	0.907245	64	44	20	0	0	0	0
AF	0	0.907558	52	34	18	0	0	0	0
AF	0	0.907870	53	37	16	0	0	0	0
AF	0	0.908182	31	19	12	0	0	0	0
AF	0	0.908495	34	22	12	0	0	0	0
AF	0	0.908807	43	29	14	0	0	0	0
AF	0	0.909119	39	26	13	0	0	0	0
AF	0	0.909432	41	26	15	0	0	0	0
AF	0	0.909744	45	25	20	0	0	0	0
AF	0	0.910056	36	24	12	0	0	0	0
AF	0	0.910369	29	21	8	0	0	0	0
AF	0	0.910681	33	17	16	0	0	0	0
AF	0	0.910993	50	36	14	0	0	0	0
AF	0	0.911305	45	32	13	0	0	0	0
AF	0	0.911618	40	31	9	0	0	0	0
AF	0	0.911930	68	46	22	0	0	0	0
AF	0	0.912242	81	47	34	0	0	0	0
AF	0	0.912555	35	28	7	0	0	0	0
AF	0	0.912867	52	40	12	0	0	0	0
AF	0	0.913179	54	40	14	0	0	0	0
AF	0	0.913492	21	15	6	0	0	0	0
AF	0	0.913804	29	20	9	0	0	0	0
AF	0	0.914116	29	20	9	0	0	0	0
AF	0	0.914428	32	22	10	0	0	0	0
AF	0	0.914741	18	15	3	0	0	0	0
AF	0	0.915053	34	23	11	0	0	0	0
AF	0	0.915365	37	27	10	0	0	0	0
AF	0	0.915678	44	30	14	0	0	0	0
AF	0	0.915990	54	37	17	0	0	0	0
AF	0	0.916302	27	18	9	0	0	0	0
AF	0	0.916615	25	13	12	0	0	0	0
AF	0	0.916927	28	23	5	0	0	0	0
AF	0	0.917239	33	24	9	0	0	0	0
AF	0	0.917552	40	24	16	0	0	0	0
AF	0	0.917864	29	14	15	0	0	0	0
AF	0	0.918176	34	24	10	0	0	0	0
AF	0	0.918488	41	30	11	0	0	0	0
AF	0	0.918801	34	26	8	0	0	0	0
AF	0	0.919113	48	30	18	0	0	0	0
AF	0	0.919425	37	24	13	0	0	0	0
AF	0	0.919738	77	53	24	0	0	0	0
AF	0	0.920050	40	29	11	0	0	0	0
AF	0	0.920362	41	29	12	0	0	0	0
AF	0	0.920675	31	22	9	0	0	0	0
AF	0	0.920987	34	18	16	0	0	0	0
AF	0	0.921299	43	33	10	0	0	0	0
AF	0	0.921611	32	23	9	0	0	0	0
AF	0	0.921924	27	20	7	0	0	0	0
AF	0	0.922236	36	24	12	0	0	0	0
AF	0	0.922548	52	41	11	0	0	0	0
AF	0	0.922861	27	23	4	0	0	0	0
AF	0	0.923173	43	26	17	0	0	0	0
AF	0	0.923485	58	41	17	0	0	0	0
AF	0	0.923798	20	13	7	0	0	0	0
AF	0	0.924110	41	29	12	0	0	0	0
AF	0	0.924422	28	17	11	0	0	0	0
AF	0	0.924735	34	19	15	0	0	0	0
AF	0	0.925047	27	23	4	0	0	0	0
AF	0	0.925359	35	26	9	0	0	0	0
AF	0	0.925671	33	18	15	0	0	0	0
AF	0	0.925984	38	27	11	0	0	0	0
AF	0	0.926296	26	17	9	0	0	0	0
AF	0	0.926608	35	18	17	0	0	0	0
AF	0	0.926921	33	24	9	0	0	0	0
AF	0	0.927233	30	21	9	0	0	0	0
AF	0	0.927545	43	30	13	0	0	0	0
AF	0	0.927858	29	17	12	0	0	0	0
AF	0	0.928170	25	16	9	0	0	0	0
AF	0	0.928482	20	16	4	0	0	0	0
AF	0	0.928795	32	26	6	0	0	0	0
AF	0	0.929107	39	22	17	0	0	0	0
AF	0	0.929419	39	22	17	0	0	0	0
AF	0	0.929731	25	14	11	0	0	0	0
AF	0	0.930044	33	25	8	0	0	0	0
AF	0	0.930356	29	19	10	0	0	0	0
AF	0	0.930668	27	23	4	0	0	0	0
AF	0	0.930981	29	23	6	0	0	0	0
AF	0	0.931293	28	21	7	0	0	0	0
AF	0	0.931605	29	22	7	0	0	0	0
AF	0	0.931918	28	20	8	0	0	0	0
AF	0	0.932230	37	28	9	0	0	0	0
AF	0	0.932542	59	40	19	0	0	0	0
AF	0	0.932854	40	31	9	0	0	0	0
AF	0	0.933167	41	27	14	0	0	0	0
AF	0	0.933479	31	24	7	0	0	0	0
AF	0	0.933791	30	21	9	0	0	0	0
AF	0	0.934104	25	16	9	0	0	0	0
AF	0	0.934416	49	33	16	0	0	0	0
AF	0	0.934728	39	29	10	0	0	0	0
AF	0	0.935041	46	29	17	0	0	0	0
AF	0	0.935353	64	47	17	0	0	0	0
AF	0	0.935665	51	37	14	0	0	0	0
AF	0	0.935978	41	23	18	0	0	0	0
AF	0	0.936290	26	16	10	0	0	0	0
AF	0	0.936602	33	21	12	0	0	0	0
AF	0	0.936914	57	37	20	0	0	0	0
AF	0	0.937227	39	24	15	0	0	0	0
AF	0	0.937539	52	41	11	0	0	0	0
AF	0	0.937851	40	25	15	0	0	0	0
AF	0	0.938164	54	40	14	0	0	0	0
AF	0	0.938476	35	23	12	0	0	0	0
AF	0	0.938788	33	21	12	0	0	0	0
AF	0	0.939101	59	38	21	0	0	0	0
AF	0	0.939413	61	40	21	0	0	0	0
AF	0	0.939725	67	46	21	0	0	0	0
AF	0	0.940037	41	27	14	0	0	0	0
AF	0	0.940350	53	36	17	0	0	0	0
AF	0	0.940662	47	28	19	0	0	0	0
AF	0	0.940974	47	24	23	0	0	0	0
AF	0	0.941287	72	56	16	0	0	0	0
AF	0	0.941599	67	43	24	0	0	0	0
AF	0	0.941911	40	30	10	0	0	0	0
AF	0	0.942224	34	26	8	0	0	0	0
AF	0	0.942536	41	22	19	0	0	0	0
AF	0	0.942848	42	32	10	0	0	0	0
AF	0	0.943161	42	30	12	0	0	0	0
AF	0	0.943473	46	38	8	0	0	0	0
AF	0	0.943785	35	26	9	0	0	0	0
AF	0	0.944097	44	27	17	0	0	0	0
AF	0	0.944410	44	27	17	0	0	0	0
AF	0	0.944722	37	22	15	0	0	0	0
AF	0	0.945034	34	21	13	0	0	0	0
AF	0	0.945347	44	26	18	0	0	0	0
AF	0	0.945659	40	29	11	0	0	0	0
AF	0	0.945971	84	57	27	0	0	0	0
AF	0	0.946284	56	39	17	0	0	0	0
AF	0	0.946596	72	51	21	0	0	0	0
AF	0	0.946908	47	28	19	0	0	0	0
AF	0	0.947220	47	31	16	0	0	0	0
AF	0	0.947533	33	24	9	0	0	0	0
AF	0	0.947845	50	39	11	0	0	0	0
AF	0	0.948157	41	30	11	0	0	0	0
AF	0	0.948470	46	34	12	0	0	0	0
AF	0	0.948782	27	17	10	0	0	0	0
AF	0	0.949094	39	32	7	0	0	0	0
AF	0	0.949407	34	21	13	0	0	0	0
AF	0	0.949719	50	37	13	0	0	0	0
AF	0	0.950031	50	29	21	0	0	0	0
AF	0	0.950344	57	38	19	0	0	0	0
AF	0	0.950656	82	47	35	0	0	0	0
AF	0	0.950968	37	20	17	0	0	0	0
AF	0	0.951280	52	33	19	0	0	0	0
AF	0	0.951593	46	28	18	0	0	0	0
AF	0	0.951905	48	27	21	0	0	0	0
AF	0	0.952217	51	36	15	0	0	0	0
AF	0	0.952530	62	40	22	0	0	0	0
AF	0	0.952842	44	32	12	0	0	0	0
AF	0	0.953154	37	27	10	0	0	0	0
AF	0	0.953467	119	75	44	0	0	0	0
AF	0	0.953779	30	18	12	0	0	0	0
AF	0	0.954091	69	45	24	0	0	0	0
AF	0	0.954403	60	42	18	0	0	0	0
AF	0	0.954716	32	20	12	0	0	0	0
AF	0	0.955028	49	31	18	0	0	0	0
AF	0	0.955340	53	32	21	0	0	0	0
AF	0	0.955653	45	29	16	0	0	0	0
AF	0	0.955965	51	30	21	0	0	0	0
AF	0	0.956277	41	32	9	0	0	0	0
AF	0	0.956590	40	26	14	0	0	0	0
AF	0	0.956902	35	24	11	0	0	0	0
AF	0	0.957214	66	47	19	0	0	0	0
AF	0	0.957527	58	35	23	0	0	0	0
AF	0	0.957839	62	45	17	0	0	0	0
AF	0	0.958151	68	42	26	0	0	0	0
AF	0	0.958463	32	24	8	0	0	0	0
AF	0	0.958776	32	26	6	0	0	0	0
AF	0	0.959088	28	20	8	0	0	0	0
AF	0	0.959400	51	33	18	0	0	0	0
AF	0	0.959713	54	39	15	0	0	0	0
AF	0	0.960025	43	31	12	0	0	0	0
AF	0	0.960337	57	42	15	0	0	0	0
AF	0	0.960650	28	24	4	0	0	0	0
AF	0	0.960962	39	24	15	0	0	0	0
AF	0	0.961274	53	33	20	0	0	0	0
AF	0	0.961587	45	31	14	0	0	0	0
AF	0	0.961899	39	26	13	0	0	0	0
AF	0	0.962211	41	32	9	0	0	0	0
AF	0	0.962523	41	28	13	0	0	0	0
AF	0	0.962836	34	26	8	0	0	0	0
AF	0	0.963148	49	34	15	0	0	0	0
AF	0	0.963460	45	29	16	0	0	0	0
AF	0	0.963773	58	37	21	0	0	0	0
AF	0	0.964085	48	35	13	0	0	0	0
AF	0	0.964397	55	40	15	0	0	0	0
AF	0	0.964710	50	34	16	0	0	0	0
AF	0	0.965022	31	18	13	0	0	0	0
AF	0	0.965334	59	41	18	0	0	0	0
AF	0	0.965646	47	33	14	0	0	0	0
AF	0	0.965959	57	44	13	0	0	0	0
AF	0	0.966271	68	50	18	0	0	0	0
AF	0	0.966583	52	30	22	0	0	0	0
AF	0	0.966896	39	26	13	0	0	0	0
AF	0	0.967208	69	44	25	0	0	0	0
AF	0	0.967520	26	19	7	0	0	0	0
AF	0	0.967833	37	28	9	0	0	0	0
AF	0	0.968145	36	24	12	0	0	0	0
AF	0	0.968457	36	21	15	0	0	0	0
AF	0	0.968770	44	27	17	0	0	0	0
AF	0	0.969082	48	31	17	0	0	0	0
AF	0	0.969394	52	39	13	0	0	0	0
AF	0	0.969706	52	37	15	0	0	0	0
AF	0	0.970019	60	44	16	0	0	0	0
AF	0	0.970331	40	32	8	0	0	0	0
AF	0	0.970643	81	53	28	0	0	0	0
AF	0	0.970956	59	39	20	0	0	0	0
AF	0	0.971268	35	26	9	0	0	0	0
AF	0	0.971580	47	29	18	0	0	0	0
AF	0	0.971893	31	23	8	0	0	0	0
AF	0	0.972205	54	35	19	0	0	0	0
AF	0	0.972517	51	35	16	0	0	0	0
AF	0	0.972829	52	34	18	0	0	0	0
AF	0	0.973142	44	30	14	0	0	0	0
AF	0	0.973454	53	34	19	0	0	0	0
AF	0	0.973766	44	28	16	0	0	0	0
AF	0	0.974079	68	41	27	0	0	0	0
AF	0	0.974391	62	45	17	0	0	0	0
AF	0	0.974703	61	43	18	0	0	0	0
AF	0	0.975016	59	38	21	0	0	0	0
AF	0	0.975328	42	28	14	0	0	0	0
AF	0	0.975640	53	34	19	0	0	0	0
AF	0	0.975953	97	65	32	0	0	0	0
AF	0	0.976265	74	46	28	0	0	0	0
AF	0	0.976577	49	37	12	0	0	0	0
AF	0	0.976889	66	48	18	0	0	0	0
AF	0	0.977202	51	33	18	0	0	0	0
AF	0	0.977514	31	22	9	0	0	0	0
AF	0	0.977826	46	29	17	0	0	0	0
AF	0	0.978139	48	25	23	0	0	0	0
AF	0	0.978451	91	62	29	0	0	0	0
AF	0	0.978763	93	55	38	0	0	0	0
AF	0	0.979076	62	43	19	0	0	0	0
AF	0	0.979388	69	45	24	0	0	0	0
AF	0	0.979700	71	43	28	0	0	0	0
AF	0	0.980012	75	50	25	0	0	0	0
AF	0	0.980325	52	35	17	0	0	0	0
AF	0	0.980637	82	57	25	0	0	0	0
AF	0	0.980949	78	61	17	0	0	0	0
AF	0	0.981262	87	63	24	0	0	0	0
AF	0	0.981574	62	42	20	0	0	0	0
AF	0	0.981886	76	55	21	0	0	0	0
AF	0	0.982199	53	41	12	0	0	0	0
AF	0	0.982511	49	34	15	0	0	0	0
AF	0	0.982823	51	37	14	0	0	0	0
AF	0	0.983136	47	34	13	0	0	0	0
AF	0	0.983448	77	55	22	0	0	0	0
AF	0	0.983760	64	50	14	0	0	0	0
AF	0	0.984072	87	55	32	0	0	0	0
AF	0	0.984385	90	59	31	0	0	0	0
AF	0	0.984697	74	55	19	0	0	0	0
AF	0	0.985009	65	39	26	0	0	0	0
AF	0	0.985322	77	53	24	0	0	0	0
AF	0	0.985634	72	42	30	0	0	0	0
AF	0	0.985946	73	47	26	0	0	0	0
AF	0	0.986259	77	57	20	0	0	0	0
AF	0	0.986571	65	43	22	0	0	0	0
AF	0	0.986883	66	43	23	0	0	0	0
AF	0	0.987196	64	39	25	0	0	0	0
AF	0	0.987508	71	48	23	0	0	0	0
AF	0	0.987820	80	56	24	0	0	0	0
AF	0	0.988132	57	38	19	0	0	0	0
AF	0	0.988445	59	36	23	0	0	0	0
AF	0	0.988757	103	65	38	0	0	0	0
AF	0	0.989069	67	49	18	0	0	0	0
AF	0	0.989382	88	54	34	0	0	0	0
AF	0	0.989694	57	35	22	0	0	0	0
AF	0	0.990006	60	40	20	0	0	0	0
AF	0	0.990319	69	45	24	0	0	0	0
AF	0	0.990631	56	40	16	0	0	0	0
AF	0	0.990943	61	37	24	0	0	0	0
AF	0	0.991255	71	48	23	0	0	0	0
AF	0	0.991568	55	43	12	0	0	0	0
AF	0	0.991880	102	74	28	0	0	0	0
AF	0	0.992192	63	47	16	0	0	0	0
AF	0	0.992505	91	56	35	0	0	0	0
AF	0	0.992817	104	79	25	0	0	0	0
AF	0	0.993129	74	48	26	0	0	0	0
AF	0	0.993442	80	54	26	0	0	0	0
AF	0	0.993754	111	82	29	0	0	0	0
AF	0	0.994066	91	61	30	0	0	0	0
AF	0	0.994379	116	65	51	0	0	0	0
AF	0	0.994691	101	51	50	0	0	0	0
AF	0	0.995003	116	88	28	0	0	0	0
AF	0	0.995315	118	83	35	0	0	0	0
AF	0	0.995628	134	96	38	0	0	0	0
AF	0	0.995940	114	80	34	0	0	0	0
AF	0	0.996252	119	88	31	0	0	0	0
AF	0	0.996565	122	74	48	0	0	0	0
AF	0	0.996877	107	73	34	0	0	0	0
AF	0	0.997189	135	88	47	0	0	0	0
AF	0	0.997502	136	95	41	0	0	0	0
AF	0	0.997814	124	76	48	0	0	0	0
AF	0	0.998126	145	96	49	0	0	0	0
AF	0	0.998438	120	79	41	0	0	0	0
AF	0	0.998751	154	100	54	0	0	0	0
AF	0	0.999063	196	118	78	0	0	0	0
AF	0	0.999375	99	70	29	0	0	0	0
# QUAL, Stats by quality
# QUAL	[2]id	[3]Quality	[4]number of SNPs	[5]number of transitions (1st ALT)	[6]number of transversions (1st ALT)	[7]number of indels
QUAL	0	.	2376433	1600205	776228	0
# IDD, InDel distribution:
# IDD	[2]id	[3]length (deletions negative)	[4]number of sites	[5]number of genotypes	[6]mean VAF
# ST, Substitution types:
# ST	[2]id	[3]type	[4]count
ST	0	A>C	89617
ST	0	A>G	335379
ST	0	A>T	86998
ST	0	C>A	113986
ST	0	C>G	98890
ST	0	C>T	462602
ST	0	G>A	465848
ST	0	G>C	98214
ST	0	G>T	109282
ST	0	T>A	90177
ST	0	T>C	336376
ST	0	T>G	89064
# DP, depth:
#   - set id, see above
#   - the depth bin, corresponds to the depth (unless --depth was given)
#   - number of genotypes with this depth (zero unless -s/-S was given)
#   - fraction of genotypes with this depth (zero unless -s/-S was given)
#   - number of sites with this depth
#   - fraction of sites with this depth
# DP, Depth distribution
# DP	[2]id	[3]bin	[4]number of genotypes	[5]fraction of genotypes (%)	[6]number of sites	[7]fraction of sites (%)
