# This file was produced by bcftools stats (1.21+htslib-1.21) and can be plotted using plot-vcfstats.
# The command line was:	bcftools stats  /project/cphg-millerlab/software/MonopogenLite/resources/1kGP_high_coverage_Illumina.SNVonly_poly.filtered_AF_5e-04.norm.fixvariantid.chr22.vcf.gz
#
# Definition of sets:
# ID	[2]id	[3]tab-separated file names
ID	0	/project/cphg-millerlab/software/MonopogenLite/resources/1kGP_high_coverage_Illumina.SNVonly_poly.filtered_AF_5e-04.norm.fixvariantid.chr22.vcf.gz
# SN, Summary numbers:
#   number of records   .. number of data rows in the VCF
#   number of no-ALTs   .. reference-only sites, ALT is either "." or identical to REF
#   number of SNPs      .. number of rows with a SNP
#   number of MNPs      .. number of rows with a MNP, such as CC>TT
#   number of indels    .. number of rows with an indel
#   number of others    .. number of rows with other type, for example a symbolic allele or
#                          a complex substitution, such as ACT>TCGA
#   number of multiallelic sites     .. number of rows with multiple alternate alleles
#   number of multiallelic SNP sites .. number of rows with multiple alternate alleles, all SNPs
# 
#   Note that rows containing multiple types will be counted multiple times, in each
#   counter. For example, a row with a SNP and an indel increments both the SNP and
#   the indel counter.
# 
# SN	[2]id	[3]key	[4]value
SN	0	number of samples:	3202
SN	0	number of records:	558929
SN	0	number of no-ALTs:	0
SN	0	number of SNPs:	558929
SN	0	number of MNPs:	0
SN	0	number of indels:	0
SN	0	number of others:	0
SN	0	number of multiallelic sites:	0
SN	0	number of multiallelic SNP sites:	0
# TSTV, transitions/transversions
#   - transitions, see https://en.wikipedia.org/wiki/Transition_(genetics)
#   - transversions, see https://en.wikipedia.org/wiki/Transversion
# TSTV	[2]id	[3]ts	[4]tv	[5]ts/tv	[6]ts (1st ALT)	[7]tv (1st ALT)	[8]ts/tv (1st ALT)
TSTV	0	388476	170453	2.28	388476	170453	2.28
# SiS, Singleton stats:
#   - allele count, i.e. the number of singleton genotypes (AC=1)
#   - number of transitions, see above
#   - number of transversions, see above
#   - repeat-consistent, inconsistent and n/a: experimental and useless stats [DEPRECATED]
# SiS	[2]id	[3]allele count	[4]number of SNPs	[5]number of transitions	[6]number of transversions	[7]number of indels	[8]repeat-consistent	[9]repeat-inconsistent	[10]not applicable
SiS	0	1	0	0	0	0	0	0	0
# AF, Stats by non-reference allele frequency:
# AF	[2]id	[3]allele frequency	[4]number of SNPs	[5]number of transitions	[6]number of transversions	[7]number of indels	[8]repeat-consistent	[9]repeat-inconsistent	[10]not applicable
AF	0	0.000312	58075	40828	17247	0	0	0	0
AF	0	0.000625	66335	46543	19792	0	0	0	0
AF	0	0.000937	40591	28279	12312	0	0	0	0
AF	0	0.001249	28299	19673	8626	0	0	0	0
AF	0	0.001562	21938	15192	6746	0	0	0	0
AF	0	0.001874	17413	12042	5371	0	0	0	0
AF	0	0.002186	14759	10256	4503	0	0	0	0
AF	0	0.002498	12095	8452	3643	0	0	0	0
AF	0	0.002811	10505	7151	3354	0	0	0	0
AF	0	0.003123	9243	6422	2821	0	0	0	0
AF	0	0.003435	8413	5911	2502	0	0	0	0
AF	0	0.003748	7301	4986	2315	0	0	0	0
AF	0	0.004060	6761	4603	2158	0	0	0	0
AF	0	0.004372	6687	4592	2095	0	0	0	0
AF	0	0.004685	5682	3894	1788	0	0	0	0
AF	0	0.004997	5173	3588	1585	0	0	0	0
AF	0	0.005309	4640	3172	1468	0	0	0	0
AF	0	0.005621	4486	3045	1441	0	0	0	0
AF	0	0.005934	4258	2969	1289	0	0	0	0
AF	0	0.006246	4109	2757	1352	0	0	0	0
AF	0	0.006558	3870	2640	1230	0	0	0	0
AF	0	0.006871	3400	2340	1060	0	0	0	0
AF	0	0.007183	3588	2460	1128	0	0	0	0
AF	0	0.007495	3074	2057	1017	0	0	0	0
AF	0	0.007808	3218	2197	1021	0	0	0	0
AF	0	0.008120	3076	2127	949	0	0	0	0
AF	0	0.008432	2815	1946	869	0	0	0	0
AF	0	0.008745	2511	1730	781	0	0	0	0
AF	0	0.009057	2388	1629	759	0	0	0	0
AF	0	0.009369	2571	1776	795	0	0	0	0
AF	0	0.009681	2356	1582	774	0	0	0	0
AF	0	0.009994	2286	1587	699	0	0	0	0
AF	0	0.010306	2120	1496	624	0	0	0	0
AF	0	0.010618	1987	1369	618	0	0	0	0
AF	0	0.010931	1845	1284	561	0	0	0	0
AF	0	0.011243	1770	1195	575	0	0	0	0
AF	0	0.011555	1885	1273	612	0	0	0	0
AF	0	0.011868	1761	1192	569	0	0	0	0
AF	0	0.012180	1691	1164	527	0	0	0	0
AF	0	0.012492	1583	1057	526	0	0	0	0
AF	0	0.012804	1633	1099	534	0	0	0	0
AF	0	0.013117	1541	1044	497	0	0	0	0
AF	0	0.013429	1527	1031	496	0	0	0	0
AF	0	0.013741	1419	986	433	0	0	0	0
AF	0	0.014054	1464	976	488	0	0	0	0
AF	0	0.014366	1383	975	408	0	0	0	0
AF	0	0.014678	1333	929	404	0	0	0	0
AF	0	0.014991	1343	958	385	0	0	0	0
AF	0	0.015303	1226	842	384	0	0	0	0
AF	0	0.015615	1299	872	427	0	0	0	0
AF	0	0.015928	1193	823	370	0	0	0	0
AF	0	0.016240	1066	747	319	0	0	0	0
AF	0	0.016552	1030	717	313	0	0	0	0
AF	0	0.016864	1182	829	353	0	0	0	0
AF	0	0.017177	1003	704	299	0	0	0	0
AF	0	0.017489	902	634	268	0	0	0	0
AF	0	0.017801	976	679	297	0	0	0	0
AF	0	0.018114	1066	714	352	0	0	0	0
AF	0	0.018426	939	645	294	0	0	0	0
AF	0	0.018738	971	681	290	0	0	0	0
AF	0	0.019051	911	614	297	0	0	0	0
AF	0	0.019363	801	546	255	0	0	0	0
AF	0	0.019675	781	516	265	0	0	0	0
AF	0	0.019988	771	546	225	0	0	0	0
AF	0	0.020300	1000	671	329	0	0	0	0
AF	0	0.020612	808	562	246	0	0	0	0
AF	0	0.020924	704	486	218	0	0	0	0
AF	0	0.021237	807	541	266	0	0	0	0
AF	0	0.021549	719	505	214	0	0	0	0
AF	0	0.021861	716	484	232	0	0	0	0
AF	0	0.022174	734	517	217	0	0	0	0
AF	0	0.022486	670	464	206	0	0	0	0
AF	0	0.022798	811	569	242	0	0	0	0
AF	0	0.023111	849	578	271	0	0	0	0
AF	0	0.023423	816	576	240	0	0	0	0
AF	0	0.023735	610	416	194	0	0	0	0
AF	0	0.024047	623	442	181	0	0	0	0
AF	0	0.024360	625	450	175	0	0	0	0
AF	0	0.024672	671	475	196	0	0	0	0
AF	0	0.024984	596	427	169	0	0	0	0
AF	0	0.025297	571	376	195	0	0	0	0
AF	0	0.025609	652	449	203	0	0	0	0
AF	0	0.025921	594	408	186	0	0	0	0
AF	0	0.026234	592	404	188	0	0	0	0
AF	0	0.026546	500	347	153	0	0	0	0
AF	0	0.026858	478	337	141	0	0	0	0
AF	0	0.027171	503	353	150	0	0	0	0
AF	0	0.027483	550	395	155	0	0	0	0
AF	0	0.027795	482	329	153	0	0	0	0
AF	0	0.028107	597	405	192	0	0	0	0
AF	0	0.028420	561	367	194	0	0	0	0
AF	0	0.028732	536	381	155	0	0	0	0
AF	0	0.029044	464	324	140	0	0	0	0
AF	0	0.029357	475	331	144	0	0	0	0
AF	0	0.029669	470	350	120	0	0	0	0
AF	0	0.029981	446	308	138	0	0	0	0
AF	0	0.030294	420	285	135	0	0	0	0
AF	0	0.030606	477	338	139	0	0	0	0
AF	0	0.030918	475	326	149	0	0	0	0
AF	0	0.031230	443	314	129	0	0	0	0
AF	0	0.031543	421	290	131	0	0	0	0
AF	0	0.031855	369	239	130	0	0	0	0
AF	0	0.032167	357	249	108	0	0	0	0
AF	0	0.032480	378	254	124	0	0	0	0
AF	0	0.032792	431	287	144	0	0	0	0
AF	0	0.033104	429	298	131	0	0	0	0
AF	0	0.033417	375	261	114	0	0	0	0
AF	0	0.033729	412	284	128	0	0	0	0
AF	0	0.034041	345	237	108	0	0	0	0
AF	0	0.034354	343	239	104	0	0	0	0
AF	0	0.034666	355	238	117	0	0	0	0
AF	0	0.034978	348	237	111	0	0	0	0
AF	0	0.035290	392	275	117	0	0	0	0
AF	0	0.035603	344	247	97	0	0	0	0
AF	0	0.035915	473	336	137	0	0	0	0
AF	0	0.036227	444	299	145	0	0	0	0
AF	0	0.036540	374	264	110	0	0	0	0
AF	0	0.036852	372	255	117	0	0	0	0
AF	0	0.037164	348	230	118	0	0	0	0
AF	0	0.037477	372	248	124	0	0	0	0
AF	0	0.037789	322	235	87	0	0	0	0
AF	0	0.038101	382	267	115	0	0	0	0
AF	0	0.038413	369	246	123	0	0	0	0
AF	0	0.038726	438	283	155	0	0	0	0
AF	0	0.039038	355	246	109	0	0	0	0
AF	0	0.039350	331	226	105	0	0	0	0
AF	0	0.039663	403	283	120	0	0	0	0
AF	0	0.039975	310	226	84	0	0	0	0
AF	0	0.040287	296	197	99	0	0	0	0
AF	0	0.040600	310	210	100	0	0	0	0
AF	0	0.040912	267	178	89	0	0	0	0
AF	0	0.041224	277	183	94	0	0	0	0
AF	0	0.041537	271	189	82	0	0	0	0
AF	0	0.041849	288	213	75	0	0	0	0
AF	0	0.042161	286	184	102	0	0	0	0
AF	0	0.042473	271	191	80	0	0	0	0
AF	0	0.042786	464	336	128	0	0	0	0
AF	0	0.043098	310	197	113	0	0	0	0
AF	0	0.043410	273	193	80	0	0	0	0
AF	0	0.043723	280	199	81	0	0	0	0
AF	0	0.044035	238	163	75	0	0	0	0
AF	0	0.044347	297	219	78	0	0	0	0
AF	0	0.044660	336	220	116	0	0	0	0
AF	0	0.044972	226	150	76	0	0	0	0
AF	0	0.045284	278	193	85	0	0	0	0
AF	0	0.045597	261	189	72	0	0	0	0
AF	0	0.045909	341	221	120	0	0	0	0
AF	0	0.046221	266	195	71	0	0	0	0
AF	0	0.046533	227	163	64	0	0	0	0
AF	0	0.046846	285	197	88	0	0	0	0
AF	0	0.047158	313	216	97	0	0	0	0
AF	0	0.047470	301	218	83	0	0	0	0
AF	0	0.047783	298	210	88	0	0	0	0
AF	0	0.048095	222	151	71	0	0	0	0
AF	0	0.048407	269	184	85	0	0	0	0
AF	0	0.048720	253	172	81	0	0	0	0
AF	0	0.049032	270	182	88	0	0	0	0
AF	0	0.049344	234	165	69	0	0	0	0
AF	0	0.049656	251	191	60	0	0	0	0
AF	0	0.049969	248	178	70	0	0	0	0
AF	0	0.050281	218	164	54	0	0	0	0
AF	0	0.050593	247	182	65	0	0	0	0
AF	0	0.050906	255	176	79	0	0	0	0
AF	0	0.051218	224	147	77	0	0	0	0
AF	0	0.051530	225	170	55	0	0	0	0
AF	0	0.051843	209	138	71	0	0	0	0
AF	0	0.052155	209	148	61	0	0	0	0
AF	0	0.052467	230	176	54	0	0	0	0
AF	0	0.052780	224	148	76	0	0	0	0
AF	0	0.053092	204	150	54	0	0	0	0
AF	0	0.053404	203	145	58	0	0	0	0
AF	0	0.053716	207	140	67	0	0	0	0
AF	0	0.054029	214	166	48	0	0	0	0
AF	0	0.054341	217	142	75	0	0	0	0
AF	0	0.054653	190	124	66	0	0	0	0
AF	0	0.054966	171	121	50	0	0	0	0
AF	0	0.055278	223	162	61	0	0	0	0
AF	0	0.055590	202	143	59	0	0	0	0
AF	0	0.055903	215	150	65	0	0	0	0
AF	0	0.056215	201	126	75	0	0	0	0
AF	0	0.056527	237	155	82	0	0	0	0
AF	0	0.056839	235	168	67	0	0	0	0
AF	0	0.057152	208	153	55	0	0	0	0
AF	0	0.057464	194	137	57	0	0	0	0
AF	0	0.057776	230	154	76	0	0	0	0
AF	0	0.058089	211	142	69	0	0	0	0
AF	0	0.058401	185	116	69	0	0	0	0
AF	0	0.058713	219	145	74	0	0	0	0
AF	0	0.059026	209	145	64	0	0	0	0
AF	0	0.059338	172	109	63	0	0	0	0
AF	0	0.059650	230	154	76	0	0	0	0
AF	0	0.059963	229	163	66	0	0	0	0
AF	0	0.060275	179	128	51	0	0	0	0
AF	0	0.060587	234	158	76	0	0	0	0
AF	0	0.060899	228	160	68	0	0	0	0
AF	0	0.061212	206	142	64	0	0	0	0
AF	0	0.061524	177	122	55	0	0	0	0
AF	0	0.061836	201	142	59	0	0	0	0
AF	0	0.062149	194	137	57	0	0	0	0
AF	0	0.062461	192	135	57	0	0	0	0
AF	0	0.062773	208	143	65	0	0	0	0
AF	0	0.063086	190	128	62	0	0	0	0
AF	0	0.063398	159	115	44	0	0	0	0
AF	0	0.063710	160	116	44	0	0	0	0
AF	0	0.064022	169	109	60	0	0	0	0
AF	0	0.064335	209	148	61	0	0	0	0
AF	0	0.064647	199	146	53	0	0	0	0
AF	0	0.064959	165	121	44	0	0	0	0
AF	0	0.065272	184	132	52	0	0	0	0
AF	0	0.065584	182	128	54	0	0	0	0
AF	0	0.065896	186	137	49	0	0	0	0
AF	0	0.066209	201	141	60	0	0	0	0
AF	0	0.066521	158	102	56	0	0	0	0
AF	0	0.066833	188	139	49	0	0	0	0
AF	0	0.067146	136	94	42	0	0	0	0
AF	0	0.067458	130	99	31	0	0	0	0
AF	0	0.067770	173	108	65	0	0	0	0
AF	0	0.068082	178	135	43	0	0	0	0
AF	0	0.068395	150	101	49	0	0	0	0
AF	0	0.068707	124	82	42	0	0	0	0
AF	0	0.069019	177	122	55	0	0	0	0
AF	0	0.069332	169	108	61	0	0	0	0
AF	0	0.069644	146	100	46	0	0	0	0
AF	0	0.069956	150	107	43	0	0	0	0
AF	0	0.070269	142	87	55	0	0	0	0
AF	0	0.070581	153	109	44	0	0	0	0
AF	0	0.070893	123	88	35	0	0	0	0
AF	0	0.071205	122	81	41	0	0	0	0
AF	0	0.071518	134	100	34	0	0	0	0
AF	0	0.071830	157	98	59	0	0	0	0
AF	0	0.072142	166	120	46	0	0	0	0
AF	0	0.072455	147	109	38	0	0	0	0
AF	0	0.072767	151	104	47	0	0	0	0
AF	0	0.073079	172	123	49	0	0	0	0
AF	0	0.073392	147	108	39	0	0	0	0
AF	0	0.073704	188	146	42	0	0	0	0
AF	0	0.074016	125	92	33	0	0	0	0
AF	0	0.074329	157	108	49	0	0	0	0
AF	0	0.074641	159	111	48	0	0	0	0
AF	0	0.074953	130	82	48	0	0	0	0
AF	0	0.075265	145	112	33	0	0	0	0
AF	0	0.075578	143	101	42	0	0	0	0
AF	0	0.075890	141	99	42	0	0	0	0
AF	0	0.076202	139	103	36	0	0	0	0
AF	0	0.076515	110	74	36	0	0	0	0
AF	0	0.076827	129	90	39	0	0	0	0
AF	0	0.077139	145	106	39	0	0	0	0
AF	0	0.077452	131	89	42	0	0	0	0
AF	0	0.077764	133	95	38	0	0	0	0
AF	0	0.078076	159	111	48	0	0	0	0
AF	0	0.078389	190	135	55	0	0	0	0
AF	0	0.078701	146	96	50	0	0	0	0
AF	0	0.079013	151	113	38	0	0	0	0
AF	0	0.079325	152	111	41	0	0	0	0
AF	0	0.079638	103	71	32	0	0	0	0
AF	0	0.079950	115	79	36	0	0	0	0
AF	0	0.080262	125	85	40	0	0	0	0
AF	0	0.080575	113	77	36	0	0	0	0
AF	0	0.080887	124	83	41	0	0	0	0
AF	0	0.081199	129	93	36	0	0	0	0
AF	0	0.081512	125	91	34	0	0	0	0
AF	0	0.081824	146	110	36	0	0	0	0
AF	0	0.082136	115	76	39	0	0	0	0
AF	0	0.082448	172	124	48	0	0	0	0
AF	0	0.082761	141	105	36	0	0	0	0
AF	0	0.083073	147	106	41	0	0	0	0
AF	0	0.083385	117	80	37	0	0	0	0
AF	0	0.083698	101	74	27	0	0	0	0
AF	0	0.084010	120	85	35	0	0	0	0
AF	0	0.084322	139	100	39	0	0	0	0
AF	0	0.084635	133	93	40	0	0	0	0
AF	0	0.084947	171	121	50	0	0	0	0
AF	0	0.085259	143	105	38	0	0	0	0
AF	0	0.085572	115	68	47	0	0	0	0
AF	0	0.085884	124	78	46	0	0	0	0
AF	0	0.086196	129	96	33	0	0	0	0
AF	0	0.086508	120	84	36	0	0	0	0
AF	0	0.086821	120	89	31	0	0	0	0
AF	0	0.087133	133	91	42	0	0	0	0
AF	0	0.087445	112	81	31	0	0	0	0
AF	0	0.087758	126	84	42	0	0	0	0
AF	0	0.088070	158	112	46	0	0	0	0
AF	0	0.088382	143	109	34	0	0	0	0
AF	0	0.088695	157	109	48	0	0	0	0
AF	0	0.089007	145	109	36	0	0	0	0
AF	0	0.089319	151	102	49	0	0	0	0
AF	0	0.089631	141	96	45	0	0	0	0
AF	0	0.089944	130	89	41	0	0	0	0
AF	0	0.090256	105	75	30	0	0	0	0
AF	0	0.090568	118	76	42	0	0	0	0
AF	0	0.090881	112	69	43	0	0	0	0
AF	0	0.091193	124	86	38	0	0	0	0
AF	0	0.091505	137	102	35	0	0	0	0
AF	0	0.091818	122	89	33	0	0	0	0
AF	0	0.092130	84	55	29	0	0	0	0
AF	0	0.092442	88	67	21	0	0	0	0
AF	0	0.092755	102	72	30	0	0	0	0
AF	0	0.093067	123	82	41	0	0	0	0
AF	0	0.093379	117	83	34	0	0	0	0
AF	0	0.093691	127	97	30	0	0	0	0
AF	0	0.094004	111	74	37	0	0	0	0
AF	0	0.094316	101	73	28	0	0	0	0
AF	0	0.094628	116	85	31	0	0	0	0
AF	0	0.094941	112	75	37	0	0	0	0
AF	0	0.095253	101	65	36	0	0	0	0
AF	0	0.095565	93	66	27	0	0	0	0
AF	0	0.095878	87	54	33	0	0	0	0
AF	0	0.096190	107	69	38	0	0	0	0
AF	0	0.096502	113	79	34	0	0	0	0
AF	0	0.096814	111	82	29	0	0	0	0
AF	0	0.097127	128	90	38	0	0	0	0
AF	0	0.097439	108	79	29	0	0	0	0
AF	0	0.097751	118	78	40	0	0	0	0
AF	0	0.098064	139	96	43	0	0	0	0
AF	0	0.098376	107	69	38	0	0	0	0
AF	0	0.098688	98	71	27	0	0	0	0
AF	0	0.099001	110	76	34	0	0	0	0
AF	0	0.099313	85	60	25	0	0	0	0
AF	0	0.099625	98	71	27	0	0	0	0
AF	0	0.099938	104	73	31	0	0	0	0
AF	0	0.100250	103	66	37	0	0	0	0
AF	0	0.100562	106	69	37	0	0	0	0
AF	0	0.100874	87	52	35	0	0	0	0
AF	0	0.101187	105	77	28	0	0	0	0
AF	0	0.101499	109	81	28	0	0	0	0
AF	0	0.101811	112	82	30	0	0	0	0
AF	0	0.102124	101	64	37	0	0	0	0
AF	0	0.102436	111	72	39	0	0	0	0
AF	0	0.102748	103	67	36	0	0	0	0
AF	0	0.103061	104	77	27	0	0	0	0
AF	0	0.103373	104	71	33	0	0	0	0
AF	0	0.103685	81	57	24	0	0	0	0
AF	0	0.103998	97	72	25	0	0	0	0
AF	0	0.104310	89	64	25	0	0	0	0
AF	0	0.104622	80	55	25	0	0	0	0
AF	0	0.104934	72	51	21	0	0	0	0
AF	0	0.105247	86	58	28	0	0	0	0
AF	0	0.105559	100	60	40	0	0	0	0
AF	0	0.105871	69	52	17	0	0	0	0
AF	0	0.106184	80	55	25	0	0	0	0
AF	0	0.106496	86	59	27	0	0	0	0
AF	0	0.106808	83	56	27	0	0	0	0
AF	0	0.107121	99	78	21	0	0	0	0
AF	0	0.107433	95	68	27	0	0	0	0
AF	0	0.107745	95	72	23	0	0	0	0
AF	0	0.108057	86	60	26	0	0	0	0
AF	0	0.108370	84	66	18	0	0	0	0
AF	0	0.108682	96	72	24	0	0	0	0
AF	0	0.108994	93	68	25	0	0	0	0
AF	0	0.109307	80	55	25	0	0	0	0
AF	0	0.109619	86	61	25	0	0	0	0
AF	0	0.109931	84	58	26	0	0	0	0
AF	0	0.110244	80	56	24	0	0	0	0
AF	0	0.110556	76	51	25	0	0	0	0
AF	0	0.110868	94	63	31	0	0	0	0
AF	0	0.111181	80	54	26	0	0	0	0
AF	0	0.111493	93	69	24	0	0	0	0
AF	0	0.111805	94	66	28	0	0	0	0
AF	0	0.112117	115	92	23	0	0	0	0
AF	0	0.112430	66	44	22	0	0	0	0
AF	0	0.112742	79	55	24	0	0	0	0
AF	0	0.113054	86	59	27	0	0	0	0
AF	0	0.113367	86	69	17	0	0	0	0
AF	0	0.113679	88	53	35	0	0	0	0
AF	0	0.113991	88	67	21	0	0	0	0
AF	0	0.114304	93	67	26	0	0	0	0
AF	0	0.114616	98	72	26	0	0	0	0
AF	0	0.114928	87	57	30	0	0	0	0
AF	0	0.115240	94	59	35	0	0	0	0
AF	0	0.115553	85	57	28	0	0	0	0
AF	0	0.115865	83	62	21	0	0	0	0
AF	0	0.116177	75	46	29	0	0	0	0
AF	0	0.116490	89	58	31	0	0	0	0
AF	0	0.116802	87	58	29	0	0	0	0
AF	0	0.117114	83	61	22	0	0	0	0
AF	0	0.117427	106	73	33	0	0	0	0
AF	0	0.117739	86	62	24	0	0	0	0
AF	0	0.118051	100	69	31	0	0	0	0
AF	0	0.118364	83	64	19	0	0	0	0
AF	0	0.118676	83	66	17	0	0	0	0
AF	0	0.118988	78	53	25	0	0	0	0
AF	0	0.119300	82	57	25	0	0	0	0
AF	0	0.119613	105	67	38	0	0	0	0
AF	0	0.119925	95	67	28	0	0	0	0
AF	0	0.120237	101	79	22	0	0	0	0
AF	0	0.120550	85	52	33	0	0	0	0
AF	0	0.120862	87	62	25	0	0	0	0
AF	0	0.121174	95	68	27	0	0	0	0
AF	0	0.121487	74	51	23	0	0	0	0
AF	0	0.121799	66	44	22	0	0	0	0
AF	0	0.122111	78	54	24	0	0	0	0
AF	0	0.122423	61	41	20	0	0	0	0
AF	0	0.122736	76	56	20	0	0	0	0
AF	0	0.123048	67	50	17	0	0	0	0
AF	0	0.123360	64	45	19	0	0	0	0
AF	0	0.123673	61	37	24	0	0	0	0
AF	0	0.123985	60	43	17	0	0	0	0
AF	0	0.124297	78	57	21	0	0	0	0
AF	0	0.124610	56	36	20	0	0	0	0
AF	0	0.124922	68	44	24	0	0	0	0
AF	0	0.125234	81	54	27	0	0	0	0
AF	0	0.125547	87	57	30	0	0	0	0
AF	0	0.125859	81	58	23	0	0	0	0
AF	0	0.126171	51	35	16	0	0	0	0
AF	0	0.126483	77	52	25	0	0	0	0
AF	0	0.126796	64	49	15	0	0	0	0
AF	0	0.127108	103	65	38	0	0	0	0
AF	0	0.127420	92	62	30	0	0	0	0
AF	0	0.127733	76	59	17	0	0	0	0
AF	0	0.128045	53	29	24	0	0	0	0
AF	0	0.128357	52	39	13	0	0	0	0
AF	0	0.128670	64	48	16	0	0	0	0
AF	0	0.128982	67	52	15	0	0	0	0
AF	0	0.129294	70	48	22	0	0	0	0
AF	0	0.129606	89	64	25	0	0	0	0
AF	0	0.129919	114	83	31	0	0	0	0
AF	0	0.130231	81	61	20	0	0	0	0
AF	0	0.130543	84	57	27	0	0	0	0
AF	0	0.130856	65	46	19	0	0	0	0
AF	0	0.131168	72	50	22	0	0	0	0
AF	0	0.131480	76	52	24	0	0	0	0
AF	0	0.131793	70	49	21	0	0	0	0
AF	0	0.132105	81	58	23	0	0	0	0
AF	0	0.132417	94	74	20	0	0	0	0
AF	0	0.132730	67	49	18	0	0	0	0
AF	0	0.133042	78	52	26	0	0	0	0
AF	0	0.133354	78	55	23	0	0	0	0
AF	0	0.133666	77	49	28	0	0	0	0
AF	0	0.133979	80	55	25	0	0	0	0
AF	0	0.134291	73	53	20	0	0	0	0
AF	0	0.134603	62	47	15	0	0	0	0
AF	0	0.134916	51	34	17	0	0	0	0
AF	0	0.135228	82	54	28	0	0	0	0
AF	0	0.135540	78	49	29	0	0	0	0
AF	0	0.135853	80	52	28	0	0	0	0
AF	0	0.136165	96	72	24	0	0	0	0
AF	0	0.136477	103	77	26	0	0	0	0
AF	0	0.136790	80	49	31	0	0	0	0
AF	0	0.137102	73	55	18	0	0	0	0
AF	0	0.137414	73	53	20	0	0	0	0
AF	0	0.137726	71	49	22	0	0	0	0
AF	0	0.138039	88	67	21	0	0	0	0
AF	0	0.138351	55	38	17	0	0	0	0
AF	0	0.138663	62	47	15	0	0	0	0
AF	0	0.138976	62	41	21	0	0	0	0
AF	0	0.139288	85	71	14	0	0	0	0
AF	0	0.139600	64	40	24	0	0	0	0
AF	0	0.139913	96	64	32	0	0	0	0
AF	0	0.140225	66	45	21	0	0	0	0
AF	0	0.140537	114	79	35	0	0	0	0
AF	0	0.140849	74	58	16	0	0	0	0
AF	0	0.141162	83	64	19	0	0	0	0
AF	0	0.141474	93	65	28	0	0	0	0
AF	0	0.141786	69	48	21	0	0	0	0
AF	0	0.142099	61	45	16	0	0	0	0
AF	0	0.142411	60	43	17	0	0	0	0
AF	0	0.142723	46	31	15	0	0	0	0
AF	0	0.143036	75	49	26	0	0	0	0
AF	0	0.143348	84	60	24	0	0	0	0
AF	0	0.143660	116	90	26	0	0	0	0
AF	0	0.143973	81	50	31	0	0	0	0
AF	0	0.144285	81	57	24	0	0	0	0
AF	0	0.144597	83	63	20	0	0	0	0
AF	0	0.144909	76	48	28	0	0	0	0
AF	0	0.145222	59	39	20	0	0	0	0
AF	0	0.145534	69	52	17	0	0	0	0
AF	0	0.145846	84	59	25	0	0	0	0
AF	0	0.146159	82	54	28	0	0	0	0
AF	0	0.146471	94	71	23	0	0	0	0
AF	0	0.146783	82	61	21	0	0	0	0
AF	0	0.147096	73	48	25	0	0	0	0
AF	0	0.147408	72	49	23	0	0	0	0
AF	0	0.147720	54	41	13	0	0	0	0
AF	0	0.148032	64	45	19	0	0	0	0
AF	0	0.148345	87	64	23	0	0	0	0
AF	0	0.148657	83	58	25	0	0	0	0
AF	0	0.148969	57	41	16	0	0	0	0
AF	0	0.149282	69	54	15	0	0	0	0
AF	0	0.149594	65	50	15	0	0	0	0
AF	0	0.149906	66	45	21	0	0	0	0
AF	0	0.150219	50	34	16	0	0	0	0
AF	0	0.150531	51	33	18	0	0	0	0
AF	0	0.150843	54	36	18	0	0	0	0
AF	0	0.151156	76	59	17	0	0	0	0
AF	0	0.151468	65	53	12	0	0	0	0
AF	0	0.151780	55	38	17	0	0	0	0
AF	0	0.152092	70	43	27	0	0	0	0
AF	0	0.152405	67	43	24	0	0	0	0
AF	0	0.152717	68	48	20	0	0	0	0
AF	0	0.153029	71	52	19	0	0	0	0
AF	0	0.153342	85	59	26	0	0	0	0
AF	0	0.153654	82	59	23	0	0	0	0
AF	0	0.153966	57	37	20	0	0	0	0
AF	0	0.154279	99	67	32	0	0	0	0
AF	0	0.154591	76	42	34	0	0	0	0
AF	0	0.154903	81	58	23	0	0	0	0
AF	0	0.155215	64	44	20	0	0	0	0
AF	0	0.155528	61	41	20	0	0	0	0
AF	0	0.155840	76	48	28	0	0	0	0
AF	0	0.156152	77	50	27	0	0	0	0
AF	0	0.156465	84	62	22	0	0	0	0
AF	0	0.156777	71	50	21	0	0	0	0
AF	0	0.157089	59	41	18	0	0	0	0
AF	0	0.157402	71	51	20	0	0	0	0
AF	0	0.157714	72	46	26	0	0	0	0
AF	0	0.158026	66	51	15	0	0	0	0
AF	0	0.158339	71	51	20	0	0	0	0
AF	0	0.158651	98	68	30	0	0	0	0
AF	0	0.158963	86	55	31	0	0	0	0
AF	0	0.159275	78	56	22	0	0	0	0
AF	0	0.159588	70	46	24	0	0	0	0
AF	0	0.159900	67	46	21	0	0	0	0
AF	0	0.160212	79	55	24	0	0	0	0
AF	0	0.160525	93	62	31	0	0	0	0
AF	0	0.160837	78	53	25	0	0	0	0
AF	0	0.161149	52	39	13	0	0	0	0
AF	0	0.161462	93	67	26	0	0	0	0
AF	0	0.161774	59	41	18	0	0	0	0
AF	0	0.162086	55	39	16	0	0	0	0
AF	0	0.162399	56	40	16	0	0	0	0
AF	0	0.162711	58	42	16	0	0	0	0
AF	0	0.163023	69	48	21	0	0	0	0
AF	0	0.163335	60	48	12	0	0	0	0
AF	0	0.163648	75	53	22	0	0	0	0
AF	0	0.163960	62	43	19	0	0	0	0
AF	0	0.164272	68	52	16	0	0	0	0
AF	0	0.164585	57	42	15	0	0	0	0
AF	0	0.164897	86	63	23	0	0	0	0
AF	0	0.165209	89	62	27	0	0	0	0
AF	0	0.165522	74	52	22	0	0	0	0
AF	0	0.165834	74	53	21	0	0	0	0
AF	0	0.166146	72	48	24	0	0	0	0
AF	0	0.166458	52	37	15	0	0	0	0
AF	0	0.166771	62	43	19	0	0	0	0
AF	0	0.167083	53	39	14	0	0	0	0
AF	0	0.167395	82	56	26	0	0	0	0
AF	0	0.167708	61	45	16	0	0	0	0
AF	0	0.168020	57	37	20	0	0	0	0
AF	0	0.168332	49	36	13	0	0	0	0
AF	0	0.168645	62	48	14	0	0	0	0
AF	0	0.168957	57	39	18	0	0	0	0
AF	0	0.169269	68	51	17	0	0	0	0
AF	0	0.169582	74	54	20	0	0	0	0
AF	0	0.169894	67	53	14	0	0	0	0
AF	0	0.170206	65	49	16	0	0	0	0
AF	0	0.170518	67	49	18	0	0	0	0
AF	0	0.170831	58	41	17	0	0	0	0
AF	0	0.171143	46	34	12	0	0	0	0
AF	0	0.171455	69	50	19	0	0	0	0
AF	0	0.171768	38	28	10	0	0	0	0
AF	0	0.172080	66	46	20	0	0	0	0
AF	0	0.172392	43	23	20	0	0	0	0
AF	0	0.172705	46	31	15	0	0	0	0
AF	0	0.173017	59	35	24	0	0	0	0
AF	0	0.173329	58	33	25	0	0	0	0
AF	0	0.173641	57	44	13	0	0	0	0
AF	0	0.173954	40	24	16	0	0	0	0
AF	0	0.174266	40	25	15	0	0	0	0
AF	0	0.174578	46	33	13	0	0	0	0
AF	0	0.174891	54	40	14	0	0	0	0
AF	0	0.175203	58	37	21	0	0	0	0
AF	0	0.175515	42	31	11	0	0	0	0
AF	0	0.175828	48	37	11	0	0	0	0
AF	0	0.176140	62	49	13	0	0	0	0
AF	0	0.176452	58	42	16	0	0	0	0
AF	0	0.176765	70	48	22	0	0	0	0
AF	0	0.177077	73	52	21	0	0	0	0
AF	0	0.177389	61	47	14	0	0	0	0
AF	0	0.177701	64	44	20	0	0	0	0
AF	0	0.178014	59	41	18	0	0	0	0
AF	0	0.178326	62	41	21	0	0	0	0
AF	0	0.178638	49	33	16	0	0	0	0
AF	0	0.178951	57	42	15	0	0	0	0
AF	0	0.179263	41	22	19	0	0	0	0
AF	0	0.179575	62	48	14	0	0	0	0
AF	0	0.179888	59	48	11	0	0	0	0
AF	0	0.180200	75	52	23	0	0	0	0
AF	0	0.180512	74	49	25	0	0	0	0
AF	0	0.180824	63	45	18	0	0	0	0
AF	0	0.181137	70	49	21	0	0	0	0
AF	0	0.181449	65	46	19	0	0	0	0
AF	0	0.181761	61	43	18	0	0	0	0
AF	0	0.182074	55	38	17	0	0	0	0
AF	0	0.182386	57	41	16	0	0	0	0
AF	0	0.182698	53	36	17	0	0	0	0
AF	0	0.183011	46	36	10	0	0	0	0
AF	0	0.183323	48	40	8	0	0	0	0
AF	0	0.183635	58	43	15	0	0	0	0
AF	0	0.183948	65	52	13	0	0	0	0
AF	0	0.184260	59	42	17	0	0	0	0
AF	0	0.184572	49	38	11	0	0	0	0
AF	0	0.184884	57	40	17	0	0	0	0
AF	0	0.185197	48	32	16	0	0	0	0
AF	0	0.185509	43	30	13	0	0	0	0
AF	0	0.185821	69	51	18	0	0	0	0
AF	0	0.186134	61	35	26	0	0	0	0
AF	0	0.186446	47	31	16	0	0	0	0
AF	0	0.186758	52	29	23	0	0	0	0
AF	0	0.187071	55	44	11	0	0	0	0
AF	0	0.187383	67	43	24	0	0	0	0
AF	0	0.187695	51	26	25	0	0	0	0
AF	0	0.188007	78	51	27	0	0	0	0
AF	0	0.188320	52	30	22	0	0	0	0
AF	0	0.188632	70	42	28	0	0	0	0
AF	0	0.188944	58	38	20	0	0	0	0
AF	0	0.189257	56	42	14	0	0	0	0
AF	0	0.189569	56	38	18	0	0	0	0
AF	0	0.189881	35	29	6	0	0	0	0
AF	0	0.190194	38	30	8	0	0	0	0
AF	0	0.190506	35	25	10	0	0	0	0
AF	0	0.190818	37	27	10	0	0	0	0
AF	0	0.191131	46	32	14	0	0	0	0
AF	0	0.191443	55	36	19	0	0	0	0
AF	0	0.191755	47	33	14	0	0	0	0
AF	0	0.192067	53	46	7	0	0	0	0
AF	0	0.192380	47	36	11	0	0	0	0
AF	0	0.192692	55	34	21	0	0	0	0
AF	0	0.193004	53	35	18	0	0	0	0
AF	0	0.193317	61	45	16	0	0	0	0
AF	0	0.193629	49	33	16	0	0	0	0
AF	0	0.193941	57	39	18	0	0	0	0
AF	0	0.194254	47	33	14	0	0	0	0
AF	0	0.194566	47	34	13	0	0	0	0
AF	0	0.194878	44	34	10	0	0	0	0
AF	0	0.195191	54	33	21	0	0	0	0
AF	0	0.195503	52	41	11	0	0	0	0
AF	0	0.195815	62	38	24	0	0	0	0
AF	0	0.196127	40	30	10	0	0	0	0
AF	0	0.196440	42	28	14	0	0	0	0
AF	0	0.196752	38	27	11	0	0	0	0
AF	0	0.197064	45	32	13	0	0	0	0
AF	0	0.197377	51	39	12	0	0	0	0
AF	0	0.197689	47	30	17	0	0	0	0
AF	0	0.198001	40	28	12	0	0	0	0
AF	0	0.198314	40	26	14	0	0	0	0
AF	0	0.198626	55	33	22	0	0	0	0
AF	0	0.198938	57	39	18	0	0	0	0
AF	0	0.199250	39	26	13	0	0	0	0
AF	0	0.199563	64	49	15	0	0	0	0
AF	0	0.199875	54	36	18	0	0	0	0
AF	0	0.200187	53	31	22	0	0	0	0
AF	0	0.200500	48	34	14	0	0	0	0
AF	0	0.200812	58	38	20	0	0	0	0
AF	0	0.201124	59	39	20	0	0	0	0
AF	0	0.201437	42	30	12	0	0	0	0
AF	0	0.201749	47	34	13	0	0	0	0
AF	0	0.202061	35	23	12	0	0	0	0
AF	0	0.202374	75	46	29	0	0	0	0
AF	0	0.202686	57	44	13	0	0	0	0
AF	0	0.202998	47	30	17	0	0	0	0
AF	0	0.203310	46	30	16	0	0	0	0
AF	0	0.203623	53	36	17	0	0	0	0
AF	0	0.203935	41	30	11	0	0	0	0
AF	0	0.204247	33	24	9	0	0	0	0
AF	0	0.204560	53	36	17	0	0	0	0
AF	0	0.204872	47	32	15	0	0	0	0
AF	0	0.205184	48	34	14	0	0	0	0
AF	0	0.205497	39	26	13	0	0	0	0
AF	0	0.205809	33	25	8	0	0	0	0
AF	0	0.206121	46	33	13	0	0	0	0
AF	0	0.206433	43	37	6	0	0	0	0
AF	0	0.206746	58	38	20	0	0	0	0
AF	0	0.207058	57	39	18	0	0	0	0
AF	0	0.207370	39	27	12	0	0	0	0
AF	0	0.207683	46	32	14	0	0	0	0
AF	0	0.207995	51	40	11	0	0	0	0
AF	0	0.208307	64	45	19	0	0	0	0
AF	0	0.208620	60	42	18	0	0	0	0
AF	0	0.208932	52	37	15	0	0	0	0
AF	0	0.209244	54	36	18	0	0	0	0
AF	0	0.209557	55	32	23	0	0	0	0
AF	0	0.209869	59	42	17	0	0	0	0
AF	0	0.210181	70	45	25	0	0	0	0
AF	0	0.210493	46	38	8	0	0	0	0
AF	0	0.210806	48	36	12	0	0	0	0
AF	0	0.211118	56	33	23	0	0	0	0
AF	0	0.211430	58	40	18	0	0	0	0
AF	0	0.211743	69	41	28	0	0	0	0
AF	0	0.212055	56	41	15	0	0	0	0
AF	0	0.212367	49	32	17	0	0	0	0
AF	0	0.212680	39	25	14	0	0	0	0
AF	0	0.212992	69	48	21	0	0	0	0
AF	0	0.213304	37	26	11	0	0	0	0
AF	0	0.213616	48	28	20	0	0	0	0
AF	0	0.213929	46	27	19	0	0	0	0
AF	0	0.214241	59	41	18	0	0	0	0
AF	0	0.214553	60	42	18	0	0	0	0
AF	0	0.214866	57	44	13	0	0	0	0
AF	0	0.215178	58	37	21	0	0	0	0
AF	0	0.215490	54	42	12	0	0	0	0
AF	0	0.215803	39	23	16	0	0	0	0
AF	0	0.216115	48	32	16	0	0	0	0
AF	0	0.216427	38	25	13	0	0	0	0
AF	0	0.216740	51	40	11	0	0	0	0
AF	0	0.217052	38	27	11	0	0	0	0
AF	0	0.217364	56	42	14	0	0	0	0
AF	0	0.217676	49	28	21	0	0	0	0
AF	0	0.217989	38	27	11	0	0	0	0
AF	0	0.218301	54	37	17	0	0	0	0
AF	0	0.218613	54	36	18	0	0	0	0
AF	0	0.218926	48	28	20	0	0	0	0
AF	0	0.219238	57	37	20	0	0	0	0
AF	0	0.219550	55	35	20	0	0	0	0
AF	0	0.219863	56	40	16	0	0	0	0
AF	0	0.220175	38	27	11	0	0	0	0
AF	0	0.220487	50	37	13	0	0	0	0
AF	0	0.220800	57	41	16	0	0	0	0
AF	0	0.221112	44	31	13	0	0	0	0
AF	0	0.221424	40	28	12	0	0	0	0
AF	0	0.221736	45	35	10	0	0	0	0
AF	0	0.222049	51	35	16	0	0	0	0
AF	0	0.222361	59	35	24	0	0	0	0
AF	0	0.222673	53	33	20	0	0	0	0
AF	0	0.222986	53	37	16	0	0	0	0
AF	0	0.223298	51	41	10	0	0	0	0
AF	0	0.223610	53	38	15	0	0	0	0
AF	0	0.223923	67	45	22	0	0	0	0
AF	0	0.224235	49	31	18	0	0	0	0
AF	0	0.224547	49	34	15	0	0	0	0
AF	0	0.224859	37	24	13	0	0	0	0
AF	0	0.225172	52	35	17	0	0	0	0
AF	0	0.225484	51	33	18	0	0	0	0
AF	0	0.225796	69	47	22	0	0	0	0
AF	0	0.226109	51	39	12	0	0	0	0
AF	0	0.226421	49	29	20	0	0	0	0
AF	0	0.226733	40	28	12	0	0	0	0
AF	0	0.227046	45	28	17	0	0	0	0
AF	0	0.227358	50	38	12	0	0	0	0
AF	0	0.227670	43	27	16	0	0	0	0
AF	0	0.227983	43	26	17	0	0	0	0
AF	0	0.228295	43	32	11	0	0	0	0
AF	0	0.228607	33	25	8	0	0	0	0
AF	0	0.228919	39	29	10	0	0	0	0
AF	0	0.229232	46	34	12	0	0	0	0
AF	0	0.229544	35	24	11	0	0	0	0
AF	0	0.229856	64	43	21	0	0	0	0
AF	0	0.230169	45	32	13	0	0	0	0
AF	0	0.230481	47	35	12	0	0	0	0
AF	0	0.230793	51	38	13	0	0	0	0
AF	0	0.231106	50	31	19	0	0	0	0
AF	0	0.231418	53	39	14	0	0	0	0
AF	0	0.231730	46	29	17	0	0	0	0
AF	0	0.232042	34	26	8	0	0	0	0
AF	0	0.232355	34	22	12	0	0	0	0
AF	0	0.232667	30	18	12	0	0	0	0
AF	0	0.232979	38	28	10	0	0	0	0
AF	0	0.233292	40	26	14	0	0	0	0
AF	0	0.233604	36	21	15	0	0	0	0
AF	0	0.233916	38	26	12	0	0	0	0
AF	0	0.234229	31	20	11	0	0	0	0
AF	0	0.234541	42	34	8	0	0	0	0
AF	0	0.234853	51	27	24	0	0	0	0
AF	0	0.235166	43	29	14	0	0	0	0
AF	0	0.235478	40	27	13	0	0	0	0
AF	0	0.235790	39	24	15	0	0	0	0
AF	0	0.236102	44	35	9	0	0	0	0
AF	0	0.236415	59	44	15	0	0	0	0
AF	0	0.236727	45	30	15	0	0	0	0
AF	0	0.237039	54	40	14	0	0	0	0
AF	0	0.237352	41	25	16	0	0	0	0
AF	0	0.237664	55	43	12	0	0	0	0
AF	0	0.237976	45	35	10	0	0	0	0
AF	0	0.238289	34	18	16	0	0	0	0
AF	0	0.238601	45	36	9	0	0	0	0
AF	0	0.238913	31	28	3	0	0	0	0
AF	0	0.239225	44	28	16	0	0	0	0
AF	0	0.239538	38	27	11	0	0	0	0
AF	0	0.239850	36	23	13	0	0	0	0
AF	0	0.240162	48	31	17	0	0	0	0
AF	0	0.240475	38	29	9	0	0	0	0
AF	0	0.240787	38	26	12	0	0	0	0
AF	0	0.241099	41	31	10	0	0	0	0
AF	0	0.241412	28	22	6	0	0	0	0
AF	0	0.241724	36	25	11	0	0	0	0
AF	0	0.242036	25	16	9	0	0	0	0
AF	0	0.242349	35	24	11	0	0	0	0
AF	0	0.242661	35	29	6	0	0	0	0
AF	0	0.242973	45	33	12	0	0	0	0
AF	0	0.243285	33	21	12	0	0	0	0
AF	0	0.243598	38	25	13	0	0	0	0
AF	0	0.243910	34	25	9	0	0	0	0
AF	0	0.244222	44	34	10	0	0	0	0
AF	0	0.244535	45	29	16	0	0	0	0
AF	0	0.244847	41	26	15	0	0	0	0
AF	0	0.245159	37	26	11	0	0	0	0
AF	0	0.245472	51	40	11	0	0	0	0
AF	0	0.245784	42	31	11	0	0	0	0
AF	0	0.246096	44	36	8	0	0	0	0
AF	0	0.246408	40	31	9	0	0	0	0
AF	0	0.246721	32	25	7	0	0	0	0
AF	0	0.247033	44	34	10	0	0	0	0
AF	0	0.247345	47	30	17	0	0	0	0
AF	0	0.247658	52	35	17	0	0	0	0
AF	0	0.247970	68	48	20	0	0	0	0
AF	0	0.248282	26	16	10	0	0	0	0
AF	0	0.248595	60	44	16	0	0	0	0
AF	0	0.248907	64	40	24	0	0	0	0
AF	0	0.249219	55	40	15	0	0	0	0
AF	0	0.249532	40	28	12	0	0	0	0
AF	0	0.249844	52	36	16	0	0	0	0
AF	0	0.250156	62	46	16	0	0	0	0
AF	0	0.250468	54	37	17	0	0	0	0
AF	0	0.250781	49	27	22	0	0	0	0
AF	0	0.251093	42	28	14	0	0	0	0
AF	0	0.251405	64	45	19	0	0	0	0
AF	0	0.251718	31	22	9	0	0	0	0
AF	0	0.252030	30	20	10	0	0	0	0
AF	0	0.252342	40	30	10	0	0	0	0
AF	0	0.252655	40	33	7	0	0	0	0
AF	0	0.252967	62	40	22	0	0	0	0
AF	0	0.253279	41	27	14	0	0	0	0
AF	0	0.253592	49	32	17	0	0	0	0
AF	0	0.253904	64	41	23	0	0	0	0
AF	0	0.254216	43	28	15	0	0	0	0
AF	0	0.254528	45	34	11	0	0	0	0
AF	0	0.254841	31	22	9	0	0	0	0
AF	0	0.255153	41	24	17	0	0	0	0
AF	0	0.255465	73	49	24	0	0	0	0
AF	0	0.255778	43	22	21	0	0	0	0
AF	0	0.256090	37	27	10	0	0	0	0
AF	0	0.256402	55	37	18	0	0	0	0
AF	0	0.256715	33	24	9	0	0	0	0
AF	0	0.257027	63	41	22	0	0	0	0
AF	0	0.257339	57	40	17	0	0	0	0
AF	0	0.257651	37	30	7	0	0	0	0
AF	0	0.257964	35	24	11	0	0	0	0
AF	0	0.258276	34	23	11	0	0	0	0
AF	0	0.258588	36	25	11	0	0	0	0
AF	0	0.258901	41	25	16	0	0	0	0
AF	0	0.259213	40	26	14	0	0	0	0
AF	0	0.259525	40	30	10	0	0	0	0
AF	0	0.259838	36	23	13	0	0	0	0
AF	0	0.260150	51	38	13	0	0	0	0
AF	0	0.260462	20	13	7	0	0	0	0
AF	0	0.260775	44	31	13	0	0	0	0
AF	0	0.261087	32	24	8	0	0	0	0
AF	0	0.261399	33	23	10	0	0	0	0
AF	0	0.261711	42	26	16	0	0	0	0
AF	0	0.262024	44	31	13	0	0	0	0
AF	0	0.262336	52	39	13	0	0	0	0
AF	0	0.262648	44	27	17	0	0	0	0
AF	0	0.262961	39	33	6	0	0	0	0
AF	0	0.263273	50	38	12	0	0	0	0
AF	0	0.263585	49	32	17	0	0	0	0
AF	0	0.263898	40	24	16	0	0	0	0
AF	0	0.264210	37	32	5	0	0	0	0
AF	0	0.264522	44	33	11	0	0	0	0
AF	0	0.264834	38	25	13	0	0	0	0
AF	0	0.265147	58	35	23	0	0	0	0
AF	0	0.265459	52	30	22	0	0	0	0
AF	0	0.265771	44	30	14	0	0	0	0
AF	0	0.266084	35	23	12	0	0	0	0
AF	0	0.266396	45	35	10	0	0	0	0
AF	0	0.266708	47	38	9	0	0	0	0
AF	0	0.267021	50	40	10	0	0	0	0
AF	0	0.267333	61	45	16	0	0	0	0
AF	0	0.267645	35	27	8	0	0	0	0
AF	0	0.267958	41	25	16	0	0	0	0
AF	0	0.268270	45	34	11	0	0	0	0
AF	0	0.268582	51	37	14	0	0	0	0
AF	0	0.268894	49	38	11	0	0	0	0
AF	0	0.269207	39	27	12	0	0	0	0
AF	0	0.269519	43	26	17	0	0	0	0
AF	0	0.269831	41	29	12	0	0	0	0
AF	0	0.270144	51	38	13	0	0	0	0
AF	0	0.270456	46	33	13	0	0	0	0
AF	0	0.270768	39	27	12	0	0	0	0
AF	0	0.271081	49	35	14	0	0	0	0
AF	0	0.271393	38	26	12	0	0	0	0
AF	0	0.271705	38	27	11	0	0	0	0
AF	0	0.272017	64	48	16	0	0	0	0
AF	0	0.272330	42	29	13	0	0	0	0
AF	0	0.272642	47	32	15	0	0	0	0
AF	0	0.272954	39	22	17	0	0	0	0
AF	0	0.273267	52	36	16	0	0	0	0
AF	0	0.273579	43	28	15	0	0	0	0
AF	0	0.273891	44	29	15	0	0	0	0
AF	0	0.274204	39	30	9	0	0	0	0
AF	0	0.274516	44	31	13	0	0	0	0
AF	0	0.274828	34	23	11	0	0	0	0
AF	0	0.275141	39	28	11	0	0	0	0
AF	0	0.275453	44	32	12	0	0	0	0
AF	0	0.275765	41	31	10	0	0	0	0
AF	0	0.276077	34	24	10	0	0	0	0
AF	0	0.276390	31	23	8	0	0	0	0
AF	0	0.276702	35	28	7	0	0	0	0
AF	0	0.277014	40	27	13	0	0	0	0
AF	0	0.277327	33	23	10	0	0	0	0
AF	0	0.277639	44	32	12	0	0	0	0
AF	0	0.277951	55	30	25	0	0	0	0
AF	0	0.278264	45	30	15	0	0	0	0
AF	0	0.278576	34	25	9	0	0	0	0
AF	0	0.278888	41	27	14	0	0	0	0
AF	0	0.279200	41	26	15	0	0	0	0
AF	0	0.279513	33	23	10	0	0	0	0
AF	0	0.279825	41	27	14	0	0	0	0
AF	0	0.280137	42	33	9	0	0	0	0
AF	0	0.280450	47	27	20	0	0	0	0
AF	0	0.280762	69	52	17	0	0	0	0
AF	0	0.281074	67	52	15	0	0	0	0
AF	0	0.281387	71	53	18	0	0	0	0
AF	0	0.281699	35	23	12	0	0	0	0
AF	0	0.282011	48	38	10	0	0	0	0
AF	0	0.282324	29	18	11	0	0	0	0
AF	0	0.282636	28	19	9	0	0	0	0
AF	0	0.282948	24	19	5	0	0	0	0
AF	0	0.283260	31	19	12	0	0	0	0
AF	0	0.283573	27	19	8	0	0	0	0
AF	0	0.283885	36	27	9	0	0	0	0
AF	0	0.284197	40	31	9	0	0	0	0
AF	0	0.284510	46	33	13	0	0	0	0
AF	0	0.284822	75	50	25	0	0	0	0
AF	0	0.285134	43	32	11	0	0	0	0
AF	0	0.285447	44	34	10	0	0	0	0
AF	0	0.285759	37	24	13	0	0	0	0
AF	0	0.286071	42	35	7	0	0	0	0
AF	0	0.286384	33	26	7	0	0	0	0
AF	0	0.286696	31	17	14	0	0	0	0
AF	0	0.287008	29	19	10	0	0	0	0
AF	0	0.287320	29	16	13	0	0	0	0
AF	0	0.287633	31	19	12	0	0	0	0
AF	0	0.287945	47	33	14	0	0	0	0
AF	0	0.288257	46	29	17	0	0	0	0
AF	0	0.288570	32	24	8	0	0	0	0
AF	0	0.288882	34	24	10	0	0	0	0
AF	0	0.289194	60	41	19	0	0	0	0
AF	0	0.289507	52	36	16	0	0	0	0
AF	0	0.289819	33	22	11	0	0	0	0
AF	0	0.290131	35	25	10	0	0	0	0
AF	0	0.290443	84	62	22	0	0	0	0
AF	0	0.290756	45	40	5	0	0	0	0
AF	0	0.291068	36	23	13	0	0	0	0
AF	0	0.291380	27	21	6	0	0	0	0
AF	0	0.291693	43	29	14	0	0	0	0
AF	0	0.292005	40	34	6	0	0	0	0
AF	0	0.292317	64	45	19	0	0	0	0
AF	0	0.292630	33	25	8	0	0	0	0
AF	0	0.292942	21	12	9	0	0	0	0
AF	0	0.293254	39	30	9	0	0	0	0
AF	0	0.293567	18	12	6	0	0	0	0
AF	0	0.293879	36	28	8	0	0	0	0
AF	0	0.294191	44	26	18	0	0	0	0
AF	0	0.294503	21	18	3	0	0	0	0
AF	0	0.294816	44	31	13	0	0	0	0
AF	0	0.295128	30	20	10	0	0	0	0
AF	0	0.295440	40	28	12	0	0	0	0
AF	0	0.295753	34	27	7	0	0	0	0
AF	0	0.296065	49	30	19	0	0	0	0
AF	0	0.296377	49	34	15	0	0	0	0
AF	0	0.296690	40	27	13	0	0	0	0
AF	0	0.297002	51	31	20	0	0	0	0
AF	0	0.297314	36	25	11	0	0	0	0
AF	0	0.297626	41	33	8	0	0	0	0
AF	0	0.297939	24	16	8	0	0	0	0
AF	0	0.298251	37	25	12	0	0	0	0
AF	0	0.298563	56	35	21	0	0	0	0
AF	0	0.298876	45	32	13	0	0	0	0
AF	0	0.299188	54	39	15	0	0	0	0
AF	0	0.299500	40	30	10	0	0	0	0
AF	0	0.299813	29	21	8	0	0	0	0
AF	0	0.300125	52	36	16	0	0	0	0
AF	0	0.300437	56	39	17	0	0	0	0
AF	0	0.300750	39	26	13	0	0	0	0
AF	0	0.301062	48	40	8	0	0	0	0
AF	0	0.301374	41	27	14	0	0	0	0
AF	0	0.301686	29	19	10	0	0	0	0
AF	0	0.301999	23	17	6	0	0	0	0
AF	0	0.302311	38	27	11	0	0	0	0
AF	0	0.302623	30	19	11	0	0	0	0
AF	0	0.302936	25	13	12	0	0	0	0
AF	0	0.303248	43	35	8	0	0	0	0
AF	0	0.303560	31	22	9	0	0	0	0
AF	0	0.303873	60	39	21	0	0	0	0
AF	0	0.304185	51	35	16	0	0	0	0
AF	0	0.304497	29	21	8	0	0	0	0
AF	0	0.304809	36	27	9	0	0	0	0
AF	0	0.305122	25	18	7	0	0	0	0
AF	0	0.305434	43	33	10	0	0	0	0
AF	0	0.305746	34	25	9	0	0	0	0
AF	0	0.306059	24	15	9	0	0	0	0
AF	0	0.306371	42	27	15	0	0	0	0
AF	0	0.306683	34	27	7	0	0	0	0
AF	0	0.306996	53	38	15	0	0	0	0
AF	0	0.307308	29	20	9	0	0	0	0
AF	0	0.307620	39	30	9	0	0	0	0
AF	0	0.307933	28	18	10	0	0	0	0
AF	0	0.308245	33	22	11	0	0	0	0
AF	0	0.308557	38	32	6	0	0	0	0
AF	0	0.308869	36	23	13	0	0	0	0
AF	0	0.309182	30	21	9	0	0	0	0
AF	0	0.309494	33	18	15	0	0	0	0
AF	0	0.309806	57	42	15	0	0	0	0
AF	0	0.310119	42	27	15	0	0	0	0
AF	0	0.310431	36	25	11	0	0	0	0
AF	0	0.310743	29	20	9	0	0	0	0
AF	0	0.311056	38	30	8	0	0	0	0
AF	0	0.311368	40	32	8	0	0	0	0
AF	0	0.311680	41	26	15	0	0	0	0
AF	0	0.311993	37	27	10	0	0	0	0
AF	0	0.312305	60	42	18	0	0	0	0
AF	0	0.312617	43	27	16	0	0	0	0
AF	0	0.312929	34	21	13	0	0	0	0
AF	0	0.313242	35	25	10	0	0	0	0
AF	0	0.313554	39	25	14	0	0	0	0
AF	0	0.313866	40	27	13	0	0	0	0
AF	0	0.314179	34	28	6	0	0	0	0
AF	0	0.314491	38	17	21	0	0	0	0
AF	0	0.314803	27	20	7	0	0	0	0
AF	0	0.315116	34	22	12	0	0	0	0
AF	0	0.315428	33	19	14	0	0	0	0
AF	0	0.315740	27	20	7	0	0	0	0
AF	0	0.316052	27	17	10	0	0	0	0
AF	0	0.316365	31	26	5	0	0	0	0
AF	0	0.316677	53	38	15	0	0	0	0
AF	0	0.316989	25	16	9	0	0	0	0
AF	0	0.317302	27	18	9	0	0	0	0
AF	0	0.317614	23	14	9	0	0	0	0
AF	0	0.317926	32	22	10	0	0	0	0
AF	0	0.318239	38	26	12	0	0	0	0
AF	0	0.318551	84	59	25	0	0	0	0
AF	0	0.318863	44	30	14	0	0	0	0
AF	0	0.319176	69	55	14	0	0	0	0
AF	0	0.319488	68	47	21	0	0	0	0
AF	0	0.319800	65	44	21	0	0	0	0
AF	0	0.320112	37	28	9	0	0	0	0
AF	0	0.320425	34	26	8	0	0	0	0
AF	0	0.320737	35	26	9	0	0	0	0
AF	0	0.321049	27	15	12	0	0	0	0
AF	0	0.321362	29	15	14	0	0	0	0
AF	0	0.321674	34	24	10	0	0	0	0
AF	0	0.321986	29	21	8	0	0	0	0
AF	0	0.322299	38	24	14	0	0	0	0
AF	0	0.322611	34	24	10	0	0	0	0
AF	0	0.322923	41	23	18	0	0	0	0
AF	0	0.323235	28	17	11	0	0	0	0
AF	0	0.323548	27	20	7	0	0	0	0
AF	0	0.323860	35	25	10	0	0	0	0
AF	0	0.324172	32	22	10	0	0	0	0
AF	0	0.324485	35	23	12	0	0	0	0
AF	0	0.324797	37	23	14	0	0	0	0
AF	0	0.325109	26	16	10	0	0	0	0
AF	0	0.325422	34	26	8	0	0	0	0
AF	0	0.325734	32	24	8	0	0	0	0
AF	0	0.326046	32	25	7	0	0	0	0
AF	0	0.326359	34	26	8	0	0	0	0
AF	0	0.326671	35	25	10	0	0	0	0
AF	0	0.326983	42	34	8	0	0	0	0
AF	0	0.327295	44	33	11	0	0	0	0
AF	0	0.327608	35	25	10	0	0	0	0
AF	0	0.327920	34	23	11	0	0	0	0
AF	0	0.328232	30	18	12	0	0	0	0
AF	0	0.328545	20	11	9	0	0	0	0
AF	0	0.328857	38	24	14	0	0	0	0
AF	0	0.329169	39	26	13	0	0	0	0
AF	0	0.329482	25	16	9	0	0	0	0
AF	0	0.329794	37	28	9	0	0	0	0
AF	0	0.330106	22	15	7	0	0	0	0
AF	0	0.330418	31	20	11	0	0	0	0
AF	0	0.330731	32	24	8	0	0	0	0
AF	0	0.331043	32	24	8	0	0	0	0
AF	0	0.331355	31	22	9	0	0	0	0
AF	0	0.331668	21	16	5	0	0	0	0
AF	0	0.331980	29	17	12	0	0	0	0
AF	0	0.332292	21	17	4	0	0	0	0
AF	0	0.332605	30	19	11	0	0	0	0
AF	0	0.332917	34	22	12	0	0	0	0
AF	0	0.333229	29	22	7	0	0	0	0
AF	0	0.333542	30	21	9	0	0	0	0
AF	0	0.333854	28	23	5	0	0	0	0
AF	0	0.334166	23	18	5	0	0	0	0
AF	0	0.334478	31	25	6	0	0	0	0
AF	0	0.334791	25	19	6	0	0	0	0
AF	0	0.335103	33	19	14	0	0	0	0
AF	0	0.335415	33	18	15	0	0	0	0
AF	0	0.335728	34	25	9	0	0	0	0
AF	0	0.336040	26	16	10	0	0	0	0
AF	0	0.336352	25	17	8	0	0	0	0
AF	0	0.336665	26	17	9	0	0	0	0
AF	0	0.336977	31	20	11	0	0	0	0
AF	0	0.337289	23	16	7	0	0	0	0
AF	0	0.337601	38	20	18	0	0	0	0
AF	0	0.337914	25	17	8	0	0	0	0
AF	0	0.338226	20	13	7	0	0	0	0
AF	0	0.338538	32	17	15	0	0	0	0
AF	0	0.338851	30	23	7	0	0	0	0
AF	0	0.339163	29	20	9	0	0	0	0
AF	0	0.339475	43	28	15	0	0	0	0
AF	0	0.339788	39	28	11	0	0	0	0
AF	0	0.340100	34	25	9	0	0	0	0
AF	0	0.340412	49	36	13	0	0	0	0
AF	0	0.340725	44	34	10	0	0	0	0
AF	0	0.341037	44	30	14	0	0	0	0
AF	0	0.341349	35	25	10	0	0	0	0
AF	0	0.341661	37	26	11	0	0	0	0
AF	0	0.341974	41	30	11	0	0	0	0
AF	0	0.342286	48	35	13	0	0	0	0
AF	0	0.342598	50	35	15	0	0	0	0
AF	0	0.342911	34	24	10	0	0	0	0
AF	0	0.343223	30	21	9	0	0	0	0
AF	0	0.343535	34	22	12	0	0	0	0
AF	0	0.343848	38	26	12	0	0	0	0
AF	0	0.344160	46	30	16	0	0	0	0
AF	0	0.344472	45	30	15	0	0	0	0
AF	0	0.344785	31	24	7	0	0	0	0
AF	0	0.345097	31	23	8	0	0	0	0
AF	0	0.345409	25	15	10	0	0	0	0
AF	0	0.345721	30	21	9	0	0	0	0
AF	0	0.346034	25	16	9	0	0	0	0
AF	0	0.346346	25	21	4	0	0	0	0
AF	0	0.346658	26	21	5	0	0	0	0
AF	0	0.346971	54	39	15	0	0	0	0
AF	0	0.347283	35	24	11	0	0	0	0
AF	0	0.347595	44	34	10	0	0	0	0
AF	0	0.347908	35	29	6	0	0	0	0
AF	0	0.348220	32	24	8	0	0	0	0
AF	0	0.348532	40	29	11	0	0	0	0
AF	0	0.348844	35	27	8	0	0	0	0
AF	0	0.349157	28	19	9	0	0	0	0
AF	0	0.349469	27	22	5	0	0	0	0
AF	0	0.349781	35	24	11	0	0	0	0
AF	0	0.350094	38	24	14	0	0	0	0
AF	0	0.350406	27	19	8	0	0	0	0
AF	0	0.350718	31	22	9	0	0	0	0
AF	0	0.351031	32	21	11	0	0	0	0
AF	0	0.351343	35	25	10	0	0	0	0
AF	0	0.351655	25	15	10	0	0	0	0
AF	0	0.351968	35	26	9	0	0	0	0
AF	0	0.352280	42	28	14	0	0	0	0
AF	0	0.352592	25	20	5	0	0	0	0
AF	0	0.352904	35	22	13	0	0	0	0
AF	0	0.353217	26	24	2	0	0	0	0
AF	0	0.353529	25	18	7	0	0	0	0
AF	0	0.353841	48	32	16	0	0	0	0
AF	0	0.354154	41	26	15	0	0	0	0
AF	0	0.354466	29	25	4	0	0	0	0
AF	0	0.354778	24	17	7	0	0	0	0
AF	0	0.355091	32	25	7	0	0	0	0
AF	0	0.355403	23	18	5	0	0	0	0
AF	0	0.355715	37	25	12	0	0	0	0
AF	0	0.356027	38	28	10	0	0	0	0
AF	0	0.356340	26	20	6	0	0	0	0
AF	0	0.356652	30	23	7	0	0	0	0
AF	0	0.356964	30	22	8	0	0	0	0
AF	0	0.357277	30	20	10	0	0	0	0
AF	0	0.357589	27	21	6	0	0	0	0
AF	0	0.357901	30	26	4	0	0	0	0
AF	0	0.358214	35	25	10	0	0	0	0
AF	0	0.358526	37	27	10	0	0	0	0
AF	0	0.358838	42	24	18	0	0	0	0
AF	0	0.359151	30	23	7	0	0	0	0
AF	0	0.359463	28	23	5	0	0	0	0
AF	0	0.359775	42	27	15	0	0	0	0
AF	0	0.360087	39	31	8	0	0	0	0
AF	0	0.360400	38	27	11	0	0	0	0
AF	0	0.360712	46	32	14	0	0	0	0
AF	0	0.361024	32	21	11	0	0	0	0
AF	0	0.361337	47	34	13	0	0	0	0
AF	0	0.361649	33	24	9	0	0	0	0
AF	0	0.361961	34	26	8	0	0	0	0
AF	0	0.362274	26	19	7	0	0	0	0
AF	0	0.362586	33	27	6	0	0	0	0
AF	0	0.362898	19	13	6	0	0	0	0
AF	0	0.363210	35	24	11	0	0	0	0
AF	0	0.363523	36	26	10	0	0	0	0
AF	0	0.363835	34	27	7	0	0	0	0
AF	0	0.364147	37	27	10	0	0	0	0
AF	0	0.364460	42	32	10	0	0	0	0
AF	0	0.364772	42	29	13	0	0	0	0
AF	0	0.365084	40	27	13	0	0	0	0
AF	0	0.365397	38	29	9	0	0	0	0
AF	0	0.365709	42	27	15	0	0	0	0
AF	0	0.366021	31	21	10	0	0	0	0
AF	0	0.366334	29	17	12	0	0	0	0
AF	0	0.366646	37	26	11	0	0	0	0
AF	0	0.366958	26	18	8	0	0	0	0
AF	0	0.367270	29	22	7	0	0	0	0
AF	0	0.367583	28	19	9	0	0	0	0
AF	0	0.367895	32	22	10	0	0	0	0
AF	0	0.368207	31	21	10	0	0	0	0
AF	0	0.368520	28	20	8	0	0	0	0
AF	0	0.368832	41	32	9	0	0	0	0
AF	0	0.369144	24	12	12	0	0	0	0
AF	0	0.369457	26	13	13	0	0	0	0
AF	0	0.369769	28	18	10	0	0	0	0
AF	0	0.370081	24	18	6	0	0	0	0
AF	0	0.370394	38	27	11	0	0	0	0
AF	0	0.370706	48	39	9	0	0	0	0
AF	0	0.371018	37	28	9	0	0	0	0
AF	0	0.371330	12	8	4	0	0	0	0
AF	0	0.371643	32	22	10	0	0	0	0
AF	0	0.371955	37	27	10	0	0	0	0
AF	0	0.372267	34	25	9	0	0	0	0
AF	0	0.372580	25	19	6	0	0	0	0
AF	0	0.372892	24	20	4	0	0	0	0
AF	0	0.373204	23	20	3	0	0	0	0
AF	0	0.373517	30	22	8	0	0	0	0
AF	0	0.373829	30	21	9	0	0	0	0
AF	0	0.374141	32	20	12	0	0	0	0
AF	0	0.374453	23	16	7	0	0	0	0
AF	0	0.374766	23	11	12	0	0	0	0
AF	0	0.375078	26	19	7	0	0	0	0
AF	0	0.375390	21	15	6	0	0	0	0
AF	0	0.375703	28	14	14	0	0	0	0
AF	0	0.376015	27	22	5	0	0	0	0
AF	0	0.376327	33	23	10	0	0	0	0
AF	0	0.376640	37	29	8	0	0	0	0
AF	0	0.376952	22	18	4	0	0	0	0
AF	0	0.377264	25	17	8	0	0	0	0
AF	0	0.377577	25	15	10	0	0	0	0
AF	0	0.377889	23	14	9	0	0	0	0
AF	0	0.378201	19	13	6	0	0	0	0
AF	0	0.378513	15	9	6	0	0	0	0
AF	0	0.378826	25	21	4	0	0	0	0
AF	0	0.379138	23	17	6	0	0	0	0
AF	0	0.379450	28	22	6	0	0	0	0
AF	0	0.379763	33	26	7	0	0	0	0
AF	0	0.380075	25	16	9	0	0	0	0
AF	0	0.380387	21	14	7	0	0	0	0
AF	0	0.380700	36	24	12	0	0	0	0
AF	0	0.381012	39	18	21	0	0	0	0
AF	0	0.381324	23	20	3	0	0	0	0
AF	0	0.381636	42	31	11	0	0	0	0
AF	0	0.381949	33	22	11	0	0	0	0
AF	0	0.382261	37	26	11	0	0	0	0
AF	0	0.382573	16	9	7	0	0	0	0
AF	0	0.382886	27	20	7	0	0	0	0
AF	0	0.383198	24	18	6	0	0	0	0
AF	0	0.383510	24	16	8	0	0	0	0
AF	0	0.383823	23	17	6	0	0	0	0
AF	0	0.384135	24	13	11	0	0	0	0
AF	0	0.384447	24	21	3	0	0	0	0
AF	0	0.384760	25	19	6	0	0	0	0
AF	0	0.385072	29	21	8	0	0	0	0
AF	0	0.385384	31	22	9	0	0	0	0
AF	0	0.385696	22	16	6	0	0	0	0
AF	0	0.386009	21	14	7	0	0	0	0
AF	0	0.386321	28	19	9	0	0	0	0
AF	0	0.386633	24	17	7	0	0	0	0
AF	0	0.386946	31	28	3	0	0	0	0
AF	0	0.387258	32	24	8	0	0	0	0
AF	0	0.387570	23	18	5	0	0	0	0
AF	0	0.387883	35	26	9	0	0	0	0
AF	0	0.388195	25	19	6	0	0	0	0
AF	0	0.388507	24	16	8	0	0	0	0
AF	0	0.388819	31	23	8	0	0	0	0
AF	0	0.389132	21	14	7	0	0	0	0
AF	0	0.389444	26	17	9	0	0	0	0
AF	0	0.389756	23	14	9	0	0	0	0
AF	0	0.390069	34	24	10	0	0	0	0
AF	0	0.390381	27	16	11	0	0	0	0
AF	0	0.390693	28	18	10	0	0	0	0
AF	0	0.391006	23	16	7	0	0	0	0
AF	0	0.391318	23	14	9	0	0	0	0
AF	0	0.391630	27	17	10	0	0	0	0
AF	0	0.391943	24	17	7	0	0	0	0
AF	0	0.392255	21	14	7	0	0	0	0
AF	0	0.392567	27	19	8	0	0	0	0
AF	0	0.392879	17	13	4	0	0	0	0
AF	0	0.393192	27	21	6	0	0	0	0
AF	0	0.393504	28	20	8	0	0	0	0
AF	0	0.393816	49	29	20	0	0	0	0
AF	0	0.394129	19	16	3	0	0	0	0
AF	0	0.394441	25	20	5	0	0	0	0
AF	0	0.394753	18	13	5	0	0	0	0
AF	0	0.395066	20	13	7	0	0	0	0
AF	0	0.395378	30	21	9	0	0	0	0
AF	0	0.395690	28	23	5	0	0	0	0
AF	0	0.396002	15	12	3	0	0	0	0
AF	0	0.396315	32	25	7	0	0	0	0
AF	0	0.396627	30	26	4	0	0	0	0
AF	0	0.396939	27	19	8	0	0	0	0
AF	0	0.397252	33	18	15	0	0	0	0
AF	0	0.397564	25	16	9	0	0	0	0
AF	0	0.397876	20	13	7	0	0	0	0
AF	0	0.398189	29	20	9	0	0	0	0
AF	0	0.398501	23	19	4	0	0	0	0
AF	0	0.398813	18	14	4	0	0	0	0
AF	0	0.399126	26	16	10	0	0	0	0
AF	0	0.399438	29	18	11	0	0	0	0
AF	0	0.399750	17	12	5	0	0	0	0
AF	0	0.400062	33	21	12	0	0	0	0
AF	0	0.400375	29	23	6	0	0	0	0
AF	0	0.400687	29	16	13	0	0	0	0
AF	0	0.400999	24	17	7	0	0	0	0
AF	0	0.401312	43	30	13	0	0	0	0
AF	0	0.401624	29	22	7	0	0	0	0
AF	0	0.401936	22	19	3	0	0	0	0
AF	0	0.402249	26	15	11	0	0	0	0
AF	0	0.402561	31	21	10	0	0	0	0
AF	0	0.402873	34	26	8	0	0	0	0
AF	0	0.403186	29	23	6	0	0	0	0
AF	0	0.403498	23	17	6	0	0	0	0
AF	0	0.403810	24	16	8	0	0	0	0
AF	0	0.404122	24	16	8	0	0	0	0
AF	0	0.404435	16	8	8	0	0	0	0
AF	0	0.404747	26	17	9	0	0	0	0
AF	0	0.405059	18	12	6	0	0	0	0
AF	0	0.405372	25	18	7	0	0	0	0
AF	0	0.405684	26	20	6	0	0	0	0
AF	0	0.405996	23	19	4	0	0	0	0
AF	0	0.406309	20	15	5	0	0	0	0
AF	0	0.406621	20	15	5	0	0	0	0
AF	0	0.406933	16	9	7	0	0	0	0
AF	0	0.407245	18	13	5	0	0	0	0
AF	0	0.407558	24	18	6	0	0	0	0
AF	0	0.407870	27	18	9	0	0	0	0
AF	0	0.408182	29	22	7	0	0	0	0
AF	0	0.408495	14	10	4	0	0	0	0
AF	0	0.408807	21	9	12	0	0	0	0
AF	0	0.409119	32	18	14	0	0	0	0
AF	0	0.409432	29	21	8	0	0	0	0
AF	0	0.409744	32	24	8	0	0	0	0
AF	0	0.410056	30	18	12	0	0	0	0
AF	0	0.410369	18	15	3	0	0	0	0
AF	0	0.410681	24	16	8	0	0	0	0
AF	0	0.410993	28	19	9	0	0	0	0
AF	0	0.411305	25	17	8	0	0	0	0
AF	0	0.411618	26	17	9	0	0	0	0
AF	0	0.411930	18	11	7	0	0	0	0
AF	0	0.412242	22	17	5	0	0	0	0
AF	0	0.412555	37	22	15	0	0	0	0
AF	0	0.412867	29	19	10	0	0	0	0
AF	0	0.413179	34	19	15	0	0	0	0
AF	0	0.413492	32	21	11	0	0	0	0
AF	0	0.413804	35	24	11	0	0	0	0
AF	0	0.414116	25	17	8	0	0	0	0
AF	0	0.414428	13	11	2	0	0	0	0
AF	0	0.414741	23	15	8	0	0	0	0
AF	0	0.415053	21	15	6	0	0	0	0
AF	0	0.415365	27	13	14	0	0	0	0
AF	0	0.415678	20	13	7	0	0	0	0
AF	0	0.415990	21	13	8	0	0	0	0
AF	0	0.416302	19	14	5	0	0	0	0
AF	0	0.416615	16	11	5	0	0	0	0
AF	0	0.416927	22	14	8	0	0	0	0
AF	0	0.417239	38	24	14	0	0	0	0
AF	0	0.417552	33	23	10	0	0	0	0
AF	0	0.417864	33	24	9	0	0	0	0
AF	0	0.418176	35	21	14	0	0	0	0
AF	0	0.418488	17	9	8	0	0	0	0
AF	0	0.418801	30	17	13	0	0	0	0
AF	0	0.419113	12	9	3	0	0	0	0
AF	0	0.419425	26	20	6	0	0	0	0
AF	0	0.419738	20	14	6	0	0	0	0
AF	0	0.420050	21	14	7	0	0	0	0
AF	0	0.420362	27	22	5	0	0	0	0
AF	0	0.420675	25	15	10	0	0	0	0
AF	0	0.420987	14	8	6	0	0	0	0
AF	0	0.421299	20	18	2	0	0	0	0
AF	0	0.421611	27	15	12	0	0	0	0
AF	0	0.421924	33	21	12	0	0	0	0
AF	0	0.422236	18	11	7	0	0	0	0
AF	0	0.422548	25	17	8	0	0	0	0
AF	0	0.422861	37	24	13	0	0	0	0
AF	0	0.423173	22	15	7	0	0	0	0
AF	0	0.423485	18	13	5	0	0	0	0
AF	0	0.423798	15	9	6	0	0	0	0
AF	0	0.424110	30	21	9	0	0	0	0
AF	0	0.424422	27	21	6	0	0	0	0
AF	0	0.424735	30	26	4	0	0	0	0
AF	0	0.425047	23	18	5	0	0	0	0
AF	0	0.425359	25	20	5	0	0	0	0
AF	0	0.425671	36	29	7	0	0	0	0
AF	0	0.425984	22	17	5	0	0	0	0
AF	0	0.426296	17	11	6	0	0	0	0
AF	0	0.426608	16	10	6	0	0	0	0
AF	0	0.426921	29	25	4	0	0	0	0
AF	0	0.427233	16	9	7	0	0	0	0
AF	0	0.427545	21	14	7	0	0	0	0
AF	0	0.427858	29	19	10	0	0	0	0
AF	0	0.428170	25	18	7	0	0	0	0
AF	0	0.428482	30	23	7	0	0	0	0
AF	0	0.428795	31	22	9	0	0	0	0
AF	0	0.429107	15	13	2	0	0	0	0
AF	0	0.429419	23	12	11	0	0	0	0
AF	0	0.429731	27	17	10	0	0	0	0
AF	0	0.430044	30	20	10	0	0	0	0
AF	0	0.430356	24	11	13	0	0	0	0
AF	0	0.430668	21	14	7	0	0	0	0
AF	0	0.430981	29	24	5	0	0	0	0
AF	0	0.431293	26	18	8	0	0	0	0
AF	0	0.431605	19	12	7	0	0	0	0
AF	0	0.431918	35	31	4	0	0	0	0
AF	0	0.432230	44	33	11	0	0	0	0
AF	0	0.432542	37	26	11	0	0	0	0
AF	0	0.432854	30	24	6	0	0	0	0
AF	0	0.433167	26	24	2	0	0	0	0
AF	0	0.433479	27	13	14	0	0	0	0
AF	0	0.433791	24	15	9	0	0	0	0
AF	0	0.434104	13	8	5	0	0	0	0
AF	0	0.434416	28	16	12	0	0	0	0
AF	0	0.434728	19	10	9	0	0	0	0
AF	0	0.435041	29	23	6	0	0	0	0
AF	0	0.435353	30	18	12	0	0	0	0
AF	0	0.435665	36	31	5	0	0	0	0
AF	0	0.435978	21	14	7	0	0	0	0
AF	0	0.436290	24	14	10	0	0	0	0
AF	0	0.436602	19	13	6	0	0	0	0
AF	0	0.436914	20	15	5	0	0	0	0
AF	0	0.437227	19	13	6	0	0	0	0
AF	0	0.437539	28	19	9	0	0	0	0
AF	0	0.437851	33	24	9	0	0	0	0
AF	0	0.438164	39	30	9	0	0	0	0
AF	0	0.438476	48	28	20	0	0	0	0
AF	0	0.438788	33	28	5	0	0	0	0
AF	0	0.439101	36	21	15	0	0	0	0
AF	0	0.439413	38	28	10	0	0	0	0
AF	0	0.439725	74	55	19	0	0	0	0
AF	0	0.440037	30	20	10	0	0	0	0
AF	0	0.440350	18	9	9	0	0	0	0
AF	0	0.440662	16	12	4	0	0	0	0
AF	0	0.440974	18	15	3	0	0	0	0
AF	0	0.441287	25	16	9	0	0	0	0
AF	0	0.441599	32	21	11	0	0	0	0
AF	0	0.441911	18	10	8	0	0	0	0
AF	0	0.442224	26	19	7	0	0	0	0
AF	0	0.442536	25	21	4	0	0	0	0
AF	0	0.442848	18	13	5	0	0	0	0
AF	0	0.443161	25	19	6	0	0	0	0
AF	0	0.443473	33	25	8	0	0	0	0
AF	0	0.443785	23	18	5	0	0	0	0
AF	0	0.444097	29	22	7	0	0	0	0
AF	0	0.444410	30	19	11	0	0	0	0
AF	0	0.444722	32	23	9	0	0	0	0
AF	0	0.445034	28	18	10	0	0	0	0
AF	0	0.445347	13	8	5	0	0	0	0
AF	0	0.445659	26	17	9	0	0	0	0
AF	0	0.445971	23	16	7	0	0	0	0
AF	0	0.446284	36	23	13	0	0	0	0
AF	0	0.446596	20	10	10	0	0	0	0
AF	0	0.446908	15	9	6	0	0	0	0
AF	0	0.447220	16	12	4	0	0	0	0
AF	0	0.447533	26	18	8	0	0	0	0
AF	0	0.447845	35	27	8	0	0	0	0
AF	0	0.448157	23	18	5	0	0	0	0
AF	0	0.448470	22	14	8	0	0	0	0
AF	0	0.448782	19	12	7	0	0	0	0
AF	0	0.449094	13	11	2	0	0	0	0
AF	0	0.449407	14	10	4	0	0	0	0
AF	0	0.449719	26	21	5	0	0	0	0
AF	0	0.450031	26	16	10	0	0	0	0
AF	0	0.450344	22	14	8	0	0	0	0
AF	0	0.450656	13	7	6	0	0	0	0
AF	0	0.450968	24	15	9	0	0	0	0
AF	0	0.451280	16	11	5	0	0	0	0
AF	0	0.451593	23	19	4	0	0	0	0
AF	0	0.451905	11	5	6	0	0	0	0
AF	0	0.452217	20	15	5	0	0	0	0
AF	0	0.452530	19	14	5	0	0	0	0
AF	0	0.452842	20	12	8	0	0	0	0
AF	0	0.453154	17	15	2	0	0	0	0
AF	0	0.453467	19	14	5	0	0	0	0
AF	0	0.453779	23	15	8	0	0	0	0
AF	0	0.454091	18	14	4	0	0	0	0
AF	0	0.454403	27	21	6	0	0	0	0
AF	0	0.454716	36	27	9	0	0	0	0
AF	0	0.455028	20	13	7	0	0	0	0
AF	0	0.455340	19	15	4	0	0	0	0
AF	0	0.455653	17	13	4	0	0	0	0
AF	0	0.455965	24	19	5	0	0	0	0
AF	0	0.456277	15	10	5	0	0	0	0
AF	0	0.456590	29	19	10	0	0	0	0
AF	0	0.456902	53	39	14	0	0	0	0
AF	0	0.457214	36	24	12	0	0	0	0
AF	0	0.457527	21	17	4	0	0	0	0
AF	0	0.457839	32	24	8	0	0	0	0
AF	0	0.458151	27	15	12	0	0	0	0
AF	0	0.458463	25	17	8	0	0	0	0
AF	0	0.458776	25	20	5	0	0	0	0
AF	0	0.459088	18	12	6	0	0	0	0
AF	0	0.459400	23	14	9	0	0	0	0
AF	0	0.459713	29	16	13	0	0	0	0
AF	0	0.460025	29	20	9	0	0	0	0
AF	0	0.460337	20	15	5	0	0	0	0
AF	0	0.460650	30	20	10	0	0	0	0
AF	0	0.460962	16	10	6	0	0	0	0
AF	0	0.461274	21	17	4	0	0	0	0
AF	0	0.461587	24	17	7	0	0	0	0
AF	0	0.461899	14	11	3	0	0	0	0
AF	0	0.462211	22	14	8	0	0	0	0
AF	0	0.462523	26	20	6	0	0	0	0
AF	0	0.462836	19	14	5	0	0	0	0
AF	0	0.463148	29	23	6	0	0	0	0
AF	0	0.463460	13	10	3	0	0	0	0
AF	0	0.463773	30	22	8	0	0	0	0
AF	0	0.464085	27	20	7	0	0	0	0
AF	0	0.464397	33	24	9	0	0	0	0
AF	0	0.464710	33	28	5	0	0	0	0
AF	0	0.465022	22	18	4	0	0	0	0
AF	0	0.465334	23	14	9	0	0	0	0
AF	0	0.465646	39	26	13	0	0	0	0
AF	0	0.465959	15	12	3	0	0	0	0
AF	0	0.466271	35	21	14	0	0	0	0
AF	0	0.466583	29	24	5	0	0	0	0
AF	0	0.466896	26	14	12	0	0	0	0
AF	0	0.467208	28	23	5	0	0	0	0
AF	0	0.467520	21	15	6	0	0	0	0
AF	0	0.467833	14	7	7	0	0	0	0
AF	0	0.468145	21	11	10	0	0	0	0
AF	0	0.468457	20	12	8	0	0	0	0
AF	0	0.468770	24	16	8	0	0	0	0
AF	0	0.469082	28	21	7	0	0	0	0
AF	0	0.469394	23	14	9	0	0	0	0
AF	0	0.469706	30	22	8	0	0	0	0
AF	0	0.470019	12	7	5	0	0	0	0
AF	0	0.470331	20	15	5	0	0	0	0
AF	0	0.470643	28	20	8	0	0	0	0
AF	0	0.470956	15	8	7	0	0	0	0
AF	0	0.471268	16	12	4	0	0	0	0
AF	0	0.471580	19	14	5	0	0	0	0
AF	0	0.471893	29	20	9	0	0	0	0
AF	0	0.472205	21	10	11	0	0	0	0
AF	0	0.472517	30	20	10	0	0	0	0
AF	0	0.472829	20	11	9	0	0	0	0
AF	0	0.473142	22	14	8	0	0	0	0
AF	0	0.473454	19	17	2	0	0	0	0
AF	0	0.473766	20	16	4	0	0	0	0
AF	0	0.474079	21	16	5	0	0	0	0
AF	0	0.474391	26	17	9	0	0	0	0
AF	0	0.474703	27	16	11	0	0	0	0
AF	0	0.475016	23	15	8	0	0	0	0
AF	0	0.475328	23	17	6	0	0	0	0
AF	0	0.475640	19	12	7	0	0	0	0
AF	0	0.475953	22	17	5	0	0	0	0
AF	0	0.476265	40	32	8	0	0	0	0
AF	0	0.476577	30	21	9	0	0	0	0
AF	0	0.476889	28	20	8	0	0	0	0
AF	0	0.477202	23	20	3	0	0	0	0
AF	0	0.477514	20	13	7	0	0	0	0
AF	0	0.477826	21	18	3	0	0	0	0
AF	0	0.478139	30	19	11	0	0	0	0
AF	0	0.478451	23	14	9	0	0	0	0
AF	0	0.478763	18	13	5	0	0	0	0
AF	0	0.479076	20	13	7	0	0	0	0
AF	0	0.479388	22	13	9	0	0	0	0
AF	0	0.479700	13	12	1	0	0	0	0
AF	0	0.480012	11	9	2	0	0	0	0
AF	0	0.480325	16	12	4	0	0	0	0
AF	0	0.480637	13	7	6	0	0	0	0
AF	0	0.480949	12	6	6	0	0	0	0
AF	0	0.481262	33	23	10	0	0	0	0
AF	0	0.481574	13	9	4	0	0	0	0
AF	0	0.481886	17	12	5	0	0	0	0
AF	0	0.482199	14	5	9	0	0	0	0
AF	0	0.482511	22	14	8	0	0	0	0
AF	0	0.482823	22	15	7	0	0	0	0
AF	0	0.483136	17	13	4	0	0	0	0
AF	0	0.483448	12	9	3	0	0	0	0
AF	0	0.483760	24	17	7	0	0	0	0
AF	0	0.484072	14	7	7	0	0	0	0
AF	0	0.484385	14	13	1	0	0	0	0
AF	0	0.484697	24	16	8	0	0	0	0
AF	0	0.485009	34	27	7	0	0	0	0
AF	0	0.485322	22	18	4	0	0	0	0
AF	0	0.485634	16	13	3	0	0	0	0
AF	0	0.485946	20	15	5	0	0	0	0
AF	0	0.486259	52	37	15	0	0	0	0
AF	0	0.486571	16	12	4	0	0	0	0
AF	0	0.486883	19	11	8	0	0	0	0
AF	0	0.487196	25	17	8	0	0	0	0
AF	0	0.487508	16	13	3	0	0	0	0
AF	0	0.487820	24	17	7	0	0	0	0
AF	0	0.488132	12	10	2	0	0	0	0
AF	0	0.488445	13	7	6	0	0	0	0
AF	0	0.488757	16	12	4	0	0	0	0
AF	0	0.489069	20	13	7	0	0	0	0
AF	0	0.489382	29	24	5	0	0	0	0
AF	0	0.489694	20	17	3	0	0	0	0
AF	0	0.490006	15	9	6	0	0	0	0
AF	0	0.490319	23	14	9	0	0	0	0
AF	0	0.490631	23	18	5	0	0	0	0
AF	0	0.490943	27	18	9	0	0	0	0
AF	0	0.491255	24	19	5	0	0	0	0
AF	0	0.491568	17	11	6	0	0	0	0
AF	0	0.491880	19	11	8	0	0	0	0
AF	0	0.492192	31	19	12	0	0	0	0
AF	0	0.492505	19	12	7	0	0	0	0
AF	0	0.492817	18	13	5	0	0	0	0
AF	0	0.493129	18	10	8	0	0	0	0
AF	0	0.493442	22	19	3	0	0	0	0
AF	0	0.493754	28	16	12	0	0	0	0
AF	0	0.494066	14	11	3	0	0	0	0
AF	0	0.494379	16	13	3	0	0	0	0
AF	0	0.494691	21	13	8	0	0	0	0
AF	0	0.495003	28	18	10	0	0	0	0
AF	0	0.495315	19	13	6	0	0	0	0
AF	0	0.495628	21	19	2	0	0	0	0
AF	0	0.495940	17	17	0	0	0	0	0
AF	0	0.496252	16	13	3	0	0	0	0
AF	0	0.496565	18	13	5	0	0	0	0
AF	0	0.496877	13	10	3	0	0	0	0
AF	0	0.497189	20	14	6	0	0	0	0
AF	0	0.497502	27	17	10	0	0	0	0
AF	0	0.497814	12	9	3	0	0	0	0
AF	0	0.498126	19	12	7	0	0	0	0
AF	0	0.498438	29	20	9	0	0	0	0
AF	0	0.498751	39	29	10	0	0	0	0
AF	0	0.499063	25	21	4	0	0	0	0
AF	0	0.499375	18	13	5	0	0	0	0
AF	0	0.499688	22	12	10	0	0	0	0
AF	0	0.500000	22	18	4	0	0	0	0
AF	0	0.500312	14	13	1	0	0	0	0
AF	0	0.500625	7	7	0	0	0	0	0
AF	0	0.500937	25	18	7	0	0	0	0
AF	0	0.501249	16	11	5	0	0	0	0
AF	0	0.501562	17	15	2	0	0	0	0
AF	0	0.501874	15	10	5	0	0	0	0
AF	0	0.502186	12	11	1	0	0	0	0
AF	0	0.502498	14	9	5	0	0	0	0
AF	0	0.502811	15	12	3	0	0	0	0
AF	0	0.503123	20	15	5	0	0	0	0
AF	0	0.503435	14	10	4	0	0	0	0
AF	0	0.503748	18	10	8	0	0	0	0
AF	0	0.504060	12	8	4	0	0	0	0
AF	0	0.504372	23	16	7	0	0	0	0
AF	0	0.504685	26	19	7	0	0	0	0
AF	0	0.504997	21	18	3	0	0	0	0
AF	0	0.505309	25	20	5	0	0	0	0
AF	0	0.505621	22	12	10	0	0	0	0
AF	0	0.505934	12	7	5	0	0	0	0
AF	0	0.506246	28	24	4	0	0	0	0
AF	0	0.506558	20	15	5	0	0	0	0
AF	0	0.506871	19	13	6	0	0	0	0
AF	0	0.507183	16	14	2	0	0	0	0
AF	0	0.507495	22	19	3	0	0	0	0
AF	0	0.507808	24	13	11	0	0	0	0
AF	0	0.508120	28	20	8	0	0	0	0
AF	0	0.508432	20	13	7	0	0	0	0
AF	0	0.508745	18	15	3	0	0	0	0
AF	0	0.509057	15	12	3	0	0	0	0
AF	0	0.509369	10	9	1	0	0	0	0
AF	0	0.509681	17	12	5	0	0	0	0
AF	0	0.509994	18	12	6	0	0	0	0
AF	0	0.510306	18	11	7	0	0	0	0
AF	0	0.510618	26	16	10	0	0	0	0
AF	0	0.510931	22	18	4	0	0	0	0
AF	0	0.511243	28	16	12	0	0	0	0
AF	0	0.511555	26	20	6	0	0	0	0
AF	0	0.511868	25	17	8	0	0	0	0
AF	0	0.512180	29	19	10	0	0	0	0
AF	0	0.512492	14	9	5	0	0	0	0
AF	0	0.512804	17	11	6	0	0	0	0
AF	0	0.513117	22	16	6	0	0	0	0
AF	0	0.513429	25	20	5	0	0	0	0
AF	0	0.513741	17	12	5	0	0	0	0
AF	0	0.514054	33	24	9	0	0	0	0
AF	0	0.514366	22	18	4	0	0	0	0
AF	0	0.514678	21	16	5	0	0	0	0
AF	0	0.514991	10	5	5	0	0	0	0
AF	0	0.515303	27	21	6	0	0	0	0
AF	0	0.515615	10	8	2	0	0	0	0
AF	0	0.515928	8	7	1	0	0	0	0
AF	0	0.516240	25	17	8	0	0	0	0
AF	0	0.516552	18	14	4	0	0	0	0
AF	0	0.516864	15	12	3	0	0	0	0
AF	0	0.517177	26	19	7	0	0	0	0
AF	0	0.517489	24	12	12	0	0	0	0
AF	0	0.517801	22	19	3	0	0	0	0
AF	0	0.518114	27	17	10	0	0	0	0
AF	0	0.518426	19	16	3	0	0	0	0
AF	0	0.518738	17	11	6	0	0	0	0
AF	0	0.519051	21	12	9	0	0	0	0
AF	0	0.519363	19	12	7	0	0	0	0
AF	0	0.519675	24	19	5	0	0	0	0
AF	0	0.519988	29	16	13	0	0	0	0
AF	0	0.520300	13	10	3	0	0	0	0
AF	0	0.520612	22	13	9	0	0	0	0
AF	0	0.520924	25	19	6	0	0	0	0
AF	0	0.521237	30	22	8	0	0	0	0
AF	0	0.521549	19	13	6	0	0	0	0
AF	0	0.521861	18	12	6	0	0	0	0
AF	0	0.522174	15	9	6	0	0	0	0
AF	0	0.522486	14	9	5	0	0	0	0
AF	0	0.522798	26	20	6	0	0	0	0
AF	0	0.523111	15	9	6	0	0	0	0
AF	0	0.523423	24	17	7	0	0	0	0
AF	0	0.523735	23	15	8	0	0	0	0
AF	0	0.524047	29	19	10	0	0	0	0
AF	0	0.524360	21	12	9	0	0	0	0
AF	0	0.524672	24	17	7	0	0	0	0
AF	0	0.524984	29	19	10	0	0	0	0
AF	0	0.525297	23	19	4	0	0	0	0
AF	0	0.525609	31	21	10	0	0	0	0
AF	0	0.525921	7	4	3	0	0	0	0
AF	0	0.526234	35	23	12	0	0	0	0
AF	0	0.526546	13	10	3	0	0	0	0
AF	0	0.526858	17	10	7	0	0	0	0
AF	0	0.527171	16	11	5	0	0	0	0
AF	0	0.527483	32	23	9	0	0	0	0
AF	0	0.527795	25	21	4	0	0	0	0
AF	0	0.528107	22	18	4	0	0	0	0
AF	0	0.528420	20	13	7	0	0	0	0
AF	0	0.528732	22	17	5	0	0	0	0
AF	0	0.529044	22	15	7	0	0	0	0
AF	0	0.529357	19	14	5	0	0	0	0
AF	0	0.529669	19	14	5	0	0	0	0
AF	0	0.529981	17	13	4	0	0	0	0
AF	0	0.530294	14	10	4	0	0	0	0
AF	0	0.530606	30	23	7	0	0	0	0
AF	0	0.530918	16	11	5	0	0	0	0
AF	0	0.531230	16	11	5	0	0	0	0
AF	0	0.531543	23	16	7	0	0	0	0
AF	0	0.531855	11	6	5	0	0	0	0
AF	0	0.532167	27	17	10	0	0	0	0
AF	0	0.532480	14	10	4	0	0	0	0
AF	0	0.532792	14	9	5	0	0	0	0
AF	0	0.533104	23	22	1	0	0	0	0
AF	0	0.533417	16	13	3	0	0	0	0
AF	0	0.533729	32	28	4	0	0	0	0
AF	0	0.534041	15	12	3	0	0	0	0
AF	0	0.534354	19	14	5	0	0	0	0
AF	0	0.534666	28	18	10	0	0	0	0
AF	0	0.534978	23	14	9	0	0	0	0
AF	0	0.535290	9	5	4	0	0	0	0
AF	0	0.535603	18	14	4	0	0	0	0
AF	0	0.535915	25	15	10	0	0	0	0
AF	0	0.536227	46	32	14	0	0	0	0
AF	0	0.536540	30	17	13	0	0	0	0
AF	0	0.536852	15	10	5	0	0	0	0
AF	0	0.537164	33	25	8	0	0	0	0
AF	0	0.537477	20	17	3	0	0	0	0
AF	0	0.537789	19	12	7	0	0	0	0
AF	0	0.538101	20	14	6	0	0	0	0
AF	0	0.538413	9	7	2	0	0	0	0
AF	0	0.538726	16	10	6	0	0	0	0
AF	0	0.539038	14	12	2	0	0	0	0
AF	0	0.539350	24	16	8	0	0	0	0
AF	0	0.539663	22	13	9	0	0	0	0
AF	0	0.539975	24	21	3	0	0	0	0
AF	0	0.540287	26	17	9	0	0	0	0
AF	0	0.540600	20	13	7	0	0	0	0
AF	0	0.540912	25	19	6	0	0	0	0
AF	0	0.541224	25	19	6	0	0	0	0
AF	0	0.541537	19	15	4	0	0	0	0
AF	0	0.541849	41	29	12	0	0	0	0
AF	0	0.542161	19	13	6	0	0	0	0
AF	0	0.542473	21	16	5	0	0	0	0
AF	0	0.542786	20	15	5	0	0	0	0
AF	0	0.543098	19	13	6	0	0	0	0
AF	0	0.543410	12	11	1	0	0	0	0
AF	0	0.543723	18	11	7	0	0	0	0
AF	0	0.544035	17	11	6	0	0	0	0
AF	0	0.544347	18	13	5	0	0	0	0
AF	0	0.544660	23	17	6	0	0	0	0
AF	0	0.544972	12	10	2	0	0	0	0
AF	0	0.545284	9	4	5	0	0	0	0
AF	0	0.545597	24	19	5	0	0	0	0
AF	0	0.545909	20	17	3	0	0	0	0
AF	0	0.546221	22	14	8	0	0	0	0
AF	0	0.546533	36	21	15	0	0	0	0
AF	0	0.546846	22	11	11	0	0	0	0
AF	0	0.547158	35	22	13	0	0	0	0
AF	0	0.547470	29	23	6	0	0	0	0
AF	0	0.547783	16	12	4	0	0	0	0
AF	0	0.548095	23	16	7	0	0	0	0
AF	0	0.548407	16	10	6	0	0	0	0
AF	0	0.548720	22	17	5	0	0	0	0
AF	0	0.549032	26	22	4	0	0	0	0
AF	0	0.549344	13	8	5	0	0	0	0
AF	0	0.549656	13	9	4	0	0	0	0
AF	0	0.549969	10	8	2	0	0	0	0
AF	0	0.550281	18	14	4	0	0	0	0
AF	0	0.550593	12	9	3	0	0	0	0
AF	0	0.550906	21	18	3	0	0	0	0
AF	0	0.551218	12	10	2	0	0	0	0
AF	0	0.551530	15	11	4	0	0	0	0
AF	0	0.551843	27	18	9	0	0	0	0
AF	0	0.552155	39	28	11	0	0	0	0
AF	0	0.552467	25	18	7	0	0	0	0
AF	0	0.552780	13	8	5	0	0	0	0
AF	0	0.553092	32	23	9	0	0	0	0
AF	0	0.553404	14	10	4	0	0	0	0
AF	0	0.553716	15	10	5	0	0	0	0
AF	0	0.554029	19	13	6	0	0	0	0
AF	0	0.554341	21	14	7	0	0	0	0
AF	0	0.554653	22	13	9	0	0	0	0
AF	0	0.554966	21	14	7	0	0	0	0
AF	0	0.555278	12	9	3	0	0	0	0
AF	0	0.555590	16	12	4	0	0	0	0
AF	0	0.555903	19	18	1	0	0	0	0
AF	0	0.556215	20	15	5	0	0	0	0
AF	0	0.556527	16	12	4	0	0	0	0
AF	0	0.556839	20	14	6	0	0	0	0
AF	0	0.557152	13	12	1	0	0	0	0
AF	0	0.557464	18	10	8	0	0	0	0
AF	0	0.557776	12	7	5	0	0	0	0
AF	0	0.558089	12	8	4	0	0	0	0
AF	0	0.558401	20	15	5	0	0	0	0
AF	0	0.558713	17	13	4	0	0	0	0
AF	0	0.559026	8	3	5	0	0	0	0
AF	0	0.559338	14	8	6	0	0	0	0
AF	0	0.559650	14	9	5	0	0	0	0
AF	0	0.559963	23	17	6	0	0	0	0
AF	0	0.560275	12	8	4	0	0	0	0
AF	0	0.560587	19	14	5	0	0	0	0
AF	0	0.560899	15	8	7	0	0	0	0
AF	0	0.561212	14	9	5	0	0	0	0
AF	0	0.561524	14	8	6	0	0	0	0
AF	0	0.561836	10	5	5	0	0	0	0
AF	0	0.562149	15	11	4	0	0	0	0
AF	0	0.562461	19	13	6	0	0	0	0
AF	0	0.562773	12	7	5	0	0	0	0
AF	0	0.563086	16	10	6	0	0	0	0
AF	0	0.563398	17	12	5	0	0	0	0
AF	0	0.563710	14	12	2	0	0	0	0
AF	0	0.564022	16	9	7	0	0	0	0
AF	0	0.564335	13	12	1	0	0	0	0
AF	0	0.564647	13	9	4	0	0	0	0
AF	0	0.564959	20	14	6	0	0	0	0
AF	0	0.565272	13	9	4	0	0	0	0
AF	0	0.565584	16	9	7	0	0	0	0
AF	0	0.565896	8	7	1	0	0	0	0
AF	0	0.566209	17	12	5	0	0	0	0
AF	0	0.566521	19	14	5	0	0	0	0
AF	0	0.566833	24	20	4	0	0	0	0
AF	0	0.567146	23	12	11	0	0	0	0
AF	0	0.567458	16	6	10	0	0	0	0
AF	0	0.567770	16	13	3	0	0	0	0
AF	0	0.568082	18	11	7	0	0	0	0
AF	0	0.568395	20	14	6	0	0	0	0
AF	0	0.568707	17	6	11	0	0	0	0
AF	0	0.569019	8	6	2	0	0	0	0
AF	0	0.569332	19	9	10	0	0	0	0
AF	0	0.569644	14	10	4	0	0	0	0
AF	0	0.569956	15	8	7	0	0	0	0
AF	0	0.570269	8	5	3	0	0	0	0
AF	0	0.570581	14	12	2	0	0	0	0
AF	0	0.570893	11	7	4	0	0	0	0
AF	0	0.571205	21	16	5	0	0	0	0
AF	0	0.571518	22	16	6	0	0	0	0
AF	0	0.571830	21	16	5	0	0	0	0
AF	0	0.572142	25	17	8	0	0	0	0
AF	0	0.572455	13	7	6	0	0	0	0
AF	0	0.572767	17	11	6	0	0	0	0
AF	0	0.573079	16	9	7	0	0	0	0
AF	0	0.573392	27	20	7	0	0	0	0
AF	0	0.573704	13	12	1	0	0	0	0
AF	0	0.574016	29	20	9	0	0	0	0
AF	0	0.574329	19	15	4	0	0	0	0
AF	0	0.574641	37	20	17	0	0	0	0
AF	0	0.574953	14	8	6	0	0	0	0
AF	0	0.575265	24	19	5	0	0	0	0
AF	0	0.575578	14	10	4	0	0	0	0
AF	0	0.575890	25	23	2	0	0	0	0
AF	0	0.576202	12	9	3	0	0	0	0
AF	0	0.576515	13	9	4	0	0	0	0
AF	0	0.576827	22	16	6	0	0	0	0
AF	0	0.577139	15	12	3	0	0	0	0
AF	0	0.577452	17	11	6	0	0	0	0
AF	0	0.577764	10	8	2	0	0	0	0
AF	0	0.578076	9	9	0	0	0	0	0
AF	0	0.578389	10	8	2	0	0	0	0
AF	0	0.578701	17	14	3	0	0	0	0
AF	0	0.579013	18	12	6	0	0	0	0
AF	0	0.579325	18	9	9	0	0	0	0
AF	0	0.579638	12	11	1	0	0	0	0
AF	0	0.579950	11	8	3	0	0	0	0
AF	0	0.580262	14	8	6	0	0	0	0
AF	0	0.580575	29	18	11	0	0	0	0
AF	0	0.580887	17	12	5	0	0	0	0
AF	0	0.581199	13	10	3	0	0	0	0
AF	0	0.581512	15	10	5	0	0	0	0
AF	0	0.581824	12	7	5	0	0	0	0
AF	0	0.582136	24	18	6	0	0	0	0
AF	0	0.582448	15	10	5	0	0	0	0
AF	0	0.582761	18	9	9	0	0	0	0
AF	0	0.583073	30	20	10	0	0	0	0
AF	0	0.583385	18	6	12	0	0	0	0
AF	0	0.583698	21	16	5	0	0	0	0
AF	0	0.584010	22	18	4	0	0	0	0
AF	0	0.584322	16	11	5	0	0	0	0
AF	0	0.584635	22	18	4	0	0	0	0
AF	0	0.584947	16	11	5	0	0	0	0
AF	0	0.585259	15	11	4	0	0	0	0
AF	0	0.585572	17	13	4	0	0	0	0
AF	0	0.585884	17	13	4	0	0	0	0
AF	0	0.586196	19	10	9	0	0	0	0
AF	0	0.586508	11	5	6	0	0	0	0
AF	0	0.586821	15	12	3	0	0	0	0
AF	0	0.587133	21	14	7	0	0	0	0
AF	0	0.587445	10	8	2	0	0	0	0
AF	0	0.587758	10	8	2	0	0	0	0
AF	0	0.588070	20	14	6	0	0	0	0
AF	0	0.588382	19	15	4	0	0	0	0
AF	0	0.588695	14	13	1	0	0	0	0
AF	0	0.589007	14	11	3	0	0	0	0
AF	0	0.589319	18	12	6	0	0	0	0
AF	0	0.589631	16	9	7	0	0	0	0
AF	0	0.589944	22	16	6	0	0	0	0
AF	0	0.590256	14	10	4	0	0	0	0
AF	0	0.590568	23	16	7	0	0	0	0
AF	0	0.590881	18	13	5	0	0	0	0
AF	0	0.591193	16	12	4	0	0	0	0
AF	0	0.591505	22	18	4	0	0	0	0
AF	0	0.591818	35	26	9	0	0	0	0
AF	0	0.592130	18	10	8	0	0	0	0
AF	0	0.592442	18	11	7	0	0	0	0
AF	0	0.592755	15	8	7	0	0	0	0
AF	0	0.593067	21	15	6	0	0	0	0
AF	0	0.593379	20	18	2	0	0	0	0
AF	0	0.593691	22	17	5	0	0	0	0
AF	0	0.594004	22	13	9	0	0	0	0
AF	0	0.594316	15	9	6	0	0	0	0
AF	0	0.594628	26	16	10	0	0	0	0
AF	0	0.594941	17	13	4	0	0	0	0
AF	0	0.595253	14	7	7	0	0	0	0
AF	0	0.595565	17	11	6	0	0	0	0
AF	0	0.595878	18	11	7	0	0	0	0
AF	0	0.596190	8	6	2	0	0	0	0
AF	0	0.596502	25	21	4	0	0	0	0
AF	0	0.596814	18	17	1	0	0	0	0
AF	0	0.597127	15	9	6	0	0	0	0
AF	0	0.597439	13	7	6	0	0	0	0
AF	0	0.597751	18	12	6	0	0	0	0
AF	0	0.598064	20	12	8	0	0	0	0
AF	0	0.598376	32	24	8	0	0	0	0
AF	0	0.598688	28	21	7	0	0	0	0
AF	0	0.599001	21	12	9	0	0	0	0
AF	0	0.599313	28	24	4	0	0	0	0
AF	0	0.599625	24	19	5	0	0	0	0
AF	0	0.599938	19	13	6	0	0	0	0
AF	0	0.600250	14	10	4	0	0	0	0
AF	0	0.600562	13	10	3	0	0	0	0
AF	0	0.600874	14	8	6	0	0	0	0
AF	0	0.601187	12	8	4	0	0	0	0
AF	0	0.601499	22	13	9	0	0	0	0
AF	0	0.601811	30	23	7	0	0	0	0
AF	0	0.602124	14	9	5	0	0	0	0
AF	0	0.602436	18	12	6	0	0	0	0
AF	0	0.602748	16	10	6	0	0	0	0
AF	0	0.603061	20	16	4	0	0	0	0
AF	0	0.603373	9	6	3	0	0	0	0
AF	0	0.603685	34	25	9	0	0	0	0
AF	0	0.603998	25	12	13	0	0	0	0
AF	0	0.604310	20	16	4	0	0	0	0
AF	0	0.604622	22	18	4	0	0	0	0
AF	0	0.604934	20	15	5	0	0	0	0
AF	0	0.605247	15	11	4	0	0	0	0
AF	0	0.605559	12	10	2	0	0	0	0
AF	0	0.605871	15	11	4	0	0	0	0
AF	0	0.606184	21	12	9	0	0	0	0
AF	0	0.606496	25	16	9	0	0	0	0
AF	0	0.606808	21	14	7	0	0	0	0
AF	0	0.607121	15	11	4	0	0	0	0
AF	0	0.607433	12	6	6	0	0	0	0
AF	0	0.607745	17	13	4	0	0	0	0
AF	0	0.608057	7	5	2	0	0	0	0
AF	0	0.608370	24	17	7	0	0	0	0
AF	0	0.608682	11	7	4	0	0	0	0
AF	0	0.608994	7	5	2	0	0	0	0
AF	0	0.609307	14	12	2	0	0	0	0
AF	0	0.609619	15	12	3	0	0	0	0
AF	0	0.609931	18	14	4	0	0	0	0
AF	0	0.610244	12	8	4	0	0	0	0
AF	0	0.610556	14	11	3	0	0	0	0
AF	0	0.610868	15	14	1	0	0	0	0
AF	0	0.611181	11	7	4	0	0	0	0
AF	0	0.611493	19	13	6	0	0	0	0
AF	0	0.611805	16	11	5	0	0	0	0
AF	0	0.612117	13	9	4	0	0	0	0
AF	0	0.612430	13	7	6	0	0	0	0
AF	0	0.612742	14	10	4	0	0	0	0
AF	0	0.613054	13	12	1	0	0	0	0
AF	0	0.613367	15	10	5	0	0	0	0
AF	0	0.613679	16	13	3	0	0	0	0
AF	0	0.613991	13	11	2	0	0	0	0
AF	0	0.614304	16	13	3	0	0	0	0
AF	0	0.614616	18	11	7	0	0	0	0
AF	0	0.614928	22	14	8	0	0	0	0
AF	0	0.615240	25	15	10	0	0	0	0
AF	0	0.615553	21	19	2	0	0	0	0
AF	0	0.615865	26	21	5	0	0	0	0
AF	0	0.616177	17	10	7	0	0	0	0
AF	0	0.616490	23	14	9	0	0	0	0
AF	0	0.616802	20	13	7	0	0	0	0
AF	0	0.617114	22	13	9	0	0	0	0
AF	0	0.617427	14	8	6	0	0	0	0
AF	0	0.617739	21	14	7	0	0	0	0
AF	0	0.618051	11	6	5	0	0	0	0
AF	0	0.618364	19	15	4	0	0	0	0
AF	0	0.618676	21	14	7	0	0	0	0
AF	0	0.618988	19	11	8	0	0	0	0
AF	0	0.619300	13	12	1	0	0	0	0
AF	0	0.619613	19	14	5	0	0	0	0
AF	0	0.619925	34	22	12	0	0	0	0
AF	0	0.620237	11	7	4	0	0	0	0
AF	0	0.620550	19	15	4	0	0	0	0
AF	0	0.620862	19	15	4	0	0	0	0
AF	0	0.621174	9	5	4	0	0	0	0
AF	0	0.621487	6	3	3	0	0	0	0
AF	0	0.621799	11	8	3	0	0	0	0
AF	0	0.622111	13	8	5	0	0	0	0
AF	0	0.622423	12	10	2	0	0	0	0
AF	0	0.622736	20	15	5	0	0	0	0
AF	0	0.623048	21	14	7	0	0	0	0
AF	0	0.623360	19	16	3	0	0	0	0
AF	0	0.623673	15	10	5	0	0	0	0
AF	0	0.623985	19	14	5	0	0	0	0
AF	0	0.624297	10	8	2	0	0	0	0
AF	0	0.624610	15	10	5	0	0	0	0
AF	0	0.624922	9	7	2	0	0	0	0
AF	0	0.625234	13	10	3	0	0	0	0
AF	0	0.625547	21	19	2	0	0	0	0
AF	0	0.625859	20	16	4	0	0	0	0
AF	0	0.626171	17	13	4	0	0	0	0
AF	0	0.626483	18	10	8	0	0	0	0
AF	0	0.626796	13	11	2	0	0	0	0
AF	0	0.627108	14	10	4	0	0	0	0
AF	0	0.627420	9	8	1	0	0	0	0
AF	0	0.627733	16	14	2	0	0	0	0
AF	0	0.628045	10	6	4	0	0	0	0
AF	0	0.628357	10	9	1	0	0	0	0
AF	0	0.628670	17	14	3	0	0	0	0
AF	0	0.628982	17	9	8	0	0	0	0
AF	0	0.629294	24	9	15	0	0	0	0
AF	0	0.629606	15	10	5	0	0	0	0
AF	0	0.629919	20	11	9	0	0	0	0
AF	0	0.630231	17	12	5	0	0	0	0
AF	0	0.630543	18	13	5	0	0	0	0
AF	0	0.630856	20	15	5	0	0	0	0
AF	0	0.631168	9	6	3	0	0	0	0
AF	0	0.631480	14	10	4	0	0	0	0
AF	0	0.631793	13	9	4	0	0	0	0
AF	0	0.632105	15	9	6	0	0	0	0
AF	0	0.632417	13	9	4	0	0	0	0
AF	0	0.632730	14	8	6	0	0	0	0
AF	0	0.633042	19	15	4	0	0	0	0
AF	0	0.633354	13	6	7	0	0	0	0
AF	0	0.633666	14	9	5	0	0	0	0
AF	0	0.633979	13	9	4	0	0	0	0
AF	0	0.634291	19	16	3	0	0	0	0
AF	0	0.634603	21	18	3	0	0	0	0
AF	0	0.634916	16	12	4	0	0	0	0
AF	0	0.635228	15	10	5	0	0	0	0
AF	0	0.635540	24	16	8	0	0	0	0
AF	0	0.635853	17	10	7	0	0	0	0
AF	0	0.636165	5	4	1	0	0	0	0
AF	0	0.636477	20	11	9	0	0	0	0
AF	0	0.636790	17	12	5	0	0	0	0
AF	0	0.637102	37	27	10	0	0	0	0
AF	0	0.637414	26	15	11	0	0	0	0
AF	0	0.637726	32	22	10	0	0	0	0
AF	0	0.638039	40	27	13	0	0	0	0
AF	0	0.638351	14	11	3	0	0	0	0
AF	0	0.638663	15	11	4	0	0	0	0
AF	0	0.638976	36	29	7	0	0	0	0
AF	0	0.639288	23	16	7	0	0	0	0
AF	0	0.639600	23	19	4	0	0	0	0
AF	0	0.639913	20	14	6	0	0	0	0
AF	0	0.640225	11	6	5	0	0	0	0
AF	0	0.640537	17	13	4	0	0	0	0
AF	0	0.640849	21	14	7	0	0	0	0
AF	0	0.641162	32	19	13	0	0	0	0
AF	0	0.641474	36	33	3	0	0	0	0
AF	0	0.641786	30	22	8	0	0	0	0
AF	0	0.642099	41	26	15	0	0	0	0
AF	0	0.642411	18	10	8	0	0	0	0
AF	0	0.642723	27	21	6	0	0	0	0
AF	0	0.643036	27	14	13	0	0	0	0
AF	0	0.643348	12	7	5	0	0	0	0
AF	0	0.643660	24	18	6	0	0	0	0
AF	0	0.643973	23	15	8	0	0	0	0
AF	0	0.644285	20	15	5	0	0	0	0
AF	0	0.644597	15	10	5	0	0	0	0
AF	0	0.644909	17	9	8	0	0	0	0
AF	0	0.645222	22	12	10	0	0	0	0
AF	0	0.645534	23	19	4	0	0	0	0
AF	0	0.645846	15	12	3	0	0	0	0
AF	0	0.646159	20	16	4	0	0	0	0
AF	0	0.646471	17	13	4	0	0	0	0
AF	0	0.646783	22	15	7	0	0	0	0
AF	0	0.647096	24	18	6	0	0	0	0
AF	0	0.647408	17	12	5	0	0	0	0
AF	0	0.647720	15	11	4	0	0	0	0
AF	0	0.648032	19	10	9	0	0	0	0
AF	0	0.648345	25	21	4	0	0	0	0
AF	0	0.648657	28	25	3	0	0	0	0
AF	0	0.648969	13	12	1	0	0	0	0
AF	0	0.649282	17	12	5	0	0	0	0
AF	0	0.649594	18	12	6	0	0	0	0
AF	0	0.649906	9	8	1	0	0	0	0
AF	0	0.650219	21	14	7	0	0	0	0
AF	0	0.650531	22	17	5	0	0	0	0
AF	0	0.650843	17	12	5	0	0	0	0
AF	0	0.651156	17	8	9	0	0	0	0
AF	0	0.651468	35	23	12	0	0	0	0
AF	0	0.651780	35	20	15	0	0	0	0
AF	0	0.652092	24	16	8	0	0	0	0
AF	0	0.652405	18	11	7	0	0	0	0
AF	0	0.652717	14	11	3	0	0	0	0
AF	0	0.653029	26	20	6	0	0	0	0
AF	0	0.653342	31	20	11	0	0	0	0
AF	0	0.653654	18	10	8	0	0	0	0
AF	0	0.653966	19	13	6	0	0	0	0
AF	0	0.654279	22	15	7	0	0	0	0
AF	0	0.654591	21	15	6	0	0	0	0
AF	0	0.654903	21	16	5	0	0	0	0
AF	0	0.655215	21	16	5	0	0	0	0
AF	0	0.655528	20	13	7	0	0	0	0
AF	0	0.655840	17	10	7	0	0	0	0
AF	0	0.656152	20	12	8	0	0	0	0
AF	0	0.656465	16	14	2	0	0	0	0
AF	0	0.656777	22	19	3	0	0	0	0
AF	0	0.657089	17	13	4	0	0	0	0
AF	0	0.657402	27	16	11	0	0	0	0
AF	0	0.657714	26	19	7	0	0	0	0
AF	0	0.658026	20	15	5	0	0	0	0
AF	0	0.658339	22	17	5	0	0	0	0
AF	0	0.658651	16	13	3	0	0	0	0
AF	0	0.658963	11	6	5	0	0	0	0
AF	0	0.659275	11	7	4	0	0	0	0
AF	0	0.659588	20	16	4	0	0	0	0
AF	0	0.659900	17	7	10	0	0	0	0
AF	0	0.660212	15	11	4	0	0	0	0
AF	0	0.660525	17	10	7	0	0	0	0
AF	0	0.660837	22	15	7	0	0	0	0
AF	0	0.661149	17	12	5	0	0	0	0
AF	0	0.661462	21	10	11	0	0	0	0
AF	0	0.661774	11	7	4	0	0	0	0
AF	0	0.662086	8	4	4	0	0	0	0
AF	0	0.662399	19	15	4	0	0	0	0
AF	0	0.662711	16	15	1	0	0	0	0
AF	0	0.663023	10	8	2	0	0	0	0
AF	0	0.663335	9	7	2	0	0	0	0
AF	0	0.663648	20	16	4	0	0	0	0
AF	0	0.663960	9	8	1	0	0	0	0
AF	0	0.664272	15	9	6	0	0	0	0
AF	0	0.664585	15	8	7	0	0	0	0
AF	0	0.664897	12	7	5	0	0	0	0
AF	0	0.665209	19	13	6	0	0	0	0
AF	0	0.665522	27	20	7	0	0	0	0
AF	0	0.665834	14	13	1	0	0	0	0
AF	0	0.666146	12	10	2	0	0	0	0
AF	0	0.666458	18	15	3	0	0	0	0
AF	0	0.666771	10	9	1	0	0	0	0
AF	0	0.667083	18	10	8	0	0	0	0
AF	0	0.667395	11	8	3	0	0	0	0
AF	0	0.667708	15	12	3	0	0	0	0
AF	0	0.668020	10	9	1	0	0	0	0
AF	0	0.668332	11	10	1	0	0	0	0
AF	0	0.668645	16	12	4	0	0	0	0
AF	0	0.668957	16	13	3	0	0	0	0
AF	0	0.669269	23	18	5	0	0	0	0
AF	0	0.669582	18	13	5	0	0	0	0
AF	0	0.669894	17	11	6	0	0	0	0
AF	0	0.670206	20	14	6	0	0	0	0
AF	0	0.670518	26	20	6	0	0	0	0
AF	0	0.670831	17	13	4	0	0	0	0
AF	0	0.671143	18	13	5	0	0	0	0
AF	0	0.671455	17	11	6	0	0	0	0
AF	0	0.671768	15	13	2	0	0	0	0
AF	0	0.672080	16	12	4	0	0	0	0
AF	0	0.672392	17	13	4	0	0	0	0
AF	0	0.672705	18	15	3	0	0	0	0
AF	0	0.673017	14	8	6	0	0	0	0
AF	0	0.673329	24	20	4	0	0	0	0
AF	0	0.673641	16	11	5	0	0	0	0
AF	0	0.673954	18	12	6	0	0	0	0
AF	0	0.674266	10	6	4	0	0	0	0
AF	0	0.674578	18	14	4	0	0	0	0
AF	0	0.674891	13	10	3	0	0	0	0
AF	0	0.675203	18	11	7	0	0	0	0
AF	0	0.675515	16	13	3	0	0	0	0
AF	0	0.675828	14	9	5	0	0	0	0
AF	0	0.676140	16	11	5	0	0	0	0
AF	0	0.676452	23	13	10	0	0	0	0
AF	0	0.676765	19	15	4	0	0	0	0
AF	0	0.677077	7	6	1	0	0	0	0
AF	0	0.677389	22	14	8	0	0	0	0
AF	0	0.677701	11	6	5	0	0	0	0
AF	0	0.678014	11	8	3	0	0	0	0
AF	0	0.678326	17	13	4	0	0	0	0
AF	0	0.678638	10	6	4	0	0	0	0
AF	0	0.678951	14	11	3	0	0	0	0
AF	0	0.679263	15	13	2	0	0	0	0
AF	0	0.679575	16	14	2	0	0	0	0
AF	0	0.679888	11	6	5	0	0	0	0
AF	0	0.680200	19	13	6	0	0	0	0
AF	0	0.680512	14	7	7	0	0	0	0
AF	0	0.680824	12	9	3	0	0	0	0
AF	0	0.681137	13	8	5	0	0	0	0
AF	0	0.681449	20	17	3	0	0	0	0
AF	0	0.681761	18	16	2	0	0	0	0
AF	0	0.682074	16	12	4	0	0	0	0
AF	0	0.682386	17	12	5	0	0	0	0
AF	0	0.682698	12	9	3	0	0	0	0
AF	0	0.683011	23	15	8	0	0	0	0
AF	0	0.683323	14	11	3	0	0	0	0
AF	0	0.683635	19	13	6	0	0	0	0
AF	0	0.683948	20	18	2	0	0	0	0
AF	0	0.684260	15	9	6	0	0	0	0
AF	0	0.684572	13	7	6	0	0	0	0
AF	0	0.684884	10	5	5	0	0	0	0
AF	0	0.685197	7	5	2	0	0	0	0
AF	0	0.685509	11	5	6	0	0	0	0
AF	0	0.685821	17	12	5	0	0	0	0
AF	0	0.686134	15	10	5	0	0	0	0
AF	0	0.686446	13	12	1	0	0	0	0
AF	0	0.686758	7	3	4	0	0	0	0
AF	0	0.687071	14	10	4	0	0	0	0
AF	0	0.687383	17	10	7	0	0	0	0
AF	0	0.687695	11	6	5	0	0	0	0
AF	0	0.688007	15	11	4	0	0	0	0
AF	0	0.688320	13	10	3	0	0	0	0
AF	0	0.688632	20	14	6	0	0	0	0
AF	0	0.688944	13	10	3	0	0	0	0
AF	0	0.689257	22	11	11	0	0	0	0
AF	0	0.689569	23	17	6	0	0	0	0
AF	0	0.689881	11	10	1	0	0	0	0
AF	0	0.690194	15	10	5	0	0	0	0
AF	0	0.690506	6	4	2	0	0	0	0
AF	0	0.690818	12	11	1	0	0	0	0
AF	0	0.691131	20	16	4	0	0	0	0
AF	0	0.691443	15	11	4	0	0	0	0
AF	0	0.691755	16	8	8	0	0	0	0
AF	0	0.692067	15	10	5	0	0	0	0
AF	0	0.692380	15	11	4	0	0	0	0
AF	0	0.692692	20	12	8	0	0	0	0
AF	0	0.693004	15	10	5	0	0	0	0
AF	0	0.693317	20	17	3	0	0	0	0
AF	0	0.693629	9	5	4	0	0	0	0
AF	0	0.693941	10	7	3	0	0	0	0
AF	0	0.694254	15	10	5	0	0	0	0
AF	0	0.694566	22	15	7	0	0	0	0
AF	0	0.694878	22	18	4	0	0	0	0
AF	0	0.695191	14	9	5	0	0	0	0
AF	0	0.695503	10	6	4	0	0	0	0
AF	0	0.695815	19	17	2	0	0	0	0
AF	0	0.696127	20	15	5	0	0	0	0
AF	0	0.696440	11	6	5	0	0	0	0
AF	0	0.696752	17	12	5	0	0	0	0
AF	0	0.697064	19	11	8	0	0	0	0
AF	0	0.697377	12	5	7	0	0	0	0
AF	0	0.697689	15	13	2	0	0	0	0
AF	0	0.698001	11	10	1	0	0	0	0
AF	0	0.698314	10	4	6	0	0	0	0
AF	0	0.698626	20	16	4	0	0	0	0
AF	0	0.698938	21	17	4	0	0	0	0
AF	0	0.699250	22	14	8	0	0	0	0
AF	0	0.699563	23	16	7	0	0	0	0
AF	0	0.699875	23	15	8	0	0	0	0
AF	0	0.700187	18	13	5	0	0	0	0
AF	0	0.700500	28	21	7	0	0	0	0
AF	0	0.700812	30	25	5	0	0	0	0
AF	0	0.701124	26	20	6	0	0	0	0
AF	0	0.701437	23	17	6	0	0	0	0
AF	0	0.701749	25	14	11	0	0	0	0
AF	0	0.702061	25	20	5	0	0	0	0
AF	0	0.702374	20	16	4	0	0	0	0
AF	0	0.702686	19	14	5	0	0	0	0
AF	0	0.702998	19	15	4	0	0	0	0
AF	0	0.703310	26	19	7	0	0	0	0
AF	0	0.703623	22	18	4	0	0	0	0
AF	0	0.703935	12	12	0	0	0	0	0
AF	0	0.704247	19	13	6	0	0	0	0
AF	0	0.704560	9	5	4	0	0	0	0
AF	0	0.704872	8	5	3	0	0	0	0
AF	0	0.705184	15	6	9	0	0	0	0
AF	0	0.705497	12	9	3	0	0	0	0
AF	0	0.705809	20	11	9	0	0	0	0
AF	0	0.706121	18	10	8	0	0	0	0
AF	0	0.706433	13	12	1	0	0	0	0
AF	0	0.706746	15	10	5	0	0	0	0
AF	0	0.707058	7	5	2	0	0	0	0
AF	0	0.707370	13	8	5	0	0	0	0
AF	0	0.707683	23	16	7	0	0	0	0
AF	0	0.707995	25	15	10	0	0	0	0
AF	0	0.708307	29	17	12	0	0	0	0
AF	0	0.708620	15	7	8	0	0	0	0
AF	0	0.708932	17	12	5	0	0	0	0
AF	0	0.709244	35	23	12	0	0	0	0
AF	0	0.709557	36	26	10	0	0	0	0
AF	0	0.709869	16	12	4	0	0	0	0
AF	0	0.710181	17	13	4	0	0	0	0
AF	0	0.710493	17	10	7	0	0	0	0
AF	0	0.710806	17	13	4	0	0	0	0
AF	0	0.711118	17	11	6	0	0	0	0
AF	0	0.711430	13	7	6	0	0	0	0
AF	0	0.711743	16	12	4	0	0	0	0
AF	0	0.712055	16	11	5	0	0	0	0
AF	0	0.712367	21	15	6	0	0	0	0
AF	0	0.712680	22	14	8	0	0	0	0
AF	0	0.712992	24	16	8	0	0	0	0
AF	0	0.713304	29	22	7	0	0	0	0
AF	0	0.713616	19	14	5	0	0	0	0
AF	0	0.713929	14	10	4	0	0	0	0
AF	0	0.714241	14	9	5	0	0	0	0
AF	0	0.714553	15	9	6	0	0	0	0
AF	0	0.714866	15	12	3	0	0	0	0
AF	0	0.715178	17	12	5	0	0	0	0
AF	0	0.715490	25	15	10	0	0	0	0
AF	0	0.715803	12	4	8	0	0	0	0
AF	0	0.716115	11	7	4	0	0	0	0
AF	0	0.716427	15	9	6	0	0	0	0
AF	0	0.716740	21	16	5	0	0	0	0
AF	0	0.717052	16	14	2	0	0	0	0
AF	0	0.717364	11	9	2	0	0	0	0
AF	0	0.717676	13	12	1	0	0	0	0
AF	0	0.717989	14	11	3	0	0	0	0
AF	0	0.718301	7	6	1	0	0	0	0
AF	0	0.718613	13	6	7	0	0	0	0
AF	0	0.718926	26	16	10	0	0	0	0
AF	0	0.719238	17	14	3	0	0	0	0
AF	0	0.719550	14	10	4	0	0	0	0
AF	0	0.719863	15	10	5	0	0	0	0
AF	0	0.720175	15	12	3	0	0	0	0
AF	0	0.720487	12	7	5	0	0	0	0
AF	0	0.720800	11	7	4	0	0	0	0
AF	0	0.721112	12	10	2	0	0	0	0
AF	0	0.721424	21	16	5	0	0	0	0
AF	0	0.721736	15	8	7	0	0	0	0
AF	0	0.722049	18	13	5	0	0	0	0
AF	0	0.722361	10	8	2	0	0	0	0
AF	0	0.722673	11	7	4	0	0	0	0
AF	0	0.722986	13	9	4	0	0	0	0
AF	0	0.723298	7	5	2	0	0	0	0
AF	0	0.723610	16	13	3	0	0	0	0
AF	0	0.723923	22	14	8	0	0	0	0
AF	0	0.724235	15	8	7	0	0	0	0
AF	0	0.724547	14	11	3	0	0	0	0
AF	0	0.724859	13	8	5	0	0	0	0
AF	0	0.725172	6	5	1	0	0	0	0
AF	0	0.725484	12	9	3	0	0	0	0
AF	0	0.725796	12	8	4	0	0	0	0
AF	0	0.726109	15	8	7	0	0	0	0
AF	0	0.726421	12	7	5	0	0	0	0
AF	0	0.726733	13	9	4	0	0	0	0
AF	0	0.727046	13	9	4	0	0	0	0
AF	0	0.727358	10	7	3	0	0	0	0
AF	0	0.727670	7	4	3	0	0	0	0
AF	0	0.727983	16	8	8	0	0	0	0
AF	0	0.728295	23	15	8	0	0	0	0
AF	0	0.728607	15	10	5	0	0	0	0
AF	0	0.728919	17	13	4	0	0	0	0
AF	0	0.729232	8	5	3	0	0	0	0
AF	0	0.729544	9	7	2	0	0	0	0
AF	0	0.729856	19	13	6	0	0	0	0
AF	0	0.730169	16	11	5	0	0	0	0
AF	0	0.730481	10	5	5	0	0	0	0
AF	0	0.730793	18	15	3	0	0	0	0
AF	0	0.731106	9	7	2	0	0	0	0
AF	0	0.731418	9	5	4	0	0	0	0
AF	0	0.731730	16	14	2	0	0	0	0
AF	0	0.732042	14	7	7	0	0	0	0
AF	0	0.732355	14	7	7	0	0	0	0
AF	0	0.732667	12	8	4	0	0	0	0
AF	0	0.732979	18	15	3	0	0	0	0
AF	0	0.733292	9	8	1	0	0	0	0
AF	0	0.733604	8	7	1	0	0	0	0
AF	0	0.733916	12	11	1	0	0	0	0
AF	0	0.734229	9	7	2	0	0	0	0
AF	0	0.734541	10	8	2	0	0	0	0
AF	0	0.734853	14	10	4	0	0	0	0
AF	0	0.735166	13	11	2	0	0	0	0
AF	0	0.735478	20	17	3	0	0	0	0
AF	0	0.735790	19	12	7	0	0	0	0
AF	0	0.736102	20	11	9	0	0	0	0
AF	0	0.736415	18	13	5	0	0	0	0
AF	0	0.736727	10	6	4	0	0	0	0
AF	0	0.737039	17	13	4	0	0	0	0
AF	0	0.737352	20	14	6	0	0	0	0
AF	0	0.737664	11	8	3	0	0	0	0
AF	0	0.737976	21	19	2	0	0	0	0
AF	0	0.738289	118	77	41	0	0	0	0
AF	0	0.738601	19	13	6	0	0	0	0
AF	0	0.738913	17	14	3	0	0	0	0
AF	0	0.739225	17	9	8	0	0	0	0
AF	0	0.739538	17	12	5	0	0	0	0
AF	0	0.739850	13	9	4	0	0	0	0
AF	0	0.740162	15	12	3	0	0	0	0
AF	0	0.740475	15	13	2	0	0	0	0
AF	0	0.740787	17	14	3	0	0	0	0
AF	0	0.741099	13	9	4	0	0	0	0
AF	0	0.741412	25	16	9	0	0	0	0
AF	0	0.741724	37	24	13	0	0	0	0
AF	0	0.742036	20	13	7	0	0	0	0
AF	0	0.742349	16	13	3	0	0	0	0
AF	0	0.742661	15	12	3	0	0	0	0
AF	0	0.742973	11	8	3	0	0	0	0
AF	0	0.743285	6	3	3	0	0	0	0
AF	0	0.743598	10	7	3	0	0	0	0
AF	0	0.743910	14	11	3	0	0	0	0
AF	0	0.744222	8	5	3	0	0	0	0
AF	0	0.744535	21	17	4	0	0	0	0
AF	0	0.744847	9	5	4	0	0	0	0
AF	0	0.745159	15	10	5	0	0	0	0
AF	0	0.745472	17	10	7	0	0	0	0
AF	0	0.745784	16	11	5	0	0	0	0
AF	0	0.746096	12	10	2	0	0	0	0
AF	0	0.746408	14	11	3	0	0	0	0
AF	0	0.746721	11	9	2	0	0	0	0
AF	0	0.747033	16	10	6	0	0	0	0
AF	0	0.747345	7	5	2	0	0	0	0
AF	0	0.747658	14	11	3	0	0	0	0
AF	0	0.747970	25	21	4	0	0	0	0
AF	0	0.748282	18	14	4	0	0	0	0
AF	0	0.748595	14	11	3	0	0	0	0
AF	0	0.748907	11	7	4	0	0	0	0
AF	0	0.749219	6	5	1	0	0	0	0
AF	0	0.749532	10	9	1	0	0	0	0
AF	0	0.749844	13	9	4	0	0	0	0
AF	0	0.750156	10	7	3	0	0	0	0
AF	0	0.750468	19	14	5	0	0	0	0
AF	0	0.750781	13	9	4	0	0	0	0
AF	0	0.751093	10	8	2	0	0	0	0
AF	0	0.751405	10	7	3	0	0	0	0
AF	0	0.751718	17	8	9	0	0	0	0
AF	0	0.752030	8	5	3	0	0	0	0
AF	0	0.752342	13	6	7	0	0	0	0
AF	0	0.752655	13	9	4	0	0	0	0
AF	0	0.752967	12	9	3	0	0	0	0
AF	0	0.753279	17	12	5	0	0	0	0
AF	0	0.753592	13	11	2	0	0	0	0
AF	0	0.753904	9	8	1	0	0	0	0
AF	0	0.754216	7	5	2	0	0	0	0
AF	0	0.754528	13	7	6	0	0	0	0
AF	0	0.754841	6	3	3	0	0	0	0
AF	0	0.755153	11	7	4	0	0	0	0
AF	0	0.755465	12	8	4	0	0	0	0
AF	0	0.755778	13	8	5	0	0	0	0
AF	0	0.756090	17	11	6	0	0	0	0
AF	0	0.756402	10	9	1	0	0	0	0
AF	0	0.756715	14	9	5	0	0	0	0
AF	0	0.757027	18	14	4	0	0	0	0
AF	0	0.757339	9	7	2	0	0	0	0
AF	0	0.757651	16	11	5	0	0	0	0
AF	0	0.757964	13	7	6	0	0	0	0
AF	0	0.758276	15	9	6	0	0	0	0
AF	0	0.758588	21	14	7	0	0	0	0
AF	0	0.758901	8	7	1	0	0	0	0
AF	0	0.759213	9	5	4	0	0	0	0
AF	0	0.759525	17	8	9	0	0	0	0
AF	0	0.759838	10	7	3	0	0	0	0
AF	0	0.760150	7	5	2	0	0	0	0
AF	0	0.760462	4	2	2	0	0	0	0
AF	0	0.760775	9	8	1	0	0	0	0
AF	0	0.761087	15	9	6	0	0	0	0
AF	0	0.761399	14	6	8	0	0	0	0
AF	0	0.761711	10	6	4	0	0	0	0
AF	0	0.762024	12	10	2	0	0	0	0
AF	0	0.762336	12	6	6	0	0	0	0
AF	0	0.762648	9	5	4	0	0	0	0
AF	0	0.762961	20	17	3	0	0	0	0
AF	0	0.763273	18	15	3	0	0	0	0
AF	0	0.763585	13	11	2	0	0	0	0
AF	0	0.763898	14	12	2	0	0	0	0
AF	0	0.764210	11	7	4	0	0	0	0
AF	0	0.764522	11	5	6	0	0	0	0
AF	0	0.764834	15	7	8	0	0	0	0
AF	0	0.765147	21	16	5	0	0	0	0
AF	0	0.765459	14	11	3	0	0	0	0
AF	0	0.765771	44	34	10	0	0	0	0
AF	0	0.766084	12	12	0	0	0	0	0
AF	0	0.766396	22	14	8	0	0	0	0
AF	0	0.766708	13	10	3	0	0	0	0
AF	0	0.767021	14	13	1	0	0	0	0
AF	0	0.767333	9	4	5	0	0	0	0
AF	0	0.767645	14	11	3	0	0	0	0
AF	0	0.767958	8	5	3	0	0	0	0
AF	0	0.768270	6	2	4	0	0	0	0
AF	0	0.768582	12	10	2	0	0	0	0
AF	0	0.768894	7	4	3	0	0	0	0
AF	0	0.769207	14	6	8	0	0	0	0
AF	0	0.769519	6	3	3	0	0	0	0
AF	0	0.769831	17	13	4	0	0	0	0
AF	0	0.770144	17	10	7	0	0	0	0
AF	0	0.770456	8	5	3	0	0	0	0
AF	0	0.770768	10	8	2	0	0	0	0
AF	0	0.771081	13	9	4	0	0	0	0
AF	0	0.771393	16	11	5	0	0	0	0
AF	0	0.771705	23	15	8	0	0	0	0
AF	0	0.772017	19	13	6	0	0	0	0
AF	0	0.772330	13	10	3	0	0	0	0
AF	0	0.772642	7	6	1	0	0	0	0
AF	0	0.772954	6	3	3	0	0	0	0
AF	0	0.773267	5	4	1	0	0	0	0
AF	0	0.773579	8	4	4	0	0	0	0
AF	0	0.773891	11	7	4	0	0	0	0
AF	0	0.774204	13	10	3	0	0	0	0
AF	0	0.774516	22	14	8	0	0	0	0
AF	0	0.774828	16	14	2	0	0	0	0
AF	0	0.775141	13	8	5	0	0	0	0
AF	0	0.775453	16	12	4	0	0	0	0
AF	0	0.775765	12	7	5	0	0	0	0
AF	0	0.776077	22	15	7	0	0	0	0
AF	0	0.776390	12	5	7	0	0	0	0
AF	0	0.776702	10	7	3	0	0	0	0
AF	0	0.777014	5	3	2	0	0	0	0
AF	0	0.777327	5	2	3	0	0	0	0
AF	0	0.777639	5	2	3	0	0	0	0
AF	0	0.777951	13	11	2	0	0	0	0
AF	0	0.778264	13	8	5	0	0	0	0
AF	0	0.778576	20	16	4	0	0	0	0
AF	0	0.778888	15	11	4	0	0	0	0
AF	0	0.779200	24	18	6	0	0	0	0
AF	0	0.779513	13	11	2	0	0	0	0
AF	0	0.779825	10	6	4	0	0	0	0
AF	0	0.780137	14	8	6	0	0	0	0
AF	0	0.780450	12	9	3	0	0	0	0
AF	0	0.780762	10	9	1	0	0	0	0
AF	0	0.781074	11	9	2	0	0	0	0
AF	0	0.781387	11	7	4	0	0	0	0
AF	0	0.781699	22	18	4	0	0	0	0
AF	0	0.782011	13	7	6	0	0	0	0
AF	0	0.782324	6	4	2	0	0	0	0
AF	0	0.782636	9	5	4	0	0	0	0
AF	0	0.782948	8	7	1	0	0	0	0
AF	0	0.783260	7	4	3	0	0	0	0
AF	0	0.783573	10	7	3	0	0	0	0
AF	0	0.783885	10	9	1	0	0	0	0
AF	0	0.784197	5	4	1	0	0	0	0
AF	0	0.784510	4	4	0	0	0	0	0
AF	0	0.784822	4	4	0	0	0	0	0
AF	0	0.785134	5	5	0	0	0	0	0
AF	0	0.785447	8	5	3	0	0	0	0
AF	0	0.785759	10	5	5	0	0	0	0
AF	0	0.786071	8	5	3	0	0	0	0
AF	0	0.786384	8	4	4	0	0	0	0
AF	0	0.786696	11	5	6	0	0	0	0
AF	0	0.787008	11	10	1	0	0	0	0
AF	0	0.787320	23	18	5	0	0	0	0
AF	0	0.787633	13	11	2	0	0	0	0
AF	0	0.787945	12	6	6	0	0	0	0
AF	0	0.788257	15	9	6	0	0	0	0
AF	0	0.788570	10	8	2	0	0	0	0
AF	0	0.788882	7	3	4	0	0	0	0
AF	0	0.789194	6	5	1	0	0	0	0
AF	0	0.789507	5	3	2	0	0	0	0
AF	0	0.789819	6	4	2	0	0	0	0
AF	0	0.790131	10	10	0	0	0	0	0
AF	0	0.790443	9	6	3	0	0	0	0
AF	0	0.790756	19	12	7	0	0	0	0
AF	0	0.791068	38	29	9	0	0	0	0
AF	0	0.791380	5	5	0	0	0	0	0
AF	0	0.791693	12	6	6	0	0	0	0
AF	0	0.792005	10	9	1	0	0	0	0
AF	0	0.792317	4	4	0	0	0	0	0
AF	0	0.792630	13	8	5	0	0	0	0
AF	0	0.792942	16	11	5	0	0	0	0
AF	0	0.793254	12	6	6	0	0	0	0
AF	0	0.793567	13	8	5	0	0	0	0
AF	0	0.793879	6	4	2	0	0	0	0
AF	0	0.794191	9	8	1	0	0	0	0
AF	0	0.794503	13	10	3	0	0	0	0
AF	0	0.794816	13	5	8	0	0	0	0
AF	0	0.795128	13	8	5	0	0	0	0
AF	0	0.795440	8	4	4	0	0	0	0
AF	0	0.795753	12	9	3	0	0	0	0
AF	0	0.796065	31	20	11	0	0	0	0
AF	0	0.796377	22	17	5	0	0	0	0
AF	0	0.796690	12	10	2	0	0	0	0
AF	0	0.797002	5	5	0	0	0	0	0
AF	0	0.797314	16	8	8	0	0	0	0
AF	0	0.797626	6	3	3	0	0	0	0
AF	0	0.797939	17	11	6	0	0	0	0
AF	0	0.798251	9	5	4	0	0	0	0
AF	0	0.798563	8	7	1	0	0	0	0
AF	0	0.798876	28	20	8	0	0	0	0
AF	0	0.799188	17	10	7	0	0	0	0
AF	0	0.799500	18	13	5	0	0	0	0
AF	0	0.799813	20	13	7	0	0	0	0
AF	0	0.800125	23	17	6	0	0	0	0
AF	0	0.800437	16	11	5	0	0	0	0
AF	0	0.800750	13	7	6	0	0	0	0
AF	0	0.801062	8	6	2	0	0	0	0
AF	0	0.801374	10	8	2	0	0	0	0
AF	0	0.801686	16	11	5	0	0	0	0
AF	0	0.801999	6	5	1	0	0	0	0
AF	0	0.802311	13	10	3	0	0	0	0
AF	0	0.802623	8	6	2	0	0	0	0
AF	0	0.802936	12	9	3	0	0	0	0
AF	0	0.803248	13	11	2	0	0	0	0
AF	0	0.803560	14	5	9	0	0	0	0
AF	0	0.803873	9	4	5	0	0	0	0
AF	0	0.804185	12	8	4	0	0	0	0
AF	0	0.804497	8	8	0	0	0	0	0
AF	0	0.804809	10	8	2	0	0	0	0
AF	0	0.805122	23	16	7	0	0	0	0
AF	0	0.805434	16	11	5	0	0	0	0
AF	0	0.805746	13	7	6	0	0	0	0
AF	0	0.806059	14	12	2	0	0	0	0
AF	0	0.806371	14	9	5	0	0	0	0
AF	0	0.806683	17	13	4	0	0	0	0
AF	0	0.806996	10	8	2	0	0	0	0
AF	0	0.807308	12	7	5	0	0	0	0
AF	0	0.807620	5	5	0	0	0	0	0
AF	0	0.807933	13	7	6	0	0	0	0
AF	0	0.808245	11	7	4	0	0	0	0
AF	0	0.808557	9	6	3	0	0	0	0
AF	0	0.808869	9	8	1	0	0	0	0
AF	0	0.809182	8	6	2	0	0	0	0
AF	0	0.809494	9	3	6	0	0	0	0
AF	0	0.809806	6	3	3	0	0	0	0
AF	0	0.810119	10	9	1	0	0	0	0
AF	0	0.810431	7	2	5	0	0	0	0
AF	0	0.810743	9	7	2	0	0	0	0
AF	0	0.811056	14	9	5	0	0	0	0
AF	0	0.811368	7	4	3	0	0	0	0
AF	0	0.811680	7	7	0	0	0	0	0
AF	0	0.811993	18	9	9	0	0	0	0
AF	0	0.812305	13	9	4	0	0	0	0
AF	0	0.812617	25	21	4	0	0	0	0
AF	0	0.812929	20	14	6	0	0	0	0
AF	0	0.813242	10	7	3	0	0	0	0
AF	0	0.813554	8	7	1	0	0	0	0
AF	0	0.813866	12	8	4	0	0	0	0
AF	0	0.814179	11	10	1	0	0	0	0
AF	0	0.814491	15	10	5	0	0	0	0
AF	0	0.814803	5	4	1	0	0	0	0
AF	0	0.815116	8	8	0	0	0	0	0
AF	0	0.815428	8	5	3	0	0	0	0
AF	0	0.815740	11	7	4	0	0	0	0
AF	0	0.816052	9	7	2	0	0	0	0
AF	0	0.816365	14	10	4	0	0	0	0
AF	0	0.816677	9	3	6	0	0	0	0
AF	0	0.816989	11	9	2	0	0	0	0
AF	0	0.817302	8	4	4	0	0	0	0
AF	0	0.817614	13	5	8	0	0	0	0
AF	0	0.817926	10	7	3	0	0	0	0
AF	0	0.818239	11	6	5	0	0	0	0
AF	0	0.818551	16	15	1	0	0	0	0
AF	0	0.818863	20	17	3	0	0	0	0
AF	0	0.819176	13	10	3	0	0	0	0
AF	0	0.819488	16	11	5	0	0	0	0
AF	0	0.819800	12	8	4	0	0	0	0
AF	0	0.820112	10	7	3	0	0	0	0
AF	0	0.820425	8	6	2	0	0	0	0
AF	0	0.820737	10	10	0	0	0	0	0
AF	0	0.821049	10	9	1	0	0	0	0
AF	0	0.821362	17	13	4	0	0	0	0
AF	0	0.821674	19	15	4	0	0	0	0
AF	0	0.821986	14	11	3	0	0	0	0
AF	0	0.822299	6	5	1	0	0	0	0
AF	0	0.822611	8	7	1	0	0	0	0
AF	0	0.822923	7	3	4	0	0	0	0
AF	0	0.823235	10	7	3	0	0	0	0
AF	0	0.823548	15	11	4	0	0	0	0
AF	0	0.823860	14	9	5	0	0	0	0
AF	0	0.824172	16	13	3	0	0	0	0
AF	0	0.824485	18	15	3	0	0	0	0
AF	0	0.824797	15	11	4	0	0	0	0
AF	0	0.825109	10	7	3	0	0	0	0
AF	0	0.825422	11	8	3	0	0	0	0
AF	0	0.825734	16	13	3	0	0	0	0
AF	0	0.826046	12	9	3	0	0	0	0
AF	0	0.826359	14	12	2	0	0	0	0
AF	0	0.826671	17	10	7	0	0	0	0
AF	0	0.826983	14	7	7	0	0	0	0
AF	0	0.827295	10	7	3	0	0	0	0
AF	0	0.827608	12	9	3	0	0	0	0
AF	0	0.827920	12	9	3	0	0	0	0
AF	0	0.828232	15	14	1	0	0	0	0
AF	0	0.828545	12	9	3	0	0	0	0
AF	0	0.828857	11	5	6	0	0	0	0
AF	0	0.829169	6	4	2	0	0	0	0
AF	0	0.829482	13	10	3	0	0	0	0
AF	0	0.829794	6	4	2	0	0	0	0
AF	0	0.830106	15	13	2	0	0	0	0
AF	0	0.830418	9	5	4	0	0	0	0
AF	0	0.830731	15	13	2	0	0	0	0
AF	0	0.831043	10	8	2	0	0	0	0
AF	0	0.831355	12	8	4	0	0	0	0
AF	0	0.831668	14	11	3	0	0	0	0
AF	0	0.831980	9	6	3	0	0	0	0
AF	0	0.832292	8	4	4	0	0	0	0
AF	0	0.832605	8	7	1	0	0	0	0
AF	0	0.832917	7	4	3	0	0	0	0
AF	0	0.833229	11	5	6	0	0	0	0
AF	0	0.833542	16	12	4	0	0	0	0
AF	0	0.833854	21	16	5	0	0	0	0
AF	0	0.834166	12	7	5	0	0	0	0
AF	0	0.834478	7	7	0	0	0	0	0
AF	0	0.834791	7	5	2	0	0	0	0
AF	0	0.835103	13	8	5	0	0	0	0
AF	0	0.835415	18	14	4	0	0	0	0
AF	0	0.835728	18	15	3	0	0	0	0
AF	0	0.836040	20	16	4	0	0	0	0
AF	0	0.836352	29	20	9	0	0	0	0
AF	0	0.836665	16	10	6	0	0	0	0
AF	0	0.836977	13	9	4	0	0	0	0
AF	0	0.837289	15	10	5	0	0	0	0
AF	0	0.837601	9	4	5	0	0	0	0
AF	0	0.837914	13	8	5	0	0	0	0
AF	0	0.838226	10	7	3	0	0	0	0
AF	0	0.838538	10	6	4	0	0	0	0
AF	0	0.838851	7	6	1	0	0	0	0
AF	0	0.839163	13	11	2	0	0	0	0
AF	0	0.839475	9	6	3	0	0	0	0
AF	0	0.839788	12	8	4	0	0	0	0
AF	0	0.840100	12	8	4	0	0	0	0
AF	0	0.840412	12	6	6	0	0	0	0
AF	0	0.840725	7	5	2	0	0	0	0
AF	0	0.841037	15	14	1	0	0	0	0
AF	0	0.841349	14	10	4	0	0	0	0
AF	0	0.841661	5	4	1	0	0	0	0
AF	0	0.841974	12	10	2	0	0	0	0
AF	0	0.842286	12	9	3	0	0	0	0
AF	0	0.842598	15	10	5	0	0	0	0
AF	0	0.842911	8	5	3	0	0	0	0
AF	0	0.843223	18	15	3	0	0	0	0
AF	0	0.843535	17	14	3	0	0	0	0
AF	0	0.843848	11	5	6	0	0	0	0
AF	0	0.844160	23	16	7	0	0	0	0
AF	0	0.844472	19	18	1	0	0	0	0
AF	0	0.844785	11	5	6	0	0	0	0
AF	0	0.845097	12	11	1	0	0	0	0
AF	0	0.845409	14	8	6	0	0	0	0
AF	0	0.845721	24	18	6	0	0	0	0
AF	0	0.846034	24	20	4	0	0	0	0
AF	0	0.846346	10	5	5	0	0	0	0
AF	0	0.846658	7	5	2	0	0	0	0
AF	0	0.846971	15	12	3	0	0	0	0
AF	0	0.847283	16	10	6	0	0	0	0
AF	0	0.847595	7	4	3	0	0	0	0
AF	0	0.847908	16	14	2	0	0	0	0
AF	0	0.848220	16	11	5	0	0	0	0
AF	0	0.848532	7	6	1	0	0	0	0
AF	0	0.848844	10	5	5	0	0	0	0
AF	0	0.849157	5	4	1	0	0	0	0
AF	0	0.849469	9	7	2	0	0	0	0
AF	0	0.849781	7	5	2	0	0	0	0
AF	0	0.850094	20	16	4	0	0	0	0
AF	0	0.850406	9	5	4	0	0	0	0
AF	0	0.850718	10	7	3	0	0	0	0
AF	0	0.851031	13	8	5	0	0	0	0
AF	0	0.851343	5	4	1	0	0	0	0
AF	0	0.851655	14	9	5	0	0	0	0
AF	0	0.851968	14	12	2	0	0	0	0
AF	0	0.852280	23	18	5	0	0	0	0
AF	0	0.852592	19	12	7	0	0	0	0
AF	0	0.852904	13	12	1	0	0	0	0
AF	0	0.853217	12	10	2	0	0	0	0
AF	0	0.853529	7	4	3	0	0	0	0
AF	0	0.853841	5	5	0	0	0	0	0
AF	0	0.854154	10	7	3	0	0	0	0
AF	0	0.854466	5	4	1	0	0	0	0
AF	0	0.854778	19	14	5	0	0	0	0
AF	0	0.855091	9	7	2	0	0	0	0
AF	0	0.855403	12	10	2	0	0	0	0
AF	0	0.855715	10	9	1	0	0	0	0
AF	0	0.856027	12	12	0	0	0	0	0
AF	0	0.856340	14	9	5	0	0	0	0
AF	0	0.856652	8	5	3	0	0	0	0
AF	0	0.856964	9	6	3	0	0	0	0
AF	0	0.857277	13	11	2	0	0	0	0
AF	0	0.857589	15	10	5	0	0	0	0
AF	0	0.857901	12	8	4	0	0	0	0
AF	0	0.858214	20	14	6	0	0	0	0
AF	0	0.858526	14	8	6	0	0	0	0
AF	0	0.858838	20	16	4	0	0	0	0
AF	0	0.859151	6	4	2	0	0	0	0
AF	0	0.859463	12	8	4	0	0	0	0
AF	0	0.859775	13	11	2	0	0	0	0
AF	0	0.860087	8	7	1	0	0	0	0
AF	0	0.860400	8	7	1	0	0	0	0
AF	0	0.860712	4	2	2	0	0	0	0
AF	0	0.861024	16	10	6	0	0	0	0
AF	0	0.861337	6	3	3	0	0	0	0
AF	0	0.861649	13	9	4	0	0	0	0
AF	0	0.861961	13	10	3	0	0	0	0
AF	0	0.862274	7	6	1	0	0	0	0
AF	0	0.862586	10	5	5	0	0	0	0
AF	0	0.862898	16	15	1	0	0	0	0
AF	0	0.863210	12	8	4	0	0	0	0
AF	0	0.863523	15	9	6	0	0	0	0
AF	0	0.863835	9	7	2	0	0	0	0
AF	0	0.864147	7	5	2	0	0	0	0
AF	0	0.864460	9	3	6	0	0	0	0
AF	0	0.864772	9	3	6	0	0	0	0
AF	0	0.865084	15	11	4	0	0	0	0
AF	0	0.865397	5	4	1	0	0	0	0
AF	0	0.865709	9	7	2	0	0	0	0
AF	0	0.866021	15	10	5	0	0	0	0
AF	0	0.866334	21	13	8	0	0	0	0
AF	0	0.866646	17	11	6	0	0	0	0
AF	0	0.866958	26	15	11	0	0	0	0
AF	0	0.867270	17	11	6	0	0	0	0
AF	0	0.867583	26	15	11	0	0	0	0
AF	0	0.867895	19	13	6	0	0	0	0
AF	0	0.868207	21	14	7	0	0	0	0
AF	0	0.868520	22	15	7	0	0	0	0
AF	0	0.868832	22	15	7	0	0	0	0
AF	0	0.869144	14	11	3	0	0	0	0
AF	0	0.869457	15	10	5	0	0	0	0
AF	0	0.869769	10	5	5	0	0	0	0
AF	0	0.870081	12	10	2	0	0	0	0
AF	0	0.870394	15	14	1	0	0	0	0
AF	0	0.870706	10	8	2	0	0	0	0
AF	0	0.871018	11	8	3	0	0	0	0
AF	0	0.871330	7	5	2	0	0	0	0
AF	0	0.871643	12	6	6	0	0	0	0
AF	0	0.871955	6	3	3	0	0	0	0
AF	0	0.872267	12	10	2	0	0	0	0
AF	0	0.872580	19	13	6	0	0	0	0
AF	0	0.872892	14	8	6	0	0	0	0
AF	0	0.873204	7	4	3	0	0	0	0
AF	0	0.873517	10	7	3	0	0	0	0
AF	0	0.873829	12	11	1	0	0	0	0
AF	0	0.874141	10	6	4	0	0	0	0
AF	0	0.874453	12	5	7	0	0	0	0
AF	0	0.874766	6	2	4	0	0	0	0
AF	0	0.875078	14	9	5	0	0	0	0
AF	0	0.875390	4	3	1	0	0	0	0
AF	0	0.875703	10	7	3	0	0	0	0
AF	0	0.876015	12	8	4	0	0	0	0
AF	0	0.876327	19	14	5	0	0	0	0
AF	0	0.876640	22	14	8	0	0	0	0
AF	0	0.876952	10	6	4	0	0	0	0
AF	0	0.877264	10	6	4	0	0	0	0
AF	0	0.877577	13	10	3	0	0	0	0
AF	0	0.877889	13	7	6	0	0	0	0
AF	0	0.878201	7	7	0	0	0	0	0
AF	0	0.878513	11	5	6	0	0	0	0
AF	0	0.878826	11	10	1	0	0	0	0
AF	0	0.879138	17	12	5	0	0	0	0
AF	0	0.879450	14	10	4	0	0	0	0
AF	0	0.879763	25	15	10	0	0	0	0
AF	0	0.880075	12	7	5	0	0	0	0
AF	0	0.880387	5	4	1	0	0	0	0
AF	0	0.880700	7	5	2	0	0	0	0
AF	0	0.881012	10	8	2	0	0	0	0
AF	0	0.881324	10	6	4	0	0	0	0
AF	0	0.881636	14	10	4	0	0	0	0
AF	0	0.881949	11	8	3	0	0	0	0
AF	0	0.882261	13	11	2	0	0	0	0
AF	0	0.882573	8	6	2	0	0	0	0
AF	0	0.882886	15	10	5	0	0	0	0
AF	0	0.883198	6	4	2	0	0	0	0
AF	0	0.883510	8	3	5	0	0	0	0
AF	0	0.883823	10	9	1	0	0	0	0
AF	0	0.884135	6	6	0	0	0	0	0
AF	0	0.884447	8	5	3	0	0	0	0
AF	0	0.884760	7	4	3	0	0	0	0
AF	0	0.885072	6	4	2	0	0	0	0
AF	0	0.885384	9	5	4	0	0	0	0
AF	0	0.885696	10	8	2	0	0	0	0
AF	0	0.886009	6	2	4	0	0	0	0
AF	0	0.886321	11	7	4	0	0	0	0
AF	0	0.886633	8	6	2	0	0	0	0
AF	0	0.886946	16	11	5	0	0	0	0
AF	0	0.887258	11	7	4	0	0	0	0
AF	0	0.887570	15	13	2	0	0	0	0
AF	0	0.887883	7	5	2	0	0	0	0
AF	0	0.888195	3	2	1	0	0	0	0
AF	0	0.888507	8	5	3	0	0	0	0
AF	0	0.888819	7	4	3	0	0	0	0
AF	0	0.889132	7	3	4	0	0	0	0
AF	0	0.889444	9	6	3	0	0	0	0
AF	0	0.889756	9	4	5	0	0	0	0
AF	0	0.890069	4	1	3	0	0	0	0
AF	0	0.890381	8	5	3	0	0	0	0
AF	0	0.890693	13	9	4	0	0	0	0
AF	0	0.891006	8	7	1	0	0	0	0
AF	0	0.891318	10	6	4	0	0	0	0
AF	0	0.891630	9	7	2	0	0	0	0
AF	0	0.891943	6	4	2	0	0	0	0
AF	0	0.892255	13	9	4	0	0	0	0
AF	0	0.892567	7	7	0	0	0	0	0
AF	0	0.892879	19	11	8	0	0	0	0
AF	0	0.893192	7	7	0	0	0	0	0
AF	0	0.893504	11	7	4	0	0	0	0
AF	0	0.893816	10	9	1	0	0	0	0
AF	0	0.894129	8	5	3	0	0	0	0
AF	0	0.894441	9	3	6	0	0	0	0
AF	0	0.894753	13	7	6	0	0	0	0
AF	0	0.895066	9	7	2	0	0	0	0
AF	0	0.895378	11	8	3	0	0	0	0
AF	0	0.895690	9	8	1	0	0	0	0
AF	0	0.896002	6	5	1	0	0	0	0
AF	0	0.896315	4	2	2	0	0	0	0
AF	0	0.896627	2	2	0	0	0	0	0
AF	0	0.896939	8	7	1	0	0	0	0
AF	0	0.897252	6	3	3	0	0	0	0
AF	0	0.897564	8	7	1	0	0	0	0
AF	0	0.897876	5	4	1	0	0	0	0
AF	0	0.898189	9	9	0	0	0	0	0
AF	0	0.898501	10	4	6	0	0	0	0
AF	0	0.898813	11	8	3	0	0	0	0
AF	0	0.899126	2	0	2	0	0	0	0
AF	0	0.899438	8	4	4	0	0	0	0
AF	0	0.899750	7	4	3	0	0	0	0
AF	0	0.900062	8	6	2	0	0	0	0
AF	0	0.900375	11	4	7	0	0	0	0
AF	0	0.900687	6	5	1	0	0	0	0
AF	0	0.900999	10	7	3	0	0	0	0
AF	0	0.901312	3	2	1	0	0	0	0
AF	0	0.901624	6	3	3	0	0	0	0
AF	0	0.901936	4	1	3	0	0	0	0
AF	0	0.902249	9	6	3	0	0	0	0
AF	0	0.902561	11	8	3	0	0	0	0
AF	0	0.902873	4	3	1	0	0	0	0
AF	0	0.903186	8	7	1	0	0	0	0
AF	0	0.903498	13	9	4	0	0	0	0
AF	0	0.903810	11	7	4	0	0	0	0
AF	0	0.904122	4	2	2	0	0	0	0
AF	0	0.904435	10	10	0	0	0	0	0
AF	0	0.904747	7	5	2	0	0	0	0
AF	0	0.905059	19	14	5	0	0	0	0
AF	0	0.905372	6	4	2	0	0	0	0
AF	0	0.905684	6	6	0	0	0	0	0
AF	0	0.905996	21	11	10	0	0	0	0
AF	0	0.906309	17	10	7	0	0	0	0
AF	0	0.906621	5	5	0	0	0	0	0
AF	0	0.906933	16	10	6	0	0	0	0
AF	0	0.907245	6	6	0	0	0	0	0
AF	0	0.907558	7	2	5	0	0	0	0
AF	0	0.907870	12	9	3	0	0	0	0
AF	0	0.908182	11	7	4	0	0	0	0
AF	0	0.908495	20	14	6	0	0	0	0
AF	0	0.908807	12	6	6	0	0	0	0
AF	0	0.909119	17	9	8	0	0	0	0
AF	0	0.909432	9	6	3	0	0	0	0
AF	0	0.909744	4	4	0	0	0	0	0
AF	0	0.910056	9	8	1	0	0	0	0
AF	0	0.910369	8	7	1	0	0	0	0
AF	0	0.910681	3	0	3	0	0	0	0
AF	0	0.910993	8	6	2	0	0	0	0
AF	0	0.911305	5	5	0	0	0	0	0
AF	0	0.911618	6	1	5	0	0	0	0
AF	0	0.911930	7	6	1	0	0	0	0
AF	0	0.912242	8	5	3	0	0	0	0
AF	0	0.912555	6	5	1	0	0	0	0
AF	0	0.912867	11	8	3	0	0	0	0
AF	0	0.913179	7	4	3	0	0	0	0
AF	0	0.913492	9	8	1	0	0	0	0
AF	0	0.913804	5	3	2	0	0	0	0
AF	0	0.914116	11	8	3	0	0	0	0
AF	0	0.914428	20	15	5	0	0	0	0
AF	0	0.914741	3	2	1	0	0	0	0
AF	0	0.915053	3	2	1	0	0	0	0
AF	0	0.915365	10	8	2	0	0	0	0
AF	0	0.915678	4	4	0	0	0	0	0
AF	0	0.915990	13	10	3	0	0	0	0
AF	0	0.916302	12	11	1	0	0	0	0
AF	0	0.916615	7	6	1	0	0	0	0
AF	0	0.916927	7	4	3	0	0	0	0
AF	0	0.917239	6	4	2	0	0	0	0
AF	0	0.917552	12	9	3	0	0	0	0
AF	0	0.917864	9	5	4	0	0	0	0
AF	0	0.918176	10	7	3	0	0	0	0
AF	0	0.918488	15	12	3	0	0	0	0
AF	0	0.918801	20	14	6	0	0	0	0
AF	0	0.919113	15	12	3	0	0	0	0
AF	0	0.919425	8	5	3	0	0	0	0
AF	0	0.919738	8	6	2	0	0	0	0
AF	0	0.920050	11	9	2	0	0	0	0
AF	0	0.920362	12	7	5	0	0	0	0
AF	0	0.920675	16	12	4	0	0	0	0
AF	0	0.920987	9	8	1	0	0	0	0
AF	0	0.921299	4	3	1	0	0	0	0
AF	0	0.921611	5	3	2	0	0	0	0
AF	0	0.921924	13	8	5	0	0	0	0
AF	0	0.922236	14	11	3	0	0	0	0
AF	0	0.922548	10	7	3	0	0	0	0
AF	0	0.922861	15	10	5	0	0	0	0
AF	0	0.923173	8	6	2	0	0	0	0
AF	0	0.923485	9	5	4	0	0	0	0
AF	0	0.923798	15	11	4	0	0	0	0
AF	0	0.924110	1	0	1	0	0	0	0
AF	0	0.924422	8	7	1	0	0	0	0
AF	0	0.924735	4	3	1	0	0	0	0
AF	0	0.925047	7	7	0	0	0	0	0
AF	0	0.925359	5	4	1	0	0	0	0
AF	0	0.925671	11	8	3	0	0	0	0
AF	0	0.925984	7	5	2	0	0	0	0
AF	0	0.926296	4	3	1	0	0	0	0
AF	0	0.926608	6	4	2	0	0	0	0
AF	0	0.926921	6	3	3	0	0	0	0
AF	0	0.927233	9	5	4	0	0	0	0
AF	0	0.927545	8	6	2	0	0	0	0
AF	0	0.927858	5	3	2	0	0	0	0
AF	0	0.928170	5	4	1	0	0	0	0
AF	0	0.928482	3	2	1	0	0	0	0
AF	0	0.928795	8	4	4	0	0	0	0
AF	0	0.929107	15	10	5	0	0	0	0
AF	0	0.929419	10	6	4	0	0	0	0
AF	0	0.929731	7	4	3	0	0	0	0
AF	0	0.930044	5	2	3	0	0	0	0
AF	0	0.930356	11	9	2	0	0	0	0
AF	0	0.930668	6	3	3	0	0	0	0
AF	0	0.930981	8	7	1	0	0	0	0
AF	0	0.931293	5	1	4	0	0	0	0
AF	0	0.931605	10	9	1	0	0	0	0
AF	0	0.931918	15	15	0	0	0	0	0
AF	0	0.932230	5	5	0	0	0	0	0
AF	0	0.932542	14	11	3	0	0	0	0
AF	0	0.932854	6	5	1	0	0	0	0
AF	0	0.933167	8	6	2	0	0	0	0
AF	0	0.933479	4	2	2	0	0	0	0
AF	0	0.933791	15	12	3	0	0	0	0
AF	0	0.934104	7	5	2	0	0	0	0
AF	0	0.934416	7	5	2	0	0	0	0
AF	0	0.934728	13	9	4	0	0	0	0
AF	0	0.935041	11	7	4	0	0	0	0
AF	0	0.935353	6	3	3	0	0	0	0
AF	0	0.935665	6	5	1	0	0	0	0
AF	0	0.935978	8	5	3	0	0	0	0
AF	0	0.936290	15	12	3	0	0	0	0
AF	0	0.936602	13	4	9	0	0	0	0
AF	0	0.936914	5	4	1	0	0	0	0
AF	0	0.937227	19	12	7	0	0	0	0
AF	0	0.937539	20	19	1	0	0	0	0
AF	0	0.937851	9	8	1	0	0	0	0
AF	0	0.938164	12	7	5	0	0	0	0
AF	0	0.938476	12	10	2	0	0	0	0
AF	0	0.938788	10	5	5	0	0	0	0
AF	0	0.939101	11	5	6	0	0	0	0
AF	0	0.939413	12	8	4	0	0	0	0
AF	0	0.939725	9	4	5	0	0	0	0
AF	0	0.940037	6	2	4	0	0	0	0
AF	0	0.940350	8	5	3	0	0	0	0
AF	0	0.940662	9	9	0	0	0	0	0
AF	0	0.940974	7	4	3	0	0	0	0
AF	0	0.941287	8	5	3	0	0	0	0
AF	0	0.941599	15	11	4	0	0	0	0
AF	0	0.941911	7	7	0	0	0	0	0
AF	0	0.942224	15	10	5	0	0	0	0
AF	0	0.942536	3	3	0	0	0	0	0
AF	0	0.942848	4	3	1	0	0	0	0
AF	0	0.943161	2	1	1	0	0	0	0
AF	0	0.943473	14	12	2	0	0	0	0
AF	0	0.943785	5	2	3	0	0	0	0
AF	0	0.944097	9	6	3	0	0	0	0
AF	0	0.944410	12	9	3	0	0	0	0
AF	0	0.944722	13	10	3	0	0	0	0
AF	0	0.945034	13	9	4	0	0	0	0
AF	0	0.945347	7	7	0	0	0	0	0
AF	0	0.945659	3	0	3	0	0	0	0
AF	0	0.945971	4	4	0	0	0	0	0
AF	0	0.946284	11	10	1	0	0	0	0
AF	0	0.946596	14	10	4	0	0	0	0
AF	0	0.946908	8	8	0	0	0	0	0
AF	0	0.947220	6	5	1	0	0	0	0
AF	0	0.947533	12	11	1	0	0	0	0
AF	0	0.947845	7	5	2	0	0	0	0
AF	0	0.948157	2	2	0	0	0	0	0
AF	0	0.948470	14	10	4	0	0	0	0
AF	0	0.948782	15	13	2	0	0	0	0
AF	0	0.949094	15	10	5	0	0	0	0
AF	0	0.949407	18	10	8	0	0	0	0
AF	0	0.949719	29	20	9	0	0	0	0
AF	0	0.950031	9	9	0	0	0	0	0
AF	0	0.950344	5	3	2	0	0	0	0
AF	0	0.950656	11	10	1	0	0	0	0
AF	0	0.950968	4	3	1	0	0	0	0
AF	0	0.951280	1	1	0	0	0	0	0
AF	0	0.951593	5	2	3	0	0	0	0
AF	0	0.951905	4	2	2	0	0	0	0
AF	0	0.952217	6	4	2	0	0	0	0
AF	0	0.952530	11	9	2	0	0	0	0
AF	0	0.952842	4	2	2	0	0	0	0
AF	0	0.953154	6	6	0	0	0	0	0
AF	0	0.953467	9	7	2	0	0	0	0
AF	0	0.953779	8	7	1	0	0	0	0
AF	0	0.954091	11	6	5	0	0	0	0
AF	0	0.954403	6	5	1	0	0	0	0
AF	0	0.954716	2	2	0	0	0	0	0
AF	0	0.955028	4	2	2	0	0	0	0
AF	0	0.955340	7	5	2	0	0	0	0
AF	0	0.955653	21	18	3	0	0	0	0
AF	0	0.955965	6	6	0	0	0	0	0
AF	0	0.956277	2	2	0	0	0	0	0
AF	0	0.956590	10	2	8	0	0	0	0
AF	0	0.956902	7	5	2	0	0	0	0
AF	0	0.957214	6	5	1	0	0	0	0
AF	0	0.957527	9	4	5	0	0	0	0
AF	0	0.957839	4	3	1	0	0	0	0
AF	0	0.958151	6	4	2	0	0	0	0
AF	0	0.958463	7	4	3	0	0	0	0
AF	0	0.958776	8	4	4	0	0	0	0
AF	0	0.959088	9	6	3	0	0	0	0
AF	0	0.959400	11	8	3	0	0	0	0
AF	0	0.959713	9	8	1	0	0	0	0
AF	0	0.960025	7	4	3	0	0	0	0
AF	0	0.960337	5	2	3	0	0	0	0
AF	0	0.960650	8	5	3	0	0	0	0
AF	0	0.960962	5	2	3	0	0	0	0
AF	0	0.961274	4	1	3	0	0	0	0
AF	0	0.961587	4	2	2	0	0	0	0
AF	0	0.961899	7	4	3	0	0	0	0
AF	0	0.962211	1	0	1	0	0	0	0
AF	0	0.962523	6	3	3	0	0	0	0
AF	0	0.962836	4	1	3	0	0	0	0
AF	0	0.963148	9	7	2	0	0	0	0
AF	0	0.963460	9	7	2	0	0	0	0
AF	0	0.963773	7	5	2	0	0	0	0
AF	0	0.964085	2	2	0	0	0	0	0
AF	0	0.964397	3	3	0	0	0	0	0
AF	0	0.964710	3	2	1	0	0	0	0
AF	0	0.965022	3	3	0	0	0	0	0
AF	0	0.965334	5	5	0	0	0	0	0
AF	0	0.965646	7	4	3	0	0	0	0
AF	0	0.965959	3	3	0	0	0	0	0
AF	0	0.966271	2	1	1	0	0	0	0
AF	0	0.966583	8	5	3	0	0	0	0
AF	0	0.966896	7	5	2	0	0	0	0
AF	0	0.967208	1	1	0	0	0	0	0
AF	0	0.967520	2	1	1	0	0	0	0
AF	0	0.967833	2	1	1	0	0	0	0
AF	0	0.968145	6	3	3	0	0	0	0
AF	0	0.968457	12	9	3	0	0	0	0
AF	0	0.968770	5	5	0	0	0	0	0
AF	0	0.969082	2	1	1	0	0	0	0
AF	0	0.969394	6	4	2	0	0	0	0
AF	0	0.969706	5	5	0	0	0	0	0
AF	0	0.970019	3	3	0	0	0	0	0
AF	0	0.970331	4	2	2	0	0	0	0
AF	0	0.970643	7	6	1	0	0	0	0
AF	0	0.970956	5	4	1	0	0	0	0
AF	0	0.971268	3	2	1	0	0	0	0
AF	0	0.971580	6	1	5	0	0	0	0
AF	0	0.971893	6	6	0	0	0	0	0
AF	0	0.972205	7	5	2	0	0	0	0
AF	0	0.972517	4	3	1	0	0	0	0
AF	0	0.972829	6	3	3	0	0	0	0
AF	0	0.973142	6	4	2	0	0	0	0
AF	0	0.973454	4	3	1	0	0	0	0
AF	0	0.973766	10	5	5	0	0	0	0
AF	0	0.974079	13	7	6	0	0	0	0
AF	0	0.974391	5	4	1	0	0	0	0
AF	0	0.974703	6	4	2	0	0	0	0
AF	0	0.975016	2	0	2	0	0	0	0
AF	0	0.975328	4	3	1	0	0	0	0
AF	0	0.975640	4	2	2	0	0	0	0
AF	0	0.975953	6	4	2	0	0	0	0
AF	0	0.976265	8	7	1	0	0	0	0
AF	0	0.976889	12	11	1	0	0	0	0
AF	0	0.977202	7	7	0	0	0	0	0
AF	0	0.977514	8	8	0	0	0	0	0
AF	0	0.977826	5	3	2	0	0	0	0
AF	0	0.978139	5	4	1	0	0	0	0
AF	0	0.978451	6	4	2	0	0	0	0
AF	0	0.979076	3	2	1	0	0	0	0
AF	0	0.979388	5	4	1	0	0	0	0
AF	0	0.979700	3	2	1	0	0	0	0
AF	0	0.980012	5	3	2	0	0	0	0
AF	0	0.980325	13	9	4	0	0	0	0
AF	0	0.980637	8	8	0	0	0	0	0
AF	0	0.980949	9	3	6	0	0	0	0
AF	0	0.981262	13	9	4	0	0	0	0
AF	0	0.981574	15	8	7	0	0	0	0
AF	0	0.981886	23	15	8	0	0	0	0
AF	0	0.982199	29	18	11	0	0	0	0
AF	0	0.982511	3	1	2	0	0	0	0
AF	0	0.982823	5	4	1	0	0	0	0
AF	0	0.983136	10	7	3	0	0	0	0
AF	0	0.983448	11	8	3	0	0	0	0
AF	0	0.983760	6	6	0	0	0	0	0
AF	0	0.984072	7	4	3	0	0	0	0
AF	0	0.984385	3	2	1	0	0	0	0
AF	0	0.984697	15	9	6	0	0	0	0
AF	0	0.985009	7	5	2	0	0	0	0
AF	0	0.985322	10	9	1	0	0	0	0
AF	0	0.985634	10	7	3	0	0	0	0
AF	0	0.985946	13	4	9	0	0	0	0
AF	0	0.986259	9	5	4	0	0	0	0
AF	0	0.986571	5	4	1	0	0	0	0
AF	0	0.986883	15	12	3	0	0	0	0
AF	0	0.987196	6	5	1	0	0	0	0
AF	0	0.987508	8	5	3	0	0	0	0
AF	0	0.987820	12	10	2	0	0	0	0
AF	0	0.988132	7	3	4	0	0	0	0
AF	0	0.988445	9	6	3	0	0	0	0
AF	0	0.988757	5	3	2	0	0	0	0
AF	0	0.989069	6	3	3	0	0	0	0
AF	0	0.989382	11	9	2	0	0	0	0
AF	0	0.989694	10	5	5	0	0	0	0
AF	0	0.990006	8	6	2	0	0	0	0
AF	0	0.990319	9	6	3	0	0	0	0
AF	0	0.990631	4	2	2	0	0	0	0
AF	0	0.990943	7	5	2	0	0	0	0
AF	0	0.991255	12	8	4	0	0	0	0
AF	0	0.991568	13	10	3	0	0	0	0
AF	0	0.991880	8	5	3	0	0	0	0
AF	0	0.992192	14	12	2	0	0	0	0
AF	0	0.992505	14	8	6	0	0	0	0
AF	0	0.992817	8	4	4	0	0	0	0
AF	0	0.993129	15	12	3	0	0	0	0
AF	0	0.993442	12	10	2	0	0	0	0
AF	0	0.993754	9	7	2	0	0	0	0
AF	0	0.994066	15	9	6	0	0	0	0
AF	0	0.994379	16	12	4	0	0	0	0
AF	0	0.994691	20	17	3	0	0	0	0
AF	0	0.995003	22	15	7	0	0	0	0
AF	0	0.995315	11	7	4	0	0	0	0
AF	0	0.995628	17	12	5	0	0	0	0
AF	0	0.995940	19	16	3	0	0	0	0
AF	0	0.996252	12	8	4	0	0	0	0
AF	0	0.996565	13	11	2	0	0	0	0
AF	0	0.996877	29	22	7	0	0	0	0
AF	0	0.997189	24	13	11	0	0	0	0
AF	0	0.997502	14	8	6	0	0	0	0
AF	0	0.997814	26	19	7	0	0	0	0
AF	0	0.998126	28	23	5	0	0	0	0
AF	0	0.998438	22	14	8	0	0	0	0
AF	0	0.998751	27	20	7	0	0	0	0
AF	0	0.999063	58	41	17	0	0	0	0
AF	0	0.999375	44	20	24	0	0	0	0
# QUAL, Stats by quality
# QUAL	[2]id	[3]Quality	[4]number of SNPs	[5]number of transitions (1st ALT)	[6]number of transversions (1st ALT)	[7]number of indels
QUAL	0	.	558929	388476	170453	0
# IDD, InDel distribution:
# IDD	[2]id	[3]length (deletions negative)	[4]number of sites	[5]number of genotypes	[6]mean VAF
# ST, Substitution types:
# ST	[2]id	[3]type	[4]count
ST	0	A>C	17822
ST	0	A>G	64595
ST	0	A>T	15907
ST	0	C>A	26402
ST	0	C>G	26080
ST	0	C>T	128415
ST	0	G>A	131433
ST	0	G>C	25821
ST	0	G>T	25147
ST	0	T>A	16251
ST	0	T>C	64033
ST	0	T>G	17023
# DP, depth:
#   - set id, see above
#   - the depth bin, corresponds to the depth (unless --depth was given)
#   - number of genotypes with this depth (zero unless -s/-S was given)
#   - fraction of genotypes with this depth (zero unless -s/-S was given)
#   - number of sites with this depth
#   - fraction of sites with this depth
# DP, Depth distribution
# DP	[2]id	[3]bin	[4]number of genotypes	[5]fraction of genotypes (%)	[6]number of sites	[7]fraction of sites (%)
