# This file was produced by bcftools stats (1.21+htslib-1.21) and can be plotted using plot-vcfstats.
# The command line was:	bcftools stats  /hpc/local/Rocky8/dhl_ec/software/MonopogenLite/resources/1kGP_high_coverage_Illumina.SNVonly_poly.filtered_AF_5e-04.norm.fixvariantid.chrX.vcf.gz
#
# Definition of sets:
# ID	[2]id	[3]tab-separated file names
ID	0	/hpc/local/Rocky8/dhl_ec/software/MonopogenLite/resources/1kGP_high_coverage_Illumina.SNVonly_poly.filtered_AF_5e-04.norm.fixvariantid.chrX.vcf.gz
# SN, Summary numbers:
#   number of records   .. number of data rows in the VCF
#   number of no-ALTs   .. reference-only sites, ALT is either "." or identical to REF
#   number of SNPs      .. number of rows with a SNP
#   number of MNPs      .. number of rows with a MNP, such as CC>TT
#   number of indels    .. number of rows with an indel
#   number of others    .. number of rows with other type, for example a symbolic allele or
#                          a complex substitution, such as ACT>TCGA
#   number of multiallelic sites     .. number of rows with multiple alternate alleles
#   number of multiallelic SNP sites .. number of rows with multiple alternate alleles, all SNPs
# 
#   Note that rows containing multiple types will be counted multiple times, in each
#   counter. For example, a row with a SNP and an indel increments both the SNP and
#   the indel counter.
# 
# SN	[2]id	[3]key	[4]value
SN	0	number of samples:	3202
SN	0	number of records:	1607187
SN	0	number of no-ALTs:	0
SN	0	number of SNPs:	1607187
SN	0	number of MNPs:	0
SN	0	number of indels:	0
SN	0	number of others:	0
SN	0	number of multiallelic sites:	0
SN	0	number of multiallelic SNP sites:	0
# TSTV, transitions/transversions
#   - transitions, see https://en.wikipedia.org/wiki/Transition_(genetics)
#   - transversions, see https://en.wikipedia.org/wiki/Transversion
# TSTV	[2]id	[3]ts	[4]tv	[5]ts/tv	[6]ts (1st ALT)	[7]tv (1st ALT)	[8]ts/tv (1st ALT)
TSTV	0	1077301	529886	2.03	1077301	529886	2.03
# SiS, Singleton stats:
#   - allele count, i.e. the number of singleton genotypes (AC=1)
#   - number of transitions, see above
#   - number of transversions, see above
#   - repeat-consistent, inconsistent and n/a: experimental and useless stats [DEPRECATED]
# SiS	[2]id	[3]allele count	[4]number of SNPs	[5]number of transitions	[6]number of transversions	[7]number of indels	[8]repeat-consistent	[9]repeat-inconsistent	[10]not applicable
SiS	0	1	0	0	0	0	0	0	0
# AF, Stats by non-reference allele frequency:
# AF	[2]id	[3]allele frequency	[4]number of SNPs	[5]number of transitions	[6]number of transversions	[7]number of indels	[8]repeat-consistent	[9]repeat-inconsistent	[10]not applicable
AF	0	0.000312	248309	167802	80507	0	0	0	0
AF	0	0.000625	158311	106593	51718	0	0	0	0
AF	0	0.000937	174375	117548	56827	0	0	0	0
AF	0	0.001249	58669	39643	19026	0	0	0	0
AF	0	0.001562	84788	57236	27552	0	0	0	0
AF	0	0.001874	33755	22591	11164	0	0	0	0
AF	0	0.002186	54874	36861	18013	0	0	0	0
AF	0	0.002498	23740	15956	7784	0	0	0	0
AF	0	0.002811	39524	26413	13111	0	0	0	0
AF	0	0.003123	17743	11930	5813	0	0	0	0
AF	0	0.003435	31355	21040	10315	0	0	0	0
AF	0	0.003748	14391	9636	4755	0	0	0	0
AF	0	0.004060	25107	16779	8328	0	0	0	0
AF	0	0.004372	11578	7724	3854	0	0	0	0
AF	0	0.004685	20998	14077	6921	0	0	0	0
AF	0	0.004997	9982	6708	3274	0	0	0	0
AF	0	0.005309	17273	11631	5642	0	0	0	0
AF	0	0.005621	8164	5407	2757	0	0	0	0
AF	0	0.005934	14887	9870	5017	0	0	0	0
AF	0	0.006246	7302	4954	2348	0	0	0	0
AF	0	0.006558	13332	8892	4440	0	0	0	0
AF	0	0.006871	6237	4151	2086	0	0	0	0
AF	0	0.007183	11355	7660	3695	0	0	0	0
AF	0	0.007495	5756	3806	1950	0	0	0	0
AF	0	0.007808	10279	6821	3458	0	0	0	0
AF	0	0.008120	5133	3429	1704	0	0	0	0
AF	0	0.008432	9854	6580	3274	0	0	0	0
AF	0	0.008745	4972	3306	1666	0	0	0	0
AF	0	0.009057	8736	5870	2866	0	0	0	0
AF	0	0.009369	4379	2938	1441	0	0	0	0
AF	0	0.009681	7995	5358	2637	0	0	0	0
AF	0	0.009994	3844	2605	1239	0	0	0	0
AF	0	0.010306	7482	5010	2472	0	0	0	0
AF	0	0.010618	3703	2449	1254	0	0	0	0
AF	0	0.010931	6506	4342	2164	0	0	0	0
AF	0	0.011243	3232	2130	1102	0	0	0	0
AF	0	0.011555	6111	4097	2014	0	0	0	0
AF	0	0.011868	3123	2071	1052	0	0	0	0
AF	0	0.012180	5773	3860	1913	0	0	0	0
AF	0	0.012492	2775	1825	950	0	0	0	0
AF	0	0.012804	5432	3599	1833	0	0	0	0
AF	0	0.013117	2627	1734	893	0	0	0	0
AF	0	0.013429	5253	3439	1814	0	0	0	0
AF	0	0.013741	2457	1632	825	0	0	0	0
AF	0	0.014054	4811	3215	1596	0	0	0	0
AF	0	0.014366	2664	1741	923	0	0	0	0
AF	0	0.014678	4265	2796	1469	0	0	0	0
AF	0	0.014991	2188	1434	754	0	0	0	0
AF	0	0.015303	4140	2731	1409	0	0	0	0
AF	0	0.015615	2150	1427	723	0	0	0	0
AF	0	0.015928	3834	2521	1313	0	0	0	0
AF	0	0.016240	2044	1406	638	0	0	0	0
AF	0	0.016552	3866	2547	1319	0	0	0	0
AF	0	0.016864	1707	1122	585	0	0	0	0
AF	0	0.017177	3427	2219	1208	0	0	0	0
AF	0	0.017489	1641	1115	526	0	0	0	0
AF	0	0.017801	3359	2214	1145	0	0	0	0
AF	0	0.018114	1734	1155	579	0	0	0	0
AF	0	0.018426	3204	2166	1038	0	0	0	0
AF	0	0.018738	1671	1134	537	0	0	0	0
AF	0	0.019051	3150	2090	1060	0	0	0	0
AF	0	0.019363	1606	1067	539	0	0	0	0
AF	0	0.019675	3078	2071	1007	0	0	0	0
AF	0	0.019988	1401	916	485	0	0	0	0
AF	0	0.020300	2768	1812	956	0	0	0	0
AF	0	0.020612	1437	952	485	0	0	0	0
AF	0	0.020924	2685	1770	915	0	0	0	0
AF	0	0.021237	1289	869	420	0	0	0	0
AF	0	0.021549	2620	1755	865	0	0	0	0
AF	0	0.021861	1360	907	453	0	0	0	0
AF	0	0.022174	2548	1768	780	0	0	0	0
AF	0	0.022486	1291	831	460	0	0	0	0
AF	0	0.022798	2287	1551	736	0	0	0	0
AF	0	0.023111	1162	792	370	0	0	0	0
AF	0	0.023423	2169	1477	692	0	0	0	0
AF	0	0.023735	1096	741	355	0	0	0	0
AF	0	0.024047	2166	1446	720	0	0	0	0
AF	0	0.024360	1222	795	427	0	0	0	0
AF	0	0.024672	2001	1302	699	0	0	0	0
AF	0	0.024984	1042	714	328	0	0	0	0
AF	0	0.025297	1911	1278	633	0	0	0	0
AF	0	0.025609	979	649	330	0	0	0	0
AF	0	0.025921	1725	1163	562	0	0	0	0
AF	0	0.026234	901	567	334	0	0	0	0
AF	0	0.026546	2001	1291	710	0	0	0	0
AF	0	0.026858	1006	646	360	0	0	0	0
AF	0	0.027171	1744	1159	585	0	0	0	0
AF	0	0.027483	784	536	248	0	0	0	0
AF	0	0.027795	1622	1083	539	0	0	0	0
AF	0	0.028107	876	579	297	0	0	0	0
AF	0	0.028420	1788	1168	620	0	0	0	0
AF	0	0.028732	828	564	264	0	0	0	0
AF	0	0.029044	1635	1093	542	0	0	0	0
AF	0	0.029357	800	540	260	0	0	0	0
AF	0	0.029669	1691	1076	615	0	0	0	0
AF	0	0.029981	804	511	293	0	0	0	0
AF	0	0.030294	1510	1016	494	0	0	0	0
AF	0	0.030606	836	544	292	0	0	0	0
AF	0	0.030918	1410	944	466	0	0	0	0
AF	0	0.031230	803	538	265	0	0	0	0
AF	0	0.031543	1401	906	495	0	0	0	0
AF	0	0.031855	720	485	235	0	0	0	0
AF	0	0.032167	1334	872	462	0	0	0	0
AF	0	0.032480	674	446	228	0	0	0	0
AF	0	0.032792	1213	788	425	0	0	0	0
AF	0	0.033104	656	444	212	0	0	0	0
AF	0	0.033417	1360	896	464	0	0	0	0
AF	0	0.033729	721	476	245	0	0	0	0
AF	0	0.034041	1156	796	360	0	0	0	0
AF	0	0.034354	637	429	208	0	0	0	0
AF	0	0.034666	1207	821	386	0	0	0	0
AF	0	0.034978	555	380	175	0	0	0	0
AF	0	0.035290	1090	717	373	0	0	0	0
AF	0	0.035603	539	353	186	0	0	0	0
AF	0	0.035915	1317	874	443	0	0	0	0
AF	0	0.036227	550	365	185	0	0	0	0
AF	0	0.036540	1153	780	373	0	0	0	0
AF	0	0.036852	566	400	166	0	0	0	0
AF	0	0.037164	1032	676	356	0	0	0	0
AF	0	0.037477	535	353	182	0	0	0	0
AF	0	0.037789	1084	720	364	0	0	0	0
AF	0	0.038101	611	410	201	0	0	0	0
AF	0	0.038413	1113	757	356	0	0	0	0
AF	0	0.038726	560	385	175	0	0	0	0
AF	0	0.039038	1002	655	347	0	0	0	0
AF	0	0.039350	496	332	164	0	0	0	0
AF	0	0.039663	1114	742	372	0	0	0	0
AF	0	0.039975	529	360	169	0	0	0	0
AF	0	0.040287	1024	678	346	0	0	0	0
AF	0	0.040600	493	332	161	0	0	0	0
AF	0	0.040912	978	646	332	0	0	0	0
AF	0	0.041224	500	334	166	0	0	0	0
AF	0	0.041537	1009	685	324	0	0	0	0
AF	0	0.041849	445	309	136	0	0	0	0
AF	0	0.042161	831	572	259	0	0	0	0
AF	0	0.042473	433	299	134	0	0	0	0
AF	0	0.042786	882	604	278	0	0	0	0
AF	0	0.043098	482	315	167	0	0	0	0
AF	0	0.043410	881	587	294	0	0	0	0
AF	0	0.043723	478	302	176	0	0	0	0
AF	0	0.044035	924	608	316	0	0	0	0
AF	0	0.044347	445	328	117	0	0	0	0
AF	0	0.044660	907	610	297	0	0	0	0
AF	0	0.044972	466	311	155	0	0	0	0
AF	0	0.045284	948	633	315	0	0	0	0
AF	0	0.045597	463	297	166	0	0	0	0
AF	0	0.045909	660	430	230	0	0	0	0
AF	0	0.046221	427	288	139	0	0	0	0
AF	0	0.046533	692	445	247	0	0	0	0
AF	0	0.046846	373	245	128	0	0	0	0
AF	0	0.047158	639	434	205	0	0	0	0
AF	0	0.047470	362	241	121	0	0	0	0
AF	0	0.047783	773	505	268	0	0	0	0
AF	0	0.048095	401	280	121	0	0	0	0
AF	0	0.048407	693	444	249	0	0	0	0
AF	0	0.048720	417	285	132	0	0	0	0
AF	0	0.049032	799	516	283	0	0	0	0
AF	0	0.049344	393	242	151	0	0	0	0
AF	0	0.049656	652	442	210	0	0	0	0
AF	0	0.049969	368	240	128	0	0	0	0
AF	0	0.050281	767	527	240	0	0	0	0
AF	0	0.050593	415	272	143	0	0	0	0
AF	0	0.050906	718	469	249	0	0	0	0
AF	0	0.051218	338	223	115	0	0	0	0
AF	0	0.051530	634	444	190	0	0	0	0
AF	0	0.051843	301	204	97	0	0	0	0
AF	0	0.052155	635	439	196	0	0	0	0
AF	0	0.052467	318	211	107	0	0	0	0
AF	0	0.052780	584	389	195	0	0	0	0
AF	0	0.053092	301	187	114	0	0	0	0
AF	0	0.053404	576	384	192	0	0	0	0
AF	0	0.053716	284	188	96	0	0	0	0
AF	0	0.054029	578	380	198	0	0	0	0
AF	0	0.054341	299	195	104	0	0	0	0
AF	0	0.054653	607	400	207	0	0	0	0
AF	0	0.054966	371	243	128	0	0	0	0
AF	0	0.055278	627	386	241	0	0	0	0
AF	0	0.055590	303	191	112	0	0	0	0
AF	0	0.055903	658	446	212	0	0	0	0
AF	0	0.056215	285	190	95	0	0	0	0
AF	0	0.056527	575	379	196	0	0	0	0
AF	0	0.056839	297	196	101	0	0	0	0
AF	0	0.057152	566	364	202	0	0	0	0
AF	0	0.057464	326	220	106	0	0	0	0
AF	0	0.057776	537	362	175	0	0	0	0
AF	0	0.058089	279	194	85	0	0	0	0
AF	0	0.058401	567	398	169	0	0	0	0
AF	0	0.058713	340	235	105	0	0	0	0
AF	0	0.059026	555	367	188	0	0	0	0
AF	0	0.059338	325	224	101	0	0	0	0
AF	0	0.059650	571	378	193	0	0	0	0
AF	0	0.059963	395	272	123	0	0	0	0
AF	0	0.060275	616	411	205	0	0	0	0
AF	0	0.060587	251	168	83	0	0	0	0
AF	0	0.060899	505	322	183	0	0	0	0
AF	0	0.061212	249	156	93	0	0	0	0
AF	0	0.061524	508	326	182	0	0	0	0
AF	0	0.061836	263	175	88	0	0	0	0
AF	0	0.062149	457	280	177	0	0	0	0
AF	0	0.062461	250	151	99	0	0	0	0
AF	0	0.062773	519	338	181	0	0	0	0
AF	0	0.063086	241	166	75	0	0	0	0
AF	0	0.063398	534	336	198	0	0	0	0
AF	0	0.063710	297	198	99	0	0	0	0
AF	0	0.064022	526	355	171	0	0	0	0
AF	0	0.064335	184	124	60	0	0	0	0
AF	0	0.064647	557	363	194	0	0	0	0
AF	0	0.064959	261	170	91	0	0	0	0
AF	0	0.065272	489	330	159	0	0	0	0
AF	0	0.065584	232	152	80	0	0	0	0
AF	0	0.065896	487	316	171	0	0	0	0
AF	0	0.066209	260	172	88	0	0	0	0
AF	0	0.066521	415	277	138	0	0	0	0
AF	0	0.066833	249	160	89	0	0	0	0
AF	0	0.067146	437	288	149	0	0	0	0
AF	0	0.067458	224	137	87	0	0	0	0
AF	0	0.067770	474	318	156	0	0	0	0
AF	0	0.068082	249	161	88	0	0	0	0
AF	0	0.068395	496	342	154	0	0	0	0
AF	0	0.068707	225	155	70	0	0	0	0
AF	0	0.069019	427	271	156	0	0	0	0
AF	0	0.069332	233	144	89	0	0	0	0
AF	0	0.069644	491	316	175	0	0	0	0
AF	0	0.069956	231	140	91	0	0	0	0
AF	0	0.070269	548	371	177	0	0	0	0
AF	0	0.070581	252	181	71	0	0	0	0
AF	0	0.070893	453	290	163	0	0	0	0
AF	0	0.071205	236	147	89	0	0	0	0
AF	0	0.071518	428	283	145	0	0	0	0
AF	0	0.071830	222	148	74	0	0	0	0
AF	0	0.072142	403	255	148	0	0	0	0
AF	0	0.072455	222	148	74	0	0	0	0
AF	0	0.072767	443	305	138	0	0	0	0
AF	0	0.073079	197	125	72	0	0	0	0
AF	0	0.073392	467	329	138	0	0	0	0
AF	0	0.073704	214	156	58	0	0	0	0
AF	0	0.074016	379	248	131	0	0	0	0
AF	0	0.074329	182	108	74	0	0	0	0
AF	0	0.074641	383	262	121	0	0	0	0
AF	0	0.074953	184	125	59	0	0	0	0
AF	0	0.075265	453	304	149	0	0	0	0
AF	0	0.075578	219	141	78	0	0	0	0
AF	0	0.075890	405	282	123	0	0	0	0
AF	0	0.076202	221	154	67	0	0	0	0
AF	0	0.076515	380	256	124	0	0	0	0
AF	0	0.076827	213	151	62	0	0	0	0
AF	0	0.077139	363	239	124	0	0	0	0
AF	0	0.077452	192	129	63	0	0	0	0
AF	0	0.077764	482	312	170	0	0	0	0
AF	0	0.078076	262	178	84	0	0	0	0
AF	0	0.078389	385	255	130	0	0	0	0
AF	0	0.078701	167	113	54	0	0	0	0
AF	0	0.079013	354	210	144	0	0	0	0
AF	0	0.079325	218	146	72	0	0	0	0
AF	0	0.079638	411	252	159	0	0	0	0
AF	0	0.079950	238	148	90	0	0	0	0
AF	0	0.080262	475	318	157	0	0	0	0
AF	0	0.080575	194	118	76	0	0	0	0
AF	0	0.080887	446	283	163	0	0	0	0
AF	0	0.081199	235	150	85	0	0	0	0
AF	0	0.081512	382	247	135	0	0	0	0
AF	0	0.081824	179	125	54	0	0	0	0
AF	0	0.082136	356	235	121	0	0	0	0
AF	0	0.082448	213	146	67	0	0	0	0
AF	0	0.082761	384	255	129	0	0	0	0
AF	0	0.083073	208	141	67	0	0	0	0
AF	0	0.083385	368	254	114	0	0	0	0
AF	0	0.083698	208	137	71	0	0	0	0
AF	0	0.084010	386	252	134	0	0	0	0
AF	0	0.084322	201	123	78	0	0	0	0
AF	0	0.084635	392	256	136	0	0	0	0
AF	0	0.084947	218	139	79	0	0	0	0
AF	0	0.085259	333	217	116	0	0	0	0
AF	0	0.085572	175	121	54	0	0	0	0
AF	0	0.085884	364	234	130	0	0	0	0
AF	0	0.086196	196	134	62	0	0	0	0
AF	0	0.086508	364	244	120	0	0	0	0
AF	0	0.086821	155	100	55	0	0	0	0
AF	0	0.087133	365	239	126	0	0	0	0
AF	0	0.087445	194	127	67	0	0	0	0
AF	0	0.087758	286	176	110	0	0	0	0
AF	0	0.088070	165	112	53	0	0	0	0
AF	0	0.088382	308	200	108	0	0	0	0
AF	0	0.088695	158	99	59	0	0	0	0
AF	0	0.089007	355	243	112	0	0	0	0
AF	0	0.089319	148	99	49	0	0	0	0
AF	0	0.089631	269	178	91	0	0	0	0
AF	0	0.089944	152	95	57	0	0	0	0
AF	0	0.090256	312	203	109	0	0	0	0
AF	0	0.090568	182	130	52	0	0	0	0
AF	0	0.090881	326	227	99	0	0	0	0
AF	0	0.091193	212	123	89	0	0	0	0
AF	0	0.091505	328	216	112	0	0	0	0
AF	0	0.091818	161	114	47	0	0	0	0
AF	0	0.092130	319	231	88	0	0	0	0
AF	0	0.092442	167	106	61	0	0	0	0
AF	0	0.092755	266	182	84	0	0	0	0
AF	0	0.093067	157	101	56	0	0	0	0
AF	0	0.093379	308	211	97	0	0	0	0
AF	0	0.093691	162	96	66	0	0	0	0
AF	0	0.094004	422	275	147	0	0	0	0
AF	0	0.094316	177	122	55	0	0	0	0
AF	0	0.094628	270	180	90	0	0	0	0
AF	0	0.094941	168	107	61	0	0	0	0
AF	0	0.095253	335	222	113	0	0	0	0
AF	0	0.095565	174	117	57	0	0	0	0
AF	0	0.095878	350	242	108	0	0	0	0
AF	0	0.096190	159	110	49	0	0	0	0
AF	0	0.096502	354	220	134	0	0	0	0
AF	0	0.096814	215	139	76	0	0	0	0
AF	0	0.097127	396	269	127	0	0	0	0
AF	0	0.097439	175	108	67	0	0	0	0
AF	0	0.097751	402	255	147	0	0	0	0
AF	0	0.098064	187	128	59	0	0	0	0
AF	0	0.098376	402	272	130	0	0	0	0
AF	0	0.098688	213	151	62	0	0	0	0
AF	0	0.099001	366	236	130	0	0	0	0
AF	0	0.099313	191	126	65	0	0	0	0
AF	0	0.099625	381	251	130	0	0	0	0
AF	0	0.099938	186	130	56	0	0	0	0
AF	0	0.100250	458	291	167	0	0	0	0
AF	0	0.100562	192	129	63	0	0	0	0
AF	0	0.100874	405	274	131	0	0	0	0
AF	0	0.101187	220	153	67	0	0	0	0
AF	0	0.101499	346	227	119	0	0	0	0
AF	0	0.101811	163	113	50	0	0	0	0
AF	0	0.102124	337	231	106	0	0	0	0
AF	0	0.102436	184	116	68	0	0	0	0
AF	0	0.102748	312	214	98	0	0	0	0
AF	0	0.103061	149	95	54	0	0	0	0
AF	0	0.103373	277	192	85	0	0	0	0
AF	0	0.103685	150	92	58	0	0	0	0
AF	0	0.103998	328	227	101	0	0	0	0
AF	0	0.104310	167	104	63	0	0	0	0
AF	0	0.104622	260	188	72	0	0	0	0
AF	0	0.104934	196	111	85	0	0	0	0
AF	0	0.105247	330	200	130	0	0	0	0
AF	0	0.105559	184	121	63	0	0	0	0
AF	0	0.105871	383	246	137	0	0	0	0
AF	0	0.106184	208	145	63	0	0	0	0
AF	0	0.106496	382	248	134	0	0	0	0
AF	0	0.106808	154	104	50	0	0	0	0
AF	0	0.107121	259	174	85	0	0	0	0
AF	0	0.107433	146	96	50	0	0	0	0
AF	0	0.107745	263	169	94	0	0	0	0
AF	0	0.108057	162	106	56	0	0	0	0
AF	0	0.108370	268	177	91	0	0	0	0
AF	0	0.108682	154	98	56	0	0	0	0
AF	0	0.108994	272	185	87	0	0	0	0
AF	0	0.109307	139	94	45	0	0	0	0
AF	0	0.109619	413	249	164	0	0	0	0
AF	0	0.109931	253	154	99	0	0	0	0
AF	0	0.110244	333	215	118	0	0	0	0
AF	0	0.110556	190	115	75	0	0	0	0
AF	0	0.110868	327	231	96	0	0	0	0
AF	0	0.111181	278	176	102	0	0	0	0
AF	0	0.111493	150	104	46	0	0	0	0
AF	0	0.111805	306	196	110	0	0	0	0
AF	0	0.112117	166	107	59	0	0	0	0
AF	0	0.112430	284	180	104	0	0	0	0
AF	0	0.112742	151	96	55	0	0	0	0
AF	0	0.113054	295	221	74	0	0	0	0
AF	0	0.113367	146	96	50	0	0	0	0
AF	0	0.113679	339	227	112	0	0	0	0
AF	0	0.113991	118	77	41	0	0	0	0
AF	0	0.114304	254	165	89	0	0	0	0
AF	0	0.114616	167	114	53	0	0	0	0
AF	0	0.114928	265	176	89	0	0	0	0
AF	0	0.115240	130	98	32	0	0	0	0
AF	0	0.115553	289	193	96	0	0	0	0
AF	0	0.115865	144	104	40	0	0	0	0
AF	0	0.116177	244	159	85	0	0	0	0
AF	0	0.116490	112	73	39	0	0	0	0
AF	0	0.116802	277	181	96	0	0	0	0
AF	0	0.117114	151	101	50	0	0	0	0
AF	0	0.117427	273	178	95	0	0	0	0
AF	0	0.117739	118	77	41	0	0	0	0
AF	0	0.118051	258	167	91	0	0	0	0
AF	0	0.118364	153	104	49	0	0	0	0
AF	0	0.118676	203	139	64	0	0	0	0
AF	0	0.118988	128	87	41	0	0	0	0
AF	0	0.119300	260	166	94	0	0	0	0
AF	0	0.119613	134	83	51	0	0	0	0
AF	0	0.119925	344	218	126	0	0	0	0
AF	0	0.120237	244	156	88	0	0	0	0
AF	0	0.120550	292	184	108	0	0	0	0
AF	0	0.120862	135	83	52	0	0	0	0
AF	0	0.121174	294	206	88	0	0	0	0
AF	0	0.121487	128	85	43	0	0	0	0
AF	0	0.121799	294	195	99	0	0	0	0
AF	0	0.122111	162	105	57	0	0	0	0
AF	0	0.122423	345	211	134	0	0	0	0
AF	0	0.122736	161	112	49	0	0	0	0
AF	0	0.123048	277	192	85	0	0	0	0
AF	0	0.123360	100	64	36	0	0	0	0
AF	0	0.123673	240	162	78	0	0	0	0
AF	0	0.123985	117	73	44	0	0	0	0
AF	0	0.124297	229	154	75	0	0	0	0
AF	0	0.124610	125	77	48	0	0	0	0
AF	0	0.124922	235	161	74	0	0	0	0
AF	0	0.125234	147	105	42	0	0	0	0
AF	0	0.125547	312	207	105	0	0	0	0
AF	0	0.125859	147	100	47	0	0	0	0
AF	0	0.126171	265	172	93	0	0	0	0
AF	0	0.126483	124	83	41	0	0	0	0
AF	0	0.126796	231	156	75	0	0	0	0
AF	0	0.127108	108	68	40	0	0	0	0
AF	0	0.127420	233	153	80	0	0	0	0
AF	0	0.127733	131	85	46	0	0	0	0
AF	0	0.128045	216	138	78	0	0	0	0
AF	0	0.128357	141	98	43	0	0	0	0
AF	0	0.128670	227	147	80	0	0	0	0
AF	0	0.128982	143	100	43	0	0	0	0
AF	0	0.129294	238	165	73	0	0	0	0
AF	0	0.129606	119	75	44	0	0	0	0
AF	0	0.129919	274	173	101	0	0	0	0
AF	0	0.130231	111	69	42	0	0	0	0
AF	0	0.130543	211	128	83	0	0	0	0
AF	0	0.130856	118	79	39	0	0	0	0
AF	0	0.131168	254	165	89	0	0	0	0
AF	0	0.131480	117	72	45	0	0	0	0
AF	0	0.131793	258	167	91	0	0	0	0
AF	0	0.132105	119	81	38	0	0	0	0
AF	0	0.132417	245	155	90	0	0	0	0
AF	0	0.132730	138	91	47	0	0	0	0
AF	0	0.133042	290	184	106	0	0	0	0
AF	0	0.133354	129	85	44	0	0	0	0
AF	0	0.133666	262	175	87	0	0	0	0
AF	0	0.133979	128	91	37	0	0	0	0
AF	0	0.134291	193	127	66	0	0	0	0
AF	0	0.134603	98	62	36	0	0	0	0
AF	0	0.134916	191	124	67	0	0	0	0
AF	0	0.135228	80	49	31	0	0	0	0
AF	0	0.135540	186	124	62	0	0	0	0
AF	0	0.135853	107	68	39	0	0	0	0
AF	0	0.136165	233	158	75	0	0	0	0
AF	0	0.136477	133	87	46	0	0	0	0
AF	0	0.136790	219	143	76	0	0	0	0
AF	0	0.137102	86	56	30	0	0	0	0
AF	0	0.137414	212	132	80	0	0	0	0
AF	0	0.137726	106	64	42	0	0	0	0
AF	0	0.138039	200	135	65	0	0	0	0
AF	0	0.138351	97	73	24	0	0	0	0
AF	0	0.138663	191	116	75	0	0	0	0
AF	0	0.138976	117	75	42	0	0	0	0
AF	0	0.139288	210	155	55	0	0	0	0
AF	0	0.139600	103	65	38	0	0	0	0
AF	0	0.139913	206	138	68	0	0	0	0
AF	0	0.140225	113	78	35	0	0	0	0
AF	0	0.140537	210	141	69	0	0	0	0
AF	0	0.140849	92	66	26	0	0	0	0
AF	0	0.141162	205	130	75	0	0	0	0
AF	0	0.141474	122	78	44	0	0	0	0
AF	0	0.141786	240	140	100	0	0	0	0
AF	0	0.142099	121	77	44	0	0	0	0
AF	0	0.142411	206	134	72	0	0	0	0
AF	0	0.142723	100	58	42	0	0	0	0
AF	0	0.143036	205	141	64	0	0	0	0
AF	0	0.143348	80	50	30	0	0	0	0
AF	0	0.143660	178	114	64	0	0	0	0
AF	0	0.143973	99	73	26	0	0	0	0
AF	0	0.144285	203	130	73	0	0	0	0
AF	0	0.144597	104	61	43	0	0	0	0
AF	0	0.144909	189	120	69	0	0	0	0
AF	0	0.145222	115	81	34	0	0	0	0
AF	0	0.145534	215	133	82	0	0	0	0
AF	0	0.145846	90	62	28	0	0	0	0
AF	0	0.146159	193	117	76	0	0	0	0
AF	0	0.146471	134	92	42	0	0	0	0
AF	0	0.146783	246	163	83	0	0	0	0
AF	0	0.147096	114	81	33	0	0	0	0
AF	0	0.147408	196	124	72	0	0	0	0
AF	0	0.147720	103	69	34	0	0	0	0
AF	0	0.148032	182	122	60	0	0	0	0
AF	0	0.148345	101	66	35	0	0	0	0
AF	0	0.148657	226	154	72	0	0	0	0
AF	0	0.148969	121	81	40	0	0	0	0
AF	0	0.149282	194	128	66	0	0	0	0
AF	0	0.149594	112	76	36	0	0	0	0
AF	0	0.149906	203	128	75	0	0	0	0
AF	0	0.150219	102	71	31	0	0	0	0
AF	0	0.150531	201	125	76	0	0	0	0
AF	0	0.150843	88	67	21	0	0	0	0
AF	0	0.151156	219	149	70	0	0	0	0
AF	0	0.151468	114	72	42	0	0	0	0
AF	0	0.151780	203	144	59	0	0	0	0
AF	0	0.152092	128	80	48	0	0	0	0
AF	0	0.152405	266	158	108	0	0	0	0
AF	0	0.152717	109	76	33	0	0	0	0
AF	0	0.153029	214	145	69	0	0	0	0
AF	0	0.153342	112	81	31	0	0	0	0
AF	0	0.153654	221	135	86	0	0	0	0
AF	0	0.153966	100	68	32	0	0	0	0
AF	0	0.154279	180	118	62	0	0	0	0
AF	0	0.154591	112	69	43	0	0	0	0
AF	0	0.154903	195	119	76	0	0	0	0
AF	0	0.155215	96	59	37	0	0	0	0
AF	0	0.155528	174	111	63	0	0	0	0
AF	0	0.155840	103	69	34	0	0	0	0
AF	0	0.156152	179	113	66	0	0	0	0
AF	0	0.156465	117	73	44	0	0	0	0
AF	0	0.156777	170	107	63	0	0	0	0
AF	0	0.157089	97	65	32	0	0	0	0
AF	0	0.157402	210	138	72	0	0	0	0
AF	0	0.157714	143	99	44	0	0	0	0
AF	0	0.158026	299	189	110	0	0	0	0
AF	0	0.158339	116	73	43	0	0	0	0
AF	0	0.158651	206	124	82	0	0	0	0
AF	0	0.158963	137	83	54	0	0	0	0
AF	0	0.159275	225	154	71	0	0	0	0
AF	0	0.159588	113	77	36	0	0	0	0
AF	0	0.159900	261	182	79	0	0	0	0
AF	0	0.160212	133	91	42	0	0	0	0
AF	0	0.160525	256	153	103	0	0	0	0
AF	0	0.160837	115	74	41	0	0	0	0
AF	0	0.161149	260	164	96	0	0	0	0
AF	0	0.161462	135	98	37	0	0	0	0
AF	0	0.161774	271	179	92	0	0	0	0
AF	0	0.162086	138	95	43	0	0	0	0
AF	0	0.162399	261	178	83	0	0	0	0
AF	0	0.162711	101	73	28	0	0	0	0
AF	0	0.163023	235	159	76	0	0	0	0
AF	0	0.163335	110	73	37	0	0	0	0
AF	0	0.163648	193	122	71	0	0	0	0
AF	0	0.163960	98	65	33	0	0	0	0
AF	0	0.164272	196	135	61	0	0	0	0
AF	0	0.164585	87	57	30	0	0	0	0
AF	0	0.164897	159	107	52	0	0	0	0
AF	0	0.165209	98	60	38	0	0	0	0
AF	0	0.165522	168	111	57	0	0	0	0
AF	0	0.165834	96	74	22	0	0	0	0
AF	0	0.166146	145	103	42	0	0	0	0
AF	0	0.166458	81	55	26	0	0	0	0
AF	0	0.166771	161	112	49	0	0	0	0
AF	0	0.167083	99	66	33	0	0	0	0
AF	0	0.167395	174	111	63	0	0	0	0
AF	0	0.167708	90	56	34	0	0	0	0
AF	0	0.168020	171	124	47	0	0	0	0
AF	0	0.168332	91	67	24	0	0	0	0
AF	0	0.168645	189	118	71	0	0	0	0
AF	0	0.168957	107	73	34	0	0	0	0
AF	0	0.169269	177	118	59	0	0	0	0
AF	0	0.169582	110	78	32	0	0	0	0
AF	0	0.169894	181	122	59	0	0	0	0
AF	0	0.170206	99	65	34	0	0	0	0
AF	0	0.170518	150	107	43	0	0	0	0
AF	0	0.170831	101	72	29	0	0	0	0
AF	0	0.171143	151	95	56	0	0	0	0
AF	0	0.171455	94	56	38	0	0	0	0
AF	0	0.171768	149	99	50	0	0	0	0
AF	0	0.172080	64	45	19	0	0	0	0
AF	0	0.172392	164	112	52	0	0	0	0
AF	0	0.172705	83	60	23	0	0	0	0
AF	0	0.173017	171	123	48	0	0	0	0
AF	0	0.173329	95	58	37	0	0	0	0
AF	0	0.173641	174	122	52	0	0	0	0
AF	0	0.173954	88	58	30	0	0	0	0
AF	0	0.174266	187	120	67	0	0	0	0
AF	0	0.174578	100	70	30	0	0	0	0
AF	0	0.174891	226	145	81	0	0	0	0
AF	0	0.175203	83	58	25	0	0	0	0
AF	0	0.175515	153	101	52	0	0	0	0
AF	0	0.175828	86	54	32	0	0	0	0
AF	0	0.176140	163	106	57	0	0	0	0
AF	0	0.176452	79	54	25	0	0	0	0
AF	0	0.176765	166	110	56	0	0	0	0
AF	0	0.177077	86	60	26	0	0	0	0
AF	0	0.177389	162	110	52	0	0	0	0
AF	0	0.177701	111	71	40	0	0	0	0
AF	0	0.178014	154	95	59	0	0	0	0
AF	0	0.178326	89	60	29	0	0	0	0
AF	0	0.178638	152	92	60	0	0	0	0
AF	0	0.178951	85	54	31	0	0	0	0
AF	0	0.179263	162	104	58	0	0	0	0
AF	0	0.179575	84	48	36	0	0	0	0
AF	0	0.179888	213	135	78	0	0	0	0
AF	0	0.180200	99	67	32	0	0	0	0
AF	0	0.180512	183	115	68	0	0	0	0
AF	0	0.180824	118	78	40	0	0	0	0
AF	0	0.181137	204	133	71	0	0	0	0
AF	0	0.181449	82	59	23	0	0	0	0
AF	0	0.181761	184	112	72	0	0	0	0
AF	0	0.182074	100	66	34	0	0	0	0
AF	0	0.182386	217	141	76	0	0	0	0
AF	0	0.182698	102	57	45	0	0	0	0
AF	0	0.183011	180	122	58	0	0	0	0
AF	0	0.183323	84	52	32	0	0	0	0
AF	0	0.183635	150	106	44	0	0	0	0
AF	0	0.183948	96	61	35	0	0	0	0
AF	0	0.184260	166	118	48	0	0	0	0
AF	0	0.184572	71	46	25	0	0	0	0
AF	0	0.184884	169	109	60	0	0	0	0
AF	0	0.185197	92	53	39	0	0	0	0
AF	0	0.185509	154	104	50	0	0	0	0
AF	0	0.185821	82	58	24	0	0	0	0
AF	0	0.186134	162	120	42	0	0	0	0
AF	0	0.186446	74	55	19	0	0	0	0
AF	0	0.186758	141	93	48	0	0	0	0
AF	0	0.187071	71	48	23	0	0	0	0
AF	0	0.187383	173	104	69	0	0	0	0
AF	0	0.187695	122	88	34	0	0	0	0
AF	0	0.188007	166	111	55	0	0	0	0
AF	0	0.188320	89	64	25	0	0	0	0
AF	0	0.188632	152	107	45	0	0	0	0
AF	0	0.188944	82	50	32	0	0	0	0
AF	0	0.189257	198	120	78	0	0	0	0
AF	0	0.189569	96	64	32	0	0	0	0
AF	0	0.189881	217	131	86	0	0	0	0
AF	0	0.190194	112	62	50	0	0	0	0
AF	0	0.190506	131	84	47	0	0	0	0
AF	0	0.190818	67	49	18	0	0	0	0
AF	0	0.191131	156	106	50	0	0	0	0
AF	0	0.191443	94	62	32	0	0	0	0
AF	0	0.191755	182	123	59	0	0	0	0
AF	0	0.192067	97	67	30	0	0	0	0
AF	0	0.192380	173	110	63	0	0	0	0
AF	0	0.192692	84	49	35	0	0	0	0
AF	0	0.193004	210	132	78	0	0	0	0
AF	0	0.193317	89	54	35	0	0	0	0
AF	0	0.193629	169	108	61	0	0	0	0
AF	0	0.193941	82	59	23	0	0	0	0
AF	0	0.194254	157	103	54	0	0	0	0
AF	0	0.194566	101	61	40	0	0	0	0
AF	0	0.194878	196	130	66	0	0	0	0
AF	0	0.195191	105	70	35	0	0	0	0
AF	0	0.195503	206	144	62	0	0	0	0
AF	0	0.195815	86	63	23	0	0	0	0
AF	0	0.196127	172	118	54	0	0	0	0
AF	0	0.196440	93	65	28	0	0	0	0
AF	0	0.196752	161	105	56	0	0	0	0
AF	0	0.197064	95	60	35	0	0	0	0
AF	0	0.197377	154	106	48	0	0	0	0
AF	0	0.197689	74	48	26	0	0	0	0
AF	0	0.198001	131	84	47	0	0	0	0
AF	0	0.198314	78	47	31	0	0	0	0
AF	0	0.198626	139	107	32	0	0	0	0
AF	0	0.198938	90	64	26	0	0	0	0
AF	0	0.199250	146	95	51	0	0	0	0
AF	0	0.199563	102	69	33	0	0	0	0
AF	0	0.199875	151	91	60	0	0	0	0
AF	0	0.200187	73	48	25	0	0	0	0
AF	0	0.200500	120	74	46	0	0	0	0
AF	0	0.200812	81	60	21	0	0	0	0
AF	0	0.201124	150	94	56	0	0	0	0
AF	0	0.201437	95	61	34	0	0	0	0
AF	0	0.201749	144	95	49	0	0	0	0
AF	0	0.202061	86	56	30	0	0	0	0
AF	0	0.202374	150	98	52	0	0	0	0
AF	0	0.202686	98	71	27	0	0	0	0
AF	0	0.202998	155	102	53	0	0	0	0
AF	0	0.203310	92	66	26	0	0	0	0
AF	0	0.203623	169	110	59	0	0	0	0
AF	0	0.203935	66	48	18	0	0	0	0
AF	0	0.204247	169	115	54	0	0	0	0
AF	0	0.204560	84	55	29	0	0	0	0
AF	0	0.204872	188	119	69	0	0	0	0
AF	0	0.205184	121	78	43	0	0	0	0
AF	0	0.205497	178	118	60	0	0	0	0
AF	0	0.205809	92	68	24	0	0	0	0
AF	0	0.206121	187	119	68	0	0	0	0
AF	0	0.206433	124	80	44	0	0	0	0
AF	0	0.206746	206	143	63	0	0	0	0
AF	0	0.207058	70	47	23	0	0	0	0
AF	0	0.207370	131	86	45	0	0	0	0
AF	0	0.207683	51	39	12	0	0	0	0
AF	0	0.207995	140	93	47	0	0	0	0
AF	0	0.208307	88	52	36	0	0	0	0
AF	0	0.208620	131	94	37	0	0	0	0
AF	0	0.208932	88	65	23	0	0	0	0
AF	0	0.209244	177	117	60	0	0	0	0
AF	0	0.209557	55	36	19	0	0	0	0
AF	0	0.209869	118	74	44	0	0	0	0
AF	0	0.210181	83	51	32	0	0	0	0
AF	0	0.210493	122	81	41	0	0	0	0
AF	0	0.210806	72	53	19	0	0	0	0
AF	0	0.211118	145	94	51	0	0	0	0
AF	0	0.211430	68	46	22	0	0	0	0
AF	0	0.211743	147	99	48	0	0	0	0
AF	0	0.212055	67	45	22	0	0	0	0
AF	0	0.212367	134	95	39	0	0	0	0
AF	0	0.212680	73	35	38	0	0	0	0
AF	0	0.212992	146	98	48	0	0	0	0
AF	0	0.213304	79	53	26	0	0	0	0
AF	0	0.213616	149	104	45	0	0	0	0
AF	0	0.213929	91	57	34	0	0	0	0
AF	0	0.214241	145	99	46	0	0	0	0
AF	0	0.214553	59	43	16	0	0	0	0
AF	0	0.214866	135	92	43	0	0	0	0
AF	0	0.215178	77	49	28	0	0	0	0
AF	0	0.215490	156	108	48	0	0	0	0
AF	0	0.215803	67	49	18	0	0	0	0
AF	0	0.216115	140	91	49	0	0	0	0
AF	0	0.216427	83	59	24	0	0	0	0
AF	0	0.216740	106	76	30	0	0	0	0
AF	0	0.217052	58	45	13	0	0	0	0
AF	0	0.217364	130	81	49	0	0	0	0
AF	0	0.217676	59	44	15	0	0	0	0
AF	0	0.217989	131	91	40	0	0	0	0
AF	0	0.218301	50	29	21	0	0	0	0
AF	0	0.218613	127	88	39	0	0	0	0
AF	0	0.218926	66	43	23	0	0	0	0
AF	0	0.219238	154	108	46	0	0	0	0
AF	0	0.219550	79	49	30	0	0	0	0
AF	0	0.219863	119	75	44	0	0	0	0
AF	0	0.220175	66	40	26	0	0	0	0
AF	0	0.220487	138	90	48	0	0	0	0
AF	0	0.220800	55	38	17	0	0	0	0
AF	0	0.221112	139	86	53	0	0	0	0
AF	0	0.221424	79	59	20	0	0	0	0
AF	0	0.221736	116	75	41	0	0	0	0
AF	0	0.222049	129	92	37	0	0	0	0
AF	0	0.222361	78	52	26	0	0	0	0
AF	0	0.222673	145	100	45	0	0	0	0
AF	0	0.222986	97	73	24	0	0	0	0
AF	0	0.223298	177	116	61	0	0	0	0
AF	0	0.223610	70	40	30	0	0	0	0
AF	0	0.223923	144	86	58	0	0	0	0
AF	0	0.224235	95	57	38	0	0	0	0
AF	0	0.224547	122	75	47	0	0	0	0
AF	0	0.224859	74	49	25	0	0	0	0
AF	0	0.225172	121	70	51	0	0	0	0
AF	0	0.225484	61	41	20	0	0	0	0
AF	0	0.225796	129	86	43	0	0	0	0
AF	0	0.226109	63	48	15	0	0	0	0
AF	0	0.226421	113	78	35	0	0	0	0
AF	0	0.226733	62	42	20	0	0	0	0
AF	0	0.227046	119	75	44	0	0	0	0
AF	0	0.227358	82	52	30	0	0	0	0
AF	0	0.227670	167	112	55	0	0	0	0
AF	0	0.227983	84	61	23	0	0	0	0
AF	0	0.228295	176	103	73	0	0	0	0
AF	0	0.228607	68	38	30	0	0	0	0
AF	0	0.228919	114	76	38	0	0	0	0
AF	0	0.229232	88	58	30	0	0	0	0
AF	0	0.229544	140	102	38	0	0	0	0
AF	0	0.229856	101	67	34	0	0	0	0
AF	0	0.230169	161	106	55	0	0	0	0
AF	0	0.230481	88	63	25	0	0	0	0
AF	0	0.230793	145	96	49	0	0	0	0
AF	0	0.231106	71	47	24	0	0	0	0
AF	0	0.231418	181	116	65	0	0	0	0
AF	0	0.231730	104	73	31	0	0	0	0
AF	0	0.232042	192	130	62	0	0	0	0
AF	0	0.232355	95	68	27	0	0	0	0
AF	0	0.232667	151	93	58	0	0	0	0
AF	0	0.232979	74	49	25	0	0	0	0
AF	0	0.233292	167	111	56	0	0	0	0
AF	0	0.233604	86	56	30	0	0	0	0
AF	0	0.233916	130	73	57	0	0	0	0
AF	0	0.234229	76	54	22	0	0	0	0
AF	0	0.234541	169	103	66	0	0	0	0
AF	0	0.234853	83	51	32	0	0	0	0
AF	0	0.235166	116	83	33	0	0	0	0
AF	0	0.235478	80	60	20	0	0	0	0
AF	0	0.235790	162	111	51	0	0	0	0
AF	0	0.236102	108	76	32	0	0	0	0
AF	0	0.236415	137	96	41	0	0	0	0
AF	0	0.236727	75	54	21	0	0	0	0
AF	0	0.237039	144	100	44	0	0	0	0
AF	0	0.237352	75	60	15	0	0	0	0
AF	0	0.237664	133	82	51	0	0	0	0
AF	0	0.237976	59	36	23	0	0	0	0
AF	0	0.238289	146	89	57	0	0	0	0
AF	0	0.238601	75	50	25	0	0	0	0
AF	0	0.238913	171	123	48	0	0	0	0
AF	0	0.239225	67	44	23	0	0	0	0
AF	0	0.239538	169	113	56	0	0	0	0
AF	0	0.239850	92	58	34	0	0	0	0
AF	0	0.240162	121	71	50	0	0	0	0
AF	0	0.240475	59	42	17	0	0	0	0
AF	0	0.240787	142	92	50	0	0	0	0
AF	0	0.241099	78	38	40	0	0	0	0
AF	0	0.241412	150	92	58	0	0	0	0
AF	0	0.241724	63	50	13	0	0	0	0
AF	0	0.242036	141	98	43	0	0	0	0
AF	0	0.242349	61	42	19	0	0	0	0
AF	0	0.242661	126	82	44	0	0	0	0
AF	0	0.242973	59	48	11	0	0	0	0
AF	0	0.243285	134	88	46	0	0	0	0
AF	0	0.243598	79	49	30	0	0	0	0
AF	0	0.243910	137	91	46	0	0	0	0
AF	0	0.244222	86	53	33	0	0	0	0
AF	0	0.244535	137	97	40	0	0	0	0
AF	0	0.244847	78	48	30	0	0	0	0
AF	0	0.245159	163	114	49	0	0	0	0
AF	0	0.245472	81	56	25	0	0	0	0
AF	0	0.245784	154	104	50	0	0	0	0
AF	0	0.246096	88	58	30	0	0	0	0
AF	0	0.246408	157	114	43	0	0	0	0
AF	0	0.246721	76	49	27	0	0	0	0
AF	0	0.247033	197	118	79	0	0	0	0
AF	0	0.247345	83	51	32	0	0	0	0
AF	0	0.247658	154	100	54	0	0	0	0
AF	0	0.247970	64	44	20	0	0	0	0
AF	0	0.248282	163	105	58	0	0	0	0
AF	0	0.248595	94	51	43	0	0	0	0
AF	0	0.248907	180	126	54	0	0	0	0
AF	0	0.249219	99	69	30	0	0	0	0
AF	0	0.249532	221	147	74	0	0	0	0
AF	0	0.249844	92	63	29	0	0	0	0
AF	0	0.250156	139	84	55	0	0	0	0
AF	0	0.250468	73	50	23	0	0	0	0
AF	0	0.250781	155	103	52	0	0	0	0
AF	0	0.251093	73	45	28	0	0	0	0
AF	0	0.251405	169	110	59	0	0	0	0
AF	0	0.251718	93	60	33	0	0	0	0
AF	0	0.252030	152	109	43	0	0	0	0
AF	0	0.252342	87	59	28	0	0	0	0
AF	0	0.252655	145	89	56	0	0	0	0
AF	0	0.252967	67	43	24	0	0	0	0
AF	0	0.253279	148	99	49	0	0	0	0
AF	0	0.253592	79	48	31	0	0	0	0
AF	0	0.253904	145	103	42	0	0	0	0
AF	0	0.254216	96	70	26	0	0	0	0
AF	0	0.254528	173	112	61	0	0	0	0
AF	0	0.254841	72	39	33	0	0	0	0
AF	0	0.255153	161	111	50	0	0	0	0
AF	0	0.255465	94	62	32	0	0	0	0
AF	0	0.255778	172	111	61	0	0	0	0
AF	0	0.256090	83	50	33	0	0	0	0
AF	0	0.256402	156	103	53	0	0	0	0
AF	0	0.256715	66	43	23	0	0	0	0
AF	0	0.257027	157	105	52	0	0	0	0
AF	0	0.257339	71	47	24	0	0	0	0
AF	0	0.257651	164	109	55	0	0	0	0
AF	0	0.257964	59	32	27	0	0	0	0
AF	0	0.258276	127	75	52	0	0	0	0
AF	0	0.258588	78	52	26	0	0	0	0
AF	0	0.258901	127	98	29	0	0	0	0
AF	0	0.259213	92	70	22	0	0	0	0
AF	0	0.259525	135	94	41	0	0	0	0
AF	0	0.259838	65	37	28	0	0	0	0
AF	0	0.260150	141	83	58	0	0	0	0
AF	0	0.260462	65	41	24	0	0	0	0
AF	0	0.260775	152	101	51	0	0	0	0
AF	0	0.261087	97	62	35	0	0	0	0
AF	0	0.261399	140	94	46	0	0	0	0
AF	0	0.261711	77	54	23	0	0	0	0
AF	0	0.262024	120	74	46	0	0	0	0
AF	0	0.262336	75	50	25	0	0	0	0
AF	0	0.262648	141	88	53	0	0	0	0
AF	0	0.262961	85	50	35	0	0	0	0
AF	0	0.263273	163	110	53	0	0	0	0
AF	0	0.263585	73	42	31	0	0	0	0
AF	0	0.263898	136	90	46	0	0	0	0
AF	0	0.264210	59	41	18	0	0	0	0
AF	0	0.264522	112	75	37	0	0	0	0
AF	0	0.264834	59	45	14	0	0	0	0
AF	0	0.265147	127	83	44	0	0	0	0
AF	0	0.265459	69	49	20	0	0	0	0
AF	0	0.265771	109	69	40	0	0	0	0
AF	0	0.266084	81	51	30	0	0	0	0
AF	0	0.266396	152	103	49	0	0	0	0
AF	0	0.266708	88	58	30	0	0	0	0
AF	0	0.267021	141	90	51	0	0	0	0
AF	0	0.267333	78	60	18	0	0	0	0
AF	0	0.267645	122	85	37	0	0	0	0
AF	0	0.267958	53	35	18	0	0	0	0
AF	0	0.268270	115	82	33	0	0	0	0
AF	0	0.268582	55	42	13	0	0	0	0
AF	0	0.268894	158	105	53	0	0	0	0
AF	0	0.269207	105	77	28	0	0	0	0
AF	0	0.269519	205	133	72	0	0	0	0
AF	0	0.269831	63	42	21	0	0	0	0
AF	0	0.270144	152	102	50	0	0	0	0
AF	0	0.270456	88	52	36	0	0	0	0
AF	0	0.270768	104	68	36	0	0	0	0
AF	0	0.271081	58	39	19	0	0	0	0
AF	0	0.271393	120	77	43	0	0	0	0
AF	0	0.271705	57	36	21	0	0	0	0
AF	0	0.272017	124	75	49	0	0	0	0
AF	0	0.272330	45	26	19	0	0	0	0
AF	0	0.272642	113	73	40	0	0	0	0
AF	0	0.272954	56	35	21	0	0	0	0
AF	0	0.273267	125	69	56	0	0	0	0
AF	0	0.273579	57	36	21	0	0	0	0
AF	0	0.273891	109	81	28	0	0	0	0
AF	0	0.274204	90	56	34	0	0	0	0
AF	0	0.274516	150	100	50	0	0	0	0
AF	0	0.274828	64	42	22	0	0	0	0
AF	0	0.275141	143	83	60	0	0	0	0
AF	0	0.275453	94	54	40	0	0	0	0
AF	0	0.275765	168	106	62	0	0	0	0
AF	0	0.276077	109	64	45	0	0	0	0
AF	0	0.276390	272	186	86	0	0	0	0
AF	0	0.276702	97	69	28	0	0	0	0
AF	0	0.277014	158	102	56	0	0	0	0
AF	0	0.277327	61	41	20	0	0	0	0
AF	0	0.277639	113	74	39	0	0	0	0
AF	0	0.277951	73	45	28	0	0	0	0
AF	0	0.278264	135	93	42	0	0	0	0
AF	0	0.278576	63	40	23	0	0	0	0
AF	0	0.278888	108	69	39	0	0	0	0
AF	0	0.279200	69	40	29	0	0	0	0
AF	0	0.279513	138	95	43	0	0	0	0
AF	0	0.279825	74	45	29	0	0	0	0
AF	0	0.280137	146	91	55	0	0	0	0
AF	0	0.280450	70	45	25	0	0	0	0
AF	0	0.280762	114	73	41	0	0	0	0
AF	0	0.281074	51	36	15	0	0	0	0
AF	0	0.281387	133	89	44	0	0	0	0
AF	0	0.281699	64	40	24	0	0	0	0
AF	0	0.282011	109	79	30	0	0	0	0
AF	0	0.282324	58	36	22	0	0	0	0
AF	0	0.282636	134	90	44	0	0	0	0
AF	0	0.282948	83	55	28	0	0	0	0
AF	0	0.283260	133	90	43	0	0	0	0
AF	0	0.283573	50	38	12	0	0	0	0
AF	0	0.283885	142	92	50	0	0	0	0
AF	0	0.284197	76	44	32	0	0	0	0
AF	0	0.284510	107	74	33	0	0	0	0
AF	0	0.284822	79	48	31	0	0	0	0
AF	0	0.285134	128	87	41	0	0	0	0
AF	0	0.285447	51	34	17	0	0	0	0
AF	0	0.285759	110	78	32	0	0	0	0
AF	0	0.286071	78	50	28	0	0	0	0
AF	0	0.286384	126	85	41	0	0	0	0
AF	0	0.286696	84	60	24	0	0	0	0
AF	0	0.287008	130	91	39	0	0	0	0
AF	0	0.287320	61	39	22	0	0	0	0
AF	0	0.287633	85	53	32	0	0	0	0
AF	0	0.287945	66	43	23	0	0	0	0
AF	0	0.288257	107	75	32	0	0	0	0
AF	0	0.288570	48	32	16	0	0	0	0
AF	0	0.288882	109	78	31	0	0	0	0
AF	0	0.289194	48	36	12	0	0	0	0
AF	0	0.289507	117	75	42	0	0	0	0
AF	0	0.289819	42	30	12	0	0	0	0
AF	0	0.290131	108	70	38	0	0	0	0
AF	0	0.290443	51	32	19	0	0	0	0
AF	0	0.290756	95	56	39	0	0	0	0
AF	0	0.291068	54	42	12	0	0	0	0
AF	0	0.291380	111	75	36	0	0	0	0
AF	0	0.291693	59	37	22	0	0	0	0
AF	0	0.292005	110	79	31	0	0	0	0
AF	0	0.292317	55	35	20	0	0	0	0
AF	0	0.292630	81	57	24	0	0	0	0
AF	0	0.292942	47	32	15	0	0	0	0
AF	0	0.293254	88	61	27	0	0	0	0
AF	0	0.293567	41	30	11	0	0	0	0
AF	0	0.293879	93	58	35	0	0	0	0
AF	0	0.294191	54	33	21	0	0	0	0
AF	0	0.294503	100	57	43	0	0	0	0
AF	0	0.294816	48	28	20	0	0	0	0
AF	0	0.295128	109	80	29	0	0	0	0
AF	0	0.295440	63	40	23	0	0	0	0
AF	0	0.295753	148	98	50	0	0	0	0
AF	0	0.296065	53	38	15	0	0	0	0
AF	0	0.296377	127	76	51	0	0	0	0
AF	0	0.296690	61	38	23	0	0	0	0
AF	0	0.297002	115	73	42	0	0	0	0
AF	0	0.297314	63	39	24	0	0	0	0
AF	0	0.297626	138	96	42	0	0	0	0
AF	0	0.297939	61	43	18	0	0	0	0
AF	0	0.298251	109	79	30	0	0	0	0
AF	0	0.298563	45	29	16	0	0	0	0
AF	0	0.298876	102	56	46	0	0	0	0
AF	0	0.299188	59	41	18	0	0	0	0
AF	0	0.299500	100	66	34	0	0	0	0
AF	0	0.299813	49	32	17	0	0	0	0
AF	0	0.300125	108	76	32	0	0	0	0
AF	0	0.300437	71	50	21	0	0	0	0
AF	0	0.300750	136	87	49	0	0	0	0
AF	0	0.301062	70	50	20	0	0	0	0
AF	0	0.301374	123	80	43	0	0	0	0
AF	0	0.301686	48	28	20	0	0	0	0
AF	0	0.301999	96	62	34	0	0	0	0
AF	0	0.302311	48	29	19	0	0	0	0
AF	0	0.302623	76	51	25	0	0	0	0
AF	0	0.302936	55	35	20	0	0	0	0
AF	0	0.303248	115	74	41	0	0	0	0
AF	0	0.303560	81	56	25	0	0	0	0
AF	0	0.303873	137	98	39	0	0	0	0
AF	0	0.304185	59	48	11	0	0	0	0
AF	0	0.304497	118	65	53	0	0	0	0
AF	0	0.304809	56	35	21	0	0	0	0
AF	0	0.305122	142	97	45	0	0	0	0
AF	0	0.305434	69	54	15	0	0	0	0
AF	0	0.305746	141	101	40	0	0	0	0
AF	0	0.306059	67	41	26	0	0	0	0
AF	0	0.306371	108	70	38	0	0	0	0
AF	0	0.306683	60	40	20	0	0	0	0
AF	0	0.306996	108	67	41	0	0	0	0
AF	0	0.307308	69	49	20	0	0	0	0
AF	0	0.307620	152	100	52	0	0	0	0
AF	0	0.307933	60	47	13	0	0	0	0
AF	0	0.308245	99	69	30	0	0	0	0
AF	0	0.308557	49	38	11	0	0	0	0
AF	0	0.308869	105	66	39	0	0	0	0
AF	0	0.309182	55	32	23	0	0	0	0
AF	0	0.309494	106	74	32	0	0	0	0
AF	0	0.309806	54	32	22	0	0	0	0
AF	0	0.310119	94	61	33	0	0	0	0
AF	0	0.310431	49	27	22	0	0	0	0
AF	0	0.310743	89	56	33	0	0	0	0
AF	0	0.311056	56	28	28	0	0	0	0
AF	0	0.311368	118	75	43	0	0	0	0
AF	0	0.311680	59	38	21	0	0	0	0
AF	0	0.311993	96	61	35	0	0	0	0
AF	0	0.312305	52	34	18	0	0	0	0
AF	0	0.312617	115	77	38	0	0	0	0
AF	0	0.312929	62	44	18	0	0	0	0
AF	0	0.313242	110	72	38	0	0	0	0
AF	0	0.313554	43	27	16	0	0	0	0
AF	0	0.313866	111	66	45	0	0	0	0
AF	0	0.314179	49	31	18	0	0	0	0
AF	0	0.314491	96	58	38	0	0	0	0
AF	0	0.314803	54	40	14	0	0	0	0
AF	0	0.315116	90	62	28	0	0	0	0
AF	0	0.315428	50	39	11	0	0	0	0
AF	0	0.315740	142	103	39	0	0	0	0
AF	0	0.316052	45	27	18	0	0	0	0
AF	0	0.316365	112	79	33	0	0	0	0
AF	0	0.316677	68	49	19	0	0	0	0
AF	0	0.316989	99	70	29	0	0	0	0
AF	0	0.317302	43	30	13	0	0	0	0
AF	0	0.317614	100	68	32	0	0	0	0
AF	0	0.317926	62	46	16	0	0	0	0
AF	0	0.318239	109	72	37	0	0	0	0
AF	0	0.318551	97	68	29	0	0	0	0
AF	0	0.318863	126	87	39	0	0	0	0
AF	0	0.319176	55	28	27	0	0	0	0
AF	0	0.319488	114	73	41	0	0	0	0
AF	0	0.319800	64	47	17	0	0	0	0
AF	0	0.320112	134	98	36	0	0	0	0
AF	0	0.320425	44	28	16	0	0	0	0
AF	0	0.320737	133	89	44	0	0	0	0
AF	0	0.321049	70	49	21	0	0	0	0
AF	0	0.321362	97	60	37	0	0	0	0
AF	0	0.321674	54	33	21	0	0	0	0
AF	0	0.321986	141	92	49	0	0	0	0
AF	0	0.322299	66	46	20	0	0	0	0
AF	0	0.322611	110	74	36	0	0	0	0
AF	0	0.322923	59	35	24	0	0	0	0
AF	0	0.323235	96	63	33	0	0	0	0
AF	0	0.323548	59	39	20	0	0	0	0
AF	0	0.323860	107	78	29	0	0	0	0
AF	0	0.324172	65	42	23	0	0	0	0
AF	0	0.324485	111	69	42	0	0	0	0
AF	0	0.324797	67	42	25	0	0	0	0
AF	0	0.325109	111	76	35	0	0	0	0
AF	0	0.325422	64	38	26	0	0	0	0
AF	0	0.325734	102	64	38	0	0	0	0
AF	0	0.326046	58	41	17	0	0	0	0
AF	0	0.326359	91	58	33	0	0	0	0
AF	0	0.326671	78	57	21	0	0	0	0
AF	0	0.326983	123	76	47	0	0	0	0
AF	0	0.327295	74	49	25	0	0	0	0
AF	0	0.327608	107	72	35	0	0	0	0
AF	0	0.327920	72	43	29	0	0	0	0
AF	0	0.328232	134	90	44	0	0	0	0
AF	0	0.328545	66	36	30	0	0	0	0
AF	0	0.328857	126	72	54	0	0	0	0
AF	0	0.329169	73	51	22	0	0	0	0
AF	0	0.329482	143	98	45	0	0	0	0
AF	0	0.329794	83	58	25	0	0	0	0
AF	0	0.330106	133	87	46	0	0	0	0
AF	0	0.330418	69	54	15	0	0	0	0
AF	0	0.330731	111	79	32	0	0	0	0
AF	0	0.331043	39	29	10	0	0	0	0
AF	0	0.331355	114	82	32	0	0	0	0
AF	0	0.331668	66	40	26	0	0	0	0
AF	0	0.331980	97	62	35	0	0	0	0
AF	0	0.332292	76	54	22	0	0	0	0
AF	0	0.332605	133	92	41	0	0	0	0
AF	0	0.332917	57	33	24	0	0	0	0
AF	0	0.333229	125	86	39	0	0	0	0
AF	0	0.333542	109	70	39	0	0	0	0
AF	0	0.333854	61	37	24	0	0	0	0
AF	0	0.334166	119	74	45	0	0	0	0
AF	0	0.334478	46	30	16	0	0	0	0
AF	0	0.334791	99	74	25	0	0	0	0
AF	0	0.335103	56	35	21	0	0	0	0
AF	0	0.335415	116	76	40	0	0	0	0
AF	0	0.335728	64	46	18	0	0	0	0
AF	0	0.336040	128	94	34	0	0	0	0
AF	0	0.336352	82	52	30	0	0	0	0
AF	0	0.336665	133	97	36	0	0	0	0
AF	0	0.336977	79	50	29	0	0	0	0
AF	0	0.337289	152	100	52	0	0	0	0
AF	0	0.337601	43	28	15	0	0	0	0
AF	0	0.337914	99	58	41	0	0	0	0
AF	0	0.338226	52	38	14	0	0	0	0
AF	0	0.338538	120	79	41	0	0	0	0
AF	0	0.338851	51	33	18	0	0	0	0
AF	0	0.339163	101	73	28	0	0	0	0
AF	0	0.339475	44	29	15	0	0	0	0
AF	0	0.339788	114	76	38	0	0	0	0
AF	0	0.340100	63	40	23	0	0	0	0
AF	0	0.340412	101	73	28	0	0	0	0
AF	0	0.340725	49	36	13	0	0	0	0
AF	0	0.341037	116	62	54	0	0	0	0
AF	0	0.341349	44	32	12	0	0	0	0
AF	0	0.341661	154	93	61	0	0	0	0
AF	0	0.341974	84	57	27	0	0	0	0
AF	0	0.342286	162	117	45	0	0	0	0
AF	0	0.342598	97	59	38	0	0	0	0
AF	0	0.342911	134	81	53	0	0	0	0
AF	0	0.343223	86	63	23	0	0	0	0
AF	0	0.343535	141	88	53	0	0	0	0
AF	0	0.343848	57	36	21	0	0	0	0
AF	0	0.344160	112	73	39	0	0	0	0
AF	0	0.344472	65	41	24	0	0	0	0
AF	0	0.344785	130	79	51	0	0	0	0
AF	0	0.345097	56	39	17	0	0	0	0
AF	0	0.345409	108	66	42	0	0	0	0
AF	0	0.345721	61	41	20	0	0	0	0
AF	0	0.346034	127	92	35	0	0	0	0
AF	0	0.346346	56	33	23	0	0	0	0
AF	0	0.346658	125	81	44	0	0	0	0
AF	0	0.346971	49	38	11	0	0	0	0
AF	0	0.347283	93	66	27	0	0	0	0
AF	0	0.347595	60	42	18	0	0	0	0
AF	0	0.347908	103	74	29	0	0	0	0
AF	0	0.348220	48	34	14	0	0	0	0
AF	0	0.348532	95	63	32	0	0	0	0
AF	0	0.348844	51	31	20	0	0	0	0
AF	0	0.349157	88	48	40	0	0	0	0
AF	0	0.349469	46	28	18	0	0	0	0
AF	0	0.349781	103	74	29	0	0	0	0
AF	0	0.350094	67	48	19	0	0	0	0
AF	0	0.350406	119	80	39	0	0	0	0
AF	0	0.350718	44	33	11	0	0	0	0
AF	0	0.351031	98	64	34	0	0	0	0
AF	0	0.351343	49	28	21	0	0	0	0
AF	0	0.351655	100	67	33	0	0	0	0
AF	0	0.351968	45	36	9	0	0	0	0
AF	0	0.352280	132	77	55	0	0	0	0
AF	0	0.352592	58	38	20	0	0	0	0
AF	0	0.352904	109	72	37	0	0	0	0
AF	0	0.353217	37	28	9	0	0	0	0
AF	0	0.353529	90	58	32	0	0	0	0
AF	0	0.353841	43	27	16	0	0	0	0
AF	0	0.354154	97	66	31	0	0	0	0
AF	0	0.354466	48	34	14	0	0	0	0
AF	0	0.354778	93	55	38	0	0	0	0
AF	0	0.355091	46	34	12	0	0	0	0
AF	0	0.355403	87	56	31	0	0	0	0
AF	0	0.355715	62	39	23	0	0	0	0
AF	0	0.356027	137	85	52	0	0	0	0
AF	0	0.356340	55	33	22	0	0	0	0
AF	0	0.356652	92	53	39	0	0	0	0
AF	0	0.356964	62	45	17	0	0	0	0
AF	0	0.357277	113	79	34	0	0	0	0
AF	0	0.357589	54	35	19	0	0	0	0
AF	0	0.357901	105	64	41	0	0	0	0
AF	0	0.358214	70	50	20	0	0	0	0
AF	0	0.358526	123	88	35	0	0	0	0
AF	0	0.358838	83	54	29	0	0	0	0
AF	0	0.359151	180	121	59	0	0	0	0
AF	0	0.359463	88	57	31	0	0	0	0
AF	0	0.359775	114	75	39	0	0	0	0
AF	0	0.360087	47	36	11	0	0	0	0
AF	0	0.360400	115	70	45	0	0	0	0
AF	0	0.360712	47	34	13	0	0	0	0
AF	0	0.361024	92	63	29	0	0	0	0
AF	0	0.361337	56	37	19	0	0	0	0
AF	0	0.361649	105	63	42	0	0	0	0
AF	0	0.361961	61	32	29	0	0	0	0
AF	0	0.362274	128	87	41	0	0	0	0
AF	0	0.362586	61	37	24	0	0	0	0
AF	0	0.362898	106	68	38	0	0	0	0
AF	0	0.363210	68	46	22	0	0	0	0
AF	0	0.363523	110	70	40	0	0	0	0
AF	0	0.363835	50	33	17	0	0	0	0
AF	0	0.364147	150	91	59	0	0	0	0
AF	0	0.364460	80	57	23	0	0	0	0
AF	0	0.364772	138	89	49	0	0	0	0
AF	0	0.365084	40	28	12	0	0	0	0
AF	0	0.365397	97	68	29	0	0	0	0
AF	0	0.365709	48	32	16	0	0	0	0
AF	0	0.366021	83	59	24	0	0	0	0
AF	0	0.366334	54	41	13	0	0	0	0
AF	0	0.366646	105	68	37	0	0	0	0
AF	0	0.366958	44	32	12	0	0	0	0
AF	0	0.367270	97	66	31	0	0	0	0
AF	0	0.367583	63	37	26	0	0	0	0
AF	0	0.367895	102	75	27	0	0	0	0
AF	0	0.368207	39	26	13	0	0	0	0
AF	0	0.368520	98	62	36	0	0	0	0
AF	0	0.368832	29	18	11	0	0	0	0
AF	0	0.369144	117	82	35	0	0	0	0
AF	0	0.369457	55	35	20	0	0	0	0
AF	0	0.369769	96	63	33	0	0	0	0
AF	0	0.370081	48	36	12	0	0	0	0
AF	0	0.370394	81	50	31	0	0	0	0
AF	0	0.370706	50	34	16	0	0	0	0
AF	0	0.371018	97	59	38	0	0	0	0
AF	0	0.371330	40	28	12	0	0	0	0
AF	0	0.371643	93	64	29	0	0	0	0
AF	0	0.371955	56	42	14	0	0	0	0
AF	0	0.372267	98	72	26	0	0	0	0
AF	0	0.372580	75	45	30	0	0	0	0
AF	0	0.372892	118	78	40	0	0	0	0
AF	0	0.373204	42	34	8	0	0	0	0
AF	0	0.373517	83	55	28	0	0	0	0
AF	0	0.373829	37	26	11	0	0	0	0
AF	0	0.374141	95	66	29	0	0	0	0
AF	0	0.374453	45	31	14	0	0	0	0
AF	0	0.374766	101	65	36	0	0	0	0
AF	0	0.375078	64	49	15	0	0	0	0
AF	0	0.375390	93	67	26	0	0	0	0
AF	0	0.375703	49	34	15	0	0	0	0
AF	0	0.376015	86	61	25	0	0	0	0
AF	0	0.376327	45	26	19	0	0	0	0
AF	0	0.376640	92	66	26	0	0	0	0
AF	0	0.376952	45	33	12	0	0	0	0
AF	0	0.377264	98	66	32	0	0	0	0
AF	0	0.377577	35	26	9	0	0	0	0
AF	0	0.377889	81	54	27	0	0	0	0
AF	0	0.378201	50	39	11	0	0	0	0
AF	0	0.378513	84	58	26	0	0	0	0
AF	0	0.378826	43	34	9	0	0	0	0
AF	0	0.379138	95	64	31	0	0	0	0
AF	0	0.379450	46	32	14	0	0	0	0
AF	0	0.379763	83	59	24	0	0	0	0
AF	0	0.380075	45	31	14	0	0	0	0
AF	0	0.380387	108	66	42	0	0	0	0
AF	0	0.380700	61	36	25	0	0	0	0
AF	0	0.381012	108	73	35	0	0	0	0
AF	0	0.381324	46	30	16	0	0	0	0
AF	0	0.381636	74	53	21	0	0	0	0
AF	0	0.381949	46	28	18	0	0	0	0
AF	0	0.382261	84	48	36	0	0	0	0
AF	0	0.382573	40	27	13	0	0	0	0
AF	0	0.382886	70	41	29	0	0	0	0
AF	0	0.383198	43	27	16	0	0	0	0
AF	0	0.383510	72	55	17	0	0	0	0
AF	0	0.383823	38	26	12	0	0	0	0
AF	0	0.384135	69	51	18	0	0	0	0
AF	0	0.384447	50	37	13	0	0	0	0
AF	0	0.384760	68	41	27	0	0	0	0
AF	0	0.385072	32	20	12	0	0	0	0
AF	0	0.385384	70	49	21	0	0	0	0
AF	0	0.385696	39	28	11	0	0	0	0
AF	0	0.386009	72	42	30	0	0	0	0
AF	0	0.386321	45	28	17	0	0	0	0
AF	0	0.386633	70	55	15	0	0	0	0
AF	0	0.386946	33	21	12	0	0	0	0
AF	0	0.387258	80	54	26	0	0	0	0
AF	0	0.387570	38	25	13	0	0	0	0
AF	0	0.387883	101	67	34	0	0	0	0
AF	0	0.388195	46	32	14	0	0	0	0
AF	0	0.388507	97	65	32	0	0	0	0
AF	0	0.388819	42	27	15	0	0	0	0
AF	0	0.389132	71	53	18	0	0	0	0
AF	0	0.389444	35	25	10	0	0	0	0
AF	0	0.389756	97	64	33	0	0	0	0
AF	0	0.390069	51	32	19	0	0	0	0
AF	0	0.390381	81	52	29	0	0	0	0
AF	0	0.390693	50	37	13	0	0	0	0
AF	0	0.391006	86	55	31	0	0	0	0
AF	0	0.391318	52	34	18	0	0	0	0
AF	0	0.391630	104	66	38	0	0	0	0
AF	0	0.391943	40	28	12	0	0	0	0
AF	0	0.392255	95	68	27	0	0	0	0
AF	0	0.392567	40	27	13	0	0	0	0
AF	0	0.392879	79	47	32	0	0	0	0
AF	0	0.393192	56	29	27	0	0	0	0
AF	0	0.393504	100	64	36	0	0	0	0
AF	0	0.393816	65	38	27	0	0	0	0
AF	0	0.394129	99	53	46	0	0	0	0
AF	0	0.394441	46	31	15	0	0	0	0
AF	0	0.394753	93	62	31	0	0	0	0
AF	0	0.395066	34	25	9	0	0	0	0
AF	0	0.395378	97	66	31	0	0	0	0
AF	0	0.395690	44	30	14	0	0	0	0
AF	0	0.396002	83	56	27	0	0	0	0
AF	0	0.396315	59	45	14	0	0	0	0
AF	0	0.396627	72	49	23	0	0	0	0
AF	0	0.396939	41	28	13	0	0	0	0
AF	0	0.397252	96	65	31	0	0	0	0
AF	0	0.397564	44	28	16	0	0	0	0
AF	0	0.397876	73	49	24	0	0	0	0
AF	0	0.398189	50	39	11	0	0	0	0
AF	0	0.398501	107	67	40	0	0	0	0
AF	0	0.398813	59	40	19	0	0	0	0
AF	0	0.399126	99	69	30	0	0	0	0
AF	0	0.399438	44	29	15	0	0	0	0
AF	0	0.399750	91	60	31	0	0	0	0
AF	0	0.400062	31	21	10	0	0	0	0
AF	0	0.400375	89	63	26	0	0	0	0
AF	0	0.400687	37	25	12	0	0	0	0
AF	0	0.400999	82	44	38	0	0	0	0
AF	0	0.401312	38	30	8	0	0	0	0
AF	0	0.401624	73	53	20	0	0	0	0
AF	0	0.401936	30	17	13	0	0	0	0
AF	0	0.402249	74	48	26	0	0	0	0
AF	0	0.402561	46	24	22	0	0	0	0
AF	0	0.402873	77	48	29	0	0	0	0
AF	0	0.403186	31	20	11	0	0	0	0
AF	0	0.403498	103	66	37	0	0	0	0
AF	0	0.403810	60	38	22	0	0	0	0
AF	0	0.404122	93	63	30	0	0	0	0
AF	0	0.404435	37	26	11	0	0	0	0
AF	0	0.404747	71	50	21	0	0	0	0
AF	0	0.405059	45	31	14	0	0	0	0
AF	0	0.405372	87	59	28	0	0	0	0
AF	0	0.405684	46	30	16	0	0	0	0
AF	0	0.405996	89	66	23	0	0	0	0
AF	0	0.406309	50	38	12	0	0	0	0
AF	0	0.406621	77	58	19	0	0	0	0
AF	0	0.406933	37	26	11	0	0	0	0
AF	0	0.407245	80	50	30	0	0	0	0
AF	0	0.407558	59	40	19	0	0	0	0
AF	0	0.407870	85	50	35	0	0	0	0
AF	0	0.408182	40	25	15	0	0	0	0
AF	0	0.408495	84	61	23	0	0	0	0
AF	0	0.408807	40	27	13	0	0	0	0
AF	0	0.409119	78	55	23	0	0	0	0
AF	0	0.409432	42	32	10	0	0	0	0
AF	0	0.409744	87	61	26	0	0	0	0
AF	0	0.410056	45	31	14	0	0	0	0
AF	0	0.410369	67	46	21	0	0	0	0
AF	0	0.410681	39	21	18	0	0	0	0
AF	0	0.410993	80	55	25	0	0	0	0
AF	0	0.411305	47	38	9	0	0	0	0
AF	0	0.411618	100	69	31	0	0	0	0
AF	0	0.411930	81	56	25	0	0	0	0
AF	0	0.412242	167	117	50	0	0	0	0
AF	0	0.412555	40	31	9	0	0	0	0
AF	0	0.412867	79	55	24	0	0	0	0
AF	0	0.413179	38	30	8	0	0	0	0
AF	0	0.413492	78	49	29	0	0	0	0
AF	0	0.413804	38	28	10	0	0	0	0
AF	0	0.414116	76	47	29	0	0	0	0
AF	0	0.414428	44	32	12	0	0	0	0
AF	0	0.414741	86	59	27	0	0	0	0
AF	0	0.415053	42	24	18	0	0	0	0
AF	0	0.415365	76	55	21	0	0	0	0
AF	0	0.415678	40	19	21	0	0	0	0
AF	0	0.415990	84	54	30	0	0	0	0
AF	0	0.416302	49	30	19	0	0	0	0
AF	0	0.416615	78	50	28	0	0	0	0
AF	0	0.416927	49	39	10	0	0	0	0
AF	0	0.417239	80	53	27	0	0	0	0
AF	0	0.417552	50	32	18	0	0	0	0
AF	0	0.417864	78	55	23	0	0	0	0
AF	0	0.418176	36	25	11	0	0	0	0
AF	0	0.418488	91	58	33	0	0	0	0
AF	0	0.418801	39	23	16	0	0	0	0
AF	0	0.419113	93	66	27	0	0	0	0
AF	0	0.419425	59	36	23	0	0	0	0
AF	0	0.419738	106	75	31	0	0	0	0
AF	0	0.420050	46	32	14	0	0	0	0
AF	0	0.420362	95	60	35	0	0	0	0
AF	0	0.420675	40	21	19	0	0	0	0
AF	0	0.420987	78	51	27	0	0	0	0
AF	0	0.421299	43	28	15	0	0	0	0
AF	0	0.421611	68	40	28	0	0	0	0
AF	0	0.421924	37	25	12	0	0	0	0
AF	0	0.422236	92	66	26	0	0	0	0
AF	0	0.422548	48	36	12	0	0	0	0
AF	0	0.422861	71	50	21	0	0	0	0
AF	0	0.423173	35	28	7	0	0	0	0
AF	0	0.423485	75	55	20	0	0	0	0
AF	0	0.423798	42	27	15	0	0	0	0
AF	0	0.424110	108	79	29	0	0	0	0
AF	0	0.424422	58	37	21	0	0	0	0
AF	0	0.424735	80	46	34	0	0	0	0
AF	0	0.425047	39	26	13	0	0	0	0
AF	0	0.425359	92	59	33	0	0	0	0
AF	0	0.425671	47	30	17	0	0	0	0
AF	0	0.425984	111	73	38	0	0	0	0
AF	0	0.426296	85	55	30	0	0	0	0
AF	0	0.426608	127	83	44	0	0	0	0
AF	0	0.426921	47	29	18	0	0	0	0
AF	0	0.427233	75	55	20	0	0	0	0
AF	0	0.427545	33	28	5	0	0	0	0
AF	0	0.427858	78	51	27	0	0	0	0
AF	0	0.428170	48	37	11	0	0	0	0
AF	0	0.428482	103	72	31	0	0	0	0
AF	0	0.428795	43	27	16	0	0	0	0
AF	0	0.429107	68	41	27	0	0	0	0
AF	0	0.429419	36	22	14	0	0	0	0
AF	0	0.429731	92	63	29	0	0	0	0
AF	0	0.430044	48	31	17	0	0	0	0
AF	0	0.430356	79	51	28	0	0	0	0
AF	0	0.430668	35	27	8	0	0	0	0
AF	0	0.430981	83	56	27	0	0	0	0
AF	0	0.431293	58	40	18	0	0	0	0
AF	0	0.431605	113	74	39	0	0	0	0
AF	0	0.431918	57	36	21	0	0	0	0
AF	0	0.432230	131	82	49	0	0	0	0
AF	0	0.432542	58	39	19	0	0	0	0
AF	0	0.432854	79	52	27	0	0	0	0
AF	0	0.433167	52	32	20	0	0	0	0
AF	0	0.433479	95	63	32	0	0	0	0
AF	0	0.433791	59	40	19	0	0	0	0
AF	0	0.434104	96	69	27	0	0	0	0
AF	0	0.434416	32	21	11	0	0	0	0
AF	0	0.434728	105	68	37	0	0	0	0
AF	0	0.435041	49	38	11	0	0	0	0
AF	0	0.435353	89	60	29	0	0	0	0
AF	0	0.435665	51	33	18	0	0	0	0
AF	0	0.435978	106	87	19	0	0	0	0
AF	0	0.436290	66	47	19	0	0	0	0
AF	0	0.436602	104	78	26	0	0	0	0
AF	0	0.436914	41	26	15	0	0	0	0
AF	0	0.437227	68	45	23	0	0	0	0
AF	0	0.437539	47	36	11	0	0	0	0
AF	0	0.437851	83	55	28	0	0	0	0
AF	0	0.438164	50	39	11	0	0	0	0
AF	0	0.438476	83	51	32	0	0	0	0
AF	0	0.438788	42	27	15	0	0	0	0
AF	0	0.439101	94	65	29	0	0	0	0
AF	0	0.439413	56	34	22	0	0	0	0
AF	0	0.439725	83	53	30	0	0	0	0
AF	0	0.440037	42	25	17	0	0	0	0
AF	0	0.440350	74	55	19	0	0	0	0
AF	0	0.440662	42	29	13	0	0	0	0
AF	0	0.440974	78	47	31	0	0	0	0
AF	0	0.441287	48	32	16	0	0	0	0
AF	0	0.441599	105	71	34	0	0	0	0
AF	0	0.441911	45	31	14	0	0	0	0
AF	0	0.442224	114	76	38	0	0	0	0
AF	0	0.442536	53	26	27	0	0	0	0
AF	0	0.442848	112	68	44	0	0	0	0
AF	0	0.443161	33	21	12	0	0	0	0
AF	0	0.443473	88	57	31	0	0	0	0
AF	0	0.443785	37	27	10	0	0	0	0
AF	0	0.444097	75	51	24	0	0	0	0
AF	0	0.444410	85	56	29	0	0	0	0
AF	0	0.444722	38	24	14	0	0	0	0
AF	0	0.445034	77	48	29	0	0	0	0
AF	0	0.445347	42	28	14	0	0	0	0
AF	0	0.445659	87	58	29	0	0	0	0
AF	0	0.445971	31	25	6	0	0	0	0
AF	0	0.446284	88	61	27	0	0	0	0
AF	0	0.446596	41	34	7	0	0	0	0
AF	0	0.446908	107	72	35	0	0	0	0
AF	0	0.447220	32	18	14	0	0	0	0
AF	0	0.447533	101	73	28	0	0	0	0
AF	0	0.447845	48	32	16	0	0	0	0
AF	0	0.448157	115	75	40	0	0	0	0
AF	0	0.448470	51	33	18	0	0	0	0
AF	0	0.448782	95	66	29	0	0	0	0
AF	0	0.449094	47	30	17	0	0	0	0
AF	0	0.449407	72	51	21	0	0	0	0
AF	0	0.449719	33	17	16	0	0	0	0
AF	0	0.450031	64	43	21	0	0	0	0
AF	0	0.450344	45	31	14	0	0	0	0
AF	0	0.450656	75	54	21	0	0	0	0
AF	0	0.450968	33	20	13	0	0	0	0
AF	0	0.451280	68	42	26	0	0	0	0
AF	0	0.451593	35	25	10	0	0	0	0
AF	0	0.451905	58	38	20	0	0	0	0
AF	0	0.452217	36	25	11	0	0	0	0
AF	0	0.452530	59	42	17	0	0	0	0
AF	0	0.452842	32	22	10	0	0	0	0
AF	0	0.453154	54	30	24	0	0	0	0
AF	0	0.453467	23	12	11	0	0	0	0
AF	0	0.453779	98	64	34	0	0	0	0
AF	0	0.454091	39	22	17	0	0	0	0
AF	0	0.454403	82	55	27	0	0	0	0
AF	0	0.454716	53	33	20	0	0	0	0
AF	0	0.455028	84	51	33	0	0	0	0
AF	0	0.455340	48	29	19	0	0	0	0
AF	0	0.455653	85	59	26	0	0	0	0
AF	0	0.455965	47	29	18	0	0	0	0
AF	0	0.456277	88	61	27	0	0	0	0
AF	0	0.456590	50	33	17	0	0	0	0
AF	0	0.456902	95	68	27	0	0	0	0
AF	0	0.457214	53	34	19	0	0	0	0
AF	0	0.457527	107	69	38	0	0	0	0
AF	0	0.457839	56	36	20	0	0	0	0
AF	0	0.458151	110	74	36	0	0	0	0
AF	0	0.458463	56	37	19	0	0	0	0
AF	0	0.458776	169	112	57	0	0	0	0
AF	0	0.459088	59	38	21	0	0	0	0
AF	0	0.459400	101	72	29	0	0	0	0
AF	0	0.459713	74	46	28	0	0	0	0
AF	0	0.460025	97	58	39	0	0	0	0
AF	0	0.460337	41	31	10	0	0	0	0
AF	0	0.460650	89	59	30	0	0	0	0
AF	0	0.460962	35	19	16	0	0	0	0
AF	0	0.461274	97	71	26	0	0	0	0
AF	0	0.461587	53	37	16	0	0	0	0
AF	0	0.461899	124	86	38	0	0	0	0
AF	0	0.462211	54	35	19	0	0	0	0
AF	0	0.462523	117	78	39	0	0	0	0
AF	0	0.462836	62	43	19	0	0	0	0
AF	0	0.463148	117	69	48	0	0	0	0
AF	0	0.463460	67	47	20	0	0	0	0
AF	0	0.463773	97	64	33	0	0	0	0
AF	0	0.464085	41	29	12	0	0	0	0
AF	0	0.464397	95	61	34	0	0	0	0
AF	0	0.464710	51	38	13	0	0	0	0
AF	0	0.465022	90	59	31	0	0	0	0
AF	0	0.465334	52	32	20	0	0	0	0
AF	0	0.465646	98	65	33	0	0	0	0
AF	0	0.465959	58	40	18	0	0	0	0
AF	0	0.466271	82	56	26	0	0	0	0
AF	0	0.466583	42	26	16	0	0	0	0
AF	0	0.466896	93	64	29	0	0	0	0
AF	0	0.467208	61	44	17	0	0	0	0
AF	0	0.467520	106	70	36	0	0	0	0
AF	0	0.467833	52	38	14	0	0	0	0
AF	0	0.468145	101	68	33	0	0	0	0
AF	0	0.468457	53	25	28	0	0	0	0
AF	0	0.468770	99	73	26	0	0	0	0
AF	0	0.469082	41	25	16	0	0	0	0
AF	0	0.469394	98	63	35	0	0	0	0
AF	0	0.469706	51	33	18	0	0	0	0
AF	0	0.470019	90	56	34	0	0	0	0
AF	0	0.470331	51	28	23	0	0	0	0
AF	0	0.470643	91	59	32	0	0	0	0
AF	0	0.470956	37	21	16	0	0	0	0
AF	0	0.471268	111	72	39	0	0	0	0
AF	0	0.471580	61	40	21	0	0	0	0
AF	0	0.471893	102	65	37	0	0	0	0
AF	0	0.472205	53	38	15	0	0	0	0
AF	0	0.472517	108	77	31	0	0	0	0
AF	0	0.472829	47	30	17	0	0	0	0
AF	0	0.473142	106	76	30	0	0	0	0
AF	0	0.473454	50	36	14	0	0	0	0
AF	0	0.473766	83	52	31	0	0	0	0
AF	0	0.474079	53	38	15	0	0	0	0
AF	0	0.474391	91	62	29	0	0	0	0
AF	0	0.474703	42	29	13	0	0	0	0
AF	0	0.475016	70	46	24	0	0	0	0
AF	0	0.475328	53	33	20	0	0	0	0
AF	0	0.475640	86	56	30	0	0	0	0
AF	0	0.475953	59	43	16	0	0	0	0
AF	0	0.476265	83	53	30	0	0	0	0
AF	0	0.476577	31	19	12	0	0	0	0
AF	0	0.476889	83	55	28	0	0	0	0
AF	0	0.477202	49	33	16	0	0	0	0
AF	0	0.477514	81	54	27	0	0	0	0
AF	0	0.477826	33	24	9	0	0	0	0
AF	0	0.478139	76	51	25	0	0	0	0
AF	0	0.478451	41	28	13	0	0	0	0
AF	0	0.478763	84	57	27	0	0	0	0
AF	0	0.479076	51	36	15	0	0	0	0
AF	0	0.479388	87	59	28	0	0	0	0
AF	0	0.479700	40	27	13	0	0	0	0
AF	0	0.480012	83	59	24	0	0	0	0
AF	0	0.480325	45	32	13	0	0	0	0
AF	0	0.480637	82	55	27	0	0	0	0
AF	0	0.480949	37	22	15	0	0	0	0
AF	0	0.481262	86	53	33	0	0	0	0
AF	0	0.481574	36	23	13	0	0	0	0
AF	0	0.481886	78	58	20	0	0	0	0
AF	0	0.482199	42	30	12	0	0	0	0
AF	0	0.482511	76	57	19	0	0	0	0
AF	0	0.482823	32	21	11	0	0	0	0
AF	0	0.483136	68	45	23	0	0	0	0
AF	0	0.483448	40	26	14	0	0	0	0
AF	0	0.483760	78	50	28	0	0	0	0
AF	0	0.484072	46	36	10	0	0	0	0
AF	0	0.484385	89	50	39	0	0	0	0
AF	0	0.484697	30	14	16	0	0	0	0
AF	0	0.485009	84	60	24	0	0	0	0
AF	0	0.485322	51	35	16	0	0	0	0
AF	0	0.485634	73	51	22	0	0	0	0
AF	0	0.485946	41	31	10	0	0	0	0
AF	0	0.486259	70	44	26	0	0	0	0
AF	0	0.486571	39	23	16	0	0	0	0
AF	0	0.486883	58	45	13	0	0	0	0
AF	0	0.487196	30	23	7	0	0	0	0
AF	0	0.487508	65	39	26	0	0	0	0
AF	0	0.487820	47	39	8	0	0	0	0
AF	0	0.488132	71	52	19	0	0	0	0
AF	0	0.488445	27	18	9	0	0	0	0
AF	0	0.488757	68	52	16	0	0	0	0
AF	0	0.489069	32	23	9	0	0	0	0
AF	0	0.489382	66	45	21	0	0	0	0
AF	0	0.489694	27	21	6	0	0	0	0
AF	0	0.490006	64	41	23	0	0	0	0
AF	0	0.490319	32	26	6	0	0	0	0
AF	0	0.490631	69	52	17	0	0	0	0
AF	0	0.490943	21	13	8	0	0	0	0
AF	0	0.491255	53	42	11	0	0	0	0
AF	0	0.491568	39	25	14	0	0	0	0
AF	0	0.491880	63	44	19	0	0	0	0
AF	0	0.492192	32	24	8	0	0	0	0
AF	0	0.492505	71	47	24	0	0	0	0
AF	0	0.492817	27	19	8	0	0	0	0
AF	0	0.493129	79	58	21	0	0	0	0
AF	0	0.493442	62	42	20	0	0	0	0
AF	0	0.493754	109	75	34	0	0	0	0
AF	0	0.494066	30	22	8	0	0	0	0
AF	0	0.494379	60	38	22	0	0	0	0
AF	0	0.494691	35	19	16	0	0	0	0
AF	0	0.495003	55	39	16	0	0	0	0
AF	0	0.495315	27	16	11	0	0	0	0
AF	0	0.495628	67	40	27	0	0	0	0
AF	0	0.495940	35	26	9	0	0	0	0
AF	0	0.496252	57	37	20	0	0	0	0
AF	0	0.496565	42	32	10	0	0	0	0
AF	0	0.496877	59	40	19	0	0	0	0
AF	0	0.497189	33	22	11	0	0	0	0
AF	0	0.497502	82	54	28	0	0	0	0
AF	0	0.497814	44	30	14	0	0	0	0
AF	0	0.498126	70	42	28	0	0	0	0
AF	0	0.498438	49	35	14	0	0	0	0
AF	0	0.498751	76	55	21	0	0	0	0
AF	0	0.499063	42	27	15	0	0	0	0
AF	0	0.499375	76	44	32	0	0	0	0
AF	0	0.499688	46	27	19	0	0	0	0
AF	0	0.500000	65	45	20	0	0	0	0
AF	0	0.500312	33	24	9	0	0	0	0
AF	0	0.500625	82	59	23	0	0	0	0
AF	0	0.500937	36	27	9	0	0	0	0
AF	0	0.501249	77	53	24	0	0	0	0
AF	0	0.501562	26	11	15	0	0	0	0
AF	0	0.501874	61	45	16	0	0	0	0
AF	0	0.502186	35	23	12	0	0	0	0
AF	0	0.502498	63	40	23	0	0	0	0
AF	0	0.502811	50	27	23	0	0	0	0
AF	0	0.503123	51	30	21	0	0	0	0
AF	0	0.503435	27	21	6	0	0	0	0
AF	0	0.503748	67	48	19	0	0	0	0
AF	0	0.504060	38	20	18	0	0	0	0
AF	0	0.504372	72	42	30	0	0	0	0
AF	0	0.504685	25	17	8	0	0	0	0
AF	0	0.504997	45	28	17	0	0	0	0
AF	0	0.505309	35	25	10	0	0	0	0
AF	0	0.505621	63	42	21	0	0	0	0
AF	0	0.505934	41	27	14	0	0	0	0
AF	0	0.506246	64	38	26	0	0	0	0
AF	0	0.506558	36	24	12	0	0	0	0
AF	0	0.506871	68	49	19	0	0	0	0
AF	0	0.507183	46	31	15	0	0	0	0
AF	0	0.507495	48	32	16	0	0	0	0
AF	0	0.507808	47	28	19	0	0	0	0
AF	0	0.508120	82	48	34	0	0	0	0
AF	0	0.508432	33	21	12	0	0	0	0
AF	0	0.508745	78	52	26	0	0	0	0
AF	0	0.509057	44	30	14	0	0	0	0
AF	0	0.509369	60	43	17	0	0	0	0
AF	0	0.509681	35	24	11	0	0	0	0
AF	0	0.509994	61	36	25	0	0	0	0
AF	0	0.510306	44	29	15	0	0	0	0
AF	0	0.510618	50	39	11	0	0	0	0
AF	0	0.510931	39	26	13	0	0	0	0
AF	0	0.511243	89	64	25	0	0	0	0
AF	0	0.511555	31	26	5	0	0	0	0
AF	0	0.511868	87	57	30	0	0	0	0
AF	0	0.512180	41	37	4	0	0	0	0
AF	0	0.512492	70	41	29	0	0	0	0
AF	0	0.512804	40	27	13	0	0	0	0
AF	0	0.513117	61	34	27	0	0	0	0
AF	0	0.513429	37	24	13	0	0	0	0
AF	0	0.513741	71	46	25	0	0	0	0
AF	0	0.514054	32	18	14	0	0	0	0
AF	0	0.514366	84	55	29	0	0	0	0
AF	0	0.514678	50	33	17	0	0	0	0
AF	0	0.514991	81	58	23	0	0	0	0
AF	0	0.515303	33	24	9	0	0	0	0
AF	0	0.515615	75	45	30	0	0	0	0
AF	0	0.515928	48	30	18	0	0	0	0
AF	0	0.516240	77	43	34	0	0	0	0
AF	0	0.516552	37	23	14	0	0	0	0
AF	0	0.516864	89	61	28	0	0	0	0
AF	0	0.517177	47	25	22	0	0	0	0
AF	0	0.517489	65	42	23	0	0	0	0
AF	0	0.517801	28	23	5	0	0	0	0
AF	0	0.518114	66	41	25	0	0	0	0
AF	0	0.518426	36	26	10	0	0	0	0
AF	0	0.518738	66	43	23	0	0	0	0
AF	0	0.519051	32	23	9	0	0	0	0
AF	0	0.519363	68	41	27	0	0	0	0
AF	0	0.519675	36	26	10	0	0	0	0
AF	0	0.519988	83	62	21	0	0	0	0
AF	0	0.520300	50	31	19	0	0	0	0
AF	0	0.520612	90	58	32	0	0	0	0
AF	0	0.520924	36	21	15	0	0	0	0
AF	0	0.521237	102	71	31	0	0	0	0
AF	0	0.521549	46	31	15	0	0	0	0
AF	0	0.521861	82	50	32	0	0	0	0
AF	0	0.522174	41	24	17	0	0	0	0
AF	0	0.522486	85	56	29	0	0	0	0
AF	0	0.522798	35	25	10	0	0	0	0
AF	0	0.523111	68	45	23	0	0	0	0
AF	0	0.523423	46	30	16	0	0	0	0
AF	0	0.523735	54	31	23	0	0	0	0
AF	0	0.524047	34	28	6	0	0	0	0
AF	0	0.524360	62	38	24	0	0	0	0
AF	0	0.524672	44	22	22	0	0	0	0
AF	0	0.524984	65	48	17	0	0	0	0
AF	0	0.525297	30	15	15	0	0	0	0
AF	0	0.525609	70	49	21	0	0	0	0
AF	0	0.525921	33	22	11	0	0	0	0
AF	0	0.526234	66	50	16	0	0	0	0
AF	0	0.526546	28	15	13	0	0	0	0
AF	0	0.526858	68	41	27	0	0	0	0
AF	0	0.527171	25	13	12	0	0	0	0
AF	0	0.527483	68	39	29	0	0	0	0
AF	0	0.527795	31	22	9	0	0	0	0
AF	0	0.528107	84	58	26	0	0	0	0
AF	0	0.528420	39	24	15	0	0	0	0
AF	0	0.528732	71	46	25	0	0	0	0
AF	0	0.529044	56	37	19	0	0	0	0
AF	0	0.529357	77	47	30	0	0	0	0
AF	0	0.529669	37	23	14	0	0	0	0
AF	0	0.529981	71	48	23	0	0	0	0
AF	0	0.530294	28	17	11	0	0	0	0
AF	0	0.530606	71	51	20	0	0	0	0
AF	0	0.530918	43	27	16	0	0	0	0
AF	0	0.531230	65	45	20	0	0	0	0
AF	0	0.531543	29	14	15	0	0	0	0
AF	0	0.531855	80	51	29	0	0	0	0
AF	0	0.532167	37	24	13	0	0	0	0
AF	0	0.532480	84	65	19	0	0	0	0
AF	0	0.532792	51	35	16	0	0	0	0
AF	0	0.533104	77	50	27	0	0	0	0
AF	0	0.533417	36	25	11	0	0	0	0
AF	0	0.533729	64	39	25	0	0	0	0
AF	0	0.534041	28	22	6	0	0	0	0
AF	0	0.534354	63	44	19	0	0	0	0
AF	0	0.534666	26	15	11	0	0	0	0
AF	0	0.534978	73	48	25	0	0	0	0
AF	0	0.535290	47	31	16	0	0	0	0
AF	0	0.535603	72	42	30	0	0	0	0
AF	0	0.535915	37	24	13	0	0	0	0
AF	0	0.536227	116	77	39	0	0	0	0
AF	0	0.536540	93	54	39	0	0	0	0
AF	0	0.536852	93	64	29	0	0	0	0
AF	0	0.537164	28	24	4	0	0	0	0
AF	0	0.537477	56	34	22	0	0	0	0
AF	0	0.537789	32	21	11	0	0	0	0
AF	0	0.538101	55	33	22	0	0	0	0
AF	0	0.538413	35	27	8	0	0	0	0
AF	0	0.538726	61	29	32	0	0	0	0
AF	0	0.539038	42	28	14	0	0	0	0
AF	0	0.539350	67	42	25	0	0	0	0
AF	0	0.539663	40	29	11	0	0	0	0
AF	0	0.539975	64	43	21	0	0	0	0
AF	0	0.540287	35	21	14	0	0	0	0
AF	0	0.540600	74	53	21	0	0	0	0
AF	0	0.540912	33	22	11	0	0	0	0
AF	0	0.541224	94	66	28	0	0	0	0
AF	0	0.541537	76	54	22	0	0	0	0
AF	0	0.541849	156	100	56	0	0	0	0
AF	0	0.542161	44	23	21	0	0	0	0
AF	0	0.542473	74	55	19	0	0	0	0
AF	0	0.542786	35	26	9	0	0	0	0
AF	0	0.543098	63	39	24	0	0	0	0
AF	0	0.543410	26	21	5	0	0	0	0
AF	0	0.543723	77	52	25	0	0	0	0
AF	0	0.544035	31	25	6	0	0	0	0
AF	0	0.544347	61	37	24	0	0	0	0
AF	0	0.544660	29	21	8	0	0	0	0
AF	0	0.544972	56	38	18	0	0	0	0
AF	0	0.545284	24	12	12	0	0	0	0
AF	0	0.545597	51	36	15	0	0	0	0
AF	0	0.545909	36	25	11	0	0	0	0
AF	0	0.546221	63	41	22	0	0	0	0
AF	0	0.546533	30	20	10	0	0	0	0
AF	0	0.546846	71	43	28	0	0	0	0
AF	0	0.547158	28	19	9	0	0	0	0
AF	0	0.547470	50	32	18	0	0	0	0
AF	0	0.547783	27	18	9	0	0	0	0
AF	0	0.548095	59	40	19	0	0	0	0
AF	0	0.548407	35	22	13	0	0	0	0
AF	0	0.548720	46	30	16	0	0	0	0
AF	0	0.549032	25	15	10	0	0	0	0
AF	0	0.549344	55	33	22	0	0	0	0
AF	0	0.549656	31	20	11	0	0	0	0
AF	0	0.549969	48	31	17	0	0	0	0
AF	0	0.550281	34	26	8	0	0	0	0
AF	0	0.550593	62	41	21	0	0	0	0
AF	0	0.550906	36	24	12	0	0	0	0
AF	0	0.551218	81	53	28	0	0	0	0
AF	0	0.551530	46	34	12	0	0	0	0
AF	0	0.551843	65	41	24	0	0	0	0
AF	0	0.552155	44	24	20	0	0	0	0
AF	0	0.552467	51	36	15	0	0	0	0
AF	0	0.552780	23	17	6	0	0	0	0
AF	0	0.553092	71	46	25	0	0	0	0
AF	0	0.553404	34	22	12	0	0	0	0
AF	0	0.553716	62	40	22	0	0	0	0
AF	0	0.554029	42	23	19	0	0	0	0
AF	0	0.554341	70	53	17	0	0	0	0
AF	0	0.554653	31	24	7	0	0	0	0
AF	0	0.554966	78	53	25	0	0	0	0
AF	0	0.555278	84	61	23	0	0	0	0
AF	0	0.555590	32	27	5	0	0	0	0
AF	0	0.555903	76	54	22	0	0	0	0
AF	0	0.556215	34	21	13	0	0	0	0
AF	0	0.556527	70	52	18	0	0	0	0
AF	0	0.556839	32	16	16	0	0	0	0
AF	0	0.557152	66	43	23	0	0	0	0
AF	0	0.557464	37	25	12	0	0	0	0
AF	0	0.557776	50	32	18	0	0	0	0
AF	0	0.558089	31	22	9	0	0	0	0
AF	0	0.558401	67	41	26	0	0	0	0
AF	0	0.558713	32	19	13	0	0	0	0
AF	0	0.559026	56	42	14	0	0	0	0
AF	0	0.559338	33	22	11	0	0	0	0
AF	0	0.559650	62	39	23	0	0	0	0
AF	0	0.559963	31	17	14	0	0	0	0
AF	0	0.560275	61	38	23	0	0	0	0
AF	0	0.560587	35	24	11	0	0	0	0
AF	0	0.560899	80	53	27	0	0	0	0
AF	0	0.561212	33	18	15	0	0	0	0
AF	0	0.561524	58	41	17	0	0	0	0
AF	0	0.561836	34	26	8	0	0	0	0
AF	0	0.562149	62	49	13	0	0	0	0
AF	0	0.562461	32	25	7	0	0	0	0
AF	0	0.562773	73	47	26	0	0	0	0
AF	0	0.563086	32	19	13	0	0	0	0
AF	0	0.563398	77	54	23	0	0	0	0
AF	0	0.563710	23	15	8	0	0	0	0
AF	0	0.564022	76	50	26	0	0	0	0
AF	0	0.564335	39	25	14	0	0	0	0
AF	0	0.564647	63	40	23	0	0	0	0
AF	0	0.564959	32	23	9	0	0	0	0
AF	0	0.565272	61	39	22	0	0	0	0
AF	0	0.565584	34	22	12	0	0	0	0
AF	0	0.565896	59	44	15	0	0	0	0
AF	0	0.566209	32	22	10	0	0	0	0
AF	0	0.566521	59	44	15	0	0	0	0
AF	0	0.566833	30	19	11	0	0	0	0
AF	0	0.567146	76	52	24	0	0	0	0
AF	0	0.567458	50	41	9	0	0	0	0
AF	0	0.567770	86	60	26	0	0	0	0
AF	0	0.568082	43	26	17	0	0	0	0
AF	0	0.568395	64	47	17	0	0	0	0
AF	0	0.568707	38	27	11	0	0	0	0
AF	0	0.569019	82	52	30	0	0	0	0
AF	0	0.569332	40	26	14	0	0	0	0
AF	0	0.569644	62	46	16	0	0	0	0
AF	0	0.569956	37	23	14	0	0	0	0
AF	0	0.570269	55	40	15	0	0	0	0
AF	0	0.570581	23	12	11	0	0	0	0
AF	0	0.570893	59	33	26	0	0	0	0
AF	0	0.571205	31	17	14	0	0	0	0
AF	0	0.571518	59	40	19	0	0	0	0
AF	0	0.571830	35	24	11	0	0	0	0
AF	0	0.572142	54	34	20	0	0	0	0
AF	0	0.572455	28	20	8	0	0	0	0
AF	0	0.572767	41	32	9	0	0	0	0
AF	0	0.573079	30	21	9	0	0	0	0
AF	0	0.573392	59	46	13	0	0	0	0
AF	0	0.573704	29	17	12	0	0	0	0
AF	0	0.574016	82	55	27	0	0	0	0
AF	0	0.574329	48	34	14	0	0	0	0
AF	0	0.574641	73	46	27	0	0	0	0
AF	0	0.574953	40	28	12	0	0	0	0
AF	0	0.575265	83	59	24	0	0	0	0
AF	0	0.575578	29	24	5	0	0	0	0
AF	0	0.575890	78	48	30	0	0	0	0
AF	0	0.576202	35	22	13	0	0	0	0
AF	0	0.576515	56	42	14	0	0	0	0
AF	0	0.576827	36	27	9	0	0	0	0
AF	0	0.577139	51	36	15	0	0	0	0
AF	0	0.577452	26	17	9	0	0	0	0
AF	0	0.577764	54	37	17	0	0	0	0
AF	0	0.578076	36	27	9	0	0	0	0
AF	0	0.578389	60	43	17	0	0	0	0
AF	0	0.578701	27	15	12	0	0	0	0
AF	0	0.579013	71	45	26	0	0	0	0
AF	0	0.579325	32	21	11	0	0	0	0
AF	0	0.579638	67	41	26	0	0	0	0
AF	0	0.579950	46	28	18	0	0	0	0
AF	0	0.580262	54	36	18	0	0	0	0
AF	0	0.580575	30	19	11	0	0	0	0
AF	0	0.580887	51	35	16	0	0	0	0
AF	0	0.581199	22	19	3	0	0	0	0
AF	0	0.581512	58	33	25	0	0	0	0
AF	0	0.581824	31	21	10	0	0	0	0
AF	0	0.582136	72	42	30	0	0	0	0
AF	0	0.582448	33	23	10	0	0	0	0
AF	0	0.582761	69	48	21	0	0	0	0
AF	0	0.583073	35	23	12	0	0	0	0
AF	0	0.583385	62	45	17	0	0	0	0
AF	0	0.583698	30	18	12	0	0	0	0
AF	0	0.584010	70	45	25	0	0	0	0
AF	0	0.584322	36	20	16	0	0	0	0
AF	0	0.584635	68	45	23	0	0	0	0
AF	0	0.584947	22	15	7	0	0	0	0
AF	0	0.585259	51	32	19	0	0	0	0
AF	0	0.585572	22	13	9	0	0	0	0
AF	0	0.585884	43	32	11	0	0	0	0
AF	0	0.586196	25	20	5	0	0	0	0
AF	0	0.586508	61	41	20	0	0	0	0
AF	0	0.586821	40	21	19	0	0	0	0
AF	0	0.587133	45	34	11	0	0	0	0
AF	0	0.587445	19	16	3	0	0	0	0
AF	0	0.587758	47	30	17	0	0	0	0
AF	0	0.588070	30	22	8	0	0	0	0
AF	0	0.588382	54	39	15	0	0	0	0
AF	0	0.588695	30	21	9	0	0	0	0
AF	0	0.589007	49	33	16	0	0	0	0
AF	0	0.589319	28	25	3	0	0	0	0
AF	0	0.589631	55	33	22	0	0	0	0
AF	0	0.589944	33	19	14	0	0	0	0
AF	0	0.590256	53	39	14	0	0	0	0
AF	0	0.590568	31	18	13	0	0	0	0
AF	0	0.590881	43	29	14	0	0	0	0
AF	0	0.591193	24	16	8	0	0	0	0
AF	0	0.591505	54	36	18	0	0	0	0
AF	0	0.591818	23	17	6	0	0	0	0
AF	0	0.592130	38	29	9	0	0	0	0
AF	0	0.592442	24	19	5	0	0	0	0
AF	0	0.592755	61	39	22	0	0	0	0
AF	0	0.593067	30	20	10	0	0	0	0
AF	0	0.593379	35	19	16	0	0	0	0
AF	0	0.593691	26	14	12	0	0	0	0
AF	0	0.594004	58	35	23	0	0	0	0
AF	0	0.594316	26	16	10	0	0	0	0
AF	0	0.594628	42	31	11	0	0	0	0
AF	0	0.594941	22	14	8	0	0	0	0
AF	0	0.595253	48	25	23	0	0	0	0
AF	0	0.595565	34	24	10	0	0	0	0
AF	0	0.595878	62	37	25	0	0	0	0
AF	0	0.596190	27	17	10	0	0	0	0
AF	0	0.596502	61	44	17	0	0	0	0
AF	0	0.596814	22	14	8	0	0	0	0
AF	0	0.597127	64	51	13	0	0	0	0
AF	0	0.597439	37	27	10	0	0	0	0
AF	0	0.597751	54	31	23	0	0	0	0
AF	0	0.598064	33	20	13	0	0	0	0
AF	0	0.598376	46	30	16	0	0	0	0
AF	0	0.598688	36	29	7	0	0	0	0
AF	0	0.599001	50	34	16	0	0	0	0
AF	0	0.599313	24	19	5	0	0	0	0
AF	0	0.599625	42	25	17	0	0	0	0
AF	0	0.599938	24	15	9	0	0	0	0
AF	0	0.600250	64	44	20	0	0	0	0
AF	0	0.600562	35	27	8	0	0	0	0
AF	0	0.600874	72	50	22	0	0	0	0
AF	0	0.601187	34	19	15	0	0	0	0
AF	0	0.601499	53	33	20	0	0	0	0
AF	0	0.601811	35	31	4	0	0	0	0
AF	0	0.602124	70	47	23	0	0	0	0
AF	0	0.602436	31	19	12	0	0	0	0
AF	0	0.602748	47	33	14	0	0	0	0
AF	0	0.603061	23	18	5	0	0	0	0
AF	0	0.603373	43	32	11	0	0	0	0
AF	0	0.603685	27	17	10	0	0	0	0
AF	0	0.603998	53	34	19	0	0	0	0
AF	0	0.604310	38	31	7	0	0	0	0
AF	0	0.604622	73	45	28	0	0	0	0
AF	0	0.604934	36	25	11	0	0	0	0
AF	0	0.605247	53	36	17	0	0	0	0
AF	0	0.605559	15	10	5	0	0	0	0
AF	0	0.605871	56	41	15	0	0	0	0
AF	0	0.606184	25	18	7	0	0	0	0
AF	0	0.606496	54	35	19	0	0	0	0
AF	0	0.606808	47	37	10	0	0	0	0
AF	0	0.607121	58	42	16	0	0	0	0
AF	0	0.607433	38	27	11	0	0	0	0
AF	0	0.607745	67	40	27	0	0	0	0
AF	0	0.608057	38	23	15	0	0	0	0
AF	0	0.608370	61	43	18	0	0	0	0
AF	0	0.608682	36	25	11	0	0	0	0
AF	0	0.608994	59	43	16	0	0	0	0
AF	0	0.609307	35	23	12	0	0	0	0
AF	0	0.609619	64	42	22	0	0	0	0
AF	0	0.609931	36	23	13	0	0	0	0
AF	0	0.610244	51	33	18	0	0	0	0
AF	0	0.610556	48	34	14	0	0	0	0
AF	0	0.610868	52	34	18	0	0	0	0
AF	0	0.611181	30	18	12	0	0	0	0
AF	0	0.611493	53	33	20	0	0	0	0
AF	0	0.611805	23	16	7	0	0	0	0
AF	0	0.612117	39	27	12	0	0	0	0
AF	0	0.612430	31	24	7	0	0	0	0
AF	0	0.612742	51	34	17	0	0	0	0
AF	0	0.613054	23	17	6	0	0	0	0
AF	0	0.613367	44	31	13	0	0	0	0
AF	0	0.613679	30	17	13	0	0	0	0
AF	0	0.613991	54	40	14	0	0	0	0
AF	0	0.614304	31	19	12	0	0	0	0
AF	0	0.614616	62	46	16	0	0	0	0
AF	0	0.614928	30	20	10	0	0	0	0
AF	0	0.615240	56	41	15	0	0	0	0
AF	0	0.615553	27	18	9	0	0	0	0
AF	0	0.615865	53	41	12	0	0	0	0
AF	0	0.616177	27	21	6	0	0	0	0
AF	0	0.616490	52	39	13	0	0	0	0
AF	0	0.616802	20	11	9	0	0	0	0
AF	0	0.617114	45	27	18	0	0	0	0
AF	0	0.617427	30	24	6	0	0	0	0
AF	0	0.617739	75	53	22	0	0	0	0
AF	0	0.618051	47	29	18	0	0	0	0
AF	0	0.618364	83	60	23	0	0	0	0
AF	0	0.618676	48	29	19	0	0	0	0
AF	0	0.618988	65	46	19	0	0	0	0
AF	0	0.619300	25	16	9	0	0	0	0
AF	0	0.619613	70	48	22	0	0	0	0
AF	0	0.619925	30	23	7	0	0	0	0
AF	0	0.620237	62	39	23	0	0	0	0
AF	0	0.620550	28	20	8	0	0	0	0
AF	0	0.620862	47	27	20	0	0	0	0
AF	0	0.621174	33	25	8	0	0	0	0
AF	0	0.621487	60	39	21	0	0	0	0
AF	0	0.621799	23	16	7	0	0	0	0
AF	0	0.622111	48	30	18	0	0	0	0
AF	0	0.622423	28	18	10	0	0	0	0
AF	0	0.622736	44	26	18	0	0	0	0
AF	0	0.623048	24	14	10	0	0	0	0
AF	0	0.623360	44	30	14	0	0	0	0
AF	0	0.623673	29	15	14	0	0	0	0
AF	0	0.623985	49	31	18	0	0	0	0
AF	0	0.624297	24	21	3	0	0	0	0
AF	0	0.624610	42	25	17	0	0	0	0
AF	0	0.624922	33	23	10	0	0	0	0
AF	0	0.625234	67	46	21	0	0	0	0
AF	0	0.625547	35	23	12	0	0	0	0
AF	0	0.625859	62	44	18	0	0	0	0
AF	0	0.626171	39	26	13	0	0	0	0
AF	0	0.626483	91	64	27	0	0	0	0
AF	0	0.626796	35	27	8	0	0	0	0
AF	0	0.627108	86	64	22	0	0	0	0
AF	0	0.627420	42	28	14	0	0	0	0
AF	0	0.627733	72	50	22	0	0	0	0
AF	0	0.628045	41	29	12	0	0	0	0
AF	0	0.628357	52	35	17	0	0	0	0
AF	0	0.628670	40	31	9	0	0	0	0
AF	0	0.628982	46	33	13	0	0	0	0
AF	0	0.629294	29	25	4	0	0	0	0
AF	0	0.629606	63	45	18	0	0	0	0
AF	0	0.629919	41	24	17	0	0	0	0
AF	0	0.630231	63	44	19	0	0	0	0
AF	0	0.630543	36	24	12	0	0	0	0
AF	0	0.630856	52	35	17	0	0	0	0
AF	0	0.631168	26	23	3	0	0	0	0
AF	0	0.631480	72	53	19	0	0	0	0
AF	0	0.631793	42	30	12	0	0	0	0
AF	0	0.632105	51	33	18	0	0	0	0
AF	0	0.632417	20	12	8	0	0	0	0
AF	0	0.632730	55	39	16	0	0	0	0
AF	0	0.633042	33	21	12	0	0	0	0
AF	0	0.633354	64	39	25	0	0	0	0
AF	0	0.633666	30	16	14	0	0	0	0
AF	0	0.633979	58	43	15	0	0	0	0
AF	0	0.634291	31	16	15	0	0	0	0
AF	0	0.634603	43	26	17	0	0	0	0
AF	0	0.634916	26	21	5	0	0	0	0
AF	0	0.635228	39	26	13	0	0	0	0
AF	0	0.635540	27	15	12	0	0	0	0
AF	0	0.635853	42	29	13	0	0	0	0
AF	0	0.636165	29	16	13	0	0	0	0
AF	0	0.636477	41	25	16	0	0	0	0
AF	0	0.636790	24	14	10	0	0	0	0
AF	0	0.637102	44	38	6	0	0	0	0
AF	0	0.637414	36	24	12	0	0	0	0
AF	0	0.637726	52	35	17	0	0	0	0
AF	0	0.638039	27	17	10	0	0	0	0
AF	0	0.638351	68	41	27	0	0	0	0
AF	0	0.638663	33	23	10	0	0	0	0
AF	0	0.638976	61	42	19	0	0	0	0
AF	0	0.639288	26	19	7	0	0	0	0
AF	0	0.639600	53	39	14	0	0	0	0
AF	0	0.639913	32	21	11	0	0	0	0
AF	0	0.640225	38	28	10	0	0	0	0
AF	0	0.640537	25	20	5	0	0	0	0
AF	0	0.640849	48	33	15	0	0	0	0
AF	0	0.641162	22	17	5	0	0	0	0
AF	0	0.641474	57	39	18	0	0	0	0
AF	0	0.641786	40	27	13	0	0	0	0
AF	0	0.642099	46	33	13	0	0	0	0
AF	0	0.642411	17	16	1	0	0	0	0
AF	0	0.642723	41	33	8	0	0	0	0
AF	0	0.643036	20	13	7	0	0	0	0
AF	0	0.643348	45	28	17	0	0	0	0
AF	0	0.643660	34	27	7	0	0	0	0
AF	0	0.643973	44	28	16	0	0	0	0
AF	0	0.644285	36	26	10	0	0	0	0
AF	0	0.644597	51	34	17	0	0	0	0
AF	0	0.644909	25	15	10	0	0	0	0
AF	0	0.645222	56	40	16	0	0	0	0
AF	0	0.645534	28	19	9	0	0	0	0
AF	0	0.645846	66	46	20	0	0	0	0
AF	0	0.646159	26	14	12	0	0	0	0
AF	0	0.646471	61	42	19	0	0	0	0
AF	0	0.646783	30	21	9	0	0	0	0
AF	0	0.647096	56	38	18	0	0	0	0
AF	0	0.647408	32	22	10	0	0	0	0
AF	0	0.647720	54	36	18	0	0	0	0
AF	0	0.648032	22	15	7	0	0	0	0
AF	0	0.648345	59	41	18	0	0	0	0
AF	0	0.648657	16	9	7	0	0	0	0
AF	0	0.648969	46	28	18	0	0	0	0
AF	0	0.649282	32	28	4	0	0	0	0
AF	0	0.649594	48	34	14	0	0	0	0
AF	0	0.649906	38	18	20	0	0	0	0
AF	0	0.650219	52	29	23	0	0	0	0
AF	0	0.650531	38	31	7	0	0	0	0
AF	0	0.650843	71	47	24	0	0	0	0
AF	0	0.651156	31	21	10	0	0	0	0
AF	0	0.651468	52	35	17	0	0	0	0
AF	0	0.651780	23	15	8	0	0	0	0
AF	0	0.652092	48	27	21	0	0	0	0
AF	0	0.652405	28	22	6	0	0	0	0
AF	0	0.652717	53	38	15	0	0	0	0
AF	0	0.653029	23	17	6	0	0	0	0
AF	0	0.653342	41	29	12	0	0	0	0
AF	0	0.653654	25	18	7	0	0	0	0
AF	0	0.653966	50	32	18	0	0	0	0
AF	0	0.654279	30	20	10	0	0	0	0
AF	0	0.654591	67	37	30	0	0	0	0
AF	0	0.654903	23	14	9	0	0	0	0
AF	0	0.655215	58	43	15	0	0	0	0
AF	0	0.655528	35	18	17	0	0	0	0
AF	0	0.655840	62	42	20	0	0	0	0
AF	0	0.656152	40	25	15	0	0	0	0
AF	0	0.656465	86	55	31	0	0	0	0
AF	0	0.656777	38	30	8	0	0	0	0
AF	0	0.657089	65	43	22	0	0	0	0
AF	0	0.657402	35	22	13	0	0	0	0
AF	0	0.657714	57	38	19	0	0	0	0
AF	0	0.658026	53	32	21	0	0	0	0
AF	0	0.658339	51	38	13	0	0	0	0
AF	0	0.658651	33	23	10	0	0	0	0
AF	0	0.658963	65	39	26	0	0	0	0
AF	0	0.659275	34	24	10	0	0	0	0
AF	0	0.659588	78	50	28	0	0	0	0
AF	0	0.659900	34	23	11	0	0	0	0
AF	0	0.660212	72	45	27	0	0	0	0
AF	0	0.660525	33	19	14	0	0	0	0
AF	0	0.660837	41	28	13	0	0	0	0
AF	0	0.661149	22	16	6	0	0	0	0
AF	0	0.661462	63	37	26	0	0	0	0
AF	0	0.661774	32	20	12	0	0	0	0
AF	0	0.662086	52	34	18	0	0	0	0
AF	0	0.662399	38	29	9	0	0	0	0
AF	0	0.662711	73	47	26	0	0	0	0
AF	0	0.663023	51	35	16	0	0	0	0
AF	0	0.663335	75	47	28	0	0	0	0
AF	0	0.663648	33	20	13	0	0	0	0
AF	0	0.663960	62	40	22	0	0	0	0
AF	0	0.664272	44	30	14	0	0	0	0
AF	0	0.664585	127	87	40	0	0	0	0
AF	0	0.664897	57	39	18	0	0	0	0
AF	0	0.665209	127	82	45	0	0	0	0
AF	0	0.665522	48	37	11	0	0	0	0
AF	0	0.665834	98	65	33	0	0	0	0
AF	0	0.666146	38	24	14	0	0	0	0
AF	0	0.666458	58	37	21	0	0	0	0
AF	0	0.666771	74	52	22	0	0	0	0
AF	0	0.667083	50	29	21	0	0	0	0
AF	0	0.667395	66	39	27	0	0	0	0
AF	0	0.667708	51	32	19	0	0	0	0
AF	0	0.668020	64	39	25	0	0	0	0
AF	0	0.668332	26	19	7	0	0	0	0
AF	0	0.668645	48	36	12	0	0	0	0
AF	0	0.668957	25	20	5	0	0	0	0
AF	0	0.669269	55	38	17	0	0	0	0
AF	0	0.669582	41	24	17	0	0	0	0
AF	0	0.669894	61	41	20	0	0	0	0
AF	0	0.670206	34	25	9	0	0	0	0
AF	0	0.670518	35	23	12	0	0	0	0
AF	0	0.670831	21	15	6	0	0	0	0
AF	0	0.671143	62	42	20	0	0	0	0
AF	0	0.671455	18	13	5	0	0	0	0
AF	0	0.671768	32	25	7	0	0	0	0
AF	0	0.672080	30	22	8	0	0	0	0
AF	0	0.672392	64	45	19	0	0	0	0
AF	0	0.672705	83	62	21	0	0	0	0
AF	0	0.673017	139	86	53	0	0	0	0
AF	0	0.673329	63	38	25	0	0	0	0
AF	0	0.673641	47	34	13	0	0	0	0
AF	0	0.673954	28	19	9	0	0	0	0
AF	0	0.674266	40	20	20	0	0	0	0
AF	0	0.674578	15	12	3	0	0	0	0
AF	0	0.674891	39	26	13	0	0	0	0
AF	0	0.675203	29	22	7	0	0	0	0
AF	0	0.675515	32	21	11	0	0	0	0
AF	0	0.675828	22	14	8	0	0	0	0
AF	0	0.676140	55	37	18	0	0	0	0
AF	0	0.676452	31	18	13	0	0	0	0
AF	0	0.676765	77	57	20	0	0	0	0
AF	0	0.677077	34	21	13	0	0	0	0
AF	0	0.677389	39	22	17	0	0	0	0
AF	0	0.677701	14	12	2	0	0	0	0
AF	0	0.678014	39	27	12	0	0	0	0
AF	0	0.678326	14	9	5	0	0	0	0
AF	0	0.678638	59	44	15	0	0	0	0
AF	0	0.678951	29	20	9	0	0	0	0
AF	0	0.679263	55	34	21	0	0	0	0
AF	0	0.679575	39	26	13	0	0	0	0
AF	0	0.679888	62	38	24	0	0	0	0
AF	0	0.680200	47	32	15	0	0	0	0
AF	0	0.680512	54	29	25	0	0	0	0
AF	0	0.680824	37	20	17	0	0	0	0
AF	0	0.681137	44	31	13	0	0	0	0
AF	0	0.681449	16	10	6	0	0	0	0
AF	0	0.681761	27	16	11	0	0	0	0
AF	0	0.682074	21	11	10	0	0	0	0
AF	0	0.682386	46	30	16	0	0	0	0
AF	0	0.682698	30	20	10	0	0	0	0
AF	0	0.683011	51	39	12	0	0	0	0
AF	0	0.683323	23	17	6	0	0	0	0
AF	0	0.683635	45	29	16	0	0	0	0
AF	0	0.683948	24	19	5	0	0	0	0
AF	0	0.684260	37	20	17	0	0	0	0
AF	0	0.684572	25	18	7	0	0	0	0
AF	0	0.684884	36	23	13	0	0	0	0
AF	0	0.685197	23	14	9	0	0	0	0
AF	0	0.685509	46	32	14	0	0	0	0
AF	0	0.685821	12	8	4	0	0	0	0
AF	0	0.686134	46	27	19	0	0	0	0
AF	0	0.686446	16	12	4	0	0	0	0
AF	0	0.686758	52	31	21	0	0	0	0
AF	0	0.687071	21	16	5	0	0	0	0
AF	0	0.687383	24	14	10	0	0	0	0
AF	0	0.687695	23	18	5	0	0	0	0
AF	0	0.688007	43	25	18	0	0	0	0
AF	0	0.688320	16	12	4	0	0	0	0
AF	0	0.688632	42	26	16	0	0	0	0
AF	0	0.688944	31	17	14	0	0	0	0
AF	0	0.689257	45	26	19	0	0	0	0
AF	0	0.689569	34	24	10	0	0	0	0
AF	0	0.689881	33	22	11	0	0	0	0
AF	0	0.690194	15	9	6	0	0	0	0
AF	0	0.690506	34	26	8	0	0	0	0
AF	0	0.690818	18	12	6	0	0	0	0
AF	0	0.691131	39	26	13	0	0	0	0
AF	0	0.691443	25	14	11	0	0	0	0
AF	0	0.691755	38	25	13	0	0	0	0
AF	0	0.692067	29	14	15	0	0	0	0
AF	0	0.692380	41	30	11	0	0	0	0
AF	0	0.692692	34	24	10	0	0	0	0
AF	0	0.693004	61	36	25	0	0	0	0
AF	0	0.693317	35	26	9	0	0	0	0
AF	0	0.693629	47	35	12	0	0	0	0
AF	0	0.693941	29	22	7	0	0	0	0
AF	0	0.694254	50	28	22	0	0	0	0
AF	0	0.694566	25	13	12	0	0	0	0
AF	0	0.694878	44	25	19	0	0	0	0
AF	0	0.695191	33	24	9	0	0	0	0
AF	0	0.695503	45	26	19	0	0	0	0
AF	0	0.695815	35	22	13	0	0	0	0
AF	0	0.696127	42	29	13	0	0	0	0
AF	0	0.696440	16	12	4	0	0	0	0
AF	0	0.696752	46	34	12	0	0	0	0
AF	0	0.697064	15	10	5	0	0	0	0
AF	0	0.697377	46	30	16	0	0	0	0
AF	0	0.697689	19	13	6	0	0	0	0
AF	0	0.698001	32	23	9	0	0	0	0
AF	0	0.698314	22	18	4	0	0	0	0
AF	0	0.698626	41	28	13	0	0	0	0
AF	0	0.698938	24	15	9	0	0	0	0
AF	0	0.699250	23	17	6	0	0	0	0
AF	0	0.699563	13	7	6	0	0	0	0
AF	0	0.699875	29	19	10	0	0	0	0
AF	0	0.700187	24	16	8	0	0	0	0
AF	0	0.700500	40	24	16	0	0	0	0
AF	0	0.700812	17	11	6	0	0	0	0
AF	0	0.701124	35	24	11	0	0	0	0
AF	0	0.701437	22	15	7	0	0	0	0
AF	0	0.701749	37	25	12	0	0	0	0
AF	0	0.702061	18	11	7	0	0	0	0
AF	0	0.702374	36	24	12	0	0	0	0
AF	0	0.702686	27	16	11	0	0	0	0
AF	0	0.702998	49	33	16	0	0	0	0
AF	0	0.703310	18	10	8	0	0	0	0
AF	0	0.703623	39	27	12	0	0	0	0
AF	0	0.703935	15	13	2	0	0	0	0
AF	0	0.704247	34	27	7	0	0	0	0
AF	0	0.704560	21	14	7	0	0	0	0
AF	0	0.704872	35	24	11	0	0	0	0
AF	0	0.705184	18	10	8	0	0	0	0
AF	0	0.705497	49	33	16	0	0	0	0
AF	0	0.705809	24	15	9	0	0	0	0
AF	0	0.706121	46	28	18	0	0	0	0
AF	0	0.706433	11	5	6	0	0	0	0
AF	0	0.706746	39	19	20	0	0	0	0
AF	0	0.707058	26	16	10	0	0	0	0
AF	0	0.707370	60	37	23	0	0	0	0
AF	0	0.707683	29	20	9	0	0	0	0
AF	0	0.707995	42	28	14	0	0	0	0
AF	0	0.708307	26	17	9	0	0	0	0
AF	0	0.708620	24	14	10	0	0	0	0
AF	0	0.708932	27	14	13	0	0	0	0
AF	0	0.709244	41	24	17	0	0	0	0
AF	0	0.709557	17	15	2	0	0	0	0
AF	0	0.709869	44	30	14	0	0	0	0
AF	0	0.710181	17	11	6	0	0	0	0
AF	0	0.710493	49	30	19	0	0	0	0
AF	0	0.710806	18	14	4	0	0	0	0
AF	0	0.711118	45	35	10	0	0	0	0
AF	0	0.711430	29	20	9	0	0	0	0
AF	0	0.711743	41	25	16	0	0	0	0
AF	0	0.712055	27	17	10	0	0	0	0
AF	0	0.712367	45	36	9	0	0	0	0
AF	0	0.712680	22	17	5	0	0	0	0
AF	0	0.712992	34	24	10	0	0	0	0
AF	0	0.713304	29	16	13	0	0	0	0
AF	0	0.713616	38	23	15	0	0	0	0
AF	0	0.713929	25	19	6	0	0	0	0
AF	0	0.714241	28	20	8	0	0	0	0
AF	0	0.714553	22	15	7	0	0	0	0
AF	0	0.714866	39	27	12	0	0	0	0
AF	0	0.715178	19	10	9	0	0	0	0
AF	0	0.715490	52	40	12	0	0	0	0
AF	0	0.715803	25	16	9	0	0	0	0
AF	0	0.716115	28	21	7	0	0	0	0
AF	0	0.716427	19	13	6	0	0	0	0
AF	0	0.716740	34	19	15	0	0	0	0
AF	0	0.717052	16	12	4	0	0	0	0
AF	0	0.717364	26	15	11	0	0	0	0
AF	0	0.717676	13	10	3	0	0	0	0
AF	0	0.717989	45	28	17	0	0	0	0
AF	0	0.718301	32	23	9	0	0	0	0
AF	0	0.718613	49	29	20	0	0	0	0
AF	0	0.718926	29	19	10	0	0	0	0
AF	0	0.719238	40	23	17	0	0	0	0
AF	0	0.719550	22	16	6	0	0	0	0
AF	0	0.719863	67	45	22	0	0	0	0
AF	0	0.720175	33	19	14	0	0	0	0
AF	0	0.720487	50	32	18	0	0	0	0
AF	0	0.720800	25	18	7	0	0	0	0
AF	0	0.721112	49	28	21	0	0	0	0
AF	0	0.721424	15	11	4	0	0	0	0
AF	0	0.721736	42	32	10	0	0	0	0
AF	0	0.722049	26	17	9	0	0	0	0
AF	0	0.722361	68	54	14	0	0	0	0
AF	0	0.722673	22	13	9	0	0	0	0
AF	0	0.722986	58	40	18	0	0	0	0
AF	0	0.723298	27	17	10	0	0	0	0
AF	0	0.723610	54	34	20	0	0	0	0
AF	0	0.723923	21	9	12	0	0	0	0
AF	0	0.724235	40	29	11	0	0	0	0
AF	0	0.724547	20	13	7	0	0	0	0
AF	0	0.724859	29	18	11	0	0	0	0
AF	0	0.725172	19	14	5	0	0	0	0
AF	0	0.725484	56	41	15	0	0	0	0
AF	0	0.725796	39	25	14	0	0	0	0
AF	0	0.726109	58	35	23	0	0	0	0
AF	0	0.726421	25	22	3	0	0	0	0
AF	0	0.726733	41	28	13	0	0	0	0
AF	0	0.727046	24	16	8	0	0	0	0
AF	0	0.727358	61	34	27	0	0	0	0
AF	0	0.727670	26	16	10	0	0	0	0
AF	0	0.727983	46	24	22	0	0	0	0
AF	0	0.728295	21	13	8	0	0	0	0
AF	0	0.728607	39	29	10	0	0	0	0
AF	0	0.728919	17	11	6	0	0	0	0
AF	0	0.729232	72	51	21	0	0	0	0
AF	0	0.729544	30	23	7	0	0	0	0
AF	0	0.729856	52	37	15	0	0	0	0
AF	0	0.730169	30	21	9	0	0	0	0
AF	0	0.730481	38	28	10	0	0	0	0
AF	0	0.730793	17	9	8	0	0	0	0
AF	0	0.731106	49	40	9	0	0	0	0
AF	0	0.731418	26	19	7	0	0	0	0
AF	0	0.731730	46	31	15	0	0	0	0
AF	0	0.732042	20	12	8	0	0	0	0
AF	0	0.732355	39	26	13	0	0	0	0
AF	0	0.732667	25	18	7	0	0	0	0
AF	0	0.732979	56	37	19	0	0	0	0
AF	0	0.733292	32	18	14	0	0	0	0
AF	0	0.733604	50	32	18	0	0	0	0
AF	0	0.733916	30	23	7	0	0	0	0
AF	0	0.734229	52	34	18	0	0	0	0
AF	0	0.734541	17	14	3	0	0	0	0
AF	0	0.734853	48	35	13	0	0	0	0
AF	0	0.735166	20	12	8	0	0	0	0
AF	0	0.735478	53	33	20	0	0	0	0
AF	0	0.735790	26	15	11	0	0	0	0
AF	0	0.736102	51	33	18	0	0	0	0
AF	0	0.736415	16	12	4	0	0	0	0
AF	0	0.736727	71	54	17	0	0	0	0
AF	0	0.737039	12	7	5	0	0	0	0
AF	0	0.737352	57	32	25	0	0	0	0
AF	0	0.737664	39	25	14	0	0	0	0
AF	0	0.737976	57	46	11	0	0	0	0
AF	0	0.738289	26	17	9	0	0	0	0
AF	0	0.738601	55	37	18	0	0	0	0
AF	0	0.738913	33	22	11	0	0	0	0
AF	0	0.739225	43	31	12	0	0	0	0
AF	0	0.739538	20	12	8	0	0	0	0
AF	0	0.739850	40	25	15	0	0	0	0
AF	0	0.740162	12	9	3	0	0	0	0
AF	0	0.740475	63	37	26	0	0	0	0
AF	0	0.740787	41	26	15	0	0	0	0
AF	0	0.741099	65	46	19	0	0	0	0
AF	0	0.741412	22	13	9	0	0	0	0
AF	0	0.741724	50	33	17	0	0	0	0
AF	0	0.742036	34	27	7	0	0	0	0
AF	0	0.742349	72	53	19	0	0	0	0
AF	0	0.742661	31	17	14	0	0	0	0
AF	0	0.742973	128	86	42	0	0	0	0
AF	0	0.743285	36	21	15	0	0	0	0
AF	0	0.743598	55	35	20	0	0	0	0
AF	0	0.743910	18	13	5	0	0	0	0
AF	0	0.744222	49	34	15	0	0	0	0
AF	0	0.744535	23	16	7	0	0	0	0
AF	0	0.744847	52	36	16	0	0	0	0
AF	0	0.745159	28	21	7	0	0	0	0
AF	0	0.745472	40	28	12	0	0	0	0
AF	0	0.745784	20	14	6	0	0	0	0
AF	0	0.746096	30	20	10	0	0	0	0
AF	0	0.746408	31	22	9	0	0	0	0
AF	0	0.746721	53	35	18	0	0	0	0
AF	0	0.747033	23	15	8	0	0	0	0
AF	0	0.747345	65	37	28	0	0	0	0
AF	0	0.747658	38	21	17	0	0	0	0
AF	0	0.747970	37	23	14	0	0	0	0
AF	0	0.748282	15	10	5	0	0	0	0
AF	0	0.748595	49	30	19	0	0	0	0
AF	0	0.748907	20	12	8	0	0	0	0
AF	0	0.749219	47	31	16	0	0	0	0
AF	0	0.749532	17	13	4	0	0	0	0
AF	0	0.749844	35	24	11	0	0	0	0
AF	0	0.750156	22	10	12	0	0	0	0
AF	0	0.750468	44	26	18	0	0	0	0
AF	0	0.750781	18	9	9	0	0	0	0
AF	0	0.751093	37	20	17	0	0	0	0
AF	0	0.751405	27	18	9	0	0	0	0
AF	0	0.751718	36	26	10	0	0	0	0
AF	0	0.752030	17	14	3	0	0	0	0
AF	0	0.752342	36	20	16	0	0	0	0
AF	0	0.752655	18	14	4	0	0	0	0
AF	0	0.752967	51	34	17	0	0	0	0
AF	0	0.753279	21	13	8	0	0	0	0
AF	0	0.753592	36	22	14	0	0	0	0
AF	0	0.753904	21	11	10	0	0	0	0
AF	0	0.754216	44	25	19	0	0	0	0
AF	0	0.754528	34	20	14	0	0	0	0
AF	0	0.754841	45	29	16	0	0	0	0
AF	0	0.755153	20	12	8	0	0	0	0
AF	0	0.755465	37	27	10	0	0	0	0
AF	0	0.755778	24	15	9	0	0	0	0
AF	0	0.756090	35	24	11	0	0	0	0
AF	0	0.756402	27	21	6	0	0	0	0
AF	0	0.756715	76	54	22	0	0	0	0
AF	0	0.757027	42	27	15	0	0	0	0
AF	0	0.757339	39	28	11	0	0	0	0
AF	0	0.757651	27	22	5	0	0	0	0
AF	0	0.757964	61	42	19	0	0	0	0
AF	0	0.758276	35	23	12	0	0	0	0
AF	0	0.758588	63	45	18	0	0	0	0
AF	0	0.758901	22	14	8	0	0	0	0
AF	0	0.759213	46	31	15	0	0	0	0
AF	0	0.759525	25	11	14	0	0	0	0
AF	0	0.759838	66	46	20	0	0	0	0
AF	0	0.760150	18	12	6	0	0	0	0
AF	0	0.760462	35	25	10	0	0	0	0
AF	0	0.760775	22	15	7	0	0	0	0
AF	0	0.761087	40	29	11	0	0	0	0
AF	0	0.761399	20	9	11	0	0	0	0
AF	0	0.761711	44	27	17	0	0	0	0
AF	0	0.762024	23	17	6	0	0	0	0
AF	0	0.762336	30	21	9	0	0	0	0
AF	0	0.762648	23	16	7	0	0	0	0
AF	0	0.762961	66	45	21	0	0	0	0
AF	0	0.763273	36	25	11	0	0	0	0
AF	0	0.763585	70	47	23	0	0	0	0
AF	0	0.763898	29	20	9	0	0	0	0
AF	0	0.764210	57	39	18	0	0	0	0
AF	0	0.764522	23	16	7	0	0	0	0
AF	0	0.764834	34	22	12	0	0	0	0
AF	0	0.765147	21	15	6	0	0	0	0
AF	0	0.765459	46	30	16	0	0	0	0
AF	0	0.765771	22	15	7	0	0	0	0
AF	0	0.766084	50	35	15	0	0	0	0
AF	0	0.766396	23	16	7	0	0	0	0
AF	0	0.766708	52	39	13	0	0	0	0
AF	0	0.767021	39	28	11	0	0	0	0
AF	0	0.767333	43	28	15	0	0	0	0
AF	0	0.767645	21	13	8	0	0	0	0
AF	0	0.767958	45	29	16	0	0	0	0
AF	0	0.768270	21	12	9	0	0	0	0
AF	0	0.768582	41	32	9	0	0	0	0
AF	0	0.768894	24	12	12	0	0	0	0
AF	0	0.769207	25	20	5	0	0	0	0
AF	0	0.769519	24	14	10	0	0	0	0
AF	0	0.769831	36	22	14	0	0	0	0
AF	0	0.770144	15	11	4	0	0	0	0
AF	0	0.770456	41	30	11	0	0	0	0
AF	0	0.770768	21	12	9	0	0	0	0
AF	0	0.771081	47	32	15	0	0	0	0
AF	0	0.771393	26	18	8	0	0	0	0
AF	0	0.771705	32	23	9	0	0	0	0
AF	0	0.772017	39	25	14	0	0	0	0
AF	0	0.772330	38	17	21	0	0	0	0
AF	0	0.772642	24	14	10	0	0	0	0
AF	0	0.772954	42	29	13	0	0	0	0
AF	0	0.773267	17	11	6	0	0	0	0
AF	0	0.773579	41	25	16	0	0	0	0
AF	0	0.773891	29	19	10	0	0	0	0
AF	0	0.774204	44	28	16	0	0	0	0
AF	0	0.774516	14	13	1	0	0	0	0
AF	0	0.774828	28	20	8	0	0	0	0
AF	0	0.775141	22	16	6	0	0	0	0
AF	0	0.775453	40	24	16	0	0	0	0
AF	0	0.775765	15	6	9	0	0	0	0
AF	0	0.776077	43	30	13	0	0	0	0
AF	0	0.776390	17	11	6	0	0	0	0
AF	0	0.776702	36	19	17	0	0	0	0
AF	0	0.777014	23	12	11	0	0	0	0
AF	0	0.777327	72	42	30	0	0	0	0
AF	0	0.777639	69	45	24	0	0	0	0
AF	0	0.777951	21	14	7	0	0	0	0
AF	0	0.778264	35	20	15	0	0	0	0
AF	0	0.778576	23	12	11	0	0	0	0
AF	0	0.778888	51	34	17	0	0	0	0
AF	0	0.779200	16	12	4	0	0	0	0
AF	0	0.779513	40	25	15	0	0	0	0
AF	0	0.779825	19	12	7	0	0	0	0
AF	0	0.780137	42	30	12	0	0	0	0
AF	0	0.780450	16	15	1	0	0	0	0
AF	0	0.780762	48	34	14	0	0	0	0
AF	0	0.781074	28	17	11	0	0	0	0
AF	0	0.781387	53	32	21	0	0	0	0
AF	0	0.781699	24	16	8	0	0	0	0
AF	0	0.782011	36	25	11	0	0	0	0
AF	0	0.782324	21	11	10	0	0	0	0
AF	0	0.782636	27	18	9	0	0	0	0
AF	0	0.782948	12	8	4	0	0	0	0
AF	0	0.783260	27	20	7	0	0	0	0
AF	0	0.783573	15	13	2	0	0	0	0
AF	0	0.783885	30	18	12	0	0	0	0
AF	0	0.784197	14	7	7	0	0	0	0
AF	0	0.784510	28	18	10	0	0	0	0
AF	0	0.784822	24	17	7	0	0	0	0
AF	0	0.785134	30	18	12	0	0	0	0
AF	0	0.785447	23	14	9	0	0	0	0
AF	0	0.785759	35	24	11	0	0	0	0
AF	0	0.786071	11	6	5	0	0	0	0
AF	0	0.786384	22	11	11	0	0	0	0
AF	0	0.786696	13	8	5	0	0	0	0
AF	0	0.787008	42	29	13	0	0	0	0
AF	0	0.787320	22	15	7	0	0	0	0
AF	0	0.787633	28	20	8	0	0	0	0
AF	0	0.787945	18	12	6	0	0	0	0
AF	0	0.788257	36	26	10	0	0	0	0
AF	0	0.788570	22	13	9	0	0	0	0
AF	0	0.788882	35	21	14	0	0	0	0
AF	0	0.789194	14	13	1	0	0	0	0
AF	0	0.789507	26	21	5	0	0	0	0
AF	0	0.789819	20	16	4	0	0	0	0
AF	0	0.790131	26	17	9	0	0	0	0
AF	0	0.790443	18	12	6	0	0	0	0
AF	0	0.790756	40	29	11	0	0	0	0
AF	0	0.791068	17	11	6	0	0	0	0
AF	0	0.791380	38	29	9	0	0	0	0
AF	0	0.791693	11	6	5	0	0	0	0
AF	0	0.792005	30	22	8	0	0	0	0
AF	0	0.792317	20	13	7	0	0	0	0
AF	0	0.792630	42	30	12	0	0	0	0
AF	0	0.792942	18	13	5	0	0	0	0
AF	0	0.793254	36	23	13	0	0	0	0
AF	0	0.793567	22	13	9	0	0	0	0
AF	0	0.793879	36	24	12	0	0	0	0
AF	0	0.794191	13	8	5	0	0	0	0
AF	0	0.794503	41	33	8	0	0	0	0
AF	0	0.794816	22	16	6	0	0	0	0
AF	0	0.795128	44	30	14	0	0	0	0
AF	0	0.795440	20	13	7	0	0	0	0
AF	0	0.795753	50	28	22	0	0	0	0
AF	0	0.796065	26	19	7	0	0	0	0
AF	0	0.796377	35	21	14	0	0	0	0
AF	0	0.796690	14	11	3	0	0	0	0
AF	0	0.797002	40	29	11	0	0	0	0
AF	0	0.797314	22	14	8	0	0	0	0
AF	0	0.797626	27	22	5	0	0	0	0
AF	0	0.797939	26	17	9	0	0	0	0
AF	0	0.798251	33	23	10	0	0	0	0
AF	0	0.798563	21	15	6	0	0	0	0
AF	0	0.798876	47	38	9	0	0	0	0
AF	0	0.799188	20	12	8	0	0	0	0
AF	0	0.799500	67	44	23	0	0	0	0
AF	0	0.799813	34	18	16	0	0	0	0
AF	0	0.800125	80	47	33	0	0	0	0
AF	0	0.800437	34	25	9	0	0	0	0
AF	0	0.800750	55	43	12	0	0	0	0
AF	0	0.801062	38	28	10	0	0	0	0
AF	0	0.801374	70	54	16	0	0	0	0
AF	0	0.801686	21	14	7	0	0	0	0
AF	0	0.801999	43	30	13	0	0	0	0
AF	0	0.802311	22	13	9	0	0	0	0
AF	0	0.802623	42	33	9	0	0	0	0
AF	0	0.802936	24	17	7	0	0	0	0
AF	0	0.803248	41	34	7	0	0	0	0
AF	0	0.803560	26	11	15	0	0	0	0
AF	0	0.803873	52	31	21	0	0	0	0
AF	0	0.804185	18	14	4	0	0	0	0
AF	0	0.804497	42	30	12	0	0	0	0
AF	0	0.804809	21	16	5	0	0	0	0
AF	0	0.805122	36	24	12	0	0	0	0
AF	0	0.805434	19	13	6	0	0	0	0
AF	0	0.805746	41	27	14	0	0	0	0
AF	0	0.806059	27	18	9	0	0	0	0
AF	0	0.806371	48	36	12	0	0	0	0
AF	0	0.806683	21	14	7	0	0	0	0
AF	0	0.806996	45	32	13	0	0	0	0
AF	0	0.807308	26	15	11	0	0	0	0
AF	0	0.807620	57	31	26	0	0	0	0
AF	0	0.807933	26	16	10	0	0	0	0
AF	0	0.808245	38	31	7	0	0	0	0
AF	0	0.808557	17	13	4	0	0	0	0
AF	0	0.808869	37	28	9	0	0	0	0
AF	0	0.809182	22	15	7	0	0	0	0
AF	0	0.809494	43	35	8	0	0	0	0
AF	0	0.809806	19	15	4	0	0	0	0
AF	0	0.810119	33	24	9	0	0	0	0
AF	0	0.810431	31	21	10	0	0	0	0
AF	0	0.810743	84	47	37	0	0	0	0
AF	0	0.811056	39	31	8	0	0	0	0
AF	0	0.811368	37	24	13	0	0	0	0
AF	0	0.811680	15	11	4	0	0	0	0
AF	0	0.811993	35	19	16	0	0	0	0
AF	0	0.812305	20	15	5	0	0	0	0
AF	0	0.812617	41	32	9	0	0	0	0
AF	0	0.812929	26	15	11	0	0	0	0
AF	0	0.813242	54	28	26	0	0	0	0
AF	0	0.813554	26	18	8	0	0	0	0
AF	0	0.813866	62	44	18	0	0	0	0
AF	0	0.814179	26	18	8	0	0	0	0
AF	0	0.814491	45	30	15	0	0	0	0
AF	0	0.814803	30	18	12	0	0	0	0
AF	0	0.815116	50	38	12	0	0	0	0
AF	0	0.815428	26	18	8	0	0	0	0
AF	0	0.815740	39	30	9	0	0	0	0
AF	0	0.816052	22	18	4	0	0	0	0
AF	0	0.816365	33	27	6	0	0	0	0
AF	0	0.816677	14	7	7	0	0	0	0
AF	0	0.816989	39	24	15	0	0	0	0
AF	0	0.817302	14	8	6	0	0	0	0
AF	0	0.817614	27	15	12	0	0	0	0
AF	0	0.817926	19	14	5	0	0	0	0
AF	0	0.818239	49	30	19	0	0	0	0
AF	0	0.818551	41	29	12	0	0	0	0
AF	0	0.818863	55	35	20	0	0	0	0
AF	0	0.819176	24	17	7	0	0	0	0
AF	0	0.819488	48	34	14	0	0	0	0
AF	0	0.819800	33	25	8	0	0	0	0
AF	0	0.820112	40	24	16	0	0	0	0
AF	0	0.820425	19	13	6	0	0	0	0
AF	0	0.820737	45	33	12	0	0	0	0
AF	0	0.821049	19	14	5	0	0	0	0
AF	0	0.821362	38	24	14	0	0	0	0
AF	0	0.821674	10	9	1	0	0	0	0
AF	0	0.821986	40	25	15	0	0	0	0
AF	0	0.822299	21	17	4	0	0	0	0
AF	0	0.822611	34	22	12	0	0	0	0
AF	0	0.822923	18	10	8	0	0	0	0
AF	0	0.823235	38	24	14	0	0	0	0
AF	0	0.823548	9	5	4	0	0	0	0
AF	0	0.823860	29	17	12	0	0	0	0
AF	0	0.824172	19	15	4	0	0	0	0
AF	0	0.824485	43	33	10	0	0	0	0
AF	0	0.824797	28	21	7	0	0	0	0
AF	0	0.825109	66	40	26	0	0	0	0
AF	0	0.825422	32	21	11	0	0	0	0
AF	0	0.825734	69	43	26	0	0	0	0
AF	0	0.826046	44	28	16	0	0	0	0
AF	0	0.826359	60	44	16	0	0	0	0
AF	0	0.826671	30	19	11	0	0	0	0
AF	0	0.826983	48	37	11	0	0	0	0
AF	0	0.827295	31	19	12	0	0	0	0
AF	0	0.827608	36	25	11	0	0	0	0
AF	0	0.827920	14	11	3	0	0	0	0
AF	0	0.828232	24	19	5	0	0	0	0
AF	0	0.828545	12	6	6	0	0	0	0
AF	0	0.828857	29	20	9	0	0	0	0
AF	0	0.829169	18	10	8	0	0	0	0
AF	0	0.829482	24	16	8	0	0	0	0
AF	0	0.829794	14	11	3	0	0	0	0
AF	0	0.830106	25	17	8	0	0	0	0
AF	0	0.830418	19	12	7	0	0	0	0
AF	0	0.830731	38	25	13	0	0	0	0
AF	0	0.831043	19	11	8	0	0	0	0
AF	0	0.831355	23	9	14	0	0	0	0
AF	0	0.831668	18	12	6	0	0	0	0
AF	0	0.831980	40	26	14	0	0	0	0
AF	0	0.832292	18	15	3	0	0	0	0
AF	0	0.832605	42	28	14	0	0	0	0
AF	0	0.832917	22	15	7	0	0	0	0
AF	0	0.833229	38	27	11	0	0	0	0
AF	0	0.833542	20	12	8	0	0	0	0
AF	0	0.833854	17	11	6	0	0	0	0
AF	0	0.834166	17	12	5	0	0	0	0
AF	0	0.834478	29	22	7	0	0	0	0
AF	0	0.834791	14	7	7	0	0	0	0
AF	0	0.835103	27	20	7	0	0	0	0
AF	0	0.835415	15	8	7	0	0	0	0
AF	0	0.835728	20	14	6	0	0	0	0
AF	0	0.836040	15	10	5	0	0	0	0
AF	0	0.836352	28	18	10	0	0	0	0
AF	0	0.836665	27	16	11	0	0	0	0
AF	0	0.836977	28	20	8	0	0	0	0
AF	0	0.837289	14	10	4	0	0	0	0
AF	0	0.837601	21	16	5	0	0	0	0
AF	0	0.837914	13	10	3	0	0	0	0
AF	0	0.838226	23	16	7	0	0	0	0
AF	0	0.838538	12	9	3	0	0	0	0
AF	0	0.838851	32	23	9	0	0	0	0
AF	0	0.839163	15	10	5	0	0	0	0
AF	0	0.839475	62	42	20	0	0	0	0
AF	0	0.839788	27	16	11	0	0	0	0
AF	0	0.840100	24	16	8	0	0	0	0
AF	0	0.840412	10	8	2	0	0	0	0
AF	0	0.840725	36	24	12	0	0	0	0
AF	0	0.841037	13	9	4	0	0	0	0
AF	0	0.841349	22	16	6	0	0	0	0
AF	0	0.841661	19	14	5	0	0	0	0
AF	0	0.841974	31	25	6	0	0	0	0
AF	0	0.842286	19	11	8	0	0	0	0
AF	0	0.842598	27	20	7	0	0	0	0
AF	0	0.842911	18	10	8	0	0	0	0
AF	0	0.843223	37	29	8	0	0	0	0
AF	0	0.843535	19	12	7	0	0	0	0
AF	0	0.843848	23	14	9	0	0	0	0
AF	0	0.844160	22	13	9	0	0	0	0
AF	0	0.844472	35	21	14	0	0	0	0
AF	0	0.844785	14	10	4	0	0	0	0
AF	0	0.845097	41	28	13	0	0	0	0
AF	0	0.845409	16	7	9	0	0	0	0
AF	0	0.845721	34	24	10	0	0	0	0
AF	0	0.846034	16	10	6	0	0	0	0
AF	0	0.846346	34	27	7	0	0	0	0
AF	0	0.846658	17	11	6	0	0	0	0
AF	0	0.846971	43	31	12	0	0	0	0
AF	0	0.847283	14	7	7	0	0	0	0
AF	0	0.847595	30	19	11	0	0	0	0
AF	0	0.847908	18	12	6	0	0	0	0
AF	0	0.848220	27	19	8	0	0	0	0
AF	0	0.848532	25	13	12	0	0	0	0
AF	0	0.848844	34	24	10	0	0	0	0
AF	0	0.849157	9	3	6	0	0	0	0
AF	0	0.849469	33	21	12	0	0	0	0
AF	0	0.849781	19	10	9	0	0	0	0
AF	0	0.850094	33	19	14	0	0	0	0
AF	0	0.850406	24	19	5	0	0	0	0
AF	0	0.850718	37	22	15	0	0	0	0
AF	0	0.851031	21	14	7	0	0	0	0
AF	0	0.851343	27	19	8	0	0	0	0
AF	0	0.851655	11	6	5	0	0	0	0
AF	0	0.851968	30	21	9	0	0	0	0
AF	0	0.852280	11	7	4	0	0	0	0
AF	0	0.852592	20	8	12	0	0	0	0
AF	0	0.852904	8	5	3	0	0	0	0
AF	0	0.853217	39	27	12	0	0	0	0
AF	0	0.853529	20	9	11	0	0	0	0
AF	0	0.853841	26	19	7	0	0	0	0
AF	0	0.854154	16	10	6	0	0	0	0
AF	0	0.854466	33	25	8	0	0	0	0
AF	0	0.854778	15	11	4	0	0	0	0
AF	0	0.855091	22	14	8	0	0	0	0
AF	0	0.855403	20	14	6	0	0	0	0
AF	0	0.855715	23	13	10	0	0	0	0
AF	0	0.856027	14	9	5	0	0	0	0
AF	0	0.856340	19	16	3	0	0	0	0
AF	0	0.856652	17	11	6	0	0	0	0
AF	0	0.856964	36	24	12	0	0	0	0
AF	0	0.857277	11	9	2	0	0	0	0
AF	0	0.857589	15	8	7	0	0	0	0
AF	0	0.857901	12	8	4	0	0	0	0
AF	0	0.858214	15	12	3	0	0	0	0
AF	0	0.858526	10	8	2	0	0	0	0
AF	0	0.858838	21	15	6	0	0	0	0
AF	0	0.859151	14	11	3	0	0	0	0
AF	0	0.859463	36	25	11	0	0	0	0
AF	0	0.859775	17	12	5	0	0	0	0
AF	0	0.860087	39	26	13	0	0	0	0
AF	0	0.860400	10	6	4	0	0	0	0
AF	0	0.860712	32	20	12	0	0	0	0
AF	0	0.861024	19	16	3	0	0	0	0
AF	0	0.861337	29	20	9	0	0	0	0
AF	0	0.861649	16	13	3	0	0	0	0
AF	0	0.861961	42	31	11	0	0	0	0
AF	0	0.862274	29	18	11	0	0	0	0
AF	0	0.862586	46	32	14	0	0	0	0
AF	0	0.862898	15	9	6	0	0	0	0
AF	0	0.863210	34	26	8	0	0	0	0
AF	0	0.863523	16	12	4	0	0	0	0
AF	0	0.863835	35	20	15	0	0	0	0
AF	0	0.864147	12	8	4	0	0	0	0
AF	0	0.864460	24	16	8	0	0	0	0
AF	0	0.864772	16	10	6	0	0	0	0
AF	0	0.865084	25	19	6	0	0	0	0
AF	0	0.865397	14	10	4	0	0	0	0
AF	0	0.865709	24	21	3	0	0	0	0
AF	0	0.866021	14	9	5	0	0	0	0
AF	0	0.866334	33	27	6	0	0	0	0
AF	0	0.866646	20	17	3	0	0	0	0
AF	0	0.866958	40	27	13	0	0	0	0
AF	0	0.867270	8	5	3	0	0	0	0
AF	0	0.867583	29	17	12	0	0	0	0
AF	0	0.867895	17	14	3	0	0	0	0
AF	0	0.868207	25	22	3	0	0	0	0
AF	0	0.868520	12	6	6	0	0	0	0
AF	0	0.868832	35	26	9	0	0	0	0
AF	0	0.869144	11	7	4	0	0	0	0
AF	0	0.869457	38	27	11	0	0	0	0
AF	0	0.869769	13	12	1	0	0	0	0
AF	0	0.870081	36	24	12	0	0	0	0
AF	0	0.870394	19	12	7	0	0	0	0
AF	0	0.870706	28	17	11	0	0	0	0
AF	0	0.871018	18	10	8	0	0	0	0
AF	0	0.871330	23	18	5	0	0	0	0
AF	0	0.871643	13	9	4	0	0	0	0
AF	0	0.871955	35	26	9	0	0	0	0
AF	0	0.872267	19	10	9	0	0	0	0
AF	0	0.872580	28	16	12	0	0	0	0
AF	0	0.872892	17	11	6	0	0	0	0
AF	0	0.873204	33	23	10	0	0	0	0
AF	0	0.873517	14	11	3	0	0	0	0
AF	0	0.873829	63	44	19	0	0	0	0
AF	0	0.874141	30	20	10	0	0	0	0
AF	0	0.874453	34	26	8	0	0	0	0
AF	0	0.874766	22	13	9	0	0	0	0
AF	0	0.875078	27	14	13	0	0	0	0
AF	0	0.875390	13	7	6	0	0	0	0
AF	0	0.875703	43	28	15	0	0	0	0
AF	0	0.876015	17	10	7	0	0	0	0
AF	0	0.876327	43	33	10	0	0	0	0
AF	0	0.876640	29	20	9	0	0	0	0
AF	0	0.876952	53	33	20	0	0	0	0
AF	0	0.877264	16	9	7	0	0	0	0
AF	0	0.877577	30	20	10	0	0	0	0
AF	0	0.877889	22	16	6	0	0	0	0
AF	0	0.878201	25	12	13	0	0	0	0
AF	0	0.878513	17	12	5	0	0	0	0
AF	0	0.878826	28	17	11	0	0	0	0
AF	0	0.879138	26	20	6	0	0	0	0
AF	0	0.879450	34	23	11	0	0	0	0
AF	0	0.879763	18	12	6	0	0	0	0
AF	0	0.880075	30	19	11	0	0	0	0
AF	0	0.880387	11	5	6	0	0	0	0
AF	0	0.880700	34	24	10	0	0	0	0
AF	0	0.881012	34	22	12	0	0	0	0
AF	0	0.881324	69	46	23	0	0	0	0
AF	0	0.881636	15	12	3	0	0	0	0
AF	0	0.881949	27	23	4	0	0	0	0
AF	0	0.882261	27	19	8	0	0	0	0
AF	0	0.882573	43	27	16	0	0	0	0
AF	0	0.882886	16	11	5	0	0	0	0
AF	0	0.883198	25	16	9	0	0	0	0
AF	0	0.883510	23	15	8	0	0	0	0
AF	0	0.883823	30	21	9	0	0	0	0
AF	0	0.884135	14	10	4	0	0	0	0
AF	0	0.884447	31	18	13	0	0	0	0
AF	0	0.884760	22	12	10	0	0	0	0
AF	0	0.885072	28	18	10	0	0	0	0
AF	0	0.885384	10	9	1	0	0	0	0
AF	0	0.885696	21	15	6	0	0	0	0
AF	0	0.886009	10	6	4	0	0	0	0
AF	0	0.886321	32	20	12	0	0	0	0
AF	0	0.886633	14	8	6	0	0	0	0
AF	0	0.886946	28	18	10	0	0	0	0
AF	0	0.887258	10	6	4	0	0	0	0
AF	0	0.887570	26	23	3	0	0	0	0
AF	0	0.887883	19	11	8	0	0	0	0
AF	0	0.888195	24	16	8	0	0	0	0
AF	0	0.888507	34	19	15	0	0	0	0
AF	0	0.888819	15	8	7	0	0	0	0
AF	0	0.889132	21	13	8	0	0	0	0
AF	0	0.889444	10	10	0	0	0	0	0
AF	0	0.889756	22	14	8	0	0	0	0
AF	0	0.890069	10	6	4	0	0	0	0
AF	0	0.890381	20	11	9	0	0	0	0
AF	0	0.890693	13	7	6	0	0	0	0
AF	0	0.891006	29	17	12	0	0	0	0
AF	0	0.891318	11	6	5	0	0	0	0
AF	0	0.891630	30	21	9	0	0	0	0
AF	0	0.891943	12	8	4	0	0	0	0
AF	0	0.892255	24	15	9	0	0	0	0
AF	0	0.892567	16	13	3	0	0	0	0
AF	0	0.892879	26	22	4	0	0	0	0
AF	0	0.893192	18	11	7	0	0	0	0
AF	0	0.893504	30	21	9	0	0	0	0
AF	0	0.893816	11	9	2	0	0	0	0
AF	0	0.894129	42	31	11	0	0	0	0
AF	0	0.894441	13	7	6	0	0	0	0
AF	0	0.894753	31	21	10	0	0	0	0
AF	0	0.895066	11	7	4	0	0	0	0
AF	0	0.895378	22	10	12	0	0	0	0
AF	0	0.895690	21	18	3	0	0	0	0
AF	0	0.896002	35	23	12	0	0	0	0
AF	0	0.896315	13	9	4	0	0	0	0
AF	0	0.896627	27	20	7	0	0	0	0
AF	0	0.896939	25	18	7	0	0	0	0
AF	0	0.897252	40	24	16	0	0	0	0
AF	0	0.897564	21	11	10	0	0	0	0
AF	0	0.897876	69	45	24	0	0	0	0
AF	0	0.898189	11	6	5	0	0	0	0
AF	0	0.898501	35	23	12	0	0	0	0
AF	0	0.898813	11	8	3	0	0	0	0
AF	0	0.899126	24	17	7	0	0	0	0
AF	0	0.899438	17	10	7	0	0	0	0
AF	0	0.899750	26	17	9	0	0	0	0
AF	0	0.900062	25	15	10	0	0	0	0
AF	0	0.900375	37	20	17	0	0	0	0
AF	0	0.900687	18	13	5	0	0	0	0
AF	0	0.900999	34	26	8	0	0	0	0
AF	0	0.901312	11	6	5	0	0	0	0
AF	0	0.901624	40	27	13	0	0	0	0
AF	0	0.901936	11	6	5	0	0	0	0
AF	0	0.902249	30	19	11	0	0	0	0
AF	0	0.902561	23	14	9	0	0	0	0
AF	0	0.902873	47	32	15	0	0	0	0
AF	0	0.903186	25	14	11	0	0	0	0
AF	0	0.903498	34	20	14	0	0	0	0
AF	0	0.903810	20	15	5	0	0	0	0
AF	0	0.904122	40	29	11	0	0	0	0
AF	0	0.904435	27	12	15	0	0	0	0
AF	0	0.904747	40	26	14	0	0	0	0
AF	0	0.905059	19	15	4	0	0	0	0
AF	0	0.905372	42	29	13	0	0	0	0
AF	0	0.905684	20	10	10	0	0	0	0
AF	0	0.905996	33	19	14	0	0	0	0
AF	0	0.906309	24	14	10	0	0	0	0
AF	0	0.906621	36	31	5	0	0	0	0
AF	0	0.906933	28	21	7	0	0	0	0
AF	0	0.907245	43	28	15	0	0	0	0
AF	0	0.907558	10	9	1	0	0	0	0
AF	0	0.907870	29	19	10	0	0	0	0
AF	0	0.908182	18	13	5	0	0	0	0
AF	0	0.908495	31	22	9	0	0	0	0
AF	0	0.908807	16	12	4	0	0	0	0
AF	0	0.909119	39	26	13	0	0	0	0
AF	0	0.909432	19	9	10	0	0	0	0
AF	0	0.909744	28	18	10	0	0	0	0
AF	0	0.910056	13	8	5	0	0	0	0
AF	0	0.910369	22	18	4	0	0	0	0
AF	0	0.910681	14	10	4	0	0	0	0
AF	0	0.910993	41	28	13	0	0	0	0
AF	0	0.911305	22	12	10	0	0	0	0
AF	0	0.911618	36	24	12	0	0	0	0
AF	0	0.911930	15	9	6	0	0	0	0
AF	0	0.912242	32	25	7	0	0	0	0
AF	0	0.912555	27	22	5	0	0	0	0
AF	0	0.912867	72	55	17	0	0	0	0
AF	0	0.913179	16	12	4	0	0	0	0
AF	0	0.913492	44	28	16	0	0	0	0
AF	0	0.913804	13	10	3	0	0	0	0
AF	0	0.914116	28	20	8	0	0	0	0
AF	0	0.914428	16	9	7	0	0	0	0
AF	0	0.914741	34	22	12	0	0	0	0
AF	0	0.915053	14	8	6	0	0	0	0
AF	0	0.915365	35	25	10	0	0	0	0
AF	0	0.915678	17	11	6	0	0	0	0
AF	0	0.915990	22	9	13	0	0	0	0
AF	0	0.916302	16	14	2	0	0	0	0
AF	0	0.916615	34	16	18	0	0	0	0
AF	0	0.916927	22	12	10	0	0	0	0
AF	0	0.917239	60	36	24	0	0	0	0
AF	0	0.917552	26	18	8	0	0	0	0
AF	0	0.917864	45	29	16	0	0	0	0
AF	0	0.918176	31	25	6	0	0	0	0
AF	0	0.918488	32	27	5	0	0	0	0
AF	0	0.918801	18	13	5	0	0	0	0
AF	0	0.919113	18	13	5	0	0	0	0
AF	0	0.919425	19	14	5	0	0	0	0
AF	0	0.919738	34	26	8	0	0	0	0
AF	0	0.920050	14	8	6	0	0	0	0
AF	0	0.920362	48	32	16	0	0	0	0
AF	0	0.920675	31	17	14	0	0	0	0
AF	0	0.920987	62	36	26	0	0	0	0
AF	0	0.921299	17	11	6	0	0	0	0
AF	0	0.921611	21	14	7	0	0	0	0
AF	0	0.921924	18	14	4	0	0	0	0
AF	0	0.922236	29	22	7	0	0	0	0
AF	0	0.922548	11	5	6	0	0	0	0
AF	0	0.922861	33	18	15	0	0	0	0
AF	0	0.923173	17	11	6	0	0	0	0
AF	0	0.923485	30	22	8	0	0	0	0
AF	0	0.923798	18	13	5	0	0	0	0
AF	0	0.924110	22	18	4	0	0	0	0
AF	0	0.924422	12	8	4	0	0	0	0
AF	0	0.924735	24	15	9	0	0	0	0
AF	0	0.925047	9	8	1	0	0	0	0
AF	0	0.925359	17	11	6	0	0	0	0
AF	0	0.925671	12	10	2	0	0	0	0
AF	0	0.925984	14	7	7	0	0	0	0
AF	0	0.926296	8	4	4	0	0	0	0
AF	0	0.926608	29	16	13	0	0	0	0
AF	0	0.926921	12	7	5	0	0	0	0
AF	0	0.927233	27	17	10	0	0	0	0
AF	0	0.927545	7	5	2	0	0	0	0
AF	0	0.927858	22	13	9	0	0	0	0
AF	0	0.928170	15	9	6	0	0	0	0
AF	0	0.928482	36	23	13	0	0	0	0
AF	0	0.928795	11	11	0	0	0	0	0
AF	0	0.929107	27	15	12	0	0	0	0
AF	0	0.929419	18	13	5	0	0	0	0
AF	0	0.929731	28	20	8	0	0	0	0
AF	0	0.930044	19	12	7	0	0	0	0
AF	0	0.930356	38	24	14	0	0	0	0
AF	0	0.930668	16	9	7	0	0	0	0
AF	0	0.930981	26	16	10	0	0	0	0
AF	0	0.931293	15	8	7	0	0	0	0
AF	0	0.931605	18	8	10	0	0	0	0
AF	0	0.931918	18	12	6	0	0	0	0
AF	0	0.932230	19	12	7	0	0	0	0
AF	0	0.932542	12	10	2	0	0	0	0
AF	0	0.932854	45	32	13	0	0	0	0
AF	0	0.933167	18	13	5	0	0	0	0
AF	0	0.933479	27	17	10	0	0	0	0
AF	0	0.933791	18	14	4	0	0	0	0
AF	0	0.934104	52	34	18	0	0	0	0
AF	0	0.934416	12	7	5	0	0	0	0
AF	0	0.934728	27	19	8	0	0	0	0
AF	0	0.935041	11	7	4	0	0	0	0
AF	0	0.935353	19	15	4	0	0	0	0
AF	0	0.935665	17	15	2	0	0	0	0
AF	0	0.935978	38	25	13	0	0	0	0
AF	0	0.936290	11	6	5	0	0	0	0
AF	0	0.936602	11	7	4	0	0	0	0
AF	0	0.936914	11	5	6	0	0	0	0
AF	0	0.937227	13	8	5	0	0	0	0
AF	0	0.937539	11	6	5	0	0	0	0
AF	0	0.937851	25	17	8	0	0	0	0
AF	0	0.938164	9	6	3	0	0	0	0
AF	0	0.938476	22	16	6	0	0	0	0
AF	0	0.938788	8	7	1	0	0	0	0
AF	0	0.939101	25	15	10	0	0	0	0
AF	0	0.939413	31	21	10	0	0	0	0
AF	0	0.939725	26	19	7	0	0	0	0
AF	0	0.940037	10	8	2	0	0	0	0
AF	0	0.940350	25	15	10	0	0	0	0
AF	0	0.940662	14	7	7	0	0	0	0
AF	0	0.940974	35	22	13	0	0	0	0
AF	0	0.941287	35	24	11	0	0	0	0
AF	0	0.941599	25	20	5	0	0	0	0
AF	0	0.941911	13	6	7	0	0	0	0
AF	0	0.942224	36	24	12	0	0	0	0
AF	0	0.942536	17	14	3	0	0	0	0
AF	0	0.942848	41	28	13	0	0	0	0
AF	0	0.943161	15	8	7	0	0	0	0
AF	0	0.943473	26	11	15	0	0	0	0
AF	0	0.943785	9	4	5	0	0	0	0
AF	0	0.944097	28	17	11	0	0	0	0
AF	0	0.944410	15	13	2	0	0	0	0
AF	0	0.944722	20	10	10	0	0	0	0
AF	0	0.945034	23	11	12	0	0	0	0
AF	0	0.945347	49	39	10	0	0	0	0
AF	0	0.945659	24	14	10	0	0	0	0
AF	0	0.945971	50	36	14	0	0	0	0
AF	0	0.946284	19	17	2	0	0	0	0
AF	0	0.946596	27	19	8	0	0	0	0
AF	0	0.946908	19	13	6	0	0	0	0
AF	0	0.947220	37	26	11	0	0	0	0
AF	0	0.947533	13	11	2	0	0	0	0
AF	0	0.947845	28	20	8	0	0	0	0
AF	0	0.948157	18	11	7	0	0	0	0
AF	0	0.948470	27	18	9	0	0	0	0
AF	0	0.948782	8	5	3	0	0	0	0
AF	0	0.949094	35	27	8	0	0	0	0
AF	0	0.949407	17	13	4	0	0	0	0
AF	0	0.949719	32	18	14	0	0	0	0
AF	0	0.950031	14	12	2	0	0	0	0
AF	0	0.950344	28	21	7	0	0	0	0
AF	0	0.950656	12	6	6	0	0	0	0
AF	0	0.950968	33	24	9	0	0	0	0
AF	0	0.951280	23	10	13	0	0	0	0
AF	0	0.951593	25	16	9	0	0	0	0
AF	0	0.951905	10	5	5	0	0	0	0
AF	0	0.952217	26	18	8	0	0	0	0
AF	0	0.952530	15	9	6	0	0	0	0
AF	0	0.952842	57	36	21	0	0	0	0
AF	0	0.953154	13	7	6	0	0	0	0
AF	0	0.953467	39	23	16	0	0	0	0
AF	0	0.953779	11	6	5	0	0	0	0
AF	0	0.954091	33	25	8	0	0	0	0
AF	0	0.954403	23	15	8	0	0	0	0
AF	0	0.954716	34	22	12	0	0	0	0
AF	0	0.955028	14	9	5	0	0	0	0
AF	0	0.955340	39	30	9	0	0	0	0
AF	0	0.955653	21	10	11	0	0	0	0
AF	0	0.955965	36	23	13	0	0	0	0
AF	0	0.956277	16	10	6	0	0	0	0
AF	0	0.956590	24	17	7	0	0	0	0
AF	0	0.956902	10	5	5	0	0	0	0
AF	0	0.957214	37	21	16	0	0	0	0
AF	0	0.957527	14	9	5	0	0	0	0
AF	0	0.957839	44	32	12	0	0	0	0
AF	0	0.958151	12	8	4	0	0	0	0
AF	0	0.958463	18	12	6	0	0	0	0
AF	0	0.958776	15	12	3	0	0	0	0
AF	0	0.959088	33	19	14	0	0	0	0
AF	0	0.959400	17	15	2	0	0	0	0
AF	0	0.959713	27	19	8	0	0	0	0
AF	0	0.960025	17	13	4	0	0	0	0
AF	0	0.960337	22	10	12	0	0	0	0
AF	0	0.960650	21	12	9	0	0	0	0
AF	0	0.960962	27	16	11	0	0	0	0
AF	0	0.961274	19	13	6	0	0	0	0
AF	0	0.961587	29	20	9	0	0	0	0
AF	0	0.961899	19	12	7	0	0	0	0
AF	0	0.962211	34	25	9	0	0	0	0
AF	0	0.962523	11	9	2	0	0	0	0
AF	0	0.962836	33	20	13	0	0	0	0
AF	0	0.963148	18	10	8	0	0	0	0
AF	0	0.963460	44	26	18	0	0	0	0
AF	0	0.963773	28	14	14	0	0	0	0
AF	0	0.964085	30	20	10	0	0	0	0
AF	0	0.964397	13	9	4	0	0	0	0
AF	0	0.964710	28	18	10	0	0	0	0
AF	0	0.965022	22	12	10	0	0	0	0
AF	0	0.965334	46	34	12	0	0	0	0
AF	0	0.965646	14	9	5	0	0	0	0
AF	0	0.965959	40	18	22	0	0	0	0
AF	0	0.966271	16	10	6	0	0	0	0
AF	0	0.966583	44	28	16	0	0	0	0
AF	0	0.966896	13	10	3	0	0	0	0
AF	0	0.967208	48	31	17	0	0	0	0
AF	0	0.967520	26	17	9	0	0	0	0
AF	0	0.967833	44	31	13	0	0	0	0
AF	0	0.968145	12	6	6	0	0	0	0
AF	0	0.968457	46	25	21	0	0	0	0
AF	0	0.968770	21	13	8	0	0	0	0
AF	0	0.969082	49	35	14	0	0	0	0
AF	0	0.969394	19	15	4	0	0	0	0
AF	0	0.969706	65	52	13	0	0	0	0
AF	0	0.970019	23	16	7	0	0	0	0
AF	0	0.970331	60	35	25	0	0	0	0
AF	0	0.970643	25	14	11	0	0	0	0
AF	0	0.970956	42	26	16	0	0	0	0
AF	0	0.971268	36	28	8	0	0	0	0
AF	0	0.971580	37	22	15	0	0	0	0
AF	0	0.971893	21	16	5	0	0	0	0
AF	0	0.972205	23	18	5	0	0	0	0
AF	0	0.972517	12	7	5	0	0	0	0
AF	0	0.972829	53	41	12	0	0	0	0
AF	0	0.973142	15	10	5	0	0	0	0
AF	0	0.973454	64	44	20	0	0	0	0
AF	0	0.973766	22	15	7	0	0	0	0
AF	0	0.974079	49	38	11	0	0	0	0
AF	0	0.974391	24	14	10	0	0	0	0
AF	0	0.974703	91	72	19	0	0	0	0
AF	0	0.975016	13	7	6	0	0	0	0
AF	0	0.975328	62	35	27	0	0	0	0
AF	0	0.975640	26	19	7	0	0	0	0
AF	0	0.975953	60	43	17	0	0	0	0
AF	0	0.976265	24	20	4	0	0	0	0
AF	0	0.976577	56	40	16	0	0	0	0
AF	0	0.976889	25	20	5	0	0	0	0
AF	0	0.977202	32	19	13	0	0	0	0
AF	0	0.977514	18	12	6	0	0	0	0
AF	0	0.977826	46	34	12	0	0	0	0
AF	0	0.978139	16	12	4	0	0	0	0
AF	0	0.978451	39	28	11	0	0	0	0
AF	0	0.978763	15	10	5	0	0	0	0
AF	0	0.979076	76	46	30	0	0	0	0
AF	0	0.979388	47	30	17	0	0	0	0
AF	0	0.979700	51	32	19	0	0	0	0
AF	0	0.980012	35	25	10	0	0	0	0
AF	0	0.980325	81	55	26	0	0	0	0
AF	0	0.980637	24	17	7	0	0	0	0
AF	0	0.980949	63	41	22	0	0	0	0
AF	0	0.981262	28	18	10	0	0	0	0
AF	0	0.981574	57	41	16	0	0	0	0
AF	0	0.981886	25	15	10	0	0	0	0
AF	0	0.982199	63	36	27	0	0	0	0
AF	0	0.982511	45	30	15	0	0	0	0
AF	0	0.982823	63	42	21	0	0	0	0
AF	0	0.983136	29	20	9	0	0	0	0
AF	0	0.983448	54	37	17	0	0	0	0
AF	0	0.983760	35	22	13	0	0	0	0
AF	0	0.984072	73	53	20	0	0	0	0
AF	0	0.984385	46	31	15	0	0	0	0
AF	0	0.984697	66	51	15	0	0	0	0
AF	0	0.985009	36	24	12	0	0	0	0
AF	0	0.985322	65	44	21	0	0	0	0
AF	0	0.985634	20	13	7	0	0	0	0
AF	0	0.985946	60	44	16	0	0	0	0
AF	0	0.986259	39	22	17	0	0	0	0
AF	0	0.986571	69	51	18	0	0	0	0
AF	0	0.986883	27	17	10	0	0	0	0
AF	0	0.987196	66	43	23	0	0	0	0
AF	0	0.987508	18	10	8	0	0	0	0
AF	0	0.987820	60	45	15	0	0	0	0
AF	0	0.988132	36	25	11	0	0	0	0
AF	0	0.988445	70	45	25	0	0	0	0
AF	0	0.988757	39	31	8	0	0	0	0
AF	0	0.989069	47	31	16	0	0	0	0
AF	0	0.989382	41	26	15	0	0	0	0
AF	0	0.989694	58	36	22	0	0	0	0
AF	0	0.990006	35	26	9	0	0	0	0
AF	0	0.990319	84	58	26	0	0	0	0
AF	0	0.990631	41	30	11	0	0	0	0
AF	0	0.990943	75	55	20	0	0	0	0
AF	0	0.991255	31	17	14	0	0	0	0
AF	0	0.991568	70	40	30	0	0	0	0
AF	0	0.991880	30	23	7	0	0	0	0
AF	0	0.992192	82	50	32	0	0	0	0
AF	0	0.992505	25	16	9	0	0	0	0
AF	0	0.992817	56	36	20	0	0	0	0
AF	0	0.993129	30	18	12	0	0	0	0
AF	0	0.993442	73	46	27	0	0	0	0
AF	0	0.993754	46	34	12	0	0	0	0
AF	0	0.994066	137	94	43	0	0	0	0
AF	0	0.994379	56	38	18	0	0	0	0
AF	0	0.994691	109	73	36	0	0	0	0
AF	0	0.995003	40	29	11	0	0	0	0
AF	0	0.995315	91	65	26	0	0	0	0
AF	0	0.995628	99	58	41	0	0	0	0
AF	0	0.995940	158	99	59	0	0	0	0
AF	0	0.996252	62	48	14	0	0	0	0
AF	0	0.996565	121	81	40	0	0	0	0
AF	0	0.996877	51	36	15	0	0	0	0
AF	0	0.997189	144	93	51	0	0	0	0
AF	0	0.997502	74	55	19	0	0	0	0
AF	0	0.997814	155	108	47	0	0	0	0
AF	0	0.998126	54	31	23	0	0	0	0
AF	0	0.998438	144	93	51	0	0	0	0
AF	0	0.998751	76	57	19	0	0	0	0
AF	0	0.999063	184	106	78	0	0	0	0
AF	0	0.999375	5	5	0	0	0	0	0
# QUAL, Stats by quality
# QUAL	[2]id	[3]Quality	[4]number of SNPs	[5]number of transitions (1st ALT)	[6]number of transversions (1st ALT)	[7]number of indels
QUAL	0	.	1607187	1077301	529886	0
# IDD, InDel distribution:
# IDD	[2]id	[3]length (deletions negative)	[4]number of sites	[5]number of genotypes	[6]mean VAF
# ST, Substitution types:
# ST	[2]id	[3]type	[4]count
ST	0	A>C	58990
ST	0	A>G	218300
ST	0	A>T	60540
ST	0	C>A	81701
ST	0	C>G	65562
ST	0	C>T	316928
ST	0	G>A	322432
ST	0	G>C	65381
ST	0	G>T	77474
ST	0	T>A	62665
ST	0	T>C	219641
ST	0	T>G	57573
# DP, depth:
#   - set id, see above
#   - the depth bin, corresponds to the depth (unless --depth was given)
#   - number of genotypes with this depth (zero unless -s/-S was given)
#   - fraction of genotypes with this depth (zero unless -s/-S was given)
#   - number of sites with this depth
#   - fraction of sites with this depth
# DP, Depth distribution
# DP	[2]id	[3]bin	[4]number of genotypes	[5]fraction of genotypes (%)	[6]number of sites	[7]fraction of sites (%)
